ticker,name,sector,industry,close,velocity,acceleration,rsi,region
A,"Agilent Technologies, Inc.",Healthcare,Diagnostics & Research,138.57000732421875,5.408489462370883,0.1810818736101902,61.40632057976002,US
AAAD,PGIM AAA CLO Aggregate Duration ETF,EQUITY,EQUITY,49.78799819946289,-0.6624116909361436,0.0010176275287944,41.45236288358536,US
AAEQ,Alpha Architect US Equity 2 ETF,ETF,ETF,52.60689926147461,-0.8034651574852849,-0.0251678420581415,44.44008245104005,US
AALG,Leverage Shares 2X Long AAL Daily ETF,ETF,ETF,12.762100219726562,-8.370908908151813,0.0730532269778219,38.453386675784586,US
AAOG,Leverage Shares 2X Long AAOI Daily ETF,ETF,ETF,2.811599969863892,-8.11764632550993,-0.0191697258522416,36.17245545394753,US
AAPL,Apple Inc.,Technology,Consumer Electronics,333.0199890136719,-0.2157371731800828,0.112817818013819,65.23905796502223,US
AAPR,Innovator Equity Defined Protection ETF - 2 Yr To April 2028,ETF,ETF,29.434999465942383,-0.2372468965099947,-0.0024674315780893,45.7344710591848,US
AAPY,Kurv Yield Premium Strategy Apple ETF,ETF,ETF,28.13010025024414,-0.1775423271371866,0.0144345267985258,64.53207200272568,US
AAT,"American Assets Trust, Inc.",Real Estate,REIT - Diversified,24.299999237060547,-4.743241791316621,-0.0183553348363644,44.68523991055349,US
AAUS,Alpha Architect US Equity ETF,ETF,ETF,59.12630081176758,-0.7598277325981605,-0.0176117655514867,44.98383436279996,US
AAVM,Alpha Architect Global Factor Equity ETF,ETF,ETF,33.40610122680664,0.7330550328458761,0.0039148461624781,47.401040842858265,US
AAXJ,iShares MSCI All Country Asia ex Japan ETF,ETF,ETF,109.86000061035156,0.0455359738361994,-0.0737808138556619,41.24798165795218,US
ABBV,AbbVie Inc.,Healthcare,Drug Manufacturers - General,259.3599853515625,1.9136232281346908,0.1944555315686367,67.20616043870282,US
ABCB,Ameris Bancorp,Financial Services,Banks - Regional,87.7300033569336,-4.961536477945421,-0.1558964302864264,43.75731731588544,US
ABFL,Abacus FCF Leaders ETF,ETF,ETF,82.61239624023438,0.4528190492924395,-0.012630038660479,48.42833291298401,US
ABI,VictoryShares Pioneer Asset-Based Inc ETF,ETF,ETF,24.799999237060547,-0.040307251499798,0.0004104510740372,63.28498335613766,US
ABIG,Argent Large Cap ETF,ETF,ETF,34.099700927734375,-0.3457174062599253,-0.0071195359486675,47.52892835349605,US
ABLD,Abacus FCF ETF Trust - Abacus FCF Real Assets Leaders ETF,ETF,ETF,30.87929916381836,2.1884265762625423,0.0056027632959822,62.39907111475375,US
ABLG,ABLG,N/A,N/A,30.595800399780277,0.1400874023032391,-0.0054088670363858,41.49093336052221,US
ABNB,"Airbnb, Inc.",Consumer Cyclical,Travel Services,141.10000610351562,-3.342916678208143,0.0564966341673873,46.90440289166198,US
ABOT,Abacus FCF ETF Trust - Abacus FCF Innovation Leaders ETF,ETF,ETF,39.44409942626953,-2.4554265688469505,-0.0112372998497955,49.79049975614764,US
ABSI,Absci Corporation,Healthcare,Biotechnology,7.559999942779541,-8.860761021750212,0.000346921923207,37.78016928762172,US
ABT,Abbott Laboratories,Healthcare,Medical Devices,103.05999755859376,2.3639225727094257,0.0622412676351675,68.29020464321563,US
ABTC,American Bitcoin Corp,Financial Services,Capital Markets,5.71999979019165,5.147053860772492,0.0132302015122582,28.107893019386097,US
ABUF,Aptus Laddered Buffer ETF,ETF,ETF,27.035999298095703,-0.1993387013215975,-0.0048155140496326,49.43100610885779,US
ABUS,Arbutus Biopharma Corporation,Healthcare,Biotechnology,4.380000114440918,-3.9473647060816495,0.0007936679610315,43.45683840772711,US
ABX,"Abacus Global Management, Inc.",Financial Services,Insurance - Life,10.380000114440918,0.1930546180161419,0.0211401119196764,49.23454194873569,US
ACA,"Arcosa, Inc.",Industrials,Engineering & Construction,145.0,-0.0068922882660107,0.0090836490669361,67.5960331288133,US
ACAD,ACADIA Pharmaceuticals Inc.,Healthcare,Biotechnology,24.84000015258789,-2.968750849831837,-0.0146178077744435,52.38268786157294,US
ACCO,ACCO,N/A,N/A,4.0,-1.960782480441495,0.0005654968388056,50.40298795369308,US
ACGL,Arch Capital Group Ltd.,Financial Services,Insurance - Diversified,103.36000061035156,1.9832285806533156,0.1952881042544469,61.751385773145046,US
ACGO,Hartford Alpha Capture Growth ETF,ETF,ETF,36.709999084472656,-2.237017762063866,-0.0432124060839532,39.78565800525307,US
ACGP,"Associated Capital Group, Inc.",Financial Services,Asset Management,33.5,-1.4705882352941175,0.0043066854329774,15.823612210074586,US
ACHV,"Achieve Life Sciences, Inc.",Healthcare,Biotechnology,6.099999904632568,-2.711324989012592,-0.0116694702007011,51.77053700041538,US
ACI,"Albertsons Companies, Inc.",Consumer Defensive,Grocery Stores,11.029999732971191,-27.001985548709563,-0.1616806320410166,21.562564045301883,US
ACIC,American Coastal Insurance Corporation,Financial Services,Insurance - Property & Casualty,10.279999732971191,0.29268032167016,0.0290441005050031,42.56709211555144,US
ACIW,"ACI Worldwide, Inc.",Technology,Software - Infrastructure,56.310001373291016,-3.030821992048455,-0.004489677941518,62.69418658201213,US
ACLO,TCW AAA CLO ETF,ETF,ETF,50.42499923706055,0.0198320367978486,-0.0017587773374428,76.08491075114625,US
ACLS,"Axcelis Technologies, Inc.",Technology,Semiconductor Equipment & Materials,134.10000610351562,-1.70062461264408,-0.1008982507746854,41.45734305906564,US
ACMR,"ACM Research, Inc.",Technology,Semiconductor Equipment & Materials,84.31999969482422,0.4766462519143944,0.002909815103854,44.124022665961945,US
ACN,Accenture plc,Technology,Information Technology Services,146.99000549316406,2.3821118579607363,0.246645533640466,53.83195617851475,US
ACNB,ACNB Corporation,Financial Services,Banks - Regional,62.09999847412109,2.7295247152308018,0.0128964016289929,61.72027592538547,US
ACP,Abrdn Income Credit Strategies Fund,Financial Services,Asset Management,5.099999904632568,0.3135232849752022,-0.0059802799819628,45.44437775152804,US
ACRS,"Aclaris Therapeutics, Inc.",Healthcare,Biotechnology,5.230000019073486,-7.922532092694795,-0.0255671868474579,48.80399249935297,US
ACSG,American Century Small Cap Growth Insights ETF,ETF,ETF,47.73350143432617,-1.7182081730720142,-0.0257293837070148,43.96556427498255,US
ACT,"Enact Holdings, Inc.",Financial Services,Insurance - Specialty,46.7599983215332,0.5159025395698986,0.0390957437180254,64.001912036097,US
ACTG,Acacia Research Corporation,Industrials,Business Equipment & Supplies,4.659999847412109,2.6431693076513456,0.004899354183822,56.97105521399282,US
ACVA,ACV Auctions Inc.,Consumer Cyclical,Auto & Truck Dealerships,7.730000019073486,3.758392174186762,-0.0022528961330245,62.38706045817502,US
ACVF,American Conservative Values ETF,ETF,ETF,53.300899505615234,-0.1481857641761058,-0.0010059346039461,45.86210117268303,US
ACVT,Advent Convertible Bond ETF,ETF,ETF,27.902999877929688,-0.9020837226958776,-0.0119259864661407,46.5375766436482,US
ACVU,Hartford Funds Exchange-Traded Trust - Hartford Alpha Capture Value ETF,ETF,ETF,31.360300064086918,-0.1677650735218443,0.0072350128019968,56.75347451411601,US
ACWV,iShares MSCI Global Min Vol Factor ETF,ETF,ETF,122.19000244140624,0.3861331054794497,0.044948532062134,56.70288632851804,US
ACWX,iShares MSCI ACWI ex U.S. ETF,ETF,ETF,74.0999984741211,0.1216002368503765,-0.0131775072457199,45.41295276907813,US
ACYN,FT Vest Laddered Autocallable Barrier & Income ETF,EQUITY,EQUITY,20.540000915527344,-0.3879724561108645,-0.0054507719452859,46.64632168926028,US
ADAM,"Adamas Trust, Inc.",Real Estate,REIT - Mortgage,8.649999618530273,-3.674832299867506,-0.0008312709962998,39.8199150826876,US
ADBE,Adobe Inc.,Technology,Software - Application,225.1100006103516,-5.116964969293336,0.0284146130165953,51.42544580023984,US
ADBG,Leverage Shares 2X Long ADBE Daily ETF,ETF,ETF,3.5199999809265137,-10.659900258738617,-0.0006348840633978,49.553108419561504,US
ADBU,Direxion Daily Adbe Bull 2X ETF,EQUITY,EQUITY,19.780000686645508,-11.021137678999482,-0.0024915504473324,49.61909214929297,US
ADDS,Hedgeye Index Adds ETF,EQUITY,EQUITY,24.71540069580078,-0.1801273532664616,0.0064316833024184,42.536161797744505,US
ADI,"Analog Devices, Inc.",Technology,Semiconductors,371.8599853515625,-0.9324382290568072,-0.3835302904337361,41.50161957127884,US
ADIV,Guinness Atkinson Asia Pacific Dividend Builder ETF,ETF,ETF,19.20499992370605,1.084264268822606,-0.0041099342587822,57.12810479338359,US
ADM,Archer-Daniels-Midland Company,Consumer Defensive,Farm Products,85.91999816894531,0.0232789787091935,-0.1474352947224462,67.49126040142121,US
ADMA,"ADMA Biologics, Inc.",Healthcare,Biotechnology,8.270000457763672,-5.05165991338973,-0.0102613614127337,38.318763362143976,US
ADNT,Adient plc,Consumer Cyclical,Auto Parts,20.399999618530277,3.0823581343259128,0.0021368467576011,52.118930070864224,US
ADP,"Automatic Data Processing, Inc.",Technology,Software - Application,250.08999633789065,-2.0292270332872566,0.0603366210579086,60.33781626845107,US
ADPV,Adaptiv Select ETF,ETF,ETF,45.79999923706055,1.1707505498953044,-0.0078354835977878,46.888722142809975,US
ADSE,ADS-TEC Energy PLC,Industrials,Electrical Equipment & Parts,12.010000228881836,0.0833352406819661,-0.0025598330306347,52.35819734366334,US
ADSK,"Autodesk, Inc.",Technology,Software - Application,209.75,-3.9386333240762648,-0.0866653307051041,49.91196851149947,US
ADT,ADT Inc.,Industrials,Security & Protection Services,7.039999961853027,0.5714280264718192,0.0054930447220238,59.43536926433318,US
ADUS,Addus HomeCare Corporation,Healthcare,Medical Care Facilities,114.5500030517578,0.0262018944909067,0.0075704454791818,71.26096568443012,US
ADV,Advantage Solutions Inc.,Communication Services,Advertising Agencies,36.43999862670898,-4.657254152650166,0.0956610193307342,44.95324799865456,US
AEE,Ameren Corporation,Utilities,Utilities - Regulated Electric,113.77999877929688,1.999099656236112,0.1418053640509998,55.31359038115087,US
AEP,"American Electric Power Company, Inc.",Utilities,Utilities - Regulated Electric,135.5399932861328,2.5730239989320927,0.2068773960079997,55.79915875839957,US
AER,AerCap Holdings N.V.,Industrials,Rental & Leasing Services,151.3000030517578,2.9461807138127285,0.1105417726282746,57.53397245748011,US
AESI,Atlas Energy Solutions Inc.,Energy,Oil & Gas Equipment & Services,11.960000038146973,-14.996444224895251,-0.0994112234547143,29.42922260172097,US
AESR,Anfield U.S. Equity Sector Rotation ETF,ETF,ETF,19.549999237060547,-0.4683889643345619,-0.0121284260314671,42.82739665131631,US
AETH,Bitwise Trendwise Ethereum & Treasuries Rotation Strategy ETF,ETF,ETF,30.496000289916992,-0.2388038654866549,-0.0607652693507944,48.59979229465958,US
AEVA,"Aeva Technologies, Inc.",Technology,Software - Infrastructure,14.850000381469728,-11.13105209402008,-0.0054327046947735,35.175743093704824,US
AEXA,American Exceptionalism Acquisi,Financial Services,Shell Companies,11.699999809265137,0.6884675085537283,0.0074288362169537,54.437623542818415,US
AFGR,First Trust Active Factor Large Cap Growth ETF,EQUITY,EQUITY,35.48600006103516,-2.0373205120860534,-0.0327545583392767,40.02445864086008,US
AFIF,Anfield Universal Fixed Income ETF,ETF,ETF,9.364999771118164,-0.4782154837794286,-0.0018949773544844,41.571195010612826,US
AFIX,Allspring Broad Market Core Bond ETF,ETF,ETF,24.38500022888184,-1.2153098786753165,-0.0061159970391428,32.71346647108754,US
AFL,Aflac Incorporated,Financial Services,Insurance - Life,125.5999984741211,0.7055782912162866,0.0526133675531952,66.6754936560591,US
AFLG,First Trust Active Factor Large Cap ETF,ETF,ETF,43.459999084472656,-0.1149143621910969,-0.0136387310064107,50.684757315582544,US
AFMC,First Trust Active Factor Mid Cap ETF,ETF,ETF,40.540000915527344,0.3713828376965764,0.0061214342607246,54.40960265849005,US
AFRM,"Affirm Holdings, Inc.",Financial Services,Credit Services,70.2300033569336,-7.67713469346573,-0.1051848390670828,37.54788861741715,US
AFRU,T-REX 2X Long AFRM Daily Target ETF,ETF,ETF,9.558099746704102,-15.340125961033827,-0.025318677677443,36.450745813276114,US
AFYA,Afya Limited,Consumer Defensive,Education & Training Services,13.899999618530272,0.0,0.013984853130837,41.27066035560652,US
AGCC,Agencia Comercial Spirits Ltd,Consumer Defensive,Beverages - Wineries & Distilleries,14.90999984741211,-3.8064525973412295,-0.0238016139029121,46.96873649672439,US
AGGA,EA Astoria Beacon Dynamic Core US Fixed Income ETF,ETF,ETF,24.905000686645508,-0.4596313709597867,-0.0007166233365694,40.52623693341677,US
AGGH,Simplify Aggregate Bond ETF,ETF,ETF,19.905000686645508,-0.9208534820172818,-0.000867731434589,36.78093201379559,US
AGGY,WisdomTree Yield Enhanced U.S. Aggregate Bond Fund,ETF,ETF,42.790000915527344,-0.9605390532099256,-0.0003234503504397,34.29143689630449,US
AGIX,KraneShares Artificial Intelligence and Technology Public and Private ETF,ETF,ETF,41.75,-1.90319865402857,-0.0483561275664672,38.11232998767066,US
AGL,"agilon health, inc.",Healthcare,Medical Care Facilities,98.0,-24.522487088671383,-1.0823233363135634,40.69581570708713,US
AGM,Federal Agricultural Mortgage Corporation,Financial Services,Credit Services,209.50999450683597,1.9513355264408456,0.0867953284621725,67.65150155350474,US
AGMB,AgomAb Therapeutics NV,Healthcare,Biotechnology,12.510000228881836,3.9036567152652446,0.0327532636760029,51.48738919606741,US
AGNG,Global X Aging Population ETF,ETF,ETF,36.89690017700195,0.5091285676668704,0.0251938170415284,60.02545780969672,US
AGNT,"AGNT, Inc",Real Estate,Real Estate Services,4.045000076293945,-11.681219570396784,0.0006738721342001,36.36887684843192,US
AGQI,First Trust Active Global Quality Income ETF,ETF,ETF,17.960500717163086,-0.0194833255647775,-0.0019424745545358,46.900548996075216,US
AGRH,iShares Interest Rate Hedged U.S. Aggregate Bond ETF,ETF,ETF,26.22010040283203,-0.0758360078494956,-0.0013824658399125,48.9673316848575,US
AGRO,Adecoagro S.A.,Consumer Defensive,Farm Products,10.579999923706056,5.064550589251417,-0.0345144046847572,51.1994338816606,US
AGZ,iShares Agency Bond ETF,ETF,ETF,108.45999908447266,-0.257493824533324,0.0026291771856333,44.086871345821976,US
AHCO,AdaptHealth Corp.,Healthcare,Medical Devices,10.760000228881836,-1.8248157716151887,-0.0134186295208222,54.7230214567807,US
AHG,Akso Health Group,Healthcare,Medical Distribution,1.5099999904632568,0.0,-0.0007248145282769,50.17230383240152,US
AHRT,AH REALTY TRUST INC,Real Estate,REIT - Diversified,7.03000020980835,-0.2836876650414524,0.0021900766954759,54.98782783952758,US
AHYB,American Century Select High Yield ETF,ETF,ETF,45.84000015258789,-0.5812473897437697,-0.0051787509816598,40.06181716769781,US
AI,"C3.ai, Inc.",Technology,Software - Infrastructure,8.149999618530273,-7.596373009934648,-0.0019027724892206,31.1481164092135,US
AIA,iShares Asia 50 ETF,ETF,ETF,131.14999389648438,0.8225646143666049,-0.1287446321358236,43.1277650152717,US
AIBD,Direxion Daily AI And Big Data Bear 2X Shares,ETF,ETF,60.07320022583008,3.651326788248334,0.1492003929758521,60.90559542237983,US
AIBU,Direxion Daily AI And Big Data Bull 2X Shares,ETF,ETF,54.35910034179688,-3.533093498198664,-0.1299613410355832,37.24173736625982,US
AIG,"American International Group, Inc.",Financial Services,Insurance - Diversified,79.05999755859375,-1.7888229085791925,-0.0022719200600805,54.12582367231215,US
AIMS,Acuitas Small Cap Active ETF,ETF,ETF,27.95639991760254,-1.0042487812116432,-0.0059523964129254,45.457349548590805,US
AIN,Albany International Corp.,Consumer Cyclical,Textile Manufacturing,75.48999786376953,1.2744793890179504,0.0365217864921856,61.529609736887416,US
AINP,Allspring Income Plus ETF,ETF,ETF,24.670000076293945,-1.003210269801811,-0.00859447082432,28.69601982189449,US
AINT,FINQ DOLLAR NEUTRAL U.S. Large Cap AI-Managed Equity ETF,EQUITY,EQUITY,27.114999771118164,-3.608245360576032,-0.0540491979612876,36.16425961499555,US
AIOT,"PowerFleet, Inc.",Technology,Software - Infrastructure,3.7300000190734863,-11.820330915968103,-0.0177984491773303,37.030641996322935,US
AIP,"Arteris, Inc.",Technology,Semiconductors,30.26000022888184,-2.512888735951431,-0.0666334095587972,39.63018123580651,US
AIPO,Defiance AI & Power Infrastructure ETF,ETF,ETF,29.32999992370605,0.4452025937327922,-0.0231688110575655,40.44037176709419,US
AIQ,Global X Artificial Intelligence & Technology ETF,ETF,ETF,57.97999954223633,-1.2265778728195544,-0.0513496514875772,38.5969730114004,US
AIR,AAR Corp.,Industrials,Aerospace & Defense,129.0500030517578,-4.647549472684466,-0.0985682819543098,46.0909854560504,US
AIRR,First Trust RBA American Industrial RenaissanceTM ETF,ETF,ETF,121.12000274658205,0.0,-0.056897894448044,41.62771211721072,US
AIS,VistaShares Artificial Intelligence Supercycle ETF,ETF,ETF,67.27999877929688,1.4169467791624824,-0.0294693274715029,41.58089022265802,US
AIUP,FINQ FIRST U.S. Large Cap AI-Managed Equity ETF,ETF,ETF,26.20949935913086,-4.449511237572334,-0.0539758455875219,37.48670221703665,US
AIV,Apartment Investment and Management Company,Real Estate,REIT - Residential,2.640000104904175,-3.2967001296892264,0.0022894056022806,29.101229598614168,US
AIVI,WisdomTree International Al Enhanced Value Fund,ETF,ETF,57.29090118408203,-0.1552803805762107,-0.0018399089309988,56.37523260826852,US
AIYY,YieldMax AI Option Income Strategy ETF,ETF,ETF,7.175000190734863,-7.408425691695469,-0.0071746772267178,31.742127510686373,US
AJG,Arthur J. Gallagher & Co.,Financial Services,Insurance Brokers,247.7700042724609,-2.414332324294048,0.0407265294624448,56.617875246217054,US
AJUL,Innovator Equity Defined Protection ETF - 2 Yr to July 2028,ETF,ETF,29.92609977722168,-0.4454414208237424,-0.0048318505604403,40.00527320251676,US
AKAF,The Frontier Economic Fund,ETF,ETF,31.31599998474121,-1.139628312382725,-0.012178155030299,42.76875421579606,US
AKRE,Akre Focus ETF,ETF,ETF,54.66999816894531,-2.687793036717649,0.0191655513102851,49.73907472939517,US
AKTS,"Aktis Oncology, Inc.",Healthcare,Biotechnology,23.88999938964844,-4.017677880763197,0.0363966753150973,44.38006088017514,US
ALAB,"Astera Labs, Inc.",Technology,Semiconductors,291.5799865722656,-3.965486047872052,-0.4322407535592365,38.237053826648726,US
ALF,Centurion Acquisition Corp.,Financial Services,Shell Companies,10.880000114440918,0.0,-0.0003039145918912,52.360111560652655,US
ALG,Alamo Group Inc.,Industrials,Farm & Heavy Construction Machinery,165.35000610351562,1.7977058175227985,0.1507382496685518,56.04837073689193,US
ALH,Alliance Laundry Holdings Inc.,Consumer Cyclical,"Furnishings, Fixtures & Appliances",25.649999618530277,0.5882337981579351,0.0676063704153354,51.43927499678782,US
ALHC,"Alignment Healthcare, Inc.",Healthcare,Healthcare Plans,19.43000030517578,-5.679611915669637,-0.0428699183209958,43.04847001761264,US
ALIL,Argent Focused Small Cap ETF,ETF,ETF,31.25180053710937,0.0281679306827151,0.0039312033922569,46.7416121527292,US
ALK,"Alaska Air Group, Inc.",Industrials,Airlines,46.130001068115234,1.3623440330664105,0.1533365065362077,46.685348926991416,US
ALKT,"Alkami Technology, Inc.",Technology,Software - Application,16.790000915527344,-6.253483760060438,-0.0012762064160718,47.01471379042553,US
ALL,The Allstate Corporation,Financial Services,Insurance - Property & Casualty,259.9700012207031,4.029614874016376,0.3827801793075513,66.91852124630623,US
ALLO,"Allogene Therapeutics, Inc.",Healthcare,Biotechnology,1.7400000095367432,-2.793293485019055,-0.001888843882061,35.780304207664855,US
ALMR,"Alamar Biosciences, Inc.",Healthcare,Medical Devices,25.8799991607666,-0.2697556844500155,0.0426257071723932,54.040119027519125,US
ALNT,Allient Inc.,Technology,Electronic Components,86.77999877929688,-1.0151698508460734,-0.0067306683633536,46.94430248900957,US
ALNY,"Alnylam Pharmaceuticals, Inc.",Healthcare,Biotechnology,271.7699890136719,1.6076523622627164,0.6244159645243301,39.31058379595383,US
ALOY,REalloys Inc.,Basic Materials,Other Industrial Metals & Mining,7.025000095367432,-20.93415965784936,0.015503988146937,29.063619157131228,US
ALPIB,Alpine Banks of Colorado,Financial Services,Banks - Regional,49.25,0.4896916003031832,-0.0119476816044061,80.51519164589061,US
ALRG,Allspring LT Large Core ETF,ETF,ETF,30.030000686645508,-0.6122768989181613,-0.010230282223423,51.00104749741476,US
ALRS,Alerus Financial Corporation,Financial Services,Banks - Regional,32.70000076293945,1.710728494422711,0.0155026220740143,69.75162398601744,US
ALT,"Altimmune, Inc.",Healthcare,Biotechnology,2.7699999809265137,-3.484317373521016,-0.0014831589805395,41.09326649201066,US
ALTI,"AlTi Global, Inc.",Financial Services,Asset Management,3.4100000858306885,-1.4450853111279736,0.0035171035142094,49.09285346279047,US
ALTO,"Alto Ingredients, Inc.",Basic Materials,Specialty Chemicals,4.639999866485596,-20.547949567613223,-0.0247570685162731,39.143400200389536,US
ALVO,Alvotech,Healthcare,Drug Manufacturers - Specialty & Generic,3.059999942779541,-11.560696270444392,-0.0105679360258377,35.877194119793,US
ALX,"Alexander's, Inc.",Real Estate,REIT - Retail,273.94000244140625,-2.7305337883319973,-0.4563983754087779,51.57918911467137,US
AMAL,Amalgamated Financial Corp.,Financial Services,Banks - Regional,49.43999862670898,3.713028163942203,0.0839636452437995,67.20387095823892,US
AMAT,"Applied Materials, Inc.",Technology,Semiconductor Equipment & Materials,536.25,1.2441995222603868,-0.0427595694562867,45.46224693534936,US
AMAU,Leverage Shares 2X Long AMAT Daily ETF,ETF,ETF,18.71999931335449,1.794453152031145,0.0095701933888034,43.78228737504949,US
AMAX,Adaptive Hedged Multi-Asset Income ETF,ETF,ETF,7.489999771118164,0.0,0.0005726550281873,47.16974036488869,US
AMBQ,"Ambiq Micro, Inc.",Technology,Semiconductors,70.27999877929688,-2.968385360789884,-0.2051497361311118,41.28703600487263,US
AMBZ,American Business Bank,Financial Services,Banks - Regional,72.80000305175781,-0.8849474792250903,-0.0088023662240305,48.33232586386264,US
AMC,"AMC Entertainment Holdings, Inc.",Communication Services,Entertainment,2.2699999809265137,17.010304843952586,-0.0014615653601094,56.59295318572406,US
AMCR,Amcor plc,Consumer Cyclical,Packaging & Containers,44.540000915527344,1.3655036585587128,0.0900788622456796,59.723907469536925,US
AMCX,AMC Global Media Inc.,Communication Services,Entertainment,9.789999961853027,-6.673020252988255,-0.026008067523078,46.1374447145137,US
AMD,"Advanced Micro Devices, Inc.",Technology,Semiconductors,521.9500122070312,5.282798516521695,-0.6362906328550793,50.04472144155405,US
AMDD,Direxion Daily AMD Bear 1X Shares,ETF,ETF,28.559999465942383,-5.8668446858715,0.0219336710303166,46.31149518288985,US
AME,"AMETEK, Inc.",Industrials,Specialty Industrial Machinery,241.97000122070312,2.0970469285667197,0.1967523913733022,61.03519533823262,US
AMGN,Amgen Inc.,Healthcare,Drug Manufacturers - General,376.0400085449219,2.661825267560979,0.4508889543046095,64.21556328462248,US
AMKR,"Amkor Technology, Inc.",Technology,Semiconductor Equipment & Materials,64.95999908447266,3.2094065806135434,0.1451256093613282,42.71492437426625,US
AMLP,Alerian MLP ETF,ETF,ETF,54.9900016784668,1.776796077844396,-0.0172945275259134,67.36254289689109,US
AMLX,"Amylyx Pharmaceuticals, Inc.",Healthcare,Drug Manufacturers - Specialty & Generic,18.40999984741211,3.7183089995048415,0.043429772367166,58.49532461786341,US
AMN,"AMN Healthcare Services, Inc.",Healthcare,Medical Care Facilities,32.88999938964844,-6.028573172433036,-0.0616761164240912,51.51088357295454,US
AMOM,QRAFT AI-Enhanced U.S. Large Cap Momentum ETF,ETF,ETF,57.32939910888672,0.2507576729373095,-0.0314141294031873,43.89813357911125,US
AMP,"Ameriprise Financial, Inc.",Financial Services,Asset Management,528.9000244140625,0.1951293512423135,-0.3904802463482504,66.78140924388555,US
AMPU,Defiance Daily Target 2X Long AMPX ETF,ETF,ETF,2.259999990463257,-18.70503547762832,-0.0163612548621487,29.62001286308012,US
AMPX,"Amprius Technologies, Inc.",Industrials,Electrical Equipment & Parts,9.239999771118164,-9.05511899715512,-0.026938154453616,30.79137774887573,US
AMR,"Alpha Metallurgical Resources, Inc.",Basic Materials,Coking Coal,142.94000244140625,-0.5980532629349272,0.1455791967400923,33.8415342899943,US
AMRC,"Ameresco, Inc.",Industrials,Engineering & Construction,21.75,-5.884900798065679,-0.0585944017853359,33.538408140993965,US
AMRX,"Amneal Pharmaceuticals, Inc.",Healthcare,Drug Manufacturers - Specialty & Generic,17.920000076293945,0.3921551446961657,-0.0041367475147676,63.8424885526875,US
AMRZ,Amrize Ltd,Basic Materials,Building Materials,49.25,-0.9851259789541305,0.0711110814360772,43.36742593657845,US
AMSC,American Superconductor Corporation,Industrials,Specialty Industrial Machinery,30.520000457763672,-7.599147485002222,-0.1138074827973305,32.32829123440112,US
AMSF,"AMERISAFE, Inc.",Financial Services,Insurance - Specialty,30.40999984741211,-10.294989738577346,-0.0673306871375079,36.33476701577813,US
AMT,American Tower Corporation,Real Estate,REIT - Specialty,166.6699981689453,-1.993413758859088,0.1022800342299126,44.34517773908252,US
AMTD,AMTD IDEA Group,Financial Services,Asset Management,0.7980999946594238,-16.516734378625923,-0.0009334052156329,30.405771306761864,US
AMTM,"Amentum Holdings, Inc.",Industrials,Specialty Business Services,22.549999237060547,9.042547893080751,0.0601990067374544,60.33641752738629,US
AMUN,AMUN,N/A,N/A,26.049999237060547,0.0191943204145035,0.0004270276508844,61.2311503240368,US
AMZN,"Amazon.com, Inc.",Consumer Cyclical,Internet Retail,232.1100006103516,-6.115760780844149,-0.717051367728234,37.49403721800795,US
AMZP,Kurv Yield Premium Strategy Amazon ETF,ETF,ETF,24.63999938964844,-6.772610271884137,-0.085943965653306,36.73467727836202,US
AMZW,Roundhill AMZN WeeklyPay ETF,ETF,ETF,33.88079833984375,-7.581018873802717,-0.1289242467435827,36.75707151949419,US
AMZY,YieldMax AMZN Option Income Strategy ETF,ETF,ETF,10.140000343322754,-5.626233031791684,-0.0297380581767483,35.35045777596271,US
AN,"AutoNation, Inc.",Consumer Cyclical,Auto & Truck Dealerships,208.17999267578125,1.1957959559017142,0.0829400930370418,62.02040295034497,US
ANAB,"AnaptysBio, Inc.",Healthcare,Biotechnology,54.150001525878906,-6.637928403657058,0.1749770946319593,43.74552880392356,US
ANDG,Andersen Group Inc.,Consumer Cyclical,Personal Services,42.81999969482422,-3.6670439598153184,-0.0546803740135464,57.32850777910581,US
ANEL,Defiance Daily Target 2X Long ANET ETF,ETF,ETF,21.550899505615234,5.79724407329125,-0.0080412835865956,50.843851317839125,US
ANET,"Arista Networks, Inc.",Technology,Computer Hardware,173.99000549316406,3.190798210863776,-0.0456438342516487,52.848779753886426,US
ANEW,ProShares MSCI Transformational Changes ETF,ETF,ETF,50.40399932861328,-2.5162024105374026,-0.0404852778820274,41.15258869906279,US
ANF,Abercrombie & Fitch Co.,Consumer Cyclical,Apparel Retail,93.80999755859376,-1.501470324706686,-0.0213746014278579,54.82229832261197,US
ANGL,VanEck Fallen Angel High Yield Bond ETF,ETF,ETF,28.81999969482422,-0.7917368271146326,-0.0045331083556423,36.892178789697184,US
ANGO,"AngioDynamics, Inc.",Healthcare,Medical Instruments & Supplies,13.59000015258789,0.5921533852755229,-0.0201670911644878,55.55932744778784,US
ANGX,"Angel Studios, Inc.",Communication Services,Entertainment,4.050000190734863,-1.4598525749495752,-0.0175249797267728,60.22062461510742,US
ANIP,"ANI Pharmaceuticals, Inc.",Healthcare,Drug Manufacturers - Specialty & Generic,77.6500015258789,-1.9570650026365723,0.0256773103530684,39.91133003631669,US
ANL,Adlai Nortye Ltd.,Healthcare,Biotechnology,12.5,8.412838590576854,-0.0570141792690846,57.831748342644765,US
ANNX,"Annexon, Inc.",Healthcare,Biotechnology,5.21999979019165,-10.000006577064037,-0.0089188546948555,44.50861200607539,US
ANRO,"Alto Neuroscience, Inc.",Healthcare,Biotechnology,26.780000686645508,-2.759623106814568,-0.0289684165159018,55.129136842452965,US
ANSC,Agriculture & Natural Solutions Acquisition Corporation,Financial Services,Shell Companies,11.449999809265137,0.0874145913342846,-0.0001280123277513,65.05711651688094,US
ANV,Graniteshares Autocallable Nvda ETF,ETF,ETF,25.038799285888672,0.3961457486584128,-0.0060698876819205,56.016784563387816,US
AOA,iShares Core 80/20 Aggressive Allocation ETF,ETF,ETF,95.8000030517578,-0.7150946494847016,-0.0206073743609622,44.96101020374222,US
AOK,iShares Core 30/70 Conservative Allocation ETF,ETF,ETF,40.77000045776367,-0.6578958375742096,-0.0041931620643174,41.18456110925011,US
AON,Aon plc,Financial Services,Insurance Brokers,361.7000122070313,-1.500498182583065,0.0665477642861045,58.97373143086038,US
AOR,iShares Core 60/40 Balanced Allocation ETF,ETF,ETF,68.05999755859375,-0.5116300026007524,-0.0111041128853856,43.89603563474019,US
AOSL,Alpha and Omega Semiconductor Limited,Technology,Semiconductors,30.850000381469727,-1.3431406144724514,-0.0672514473220617,38.31331238125445,US
APC,ARKO Petroleum Corp.,Energy,Oil & Gas Refining & Marketing,20.82999992370605,0.2406122974417389,-0.0280183192819783,61.12909038072135,US
APCB,ActivePassive Core Bond ETF,ETF,ETF,28.979999542236328,-0.7194278450809519,-0.0001281896734361,36.385014549092965,US
APD,"Air Products and Chemicals, Inc.",Basic Materials,Specialty Chemicals,297.8699951171875,0.7611122512562357,0.0982108377637027,54.5479871885906,US
APDB,Aptus April Deep Buffer ETF,ETF,ETF,25.61540031433105,-0.2515575937579194,-0.0051664012250651,46.75524699161259,US
APH,Amphenol Corporation,Technology,Electronic Components,152.6699981689453,0.9722230491885038,-0.0689020424780042,45.55996305075573,US
APHU,T-Rex 2x Long Aph Daily Target ETF,ETF,ETF,22.8700008392334,1.7348812497274306,-0.0195718073897959,44.387273632708784,US
APIE,ActivePassive International Equity ETF,ETF,ETF,38.09529876708984,-0.3575530500068398,-0.0078355504558651,46.26003406443062,US
APLE,"Apple Hospitality REIT, Inc.",Real Estate,REIT - Hotel & Motel,16.770000457763672,-0.4156751436457768,-0.0046481090476945,57.70996895774924,US
APLX,Tradr 2X Long APLD Daily ETF,ETF,ETF,10.175000190734863,8.940043088924513,-0.0082390114522774,33.00218018178512,US
APLZ,Tradr 2X Short Apld Daily ETF,ETF,ETF,30.690000534057617,-15.197563695380335,0.0918783899642754,58.646404781470345,US
APMU,ActivePassive Intermediate Municipal Bond ETF,ETF,ETF,24.6299991607666,-0.8454146156654135,-0.000438906272467,30.06152607534121,US
APO,"Apollo Global Management, Inc.",Financial Services,Asset Management,122.61000061035156,1.7763753365685797,0.2534758450263306,50.94947758170326,US
APOC,Innovator Equity Defined Protection ETF - 6 Mo Apr/Oct,ETF,ETF,26.354999542236328,0.0189721468471672,-0.000326852312947,62.85798747417027,US
APP,AppLovin Corporation,Communication Services,Advertising Agencies,391.9800109863281,-7.66947682273589,0.0293265626816108,31.38066989425749,US
APPF,"AppFolio, Inc.",Technology,Software - Application,165.0500030517578,-8.167803385493496,-0.2180687908951015,46.73773451647452,US
APPN,Appian Corporation,Technology,Software - Infrastructure,23.75,-9.038684623453888,0.0019839827987935,48.857437484737325,US
APPS,"Digital Turbine, Inc.",Technology,Software - Application,8.449999809265137,1.3189407034136966,0.0488511543475805,43.25481763642707,US
APPX,Tradr 2X Long APP Daily ETF,ETF,ETF,22.230899810791016,-15.372109434431067,0.0387715849216832,31.56209340905397,US
APRB,Aptus April Buffer ETF,ETF,ETF,26.88999938964844,-0.0743235149649965,-0.0027640821596708,50.95504124354616,US
APRH,Innovator Premium Income 20 Barrier ETF - April,ETF,ETF,25.0049991607666,0.0800422250410249,-0.0005468722473178,55.966971736791926,US
APRJ,Innovator Premium Income 30 Barrier ETF - April,ETF,ETF,24.77519989013672,0.0048426668358392,-0.000810559274995,55.86335760888442,US
APRP,PGIM S&P 500 Buffer 12 ETF - Apr,ETF,ETF,32.518001556396484,-0.5352804356080096,-0.0109214994201512,50.42734783019434,US
APRW,AllianzIM U.S. Equity Buffer20 Apr ETF,ETF,ETF,37.145301818847656,-0.1201850215429368,-0.0033055072937267,51.85883526540322,US
APRZ,TrueShares Structured Outcome (April) ETF,ETF,ETF,39.44430160522461,-0.7091076925499712,-0.0135450106234108,44.48776651895232,US
APXM,APXM,N/A,N/A,31.700000762939453,-0.3144606179881694,-0.006142604574717,47.70140163032473,US
APXT,Apex Treasury Corporation,Financial Services,Shell Companies,10.12909984588623,0.487102406267911,0.0002998801989529,64.43751937595191,US
AQEC,AQE Core ETF,ETF,ETF,24.81999969482422,-1.119477866252771,0.0026445213462104,55.340266143521085,US
AQLT,iShares MSCI Global Quality Factor ETF,ETF,ETF,30.81789970397949,-0.6515175718948063,-0.0090426110463251,43.76605253195818,US
AQST,"Aquestive Therapeutics, Inc.",Healthcare,Drug Manufacturers - Specialty & Generic,3.680000066757202,-10.679607549119437,-0.0082105755008402,34.807701664535884,US
AQWA,Global X Clean Water ETF,ETF,ETF,18.97480010986328,-1.4040047679253846,0.0067321663969264,47.93146228822129,US
ARCO,Arcos Dorados Holdings Inc.,Consumer Cyclical,Restaurants,8.220000267028809,-0.1214978829124265,-0.0065528429176289,47.33761325828186,US
ARCX,Tradr 2X Long ACHR Daily ETF,ETF,ETF,10.100000381469728,9.842313395126316,-0.1201238057076583,41.34643530993811,US
ARDT,"Ardent Health, Inc.",Healthcare,Medical Care Facilities,10.640000343322754,4.827593529145697,0.0121995247377612,62.59723462792727,US
ARDX,"Ardelyx, Inc.",Healthcare,Biotechnology,5.03000020980835,-3.269223186391067,-0.0008403019508983,37.12718839769985,US
ARES,Ares Management Corporation,Financial Services,Asset Management,126.51000213623048,0.660408839146467,0.2837157387614715,57.69546593738515,US
ARGT,Global X MSCI Argentina ETF,ETF,ETF,93.13999938964844,1.2061291155871112,-0.1052888275355808,48.8177598563101,US
ARHS,"Arhaus, Inc.",Consumer Cyclical,Specialty Retail,7.909999847412109,2.8608555078628832,0.0420663306876362,54.91544115846253,US
ARI,"Apollo Commercial Real Estate Finance, Inc.",Real Estate,REIT - Mortgage,6.769999980926514,-3.0085965268356505,-0.0044283826899348,47.04326529516341,US
ARKF,ARK Blockchain & Fintech Innovation ETF,ETF,ETF,39.470001220703125,-2.926705930090465,-0.0846326481395002,43.01137221696327,US
ARKK,ARK Innovation ETF,ETF,ETF,71.88999938964844,-4.401592676754918,-0.1535527682461587,36.195191663428886,US
ARKO,Arko Corp.,Consumer Cyclical,Specialty Retail,7.929999828338623,-0.3768870560876709,-0.0030010981711778,51.59905671805685,US
ARKX,ARK Space & Defense Innovation ETF,ETF,ETF,30.3700008392334,0.2310283958265952,-0.0017006296091731,36.16184332076955,US
ARLI,AllianzIM International Equity Buffer15 Uncapped Apr ETF,ETF,ETF,25.959999084472656,-0.7645289147784085,-0.0120363465458708,46.25270359280365,US
ARLO,"Arlo Technologies, Inc.",Industrials,Building Products & Equipment,12.869999885559082,-3.30578903220116,-0.0014571922981306,47.5716383159391,US
ARLU,AllianzIM U.S. Equity Buffer15 Uncapped Apr ETF,ETF,ETF,31.537399291992188,-0.7821053658627912,-0.012160288059909,43.518934637745126,US
ARM,Arm Holdings plc,Technology,Semiconductors,260.010009765625,-2.6872235525937374,-0.318898431862614,38.23988523105872,US
ARMH,Arm Holdings PLC ADRhedged,ETF,ETF,11.068499565124512,-1.8750015323889533,-0.0074686146617033,38.53616340351615,US
ARMW,Roundhill ARM WeeklyPay ETF,ETF,ETF,46.53990173339844,-3.26356796349182,-0.0618551065859627,38.20563044769313,US
ARMY,Tema International Defense Innovation ETF,ETF,ETF,24.593900680541992,3.991125062311428,0.028928669512649,54.51469375702684,US
AROC,"Archrock, Inc.",Energy,Oil & Gas Equipment & Services,36.13999938964844,-2.692514853079716,-0.1107435488002076,42.35078815084206,US
AROW,Arrow Financial Corporation,Financial Services,Banks - Regional,39.45000076293945,-5.076998413449469,-0.0575463082917409,44.87293848090859,US
ARP,Pmv Adaptive Risk Parity ETF,ETF,ETF,32.60490036010742,-0.0064344576202638,-0.0234358778743125,48.64853684630828,US
ARQQ,Arqit Quantum Inc.,Technology,Software - Infrastructure,16.649999618530273,-4.420209267458782,0.0211286872405934,42.1909315882084,US
ARR,"ARMOUR Residential REIT, Inc.",Real Estate,REIT - Mortgage,16.270000457763672,-2.046960506286786,0.0011972603058593,42.00550763841969,US
ARTY,iShares Future AI & Tech ETF,ETF,ETF,66.70999908447266,1.9562872892048904,-0.0245156884766637,42.10267987924114,US
ARVN,"Arvinas, Inc.",Healthcare,Biotechnology,8.029999732971191,0.2496816918586695,-0.0091940326784054,44.59358372201692,US
ARVR,First Trust Indxx Metaverse ETF,ETF,ETF,52.731201171875,-2.061251536141708,-0.0256051291304357,37.80951932984581,US
AS,"Amer Sports, Inc.",Consumer Cyclical,Leisure,33.91999816894531,-6.915479014087057,-0.0367257859890642,45.1745252418871,US
ASAN,"Asana, Inc.",Technology,Software - Application,6.860000133514404,-10.793236898961185,-0.009189275337726,43.95014888223746,US
ASB,Associated Banc-Corp,Financial Services,Banks - Regional,30.809999465942383,-1.691131729626821,0.0064408719914876,55.0345818843824,US
ASC,Ardmore Shipping Corporation,Industrials,Marine Shipping,16.610000610351562,7.857149492168414,0.0149868037958307,55.090114779104994,US
ASCI,abrdn International Small Cap Active ETF,ETF,ETF,35.33430099487305,-0.6067461232534614,-0.0104056459510187,39.668661835805736,US
ASEA,Global X FTSE Southeast Asia ETF,ETF,ETF,20.899999618530277,0.0,-0.0175087719102938,63.36073033476603,US
ASEC,American Century Securitized Credit ETF,EQUITY,EQUITY,49.89239883422852,-0.2551012042530899,-0.0042526458392636,45.62436191939523,US
ASIA,Matthews Pacific Tiger Active ETF,ETF,ETF,39.930301666259766,0.1663236399087932,0.0008869578111858,39.51359970207791,US
ASIX,AdvanSix Inc.,Basic Materials,Chemicals,21.049999237060547,1.2505931220956283,-0.0388988853448742,51.19899827617032,US
ASLV,Allspring Special Large Value ETF,ETF,ETF,30.016700744628903,-0.774515587283821,0.0052620087898685,50.70616878537019,US
ASMB,"Assembly Biosciences, Inc.",Healthcare,Biotechnology,25.549999237060547,-4.699739850731647,0.0026280473128088,46.02201108743484,US
ASMF,Virtus AlphaSimplex Managed Fut,ETF,ETF,26.02039909362793,1.562834665412571,0.000641172522533,57.68403789642606,US
ASMH,ASML Holding NV ADRhedged,ETF,ETF,12.119999885559082,1.1686172677150184,-0.0043321769370254,49.49262593865283,US
ASPI,ASP Isotopes Inc.,Basic Materials,Chemicals,3.869999885559082,-0.1290352113785282,0.0147103280771648,30.87082216000005,US
ASPN,"Aspen Aerogels, Inc.",Industrials,Building Products & Equipment,4.670000076293945,-8.966862142011955,-0.0281079865836346,36.67895027413813,US
ASST,"Strive, Inc.",Financial Services,Asset Management,11.489999771118164,-3.1197293108754014,-0.0574252176154325,40.41225665419312,US
ASTE,"Astec Industries, Inc.",Industrials,Farm & Heavy Construction Machinery,56.400001525878906,2.3779295147260537,0.0850559399448962,52.29479902387258,US
ASTH,"Astrana Health, Inc.",Healthcare,Medical Care Facilities,40.310001373291016,-10.302619926352742,-0.1170390600721416,38.17240928920357,US
ASTL,Algoma Steel Group Inc.,Basic Materials,Steel,4.320000171661377,12.793740410343906,0.0142802750270787,57.32211326321332,US
ASTS,"AST SpaceMobile, Inc.",Technology,Communication Equipment,56.20000076293945,-2.7681634865752685,0.0001016473075337,35.87966116236177,US
ASTY,Defiance Daily Target 2X Long A,ETF,ETF,5.480000019073486,-7.118645245848748,0.0115212771163863,33.39204730350697,US
ATAI,AtaiBeckley Inc.,Healthcare,Biotechnology,7.179999828338623,-0.554016108246529,-0.0298106799533186,73.86248108971495,US
ATAT,Atour Lifestyle Holdings Limited,Consumer Cyclical,Lodging,31.950000762939453,-0.8687520424253995,0.0259015121147861,47.149775941299545,US
ATEC,"Alphatec Holdings, Inc.",Healthcare,Medical Devices,8.260000228881836,-3.278685412434551,0.0110160933199557,42.85553081345199,US
ATEX,Anterix Inc.,Communication Services,Telecom Services,94.0,-6.327851091854947,-0.5452871426018477,49.4529309792245,US
ATFV,Alger 35 ETF,ETF,ETF,36.97999954223633,-1.0965494894488268,-0.0549230262225292,39.41746527440294,US
ATHM,Autohome Inc.,Communication Services,Internet Content & Information,21.11000061035156,-1.9507666646497617,-0.0570459226935126,65.22723235456024,US
ATI,ATI Inc.,Industrials,Metal Fabrication,197.8000030517578,6.246981252187863,0.1679929265862338,58.07916125929886,US
ATLC,Atlanticus Holdings Corporation,Financial Services,Credit Services,99.4800033569336,-1.1918920784712173,0.2595354253059807,54.25115772663543,US
ATMU,Atmus Filtration Technologies Inc.,Consumer Cyclical,Auto Parts,53.560001373291016,4.283490531143111,0.0659467959592978,58.65014811066684,US
ATNI,"ATN International, Inc.",Communication Services,Telecom Services,23.450000762939453,1.2084621740333377,0.0292489752396897,41.14556553030348,US
ATO,Atmos Energy Corporation,Utilities,Utilities - Regulated Gas,179.22000122070312,0.8667315445763109,0.0547294421660913,57.37724508477012,US
ATR,"AptarGroup, Inc.",Healthcare,Medical Instruments & Supplies,132.36000061035156,-0.1885227349742466,0.1061662424467679,64.05990526336296,US
ATRC,"AtriCure, Inc.",Healthcare,Medical Instruments & Supplies,35.040000915527344,0.2575111605815061,0.0351281015689592,63.404763806840094,US
ATTR,Arin Tactical Tail Risk ETF,ETF,ETF,94.21929931640624,-0.3160228024606045,-0.0190360619919387,49.1707456694759,US
AU,AngloGold Ashanti plc,Basic Materials,Gold,79.66999816894531,3.7910317245045193,0.1166644117738204,46.29735781618256,US
AUAU,Global X Gold Miners ETF,EQUITY,EQUITY,32.34920120239258,5.723255291493093,0.0299642279827835,47.20386710957119,US
AUB,Atlantic Union Bankshares Corporation,Financial Services,Banks - Regional,42.22999954223633,-0.9847642874941795,-0.0164276422512502,55.99363888962729,US
AUGM,FT Vest U.S. Equity Max Buffer ETF - August,ETF,ETF,35.15999984741211,-0.028428552896632,-0.0030333357987273,62.202803813117015,US
AUGO,Aura Minerals Inc.,Basic Materials,Gold,54.810001373291016,9.139785027913678,0.1473413289925487,43.563886530427,US
AUGP,PGIM S&P 500 Buffer 12 ETF - Aug,ETF,ETF,33.27519989013672,0.4079677217209373,-0.0011142434218487,59.525252335219086,US
AUGT,AllianzIM U.S. Equity Buffer10 Aug ETF,ETF,ETF,38.29019927978516,0.1050961563010621,-0.002570773468397,59.830444980775326,US
AUMI,Themes Gold Miners ETF,ETF,ETF,77.95960235595703,5.271149688028888,0.0699727334832776,47.7708250913072,US
AUPH,Aurinia Pharmaceuticals Inc.,Healthcare,Biotechnology,15.350000381469728,-3.8220529775642142,0.0120005042463261,42.85662430759659,US
AURA,"Aura Biosciences, Inc.",Healthcare,Biotechnology,7.050000190734863,0.8583751299193702,-0.0017211449293543,51.26518495309901,US
AUSF,Global X Adaptive U.S. Factor ETF,ETF,ETF,51.22999954223633,0.9657032864811238,0.029563606493466,64.78525148143446,US
AUSM,Allspring Ultra Short Municipal ETF,ETF,ETF,24.997299194335938,-0.3694737253414944,-0.0054035204356258,29.78373538189136,US
AUTL,Autolus Therapeutics plc,Healthcare,Biotechnology,1.4500000476837158,0.6944437545758981,0.000831778046619,44.061835136630265,US
AVAH,Aveanna Healthcare Holdings Inc.,Healthcare,Medical Care Facilities,9.449999809265137,-2.476777930971495,-0.0036269872338906,58.86105351756575,US
AVAV,"AeroVironment, Inc.",Industrials,Aerospace & Defense,149.50999450683594,5.140645369531502,-0.027031992241171,46.379664818816245,US
AVB,"AvalonBay Communities, Inc.",Real Estate,REIT - Residential,189.6100006103516,-1.5166458149166653,-0.1111977185951382,50.685831613307,US
AVBC,"Avidia Bancorp, Inc.",Financial Services,Banks - Regional,21.540000915527344,6.056137281773625,0.0833740860479429,62.65102218000239,US
AVBP,"ArriVent BioPharma, Inc.",Healthcare,Biotechnology,31.729999542236328,-4.398912759513498,0.1306607439612783,49.35001916399522,US
AVDE,Avantis International Equity ETF,ETF,ETF,89.80999755859375,0.5373286887946719,0.0053640351522359,51.166696226841296,US
AVDV,Avantis International Small Cap Value ETF,ETF,ETF,104.12000274658205,1.5210659371330737,0.0298421730054951,49.33548855155827,US
AVEM,Avantis Emerging Markets Equity ETF,ETF,ETF,89.29000091552734,0.033608311202021,-0.0456753551585132,40.83296054126397,US
AVEX,AEVEX Corp.,Industrials,Aerospace & Defense,14.289999961853027,-1.4482761251515357,0.0030432650760954,38.46540452165693,US
AVGB,Avantis Credit ETF,ETF,ETF,50.7661018371582,-0.5171407964950534,-0.000996560567611,38.4280615352818,US
AVGE,Avantis All Equity Markets ETF,ETF,ETF,98.37999725341795,0.1221200026243998,-0.0132343632812008,49.34510859143134,US
AVGO,Broadcom Inc.,Technology,Semiconductors,381.9200134277344,2.9905960297273797,-0.6118312301387681,47.86747044614925,US
AVK,Advent Convertible and Income Fund,Financial Services,Asset Management,12.31999969482422,-1.9108337322794828,-0.0121968394282039,37.5332453654578,US
AVL,Direxion Daily AVGO Bull 2X Shares,ETF,ETF,44.18000030517578,5.4667007612638745,-0.1497008860782585,46.28447982507031,US
AVLN,Avalyn Pharma Inc.,Healthcare,Biotechnology,27.950000762939453,-1.2367437581508829,-0.0499280411963757,46.99119941451095,US
AVLV,Avantis US Large Cap Value ETF,ETF,ETF,92.11000061035156,0.5019084307846605,0.006768609116626,58.40298452551836,US
AVMA,Avantis Moderate Allocation ETF,ETF,ETF,72.26860046386719,-0.2214587923796434,-0.0065620902867289,47.81206231196606,US
AVMU,Avantis Core Municipal Fixed Income ETF,ETF,ETF,45.290000915527344,-1.3504659855051475,-0.0065089432823743,19.690313676819827,US
AVMV,Avantis U.S. Mid Cap Value ETF,ETF,ETF,81.11000061035156,0.2719757972099562,0.0197582653075217,57.59817772148799,US
AVNM,Avantis All International Markets Equity ETF,ETF,ETF,81.30999755859375,0.4137068117138885,-0.0049440705127154,46.695252247960966,US
AVNS,AVNS,N/A,N/A,24.989999771118164,0.0800979507955981,0.0014564491163046,62.101009249622166,US
AVNV,Avantis All International Markets Value ETF,ETF,ETF,82.41429901123047,0.602167217118171,0.0017989337995163,48.21276797366398,US
AVR,Anteris Technologies Global Corp.,Healthcare,Medical Instruments & Supplies,8.130000114440918,-3.786978722453342,0.0154509108903838,37.030545908716846,US
AVRE,Avantis Real Estate ETF,ETF,ETF,49.380001068115234,0.9196827307026448,0.0324530539397521,65.51205294095413,US
AVRY,Avory Foundational ETF,ETF,ETF,23.8838005065918,-5.328207151302157,-0.0286137438146879,44.23616006100516,US
AVSC,Avantis US Small Cap Equity ETF,ETF,ETF,72.29000091552734,-0.8231560970575387,-0.0175789490347276,52.86664491297987,US
AVSD,AVSD,N/A,N/A,79.55999755859375,-0.0502524074046917,0.0030284594878207,49.18503825057882,US
AVSE,Avantis Responsible Emerging Markets Equity ETF,ETF,ETF,74.97599792480469,-0.1385241125646613,-0.033191761996431,40.34223620492513,US
AVSF,Avantis Short-Term Fixed Income ETF,ETF,ETF,46.27999877929688,-0.3230702668381952,-0.0013289373372889,43.2041126313671,US
AVSU,AVSU,N/A,N/A,86.68240356445312,-0.5798962644599981,-0.0276541069723712,46.508575770158366,US
AVT,"Avnet, Inc.",Technology,Electronics & Computer Distribution,89.41999816894531,4.401630561474435,0.006684378002807,56.367366627952585,US
AVTM,Avantis Total Equity Markets ETF,ETF,ETF,53.53279876708984,-0.4226182320254205,-0.0128208583375934,46.04728086157399,US
AVTR,"Avantor, Inc.",Healthcare,Medical Instruments & Supplies,11.4399995803833,3.34236581534935,0.0090876683906189,65.80365792095346,US
AVUQ,Avantis U.S. Quality ETF,ETF,ETF,64.61740112304688,-1.4137031815800358,-0.0616855439933884,43.05315708761728,US
AVUS,Avantis US Equity ETF,ETF,ETF,126.91000366210938,-0.165197514109008,-0.0307402077393796,48.68383936091428,US
AVUV,Avantis US Small Cap Value ETF,ETF,ETF,125.27999877929688,-0.0558433950349591,-0.0249704951381741,57.25518995885798,US
AVXX,Defiance Daily Target 2X Long AVAV ETF,ETF,ETF,5.260000228881836,9.128631567429965,-0.0024526477109991,43.73379316673911,US
AWAY,Amplify Travel Tech ETF,ETF,ETF,17.790000915527344,-3.1309494296596503,-0.006677245879679,45.041901342102285,US
AWF,AllianceBernstein Global High Income Fund,Financial Services,Asset Management,10.0600004196167,-0.5928801049494096,-0.0032635943420329,41.75918125224349,US
AWI,"Armstrong World Industries, Inc.",Industrials,Building Products & Equipment,160.7100067138672,3.039049468530032,0.3102486050943298,56.15248980850828,US
AWK,"American Water Works Company, Inc.",Utilities,Utilities - Regulated Water,134.66000366210938,-0.3330596892971301,0.0368876763326526,57.74183128096975,US
AX,"Axos Financial, Inc.",Financial Services,Banks - Regional,95.83000183105467,-3.717469098383853,-0.0703567985218074,50.60387275478941,US
AXG,Solowin Holdings,Financial Services,Capital Markets,3.1600000858306885,-2.1671805829548285,-0.0019585885923958,28.798789189855185,US
AXON,"Axon Enterprise, Inc.",Industrials,Aerospace & Defense,502.3399963378906,-1.5560089481070196,0.7420411032159677,47.08810473983227,US
AXP,American Express Company,Financial Services,Credit Services,326.1700134277344,-8.211620141996265,-1.4063796690888344,37.462158333676754,US
AXS,AXIS Capital Holdings Limited,Financial Services,Insurance - Specialty,116.5,1.4985199851852284,0.0820479426699893,67.19961516015016,US
AXTA,Axalta Coating Systems Ltd.,Basic Materials,Specialty Chemicals,32.7599983215332,1.2986956306854058,0.065649448157183,50.63775396983362,US
AXTI,"AXT, Inc.",Technology,Semiconductor Equipment & Materials,47.22999954223633,2.9873504440720136,-0.13752273214069,37.88369147827263,US
AXTX,Tradr 2X Long AXTI Daily ETF,ETF,ETF,5.150000095367432,1.3779561557613005,-0.0254306391994632,35.893466568029126,US
AZO,"AutoZone, Inc.",Consumer Cyclical,Auto Parts,2957.409912109375,-2.9224285070191915,0.3333521574201228,42.484300037342784,US
AZTA,AZTA,N/A,N/A,27.3700008392334,4.1080254320880885,-0.0238043737975641,62.6650142868987,US
AZYY,Graniteshares YieldBOOST AMZN ETF,ETF,ETF,14.505000114440918,-4.194188999222131,-0.0313833260728625,28.428080691495538,US
AZZ,AZZ Inc.,Industrials,Specialty Business Services,149.89999389648438,1.8273127232754829,-0.0569690495580318,51.77965218924176,US
BA,The Boeing Company,Industrials,Aerospace & Defense,209.5200042724609,-2.107178681754116,0.232215274334145,41.27152452097334,US
BAB,Invesco Taxable Municipal Bond ETF,ETF,ETF,26.34000015258789,-1.089000765661137,-0.0014831487027282,36.262216443379664,US
BABA,Alibaba Group Holding Limited,Consumer Cyclical,Internet Retail,112.13999938964844,-2.461513265205635,-0.5233551287154414,49.8083766742705,US
BABU,Direxion Daily BABA Bull 2X ETF,ETF,ETF,10.0,-5.392617892915634,-0.0925401620673333,47.58071603882969,US
BABX,GraniteShares 2x Long BABA Daily ETF,ETF,ETF,18.507099151611328,-4.99435530537651,-0.1691482043301991,47.97170192471173,US
BAC,Bank of America Corporation,Financial Services,Banks - Diversified,62.04999923706055,1.2730516949066537,0.0152160640911422,68.60129173506404,US
BAH,Booz Allen Hamilton Holding Corporation,Industrials,Consulting Services,72.52999877929688,11.225271887125675,0.4091022727772722,65.0872352659467,US
BAI,iShares A.I. Innovation and Tech Active ETF,ETF,ETF,42.77999877929688,0.4696968991117435,-0.0535409115153296,40.43535015124177,US
BALT,BALT,N/A,N/A,34.34000015258789,-0.0145612692895166,-0.0016234231892106,53.245407969486685,US
BALY,Bally's Corporation,Consumer Cyclical,Resorts & Casinos,13.720000267028809,-2.418208694457206,-0.0419702326272861,49.65732444227891,US
BAM,Brookfield Asset Management Ltd.,Financial Services,Asset Management,46.34999847412109,-4.096841055075923,-0.0287225879663254,47.608644043786505,US
BAMB,Brookstone Intermediate Bond ETF,ETF,ETF,25.75489997863769,-0.6599576198708555,0.0007382564080084,39.94365953902137,US
BAMU,Brookstone Ultra-Short Bond ETF,ETF,ETF,25.280000686645508,0.0791783752274226,0.0003315710689329,91.2968705341908,US
BAND,Bandwidth Inc.,Technology,Software - Infrastructure,59.79999923706055,-16.724688385810875,-0.3202905790510426,44.261990374344656,US
BAP,Credicorp Ltd.,Financial Services,Banks - Regional,388.4200134277344,-0.5530168515512529,-0.085378713030547,54.65940502934443,US
BASG,Brown Advisory Sustainable Growth ETF,ETF,ETF,26.211299896240234,-2.0687446517273247,-0.0211677944273169,41.51407496892242,US
BAUG,Innovator U.S. Equity Buffer ETF - August,ETF,ETF,53.84999847412109,0.0371477659041618,-0.0079870074847742,56.25836138169269,US
BBAG,JPMorgan BetaBuilders U.S. Aggregate Bond ETF,ETF,ETF,45.20429992675781,-0.7480475483250845,0.0013366363485344,36.853123114534846,US
BBAI,"BigBear.ai Holdings, Inc.",Technology,Information Technology Services,2.759999990463257,-2.816898807176702,0.0017461017875995,27.718987721875408,US
BBAX,JPMorgan BetaBuilders Developed Asia Pacific ex-Japan ETF,ETF,ETF,62.52999877929688,0.6276140867059702,-0.0147374754142621,60.66302034292849,US
BBB,CYBER HORNET S&P 500 and Bitcoin 75/25 Strategy ETF,ETF,ETF,29.186899185180664,-0.613278139058553,-0.0262826199569434,46.06362870572103,US
BBBI,Bondbloxx BBB Rated 5-10 Year Corporate Bond ETF,ETF,ETF,50.54499816894531,-0.9368336868063418,-0.002982957649492,36.16256006765638,US
BBBL,Bondbloxx BBB Rated 10+ Year Corporate Bond ETF,ETF,ETF,46.09650039672852,-1.836707007787152,-0.0004002926029892,27.22945930627874,US
BBBS,Bondbloxx BBB Rated 1-5 Year Corporate Bond ETF,ETF,ETF,50.66510009765625,-0.3577399334815588,-0.0011646005651423,43.06041492485003,US
BBBY,"Bed Bath & Beyond, Inc.",EQUITY,EQUITY,4.960000038146973,-1.3916534541067953,0.0053047969357039,40.34505538002456,US
BBCA,JPMorgan BetaBuilders Canada ETF,ETF,ETF,101.91000366210938,-0.6628255191097041,-0.023586502842991,56.16645623571449,US
BBCP,"Concrete Pumping Holdings, Inc.",Industrials,Engineering & Construction,10.529999732971191,0.0,0.000644679886724,48.68223811638647,US
BBCQ,Bleichroeder Acquisition Corp. II,Financial Services,Shell Companies,10.25,-0.6782916365717108,-0.0012100802832969,41.67503821346381,US
BBDC,"Barings BDC, Inc.",Financial Services,Asset Management,8.229999542236328,-3.176475973690257,-0.0058734102487828,42.81819279366231,US
BBEM,JPMorgan Betabuilders Emerging Markets Equity ETF,ETF,ETF,73.41999816894531,0.0654153081803449,-0.0357899409999051,41.64869815448301,US
BBEU,JPMorgan BetaBuilders Europe ETF,ETF,ETF,77.27999877929688,-0.3610092678063148,0.003490989197986,50.60020516367965,US
BBHL,BBH Select Large Cap ETF,ETF,ETF,16.850000381469727,-1.7607278349680873,-0.0053508357586429,39.92207364004627,US
BBHM,BBH Select Mid Cap ETF,ETF,ETF,11.682000160217283,-1.9966435784676344,-0.0041750528406798,45.23531444775772,US
BBHY,JPMorgan BetaBuilders USD High Yield Corporate Bond ETF,ETF,ETF,45.59999847412109,-0.6211177025985917,-0.0066418108023333,40.274699034775374,US
BBIB,Jpmorgan Betabuilders U.S. Treasury Bond 3-10 Year ETF,ETF,ETF,96.69979858398438,-0.6066423332192336,0.0006079564194022,41.00545065753053,US
BBIN,JPMorgan BetaBuilders International Equity ETF,ETF,ETF,77.77999877929688,0.0643193364262496,0.0055626201536835,49.70574339355881,US
BBJP,JPMorgan BetaBuilders Japan ETF,ETF,ETF,73.75,0.9030013615792484,0.0102545462208825,45.06333237864564,US
BBLB,Jpmorgan Betabuilders U.S. Treasury Bond 20+ Year ETF,ETF,ETF,78.61900329589844,-1.2088287032656333,-0.0092108695790293,32.599675650540505,US
BBNX,"Beta Bionics, Inc.",Healthcare,Medical Devices,15.850000381469728,-8.328516239489726,-0.0596972379672363,49.14505856800918,US
BBOT,"BridgeBio Oncology Therapeutics, Inc.",Healthcare,Biotechnology,8.819999694824219,3.0373745614741665,-0.0023665360078847,56.92555782134889,US
BBP,Virtus LifeSci Biotech Products ETF,ETF,ETF,96.39320373535156,-1.3547275238068692,-0.03481844842864,51.83983420264693,US
BBSB,Jpmorgan Betabuilders U.S. Treasury Bond 1-3 Year ETF,ETF,ETF,97.90599822998048,-0.2638442246537044,-0.0104544947530759,44.40778652810739,US
BBSC,JPMorgan BetaBuilders U.S. Small Cap Equity ETF,ETF,ETF,89.00769805908203,-1.0640786058759697,-0.0284191142305394,48.1223253272676,US
BBSI,"Barrett Business Services, Inc.",Industrials,Staffing & Employment Services,39.744998931884766,-0.8358355385861179,-0.0459639152807513,67.94116930185587,US
BBUS,JPMorgan BetaBuilders U.S. Equity ETF,ETF,ETF,133.10000610351562,-0.6642281910301464,-0.0554631838632135,44.86425969835333,US
BBW,"Build-A-Bear Workshop, Inc.",Consumer Cyclical,Specialty Retail,33.70000076293945,-1.259889515730177,-0.066563636911775,52.74492500310184,US
BBWI,"Bath & Body Works, Inc.",Consumer Cyclical,Specialty Retail,19.899999618530277,-4.647825499266991,0.0164946284755664,46.66329784980606,US
BC,Brunswick Corporation,Consumer Cyclical,Recreational Vehicles,79.91999816894531,-0.6587927898093666,-0.0238498399134384,49.04275042294798,US
BCAL,California BanCorp,Financial Services,Banks - Regional,21.020000457763672,-0.9891619830460692,0.0007358200889977,56.83059818408181,US
BCAR,D. Boral ARC Acquisition I Corp.,Financial Services,Shell Companies,10.350000381469728,-0.0965181036572214,0.0008365134962511,37.09153159281768,US
BCAX,Bicara Therapeutics Inc.,Healthcare,Biotechnology,27.020000457763672,-2.665705205392108,-0.0390373836952115,50.93445285498469,US
BCCC,Global X Bitcoin Covered Call ETF,ETF,ETF,12.010000228881836,0.865042785193643,-0.0161767793560917,52.93056046467645,US
BCDF,Horizon Kinetics Blockchain Development ETF,ETF,ETF,31.438400268554688,0.448590744953156,-0.0043489305023761,56.60515580992735,US
BCHI,GMO Beyond China ETF,ETF,ETF,36.64500045776367,0.35327424013706,-0.012283598395608,41.59921479023011,US
BCHP,Principal Focused Blue Chip ETF,ETF,ETF,35.70000076293945,-2.6319381658032923,-0.0329822300124384,38.40999980614832,US
BCIL,Bancreek International Large Cap ETF,ETF,ETF,28.739999771118164,-0.0834382140787315,-0.0064980190336879,42.41872610528571,US
BCKT,LifeX 2030 Income Bucket ETF,ETF,ETF,40.96500015258789,-0.2192184920689048,-0.000310984972525,46.79806095193467,US
BCLO,iShares BBB-B CLO Active ETF,ETF,ETF,49.540000915527344,-0.0605180138825122,-0.0032760769532264,55.2176696522218,US
BCOR,Grayscale Bitcoin Adopters ETF,ETF,ETF,21.68600082397461,-2.98827621384216,-0.0689713889200359,40.70846744114977,US
BCPC,Balchem Corporation,Basic Materials,Specialty Chemicals,162.80999755859375,-0.3305837310955894,0.138971095715739,47.197599765979874,US
BCSF,"Bain Capital Specialty Finance, Inc.",Financial Services,Asset Management,12.359999656677246,-2.6004722980147417,-0.0184718391642283,42.7906197291859,US
BCSM,Baron SMID Cap ETF,ETF,ETF,23.511999130249023,-2.826913702324953,-0.0030489843951974,36.94510759802281,US
BCSS,Bain Capital GSS Investment Corp.,Financial Services,Shell Companies,10.225000381469728,0.1469181514858871,0.0026950815975508,51.17905241040956,US
BCTK,Baron Technology ETF,ETF,ETF,28.05159950256348,-2.777531350311312,-0.0398395787397562,38.0067028638756,US
BCX,Blackrock Resources & Commodities Strategy Trust,Financial Services,Asset Management,11.789999961853027,3.5118490471755623,0.0003213432766196,59.191616235934006,US
BDBT,Bluemonte Core Bond ETF,ETF,ETF,24.85330009460449,-0.7257829195728941,0.0007107462414979,36.85033899977812,US
BDC,Belden Inc.,Technology,Communication Equipment,102.76000213623048,1.3512207859051468,0.1642683919141183,41.3069635745691,US
BDCX,ETRACS Quarterly Pay 1.5X Leveraged Wells Fargo BDC Index ETN,ETF,ETF,19.299999237060547,-3.7358499540976746,-0.0080551819820718,52.019958990450576,US
BDCZ,BDCZ,N/A,N/A,14.375300407409668,-2.7841976285130503,-0.0121620033115147,47.72790837177118,US
BDEC,Innovator U.S. Equity Buffer ETF - December,ETF,ETF,52.97809982299805,-0.4620081259417766,-0.0160301397782024,47.20758939902439,US
BDIV,AAM Brentview Dividend Growth ETF,ETF,ETF,24.74410057067871,0.4184076127985636,0.0039170504728266,59.00029372947227,US
BDJ,BlackRock Enhanced Equity Dividend Trust,Financial Services,Asset Management,9.59000015258789,-0.2081113923397422,-0.0046909039711385,56.72590481923865,US
BDN,Brandywine Realty Trust,Real Estate,REIT - Office,3.1700000762939453,0.9554130696656788,0.0051657835385662,55.270731861349,US
BDRY,Breakwave Dry Bulk Shipping ETF,ETF,ETF,12.56999969482422,-0.7109016877775712,-0.0049494952297312,51.29382898754547,US
BDX,"Becton, Dickinson and Company",Healthcare,Medical Instruments & Supplies,156.36000061035156,-1.144336839822459,0.1248635926983061,56.02794549164576,US
BDYN,iShares Dynamic Equity Active ETF,ETF,ETF,27.267900466918945,-0.4457792093841276,-0.0114145786154505,45.25802574865328,US
BE,Bloom Energy Corporation,Industrials,Electrical Equipment & Parts,184.88999938964844,-13.98865202132454,-1.0392744137563596,36.11176638659864,US
BEDY,Bny Mellon Enhanced Dividend Income ETF,ETF,ETF,29.440000534057617,1.6223722189957577,0.026949860488425,63.18855086464495,US
BEDZ,AdvisorShares Hotel ETF,ETF,ETF,36.83390045166016,-0.0951993003198038,0.0185952631691148,54.95277495110901,US
BEEX,The BeeHive ETF,ETF,ETF,26.71809959411621,-0.2348700305826732,-0.0052363557967336,47.85951112561098,US
BEEZ,Honeytree U.S. Equity ETF,ETF,ETF,33.469600677490234,-0.0996856287595601,0.0270385510366108,52.01962678598592,US
BEG,Leverage Shares 2X Long BE Daily ETF,ETF,ETF,27.51000022888184,-29.425344915477247,-0.2433128218756692,34.96858269894516,US
BEGS,Rareview 2x Bull Cryptocurrency & Precious Metals ETF,ETF,ETF,13.605199813842772,1.455629893003572,-0.0360600040453058,45.992973408421456,US
BELFA,Bel Fuse Inc.,Technology,Electronic Components,233.1499938964844,1.9324086265495195,-0.0018122048170496,46.67698317785188,US
BENJ,Horizon Landmark ETF,ETF,ETF,52.915000915527344,0.0661873046617864,0.0002915913076157,80.99205142038167,US
BEPC,Brookfield Renewable Corporation,Utilities,Utilities - Renewable,33.529998779296875,-1.12061654327679,0.0360645910088119,36.08513230031477,US
BESF,Bastion Energy ETF,ETF,ETF,39.95000076293945,0.7185171834965034,-0.0497389407976247,54.238978161103766,US
BESO,GSR Crypto Core3 ETF,ETF,ETF,25.156299591064453,-0.1337869880058136,-0.0650447424690803,51.5763376675743,US
BETE,Proshares Bitcoin & Ether Equal Weight ETF,ETF,ETF,30.345199584960938,0.490774179387535,-0.0819462643350635,51.19193056868309,US
BETR,Better Home & Finance Holding Company,Financial Services,Mortgage Finance,21.809999465942383,-6.874468851864897,-0.0057749337338093,37.94777316850858,US
BETZ,Roundhill Sports Betting & iGaming ETF,ETF,ETF,18.91710090637207,-1.3655557456152565,-0.0007661448531097,45.94945247261735,US
BFC,Bank First Corporation,Financial Services,Banks - Regional,150.77999877929688,2.830248761023416,0.2721071466712239,58.20924696866297,US
BFEB,Innovator U.S. Equity Buffer ETF - February,ETF,ETF,52.46760177612305,-0.344539289194985,-0.0124324703028468,47.93811505101589,US
BFH,"Bread Financial Holdings, Inc.",Financial Services,Credit Services,104.30999755859376,5.034739827729788,0.1909705629085891,61.9527480286062,US
BFJL,FT Vest Bitcoin Strategy Floor15 ETF - July,ETF,ETF,17.34000015258789,0.2891800717930841,-0.0121193592018223,61.702293270022736,US
BFLB,BufferLABS US Equity Dynamic Buffer ETF,ETF,ETF,54.3568000793457,-0.2462811235319653,-0.0114970443558069,49.27202545792336,US
BFLX,iShares Flexible Equity Active ETF,ETF,ETF,25.24139976501465,-0.1921753608275102,-0.0085672888278787,45.95659550529739,US
BFOC,FT Vest Bitcoin Strat Floor15 ETF - Oct,ETF,ETF,16.94499969482422,-0.1178924702845991,-0.0011741030794802,49.43965709402882,US
BFOR,Barron's 400 ETF,ETF,ETF,23.40439987182617,0.2329742589623941,0.006686081170756,51.22906969243332,US
BFS,"Saul Centers, Inc.",Real Estate,REIT - Retail,35.68000030517578,-2.6466607921372067,-0.0005962843109712,48.096978573857015,US
BG,Bunge Global SA,Consumer Defensive,Farm Products,121.52999877929688,1.9974798346108649,-0.1898729212848089,58.49839985833911,US
BGB,Blackstone Strategic Credit 2027 Term Fund,Financial Services,Asset Management,11.199999809265137,-0.9725959882439196,-0.0077553723389282,36.06449997637155,US
BGC,"BGC Group, Inc.",Financial Services,Capital Markets,11.649999618530272,3.097340016705336,0.0095759874060638,57.648081665871565,US
BGDV,Bahl & Gaynor Dividend ETF,ETF,ETF,31.073999404907227,0.4168677051387529,-0.0032326271561562,55.17111505271678,US
BGRN,iShares USD Green Bond ETF,ETF,ETF,46.8650016784668,-0.62552622964332,-0.0015347415279561,35.120998570177875,US
BGY,BlackRock Enhanced International Dividend Trust,Financial Services,Asset Management,5.650000095367432,-0.3527333449276805,-0.0017948549473393,46.04329533411323,US
BH,Biglari Holdings Inc.,Consumer Cyclical,Restaurants,381.3900146484375,-0.728802877528231,0.232618978502634,52.09888944489308,US
BHB,Bar Harbor Bankshares,Financial Services,Banks - Regional,39.02000045776367,2.2001051489620287,0.0479581694619627,62.39984968164848,US
BHDG,Nicholas Bitcoin Tail ETF,ETF,ETF,24.059999465942383,0.4173638785092111,0.0428046331500483,47.666046170826434,US
BHK,BlackRock Core Bond Trust,Financial Services,Asset Management,8.890000343322754,-2.521924836868882,-0.0021855583303152,44.16475351581907,US
BHRB,Burke & Herbert Financial Services Corp.,Financial Services,Banks - Regional,70.47000122070312,-1.4956663141333304,-0.0496842496021678,55.03313860133824,US
BIB,ProShares Ultra Nasdaq Biotechnology,ETF,ETF,97.88240051269533,-2.195844602470283,0.0095687489623226,51.58358120370335,US
BIBL,Inspire 100 ETF,ETF,ETF,55.619998931884766,1.2930232861876767,0.0308285500861489,50.66594540639901,US
BIDU,"Baidu, Inc.",Communication Services,Internet Content & Information,105.33999633789062,-1.7717284257059946,-0.1225165352335397,38.06286271677912,US
BIIB,Biogen Inc.,Healthcare,Drug Manufacturers - General,202.19000244140625,-1.844751177446771,0.1848686690386498,50.35480612108309,US
BILD,Nomura Global Listed Infrastructure ETF,ETF,ETF,30.042999267578125,-0.0565542204467396,-0.0025030458975448,55.27808750616848,US
BILI,Bilibili Inc.,Communication Services,Internet Content & Information,17.15999984741211,-4.878054453743415,-0.0598792875720247,43.73777915667655,US
BILS,State Street SPDR Bloomberg 3-12 Month T-Bill ETF,ETF,ETF,99.33999633789062,0.0302072097818504,-0.0002177581999841,93.45246420305578,US
BILT,iShares Infrastructure Active ETF,ETF,ETF,28.85930061340332,1.1896919712260543,0.012548021169342,61.66873194888612,US
BILZ,PIMCO Ultra Short Government Active Exchange-Traded Fund,ETF,ETF,100.87999725341795,0.0595095802175747,0.0005590389726167,98.77546088231108,US
BINC,iShares Flexible Income Active ETF,ETF,ETF,51.810001373291016,-0.6329075953593849,-0.0075968124683033,37.40101684903401,US
BINV,Brandes International ETF,ETF,ETF,43.02000045776367,-1.3529010418033431,-0.0189440535837464,52.75880160087517,US
BIO,"Bio-Rad Laboratories, Inc.",Healthcare,Medical Devices,314.4599914550781,3.318440856096517,0.2018774816541588,64.2372708689791,US
BIRK,Birkenstock Holding plc,Consumer Cyclical,Footwear & Accessories,40.630001068115234,-8.408474956977162,-0.0468741221080875,39.54775356285818,US
BIS,ProShares UltraShort Nasdaq Biotechnology,ETF,ETF,13.87030029296875,2.3638383595957406,0.001613423155319,46.09445443154857,US
BIT,BlackRock Multi-Sector Income Trust,Financial Services,Asset Management,12.1899995803833,-0.8943138914292205,-0.004406464711,38.879903198437496,US
BITS,Global X Blockchain & Bitcoin Strategy ETF,ETF,ETF,57.01499938964844,3.833544979212991,-0.1156909986334435,44.920699894949536,US
BITW,Bitwise 10 Crypto Index Fund,ETF,ETF,41.29999923706055,0.3157665142023122,-0.0967204062523287,49.18271517056818,US
BITX,2x Bitcoin Strategy ETF,ETF,ETF,12.18000030517578,-0.3021927238936461,-0.0556824319634278,47.06225530099352,US
BIV,Vanguard Intermediate-Term Bond Index Fund,ETF,ETF,75.51000213623047,-0.8274195672027016,-0.0011084452456407,38.20260880432831,US
BJRI,"BJ's Restaurants, Inc.",Consumer Cyclical,Restaurants,66.86000061035156,-0.9334675853592944,-0.0781143137381943,67.70305928237795,US
BJUL,Innovator U.S. Equity Buffer ETF - July,ETF,ETF,53.95000076293945,-0.4979720613886229,-0.0132814017267028,44.95834196970614,US
BKE,"The Buckle, Inc.",Consumer Cyclical,Apparel Retail,42.470001220703125,0.0,-0.02413541546605,46.39273707389352,US
BKEM,BNY Mellon Emerging Markets Equity ETF,ETF,ETF,29.170000076293945,0.6209048175126581,-0.0127508169992123,41.34493133231512,US
BKF,iShares MSCI BIC ETF,ETF,ETF,39.58089828491211,-0.0734721660969821,-0.0265501728638921,48.56648214318249,US
BKFI,BNY Mellon Active Core Bond ETF,ETF,ETF,23.51000022888184,-1.0105253520764803,-0.0013070349944451,36.56242192827216,US
BKH,Black Hills Corporation,Utilities,Utilities - Regulated Gas,75.29000091552734,0.9114063793231446,0.0126196311359904,55.20339513451383,US
BKHY,BNY Mellon High Yield ETF,ETF,ETF,47.122501373291016,-0.480458517764083,-0.0083571465190709,39.90346855071674,US
BKLC,BNY Mellon US Large Cap Core Equity ETF,ETF,ETF,47.13999938964844,-0.6742513716754623,-0.0187796250108379,44.64588987317351,US
BKLN,Invesco Senior Loan ETF,ETF,ETF,20.38999938964844,0.0932747954873799,-0.0009131808186853,68.63381601018601,US
BKMC,BNY Mellon US Mid Cap Core Equity ETF,ETF,ETF,40.09249877929688,-0.2889152571220557,0.0083815545585249,47.841859016469705,US
BKNG,Booking Holdings Inc.,Consumer Cyclical,Travel Services,177.4600067138672,-2.322757668448874,0.0494086404662605,51.05676456969555,US
BKR,Baker Hughes Company,Energy,Oil & Gas Equipment & Services,57.25,2.3235017324997957,0.0577644626815059,48.59407033243601,US
BKSE,BNY Mellon US Small Cap Core Equity ETF,ETF,ETF,43.97840118408203,-0.726698702995402,-0.0084708308285381,51.786753292341366,US
BKSY,BlackSky Technology Inc.,Industrials,Specialty Business Services,21.56999969482422,-2.7940550892813625,-0.024229008626222,35.47747523562049,US
BKUI,BNY Mellon Ultra Short Income ETF,ETF,ETF,49.66460037231445,-0.0128869195846234,-0.0014811502217119,72.69177666660454,US
BL,"BlackLine, Inc.",Technology,Software - Application,28.739999771118164,-5.117204019675727,0.0096581851784263,49.26310417652637,US
BLCO,Bausch + Lomb Corporation,Healthcare,Medical Instruments & Supplies,16.170000076293945,-0.5535064656888984,0.0143637077328837,50.83068082763874,US
BLCR,iShares Large Cap Core Active ETF,ETF,ETF,48.22999954223633,-0.3306465166981103,-0.0317655448016983,41.61221030851264,US
BLDG,Cambria Global Real Estate ETF,ETF,ETF,27.79520034790039,0.7072462454084556,0.0070286014897553,63.672507856943696,US
BLES,Inspire Global Hope ETF,ETF,ETF,47.98789978027344,-0.0959749678859101,0.0034984279047143,53.66320029860308,US
BLFS,"BioLife Solutions, Inc.",Healthcare,Medical Instruments & Supplies,29.979999542236328,2.847341113440134,-0.0504535259017672,60.26371142913502,US
BLGR,Bluemonte Large Cap Growth ETF,ETF,ETF,30.81999969482422,-1.4548359048946866,-0.0262275472555142,41.40019973766591,US
BLK,"BlackRock, Inc.",Financial Services,Asset Management,1055.6700439453125,-1.541681400796178,-0.4190978172671444,54.868880492531375,US
BLKB,"Blackbaud, Inc.",Technology,Software - Application,32.709999084472656,0.956782543192614,0.0293603834823343,59.35341568898416,US
BLLN,"BillionToOne, Inc.",Healthcare,Diagnostics & Research,126.08000183105467,-3.2461022229986995,-0.3373341645051644,57.01195917102821,US
BLMN,"Bloomin' Brands, Inc.",Consumer Cyclical,Restaurants,7.940000057220459,-7.0257600387902,-0.0239130061103682,43.807372805616,US
BLND,"Blend Labs, Inc.",Technology,Software - Application,1.690000057220459,-6.6298281410331565,-0.0042134348461966,46.93070618732785,US
BLST,Bluemonte Short Term Bond ETF,ETF,ETF,24.86000061035156,-0.4006349270393271,0.0001976704305448,41.95875370620136,US
BLTD,Bluemonte Long Term Bond ETF,ETF,ETF,24.53400039672852,-1.3668897044276804,0.001092200376648,31.93686516072624,US
BLTE,"Belite Bio, Inc",Healthcare,Biotechnology,153.36000061035156,2.185500226065545,-0.2694383001008384,52.67998686910423,US
BLUX,Bluemonte Dynamic Total Market ETF,ETF,ETF,31.62879943847656,-0.7972900489678254,-0.0096813054471731,46.533264029626174,US
BLV,Vanguard Long-Term Bond Fund,ETF,ETF,66.44000244140625,-1.6140920444156628,0.0039256054799212,30.94947490516056,US
BLW,BlackRock Limited Duration Income Trust,Financial Services,Asset Management,12.5600004196167,-1.1023574153623417,-0.0115717204928952,54.29771806012625,US
BLX,Bladex Inc.,Financial Services,Banks - Regional,59.63999938964844,0.6582268179720464,0.0512742502871321,54.36829968553101,US
BLZE,"Backblaze, Inc.",Technology,Software - Infrastructure,11.609999656677246,-12.178521768770052,-0.0698038212142948,41.104677510647136,US
BMAR,Innovator U.S. Equity Buffer ETF - March,ETF,ETF,57.44060134887695,-0.3113460366771033,-0.014533947712539,48.13524097462188,US
BMAY,Innovator U.S. Equity Buffer ETF- May,ETF,ETF,47.17660140991211,-0.4082700577020285,-0.0156907574222812,46.251802447478106,US
BMBL,Bumble Inc.,Communication Services,Internet Content & Information,2.809999942779541,-3.767127761654586,0.0002571260031619,41.07666671703949,US
BME,BlackRock Health Sciences Trust,Financial Services,Asset Management,42.84999847412109,0.6813841434978639,0.0291950751553609,62.39711247719917,US
BMI,"Badger Meter, Inc.",Technology,Scientific & Technical Instruments,126.31999969482422,-15.493709322101632,-0.3403645510844861,37.96127853867325,US
BMNG,Leverage Shares 2X Long BMNR Daily ETF,ETF,ETF,12.094300270080566,-0.3107459569459908,-0.1794912823428597,45.979023498159535,US
BMNR,"Bitmine Immersion Technologies, Inc.",Financial Services,Capital Markets,15.789999961853027,0.637351078037974,-0.1102968893490567,48.690670473037976,US
BMNU,T-REX 2X Long BMNR Daily Target ETF,ETF,ETF,8.829999923706055,0.2270091161950886,-0.128528703522523,45.98458604543764,US
BMRC,Bank of Marin Bancorp,Financial Services,Banks - Regional,28.770000457763672,-0.5186708787502038,0.0043345360575334,59.42047769558,US
BMY,Bristol-Myers Squibb Company,Healthcare,Drug Manufacturers - General,62.09000015258789,2.222585506775986,0.0110063508867195,64.48059513944844,US
BN,Brookfield Corporation,Financial Services,Asset Management,41.66999816894531,-4.4923283318512,-0.0028056013402404,38.18019372133412,US
BNDC,FlexShares Core Select Bond Fund,ETF,ETF,21.75909996032715,-0.7792993272704059,-0.0013995459990188,36.92308712514668,US
BNDI,Neos Enhanced Income Aggregate Bond ETF,ETF,ETF,46.310001373291016,-0.6223113955489193,-0.0004254668557042,38.1640689524976,US
BNDS,Infrastructure Capital Bond Income ETF,ETF,ETF,50.310001373291016,-0.7887945541377844,-0.0141981007872093,37.88906606825378,US
BNDY,Horizon Core Bond ETF,ETF,ETF,24.76499938964844,-0.9003616787934811,3.720888171200587e-05,37.607920029338,US
BNED,"Barnes & Noble Education, Inc.",Consumer Cyclical,Specialty Retail,11.880000114440918,-5.714287660559771,-0.0139082934638992,49.79446362842972,US
BNGE,First Trust S-Network Streaming & Gaming ETF,ETF,ETF,30.177000045776367,-4.644987970811725,-0.0616376331531685,37.28062492491237,US
BNL,"Broadstone Net Lease, Inc.",Real Estate,REIT - Diversified,22.36000061035156,-1.9298186027733852,-0.0359783998822786,63.14290280619624,US
BNO,"United States Brent Oil Fund, LP",ETF,ETF,52.58000183105469,7.967147858995319,-0.0782361302195486,66.86001469947077,US
BNOV,Innovator U.S. Equity Buffer ETF - November,ETF,ETF,47.551300048828125,-0.5202911970751646,-0.0145311739689908,46.89173576942431,US
BNTC,Benitec Biopharma Inc.,Healthcare,Biotechnology,11.470000267028809,-10.250387271626524,0.0023271916222123,38.14403713787814,US
BNTX,BioNTech SE,Healthcare,Biotechnology,89.33000183105469,-2.350242071472279,-0.1598146785755073,41.64005308056797,US
BNY,The Bank of New York Mellon Cor,Financial Services,Banks - Diversified,158.91000366210938,1.1328191459195829,-0.1976587011475779,63.51363158564066,US
BOAT,SonicShares Global Shipping ETF,ETF,ETF,43.7599983215332,5.715797596005378,0.0328931227902659,70.22981640656471,US
BOBS,"Bob's Discount Furniture, Inc.",Consumer Cyclical,Specialty Retail,15.109999656677246,-6.785931461582161,-0.0157136156016357,49.80947452193969,US
BOC,Boston Omaha Corporation,Industrials,Conglomerates,14.210000038146973,0.495047334686058,0.0062715792526348,56.2580763657829,US
BOE,BlackRock Enhanced Global Dividend Trust,Financial Services,Asset Management,11.90999984741211,-0.2512540538148691,-0.0012315258183117,48.00488191997463,US
BOEG,Leverage Shares 2X Long BA Daily ETF,ETF,ETF,12.417499542236328,-4.854035066951212,0.0263903803280096,40.059285090057216,US
BOEU,Direxion Daily BA Bull 2X Shares,ETF,ETF,31.31999969482422,-4.88338690607073,0.070499957316606,39.85171750691334,US
BOND,PIMCO Active Bond Exchange-Traded Fund,ETF,ETF,90.55999755859376,-0.9840384155784464,-0.001868031720063,37.5124595809847,US
BOOT,"Boot Barn Holdings, Inc.",Consumer Cyclical,Apparel Retail,149.97999572753906,-1.6331117421319712,0.2745905280094378,39.024000639877336,US
BORR,Borr Drilling Limited,Energy,Oil & Gas Drilling,4.230000019073486,1.682696495888655,0.0035434594145554,42.394770220687306,US
BOT,"Robostrategy, Inc.",Financial Services,Asset Management,25.649999618530277,-12.097329162876589,-0.0078445831062213,39.78274974148763,US
BOTT,Themes Humanoid Robotics ETF,ETF,ETF,39.88470077514648,-4.627687550933324,-0.0466814383291169,31.424630799342523,US
BOTZ,Global X Robotics & Artificial Intelligence ETF,ETF,ETF,33.83000183105469,-1.6569757835487635,-0.0164207178722903,33.934656020989166,US
BOXX,Alpha Architect 1-3 Month Box ETF,ETF,ETF,117.58000183105467,0.0766056421156092,0.0001965553220779,92.48119180950071,US
BPI,Grayscale Bitcoin Premium Income ETF,ETF,ETF,20.915000915527344,0.5819000013300257,-0.0348803996621156,50.867628724337976,US
BPRO,Bitwise Proficio Currency Debasement ETF,EQUITY,EQUITY,19.045000076293945,2.83477108830303,0.0004562696914865,46.23399428769182,US
BRAI,Braiin Limited,Technology,Computer Hardware,6.179999828338623,12.56830757717727,0.0503004473097224,49.82611729370439,US
BRBR,"BellRing Brands, Inc.",Consumer Defensive,Packaged Foods,12.949999809265137,6.848184253656598,0.0164131676088383,60.32185717307683,US
BRC,Brady Corporation,Industrials,Security & Protection Services,94.5,0.8645506857578776,0.0058174871736977,67.68780852945893,US
BRCB,"Black Rock Coffee Bar, Inc.",Consumer Cyclical,Restaurants,7.880000114440918,0.76726267854792,-0.0051507407542452,48.48592482387214,US
BRCE,MFS Blended Research Core Equity ETF,ETF,ETF,29.10099983215332,-1.5194565702191547,-0.0279225529065947,49.42973012244976,US
BREE,MFS Blended Research Emerging Markets Equity ETF,ETF,ETF,25.747100830078125,0.183268738289659,-0.0182223910625066,42.40457510088685,US
BRES,Burney U.S. Equity Select ETF,ETF,ETF,26.707799911499023,-0.1577573401905666,-0.0139512714189838,45.76836991300264,US
BRF,VanEck Brazil Small-Cap ETF,ETF,ETF,16.023799896240234,-1.026563510407302,-0.0107564986236398,41.61658678549109,US
BRIB,BRIB,N/A,N/A,24.799999237060547,-0.6410250532086098,-0.0012505738218628,40.73944509992045,US
BRIF,FIS Bright Portfolios Focused Equity ETF,ETF,ETF,36.959999084472656,0.9560187606829236,0.0022896776708714,56.46324878835112,US
BRLN,iShares Floating Rate Loan Active ETF,ETF,ETF,50.65999984741211,0.2473533202284183,-0.0033181830752107,49.65267856687028,US
BRNY,Burney U.S. Factor Rotation ETF,ETF,ETF,57.28099822998047,0.2871258092715502,-0.0187895499477703,46.86771409251053,US
BRO,"Brown & Brown, Inc.",Financial Services,Insurance Brokers,67.66000366210938,-2.4369067760576284,0.0614241699415227,56.47306937003512,US
BRSL,Brightstar Lottery PLC,Consumer Cyclical,Gambling,10.40999984741211,-3.0726250534332897,0.0006445687117677,38.66452628269781,US
BRSM,MFS Blended Research Small-Mid Cap ETF,EQUITY,EQUITY,25.42230033874512,-0.5387289909013648,0.0001253653313444,48.78331816039442,US
BRSP,"BrightSpire Capital, Inc.",Real Estate,REIT - Mortgage,5.230000019073486,-4.73587910535965,-0.0056363981070266,41.85770941855536,US
BRTR,iShares Total Return Active ETF,ETF,ETF,49.48889923095703,-0.8039690591269673,-0.0002563184703615,36.4139672488006,US
BRUN,"Boost Run, Inc.",Technology,Software - Infrastructure,21.739999771118164,-10.974612190019725,-0.0243888668689178,34.37056781937882,US
BRZU,Direxion Daily MSCI Brazil Bull 2X Shares,ETF,ETF,94.52999877929688,2.4493358821426767,-0.2492301342245394,52.12562078378272,US
BSCQ,Invesco BulletShares 2026 Corporate Bond ETF,ETF,ETF,19.51499938964844,0.0717908792328743,0.0002110198556152,77.86685208936761,US
BSCR,Invesco BulletShares 2027 Corporate Bond ETF,ETF,ETF,19.575000762939453,-0.0561609277898235,-0.0007632693102144,63.03075408878844,US
BSCS,Invesco BulletShares 2028 Corporate Bond ETF,ETF,ETF,20.274999618530277,-0.1919836520479164,-0.0004018214568687,48.94939422693989,US
BSCT,Invesco BulletShares 2029 Corporate Bond ETF,ETF,ETF,18.44499969482422,-0.3242440952592004,-0.0008096137404478,43.254622224438044,US
BSCU,Invesco BulletShares 2030 Corporate Bond ETF,ETF,ETF,16.475000381469727,-0.5192949593987332,-0.0007166484886904,40.76613024829317,US
BSCX,Invesco Bulletshares 2033 Corporate Bond ETF,ETF,ETF,20.70499992370605,-0.8713606781748628,-0.0016976049067216,35.24269725850229,US
BSCY,Invesco BulletShares 2034 Corporate Bond ETF,ETF,ETF,20.274999618530277,-0.9816473134201285,-0.0012888517535928,36.11584291425552,US
BSCZ,Invesco Bulletshares 2035 Corporate Bond ETF,ETF,ETF,20.024999618530277,-1.13064132927153,-0.0009265881620717,35.30556322296975,US
BSEP,Innovator U.S. Equity Buffer ETF - September,ETF,ETF,52.82160186767578,-0.110437214939214,-0.0082651801221027,52.126129888610585,US
BSJQ,Invesco BulletShares 2026 High Yield Corporate Bond ETF,ETF,ETF,22.8700008392334,8.339959431101343e-06,0.0003628585872423,55.26609567715556,US
BSJR,Invesco BulletShares 2027 High Yield Corporate Bond ETF,ETF,ETF,22.28499984741211,-8.558889309510749e-06,-0.0003904128255959,54.6115025274784,US
BSJS,Invesco BulletShares 2028 High Yield Corporate Bond ETF,ETF,ETF,21.63969993591309,-0.3375830616403128,-0.0028303588357872,46.31556042021204,US
BSJT,Invesco BulletShares 2029 High Yield Corporate Bond ETF,ETF,ETF,20.989999771118164,-0.3371119565072687,-0.0019261058835351,46.09743117460109,US
BSJV,Invesco BulletShares 2031 High Yield Corporate Bond ETF,ETF,ETF,25.850000381469727,-0.9084893727471468,-0.006729332614125,34.0345403544851,US
BSJX,Invesco Bulletshares 2033 High Yield Corporate Bond ETF,ETF,ETF,24.895000457763672,-0.8167327513564402,-0.0041085911822316,40.0865778886722,US
BSMC,Brandes U.S. Small-Mid Cap Value ETF,ETF,ETF,39.82820129394531,-0.4170462367645643,0.0074629286546971,58.68651071412295,US
BSMU,Invesco BulletShares 2030 Municipal Bond ETF,ETF,ETF,21.604999542236328,-0.8171573983285942,-0.0024497282626426,26.28797440315681,US
BSMV,Invesco BulletShares 2031 Municipal Bond ETF,ETF,ETF,20.63949966430664,-0.9145475760785332,-0.0037067541366673,22.63070239865081,US
BSMW,Invesco Bulletshares 2032 Municipal Bond ETF,ETF,ETF,24.64739990234375,-0.982646207903298,-0.0035570237201833,23.11699057471033,US
BSOL,Bitwise Solana Staking ETF,EQUITY,EQUITY,10.06999969482422,-1.5640259488920036,-0.0292797304102742,45.83667399683026,US
BSRR,Sierra Bancorp,Financial Services,Banks - Regional,41.880001068115234,-0.5697955124776921,-0.002537444608519,58.62752387261748,US
BST,BlackRock Science and Technology Trust,Financial Services,Asset Management,45.34999847412109,1.0922823386151783,0.013718706764306,42.70517609371477,US
BSTP,Innovator Buffer Step-Up Strategy ETF,ETF,ETF,39.1068000793457,-0.4561401566758319,-0.0111094029306081,46.3786911487942,US
BSTZ,BlackRock Science and Technology Term Trust,Financial Services,Asset Management,28.690000534057617,4.062389741134669,0.0246618235139244,48.7177922675173,US
BSVN,Bank7 Corp.,Financial Services,Banks - Regional,49.43999862670898,-2.982732506027087,-0.0171566842364427,52.110932024427626,US
BSX,Boston Scientific Corporation,Healthcare,Medical Devices,44.25,0.4996621094765296,0.05219930898181,45.59472823150922,US
BTBT,"Bit Digital, Inc.",Financial Services,Capital Markets,1.3700000047683716,-2.1428551357619274,-0.005778706361041,34.339084936908364,US
BTC,Grayscale Bitcoin Mini Trust ETF,ETF,ETF,28.3700008392334,-0.0352301685301848,-0.063755940596569,48.71313098149813,US
BTCI,NEOS ETF Trust - NEOS Bitcoin High Income ETF,ETF,ETF,28.38999938964844,0.240071849151263,-0.0505596060731076,48.60840041771172,US
BTCL,T-Rex 2X Long Bitcoin Daily Target ETF,ETF,ETF,12.470000267028809,-0.4391165922280376,-0.0568920465634497,46.72489699952806,US
BTCU,Direxion Daily Bitcoin Bull 2X ETF,EQUITY,EQUITY,16.949600219726562,-0.4136324097746796,-0.0750401342987961,47.34625800180241,US
BTCZ,T-Rex 2X Inverse Bitcoin Daily Target ETF,ETF,ETF,5.460000038146973,-0.2739701688926761,0.0242673159278012,48.62979307349393,US
BTDR,Bitdeer Technologies Group,Technology,Software - Application,11.5600004196167,7.635015511859393,0.0191915780913294,38.793490845503406,US
BTGO,"BitGo Holdings, Inc.",Financial Services,Capital Markets,4.820000171661377,1.473687824450041,-0.0303436001525042,41.155704890182726,US
BTO,John Hancock Financial Opportunities Fund,Financial Services,Asset Management,40.45000076293945,0.6719772416947737,-0.0041108421509624,64.18907259997039,US
BTOT,iShares Total USD Fixed Income Market ETF,EQUITY,EQUITY,48.85100173950195,-0.709347597613023,-0.009299066649491,34.54415664125379,US
BTR,Beacon Tactical Risk ETF,ETF,ETF,27.774599075317383,-0.0913674907922399,0.0006179833870804,53.24496696853713,US
BTT,Blackrock Municipal 2030 Target Term Trust,Financial Services,Asset Management,22.440000534057617,-0.8395874226914823,-0.0004215968466675,36.14055949910351,US
BTZ,BlackRock Credit Allocation Income Trust,Financial Services,Asset Management,9.93000030517578,-2.742406776934831,-0.0094830071040603,33.49413404975206,US
BUCK,BUCK,N/A,N/A,23.45789909362793,-0.0089513679739078,0.0002271853539233,58.68182878860967,US
BUFC,AB Conservative Buffer ETF,ETF,ETF,42.580299377441406,-0.2102151285518167,-0.0053110526633051,50.63014532577486,US
BUFF,Innovator Laddered Allocation Power Buffer ETF,ETF,ETF,52.650001525878906,-0.1706487480538643,-0.0101105927176887,49.16858332393544,US
BUFH,FT Vest Laddered Max Buffer ETF,ETF,ETF,21.420900344848636,-0.0657761672266509,-0.0016025435903738,52.73447530095235,US
BUFP,PGIM Laddered S&P 500 Buffer 12 ETF,ETF,ETF,31.99169921875,-0.2752575039419329,-0.009102615246935,47.3599402715984,US
BUFR,FT Vest Laddered Buffer ETF,ETF,ETF,36.47999954223633,-0.2188233808796654,-0.0085073541060929,48.62914960381973,US
BUFS,FT Vest Laddered Small Cap Mode,ETF,ETF,24.979999542236328,-0.2794399080086868,-0.004112765864803,51.76171118699185,US
BUFZ,FT Vest Laddered Moderate Buffer ETF,ETF,ETF,27.920000076293945,0.0,-0.0045220456818257,50.24871390070444,US
BUI,"BlackRock Utilities, Infrastructure & Power Opportunities Trust",Financial Services,Asset Management,27.8700008392334,0.0,0.0211355308284602,46.9480866217661,US
BULG,Leverage Shares 2X Long BULL Daily ETF,ETF,ETF,41.24100112915039,5.7977019435570405,-0.439819051547492,51.31512630145063,US
BURL,"Burlington Stores, Inc.",Consumer Cyclical,Apparel Retail,349.9700012207031,1.3495131027356495,-0.2797188925048424,59.00370871584366,US
BUXX,Strive Enhanced Income Short Maturity ETF,ETF,ETF,20.239999771118164,0.0,0.00039887614648,59.18809422618979,US
BUYZ,Franklin Disruptive Commerce ETF,ETF,ETF,33.09299850463867,-6.522235734538796,-0.0998636131980414,35.96653923424381,US
BV,"BrightView Holdings, Inc.",Industrials,Specialty Business Services,14.0600004196167,-3.168044239978079,-0.0107195625269614,51.70726094748391,US
BVAL,Bluemonte Large Cap Value ETF,ETF,ETF,31.3700008392334,0.3197965462290187,0.0078072856170237,55.42340398808295,US
BVS,Bioventus Inc.,Healthcare,Medical Devices,11.800000190734863,-2.155889053361239,-0.009108167246752,58.89683497645012,US
BW,"Babcock & Wilcox Enterprises, Inc.",Industrials,Specialty Industrial Machinery,9.619999885559082,-2.730034867450364,-0.0400873151639273,32.25072913189288,US
BWB,"Bridgewater Bancshares, Inc.",Financial Services,Banks - Regional,20.780000686645508,-5.802351814527547,-0.0214448581781965,47.873383952414,US
BWEL,JG Boswell Company,Basic Materials,Agricultural Inputs,550.0,0.7621231386229497,0.0471123238302544,54.69924527733444,US
BWET,Breakwave Tanker Shipping ETF,ETF,ETF,240.2310028076172,5.535736789748732,-0.8907191802070997,60.4003353917245,US
BWFG,"Bankwell Financial Group, Inc.",Financial Services,Banks - Regional,62.209999084472656,3.5108164125164216,0.1127632591053682,66.99242432957391,US
BWMN,Bowman Consulting Group Ltd.,Industrials,Engineering & Construction,25.95499992370605,2.548401704360353,0.0104629091527816,33.807706992154124,US
BWMX,"Betterware de México, S.A.P.I. de C.V.",Consumer Cyclical,Specialty Retail,16.729999542236328,-8.77862920914088,-0.0636075180094033,33.62443827330003,US
BWTG,Brendan Wood TopGun ETF,ETF,ETF,42.25,0.0449930324481873,-0.0029547125714693,52.63976942687734,US
BX,Blackstone Inc.,Financial Services,Asset Management,130.0,2.434793356493444,0.2972816873927615,61.84605342362116,US
BXC,BlueLinx Holdings Inc.,Industrials,Industrial Distribution,58.40999984741211,-3.3906703078118765,0.067951510932713,53.26882294623744,US
BXDC,Blackstone Digital Infrastructure Trust Inc.,Real Estate,REIT - Specialty,21.350000381469727,8.70672629818192,0.0908651651234621,54.94484793432624,US
BXSL,Blackstone Secured Lending Fund,Financial Services,Asset Management,23.239999771118164,-2.4349283423042247,-0.0066652408610859,48.112307498719375,US
BY,"Byline Bancorp, Inc.",Financial Services,Banks - Regional,38.59999847412109,1.4188047329105629,0.0412399608483184,65.13309316384206,US
BYD,Boyd Gaming Corporation,Consumer Cyclical,Resorts & Casinos,87.04000091552734,-0.7751941355596924,0.0125306154333737,50.08718350983651,US
BYRE,Principal Real Estate Active Opportunities ETF,ETF,ETF,28.471200942993164,1.7810080357793054,0.0276120677541015,67.76775440012784,US
BZ,Kanzhun Limited,Communication Services,Internet Content & Information,15.420000076293944,3.42052470892785,-0.025730858420518,61.48426622810137,US
BZH,"Beazer Homes USA, Inc.",Consumer Cyclical,Residential Construction,33.189998626708984,0.8508015211032971,-0.0335348561003356,69.7636562607494,US
BZQ,ProShares UltraShort MSCI Brazil Capped,ETF,ETF,21.43930053710937,-2.592910885223802,0.0490929585161875,45.687685810478456,US
BZZ,Corgi Drones & Urban Air Mobility ETF,ETF,ETF,23.393400192260746,3.60230412445982,-0.0030799809372201,43.93879804950512,US
C,Citigroup Inc.,Financial Services,Banks - Diversified,132.19000244140625,2.187694664271845,0.2034229203283841,43.64016353665132,US
CAAP,Corporación América Airports S.A.,Industrials,Airports & Air Services,25.170000076293945,1.3693119356930838,0.0247198657117381,49.082469105204005,US
CABA,"Cabaletta Bio, Inc.",Healthcare,Biotechnology,2.690000057220459,-4.946991881973533,-0.0002385695341328,39.72587861379844,US
CABZ,Roundhill Robotaxi Autonomous Vehicles & Technology ETF,ETF,ETF,20.5398006439209,-5.171741511461968,-0.0464350787265652,33.9968824250372,US
CAC,Camden National Corporation,Financial Services,Banks - Regional,54.630001068115234,0.7933584854666723,0.0427202412830087,58.961298585536106,US
CACC,Credit Acceptance Corporation,Financial Services,Credit Services,574.0800170898438,-10.299997329711914,-1.7632517735551172,37.050087830329865,US
CADL,"Candel Therapeutics, Inc.",Healthcare,Biotechnology,9.5600004196167,-6.090371974191963,-0.0260771523328378,50.52512259399586,US
CAFG,Pacer US Small Cap Cash Cows Growth Leaders ETF,ETF,ETF,32.86309814453125,-1.1576724656610713,-0.0086314188322103,47.93751553252802,US
CAG,"Conagra Brands, Inc.",Consumer Defensive,Packaged Foods,14.770000457763672,3.431377688762237,-0.0004237308789201,58.69387164202371,US
CAGE,Calamos Autocallable Growth ETF,EQUITY,EQUITY,27.067800521850582,-1.643168344444979,-0.0146846018253271,43.79847639573769,US
CAH,"Cardinal Health, Inc.",Healthcare,Medical Distribution,228.02999877929688,-0.2144256450213594,0.3823492102935324,51.85121620948111,US
CAI,"Caris Life Sciences, Inc.",Healthcare,Biotechnology,15.520000457763672,-5.88234885881213,0.0216530667486833,38.22752005100793,US
CAIE,Calamos US Equity Autocallable Income ETF,ETF,ETF,26.63500022888184,-0.541450537885833,-0.0066033962732442,43.646623100331546,US
CAIQ,Calamos Nasdaq Autocallable Income ETF,ETF,ETF,25.41189956665039,-1.2900090166381797,-0.0124765388954635,35.08995749993895,US
CAKE,The Cheesecake Factory Incorporated,Consumer Cyclical,Restaurants,84.72000122070312,-1.2241989780329112,-0.1213082995328118,64.89135882240473,US
CAL,"Caleres, Inc.",Consumer Cyclical,Apparel Retail,11.779999732971191,-0.5907227531232632,-0.0082891887009275,45.997887178305504,US
CALF,Pacer US Small Cap Cash Cows 100 ETF,ETF,ETF,52.64500045776367,-0.1990512649029917,0.0175831556505469,60.880991762038406,US
CAMT,Camtek Ltd.,Technology,Semiconductor Equipment & Materials,147.7899932861328,1.1221344222634877,-0.4010340047954495,44.91408273875778,US
CAMX,Cambiar Aggressive Value ETF,ETF,ETF,34.35219955444336,-1.2981303555809838,-0.002711593468444,46.680334325192185,US
CANC,Tema Oncology ETF,ETF,ETF,41.06600189208984,0.3813298588599305,0.0025340517928608,56.10365705047423,US
CANE,Teucrium Sugar Fund,ETF,ETF,9.704999923706056,-0.3593413576445223,-0.0006107132483366,49.55848145291539,US
CANQ,Calamos Nasdaq Equity & Income ETF,ETF,ETF,29.72960090637207,-1.9698577655134104,-0.0196468513574912,37.10696541959422,US
CAOS,Alpha Architect Tail Risk ETF,ETF,ETF,90.56490325927734,-0.0828509828737599,-0.0055998804144668,52.52149467033756,US
CAPE,DoubleLine Shiller CAPE U.S. Equities ETF,ETF,ETF,32.50239944458008,-1.0641718401919191,0.0065858367766894,50.15415590221637,US
CAPL,CrossAmerica Partners LP,Energy,Oil & Gas Refining & Marketing,21.76000022888184,-3.0303043181471043,-0.0123419401360753,39.25333040461891,US
CAPR,"Capricor Therapeutics, Inc.",Healthcare,Biotechnology,19.700000762939453,1.3374497003039296,0.0766494291298509,33.45467705843278,US
CAR,"Avis Budget Group, Inc.",Industrials,Rental & Leasing Services,159.47999572753906,-0.678838853434667,-0.1166726445615715,45.9429987020687,US
CARE,"Carter Bankshares, Inc.",Financial Services,Banks - Regional,34.0099983215332,1.97901012776434,0.0400616984803945,64.29521334284723,US
CARR,Carrier Global Corporation,Industrials,Building Products & Equipment,68.87999725341797,0.6371922387013553,0.0918419760332847,50.396041499202326,US
CARS,Cars.com Inc.,Communication Services,Internet Content & Information,11.460000038146973,-4.420348149195708,-0.0275889412684434,55.78749645502274,US
CASH,"Pathward Financial, Inc.",Financial Services,Banks - Regional,85.9000015258789,-4.300357083874804,-0.0641112369925445,45.77701711863213,US
CASS,"Cass Information Systems, Inc.",Industrials,Specialty Business Services,54.25,1.7441866288421162,0.0350549569840195,65.97320190772366,US
CASY,"Casey's General Stores, Inc.",Consumer Cyclical,Specialty Retail,861.6300048828125,0.2921605573017334,-0.8239552239538117,56.27162189308159,US
CAT,Caterpillar Inc.,Industrials,Farm & Heavy Construction Machinery,888.72998046875,1.1472094434196858,1.5796752004858128,43.31250415605778,US
CATF,American Century California Municipal Bond ETF,ETF,ETF,49.35499954223633,-0.9532455776919758,-0.0004860778616081,29.6617010091351,US
CATG,Leverage Shares 2X Long CAT Daily ETF,ETF,ETF,12.906299591064451,2.1067977888337266,0.0437531578708592,41.80830828718042,US
CATY,Cathay General Bancorp,Financial Services,Banks - Regional,62.91999816894531,0.3348733655533623,0.0477842050621446,58.86250336912595,US
CAVG,ACC Aviation Holdings Ltd.,Financial Services,Shell Companies,0.7900000214576721,-20.999997854232788,-0.0023909506644112,31.29766503420332,US
CB,Chubb Limited,Financial Services,Insurance - Property & Casualty,359.75,2.1552692693554936,0.5775254082114101,60.07611673482768,US
CBAN,"Colony Bankcorp, Inc.",Financial Services,Banks - Regional,21.84000015258789,4.099145038684267,0.0396952562115708,64.11393758038993,US
CBC,"Central Bancompany, Inc.",Financial Services,Banks - Regional,32.040000915527344,1.1363655520317235,0.0100999769270487,65.20905760899774,US
CBIO,"Crescent Biopharma, Inc.",Healthcare,Biotechnology,16.299999237060547,10.508469403800316,0.0216222069755628,47.28288577147661,US
CBK,"Commercial Bancgroup, Inc.",Financial Services,Banks - Regional,33.11000061035156,-2.732080729033006,-0.0061136105847116,56.457543194517385,US
CBL,"CBL & Associates Properties, Inc.",Real Estate,REIT - Retail,57.56999969482422,4.161388127395013,0.0611216848330866,70.38081566841952,US
CBLL,"CeriBell, Inc.",Healthcare,Medical Devices,16.90999984741211,-9.668800920581036,0.0100513688732271,35.539918012541705,US
CBLS,Clough Hedged Equity ETF,ETF,ETF,31.556900024414062,-1.3970177803454895,-0.0431154302835929,38.75241391003999,US
CBNK,"Capital Bancorp, Inc.",Financial Services,Banks - Regional,36.130001068115234,0.8091543367541078,0.0228146939185063,62.19571723148554,US
CBOA,Calamos Bitcoin Structured Alt ,ETF,ETF,24.19499969482422,0.020666228425928,-0.006006041045231,51.18704660231944,US
CBOE,"Cboe Global Markets, Inc.",Financial Services,Financial Data & Stock Exchanges,285.07000732421875,4.264658756421824,-0.1979461080163824,57.84627804613759,US
CBOJ,Calamos Bitcoin Structured Alt Protection ETF - January,ETF,ETF,23.674999237060547,-0.038003623511414,-0.0047955912415195,47.399681450120575,US
CBOL,Calamos Laddered Bitcoin 90 Series Structured Alt Protection ETF,ETF,ETF,23.45499992370605,0.063990568714552,-0.0028857107494261,52.11407200617069,US
CBON,VanEck China Bond ETF,ETF,ETF,23.8700008392334,0.1174473047119561,-0.0051559922183407,51.72672590849392,US
CBOO,Calamos Bitcoin Structured Alt Protection ETF - October,ETF,ETF,24.540000915527344,0.0611673689313162,-0.000359172363479,64.29587405658043,US
CBOT,Corgi Robots & Humanoids ETF,ETF,ETF,23.077999114990234,-3.033614055525004,-0.0260457580457688,32.99948455918775,US
CBOX,Calamos Tax-Aware Collateral ET,ETF,ETF,101.12000274658205,0.1089007108456512,0.0005367601044105,62.66044771859264,US
CBOY,Calamos Bitcoin Structured Alt Protection ETF - July,ETF,ETF,24.489999771118164,0.0,-0.0028875952797381,51.55164148040608,US
CBRE,"CBRE Group, Inc.",Real Estate,Real Estate Services,139.4600067138672,-1.0641316178743023,0.1301459092813992,52.90720380776713,US
CBRL,"Cracker Barrel Old Country Store, Inc.",Consumer Cyclical,Restaurants,53.709999084472656,0.1865295149834134,0.0463630418299945,62.356576182809256,US
CBRS,Cerebras Systems Inc.,Technology,Semiconductors,199.1199951171875,15.191481206823148,-0.5641274519663071,47.83313345143602,US
CBRX,Tradr 2X Long CBRS Daily,ETF,ETF,12.569899559020996,26.45774738087346,-0.0700466087454476,45.382497073535696,US
CBSE,Clough Select Equity ETF,ETF,ETF,47.49140167236328,-2.337329765167204,-0.0605054877927856,38.25445035315859,US
CBT,Cabot Corporation,Basic Materials,Specialty Chemicals,90.1500015258789,-0.2655137353580025,0.0441118464418188,55.56203010367432,US
CBTA,Calamos Bitcoin 80 Series Struc,ETF,ETF,21.045000076293945,0.4294924978075276,-0.0221256582320198,50.947902443994806,US
CBTJ,Calamos Bitcoin 80 Series Structured Alt Protection ETF - January,ETF,ETF,17.81760025024414,0.0988821007753051,-0.0173416374641614,45.86416854809681,US
CBTL,Calamos Laddered Bitcoin Structured Alt Protection ETF,ETF,ETF,17.729999542236328,0.2828011097144026,-0.0110777787065712,49.94051765200163,US
CBTO,Calamos Bitcoin 80 Series Structured Alt Protection ETF - October,ETF,ETF,19.729999542236328,0.0253442872999786,-0.0024251362626616,45.17910427889881,US
CBXA,Calamos Bitcoin 90 Series Struc,ETF,ETF,21.46500015258789,0.1913758710780455,-0.0139397878429717,50.407606568461,US
CBXJ,Calamos Bitcoin 90 Series Structured Alt Protection ETF - January,ETF,ETF,20.08989906311035,0.0243962104109996,-0.0105111439192936,45.62187510931331,US
CBXY,Calamos Bitcoin 90 Series Structured Alt Protection ETF - July,ETF,ETF,22.150999069213867,0.2579850045137016,-0.0071194641231619,54.25052860777606,US
CBZ,"CBIZ, Inc.",Industrials,Specialty Business Services,42.630001068115234,0.4950563607606661,0.0206132617314138,68.69934811257149,US
CCAP,"Crescent Capital BDC, Inc.",Financial Services,Asset Management,10.84000015258789,-1.9004528011053992,-0.0091939758248367,43.864406668711226,US
CCB,CCB,N/A,N/A,72.19000244140625,-8.597113986994096,-0.2040439477549172,39.23132934413744,US
CCBG,"Capital City Bank Group, Inc.",Financial Services,Banks - Regional,51.59999847412109,2.462267372400802,0.0178464175741704,62.85090941732334,US
CCCC,"C4 Therapeutics, Inc.",Healthcare,Biotechnology,3.400000095367432,-7.859077435122687,-0.0093109698273723,37.91317681695644,US
CCD,Calamos Dynamic Convertible and Income Fund,Financial Services,Asset Management,24.979999542236328,-0.358995427536728,-0.0273184254318548,46.73377364424112,US
CCEC,Capital Clean Energy Carriers Corp.,Industrials,Marine Shipping,23.350000381469727,5.227579177529629,0.0216523434560634,67.16667233511595,US
CCEF,Calamos CEF Income & Arbitrage ETF,ETF,ETF,29.43600082397461,-0.1932635082358166,-0.0076989721137342,48.262377861558136,US
CCEP,Coca-Cola Europacific Partners PLC,Consumer Defensive,Beverages - Non-Alcoholic,105.11000061035156,-0.0665522861961563,-0.0019517290263717,57.137648122188864,US
CCI,Crown Castle Inc.,Real Estate,REIT - Specialty,74.9000015258789,-5.393453002176936,-0.0800904127364479,36.66550796009207,US
CCIX,Churchill Capital Corp IX,Financial Services,Shell Companies,10.880000114440918,0.1841662835723446,0.0012623268501113,57.56673115648131,US
CCL,Carnival Corporation Ltd.,Consumer Cyclical,Travel Services,26.32999992370605,-0.3029152751543609,0.0628950329466198,45.30680347971204,US
CCO,"Clear Channel Outdoor Holdings, Inc.",Communication Services,Advertising Agencies,2.4100000858306885,-0.4132227333881367,9.38660109157457e-05,51.45312065391714,US
CCOI,"Cogent Communications Holdings, Inc.",Communication Services,Telecom Services,11.869999885559082,8.204189577235404,-0.0470793681702562,40.69878921748766,US
CCOR,Core Alternative ETF,ETF,ETF,26.20400047302246,0.1796876008336419,0.0061586231975637,58.92365675868421,US
CCRN,"Cross Country Healthcare, Inc.",Healthcare,Medical Care Facilities,13.25,0.2269268711439583,0.0024018209340458,75.03468718486324,US
CCRP,Columbia Corporate Bond ETF Shares,EQUITY,EQUITY,19.37700080871582,-0.9355759827355692,-0.0039813871769134,32.46289488843445,US
CCS,"Century Communities, Inc.",Real Estate,Real Estate - Development,69.37999725341797,5.875169458018421,0.2292150713581593,61.58643106501727,US
CCSB,Carbon Collective Short Duration Green Bond ETF,ETF,ETF,19.854999542236328,-0.6007551286192715,-0.0026170726374875,39.90911694092168,US
CCSI,"Consensus Cloud Solutions, Inc.",Technology,Software - Infrastructure,36.369998931884766,-2.8579052726270704,0.0935497552088888,52.34401859306912,US
CCUP,T-REX 2X Long CRCL Daily Target ETF,ETF,ETF,1.399999976158142,4.477607558580467,-0.0083491354993436,38.566136740062994,US
CCXI,Churchill Capital Corp XI,Financial Services,Shell Companies,13.68000030517578,-5.45957116291914,-0.0429941936563441,47.220839315101166,US
CDC,VictoryShares US EQ Income Enhanced Volatility Wtd ETF,ETF,ETF,76.67900085449219,0.419072656745593,0.0336699884572291,60.90686173223208,US
CDEI,"Calvert US Large-Cap Diversity, Equity And Inclusion Index ETF",ETF,ETF,89.91719818115234,-1.0136719009184871,0.0181710825048471,47.8466144743161,US
CDNA,"CareDx, Inc.",Healthcare,Diagnostics & Research,37.13999938964844,-6.519003731259808,-0.1960723326837397,69.94966092623908,US
CDNL,Cardinal Infrastructure Group Inc.,Industrials,Engineering & Construction,63.29999923706055,-11.132954859114342,-0.3479132892379299,41.82904776957582,US
CDNS,"Cadence Design Systems, Inc.",Technology,Software - Application,326.239990234375,-1.172335066770552,0.0005320733121685,32.06430609098557,US
CDP,COPT Defense Properties,Real Estate,REIT - Office,38.02999877929688,1.1705204174591963,0.021832434212842,71.41730807389034,US
CDRE,"Cadre Holdings, Inc.",Industrials,Aerospace & Defense,30.86000061035156,6.1940852632111625,0.0490852693753703,59.39569619642878,US
CDRO,"Codere Online Luxembourg, S.A.",Consumer Cyclical,Gambling,9.270000457763672,-0.3225777672679908,0.0139448624316221,46.0577630201159,US
CE,Celanese Corporation,Basic Materials,Chemicals,46.43000030517578,1.597373151092644,-0.0344073850092323,43.56378234296383,US
CECO,CECO Environmental Corp.,Industrials,Pollution & Treatment Controls,75.62999725341797,-5.379711041336465,-0.201821838288748,36.51053726680467,US
CEF,Sprott Physical Gold and Silver Trust,Financial Services,Asset Management,40.15999984741211,1.7223918770523443,-0.0002542134374687,43.98033169888881,US
CEFD,ETRACS Monthly Pay 1.5X Leveraged Closed-End Fund Index ETN,ETF,ETF,18.71980094909668,-0.5482601358865574,-0.0052149895759143,45.92580490599737,US
CEG,Constellation Energy Corporation,Utilities,Utilities - Independent Power Producers,274.3500061035156,8.700822840434563,0.1326519174013727,60.65595528702743,US
CEGX,Tradr 2X Long CEG Daily ETF,ETF,ETF,13.960000038146973,17.360231197263296,0.0117763468173705,58.8642565431895,US
CELC,Celcuity Inc.,Healthcare,Biotechnology,82.62000274658203,-6.517305596106677,-0.2509470416964623,35.487504414783444,US
CELH,"Celsius Holdings, Inc.",Consumer Defensive,Beverages - Non-Alcoholic,27.1200008392334,-6.450496538974752,-0.0336217723383012,36.567186808701855,US
CENX,Century Aluminum Company,Basic Materials,Aluminum,46.209999084472656,11.349395384271462,0.0840042297882996,46.33024167327874,US
CEPF,"Cantor Equity Partners IV, Inc.",Financial Services,Shell Companies,10.5,0.6228996432152358,0.002518878757073,71.28191461123367,US
CERS,Cerus Corporation,Healthcare,Medical Devices,2.930000066757202,-6.389777647642032,-0.0053017564007498,47.85671531564724,US
CERT,"Certara, Inc.",Healthcare,Health Information Services,7.510000228881836,8.369414356569479,0.0260530182403694,67.3741495353899,US
CERY,State Street SPDR Bloomberg Enhanced Roll Yield Commodity Strategy No K-1 ETF,ETF,ETF,36.56999969482422,1.58333248562283,-0.0287858907046978,66.17087203672344,US
CET,Central Securities Corporation,Financial Services,Asset Management,52.20000076293945,-0.4386792693068572,-0.0362853502914309,44.98284041307878,US
CEVA,"CEVA, Inc.",Technology,Semiconductors,36.34999847412109,-4.266533301291351,-0.0893396148271442,39.91263685283806,US
CFA,VictoryShares US 500 Volatility Wtd ETF,ETF,ETF,99.45999908447266,0.3470698770534076,0.0443506482856976,58.72777613505261,US
CFG,"Citizens Financial Group, Inc.",Financial Services,Banks - Regional,71.87999725341797,-0.7045201554503641,-0.0329773440070495,57.41714154601229,US
CGBD,"Carlyle Secured Lending, Inc.",Financial Services,Asset Management,10.039999961853027,-3.9234435875165934,-0.0111671731468703,38.22337226282172,US
CGBL,Capital Group Core Balanced ETF,ETF,ETF,37.15999984741211,-0.1075293406101074,-0.0014577632022312,44.78540870771695,US
CGCB,Capital Group Core Bond ETF,ETF,ETF,25.86000061035156,-0.8435556518331061,-0.0008632104868455,36.95300406058654,US
CGCP,Capital Group Core Plus Income ETF,ETF,ETF,21.989999771118164,-0.945950381100272,-0.001729479027286,33.971221680060594,US
CGDG,Capital Group Dividend Growers ETF,ETF,ETF,38.22999954223633,1.0306537739846318,0.0084130439578295,61.78918470072944,US
CGGE,Capital Group Global Equity ETF,ETF,ETF,34.279998779296875,-0.0291692504036637,-0.0033385708953941,46.52454791490505,US
CGGG,Capital Group U.S. Large Growth ETF,ETF,ETF,27.530000686645508,-0.9569680704371318,-0.0305836409359317,40.803519790615496,US
CGGO,Capital Group Global Growth Equity ETF,ETF,ETF,39.09000015258789,-0.076683998251402,-0.0104247646831019,41.55988066368547,US
CGGR,Capital Group Growth ETF,ETF,ETF,44.36000061035156,-2.1614458291535588,-0.0432290277079226,36.80777096520103,US
CGHM,Capital Group Municipal High-Income ETF,ETF,ETF,25.520000457763672,-0.854698194680424,-0.0009787175422343,36.21778630864892,US
CGMM,Capital Group U.S. Small and Mid Cap ETF,ETF,ETF,31.81999969482422,-0.375707067084866,0.0014600904443418,44.49547745853453,US
CGMS,Capital Group U.S. Multi-Sector Income ETF,ETF,ETF,27.09000015258789,-0.7692274371479702,-0.0039275002862013,34.67478839192471,US
CGMU,Capital Group Municipal Income ETF,ETF,ETF,27.049999237060547,-1.0245177000627617,-0.003429014727428,24.745140204173083,US
CGNG,Capital Group New Geography Equity ETF,ETF,ETF,35.15999984741211,0.2852209646439814,-0.0160913253499463,42.76659184640167,US
CGNT,Cognyte Software Ltd.,Technology,Software - Infrastructure,8.3100004196167,-5.136983989811798,-0.0045109889238647,39.21051135848956,US
CGON,"CG Oncology, Inc.",Healthcare,Biotechnology,69.31999969482422,-3.521223149654108,-0.0968008260386052,50.3085014672028,US
CGUS,Capital Group Core Equity ETF,ETF,ETF,43.86000061035156,-0.3181804310191761,-0.0141971041927293,46.780111991419,US
CGW,Invesco S&P Global Water Index ETF,ETF,ETF,64.66999816894531,-1.6575485582057463,-0.0143115831731283,49.209047150351005,US
CGXU,Capital Group International Focus Equity ETF,ETF,ETF,33.25,0.3319270138125655,-0.0139769508508635,44.218427431044894,US
CHCO,City Holding Company,Financial Services,Banks - Regional,139.6199951171875,2.843253363683069,0.0843137913688742,66.41291134924822,US
CHCT,Community Healthcare Trust Incorporated,Real Estate,REIT - Healthcare Facilities,18.790000915527344,-0.1063187186753975,0.0071056398917244,59.77817098857814,US
CHD,"Church & Dwight Co., Inc.",Consumer Defensive,Household & Personal Products,97.63999938964844,-0.438462635376632,0.066479658402531,51.84304156455651,US
CHDN,Churchill Downs Incorporated,Consumer Cyclical,Gambling,86.5,3.037526080352295,0.258992382481651,51.693835252923705,US
CHE,Chemed Corporation,Healthcare,Medical Care Facilities,511.1300048828125,0.2156747850417375,-0.0508639980415246,71.04049804362548,US
CHEF,CHEF,N/A,N/A,94.86000061035156,-2.296833671492042,0.0148679732165777,52.26450481816752,US
CHGX,Stance Sustainable Beta ETF,ETF,ETF,32.016300201416016,-0.5519663334069557,0.0001308715598289,41.52900748559935,US
CHH,"Choice Hotels International, Inc.",Consumer Cyclical,Lodging,110.5199966430664,-1.1802572765079855,0.1441951408840062,51.85477751917343,US
CHPX,Global X AI Semiconductor & Quantum ETF,ETF,ETF,90.4406967163086,2.069469016300041,-0.0439775223564231,42.54305082881647,US
CHRD,Chord Energy Corporation,Energy,Oil & Gas E&P,138.36000061035156,8.009363011696498,-0.0654739932476138,67.11713328199343,US
CHRI,Global X S&P 500 Christian Values ETF,ETF,ETF,87.57279968261719,-0.8493805473628345,-0.0417833713163087,43.883851265984006,US
CHRW,"C.H. Robinson Worldwide, Inc.",Industrials,Integrated Freight & Logistics,186.5050048828125,-10.54915832958633,-1.553708212791836,42.53380216876565,US
CHW,Calamos Global Dynamic Income Fund,Financial Services,Asset Management,8.520000457763672,-1.843316149616992,-0.0064688622465721,39.96902668508363,US
CHWY,"Chewy, Inc.",Consumer Cyclical,Internet Retail,20.86000061035156,-0.3344466975803556,-0.0422077630559307,51.23942674696088,US
CHYM,"Chime Financial, Inc.",Technology,Software - Application,20.690000534057617,-7.344377049940674,-0.0802120891095036,50.877787819954925,US
CI,The Cigna Group,Healthcare,Healthcare Plans,289.57000732421875,2.885057653227078,0.202092930084907,51.8420015833718,US
CIBR,First Trust NASDAQ Cybersecurity ETF,ETF,ETF,88.4000015258789,-4.287569357192951,-0.066026209530803,47.64412454988968,US
CIEG,Leverage Shares 2X Long CIEN Daily ETF,ETF,ETF,5.75,7.677899544879484,0.0027022401354555,37.01293282969802,US
CIEN,Ciena Corporation,Technology,Communication Equipment,390.9599914550781,4.42028461608747,0.1725232618250984,39.68715092141786,US
CIFG,Leverage Shares 2X Long CIFR Daily ETF,ETF,ETF,10.53689956665039,63.94740145637508,-0.0208512860187914,48.20628265946696,US
CIFU,T-REX 2X LONG CIFR DAILY TARGET ETF,ETF,ETF,25.979999542236328,64.22250343491552,-0.0486337908648155,48.41686546609477,US
CINF,Cincinnati Financial Corporation,Financial Services,Insurance - Property & Casualty,182.80999755859372,1.117320840464835,0.2805567805654072,56.81287081275749,US
CINT,CI&T Inc.,Technology,Software - Infrastructure,3.109999895095825,-3.7151740950169634,0.0016912008873857,37.87850563612832,US
CIVB,"Civista Bancshares, Inc.",Financial Services,Banks - Regional,28.57999992370605,0.2455268125648981,0.0091120886227683,58.9604686333426,US
CL,Colgate-Palmolive Company,Consumer Defensive,Household & Personal Products,90.75,-1.8388366613969245,-0.000751364817617,49.13481860647392,US
CLB,Core Laboratories Inc.,Energy,Oil & Gas Equipment & Services,11.670000076293944,2.910052198109942,-0.0086986622466548,48.83150839655021,US
CLBK,"Columbia Financial, Inc.",Financial Services,Banks - Regional,10.880000114440918,2.2032383405647926,-0.0253353010017276,71.79658486640298,US
CLBR,Colombier Acquisition Corp. III,Financial Services,Shell Companies,10.3100004196167,-0.2901328097532289,-6.374068256049907e-05,53.29771647311025,US
CLCG,Crossmark Large Cap Growth ETF,ETF,ETF,27.941499710083008,-1.3225747805481425,-0.0217748655990842,41.8396706569647,US
CLDT,Chatham Lodging Trust,Real Estate,REIT - Hotel & Motel,13.5,0.9723269674918316,0.0044412085906596,63.49300321704936,US
CLF,Cleveland-Cliffs Inc.,Basic Materials,Steel,11.93000030517578,28.55604147044663,0.1329822853007038,64.74831571467976,US
CLFD,"Clearfield, Inc.",Technology,Communication Equipment,30.989999771118164,1.142298917890881,0.0898979746642152,38.03813795625949,US
CLIP,Global X 1-3 Month T-Bill ETF,ETF,ETF,100.3000030517578,0.0498783558681421,0.0003264398507906,98.67444971442606,US
CLIX,ProShares Long Online/Short Stores ETF,ETF,ETF,56.45800018310547,-4.134619239875617,-0.139195521785352,44.96270774885795,US
CLM,"Cornerstone Strategic Investment Fund, Inc.",Financial Services,Asset Management,7.28000020980835,-2.281873876632431,-0.0040878455187988,43.9063497265802,US
CLMB,"Climb Global Solutions, Inc.",Technology,Electronics & Computer Distribution,25.459999084472656,-1.8504296056383989,-0.0171046901803361,58.14456723201864,US
CLNE,Clean Energy Fuels Corp.,Energy,Oil & Gas Refining & Marketing,2.0299999713897705,-14.705887656369525,-0.0096958370938951,43.49558253378358,US
CLNK,Bitwise Chainlink ETF,EQUITY,EQUITY,15.175000190734863,1.166667938232422,-0.0506182405381717,52.86364298252411,US
CLOB,VanEck AA-BB CLO ETF,ETF,ETF,50.32870101928711,0.0670103421190831,-0.0014517019080384,58.33894425683484,US
CLOC,AAM Crescent Clo ETF,EQUITY,EQUITY,25.059999465942383,0.1398595322502743,0.0009197946685272,73.94913076848984,US
CLOD,CLOD,N/A,N/A,29.983400344848636,-4.47191137826133,-0.0245330037079161,39.16510591537644,US
CLOU,Global X Cloud Computing ETF,ETF,ETF,23.06999969482422,-4.432476064117257,-0.0199967700079932,47.42689375036019,US
CLOZ,Eldridge BBB-B CLO ETF,ETF,ETF,26.38999938964844,0.2278749187855586,0.0011513004481109,62.34020935690412,US
CLPT,"ClearPoint Neuro, Inc.",Healthcare,Medical Devices,14.119999885559082,-6.79867827660786,-0.000520694794462,38.11740193792337,US
CLSE,Convergence Long/Short Equity ETF,ETF,ETF,33.95000076293945,0.7119599079946144,-0.0050398210242421,51.77204825038719,US
CLSK,"CleanSpark, Inc.",Financial Services,Capital Markets,14.520000457763672,11.435155451478431,-0.0450271020767149,50.14498800311876,US
CLSM,ETC Cabana Target Leading Sector Moderate ETF,ETF,ETF,26.300899505615234,-0.8897054854546073,-0.0133282767530484,39.75545360503467,US
CLSX,Tradr 2X Long CLSK Daily ETF,ETF,ETF,19.030000686645508,21.44225012120245,-0.1170881529156708,47.406458307047686,US
CLVT,Clarivate Plc,Technology,Information Technology Services,2.039999961853028,-14.644356807054637,-0.0027046555952055,41.16528851911502,US
CLYM,"Climb Bio, Inc.",Healthcare,Biotechnology,12.84000015258789,1.1023649246090406,0.0158324671985178,51.85602661011337,US
CMAY,Corgi U.S. Equities 15% Structured Buffer ETF - May Series,ETF,ETF,25.46999931335449,-0.5854860303095704,-0.0081952476155075,45.72036242306015,US
CMBO,Wayfinder Dynamic U.S. Interest Rate ETF,ETF,ETF,103.0,0.0777320564302409,-8.231885821924356e-05,98.81773638216924,US
CMBS,iShares CMBS ETF,ETF,ETF,48.310001373291016,-0.3301007703374436,0.0035299918310808,46.84912152882497,US
CMC,Commercial Metals Company,Industrials,Metal Fabrication,68.94999694824219,3.824714871356077,0.0495922417773684,54.81236085556562,US
CMCI,VanEck CMCI Commodity Strategy ETF,ETF,ETF,29.624000549316406,2.914714977772447,-0.0066977486760223,69.6438553349356,US
CMCO,Columbus McKinnon Corporation,Industrials,Farm & Heavy Construction Machinery,16.1200008392334,12.256275937567802,0.04048256504093,63.5888587167871,US
CMCSA,Comcast Corporation,Communication Services,Telecom Services,22.295000076293945,-6.284156291299829,-0.0503739347526188,39.0215390279492,US
CMDB,Costamare Bulkers Holdings Limited,Industrials,Marine Shipping,18.84000015258789,0.1594932881302172,-0.012936946619019,54.33299998732197,US
CMDT,PIMCO Commodity Strategy Active Exchange-Traded Fund,ETF,ETF,32.91999816894531,2.077513702156008,-0.0200377978554819,66.05223235692388,US
CMDY,iShares Bloomberg Roll Select Commodity Strategy ETF,ETF,ETF,59.83000183105469,2.01193567685606,-0.0449570101224148,64.56835903773865,US
CME,CME Group Inc.,Financial Services,Financial Data & Stock Exchanges,255.30999755859372,4.186898338731663,0.2159978547270902,57.99999455586172,US
CMF,iShares California Muni Bond ETF,ETF,ETF,56.525001525878906,-1.0243373808800509,-0.0070187472772048,22.972460577011372,US
CMG,"Chipotle Mexican Grill, Inc.",Consumer Cyclical,Restaurants,31.790000915527344,-7.694534892131235,-0.0438535102140958,41.77534636188784,US
CMI,Cummins Inc.,Industrials,Specialty Industrial Machinery,664.6500244140625,2.4935301678278607,0.8142839404098989,48.64497717398361,US
CMP,"Compass Minerals International, Inc.",Basic Materials,Other Industrial Metals & Mining,29.440000534057617,-0.0678837441837518,-0.0221084741969906,47.19021613147587,US
CMPR,Cimpress plc,Industrials,Specialty Business Services,97.77999877929688,-4.92950877009485,-0.1658554116592743,50.55122588376514,US
CMPS,COMPASS Pathways plc,Healthcare,Medical Care Facilities,11.260000228881836,-8.82591189408671,-0.0168814137447448,39.24884266685972,US
CMRE,Costamare Inc.,Industrials,Marine Shipping,15.720000267028809,7.549633416433307,0.0131753534705127,58.976902986862704,US
CMS,CMS Energy Corporation,Utilities,Utilities - Regulated Electric,74.69999694824219,1.4256556695308922,0.1071667145147191,50.47540808984111,US
CNBS,Amplify Seymour Cannabis ETF,ETF,ETF,24.9601993560791,-4.811992830894655,-0.014589588465483,38.4763394389055,US
CNC,Centene Corporation,Healthcare,Healthcare Plans,63.40999984741211,-4.5605094561312125,-0.1045369920086272,45.8879180118583,US
CNEQ,Alger Concentrated Equity ETF,ETF,ETF,37.88999938964844,-1.122130241649924,-0.0477062163802922,39.81099112507872,US
CNK,CNK,N/A,N/A,32.709999084472656,7.52793886402153,0.0433201977467795,61.77281482389607,US
CNND,Canandaigua National Corporation,Financial Services,Banks - Regional,218.0,-3.7527593818984544,-0.2550331965818369,42.400442367717616,US
CNNE,"Cannae Holdings, Inc.",Consumer Cyclical,Restaurants,14.729999542236328,-1.4715737112750014,-0.0001363315314952,53.68574837416463,US
CNO,"CNO Financial Group, Inc.",Financial Services,Insurance - Life,53.22999954223633,-0.6717682577468287,0.0151617706974921,61.32319183460548,US
CNOB,"ConnectOne Bancorp, Inc.",Financial Services,Banks - Regional,32.36000061035156,-3.2007169759389944,-0.0128081635412294,49.30588424868844,US
CNP,"CenterPoint Energy, Inc.",Utilities,Utilities - Regulated Electric,44.560001373291016,3.315558241970319,0.07186356985424,58.22719355852538,US
CNR,"Core Natural Resources, Inc.",Energy,Thermal Coal,83.19999694824219,0.2168156016070067,-0.2417396887131041,47.46972010803987,US
CNRG,State Street SPDR S&P Kensho Clean Power ETF,ETF,ETF,92.03919982910156,-4.869044104287791,-0.1795156625228151,33.15023497412152,US
CNS,"Cohen & Steers, Inc.",Financial Services,Asset Management,81.3499984741211,-3.898408732749931,-0.0136014169247,59.22537165554239,US
CNX,CNX Resources Corporation,Energy,Oil & Gas E&P,34.290000915527344,3.0348622995106,0.0017921122413604,56.178206377375865,US
CNXC,Concentrix Corporation,Technology,Information Technology Services,22.25,-8.923455906441076,-0.0724697700959322,42.90345626469762,US
CNXN,"PC Connection, Inc.",Technology,Electronics & Computer Distribution,81.2300033569336,2.861848931614271,-0.0259652831078667,70.09185295428173,US
CNYA,iShares MSCI China A ETF,ETF,ETF,35.150001525878906,1.4137382591575025,-0.0016538368587244,41.50318257393915,US
COAG,"Hemab Therapeutics Holdings, Inc.",Healthcare,Biotechnology,47.310001373291016,-4.017040993019313,-0.2441791111565514,67.76535422259715,US
COAL,Range Global Coal ETF,ETF,ETF,23.68000030517578,3.117921883760045,-0.0118382279532374,49.63873390329456,US
COCO,"The Vita Coco Company, Inc.",Consumer Defensive,Beverages - Non-Alcoholic,65.97000122070312,-9.85241740148328,-0.4328423016426714,36.55918320217973,US
CODI,Compass Diversified,Industrials,Conglomerates,10.029999732971191,-2.9041645009735237,-0.0045665635270716,46.44731403715699,US
COF,Capital One Financial Corporation,Financial Services,Credit Services,202.83999633789065,-2.4948336643083997,-0.0472382261483557,52.13443628183487,US
COFS,"ChoiceOne Financial Services, Inc.",Financial Services,Banks - Regional,32.720001220703125,-3.56616290477333,-0.0798785432259657,46.91673377966176,US
COGT,"Cogent Biosciences, Inc.",Healthcare,Biotechnology,39.7599983215332,1.7400114089507552,-0.0015588946249123,58.73222523709721,US
COHR,Coherent Corp.,Technology,Scientific & Technical Instruments,282.3900146484375,1.7255073629701956,-0.7465234321891074,38.01208500385601,US
COHX,Tradr 2X Long COHR Daily ETF,ETF,ETF,26.96999931335449,0.4095260629314258,-0.1413364525744178,36.838981142983386,US
COIG,Leverage Shares 2X Long COIN Daily ETF,ETF,ETF,4.702899932861328,0.0617047598698701,-0.0369117483623687,44.70940366623741,US
COIN,"Coinbase Global, Inc.",Financial Services,Financial Data & Stock Exchanges,158.2899932861328,0.7446526255761863,-0.5398116161759352,46.75346482256455,US
COIW,Roundhill COIN WeeklyPay ETF,ETF,ETF,8.475000381469727,0.9890393367918042,-0.0356969495785088,46.41376065735781,US
COLD,"Americold Realty Trust, Inc.",Real Estate,REIT - Industrial,14.31999969482422,-10.106720524220334,-0.0327801605466347,38.6695058517619,US
COLL,"Collegium Pharmaceutical, Inc.",Healthcare,Drug Manufacturers - Specialty & Generic,35.20000076293945,-2.4390272268717075,-0.0124007487664485,48.8832850095337,US
COLO,Global X MSCI Colombia ETF,ETF,ETF,44.310001373291016,-0.180216304251802,-0.0765491711521978,57.57356657287762,US
COM,Direxion Auspice Broad Commodity Strategy ETF,ETF,ETF,34.22999954223633,1.0330533148963812,-0.0160919669122557,71.42968727670896,US
COMD,Global X Commodity Strategy ETF,ETF,ETF,28.125200271606445,2.4970835430501577,-0.0233833358174484,65.10189781249765,US
CONL,GraniteShares 2x Long COIN Daily ETF,ETF,ETF,4.800000190734863,0.0,-0.0347317148534571,44.891295816449855,US
CONX,Direxion Daily COIN Bull 2X ETF,ETF,ETF,5.820000171661377,0.1721209807284742,-0.0422529740064159,45.00611831286146,US
COP,ConocoPhillips,Energy,Oil & Gas E&P,120.26000213623048,4.8382905553602,-0.0392705433378977,66.82804657106867,US
COPJ,COPJ,N/A,N/A,39.07490158081055,3.908794193504211,-0.0144621772241444,47.309526533390645,US
COPX,Global X Copper Miners ETF,ETF,ETF,77.72000122070312,5.957740746407554,-0.0182231569229434,49.33420260581145,US
COPZ,Defiance Daily Target 2X Long Copper Miners ETF,EQUITY,EQUITY,13.770000457763672,12.684125669923024,-0.0038713956174656,47.63329182728674,US
COR,"Cencora, Inc.",Healthcare,Medical Distribution,309.8900146484375,0.646320490874114,0.2419391329068894,62.94143425488615,US
CORN,Teucrium Corn Fund,ETF,ETF,18.299999237060547,2.9246261548550336,-0.0071461034457963,66.03877121328067,US
CORO,iShares International Country Rotation Active ETF,ETF,ETF,35.310001373291016,0.0850413691390115,-0.0079350464502749,44.74175175950885,US
COST,Costco Wholesale Corporation,Consumer Defensive,Discount Stores,935.030029296875,-0.6206984865730699,0.4772977802725275,46.56459782632333,US
COTY,Coty Inc.,Consumer Defensive,Household & Personal Products,2.650000095367432,1.532574784649095,-0.0088966442702292,67.14299613359046,US
COUR,"Coursera, Inc.",Consumer Defensive,Education & Training Services,5.369999885559082,-3.417267251363939,0.0028277078695877,42.06802076696582,US
COWZ,Pacer US Cash Cows 100 ETF,ETF,ETF,64.88999938964844,-0.0154116117030912,0.0244458965721428,57.62406980117498,US
COYY,GraniteShares YieldBOOST COIN ETF,ETF,ETF,17.768699645996094,0.47328347515588,-0.0241059601802698,46.00871539091165,US
CPA,"Copa Holdings, S.A.",Industrials,Airlines,136.27999877929688,-2.0061899748214085,0.0921050405168681,38.68491053520665,US
CPAY,"Corpay, Inc.",Technology,Software - Infrastructure,370.5799865722656,1.3094884812184535,0.1405977026218874,59.34924182822626,US
CPB,The Campbell's Company,Consumer Defensive,Packaged Foods,21.84000015258789,-1.0869554888924151,0.0058070624472136,49.47469569004922,US
CPER,"United States Copper Index Fund, LP",ETF,ETF,38.34999847412109,1.133967104270409,-0.039545214416439,50.96765816515225,US
CPHY,F/m Compoundr High Yield Bond ETF,ETF,ETF,51.31930160522461,-0.6152553904935828,-0.00850612422164,36.69362390938405,US
CPLS,AB Core Plus Bond ETF,ETF,ETF,34.54499816894531,-0.9178359217436202,-0.0016529775447186,34.28967743132908,US
CPNG,"Coupang, Inc.",Consumer Cyclical,Internet Retail,15.5,-6.738873541988695,0.0100548708336133,34.4359112421519,US
CPNQ,Calamos Nasdaq-100 Structured Alt Protection ETF - December,ETF,ETF,27.347999572753903,-0.0438634405333883,-0.0028098437570178,49.016980718544886,US
CPNS,Calamos Nasdaq-100 Structured Alt Protection ETF - September,ETF,ETF,28.170799255371094,0.0241432253330901,-0.0021153968591486,59.130787256168055,US
CPPTL,Copper Property CTL Pass Through Trust,EQUITY,EQUITY,10.600000381469728,-1.7608858299816998,-0.0010527976573251,41.53420885812736,US
CPRI,Capri Holdings Limited,Consumer Cyclical,Luxury Goods,15.4399995803833,-5.7387034709671365,0.0134153750556716,30.282351019102197,US
CPRJ,Calamos Russell 2000 Structured Alt Protection ETF - July,ETF,ETF,27.581300735473636,-0.2123685074927612,-0.002056419864361,46.23167800242547,US
CPRO,Calamos Russell 2000 Structured Alt Protection ETF - October,ETF,ETF,28.25349998474121,-0.0053058788530148,-0.0014313909707364,61.47698747820641,US
CPRT,"Copart, Inc.",Industrials,Specialty Business Services,27.940000534057617,1.1952188207570371,0.0638698408558026,44.00237588556873,US
CPS,Cooper-Standard Holdings Inc.,Consumer Cyclical,Auto Parts,28.40999984741211,2.860242520545259,-0.0492962252969977,50.6204020167762,US
CPSF,Calamos S&P 500 Structured Alt Protection ETF - February,ETF,ETF,26.26099967956543,-0.0799022478367428,-0.0033685955719626,54.04448917438936,US
CPSM,Calamos S&P 500 Structured Alt Protection ETF - May,ETF,ETF,29.285200119018555,-0.0709739883098909,-0.0021703168185972,51.2591355107065,US
CPSP,Calamos S&P 500 Structured Alt Protection ETF - April,ETF,ETF,26.959999084472656,-0.1111548236380919,-0.0008853447251318,55.50147392585212,US
CPST,Calamos S&P 500 Structured Alt Protection ETF - September,ETF,ETF,27.90509986877441,0.0541429883701654,-0.0007963584859792,64.81171305835487,US
CPSU,Calamos S&P 500 Structured Alt Protection ETF - June,ETF,ETF,27.625,-0.3247344473836738,-0.0052304618058038,45.83933832096726,US
CQP,"Cheniere Energy Partners, L.P.",Energy,Oil & Gas Midstream,65.63999938964844,5.226031205054774,0.0273276753747374,59.39882598955482,US
CQQQ,Invesco China Technology ETF,ETF,ETF,49.880001068115234,-0.8744010917675771,-0.0206348755807718,39.54531673470772,US
CRAI,"CRA International, Inc.",Industrials,Consulting Services,169.77000427246094,-0.985654015648401,-0.2347684490168751,62.35759796108437,US
CRC,California Resources Corporation,Energy,Oil & Gas E&P,53.470001220703125,1.2114317006747315,-0.0299965505236026,47.47139766384872,US
CRCD,T-REX 2X Inverse CRCL Daily Target ETF,ETF,ETF,6.119999885559082,-12.446350701666924,0.024220381409395,52.09080859593426,US
CRCG,Leverage Shares 2X Long CRCL Daily ETF,ETF,ETF,8.050000190734863,3.603606312685753,-0.0510927640512455,38.3747573359938,US
CRCO,YieldMax CRCL Option Income Strategy ETF,EQUITY,EQUITY,12.529999732971191,1.7052307454602047,-0.0306340241820224,41.99482638156496,US
CRDO,Credo Technology Group Holding Ltd,Technology,Semiconductors,213.1499938964844,5.165779356155568,-0.2305110999233246,43.74742952439983,US
CRED,Columbia Research Enhanced Real Estate ETF,ETF,ETF,19.736799240112305,-15.219937036194969,-0.2351551530649485,20.634138484117106,US
CRF,"Cornerstone Total Return Fund, Inc.",Financial Services,Asset Management,7.0,-1.4084493799404276,-0.003204121981317,45.48285422877132,US
CRH,CRH plc,Basic Materials,Building Materials,99.87000274658205,-2.9634623752680707,0.1191124828059981,39.97019287269378,US
CRI,"Carter's, Inc.",Consumer Cyclical,Apparel Retail,38.75,1.7060408186641027,0.0920411109663698,48.2484220682523,US
CRK,"Comstock Resources, Inc.",Energy,Oil & Gas E&P,13.520000457763672,1.3493276095717444,0.001430513774924,48.46160405415507,US
CRM,"Salesforce, Inc.",Technology,Software - Application,163.66000366210938,-4.163495012278424,-0.1084645203324856,47.39926206199453,US
CRMD,CorMedix Inc.,Healthcare,Biotechnology,7.869999885559082,-6.53206871438587,-0.0050103496703422,42.77818067796814,US
CRML,Critical Metals Corp.,Basic Materials,Other Industrial Metals & Mining,5.809999942779541,-9.218752246815678,0.0091715729525183,27.049005716644217,US
CRMU,Leverage Shares 2X Long CRML Daily ETF,ETF,ETF,1.787700057029724,-19.472971441857812,0.0141813199642375,28.16121406702227,US
CRNC,Cerence Inc.,Technology,Software - Application,8.444999694824219,-2.1436896542693056,-0.0158811044726811,36.50668262269616,US
CROX,"Crocs, Inc.",Consumer Cyclical,Footwear & Accessories,134.72000122070312,-1.757459036167101,-0.1260675987624635,59.44988683348375,US
CRPT,First Trust SkyBridge Crypto Industry and Digital Economy ETF,ETF,ETF,11.479999542236328,0.3233391852805955,-0.0406849632455317,41.787911634291255,US
CRS,Carpenter Technology Corporation,Industrials,Metal Fabrication,603.6900024414062,8.232780770244233,1.508895752769794,61.91130982775066,US
CRSP,CRISPR Therapeutics AG,Healthcare,Biotechnology,46.540000915527344,-2.595223724255982,0.0691031704508078,35.95941559898209,US
CRSR,"Corsair Gaming, Inc.",Technology,Computer Hardware,9.850000381469728,1.0256449381510415,-0.0246226070285617,55.066995657487645,US
CRTO,Criteo S.A.,Communication Services,Advertising Agencies,20.440000534057617,-9.074728868859088,-0.0756324861432282,48.34943358771507,US
CRUS,"Cirrus Logic, Inc.",Technology,Semiconductors,133.61000061035156,-3.1671222296720973,-0.0198357694905686,31.50897277409561,US
CRWD,"CrowdStrike Holdings, Inc.",Technology,Software - Infrastructure,183.27999877929688,-9.74985368979351,-0.44873866095649,47.19818768857184,US
CRWG,Leverage Shares 2X Long CRWV Daily ETF,ETF,ETF,15.279999732971191,-6.429884847767766,-0.1232817138252828,34.20293367200033,US
CRWU,T-REX 2X Long CRWV Daily Target ETF,ETF,ETF,2.914999961853028,-6.270094527986777,-0.0244517406256411,34.43436954333204,US
CRWV,"CoreWeave, Inc.",Technology,Software - Infrastructure,71.87999725341797,-1.816694232600765,-0.2886450191951342,35.429543792504944,US
CSB,VictoryShares US Small Cap High Div Volatility Wtd ETF,ETF,ETF,66.8772964477539,-0.7166035603085738,-0.0294081617284509,59.937375915135576,US
CSCO,"Cisco Systems, Inc.",Technology,Communication Equipment,114.16999816894533,1.9921347855127385,0.2159733381781223,49.38232052760598,US
CSD,Invesco S&P Spin-Off ETF,ETF,ETF,135.27699279785156,-0.7869550844386768,0.0396719500936062,41.45787814982192,US
CSHP,iShares Dynamic Short-Term Active ETF,ETF,ETF,99.1999969482422,0.1564932931115682,0.0044386280520796,52.22523246671521,US
CSHR,CoinShares PLC,Financial Services,Capital Markets,4.159999847412109,-0.9523800873701952,-0.0101297971516398,47.58399882633741,US
CSM,ProShares Large Cap Core Plus,ETF,ETF,84.9126968383789,-0.617164779915548,-0.038896618570657,46.53390287697983,US
CSMD,Congress SMID Growth ETF,ETF,ETF,33.78070068359375,-1.4277787208464243,-0.00370057453651,39.4958460621851,US
CSNR,Cohen & Steers Natural Resources Active ETF,ETF,ETF,35.57569885253906,3.5290863043227763,0.0050148495408611,63.20502368622784,US
CSTK,Invesco Comstock Contrarian Equity ETF,ETF,ETF,32.895599365234375,0.0109481770821252,-0.0014985111443021,54.14193936253034,US
CSTL,"Castle Biosciences, Inc.",Healthcare,Diagnostics & Research,24.684999465942383,2.173011679826267,-0.0258854372147783,58.23563306322919,US
CSTM,Constellium SE,Basic Materials,Aluminum,29.049999237060547,3.307248826712702,0.023047959994757,42.77996946049093,US
CSV,"Carriage Services, Inc.",Consumer Cyclical,Personal Services,38.959999084472656,3.4244783069588918,0.1109015506412443,52.040042076925154,US
CSW,"CSW Industrials, Inc.",Industrials,Specialty Industrial Machinery,289.17999267578125,3.548538708763376,0.1955397752533927,55.47368328208978,US
CSWC,Capital Southwest Corporation,Financial Services,Asset Management,23.450000762939453,-3.497936217317816,-0.0252330024145104,48.8448004620769,US
CSX,CSX Corporation,Industrials,Railroads,53.22999954223633,4.886698605391779,0.100367899202429,76.05962022276836,US
CTAP,Simplify US Equity PLUS Managed Futures Strategy ETF,EQUITY,EQUITY,28.059999465942383,2.6410130199675783,-0.034228905266106,55.58105019529955,US
CTAS,Cintas Corporation,Industrials,Specialty Business Services,205.91000366210935,0.7141143241184774,-0.1528344427510077,72.09300197125371,US
CTBI,"Community Trust Bancorp, Inc.",Financial Services,Banks - Regional,76.1500015258789,1.628187929713452,0.0511135332750698,65.04516261608498,US
CTEC,Global X ClimateTech ETF,ETF,ETF,54.02170181274414,-4.313546394750654,-0.0844551852058961,32.678395882847354,US
CTEF,Castellan Targeted Equity ETF,ETF,ETF,89.2614974975586,0.6818410646747759,0.0139987130847755,48.418245066263,US
CTEV,Claritev Corporation,Healthcare,Health Information Services,21.61000061035156,-28.891079156413387,-0.1960393523188737,30.068129899201185,US
CTEX,ProShares S&P Kensho Cleantech ETF,ETF,ETF,33.799400329589844,-6.775706514940143,-0.0712229173357124,32.354522699801564,US
CTGO,Contango Silver & Gold Inc.,Basic Materials,Gold,15.800000190734863,-1.2499988079071045,-0.0135065392462934,43.95298530118459,US
CTIF,Castellan Targeted Income ETF,ETF,ETF,52.720699310302734,-0.2031116197566776,0.0019040863443955,57.46430765921562,US
CTKB,"Cytek Biosciences, Inc.",Healthcare,Medical Devices,4.460000038146973,-3.463200246221375,-0.0088639263181829,50.39607243457201,US
CTMA,Corgi U.S. Equities 30% Structured Buffer ETF - May Series,ETF,ETF,25.299999237060547,-0.6674522217392069,-0.0089688877817263,43.40720426695689,US
CTMX,"CytomX Therapeutics, Inc.",Healthcare,Biotechnology,3.240000009536743,-10.497234476117963,-0.0082660136396968,36.6709185708683,US
CTNM,"Contineum Therapeutics, Inc.",Healthcare,Biotechnology,14.0600004196167,-1.1946530434878182,-0.0079354466972715,49.588948075184135,US
CTO,"CTO Realty Growth, Inc.",Real Estate,REIT - Diversified,22.0,-0.9900959502832654,-0.0176218060357268,57.810502121541205,US
CTRN,"Citi Trends, Inc.",Consumer Cyclical,Apparel Retail,62.91999816894531,-2.009034315403523,-0.149648748606443,58.4886996000145,US
CTS,CTS Corporation,Technology,Electronic Components,59.9900016784668,0.9932662246327456,0.0151655293831814,44.96184549869668,US
CTVA,"Corteva, Inc.",Basic Materials,Agricultural Inputs,89.25,2.23367340214878,0.0219355093135749,69.75129466742568,US
CURE,Direxion Daily Healthcare Bull 3X Shares,ETF,ETF,118.8000030517578,2.387317333106089,0.3125285296419102,58.62497726765008,US
CUT,Invesco MSCI Global Timber ETF,ETF,ETF,28.986299514770508,1.7063140869140625,0.0401464381300847,60.72654480021235,US
CUZ,Cousins Properties Incorporated,Real Estate,REIT - Office,32.150001525878906,1.2279637726274697,0.0180702753562975,68.782487282923,US
CVBF,CVBF,N/A,N/A,22.559999465942383,-1.139352464324556,0.0066557259613997,57.31460365400366,US
CVCO,"Cavco Industries, Inc.",Consumer Cyclical,Residential Construction,569.77001953125,0.6269734399718528,0.5747371467222822,49.14564657319213,US
CVLC,Calvert US Large-Cap Core Responsible Index ETF,ETF,ETF,92.74500274658205,-0.514878772212914,-0.0195774307406703,45.35649313432661,US
CVLT,"Commvault Systems, Inc.",Technology,Software - Application,142.30999755859375,-3.720993228363819,-0.0134966116597716,53.11740382843253,US
CVNA,Carvana Co.,Consumer Cyclical,Auto & Truck Dealerships,60.459999084472656,-10.21680669374607,-0.136654656903263,38.983021150047065,US
CVNY,YieldMax CVNA Option Income Strategy ETF,ETF,ETF,19.049999237060547,-9.913928476914853,-0.049903703070135,37.985628783001694,US
CVRD,Madison Covered Call ETF,ETF,ETF,17.832000732421875,-1.800758065766396,-0.0135999638097347,43.585516296512935,US
CVRT,Calamos Convertible Equity Alternative ETF,ETF,ETF,47.36529922485352,0.2652361175588877,-0.020234081938301,38.847923959632304,US
CVS,CVS Health Corporation,Healthcare,Healthcare Plans,107.73999786376952,0.8718797494535037,-0.0329157878658858,63.716564024657295,US
CVSA,Covista Inc.,Consumer Defensive,Education & Training Services,115.83999633789062,-1.8305115780587924,0.2646593451074333,41.54582798056156,US
CVSB,Calvert Ultra-Short Investment Grade ETF,ETF,ETF,50.7599983215332,0.0492711360617196,-0.0002520836625095,74.35578471265868,US
CVSM,Cresalta Small And Mid-Cap ETF,ETF,ETF,26.61000061035156,1.5261409380051272,0.0231260945827855,64.3731667147865,US
CVX,Chevron Corporation,Energy,Oil & Gas Integrated,194.7899932861328,3.954524607870792,-0.123605401960388,71.43703826912731,US
CW,Curtiss-Wright Corporation,Industrials,Aerospace & Defense,750.1900024414062,5.982986830241063,1.6488155764640946,52.31771950048093,US
CWB,State Street SPDR Bloomberg Convertible Securities ETF,ETF,ETF,101.4800033569336,-0.0098477751958899,-0.0565391121781518,39.353665206361455,US
CWBC,Community West Bancshares,Financial Services,Banks - Regional,25.0,-7.952871353266672,-0.1211801668286931,36.721775530154886,US
CWCO,Consolidated Water Co. Ltd.,Utilities,Utilities - Regulated Water,29.31999969482422,0.5142256364002413,0.0038484088169832,50.12634872131808,US
CWEB,Direxion Daily CSI China Internet Bull 2X Shares,ETF,ETF,21.56999969482422,-4.303465755562198,-0.0841953405790883,48.2178399800645,US
CWH,"Camping World Holdings, Inc.",Consumer Cyclical,Auto & Truck Dealerships,5.710000038146973,-7.605174809818741,1.4453340732634157e-05,36.33595149529644,US
CWI,State Street SPDR MSCI ACWI ex-US ETF,ETF,ETF,39.650001525878906,0.3289500673315295,-0.0067686726619782,45.69975853547108,US
CWST,"Casella Waste Systems, Inc.",Industrials,Waste Management,89.38999938964844,-6.593519080263306,-0.0758342389825401,42.46399602738236,US
CWVX,Tradr 2X Long CRWV Daily ETF,ETF,ETF,12.6899995803833,-5.720657173710359,-0.1039113605413883,34.35734153263006,US
CXM,"Sprinklr, Inc.",Technology,Software - Application,5.690000057220459,-2.401369953991348,-0.0032553240430007,56.258803294879904,US
CXRN,Teucrium 2x Daily Corn ETF,ETF,ETF,18.40999984741211,8.325971981785074,-0.0063061114404993,65.47757766864092,US
CXSE,WisdomTree China ex-State-Owned Enterprises Fund,ETF,ETF,37.490699768066406,0.376710307077525,-0.0291211918541362,43.17076614052237,US
CYD,China Yuchai International Limited,Consumer Cyclical,Auto Manufacturers,45.06999969482422,2.665143800178691,-0.0063942129081016,46.544843467421465,US
CYH,"Community Health Systems, Inc.",Healthcare,Medical Care Facilities,2.7300000190734863,-17.272725499365915,-0.0144908641424856,35.95195828035202,US
CYRX,"Cryoport, Inc.",Industrials,Integrated Freight & Logistics,15.369999885559082,-6.904908101263922,-0.0585582686994844,47.3025578603492,US
CZA,Invesco Zacks Mid-Cap ETF,ETF,ETF,124.4729995727539,0.3976417183995355,0.0718910732780866,63.07872932343759,US
CZNC,Citizens & Northern Corporation,Financial Services,Banks - Regional,24.350000381469727,4.327335999480914,0.0632360718252363,66.19196906294408,US
CZR,"Caesars Entertainment, Inc.",Consumer Cyclical,Resorts & Casinos,29.940000534057617,0.2679166847649732,0.0048917987685539,54.30360297395888,US
D,"Dominion Energy, Inc.",Utilities,Utilities - Regulated Electric,71.0999984741211,0.0844560217068299,-0.0104975117138714,59.26714492968937,US
DAC,Danaos Corporation,Industrials,Marine Shipping,140.22000122070312,12.190908179144651,0.3631329395559597,74.08873715853133,US
DAKT,"Daktronics, Inc.",Technology,Electronic Components,19.479999542236328,1.8828383221836904,0.0033309668575946,46.68353395695901,US
DAL,"Delta Air Lines, Inc.",Industrials,Airlines,85.05999755859375,1.0573831638466216,0.2139801901661082,49.504186452508655,US
DAMD,Defiance Daily Target 2X Short AMD ETF,EQUITY,EQUITY,1.5700000524520874,-12.777772553172976,-0.000993445650019,42.266938126468055,US
DAO,"Youdao, Inc.",Consumer Defensive,Education & Training Services,15.359999656677246,5.56700656580179,0.0026061343433678,66.67993959443663,US
DASH,"DoorDash, Inc.",Consumer Cyclical,Internet Retail,172.91000366210938,-6.098618314739912,-0.2709860292792836,43.27034842742191,US
DAT,ProShares Big Data Refiners ETF,ETF,ETF,40.90599822998047,-7.349782960310767,-0.1429662999812381,39.238917321586975,US
DAVE,Dave Inc.,Technology,Software - Application,402.80999755859375,-8.539579202231645,-2.165795687570423,57.95912230769908,US
DAX,Global X DAX Germany ETF,ETF,ETF,44.095001220703125,0.6275708073804207,0.017258117522028,48.9015974201517,US
DBAW,Xtrackers MSCI All World ex US Hedged Equity ETF,ETF,ETF,47.26499938964844,0.3503204264815482,-0.0063626982398438,46.81308397442226,US
DBCA,D. Boral Acquisition I Corp.,Financial Services,Shell Companies,9.970000267028809,-0.1001931429475685,-0.0005646024655987,46.42253630029647,US
DBE,Invesco DB Energy Fund,ETF,ETF,32.209999084472656,6.303630018168283,-0.0399990607748659,67.27555181904255,US
DBEF,Xtrackers MSCI EAFE Hedged Equity ETF,ETF,ETF,54.68000030517578,0.7926272906466013,0.0114418883280569,54.35875445163755,US
DBEU,Xtrackers MSCI Europe Hedged Equity ETF,ETF,ETF,53.77349853515625,0.5676029690001455,0.0171717820937951,54.825521205381015,US
DBEZ,Xtrackers MSCI Eurozone Hedged Equity ETF,ETF,ETF,61.82899856567383,0.5055382187476262,0.0101025560175717,51.05076006995618,US
DBIN,"Dacotah Banks, Inc.",Financial Services,Banks - Regional,46.0,-8.110270199587303,-0.0209267749333992,50.55947979534058,US
DBJP,Xtrackers MSCI Japan Hedged Equity ETF,ETF,ETF,113.13500213623048,1.7309622044827306,0.0339663652000108,49.71635928645236,US
DBMF,iMGP DBi Managed Futures Strategy ETF,ETF,ETF,31.40999984741211,1.749267876573601,-0.0040268963900084,65.26297589898363,US
DBND,DoubleLine Opportunistic Core Bond ETF,ETF,ETF,44.90499877929688,-0.8172340897007812,-0.0030874323616933,36.20896309635046,US
DBO,Invesco DB Oil Fund,ETF,ETF,22.71999931335449,10.45211303076126,-0.0142724759950356,68.72861452292412,US
DBP,Invesco DB Precious Metals Fund,ETF,ETF,92.88379669189452,1.4347460974651198,-0.0095737004412077,43.658098391779646,US
DBX,"Dropbox, Inc.",Technology,Software - Infrastructure,29.190000534057617,-4.670151097264251,-0.0153217922621523,54.52638981634895,US
DC,Dakota Gold Corp.,Basic Materials,Gold,4.650000095367432,11.51079161370382,0.0025803383018986,52.67072696567282,US
DCH,Dauch Corporation,Consumer Cyclical,Auto Parts,5.480000019073486,0.7352934086817846,-0.0075098701280695,48.18891172003181,US
DCOM,"Dime Commercial Bancshares, Inc.",Financial Services,Banks - Regional,39.560001373291016,-1.884916486323194,-0.0023787021193106,50.93642535045457,US
DCOR,Dimensional US Core Equity 1 ETF,ETF,ETF,81.86000061035156,-0.2923238346285493,-0.0173210863127443,50.02846532431338,US
DCRE,DCRE,N/A,N/A,51.560001373291016,-0.2128832969853037,-0.0015510904128432,49.784620598548685,US
DCTH,"Delcath Systems, Inc.",Healthcare,Medical Devices,12.220000267028809,-4.605777777215284,-0.017537397223911,45.21395280836325,US
DDD,3D Systems Corporation,Technology,Computer Hardware,2.569999933242798,-4.460971056694165,-0.0009124305172734,38.20089409055055,US
DDDD,YieldMax U.S. Stocks Target Double Distribution ETF,EQUITY,EQUITY,32.65850067138672,0.9536389855239602,0.0227180417182244,60.45341623727633,US
DDFF,Innovator Equity Dual Directional 15 Buffer ETF - February,ETF,ETF,19.979999542236328,-0.1000022888183593,-0.0019651969774293,52.181148818779576,US
DDFJ,Innovator Equity Dual Directional 15 Buffer ETF - January,ETF,ETF,19.769899368286133,-0.1268032731046692,-0.0032883805504441,51.17379740893602,US
DDFL,Innovator Equity Dual Directional 15 Buffer ETF - July,ETF,ETF,21.170000076293945,-0.2497266999336027,-0.002732895945942,45.329321386356185,US
DDFY,Innovator Equity Dual Directional 15 Buffer ETF - May,ETF,ETF,20.04199981689453,0.0599057905026611,-0.0004546492118286,50.39629379355051,US
DDI,"DoubleDown Interactive Co., Ltd.",Communication Services,Electronic Gaming & Multimedia,11.420000076293944,0.7943526318970308,0.0062662345504089,52.15340621313105,US
DDIV,First Trust Dorsey Wright Momentum & Dividend ETF,ETF,ETF,47.494998931884766,0.3634534233809181,-0.0160788318451394,68.3740244255787,US
DDL,Dingdong (Cayman) Limited,Consumer Defensive,Grocery Stores,2.4200000762939453,6.607933772149559,-0.0026380589974858,62.82515179527705,US
DDM,ProShares Ultra Dow30,ETF,ETF,64.33999633789062,-0.9849291874108188,0.0046791637173663,48.00853627470891,US
DDNQ,Innovator Growth-100 Dual Directional 5 Buffer ETF,ETF,ETF,19.940900802612305,-1.204415440263105,-0.0149442472057193,33.42868012942917,US
DDOG,"Datadog, Inc.",Technology,Software - Application,246.8600006103516,-4.573041756313796,-0.1749991519515106,49.12796960344884,US
DDSQ,Innovator Equity Dual Directional 5 Buffer ETF,ETF,ETF,21.01070022583008,-0.3760072365294973,-0.004076907061761,45.8962662861386,US
DDTD,Innovator Equity Dual Directional 10 Buffer ETF - December,ETF,ETF,20.309999465942383,-0.2210762825151177,-0.0044690762266991,49.1646207153895,US
DDTF,Innovator Equity Dual Directional 10 Buffer ETF - February,ETF,ETF,20.200000762939453,-0.6882959124787674,-0.0079137108883043,48.540902970905215,US
DDTL,Innovator Equity Dual Directional 10 Buffer ETF - July,ETF,ETF,21.84000015258789,-0.4103974069104292,-0.0049223998091116,43.85318586149731,US
DDTO,Innovator Equity Dual Directional 10 Buffer ETF - October,ETF,ETF,22.950000762939453,-0.1305429934484482,-0.0036688802115548,51.10529195508528,US
DDTS,Innovator Equity Dual Directional 10 Buffer ETF - September,ETF,ETF,22.604999542236328,-0.0663187287378487,-0.0031325148840303,54.39325215469759,US
DDTY,Innovator Equity Dual Directional 10 Buffer ETF - May,ETF,ETF,20.153200149536133,-0.2810437283995824,-0.0036319670428247,47.51469377259448,US
DDTZ,Innovator Equity Dual Directional 10 Buffer ETF - June,ETF,ETF,19.24029922485352,-0.3609541326596076,-0.0057557234229952,44.58151802722572,US
DDX,EA Series Trust - Defined Duration 10 ETF,ETF,ETF,24.997499465942383,-0.1098907213070547,0.000702878987638,47.60767204960325,US
DDXX,Defined Duration 20 ETF,ETF,ETF,27.572999954223636,0.1925853763749093,0.0013170523796011,47.49197648990346,US
DE,Deere & Company,Industrials,Farm & Heavy Construction Machinery,628.1599731445312,5.177145438305683,1.9090567103093503,62.740945121917335,US
DEC,Diversified Energy Company,Energy,Oil & Gas Integrated,13.229999542236328,-0.973054773814644,-0.0025762526563474,44.930538294998016,US
DECM,FT Vest U.S. Equity Max Buffer ETF - December,ETF,ETF,33.80500030517578,0.0443900243919345,-0.000897850298867,56.928013447148125,US
DECO,State Street Galaxy Digital Asset Ecosystem ETF,ETF,ETF,75.00240325927734,2.5351350251964635,-0.1390204347810246,46.25749975923415,US
DECP,PGIM S&P 500 Buffer 12 ETF - Dec,ETF,ETF,32.446998596191406,-0.0708426967876185,-0.0074611363466637,49.70068296214654,US
DECW,Allianzim U.S. Equity Buffer20 Dec ETF,ETF,ETF,35.66999816894531,-0.1539546746674406,-0.0060137852172475,50.50823064242727,US
DEED,First Trust Securitized Plus ETF,ETF,ETF,21.020000457763672,-1.1290745833738922,-0.0032520322777246,34.859949899963226,US
DEEF,Xtrackers FTSE Developed ex US Multifactor ETF,ETF,ETF,38.79999923706055,-0.6173026482153654,-0.0254190997673484,47.91231172487716,US
DEEP,Acquirers Small and Micro Deep Value ETF,ETF,ETF,42.27149963378906,-0.7944167371832083,-0.0119137646222091,52.12151566945925,US
DEI,"Douglas Emmett, Inc.",Real Estate,REIT - Office,12.279999732971191,-1.8385331071349016,0.0026352572661016,54.04964230157482,US
DELL,Dell Technologies Inc.,Technology,Computer Hardware,437.5,10.567434759159124,1.162375032744123,56.6840086305947,US
DEM,WisdomTree Emerging Markets High Dividend Fund,ETF,ETF,53.380001068115234,0.9837314637901088,0.0065185056656095,48.02409614677669,US
DEMZ,Democratic Large Cap Core ETF,ETF,ETF,46.285301208496094,-1.059611894229949,-0.004451396204505,45.85380898845974,US
DESK,Vaneck Office And Commercial REIT ETF,ETF,ETF,43.13999938964844,-0.2081891129791921,0.0343737967520112,62.55461157517699,US
DFAE,Dimensional Emerging Core Equity Market ETF,ETF,ETF,37.36000061035156,-0.0267549419828117,-0.0162899334901499,40.46046662620752,US
DFAI,Dimensional International Core Equity Market ETF,ETF,ETF,41.40999984741211,0.1451061076303727,0.0018253079267722,51.09477252369379,US
DFAS,Dimensional U.S. Small Cap ETF,ETF,ETF,80.73999786376953,-0.4684478179810113,0.0003091538591835,51.31772306363953,US
DFAT,Dimensional U.S. Targeted Value ETF,ETF,ETF,70.56999969482422,-0.0566504959376526,0.0070643729404455,58.75906382295094,US
DFAU,Dimensional US Core Equity Market ETF,ETF,ETF,51.25,-0.5047531159101467,-0.0157169551482341,46.76350879484308,US
DFAX,Dimensional World ex U.S. Core Equity 2 ETF,ETF,ETF,36.09999847412109,0.0831682271990138,-0.006669764007386,44.71853807228296,US
DFCA,Dimensional California Municipal Bond ETF,ETF,ETF,49.47969818115234,-0.7328324007493325,-0.0041449654966942,26.86202910677835,US
DFCF,Dimensional Core Fixed Income ETF,ETF,ETF,41.5,-0.8446768859126125,-0.0005630184306435,36.81051310105479,US
DFE,WisdomTree Europe SmallCap Dividend Fund,ETF,ETF,74.30729675292969,0.1580998890195133,-0.0037802952433426,54.76822014006965,US
DFEM,Dimensional Emerging Markets Core Equity 2 ETF,ETF,ETF,37.7400016784668,-0.0794248846526257,-0.0158684466581395,39.94166148373032,US
DFGP,Dimensional Global Core Plus Fixed Income ETF,ETF,ETF,53.275001525878906,-0.6581758042430602,-0.001589244037417,37.64261593936814,US
DFGR,Dimensional Global Real Estate ETF,ETF,ETF,30.15999984741211,0.7348006326995105,0.0179886764872426,65.49222419141213,US
DFH,"Dream Finders Homes, Inc.",Consumer Cyclical,Residential Construction,15.920000076293944,0.5050500185316258,0.0709770570643446,52.272373449752784,US
DFIC,Dimensional International Core Equity 2 ETF,ETF,ETF,37.4900016784668,0.3479685920540756,0.002976331143728,50.96551386354636,US
DFIS,Dimensional International Small Cap ETF,ETF,ETF,35.400001525878906,0.368588223498643,0.0037197051155523,49.96555596226908,US
DFIV,Dimensional International Value ETF,ETF,ETF,55.95000076293945,0.3947626458105239,-0.008324907688161,57.5967586060199,US
DFLV,Dimensional US Large Cap Value ETF,ETF,ETF,40.61000061035156,1.626630482410293,0.0197769464661937,67.57513356870554,US
DFMC,DFA US Micro Cap Portfolio ETF Class,EQUITY,EQUITY,59.68999862670898,-0.8965647013639237,-0.0120301035087387,51.57227200360696,US
DFP,Flaherty & Crumrine Dynamic Preferred and Income Fund Inc.,Financial Services,Asset Management,20.61000061035156,-1.387555088381883,-0.0257644933796524,46.05148792813372,US
DFSB,Dimensional Global Sustainability Fixed Income ETF,ETF,ETF,50.74300003051758,-0.6425531285558901,-0.0002605816776972,35.51422102776442,US
DFSD,Dimensional Short-Duration Fixed Income ETF,ETF,ETF,47.220001220703125,-0.332751814104081,-0.0003781250057682,43.04343600576987,US
DFSE,Dimensional Emerging Markets Sustainability Core 1 ETF,ETF,ETF,45.949798583984375,0.0343982164084641,-0.021228290059568,41.02340452823596,US
DFSV,Dimensional US Small Cap Value ETF,ETF,ETF,39.52999877929688,0.025299396299068,-0.0031611361079604,59.84673520145445,US
DFTX,"Definium Therapeutics, Inc.",Healthcare,Biotechnology,43.16999816894531,-2.528793685776097,-0.0192166354881653,56.85698089184502,US
DFUS,Dimensional U.S. Equity Market ETF,ETF,ETF,80.7300033569336,-0.6155361065331302,-0.0301423306810649,44.98276864294292,US
DFUV,Dimensional US Marketwide Value ETF,ETF,ETF,55.459999084472656,1.2413295369272177,0.0229989902533899,60.875775122693305,US
DFVE,Doubleline Fortune 500 Equal Weight ETF,ETF,ETF,36.28799819946289,0.3706336044089013,0.0123933915603408,59.83213575314911,US
DFVX,Dimensional US Large Cap Vector ETF,ETF,ETF,81.97000122070312,-0.4614417249046881,-0.0169635556463523,47.19959626352924,US
DG,Dollar General Corporation,Consumer Defensive,Discount Stores,117.2300033569336,-6.7753452429951535,-0.2463553975986236,49.00550148108231,US
DGAP,FT Vest U.S. Equity Buffer & Digital Return ETF - April,ETF,ETF,30.53019905090332,0.000649735517036,-0.0021677659888988,52.93255305806375,US
DGCB,Dimensional Global Credit ETF,ETF,ETF,53.22499847412109,-0.5288308260363453,0.0059355489070771,38.67085727870042,US
DGICA,Donegal Group Inc.,Financial Services,Insurance - Property & Casualty,18.76000022888184,0.2672429014209594,0.027345041933731,55.31212677696569,US
DGJA,FT Vest U.S. Equity Buffer & Digital Return ETF - January,ETF,ETF,31.670000076293945,0.0631926003309084,-0.0018347563433947,56.680453781946746,US
DGLO,First Trust RBA Deglobalization ETF,ETF,ETF,24.313100814819336,1.53727761405937,0.0095138856447476,65.07040934461341,US
DGOC,FT Vest U.S. Equity Buffer & Digital Return ETF October,ETF,ETF,32.58000183105469,0.0460715644968517,-0.001103834098987,62.75238201060823,US
DGP,DB Gold Double Long ETN,ETF,ETF,132.51699829101562,2.662687024485344,-0.0054669461243754,44.640143056979824,US
DGRE,DGRE,N/A,N/A,37.94990158081055,0.7002620364749672,-0.0051409743118611,42.66574409798309,US
DGRW,WisdomTree U.S. Quality Dividend Growth Fund,ETF,ETF,95.44000244140624,-0.448524348447577,-0.0123564157818051,46.58892902650398,US
DGT,State Street SPDR Global Dow ETF,ETF,ETF,185.38999938964844,0.6624321186038005,0.0386797053653904,52.913079945106055,US
DGX,Quest Diagnostics Incorporated,Healthcare,Diagnostics & Research,227.8600006103516,8.154551230219994,0.7221353549813196,72.67547460693663,US
DHI,"D.R. Horton, Inc.",Consumer Cyclical,Residential Construction,146.75999450683594,-1.7604959458850755,0.3953688891898428,44.69388365355271,US
DHLX,Diamond Hill Large Cap Concentrated ETF,ETF,ETF,13.30459976196289,-1.2572377574342042,-0.0030230156779082,52.70358653911971,US
DHR,Danaher Corporation,Healthcare,Diagnostics & Research,191.5,-6.049159456552652,0.1891000776614513,50.34988757594667,US
DIEM,Franklin Emerging Market Core Dividend Tilt Index ETF,ETF,ETF,40.63320159912109,0.1804739234508036,-0.0227142700485551,42.37290096818999,US
DIG,ProShares Ultra Energy,ETF,ETF,61.630001068115234,6.977955936770715,-0.0248806023164662,69.18120988850603,US
DIHP,Dimensional International High Profitability ETF,ETF,ETF,33.82500076293945,-0.0443244372955194,-0.0008588908829999,48.338804337812746,US
DIM,WisdomTree International MidCap Dividend Fund,ETF,ETF,86.28089904785156,0.5604848239966324,0.0146363115167507,53.47446429168918,US
DIN,"Dine Brands Global, Inc.",Consumer Cyclical,Restaurants,34.09000015258789,-5.068225292558387,-0.0167642372863211,48.39103474425557,US
DINE,Simplify Tax Aware Diversified Income Strategy ETF,EQUITY,EQUITY,24.96500015258789,-1.0110989996402355,-0.0071351441839798,32.6207662121673,US
DIOD,Diodes Incorporated,Technology,Semiconductors,87.11000061035156,0.1034290631546785,-0.1845169195478204,39.716128934229154,US
DIPR,Corgi Space & Satellite Communi,ETF,ETF,21.15570068359375,-1.2338907178282512,0.0129929046892245,32.89657461335899,US
DIPS,YieldMax Short NVDA Option Income Strategy ETF,ETF,ETF,37.89239883422852,-0.5891534280865329,0.0447710958292378,50.72681350140173,US
DIS,The Walt Disney Company,Communication Services,Entertainment,94.8499984741211,-2.8872732135679025,0.0101072562254421,42.67585462458021,US
DISV,Dimensional International Small Cap Value ETF,ETF,ETF,41.560001373291016,1.0454663117164995,0.0069020245544773,56.27773939775831,US
DIV,Global X SuperDividend U.S. ETF,ETF,ETF,19.90999984741211,1.2201310126450329,-9.613839838992776e-05,69.04784135233902,US
DIVD,Altrius Global Dividend ETF,ETF,ETF,43.90480041503906,0.3836589276668429,-0.0002570065767669,61.49654654577069,US
DIVI,DIVI,N/A,N/A,42.66999816894531,0.0703536109903362,-0.0014496200558102,50.4607831288614,US
DIVL,Madison Dividend Value ETF,ETF,ETF,25.11100006103516,0.0836983193286254,0.0019863753909224,60.10894206643078,US
DIVN,Horizon Dividend Income ETF,ETF,ETF,29.816200256347656,0.5503671773169787,0.014581042469635,60.538516723873,US
DIVO,Amplify CWP Enhanced Dividend Income ETF,ETF,ETF,46.66999816894531,0.6686746214678257,0.006043450167664,58.54358563991551,US
DIVP,Cullen Enhanced Equity Income ETF,ETF,ETF,27.709999084472656,1.3718676149984383,0.0198228993507651,63.19117849565037,US
DIVY,Tidal ETF Trust - Sound Equity Income ETF,ETF,ETF,30.079200744628903,0.5388110201121432,0.0160611556815652,61.38534441290742,US
DIVZ,Polen Dividend Income ETF,ETF,ETF,39.09999847412109,1.2454983282362375,0.022986751589142,66.09969362722373,US
DJAN,DJAN,N/A,N/A,45.47999954223633,-0.1865446878842482,-0.0089518108850063,48.9091346007796,US
DJCO,Daily Journal Corporation,Technology,Software - Application,575.0999755859375,-3.0398106904804587,-0.6154025641251284,52.00061876801802,US
DJIA,Global X Dow 30 Covered Call ETF,ETF,ETF,22.25,-0.5141952707134525,-0.0072580584305726,60.06816996881568,US
DJP,iPath Bloomberg Commodity Index Total Return(SM) ETN,ETF,ETF,48.4900016784668,3.03867459295779,-0.0388179981633368,66.00956970751929,US
DJT,Trump Media & Technology Group Corp.,Communication Services,Internet Content & Information,8.5600004196167,-11.38715781750346,-0.0679986281759286,46.93045933134808,US
DJTU,T-Rex 2X Long DJT Daily Target ETF,ETF,ETF,11.300000190734863,-22.443373868092635,-0.1857548969924034,44.826182854001175,US
DKNX,Defiance Daily Target 2X Long DKNG ETF,ETF,ETF,15.896900177001951,-15.527392684148989,0.0241346773721105,34.43402484851177,US
DKS,"DICK'S Sporting Goods, Inc.",Consumer Cyclical,Specialty Retail,206.0399932861328,-5.207953299793856,0.1020289643311098,38.76416089800724,US
DLB,"Dolby Laboratories, Inc.",Industrials,Specialty Business Services,49.86000061035156,1.609946852334444,0.0443183814233849,44.3957805389793,US
DLFE,FT Vest U.S. Equity Dual Directional Buffer ETF - February,ETF,ETF,31.705400466918945,-0.1404709703340305,-0.0053565702418078,49.71160622326127,US
DLMY,FT Vest U.S. Equity Dual Directional Buffer ETF - May,ETF,ETF,29.770000457763672,-0.3014070688152976,-0.0067801807707276,46.07454388491583,US
DLN,WisdomTree U.S. LargeCap Dividend Fund,ETF,ETF,98.3499984741211,0.613809180686541,0.0168917183666901,60.62931352019575,US
DLNV,FT Vest U.S. Equity Dual Directional Buffer ETF November,ETF,ETF,32.935001373291016,-0.1061566457878431,-0.0048607324747282,51.35686033688745,US
DLR,"Digital Realty Trust, Inc.",Real Estate,REIT - Specialty,199.0800018310547,14.492751461115889,1.3853910126126805,68.66220776544759,US
DLS,WisdomTree International SmallCap Dividend Fund,ETF,ETF,84.802001953125,0.3336551363691139,0.0122583859383277,51.133295343251326,US
DLTR,"Dollar Tree, Inc.",Consumer Defensive,Discount Stores,120.4499969482422,-4.359222952785232,-0.1123507480689163,50.326106266669726,US
DLUX,DoubleLine Ultrashort Income ETF,EQUITY,EQUITY,50.34999847412109,0.0,0.0005561665001136,66.0317846416736,US
DMBS,Doubleline Etf Trust - Mortgage ETF,ETF,ETF,48.26499938964844,-0.8117559782209478,-0.0008353621334518,37.0778435032011,US
DMII,Drugs Made In America Acquisition II Corp.,Financial Services,Shell Companies,10.100000381469728,0.1984172412207561,0.0008364532173317,57.38594290544759,US
DMLP,"Dorchester Minerals, L.P.",Energy,Oil & Gas E&P,27.790000915527344,1.9816547358801608,0.0042498550785653,68.36372949845733,US
DMRA,"Damora Therapeutics, Inc.",Healthcare,Biotechnology,28.81999969482422,-8.449809040953829,-0.1781182108942096,52.0704631664137,US
DNA,"Ginkgo Bioworks Holdings, Inc.",Healthcare,Biotechnology,7.360000133514404,-6.953220284544592,-0.0063088977497399,35.05894307924679,US
DNL,WisdomTree Global ex-U.S. Quality Growth Fund,ETF,ETF,44.150001525878906,-1.3407787131197626,-0.039774812825697,40.891946026916216,US
DNLI,Denali Therapeutics Inc.,Healthcare,Biotechnology,23.11000061035156,-0.7728651700300098,0.0191654771631912,46.12920928054558,US
DNP,DNP Select Income Fund Inc.,Financial Services,Asset Management,11.100000381469728,0.2710089202580072,0.0028769816362779,64.0419208131922,US
DNTH,"Dianthus Therapeutics, Inc.",Healthcare,Biotechnology,103.87000274658205,-1.6382535535386626,-0.1290374150952544,58.90255545399128,US
DNUT,"Krispy Kreme, Inc.",Consumer Defensive,Grocery Stores,3.150000095367432,-4.545450276251277,0.0037166731410788,38.855173776530975,US
DOGG,FT Vest DJIA Dogs 10 Target Income ETF,ETF,ETF,21.75,0.5221246692314215,0.011014270957434,57.30059793705675,US
DOL,WisdomTree True Developed International Fund,ETF,ETF,73.8948974609375,0.5646353906497975,-0.0004292298074009,50.18439263901679,US
DOLE,Dole plc,Consumer Defensive,Farm Products,14.140000343322754,-1.9417457107472744,-0.0047352469614209,50.00782320526034,US
DON,WisdomTree U.S. MidCap Dividend Fund,ETF,ETF,57.54999923706055,0.3662348864908025,0.0144587288290173,61.273368800702,US
DORM,"Dorman Products, Inc.",Consumer Cyclical,Auto Parts,134.1999969482422,-5.472990213180232,-0.0819112208066541,49.66594700243483,US
DOV,Dover Corporation,Industrials,Specialty Industrial Machinery,202.1999969482422,-5.593424286681152,-0.1838096931825568,38.52165053687952,US
DOW,Dow Inc.,Basic Materials,Chemicals,29.84000015258789,-0.2673794234694531,-0.0933572152804492,45.76649853666397,US
DOX,Amdocs Limited,Technology,Software - Infrastructure,52.09999847412109,-1.0070351192054818,0.0215452270024556,46.05228187748465,US
DPG,Duff & Phelps Utility and Infrastructure Fund Inc.,Financial Services,Asset Management,14.970000267028809,1.6983695344080438,-0.0022394746851249,63.017815054326185,US
DPRE,Virtus Duff & Phelps Real Estat,EQUITY,EQUITY,26.63999938964844,-0.3409250156191892,-0.0108276861077061,58.97048857079605,US
DQ,Daqo New Energy Corp.,Technology,Semiconductor Equipment & Materials,11.670000076293944,-3.871501266367906,-0.0158252970026699,34.071531617331246,US
DRAI,Draco Evolution AI ETF,ETF,ETF,33.18399810791016,-0.542495313804996,-0.0070898311159994,41.3805359966158,US
DRAM,Roundhill Memory ETF,ETF,ETF,53.20000076293945,0.9104695203380088,-0.0701994521170505,41.81080266348805,US
DRAY,YieldMax DKNG Option Income Strategy ETF,EQUITY,EQUITY,14.299200057983398,-7.844995579032432,0.0005528731822348,33.52239498477479,US
DRGN,Themes China Generative Artificial Intelligence ETF,ETF,ETF,35.1150016784668,0.644890492274172,-0.0473100423215573,43.57933935118179,US
DRI,"Darden Restaurants, Inc.",Consumer Cyclical,Restaurants,196.30999755859372,-1.1182195307274798,0.2636244313489109,44.86156832017597,US
DRLL,Strive U.S. Energy ETF,ETF,ETF,38.34989929199219,3.642777230003097,-0.0301806138147539,71.80086598601255,US
DRNZ,REX Drone ETF,ETF,ETF,20.959999084472656,4.195664621800988,0.0073193517452793,41.89686218971077,US
DRV,Direxion Daily Real Estate Bear 3X Shares,ETF,ETF,16.84000015258789,-3.329505862031248,-0.0525006404867203,37.17502191992961,US
DSCO,DoubleLine Securitized Credit ETF,ETF,ETF,24.76000022888184,-0.362173646705464,-0.0007626808731179,48.57570762216472,US
DSGN,"Design Therapeutics, Inc.",Healthcare,Biotechnology,11.779999732971191,-6.28480494059451,0.0304015755704983,38.7540144958767,US
DSGR,"Distribution Solutions Group, Inc.",Industrials,Industrial Distribution,34.5099983215332,0.0289806421252264,-0.096737639772257,83.78073634288214,US
DSI,iShares ESG MSCI KLD 400 ETF,ETF,ETF,137.89999389648438,-1.2531328868493816,-0.072691372760724,39.94979895501725,US
DSL,DoubleLine Income Solutions Fund,Financial Services,Asset Management,10.550000190734863,-0.7525862920488056,-0.0081268537218148,37.45849538216873,US
DSP,Viant Technology Inc.,Technology,Software - Application,10.699999809265137,-6.956523397694463,-0.0087987551118821,38.93953619276051,US
DSPY,Tema S&P 500 Historical Weight ETF Strategy,ETF,ETF,64.80879974365234,-0.3079618723931622,-0.0062124074786178,46.823061757011416,US
DSU,"BlackRock Debt Strategies Fund, Inc.",Financial Services,Asset Management,9.390000343322754,-0.739954487758441,-0.0052565557734439,33.55465257131873,US
DTAN,Sparkline International Intangible Value ETF,ETF,ETF,31.73539924621582,-0.4941535903372963,0.0042236141230315,48.694609778646814,US
DTCR,DTCR,N/A,N/A,28.11000061035156,2.591244531774097,0.01998584856611,41.12265167926437,US
DTE,DTE Energy Company,Utilities,Utilities - Regulated Electric,149.4600067138672,0.8570107642471307,0.1944229263080399,52.37221842342215,US
DTEC,ALPS Disruptive Technologies ETF,ETF,ETF,47.42990112304688,-2.735827285677519,-0.0115613391527209,44.24594324082672,US
DTH,WisdomTree International High Dividend Fund,ETF,ETF,56.185001373291016,0.7441293027093242,-0.0072447086638943,60.96815617164316,US
DUG,ProShares UltraShort Energy ETF,ETF,ETF,16.950000762939453,-6.042129142297928,0.0202677393682298,31.665801313442728,US
DUHP,Dimensional US High Profitability ETF,ETF,ETF,41.33000183105469,0.0242065254219293,0.0031929037325555,50.97439925626137,US
DUK,Duke Energy Corporation,Utilities,Utilities - Regulated Electric,130.52000427246094,4.407649021736603,0.1833411343484375,61.916238801698334,US
DUKH,Ocean Park High Income ETF,ETF,ETF,23.719900131225582,-0.5996762071395088,-0.0032736122198983,37.08700949111063,US
DUKX,Ocean Park International ETF,ETF,ETF,27.708499908447266,-0.0486985555284625,-0.0043704048291033,44.11170606372865,US
DUOG,Leverage Shares 2X Long DUOL Daily ETF,ETF,ETF,42.51250076293945,-16.78248055837982,-0.0455931466882737,46.0378760454778,US
DUOL,"Duolingo, Inc.",Technology,Software - Application,122.23999786376952,-8.673894441788264,-0.0654981429367249,47.58738223722423,US
DUSB,DUSB,N/A,N/A,50.67499923706055,-0.0334723121594118,-0.0012365171177738,64.71170441313323,US
DUSG,U.S. Small Cap Growth Portfolio: ETF Class Shares,EQUITY,EQUITY,51.39500045776367,-0.1651108881671987,0.0175163550536009,50.249845513673776,US
DUSL,Direxion Daily Industrials Bull 3X Shares,ETF,ETF,99.3499984741211,5.321739155753686,0.3584687960591765,56.10658816410309,US
DUST,Direxion Daily Gold Miners Index Bear 2X Shares,ETF,ETF,62.130001068115234,-11.052251359555951,-0.1410724385633481,49.83630171442248,US
DV,"DoubleVerify Holdings, Inc.",Communication Services,Advertising Agencies,10.5600004196167,-7.530644929350437,-0.0218671069131266,43.10463317764818,US
DVAL,BrandywineGLOBAL Dynamic U.S. Large Cap Value ETF,ETF,ETF,16.10580062866211,0.7683215200553242,0.007688556510762,64.45966814522544,US
DVDN,Kingsbarn Dividend Opportunity ETF,ETF,ETF,15.502900123596191,-2.5403877216481976,-0.00698359232125,40.70643626577723,US
DVN,Devon Energy Corporation,Energy,Oil & Gas E&P,45.040000915527344,2.7606640062135264,-0.01625628817977,58.84298859134994,US
DVOL,First Trust Dorsey Wright Momentum & Low Volatility ETF,ETF,ETF,37.92470169067383,0.8099488767683408,0.0119428079869424,66.68293125625252,US
DVVY,Invesco Diversified Dividend Op,ETF,ETF,26.700000762939453,-0.8908677296229291,-0.0005419642420693,51.40556052943292,US
DVXK,WEBs Technology XLK Defined Volatility ETF,ETF,ETF,35.54499816894531,-0.5706519825349207,-0.0306704964381846,42.55357450532284,US
DVY,iShares Select Dividend ETF,ETF,ETF,162.99000549316406,0.7168038367325618,0.0612182047310341,64.24351566923812,US
DVYA,iShares Asia/Pacific Dividend ETF,ETF,ETF,49.9900016784668,0.928735938839149,-0.0091010023944547,64.04215529021798,US
DWAW,AdvisorShares Dorsey Wright FSM All Cap World ETF,ETF,ETF,49.92829895019531,0.8611774439200496,-0.0003557691615249,47.71300377457389,US
DWLD,Davis Select Worldwide ETF,ETF,ETF,46.71139907836914,-0.7069969580699531,-0.0198037510163634,46.311084837453066,US
DWM,WisdomTree International Equity Fund,ETF,ETF,73.64029693603516,0.1500042956200032,0.016263084437999,52.23063133337363,US
DWX,State Street SPDR S&P International Dividend ETF,ETF,ETF,47.10499954223633,-0.8524495760996802,-0.0137252932605416,57.19559430674048,US
DXC,DXC Technology Company,Technology,Information Technology Services,10.050000190734863,6.124603034335799,0.0429571555877695,59.56593289647535,US
DXCM,"DexCom, Inc.",Healthcare,Medical Devices,71.54000091552734,-6.666667330236519,-0.0898838154342205,47.34944793576828,US
DXIV,Dimensional International Vector Equity ETF,ETF,ETF,70.90769958496094,0.5212626377392852,0.0058474842385657,51.35069875301797,US
DXJ,WisdomTree Japan Hedged Equity Fund,ETF,ETF,176.97999572753906,2.985155334200765,0.1150789938716112,56.196293701507415,US
DXYZ,Destiny Tech100 Inc.,Financial Services,Asset Management,23.299999237060547,-10.281094135112117,-0.1184652513470934,36.17542490413839,US
DYFI,IDX Dynamic Fixed Income ETF,ETF,ETF,22.520000457763672,-0.533432808611351,-0.0013561889720387,38.94116469361176,US
DYLG,Global X Dow 30 Covered Call & Growth ETF,ETF,ETF,27.78300094604492,-0.7889928814848793,-0.0147149804616635,50.90261208693101,US
DYNB,Hartford Dynamic Bond ETF,ETF,ETF,38.8849983215332,-0.7909207187261491,-0.0009158331068355,37.47123042437423,US
EA,Electronic Arts Inc.,Communication Services,Electronic Gaming & Multimedia,209.05999755859372,0.0765934259378969,-0.0469890246624262,77.28312777917236,US
EACO,EACO Corporation,Technology,Electronics & Computer Distribution,101.0,-0.0099021245608717,-0.108994632071148,58.91677191374953,US
EAFG,Pacer Developed Markets Cash Cows Growth Leaders ETF,ETF,ETF,24.834999084472656,-1.7175196118606912,-0.0078369101848806,41.36817526727264,US
EAGG,iShares ESG U.S. Aggregate Bond ETF,ETF,ETF,46.66999816894531,-0.7654701673308117,0.00012703729575,36.85392571474161,US
EAGL,Eagle Capital Select Equity ETF,ETF,ETF,32.560001373291016,-2.163453823363004,-0.0165353290959043,46.52714230844519,US
EALT,Innovator U.S. Equity 5 To 15 Buffer ETF - Quarterly,ETF,ETF,35.56999969482422,-0.6147002377071143,-0.0124447291537422,40.88935234366214,US
EAOR,iShares ESG Aware 60/40 Balanced Allocation ETF,ETF,ETF,37.03779983520508,-0.585679301468898,-0.0066203332690373,43.5773444159063,US
EASG,Xtrackers MSCI EAFE Selection Equity ETF,ETF,ETF,37.935001373291016,-0.3022282945475694,0.0007002401169088,48.83010908446255,US
EASY,Liberty One Defensive Dividend Growth ETF,ETF,ETF,27.35219955444336,0.198546479901431,0.0133738354960725,56.47704826881608,US
EAT,"Brinker International, Inc.",Consumer Cyclical,Restaurants,186.97999572753903,-1.251655822329841,-0.266890770493573,60.398092946770326,US
EBAY,eBay Inc.,Consumer Cyclical,Internet Retail,109.38999938964844,-2.3826505685485384,-0.092652818854288,44.03028565477677,US
EBC,"Eastern Bankshares, Inc.",Financial Services,Banks - Regional,22.920000076293945,-0.347825755243716,0.0038483078968784,60.24094116515283,US
EBF,"Ennis, Inc.",Industrials,Business Equipment & Supplies,21.57999992370605,0.9354573002344396,0.0125872001856232,58.98581092278562,US
EBI,Longview Advantage ETF,ETF,ETF,65.4646987915039,0.3967388042211942,-0.0062067967994512,57.5484630422578,US
EBIZ,Global X E-commerce ETF,ETF,ETF,28.670000076293945,-2.2968913220121774,-0.0282406920790044,52.11344893578278,US
EBS,Emergent BioSolutions Inc.,Healthcare,Drug Manufacturers - Specialty & Generic,7.260000228881836,-4.849277588591406,-0.0118923758043834,35.353764309166934,US
EBUF,Innovator Emerging Markets 10 Buffer ETF - Quarterly,ETF,ETF,30.920000076293945,0.4711631504825886,-0.0100424538336439,42.72324678789512,US
ECC,Eagle Point Credit Company,Financial Services,Asset Management,3.569999933242798,-3.5135165612308845,-0.0060601883761244,32.608671618323285,US
ECG,"Everus Construction Group, Inc.",Industrials,Engineering & Construction,129.99000549316406,-2.4318774587375325,-0.2231727190665569,39.92395669239355,US
ECH,iShares MSCI Chile ETF,ETF,ETF,38.61000061035156,-0.694445602742265,-0.0197875004940576,42.15961358076933,US
ECHO,EchoStar Corporation,Communication Services,Telecom Services,87.87999725341797,-4.478263854980469,-0.186601940015155,33.537980914178775,US
ECL,Ecolab Inc.,Basic Materials,Specialty Chemicals,268.75,-1.4954318707870264,0.3593458371516997,48.368761704418354,US
ECNS,iShares MSCI China Small-Cap ETF,ETF,ETF,28.290000915527344,0.3191494686275653,-0.0306884531591267,41.880746471680645,US
ECO,Okeanis Eco Tankers Corp.,Industrials,Marine Shipping,57.880001068115234,7.423904826845103,0.0298248226523372,60.91465244655345,US
ECOW,Pacer Emerging Markets Cash Cows 100 ETF,ETF,ETF,27.14069938659668,-0.645385849367842,-0.0224730804173173,50.99662748978627,US
ECPG,"Encore Capital Group, Inc.",Financial Services,Credit Services,90.15499877929688,-1.2865466201691014,0.1772185265533274,54.28807910023097,US
ECVT,Ecovyst Inc.,Basic Materials,Specialty Chemicals,12.460000038146973,-3.3359215959876134,-0.0330538429621095,48.27600966447215,US
ECX,ECARX Holdings Inc.,Consumer Cyclical,Auto Parts,0.9998999834060668,-9.100003478743735,2.5829887634408463e-05,36.537671468196194,US
ED,"Consolidated Edison, Inc.",Utilities,Utilities - Regulated Electric,113.01000213623048,0.569546475042606,0.0684104933683469,57.59222422222599,US
EDC,Direxion Daily MSCI Emerging Markets Bull 3X Shares,ETF,ETF,68.76000213623047,-0.3478229909703351,-0.1122127374551795,39.59677174891352,US
EDEN,iShares MSCI Denmark ETF,ETF,ETF,111.7020034790039,-3.6719520861387336,-0.1054827867462531,46.78428262218385,US
EDGF,3EDGE Dynamic Fixed Income ETF,ETF,ETF,24.604999542236328,-0.2028032570133451,-0.0002488538516263,46.26996259301818,US
EDGH,3EDGE Dynamic Hard Assets ETF,ETF,ETF,33.150001525878906,1.2522902455492773,-0.0140015423736384,54.78665541833791,US
EDGI,3EDGE Dynamic International Equity ETF,ETF,ETF,30.309999465942383,0.3310174925530692,-0.0021242208395857,44.47848596061242,US
EDGQ,Global X Nasdaq-100 Income Edge ETF,EQUITY,EQUITY,26.54319953918457,-1.5934524054915629,-0.0242711917975124,38.64467807927846,US
EDGU,3EDGE Dynamic US Equity ETF,ETF,ETF,30.955799102783203,-0.8303733734987612,-0.0107330153926823,42.419005976002985,US
EDGX,Global X U.S. 500 Income Edge ETF,EQUITY,EQUITY,26.21619987487793,-0.6736422119346515,-0.0102017653254309,44.44812960317612,US
EDIT,"Editas Medicine, Inc.",Healthcare,Biotechnology,2.5999999046325684,-12.751681611031133,-0.0070864377115269,36.58911061466504,US
EDOG,ALPS Emerging Sector Dividend Dogs ETF,ETF,ETF,24.059999465942383,-0.6606104539560751,-0.0189749186304028,48.89022524159438,US
EDU,New Oriental Education & Technology Group Inc.,Consumer Defensive,Education & Training Services,49.2400016784668,0.1831132244024507,-0.0247549646385732,56.701339613920986,US
EDV,Vanguard Extended Duration Treasury Index Fund ETF Shares,ETF,ETF,60.880001068115234,-2.090703169315258,0.0184534605647345,32.671506378968175,US
EE,"Excelerate Energy, Inc.",Energy,Oil & Gas Midstream,38.630001068115234,-0.8215653107989034,-0.0749689434300184,55.643861483683125,US
EEMO,Invesco S&P Emerging Markets Momentum ETF,ETF,ETF,20.51000022888184,0.0487816043016387,-0.0126376360842532,40.344028654947095,US
EEMV,iShares MSCI Emerging Markets Min Vol Factor ETF,ETF,ETF,71.56999969482422,0.8880705268347328,0.007047651625575,43.37210089491551,US
EEMX,State Street SPDR MSCI Emerging Markets Fossil Fuel Reserves Free ETF,ETF,ETF,49.84450149536133,-0.1532419958872092,-0.0355104543202983,40.74900119095116,US
EES,WisdomTree U.S. SmallCap Earnings Fund,ETF,ETF,67.23999786376953,-0.9428394454099828,-0.0223125162675011,53.2385546053293,US
EEV,ProShares UltraShort MSCI Emerging Markets,ETF,ETF,12.1899995803833,-0.1638039123766227,0.0159773267707689,57.76968542572976,US
EFAA,Invesco MSCI EAFE Income Advantage ETF,ETF,ETF,55.22999954223633,-0.0199156182711848,-0.0051455429164853,51.02135471088037,US
EFAD,ProShares MSCI EAFE Dividend Growers ETF,ETF,ETF,42.612098693847656,-1.2259802987915809,0.0034637301125048,48.25794146669856,US
EFAV,iShares MSCI EAFE Min Vol Factor ETF,ETF,ETF,90.95999908447266,-0.0988511414260942,0.0008220972378679,61.71943345511566,US
EFAX,State Street SPDR MSCI EAFE Fossil Fuel Reserves Free ETF,ETF,ETF,53.5,-0.2237951030868243,0.0002116302611283,48.23275607626736,US
EFC,Ellington Financial Inc.,Real Estate,REIT - Mortgage,13.369999885559082,-1.1825561756827423,-0.0009927338935549,46.8592518239956,US
EFG,iShares MSCI EAFE Growth ETF,ETF,ETF,119.18000030517578,-0.7164283603735963,-0.0036113224270789,43.07865491446233,US
EFIV,State Street SPDR S&P 500 ESG ETF,ETF,ETF,71.29000091552734,-0.4607676883542655,-0.0204371585098985,43.46549971901625,US
EFNL,iShares MSCI Finland ETF,ETF,ETF,50.880001068115234,-1.4717241102166814,-0.0307826730374647,40.67751413398584,US
EFO,ProShares Ultra MSCI EAFE,ETF,ETF,71.86869812011719,-0.2931516447970769,-0.0009270257953152,48.53499114334856,US
EFOR,"Everforth, Inc.",Technology,Information Technology Services,20.600000381469727,9.983987639810287,0.05920323013409,57.68079859280873,US
EFRA,iShares Environmental Infrastructure and Industrials ETF,ETF,ETF,35.72999954223633,0.6195472573979725,0.033232759216327,55.05586582175107,US
EFV,iShares MSCI EAFE Value ETF,ETF,ETF,79.05000305175781,0.7391382974792956,-9.556321962300718e-05,58.62968526967336,US
EGBN,"Eagle Bancorp, Inc.",Financial Services,Banks - Regional,28.440000534057617,3.833520145334537,0.0807717549484268,59.58574266280391,US
EGGS,NestYield Total Return Guard ETF,ETF,ETF,36.24869918823242,0.1124033498705712,-0.0469426141153934,39.24388522919704,US
EGGY,NestYield Dynamic Income ETF,ETF,ETF,34.0,0.9801064716393616,-0.0563836928311874,39.80368649224047,US
EGUS,Ishares ESG Aware MSCI USA Growth ETF,ETF,ETF,56.52999877929688,-1.918944370124904,-0.0548667543343582,42.48259786497552,US
EGY,"VAALCO Energy, Inc.",Energy,Oil & Gas E&P,5.550000190734863,4.716980962322129,-0.0057021127985872,55.3629862727526,US
EH,EHang Holdings Limited,Industrials,Aerospace & Defense,4.900000095367432,-4.296870998223223,-0.0093149985996486,29.20426589177725,US
EHLS,Even Herd Long Short ETF,ETF,ETF,26.08609962463379,1.03059617720643,0.0021216875118028,45.35994772020657,US
EHY,Amplify Ethereum Max Income Covered Call ETF,ETF,ETF,7.725100040435791,2.102829183392101,-0.0255150082782359,52.01164788768692,US
EIG,"Employers Holdings, Inc.",Financial Services,Insurance - Specialty,49.790000915527344,-1.0532567220015092,0.0163031737949705,53.7506612975043,US
EIKN,"Eikon Therapeutics, Inc.",Healthcare,Biotechnology,8.899999618530273,-8.904818817506376,-0.0273021258686133,36.90792720687983,US
EIM,Eaton Vance Municipal Bond Fund,Financial Services,Asset Management,9.56999969482422,-1.8461569761618588,-0.0071414418650693,31.51168299220859,US
EIPI,FT Energy Income Partners Enhanced Income ETF,ETF,ETF,22.6299991607666,1.6847619372478264,0.0018121856363118,66.03301153304437,US
EIPX,FT Energy Income Partners Strategy ETF,ETF,ETF,32.78400039672852,1.6243090590787377,-0.006068883632489,65.88525865004942,US
EIRL,iShares MSCI Ireland ETF,ETF,ETF,78.8230972290039,0.2966037688958337,0.0090416585697636,53.91232090532202,US
EIS,iShares MSCI Israel ETF,ETF,ETF,119.56999969482422,-0.3084898608058534,-0.0113970147067989,45.39403391902349,US
EIX,Edison International,Utilities,Utilities - Regulated Electric,79.75,2.730906636079637,-0.0263851095338747,69.11464914725306,US
EJAN,Innovator Emerging Markets Power Buffer ETF - January,ETF,ETF,35.54389953613281,0.50302098428592,-0.006450265303115,46.31756538202388,US
EKG,First Trust Nasdaq Lux Digital Health Solutions ETF,ETF,ETF,18.57460021972656,-3.658715984421869,-0.0130114134154925,46.08281155226489,US
EL,The Estée Lauder Companies Inc.,Consumer Defensive,Household & Personal Products,80.29000091552734,-2.2403462795855025,-0.074051596580458,43.457943339708606,US
ELA,Envela Corporation,Consumer Cyclical,Luxury Goods,20.649999618530277,-1.9468179383154744,0.0453291491107296,33.3202115657122,US
ELCV,Eventide High Dividend ETF,ETF,ETF,32.08679962158203,1.1499889606831966,0.0096540380267185,51.960205821411535,US
ELF,"e.l.f. Beauty, Inc.",Consumer Defensive,Household & Personal Products,77.36000061035156,4.980320324814033,-0.0849102073822298,60.01944438356843,US
ELFY,ALPS Electrification Infrastructure ETF,ETF,ETF,41.52999877929688,0.4304449216198368,-0.0030580882993939,40.06508741982404,US
ELIL,Direxion Daily LLY Bull 2X Shares,ETF,ETF,30.57439994812012,2.529846616419777,0.1022019408295689,55.92104105661359,US
ELM,Elm Market Navigator ETF,ETF,ETF,28.940000534057617,-0.2240945650393408,-0.002783057609334,44.9741751567194,US
ELMT,The Elmet Group Co.,Industrials,Aerospace & Defense,14.25,-1.1103389944923818,-0.0052965174919359,37.05006249775532,US
ELTP,"Elite Pharmaceuticals, Inc.",Healthcare,Drug Manufacturers - Specialty & Generic,0.3880000114440918,-0.5128139292697637,0.0003491124425731,55.72916036429235,US
ELV,"Elevance Health, Inc.",Healthcare,Healthcare Plans,377.6799926757813,1.224841870665205,-0.0292404564303119,41.94426840404309,US
EMAT,Evolution Metals & Technologies Corp.,Basic Materials,Other Industrial Metals & Mining,5.070000171661377,1.6032145132801543,7.471659170915634e-05,33.91611887394342,US
EMB,iShares J.P. Morgan USD Emerging Markets Bond ETF,ETF,ETF,94.63999938964844,-0.9316438825720124,-0.0081975995900639,35.56566915848799,US
EMBD,Global X Emerging Markets Bond ETF,ETF,ETF,23.56999969482422,-0.8830991831687476,-0.0037834422932857,38.81063455584648,US
EMBX,VanEck Emerging Markets Bond ETF,ETF,ETF,50.71839904785156,-0.6300976918241861,-0.006153118540589,41.197406707118745,US
EMC,Global X Emerging Markets Great Consumer ETF,ETF,ETF,34.93960189819336,-0.2836826464650335,-0.0181545366917222,40.17944043498795,US
EMCR,Xtrackers Emerging Markets Carbon Reduction and Climate Improvers ETF,ETF,ETF,41.46969985961914,-0.3563366110569758,-0.029281166490162,40.62795183303526,US
EMCS,Xtrackers MSCI Emerging Markets Select ETF,ETF,ETF,43.19609832763672,-0.5225387612613425,-0.0313828581213307,41.39336345414447,US
EMD,Western Asset Emerging Markets Debt Fund Inc.,Financial Services,Asset Management,10.470000267028809,-1.5977450263958934,-0.0096437445557604,41.205012527367785,US
EMDV,ProShares MSCI Emerging Markets Dividend Growers ETF,ETF,ETF,45.79399871826172,-0.0371135871451924,-0.0319448180809951,48.944812537012496,US
EME,"EMCOR Group, Inc.",Industrials,Engineering & Construction,744.8499755859375,0.092722326691473,-0.3264575927997022,39.43090665476304,US
EMEM,Sophus Capital Emerging Market ETF,ETF,ETF,24.52879905700684,0.322283401261986,-0.0129041832576298,40.05070683708105,US
EMEQ,Nomura Focused Emerging Markets Equity ETF,ETF,ETF,62.09999847412109,-0.8240747504220224,-0.0648841470877429,41.03281804873573,US
EMFI,Pictet Emerging Markets Debt ETF,EQUITY,EQUITY,50.0099983215332,-1.0290925595207538,-0.0196500471424218,37.218167291626166,US
EMHC,State Street SPDR Bloomberg Emerging Markets USD Bond ETF,ETF,ETF,24.899999618530277,-1.0333872434763902,-0.0027104623046913,34.29335618634937,US
EMHY,iShares J.P. Morgan EM High Yield Bond ETF,ETF,ETF,40.13999938964844,-0.5204438473705059,-0.0039826929395142,40.19756939967301,US
EMKT,Lazard Emerging Markets Opportunities ETF,ETF,ETF,29.78019905090332,0.3714154847523002,-0.0134954434909995,41.78742819121916,US
EMLC,VanEck J.P. Morgan EM Local Currency Bond ETF,ETF,ETF,25.209999084472656,-0.5914886524792824,-0.0031018526216729,43.10762762598589,US
EMLP,First Trust North American Energy Infrastructure Fund,ETF,ETF,44.84000015258789,1.4709245215636582,0.0079721017905887,63.31585310804718,US
EMM,Global X Emerging Markets ex-China ETF,ETF,ETF,41.0786018371582,0.4636990351350701,-0.0029711034331177,40.626172046225655,US
EMMF,WisdomTree Emerging Markets Multifactor Fund,ETF,ETF,36.21860122680664,-0.1967475528228864,-0.0237757168806325,40.90031705544101,US
EMMY,Corgi Emerging Markets Equities,ETF,ETF,24.200000762939453,0.9595388242536136,0.0100278810660517,46.50655301311989,US
EMN,Eastman Chemical Company,Basic Materials,Specialty Chemicals,68.19999694824219,-0.5830926162918273,-0.0234546029972588,45.759890847906256,US
EMNT,PIMCO Enhanced Short Maturity Active ESG Exchange-Traded Fund,ETF,ETF,98.93000030517578,0.1011823052396948,-0.0012729784519446,80.49386005094784,US
EMO,ClearBridge Energy Midstream Opportunity Fund Inc,Financial Services,Asset Management,52.7599983215332,0.1518565221981635,-0.0518152956234297,65.54802091657714,US
EMOT,First Trust S&P 500 Economic Moat ETF,ETF,ETF,26.28510093688965,-0.8520943963116678,0.0070201467102448,48.80143189509006,US
EMPB,Efficient Market Portfolio Plus ETF,ETF,ETF,32.9900016784668,1.5702036435292197,-0.0053160478124509,53.31811020326682,US
EMQQ,EMQQ The Emerging Markets Internet ETF,ETF,ETF,32.290000915527344,-2.1604020001992708,-0.0476706187071415,47.03074444999634,US
EMR,Emerson Electric Co.,Industrials,Specialty Industrial Machinery,147.94000244140625,6.01978612543635,0.4537129518783985,62.64958707891746,US
EMTL,State Street DoubleLine Emerging Markets Fixed Income ETF,ETF,ETF,42.56499862670898,0.2000920089185611,0.0017305468864442,53.489741067722974,US
EMTY,ProShares Decline of the Retail Store ETF,ETF,ETF,24.466100692749023,2.3300861047153445,0.005706561403371,54.77935820809502,US
EMXC,iShares MSCI Emerging Markets ex China ETF,ETF,ETF,91.88999938964844,0.1198524861784763,-0.0392418957154321,40.58247556452709,US
EMXF,iShares ESG Advanced MSCI EM ETF,ETF,ETF,54.66080093383789,-0.1829781234317604,-0.0145776036522489,42.212050093877096,US
ENFR,ENFR,N/A,N/A,40.459999084472656,1.099446830774903,-0.0129178706455925,63.68437505789656,US
ENOR,iShares MSCI Norway ETF,ETF,ETF,34.29999923706055,3.2510474914864043,0.0062313477648394,61.80535399367788,US
ENOV,Enovis Corporation,Healthcare,Medical Devices,27.030000686645508,-0.147761391317484,-0.0263089877591224,58.46486287700922,US
ENPH,"Enphase Energy, Inc.",Technology,Solar,36.70000076293945,-11.715176732347,-0.0910132569492563,32.237093006190534,US
ENR,"Energizer Holdings, Inc.",Industrials,Electrical Equipment & Parts,20.959999084472656,3.6085000432759786,0.0480828681100763,55.46057773106012,US
ENS,EnerSys,Industrials,Electrical Equipment & Parts,190.75,-2.950904584941924,-0.312568190140766,37.46768423688899,US
ENTA,"Enanta Pharmaceuticals, Inc.",Healthcare,Biotechnology,12.779999732971191,-6.986899957341467,-0.0089670573378684,42.45938284982279,US
ENTG,"Entegris, Inc.",Technology,Semiconductor Equipment & Materials,129.14999389648438,-6.912217973893768,-0.1745339305856235,40.83923722816905,US
ENVA,"Enova International, Inc.",Financial Services,Credit Services,237.2700042724609,2.0428349874078244,0.9802336253849244,61.865675619348295,US
ENVX,Enovix Corporation,Industrials,Electrical Equipment & Parts,3.950000047683716,-16.313554591846064,-0.0241390389424408,29.18760339350129,US
ENZL,iShares MSCI New Zealand ETF,ETF,ETF,46.574100494384766,-0.7795017959715528,-0.0195123182165771,58.47219618981149,US
EOG,"EOG Resources, Inc.",Energy,Oil & Gas E&P,146.38999938964844,4.646507990821384,0.0111365207114186,68.21712745153378,US
EOI,Eaton Vance Enhanced Equity Income Fund,Financial Services,Asset Management,19.700000762939453,0.0,-0.0093126690579013,52.2194826884397,US
EOLS,"Evolus, Inc.",Healthcare,Drug Manufacturers - Specialty & Generic,5.980000019073486,4.363001730677548,0.0248892277909943,41.83893374545202,US
EOSE,"Eos Energy Enterprises, Inc.",Industrials,Electrical Equipment & Parts,3.470000028610229,-15.980631175358534,-0.0106022804460257,26.49883212750001,US
EPAC,Enerpac Tool Group Corp.,Industrials,Specialty Industrial Machinery,34.66999816894531,0.1733532433853966,0.0365856383809107,49.19033948587179,US
EPAI,Harbor AI Inflection Strategy ETF,ETF,ETF,26.81089973449707,0.212678571543148,-0.0031699955590961,41.96979080257223,US
EPAM,"EPAM Systems, Inc.",Technology,Information Technology Services,89.8499984741211,1.3422002739215844,0.0798011709529811,53.14606489464309,US
EPC,Edgewell Personal Care Company,Consumer Defensive,Household & Personal Products,27.6299991607666,-6.84423700974034,-0.0141415443283323,58.01015575417662,US
EPD,Enterprise Products Partners L.P.,Energy,Oil & Gas Midstream,38.72999954223633,1.3874313317057958,-0.0244913759848121,59.86456731275619,US
EPEM,Harbor Emerging Markets Equity ETF,ETF,ETF,28.534500122070312,0.778770051782826,-0.0135741568093256,45.16533744049875,US
EPIN,Harbor International Equity ETF,ETF,ETF,27.510799407958984,0.3201658140642877,0.0047525431683348,46.13246131801306,US
EPMB,Harbor Mid Cap Core ETF,ETF,ETF,26.399999618530277,0.2848959294102065,0.0100488584264846,53.03987749586523,US
EPMV,Harbor Mid Cap Value ETF,ETF,ETF,26.628999710083008,-0.4486180297172455,0.0097755756371664,50.24714568821484,US
EPOL,iShares MSCI Poland ETF,ETF,ETF,40.91999816894531,1.4126387023032831,-0.0265104364184446,57.45895684307271,US
EPR,EPR Properties,Real Estate,REIT - Specialty,63.52999877929688,2.1218449031510835,0.0532745967450942,75.25077122439264,US
EPRF,Innovator S&P Investment Grade Preferred ETF,ETF,ETF,16.559999465942383,-0.6896538313631498,-0.0034609762756447,44.31092367870952,US
EPRT,"Essential Properties Realty Trust, Inc.",Real Estate,REIT - Retail,32.34000015258789,-2.9703019024270767,-0.0539862835295272,59.00968258490574,US
EPSB,Harbor SMID Cap Core ETF,ETF,ETF,27.268999099731445,-0.3398889468858953,0.002460401837207,50.22718339378488,US
EPSV,Harbor SMID Cap Value ETF,ETF,ETF,30.67200088500977,0.0195673342697789,0.0123003844441597,53.389068075144486,US
EPU,iShares MSCI Peru ETF,ETF,ETF,85.5,1.171456441538897,-0.0775656975856547,51.70119321931139,US
EQAL,Invesco Russell 1000 Equal Weight ETF,ETF,ETF,59.08430099487305,0.0750340085683371,0.0092641794143334,52.566352595791,US
EQIX,"Equinix, Inc.",Real Estate,REIT - Specialty,1084.239990234375,6.298038258272058,3.8972755088154503,61.66036945206782,US
EQL,ALPS Equal Sector Weight ETF,ETF,ETF,50.869998931884766,-0.0393013519425197,0.0022448320738854,52.95619008268572,US
EQPT,EquipmentShare.com Inc.,Industrials,Rental & Leasing Services,19.3799991607666,16.641585481420424,0.1169701782393896,52.3384154575193,US
EQR,Equity Residential,Real Estate,REIT - Residential,67.86000061035156,-1.6521730284759963,-0.0402082477383951,49.73997672969662,US
EQT,EQT Corporation,Energy,Oil & Gas E&P,53.02999877929688,7.001608776943896,0.0560408908988284,56.50289781532104,US
EQWL,Invesco S&P 100 Equal Weight ETF,ETF,ETF,129.25,-0.0309330096756235,0.0371352487405191,52.47856502363928,US
EQX,Equinox Gold Corp.,Basic Materials,Gold,9.279999732971191,7.656610860491939,0.0158346763289489,42.27348025575728,US
ERAS,"Erasca, Inc.",Healthcare,Biotechnology,19.11000061035156,-0.3129862582347065,-0.0381313116381596,58.13095132533149,US
ERII,"Energy Recovery, Inc.",Industrials,Pollution & Treatment Controls,8.420000076293945,-2.320183432950997,-0.0022604273772915,42.70279417494934,US
ERX,Direxion Daily Energy Bull 2X Shares,ETF,ETF,95.26000213623048,6.614441816494401,-0.0517212102702253,69.07918309574482,US
ES,Eversource Energy,Utilities,Utilities - Regulated Electric,74.91000366210938,0.3886369671041418,0.0277822005599843,59.14198284077474,US
ESAB,ESAB Corporation,Industrials,Metal Fabrication,84.44000244140625,-5.947868579301006,0.1149698110397099,41.79307045183735,US
ESBA,"Empire State Realty OP, L.P.",Real Estate,REIT - Office,5.320099830627441,-2.383485929978604,-0.0015120196321459,47.54410344677854,US
ESEA,Euroseas Ltd.,Industrials,Marine Shipping,76.98999786376953,11.209004955304184,0.1484398561072606,71.82002861929591,US
ESGD,iShares ESG Aware MSCI EAFE ETF,ETF,ETF,102.56999969482422,0.1660138343868578,0.0046872581421864,50.57604100064125,US
ESGE,iShares ESG Aware MSCI EM ETF,ETF,ETF,50.93000030517578,0.2164514187566308,-0.0275375086491595,41.88950559274398,US
ESGU,iShares ESG Aware MSCI USA ETF,ETF,ETF,162.0500030517578,-0.6194005408794437,-0.0572565652646397,45.666341553721246,US
ESGV,Vanguard ESG U.S. Stock ETF,ETF,ETF,130.10000610351562,-1.1022401479319557,-0.0776264606303576,43.749757628785055,US
ESIM,Eventide International ETF,EQUITY,EQUITY,28.69969940185547,-0.1749586022418478,-0.0032406018931455,44.944687574350006,US
ESLG,Eventide Large Cap Growth ETF,EQUITY,EQUITY,27.79210090637207,-0.2078975738046317,-0.002208819891919,46.83919662762164,US
ESML,iShares ESG Aware MSCI USA Small-Cap ETF,ETF,ETF,53.86000061035156,-0.1853196364302181,-0.0006134388573401,47.40157982620509,US
ESMV,iShares ESG Optimized MSCI USA Min Vol Factor ETF,ETF,ETF,30.422800064086918,0.12769643527824,0.0135043013287619,52.87413065805816,US
ESNT,Essent Group Ltd.,Financial Services,Insurance - Specialty,65.75,-1.4390632553555298,0.0135640946078963,60.18204734314232,US
ESPO,VanEck Video Gaming and eSports ETF,ETF,ETF,88.83769989013672,-2.600920094450249,-0.0655071880347551,41.15204640280044,US
ESRT,"Empire State Realty Trust, Inc.",Real Estate,REIT - Diversified,5.659999847412109,-1.9064147985792728,0.0075488090032746,56.42340132230626,US
ESSC,Eventide Small Cap ETF,EQUITY,EQUITY,30.49650001525879,-1.6241934991651965,-0.009427398437348,45.49372015373649,US
ESTC,Elastic N.V.,Technology,Software - Application,58.68000030517578,-4.724792726420925,-0.0420217282765656,47.136766528460726,US
ESUM,Strategy Shares - Eventide US Market ETF,EQUITY,EQUITY,29.989999771118164,0.1669981167958607,0.0076707825349974,49.64129283655361,US
ET,Energy Transfer LP,Energy,Oil & Gas Midstream,20.36000061035156,0.1968549022052029,-0.0139930672762054,64.15966584751837,US
ETB,Eaton Vance Tax-Managed Buy-Write Income Fund,Financial Services,Asset Management,15.270000457763672,-0.8441504154985704,-0.011686382030716,45.75957520127194,US
ETCO,Grayscale Ethereum Covered Call ETF,EQUITY,EQUITY,8.361000061035156,1.4069154285768484,-0.0151619173311465,49.89023315738822,US
ETD,Ethan Allen Interiors Inc.,Consumer Cyclical,"Furnishings, Fixtures & Appliances",22.81999969482422,0.1755882659044864,-0.010673712105126,58.59262768821994,US
ETEC,iShares Breakthrough Environmental Solutions ETF,ETF,ETF,26.38479995727539,-2.017229461312122,-0.0034140766839347,33.778862390766875,US
ETFT,Fundsmith Equity ETF,EQUITY,EQUITY,9.524499893188477,-2.0617015981129314,-0.0009889892096925,37.88627837710276,US
ETG,Eaton Vance Tax-Advantaged Global Dividend Income Fund,Financial Services,Asset Management,22.799999237060547,-0.955695987525178,-0.0097752963081393,45.04493480100249,US
ETHA,iShares Ethereum Trust ETF,ETF,ETF,14.039999961853027,0.9345802722284278,-0.0448149626333896,53.18312857441247,US
ETHB,iShares Staked Ethereum Trust ETF,ETF,ETF,23.979999542236328,1.0535187729567057,-0.0760307377457894,53.63055418854316,US
ETHD,Proshares UltraShort Ether ETF,ETF,ETF,62.5099983215332,-2.6930255289003115,0.4495705607320217,42.907216735817656,US
ETHO,Amplify Etho Climate Leadership U.S. ETF,ETF,ETF,78.0530014038086,-1.5936053022256709,-0.0277465604386968,47.34590214297228,US
ETHU,2x Ether ETF,ETF,ETF,15.600000381469728,1.4557584649030617,-0.0996314824754598,51.33655957892552,US
ETHV,VanEck Ethereum ETF,ETF,ETF,27.201099395751957,0.8942890187936104,-0.0860599116807109,53.391951319075226,US
ETHW,Bitwise Ethereum ETF,ETF,ETF,13.3100004196167,0.9097865280592466,-0.0433174953224624,53.19245810169107,US
ETJ,Eaton Vance Risk-Managed Diversified Equity Income Fund,Financial Services,Asset Management,8.359999656677246,0.2398022029190209,-0.0060625840634417,51.33991919803899,US
ETN,Eaton Corporation plc,Industrials,Specialty Industrial Machinery,404.0700073242188,1.0200297981089614,-0.2183956854792944,49.11903088067992,US
ETO,Eaton Vance Tax-Advantaged Global Dividend Opportunities Fund,Financial Services,Asset Management,30.030000686645508,-0.956461118395774,-0.0218045245542408,43.80324018008072,US
ETR,Entergy Corporation,Utilities,Utilities - Regulated Electric,115.9499969482422,2.393146534436402,0.1082045279484823,57.75076396898081,US
ETSY,"Etsy, Inc.",Consumer Cyclical,Internet Retail,80.62000274658203,-4.137926029344594,-0.1290090215515227,56.52992948206237,US
ETTY,ETTY,N/A,N/A,8.449799537658691,1.6211661344326451,-0.0283322801907648,52.43651555566409,US
ETU,T-Rex 2X Long Ether Daily Target ETF,ETF,ETF,4.110099792480469,1.483940713955881,-0.0273060371673787,50.92752132726496,US
ETV,Eaton Vance Tax-Managed Buy-Write Opportunities Fund,Financial Services,Asset Management,14.619999885559082,-1.813300547603751,-0.012086955210638,42.25931230799427,US
ETY,Eaton Vance Tax-Managed Diversified Equity Income Fund,Financial Services,Asset Management,14.239999771118164,-0.0701770447848136,-0.0022889915502813,45.2464576607536,US
EUDG,WisdomTree Europe Quality Dividend Growth Fund,ETF,ETF,38.65010070800781,-0.9987197704302732,-0.0072804605481453,49.63527022240987,US
EUDV,ProShares MSCI Europe Dividend Growers ETF,ETF,ETF,52.76570129394531,-1.015434972245102,0.0140076049495647,50.13810901999079,US
EUFN,iShares MSCI Europe Financials ETF,ETF,ETF,40.380001068115234,0.6480611743581977,0.0024836722943251,58.195790006967385,US
EUHY,"iShares, Inc. - iShares Euro High Yield Corporate Bond USD Hedged ETF",ETF,ETF,53.26499938964844,-0.4392534772926402,-0.006388427873782,41.90849971595248,US
EUIG,iShares Euro Investment Grade Corporate Bond USD Hedged ETF,ETF,ETF,49.744998931884766,-0.3904679619272731,-0.0002720917947936,37.50794692359741,US
EUSB,iShares ESG Advanced Universal USD Bond ETF,ETF,ETF,42.790000915527344,-0.7883147325939737,-0.0017382175238979,34.35179342502538,US
EVAC,EQV Ventures Acquisition Corp. II,Financial Services,Shell Companies,10.229999542236328,0.0488915460156001,0.000255434980944,62.94178247089658,US
EVCM,EverCommerce Inc.,Technology,Software - Application,11.5600004196167,-3.986707174062593,-0.0155260042050938,60.928429069320856,US
EVER,"EverQuote, Inc.",Communication Services,Internet Content & Information,25.040000915527344,-4.28134150771244,-0.0524771703039712,55.50106986318549,US
EVEX,"Eve Holding, Inc.",Industrials,Aerospace & Defense,2.289999961853028,5.045866592997515,-0.0055432837837176,40.23849203786027,US
EVGO,"EVgo, Inc.",Consumer Cyclical,Specialty Retail,1.4199999570846558,-15.47619039171677,-0.0066732977750572,25.62184631480972,US
EVH,"Evolent Health, Inc.",Healthcare,Health Information Services,4.21999979019165,-27.366612190140994,-0.0695345073873008,33.51807059074669,US
EVHY,Eaton Vance High Yield ETF,ETF,ETF,52.04999923706055,-0.5901600789998367,-0.0066794623934104,40.80433137029485,US
EVIM,Eaton Vance Intermediate Municipal Income ETF,ETF,ETF,52.34000015258789,-1.1520313532809456,-0.0085656496210442,22.58442726902537,US
EVMN,"Evommune, Inc.",Healthcare,Biotechnology,11.359999656677246,-6.425046660517799,0.0432868089924713,32.66645537616168,US
EVMO,Eaton Vance Mortgage Opportunities ETF,ETF,ETF,49.77000045776367,-0.4798997636962396,0.0015638632208124,44.67146083928947,US
EVMT,Invesco Electric Vehicle Metals Commodity Strategy No K-1 ETF,ETF,ETF,17.655000686645508,-0.394920695727593,-0.0107337890744221,40.755188592252985,US
EVN,Eaton Vance Municipal Income Trust,Financial Services,Asset Management,10.6899995803833,-3.3453962495077496,-0.006862537673452,34.778851977493005,US
EVRG,"Evergy, Inc.",Utilities,Utilities - Regulated Electric,87.18000030517578,1.85769837050602,0.0756469445767286,58.35871135424344,US
EVSB,Eaton Vance Ultra-Short Income ETF,ETF,ETF,50.88199996948242,-0.0157190415837237,-0.0008418764960189,68.49545617499649,US
EVSM,Eaton Vance Short Duration Municipal Income ETF,ETF,ETF,50.04999923706055,-0.4376391857962438,-0.0052923181890925,31.69776889206132,US
EVT,Eaton Vance Tax-Advantaged Dividend Income Fund,Financial Services,Asset Management,27.61000061035156,1.881919637280008,0.0086020337130854,61.79958683167448,US
EVTC,"EVERTEC, Inc.",Technology,Software - Infrastructure,29.729999542236328,-1.7839474970633638,-0.017546909114344,57.763143421746015,US
EVTR,Eaton Vance Total Return Bond ETF,ETF,ETF,50.09000015258789,-0.8315149136844471,-0.0016558514794894,36.85857633993296,US
EVYM,Eaton Vance High Income Municipal ETF,ETF,ETF,50.13719940185547,-1.08079699436334,-0.0007242352750032,36.44169274318567,US
EW,Edwards Lifesciences Corporation,Healthcare,Medical Devices,82.62999725341797,-3.616010710519709,-0.0073433196442302,32.70590164947198,US
EWC,iShares MSCI Canada ETF,ETF,ETF,59.06999969482422,-0.6391943872810231,-0.0128981912863085,55.79387993071463,US
EWI,iShares MSCI Italy ETF,ETF,ETF,60.13999938964844,-0.1991353057205204,-0.011984832401083,51.89841708359101,US
EWJ,iShares MSCI Japan ETF,ETF,ETF,91.20999908447266,0.7956693973924822,0.0082855725965025,45.37483867956785,US
EWJV,iShares MSCI Japan Value ETF,ETF,ETF,46.18999862670898,2.918889321338343,0.0209253569455049,57.93764114473875,US
EWK,iShares MSCI Belgium ETF,ETF,ETF,26.81999969482422,1.745064771705714,0.0261361668993235,55.68220113484517,US
EWN,iShares MSCI Netherlands ETF,ETF,ETF,66.4800033569336,-0.5832202387166371,-0.0450742662469158,45.34120376939504,US
EWS,iShares MSCI Singapore ETF,ETF,ETF,31.649999618530277,0.5400256631702244,-0.0181038677102697,62.21747941342976,US
EWT,iShares MSCI Taiwan ETF,ETF,ETF,98.01000213623048,0.6986543638991449,-0.0186758222062768,43.69706168260267,US
EWTX,"Edgewise Therapeutics, Inc.",Healthcare,Biotechnology,40.84000015258789,2.7163025066572515,0.1594742144672388,53.092743575048026,US
EWU,iShares MSCI United Kingdom ETF,ETF,ETF,47.22999954223633,0.6178119386700034,0.0181445158415828,57.48184926500347,US
EWV,ProShares UltraShort MSCI Japan,ETF,ETF,18.4950008392334,-1.5699843635993038,-0.0033497243689953,53.870542864924765,US
EWX,State Street SPDR S&P Emerging Markets Small Cap ETF,ETF,ETF,68.26499938964844,-1.5645264720193737,0.0020422000857003,35.70232336056114,US
EWY,iShares MSCI South Korea ETF,ETF,ETF,162.9600067138672,0.2584062046778789,-0.1345453226649553,40.42104934382557,US
EWZ,iShares MSCI Brazil ETF,ETF,ETF,35.72999954223633,1.419244980121453,-0.0435462585612309,53.50938912292848,US
EWZS,iShares MSCI Brazil Small-Cap ETF,ETF,ETF,12.812700271606444,-2.2677299226272587,-0.0209545944514496,42.41411209907096,US
EXC,Exelon Corporation,Utilities,Utilities - Regulated Electric,47.52999877929688,2.745353445403195,0.0626430839951562,57.26347081944856,US
EXCE,"EXCO Resources, Inc.",Energy,Oil & Gas E&P,22.07699966430664,-1.8800014919704864,0.0343800050896328,48.33588639678754,US
EXE,Expand Energy Corporation,Energy,Oil & Gas E&P,91.5199966430664,3.8465896917033686,0.0281390692180123,55.86586477251987,US
EXLS,"ExlService Holdings, Inc.",Technology,Information Technology Services,27.670000076293945,-1.7400560148198825,0.0158147856772883,50.42453583952934,US
EXP,Eagle Materials Inc.,Basic Materials,Building Materials,213.5500030517578,3.700291675323663,0.7358692564659495,51.99278637640519,US
EXPD,"Expeditors International of Washington, Inc.",Industrials,Integrated Freight & Logistics,175.3000030517578,-4.102844570454661,-0.330221239491375,58.409624271220586,US
EXPE,"Expedia Group, Inc.",Consumer Cyclical,Travel Services,259.94000244140625,-3.285332043458341,-0.1223882923367361,51.76441245503779,US
EXR,Extra Space Storage Inc.,Real Estate,REIT - Industrial,147.7100067138672,-0.3037236346648864,0.1284712841671392,54.065111746677566,US
EXTR,"Extreme Networks, Inc.",Technology,Communication Equipment,29.489999771118164,-2.8015833131010206,-0.0070364097209466,45.2245376274808,US
EXUS,Nomura Focused International Core ETF,ETF,ETF,27.788799285888672,0.4583856075234842,-0.0009036115441308,46.75705372000805,US
EYE,"National Vision Holdings, Inc.",Consumer Cyclical,Specialty Retail,19.920000076293945,-3.907378117843417,-0.0257878201757988,55.85675136926828,US
EYEG,AB Corporate Bond ETF,ETF,ETF,34.57400131225586,-1.0616637167214191,-0.0012713815670091,32.94302824092715,US
EYES,Corgi Data & Surveillance ETF,ETF,ETF,25.170000076293945,-4.911217494458637,-0.6191701792190543,6.131111506911097,US
EYLD,Cambria Emerging Shareholder Yield ETF,ETF,ETF,45.43000030517578,0.4421860821658642,-0.0035378817647131,46.60848263197727,US
EZA,iShares MSCI South Africa ETF,ETF,ETF,61.06999969482422,-2.0686351874621494,-0.0232523581672434,40.71160184059533,US
EZET,Franklin Ethereum ETF,ETF,ETF,14.100000381469728,0.8583751299193702,-0.0459103671481177,53.23616656192383,US
EZM,WisdomTree U.S. MidCap Earnings Fund,ETF,ETF,75.58999633789062,0.052936180697986,0.0104686106029107,56.73647775753537,US
EZPW,"EZCORP, Inc.",Financial Services,Credit Services,29.540000915527344,-7.946398332612356,-0.0989339051966278,36.78298301761014,US
EZRO,Alphadroid Defensive Sector Rotation ETF,ETF,ETF,23.455799102783203,-0.9760677552841216,-0.0273898066854356,37.98472310503677,US
EZU,iShares MSCI Eurozone ETF,ETF,ETF,67.93000030517578,-0.0588508383241867,0.0005728162370748,48.41166473500085,US
F,Ford Motor Company,Consumer Cyclical,Auto Manufacturers,14.369999885559082,0.9838394084779571,0.0039242053664867,54.700322114487,US
FAAA,Fidelity AAA CLO ETF,ETF,ETF,50.334999084472656,0.0099289752357714,-0.0030571456318565,80.84638034254546,US
FAAR,First Trust Alternative Absolute Return Strategy ETF,ETF,ETF,31.19339942932129,-0.2768582334500771,-0.0009127969642145,34.36801624129254,US
FAC,Factorial Energy Inc.,Industrials,Electrical Equipment & Parts,5.110000133514404,-9.876542067801363,0.0568642163534114,29.872421942528305,US
FAD,First Trust Multi Cap Growth AlphaDEX Fund,ETF,ETF,184.0399932861328,-0.3789174982227402,0.0077903927876157,41.96657712178629,US
FAF,First American Financial Corporation,Financial Services,Insurance - Specialty,75.12999725341797,2.875528562539724,0.2756364277553882,64.7312397932121,US
FAI,First Trust Bloomberg Artificial Intelligence ETF,ETF,ETF,48.68999862670898,-1.9335405229938267,-0.0527138111862744,39.212739788106205,US
FANG,"Diamondback Energy, Inc.",Energy,Oil & Gas E&P,204.67999267578125,4.674235298900679,-0.1079721554135502,66.89006263063295,US
FAST,Fastenal Company,Industrials,Industrial Distribution,47.02000045776367,3.363373758724474,0.1196335508465685,55.20041361236423,US
FAX,Abrdn Asia-Pacific Income Fund Inc,Financial Services,Asset Management,14.300000190734863,0.8492051652722753,-0.0120802117068664,47.88749435588405,US
FBCG,Fidelity Blue Chip Growth ETF,ETF,ETF,59.15999984741211,-1.3506776001388223,-0.0583757287583628,40.45832554425575,US
FBCV,Fidelity Blue Chip Value ETF,ETF,ETF,40.86370086669922,0.0408860983156571,0.0053769351941113,61.51152500283752,US
FBDC,FT Confluence BDC & Specialty Finance Income ETF,ETF,ETF,16.655399322509766,-2.72014484207862,-0.0125879071763315,46.63639884530109,US
FBIN,"Fortune Brands Innovations, Inc.",Industrials,Building Products & Equipment,51.27000045776367,-0.3498548153675429,0.0707183421107435,58.75543900356588,US
FBIZ,"First Business Financial Services, Inc.",Financial Services,Banks - Regional,67.18000030517578,2.252668836650823,0.0397817936032911,70.52927887710155,US
FBL,GraniteShares 2x Long META Daily ETF,ETF,ETF,22.729999542236328,-15.407522023416448,-0.2145720379037728,42.54567781347373,US
FBND,Fidelity Total Bond ETF,ETF,ETF,44.970001220703125,-0.7065570509063718,0.0004041292780926,37.57899988271792,US
FBOT,Fidelity Disruptive Automation ETF,ETF,ETF,36.649898529052734,-0.1446764221396083,0.0076165706165355,39.0503482590734,US
FBP,First BanCorp.,Financial Services,Banks - Regional,28.81999969482422,5.029151362638614,0.0046153406942631,75.91585543727672,US
FBRT,"Franklin BSP Realty Trust, Inc.",Real Estate,REIT - Mortgage,7.809999942779541,-4.289214597762138,-0.0001501339191213,43.62475069043092,US
FBRX,"Forte Biosciences, Inc.",Healthcare,Biotechnology,54.77999877929688,12.11624661275811,-0.4490931990527782,76.16224962982719,US
FBT,First Trust NYSE Arca Biotechnology Index Fund,ETF,ETF,247.38999938964844,-0.4386656296814402,0.0430341758841379,56.23096511979292,US
FBTC,Fidelity Wise Origin Bitcoin Fund,ETF,ETF,55.83000183105469,0.0179185530009886,-0.1272084973689417,48.70477131351596,US
FBUF,Fidelity Dynamic Buffered Equity ETF,ETF,ETF,32.63999938964844,0.0582477791060854,-0.0080919848966104,54.93984278037726,US
FBY,YieldMax META Option Income Strategy ETF,ETF,ETF,9.039999961853027,-7.027312947815549,-0.0358032529006351,43.557685729005954,US
FBYD,"Falcon's Beyond Global, Inc.",Industrials,Conglomerates,10.489999771118164,-5.495500805296312,0.0934809337117181,34.6219442717496,US
FCAL,First Trust California Municipal High Income ETF,ETF,ETF,48.62960052490234,-1.042449963511806,-0.0063910251725746,24.09180394956705,US
FCBC,"First Community Bankshares, Inc.",Financial Services,Banks - Regional,48.47999954223633,7.925203736433281,0.1248363399401188,71.62852445591675,US
FCEF,First Trust Income Opportunity ETF,ETF,ETF,23.700000762939453,-0.1053724684017254,-0.0026060070363887,49.071241440126514,US
FCEL,"FuelCell Energy, Inc.",Industrials,Electrical Equipment & Parts,21.26000022888184,14.918920156118032,0.0343747285385998,48.73901480606889,US
FCF,First Commonwealth Financial Corporation,Financial Services,Banks - Regional,20.8700008392334,-1.1837120741756295,-0.0071147784548591,60.20070366705741,US
FCG,First Trust Natural Gas ETF,ETF,ETF,29.1299991607666,3.88729746665473,-0.0141829154906727,63.12836847395458,US
FCLO,Fidelity CLO ETF,ETF,ETF,50.39500045776367,0.3085166682295485,0.0031157001949371,82.08303930853481,US
FCN,"FTI Consulting, Inc.",Industrials,Consulting Services,159.7899932861328,-1.6979450715520323,0.0155217440268695,54.62364760649438,US
FCNCA,"First Citizens BancShares, Inc.",Financial Services,Banks - Regional,2160.64990234375,1.815158433196307,1.5952866459871178,57.19820148469084,US
FCPI,Fidelity Stocks for Inflation ETF,ETF,ETF,54.24700164794922,0.5505113638733962,-0.0033819067555393,51.43442200741145,US
FCSH,Federated Hermes Short Duration Corporate ETF,ETF,ETF,23.99099922180176,-0.4522869624175556,-0.0029218562041601,36.817940897727325,US
FCTE,SMI 3Fourteen Full-Cycle Trend ETF,ETF,ETF,28.868900299072266,0.5184574835575851,0.0087385546589264,57.09341348179515,US
FCTR,First Trust Lunt U.S. Factor Rotation ETF,ETF,ETF,38.5526008605957,0.4628035455262622,-0.0184598621375963,41.765718321182575,US
FCX,Freeport-McMoRan Inc.,Basic Materials,Copper,62.59999847412109,7.228498336411729,-0.0118870952999678,51.163567912148345,US
FCXG,Leverage Shares 2X Long FCX Daily ETF,ETF,ETF,12.520000457763672,13.611614679591405,-0.004636801511319,49.299192946594026,US
FDD,First Trust STOXX European Select Dividend Index Fund,ETF,ETF,19.32999992370605,0.5200227969329277,-0.0047106034134152,58.970885768075895,US
FDEM,Fidelity Emerging Markets Multifactor ETF,ETF,ETF,34.310001373291016,-0.2036058541287772,-0.0232759283554402,40.94069002878358,US
FDEV,Fidelity International Multifactor ETF,ETF,ETF,36.63999938964844,0.3835599716395548,0.0078717906323274,59.766850999736455,US
FDHY,Fidelity Enhanced High Yield ETF,ETF,ETF,48.810001373291016,-0.57037844454379,-0.0105813428187478,40.02633119628327,US
FDIG,Fidelity Crypto Industry and Digital Payments ETF,ETF,ETF,40.79119873046875,2.3926839934491926,-0.0749865665840733,43.67415847454373,US
FDIV,MarketDesk Focused U.S. Dividend ETF,ETF,ETF,27.82069969177246,-0.1589810863433768,0.0110014669317633,51.34278384337789,US
FDL,First Trust Morningstar Dividend Leaders Index Fund,ETF,ETF,51.470001220703125,0.7043643241096925,0.0193265091536954,62.35606001221069,US
FDLS,Inspire Fidelis Multi Factor ETF,ETF,ETF,41.869998931884766,-0.5935422752604831,-0.0235206777081479,50.4962630311863,US
FDM,First Trust Dow Jones Select MicroCap Index Fund,ETF,ETF,91.15270233154295,-0.3359903302053038,0.0289673925939515,52.589427332984805,US
FDMO,Fidelity Momentum Factor ETF,ETF,ETF,93.36000061035156,0.4302942446411012,-0.0286107532028726,44.87812716508381,US
FDMT,"4D Molecular Therapeutics, Inc.",Healthcare,Biotechnology,10.06999969482422,-8.371247456362239,-0.0265564213403021,39.73353984789185,US
FDN,First Trust Dow Jones Internet Index Fund,ETF,ETF,259.1400146484375,-3.936830787637666,-0.3262203013290223,37.705519994380616,US
FDNI,First Trust Dow Jones International Internet ETF,ETF,ETF,25.993099212646484,-3.2634968336381047,-0.0548446496631014,42.584586944298735,US
FDRR,Fidelity Dividend ETF for Rising Rates,ETF,ETF,67.16670227050781,0.8206236886620812,0.0176279901335181,60.54033207918335,US
FDRV,Fidelity Electric Vehicles and Future Transportation ETF,ETF,ETF,17.440000534057617,-3.603794793228933,-0.0251736654796492,35.13805114918149,US
FDUS,Fidus Investment Corporation,Financial Services,Asset Management,19.40999984741211,-4.666015395188385,-0.026196665877916,49.95316435473427,US
FDV,Federated Hermes U.S. Strategic Dividend ETF,ETF,ETF,32.939998626708984,0.7955884917541607,0.0149832347771055,63.818191429431735,US
FDVV,Fidelity High Dividend ETF,ETF,ETF,62.400001525878906,0.3861030872843363,0.0070356212722167,59.68897351774768,US
FDX,FedEx Corporation,Industrials,Integrated Freight & Logistics,314.9599914550781,0.6326220203361458,-0.0195869062401554,48.822062157671496,US
FDXF,"FedEx Freight Holding Company, Inc.",Industrials,Integrated Freight & Logistics,158.0,3.76987107595512,0.4374373830060358,54.543977468224114,US
FE,FirstEnergy Corp.,Utilities,Utilities - Regulated Electric,49.91999816894531,2.864206520939411,0.0369443283414964,63.578832145348784,US
FEAC,Fidelity Enhanced U.S. All-Cap Equity ETF,ETF,ETF,32.16389846801758,-0.5014593346972593,-0.0146638371420592,48.34222520913709,US
FEBP,PGIM S&P 500 Buffer 12 ETF - Feb,ETF,ETF,34.000999450683594,0.0323559037178987,-0.0073163256673346,50.22803591220391,US
FEBT,Allianzim U.S. Equity Buffer10 Feb ETF,ETF,ETF,41.01110076904297,-0.2769586163088905,-0.0096308959021597,48.64719671077363,US
FEBW,Allianzim U.S. Equity Buffer20 Feb ETF,ETF,ETF,35.595001220703125,-0.0786005588135641,-0.003374778658123,51.36759432905143,US
FEBZ,TrueShares Structured Outcome (February) ETF,ETF,ETF,39.91299819946289,-1.3738998893927308,-0.0274030432186812,43.58774413908719,US
FEDM,FlexShares ESG & Climate Developed Markets ex-US Core Index Fund,ETF,ETF,62.69390106201172,-0.2674086904850907,-0.0014003720246194,52.51736727282559,US
FEIM,"Frequency Electronics, Inc.",Technology,Communication Equipment,72.45999908447266,9.9544725443104,-0.0804393725831074,57.1578280771635,US
FELC,Fidelity Enhanced Large Cap Core ETF,ETF,ETF,41.93999862670898,-0.3327072201845341,-0.0160058654720453,49.33104638527784,US
FELE,"Franklin Electric Co., Inc.",Industrials,Specialty Industrial Machinery,105.58999633789062,-0.0662571661862011,0.0371174154481452,54.891173147036405,US
FELG,Fidelity Enhanced Large Cap Growth ETF,ETF,ETF,42.20000076293945,-1.263455531868653,-0.0435556318618839,41.26139804703867,US
FELV,Fidelity Enhanced Large Cap Value ETF,ETF,ETF,41.22999954223633,0.1944058648627552,0.0053651609206524,63.65543900580938,US
FEM,First Trust Emerging Markets AlphaDEX Fund,ETF,ETF,31.041099548339844,0.7173908361613501,-0.0218532837157311,45.37581691235099,US
FEMD,First Eagle Mid Cap Equity ETF,ETF,ETF,35.869998931884766,-1.2661791246503982,0.0149010501857393,43.559719926457824,US
FEMG,Fidelity Enhanced Mid Cap Growt,EQUITY,EQUITY,25.331300735473636,-0.7394189612274595,-0.0128574007357561,40.672457616312826,US
FEMR,Fidelity Enhanced Emerging Markets ETF,ETF,ETF,39.18999862670898,0.4099406928420913,-0.0204705762115435,41.46955012678443,US
FEMS,First Trust Emerging Markets Small Cap AlphaDEX Fund,ETF,ETF,44.1349983215332,-1.5722609916494372,-0.0442141541925658,40.025975547130095,US
FEMV,Fidelity Enhanced Mid Cap Value,EQUITY,EQUITY,26.91939926147461,0.4830098601163803,0.0090192708254163,62.86429710529388,US
FENI,Fidelity Enhanced International ETF,ETF,ETF,39.84000015258789,0.1256577931895336,-0.0022583203378197,48.93876168328551,US
FEP,First Trust Europe AlphaDEX Fund,ETF,ETF,57.584999084472656,-0.060742533948125,-0.0058074636504498,50.69530184012495,US
FEPI,REX FANG & Innovation Equity Premium Income ETF,ETF,ETF,39.70000076293945,-1.848059448453976,-0.0658630530962976,37.54915904525819,US
FERG,Ferguson Enterprises Inc.,Industrials,Industrial Distribution,230.6699981689453,-0.5818490124370111,0.1200994338189817,49.72536953185372,US
FESM,Fidelity Enhanced Small Cap Core ETF,ETF,ETF,46.720001220703125,-1.0588733313729355,-0.0132872308529342,47.97658724800712,US
FET,"Forum Energy Technologies, Inc.",Energy,Oil & Gas Equipment & Services,57.86000061035156,10.33562571621052,-0.0249462784556953,69.48401458814028,US
FETH,Fidelity Ethereum Fund,ETF,ETF,18.549999237060547,1.0348508735988884,-0.0586133042936571,53.37163504997829,US
FEZ,State Street SPDR EURO STOXX 50 ETF,ETF,ETF,67.69000244140625,-0.0442982556942185,0.0066375977743513,49.65823137229472,US
FFA,First Trust Enhanced Equity Income Fund,Financial Services,Asset Management,22.3700008392334,-1.6270841495552584,-0.021219463001062,47.60341830113787,US
FFC,Flaherty & Crumrine Preferred Securities Income Fund Inc.,Financial Services,Asset Management,15.949999809265137,-1.7251986498368703,-0.0161515787453233,41.04358644506778,US
FFDI,Fidelity Fundamental Developed ,ETF,ETF,31.8567008972168,0.2098143434053017,0.0033831925874155,46.95068570627675,US
FFF,Founders 100 ETF,ETF,ETF,23.45509910583496,-3.2619862023631896,-0.0266981631085472,39.13212560536928,US
FFIN,"First Financial Bankshares, Inc.",Financial Services,Banks - Regional,34.68000030517578,-1.8120028176054117,-0.0081135716171986,52.66530521793681,US
FFIU,Fieldstone UVA Unconstrained Medium-Term Fixed Income ETF,ETF,ETF,21.42970085144043,-1.017546286242378,0.0025020092456366,33.676212150701375,US
FFIV,"F5, Inc.",Technology,Software - Infrastructure,392.2099914550781,-4.128578439611115,-0.2685878563074695,43.57676172982629,US
FFLG,Fidelity Covington Trust - Fidelity Fundamental Large Cap Growth ETF,ETF,ETF,31.8799991607666,-0.6234496847642808,-0.0235747309128939,39.4471798362852,US
FFMR,First Farmers Financial Corporation,Financial Services,Banks - Regional,33.5,-1.4763805587529817,-0.0312977886721154,36.39358039655576,US
FFOX,FundX Future Fund Opportunities ETF,ETF,ETF,28.91340065002441,-0.2642260148275797,0.0072925489337145,44.38021074392396,US
FFTY,CapForce IBD 50 ETF,ETF,ETF,37.310001373291016,-2.787909497254124,0.0049389174132806,36.809760606323394,US
FFUT,Fidelity Managed Futures ETF,ETF,ETF,61.56840133666992,0.9318054699506916,-0.0086513515167779,70.45601352911945,US
FGRU,T-Rex 2X Long FIGR Daily Target ETF,ETF,ETF,8.229999542236328,-10.250823623084615,-0.0882505164192687,39.55395669581127,US
FGSI,FT Vest Growth Strength & Target Income ETF,ETF,ETF,20.18470001220703,-0.3089006552469542,-0.0055547589939155,48.60616252191259,US
FHDG,FT Vest U.S. Equity Quarterly Dynamic Buffer ETF,ETF,ETF,36.12020111083984,-0.4404566533453676,-0.0094037535100695,46.60031818337958,US
FHEQ,Fidelity Hedged Equity ETF,ETF,ETF,33.09000015258789,-0.2411758238573503,-0.0102092563260452,49.16340610016889,US
FHI,"Federated Hermes, Inc.",Financial Services,Asset Management,57.91999816894531,-1.3119790011602686,0.0090514115195858,50.49590114321746,US
FHLC,Fidelity MSCI Health Care Index ETF,ETF,ETF,78.83999633789062,0.5740489242835872,0.0568051613385656,59.98129888033866,US
FICO,Fair Isaac Corporation,Technology,Software - Application,1237.3699951171875,-1.570267555297043,0.8411264583486009,52.79073843852765,US
FICS,First Trust International Developed Cap Strength ETF,ETF,ETF,41.38029861450195,-1.711843175274826,-0.0038568236429361,47.4524888946978,US
FID,First Trust S&P International Dividend Aristocrats ETF,ETF,ETF,22.280000686645508,0.5869122815084743,0.0018453690948699,64.38699017336438,US
FIGB,Fidelity Investment Grade Bond ETF,ETF,ETF,42.369998931884766,-0.6332093377778494,0.0038184197099555,41.23569031250541,US
FIGR,"Figure Technology Solutions, Inc.",Financial Services,Capital Markets,27.59000015258789,-4.763545714446925,-0.1550268148586422,41.0372952281618,US
FIGS,"FIGS, Inc.",Consumer Cyclical,Apparel Manufacturing,9.510000228881836,-7.7594583722102834,-0.0118760890730315,36.974269415594144,US
FIIG,First Trust Intermediate Duration Investment Grade Corporate ETF,ETF,ETF,20.36000061035156,-0.8464161768205584,0.0001080266288063,37.63716846226115,US
FINN,"First National of Nebraska, Inc.",Financial Services,Banks - Regional,18901.029296875,1.6129740168539324,-5.33271371150127,53.609450088530295,US
FINT,Frontier Asset Total International Equity ETF,ETF,ETF,35.374900817871094,0.2604650096705379,-0.0044493887789469,46.956043816192135,US
FINV,FINV,N/A,N/A,4.75,-0.2100888319533773,-0.000851488103994,48.41983902725199,US
FINX,Global X FinTech ETF,ETF,ETF,25.03510093688965,-0.8903376482754012,-0.0336386520076658,47.35092044450474,US
FIP,FTAI Infrastructure Inc.,Industrials,Conglomerates,4.230000019073486,1.682696495888655,-0.0044635957621003,43.231645898878895,US
FIS,FIS,N/A,N/A,41.5099983215332,-0.9544297955983072,0.0220466762874943,52.44548072300174,US
FISI,"Financial Institutions, Inc.",Financial Services,Banks - Regional,40.619998931884766,3.3062035787138337,0.0987614102669085,65.14843546491001,US
FISV,"Fiserv, Inc.",EQUITY,EQUITY,51.02000045776367,0.7702930701576534,0.024781488836569,49.72167030371851,US
FITB,Fifth Third Bancorp,Financial Services,Banks - Regional,57.40999984741211,-1.0343018298250417,-0.0200952031073196,57.81440560817322,US
FITZ,Fitz-Gerald Must Have Portfolio ETF,EQUITY,EQUITY,24.254600524902344,-0.7991829527191302,-0.0108643457416888,44.61302975216627,US
FIVA,Fidelity International Value Factor ETF,ETF,ETF,38.540000915527344,0.3907307326484432,-0.0020301220824545,51.47287662081544,US
FIVN,"Five9, Inc.",Technology,Software - Infrastructure,23.1200008392334,-9.616884643509604,-0.0378821250303315,48.575591443082416,US
FIX,"Comfort Systems USA, Inc.",Industrials,Engineering & Construction,1733.5999755859375,3.5566177382072204,-2.027057587834662,45.88755711634371,US
FIXD,First Trust Smith Opportunistic Fixed Income ETF,ETF,ETF,42.8650016784668,-0.7744970180169369,-0.0015377397460096,36.524892722969305,US
FIXT,TCW Core Plus Bond ETF,ETF,ETF,37.15510177612305,-0.52181179641302,0.0015833110081988,37.61193873980552,US
FJP,First Trust Japan AlphaDEX Fund,ETF,ETF,73.8550033569336,1.4073891255098745,0.0451941008000212,44.14935631842655,US
FLAU,Franklin FTSE Australia ETF,ETF,ETF,34.33000183105469,0.2072534590772684,0.0028142645559612,54.83154141113139,US
FLBL,Franklin Senior Loan ETF,ETF,ETF,23.030000686645508,0.2612162607080773,-0.0029224804188768,73.32623554059488,US
FLBR,Franklin FTSE Brazil ETF,ETF,ETF,22.209999084472656,1.0923977178837685,-0.0309269230036039,52.53363024778916,US
FLCA,Franklin FTSE Canada ETF,ETF,ETF,52.7400016784668,-0.621816503212842,-0.0079711753104572,55.97966966275349,US
FLCB,Franklin U.S. Core Bond ETF,ETF,ETF,21.07999992370605,-0.706545557063506,-6.10687540428187e-05,36.60665134936357,US
FLCE,Frontier Asset U.S. Large Cap Equity ETF,ETF,ETF,30.81999969482422,-0.4746968179730181,-0.0088606178390793,46.21873111976456,US
FLCG,Federated Hermes MDT Large Cap Growth ETF,ETF,ETF,33.25,-1.18871176148768,-0.0362351768749715,43.77884491974369,US
FLCH,Franklin FTSE China ETF,ETF,ETF,21.229999542236328,0.9894405358504796,-0.0215971539849839,49.45912147512311,US
FLCO,Franklin Investment Grade Corporate ETF,ETF,ETF,20.9950008392334,-0.9669807373989489,-0.0003121677355275,33.8189802055893,US
FLDZ,TrueShares Patriot Defense ETF,ETF,ETF,30.093000411987305,3.7689669378872575,0.0621931342586629,47.81722203284474,US
FLEU,Franklin FTSE Eurozone ETF,ETF,ETF,35.06999969482422,-0.3296797772804893,-0.001187234995583,47.974341741073815,US
FLEX,Flex Ltd.,Technology,Electronic Components,118.51000213623048,-0.6205432819870284,-0.1449454829575627,38.52956756984196,US
FLG,"Flagstar Bank, National Association",Financial Services,Banks - Regional,13.850000381469728,-7.046974925789415,-0.0606375813223337,34.89596127160935,US
FLGB,Franklin FTSE United Kingdom ETF,ETF,ETF,36.290000915527344,0.3595162297118711,0.0091273839757003,57.81091925611887,US
FLGT,"Fulgent Genetics, Inc.",Healthcare,Diagnostics & Research,19.670000076293945,-2.430554438625476,-0.0024508754358171,49.07093496342271,US
FLGV,Franklin U.S. Treasury Bond ETF,ETF,ETF,20.0049991607666,-0.6456472144895216,0.0005348100556866,39.39395796358716,US
FLIA,Franklin International Aggregate Bond ETF,ETF,ETF,20.315000534057617,-0.1965070453365207,0.002071646820053,43.260173383883966,US
FLIN,Franklin FTSE India ETF,ETF,ETF,34.5099983215332,-1.792831755998324,0.0045181489052829,42.75216599182668,US
FLJH,Franklin FTSE Japan Hedged ETF,ETF,ETF,45.130001068115234,1.98870297879149,0.0258863886431807,50.02892719521775,US
FLJJ,AllianzIM U.S. Equity 6 Month Floor5 Jan/Jul ETF,ETF,ETF,33.74020004272461,-0.2801804176538354,-0.006149620544196,47.85164177129671,US
FLJP,Franklin FTSE Japan ETF,ETF,ETF,38.959999084472656,0.8542531898343604,0.0062762644488885,45.28164628284965,US
FLMB,Franklin Municipal Green Bond ETF,ETF,ETF,23.42970085144043,-1.286285026586358,-0.0025387935735493,26.05703384759248,US
FLMX,Franklin FTSE Mexico ETF,ETF,ETF,36.67359924316406,0.0971634761951565,-0.0125001549744642,48.811549921185616,US
FLNG,FLEX LNG Ltd.,Energy,Oil & Gas Midstream,30.850000381469727,0.5868937226215092,-0.0245651439159511,53.34859649313511,US
FLO,"Flowers Foods, Inc.",Consumer Defensive,Packaged Foods,7.739999771118164,-8.833922499637739,-0.0284707297021532,41.59863535915358,US
FLOC,Flowco Holdings Inc.,Energy,Oil & Gas Equipment & Services,20.149999618530277,-0.4446647905417369,-0.0201455540910784,40.7657874798178,US
FLOT,iShares Floating Rate Bond ETF,ETF,ETF,51.02999877929688,0.0980761818546567,0.0014155238211706,85.90974311990765,US
FLOW,Global X U.S. Cash Flow Kings 100 ETF,ETF,ETF,39.97090148925781,0.1325272374626634,0.0247145913768498,60.15154360465523,US
FLQS,Franklin U.S. Small Cap Multifactor Index ETF,ETF,ETF,48.87799835205078,-1.5072766431155653,-0.0121667439691156,54.79699545659832,US
FLR,Fluor Corporation,Industrials,Engineering & Construction,52.18999862670898,6.336586551809152,0.0358249557003965,55.20912803356837,US
FLRN,State Street SPDR Bloomberg Investment Grade Floating Rate ETF,ETF,ETF,30.81999969482422,0.0649365527892807,8.52953908988402e-06,70.53711758925368,US
FLRT,Pacer Aristotle Pacific Floating Rate High Income ETF,ETF,ETF,46.59000015258789,-0.0087929268190244,-0.0015047781875685,67.61013921833212,US
FLSA,Franklin FTSE Saudi Arabia ETF,ETF,ETF,31.997100830078125,1.2887010937759815,0.0095129717962688,46.34593319824362,US
FLSP,Franklin Systematic Style Premia ETF,ETF,ETF,27.93000030517578,0.5761607662032938,0.0080660061834691,61.90847990030749,US
FLSW,Franklin FTSE Switzerland ETF,ETF,ETF,42.91059875488281,-1.585712619672978,0.0013364393253181,48.328693978511765,US
FLTR,VanEck IG Floating Rate ETF,ETF,ETF,25.59000015258789,0.0782184513194198,6.079144908801432e-05,72.62602689702807,US
FLTW,Franklin FTSE Taiwan ETF,ETF,ETF,94.2300033569336,0.5978490433812578,-0.0058147929809583,43.03564966684586,US
FLXR,TCW Flexible Income ETF,ETF,ETF,38.84000015258789,-0.5377697530742993,-0.0026253874395452,42.13609369092227,US
FLXS,FLXS,N/A,N/A,75.19999694824219,3.04192037434002,0.003768528238639,70.78473209565672,US
FLY,Firefly Aerospace Inc.,Industrials,Aerospace & Defense,19.690000534057617,2.1795540545757066,0.0436749587538409,33.430147738061336,US
FLYW,Flywire Corporation,Technology,Software - Infrastructure,15.890000343322754,-12.355206404483544,-0.0566371639996866,39.611095469867,US
FMAG,Fidelity Magellan ETF,ETF,ETF,35.22570037841797,-0.6971476822216157,-0.023441987531763,41.53760087471651,US
FMAO,"Farmers & Merchants Bancorp, Inc.",Financial Services,Banks - Regional,30.950000762939453,1.243052247002711,0.0162742429703069,59.43077115747219,US
FMAT,Fidelity MSCI Materials Index ETF,ETF,ETF,57.95000076293945,1.3466254873279069,0.0634190180177256,49.269931257400735,US
FMBH,"First Mid Bancshares, Inc.",Financial Services,Banks - Regional,51.0,3.595369640914012,0.085207407362564,66.5314811761977,US
FMC,FMC Corporation,Basic Materials,Agricultural Inputs,11.300000190734863,0.8028559525568724,-0.0234872244375877,47.632413621641845,US
FMCB,Farmers & Merchants Bancorp,Financial Services,Banks - Regional,1377.72998046875,3.5879407186968644,0.3820808031526805,65.2909134419231,US
FMCC,Federal Home Loan Mortgage Corporation,Financial Services,Mortgage Finance,5.559999942779541,1.2750487172993052,-0.0017625747615111,46.26226956124775,US
FMCE,FM Compounders Equity ETF,ETF,ETF,27.632999420166016,-2.758913332794584,-0.0205161093451654,35.503058533639646,US
FMDE,Fidelity Enhanced Mid Cap Core ETF,ETF,ETF,40.56999969482422,0.3711072060219746,0.0093041155038493,56.13174317745837,US
FMF,First Trust Managed Futures Strategy Fund,ETF,ETF,50.400001525878906,0.96154522143432,0.0023003926362511,51.83874455689556,US
FMHI,First Trust Municipal High Income ETF,ETF,ETF,47.56880187988281,-1.099621351336818,-0.0066108670379626,29.34335035489741,US
FMNB,Farmers National Banc Corp.,Financial Services,Banks - Regional,15.1899995803833,3.7568253016564954,0.0220308101905578,63.71083305581183,US
FMQQ,FMQQ The Next Frontier Internet ETF,ETF,ETF,11.90820026397705,-1.5362956904550085,-0.0090243019170372,48.84421802917611,US
FMTL,First Trust Indxx Critical Metals ETF,EQUITY,EQUITY,31.90019989013672,4.293327235538007,0.0198129183449732,46.07522522278111,US
FMTM,MarketDesk Focused U.S. Momentum ETF,ETF,ETF,38.34999847412109,0.0782849152812672,-0.0079591693610826,40.61081932273932,US
FMUB,Fidelity Municipal Bond Opportunities ETF,ETF,ETF,50.60049819946289,-1.0994273592158348,-0.0080125954255739,25.18011050858153,US
FMUN,Fidelity Systematic Municipal Bond Index ETF,ETF,ETF,49.67649841308594,-0.9639183329286176,-0.0068857757471264,27.66125745236043,US
FNB,F.N.B. Corporation,Financial Services,Banks - Regional,19.049999237060547,-0.574115924987442,0.0082888238914484,54.65827344687068,US
FND,"Floor & Decor Holdings, Inc.",Consumer Cyclical,Home Improvement Retail,53.75,-5.3530566411668365,0.029294745085281,47.383787330585065,US
FNDA,Schwab Fundamental U.S. Small Company ETF,ETF,ETF,37.34000015258789,-0.8233767881202734,-0.0074614269569532,51.51100592492414,US
FNDC,Schwab Fundamental International Small Equity ETF,ETF,ETF,48.625,0.2370679910243339,0.0088645866668161,48.830544107895165,US
FNDE,Schwab Fundamental Emerging Markets Equity ETF,ETF,ETF,40.5,0.9471612119441865,-0.0205837859262964,52.06592421877335,US
FNDF,Schwab Fundamental International Equity ETF,ETF,ETF,52.93999862670898,0.3792130107645488,-0.0072511522893132,49.8154571748269,US
FNDX,Schwab Fundamental U.S. Large Company ETF,ETF,ETF,31.520000457763672,0.1907227432839621,-0.0001261491464487,57.84820038452799,US
FNK,First Trust Mid Cap Value AlphaDEX Fund,ETF,ETF,62.98189926147461,0.2736791664148739,0.0176174765881245,63.098160564762566,US
FNLC,"The First Bancorp, Inc.",Financial Services,Banks - Regional,34.97999954223633,1.3619276834616894,0.0556377449541699,64.02096413774716,US
FNMA,Federal National Mortgage Association,Financial Services,Mortgage Finance,6.210000038146973,3.156147139907745,0.0014800050989412,47.63400053850317,US
FNY,First Trust Mid Cap Growth AlphaDEX Fund,ETF,ETF,102.61930084228516,-0.6974022848317236,-0.0052066501845505,41.76598953596464,US
FOPC,Frontier Asset Opportunistic Credit ETF,ETF,ETF,25.12470054626465,-0.6732537241179879,-0.0006376046963388,38.42374043974697,US
FOR,Forestar Group Inc.,Real Estate,Real Estate - Development,28.31999969482422,-5.284280748708984,0.0652882413192005,43.62238971572552,US
FORH,Formidable ETF,ETF,ETF,24.208999633789062,0.648568330748359,0.0099833762984903,45.15896037804869,US
FOTO,Tuttle Capital Pure Play Photonics ETF,ETF,ETF,19.209999084472656,-0.8260286413445221,-0.0558824202250415,39.19985358163363,US
FOX,Fox Corporation,Communication Services,Entertainment,49.40999984741211,-4.299827958117388,-0.1145558669229557,45.16955363830336,US
FOXF,Fox Factory Holding Corp.,Consumer Cyclical,Auto Parts,18.51000022888184,-2.68138915145852,-0.0131610262225488,55.09633339927304,US
FPAG,FPA Global Equity ETF,ETF,ETF,40.02000045776367,-1.6224184917917428,-0.0156097310477668,46.70212986170471,US
FPE,First Trust Preferred Securities and Income ETF,ETF,ETF,17.739999771118164,-0.666083819739244,-0.0041189613634962,36.56844600628353,US
FPFD,Fidelity Preferred Securities & Income ETF,ETF,ETF,21.30500030517578,-0.5600883834674487,-0.0036265923711335,37.55103403161989,US
FPH,"Five Point Holdings, LLC",Real Estate,Real Estate - Development,5.230000019073486,-0.1908349710203114,0.0095867736903909,54.00896653263604,US
FPI,Farmland Partners Inc.,Real Estate,REIT - Specialty,9.600000381469728,-1.132849188929953,-0.0045035296944355,45.140819304430174,US
FPWR,First Trust EIP Power Solutions ETF,EQUITY,EQUITY,37.98619842529297,1.6217157299516898,0.0176461580486803,59.31564775319947,US
FPXE,First Trust IPOX Europe Equity Opportunities ETF,ETF,ETF,32.814998626708984,-0.1065444415155206,0.0004527441829961,39.18778033643397,US
FRBA,First Bank,Financial Services,Banks - Regional,17.979999542236328,0.671886493750817,0.0254015862835333,60.93159998517494,US
FRBP,FRANKLIN BSP CAP CORP,Financial Services,Asset Management,7.875,0.0,-0.0039585622062128,50.173655617019335,US
FRDM,Freedom 100 Emerging Markets ETF,ETF,ETF,64.68000030517578,-0.1543662797243713,-0.0292832493494312,40.63807480852257,US
FRHC,Freedom Holdings Corp.,Financial Services,Financial Conglomerates,151.02000427246094,-1.093718083858282,-0.469605517570451,49.82973441704042,US
FRI,First Trust S&P REIT Index Fund,ETF,ETF,33.34199905395508,1.4668242077015554,0.0308066055077577,68.56934712549238,US
FRIZ,Franklin Dividend Growth ETF,EQUITY,EQUITY,26.614999771118164,-0.6458128079869975,-0.0010044714263406,56.05080422976701,US
FRMI,Fermi Inc.,Real Estate,REIT - Specialty,7.400000095367432,22.314047306973567,0.0943460984591497,53.57227474599721,US
FRNW,Fidelity Clean Energy ETF,ETF,ETF,22.34000015258789,-2.4454125557680846,-0.0292863726447203,35.72612877860804,US
FRO,Frontline plc,Energy,Oil & Gas Midstream,39.290000915527344,7.673332716542081,0.0686623725062317,57.44139222466242,US
FRPH,"FRP Holdings, Inc.",Real Estate,Real Estate Services,23.420000076293945,-2.5384960171497863,0.0151912463465644,44.12193918731258,US
FRST,Primis Financial Corp.,Financial Services,Banks - Regional,15.34000015258789,-5.074255585191327,-0.0305615779655242,43.44874997277651,US
FRTY,Alger Mid Cap 40 ETF,ETF,ETF,22.09079933166504,-0.3437564210715432,-0.0074867042189869,41.48483056199832,US
FSCS,First Trust SMID Capital Strength ETF,ETF,ETF,37.21849822998047,0.1035447135252665,0.0200672265997824,59.21071123239035,US
FSEC,Fidelity Investment Grade Securitized ETF,ETF,ETF,43.43999862670898,-0.594970553069116,0.0068599742051483,42.69730381131578,US
FSEG,Fidelity Enhanced Small Cap Gro,EQUITY,EQUITY,26.687000274658203,-2.030100958540724,-0.0169038112155634,41.13725457014298,US
FSEV,Fidelity Enhanced Small Cap Val,EQUITY,EQUITY,26.632200241088867,-0.5519060558887322,-0.0046711697879839,54.37515686341792,US
FSGS,First Trust SMID Growth Strength ETF,ETF,ETF,31.635499954223636,-1.600315854545541,-0.0057549018288927,48.68131521714815,US
FSLR,"First Solar, Inc.",Technology,Solar,202.82000732421875,-4.3256747635873865,0.1334354747974409,31.8790696484117,US
FSMB,First Trust Short Duration Managed Municipal ETF,ETF,ETF,19.850000381469727,-0.3863419695467232,-0.000293463799014,37.46352553707866,US
FSMD,FSMD,N/A,N/A,50.915000915527344,0.3053636704483223,0.0053174726432686,47.99577542347183,US
FSS,Federal Signal Corporation,Industrials,Farm & Heavy Construction Machinery,118.88999938964844,1.9377537421353552,0.2408572778739857,50.98330865063362,US
FSTR,L.B. Foster Company,Industrials,Railroads,42.400001525878906,1.1209187151975972,0.0178186717639824,51.03152960726246,US
FSUN,FirstSun Capital Bancorp,Financial Services,Banks - Regional,34.4900016784668,-2.6531149269328824,0.0624159874454044,40.521005483751445,US
FTAI,FTAI Aviation Ltd.,Industrials,Aerospace & Defense,215.97999572753903,4.106810343172699,0.6498876144654719,43.65890352078385,US
FTBI,First Trust Balanced Income ETF,ETF,ETF,21.40019989013672,-0.2673524181673777,-0.0002648637132957,45.537076272218215,US
FTCA,Putnam ETF Trust - Franklin California Municipal Income ETF,ETF,ETF,7.260000228881836,-1.291635485320061,-0.0016325416984858,24.83646309175029,US
FTCB,FTCB,N/A,N/A,20.51000022888184,-0.9167631101741144,-0.0010844395005477,37.40808661588111,US
FTCE,First Trust New Constructs Core Earnings Leaders ETF,ETF,ETF,26.69260025024414,-0.0389426846823964,0.0003596535873252,42.62959430306084,US
FTCS,First Trust Capital Strength ETF,ETF,ETF,97.38999938964844,0.4642015028978162,0.0638192801006702,60.49806480623192,US
FTDR,"Frontdoor, Inc.",Consumer Cyclical,Personal Services,71.48999786376953,-5.5489555319912425,0.0012640461886597,45.33483228798009,US
FTEC,Fidelity MSCI Information Technology Index ETF,ETF,ETF,270.5199890136719,0.1443690533484266,-0.1487264408122974,44.87848033791126,US
FTGC,First Trust Global Tactical Commodity Strategy Fund,ETF,ETF,29.422199249267575,2.054107967841427,-0.0241642583657439,68.38200637902122,US
FTH,"Faeth Therapeutics, Inc.",Healthcare,Biotechnology,28.290000915527344,9.35446462229669,-0.0234836098954471,55.25905631340999,US
FTHB,FIS Faith Income ETF,EQUITY,EQUITY,25.084999084472656,-0.7713670762511637,-0.0008068182506172,41.71890249770284,US
FTI,TechnipFMC plc,Energy,Oil & Gas Equipment & Services,76.75,6.4936871444331095,0.0239234604512654,68.52943090985403,US
FTIF,First Trust Bloomberg Inflation Sensitive Equity ETF,ETF,ETF,28.03899955749512,2.2462867456555533,0.0202984750065839,62.58921426301156,US
FTK,"Flotek Industries, Inc.",Energy,Oil & Gas Equipment & Services,25.84000015258789,-1.2609855664654148,-0.0821506153216387,56.36911043175517,US
FTKI,First Trust Small Cap BuyWrite Income ETF,ETF,ETF,19.74040031433105,-0.1893668525649439,-0.0053900678934356,49.69478016359376,US
FTMH,Putnam ETF Trust - Putnam Franklin Municipal High Yield ETF,ETF,ETF,11.59000015258789,-1.2776799101759,-0.0014655745336808,31.35059743437301,US
FTMN,Franklin Minnesota Municipal Income ETF,ETF,ETF,8.710000038146973,-1.303113581911116,-0.0004963991797339,31.15363037702069,US
FTMS,Putnam ETF Trust - Putnam Franklin Short Term Municipal Income ETF,ETF,ETF,9.882100105285645,-0.2815312064182378,-0.0010093311219617,35.76373710028864,US
FTMU,Putnam ETF Trust - Franklin Municipal Income ETF,ETF,ETF,7.769999980926514,-1.119875578145347,-9.509204714161154e-05,33.065743783539205,US
FTNJ,Franklin New Jersey Municipal Income ETF,ETF,ETF,8.673999786376953,-1.094648419336556,-0.0013006148390739,26.27355678986075,US
FTNT,"Fortinet, Inc.",Technology,Software - Infrastructure,152.3699951171875,-5.717471355898389,-0.1732825548061232,48.62840634502197,US
FTNY,Putnam ETF Trust - Putnam Franklin New York Municipal Income ETF,ETF,ETF,7.789999961853027,-1.1421338995028183,-0.0004501048097631,32.21104290682655,US
FTOH,Franklin Ohio Municipal Income ETF,ETF,ETF,8.34000015258789,-0.9501178501326876,-0.0009040692465355,33.282137230179146,US
FTQI,First Trust Nasdaq BuyWrite Income ETF,ETF,ETF,21.75,-0.4467178776985294,-0.0116987033400939,49.158800666961945,US
FTRB,Federated Hermes Total Return Bond ETF,ETF,ETF,24.764799118041992,-0.8495822992665754,-0.0006441100947179,34.68012965374221,US
FTRE,Fortrea Holdings Inc.,Healthcare,Biotechnology,19.520000457763672,9.9099110709451,0.0464144824983941,73.1395486079262,US
FTSM,First Trust Enhanced Short Maturity ETF,ETF,ETF,59.845001220703125,-0.0167042379244324,-0.0005962434162962,70.73698410460169,US
FTWO,Strive Natural Resources and Security ETF,ETF,ETF,44.42350006103516,4.412867398613436,0.0478453304069251,59.65918915683378,US
FTXG,First Trust Nasdaq Food & Beverage ETF,ETF,ETF,22.891000747680664,-0.3959603249580242,-0.003006730492054,54.261482725995926,US
FTXL,First Trust Nasdaq Semiconductor ETF,ETF,ETF,229.3500061035156,1.1510984154184696,-0.1595447591048584,41.53112644219352,US
FTXN,First Trust Nasdaq Oil & Gas ETF,ETF,ETF,37.61930084228516,3.032700956453401,-0.0255844867523425,68.24734508383544,US
FULT,Fulton Financial Corporation,Financial Services,Banks - Regional,24.56999969482422,-0.8874595101984288,0.0012723708539256,59.46852097024727,US
FUMB,First Trust Ultra Short Duration Municipal ETF,ETF,ETF,20.049999237060547,0.019952659769472,-0.0002565043648443,57.46711446943431,US
FUN,Six Flags Entertainment Corporation,Consumer Cyclical,Leisure,17.3700008392334,-0.912720143439575,0.0475419841548312,35.12152340028756,US
FUSI,American Century Multisector Floating Income ETF,ETF,ETF,50.595001220703125,0.0098854874484094,-0.0006290826963505,75.77892744439154,US
FV,First Trust Dorsey Wright Focus 5 ETF,ETF,ETF,69.447998046875,-0.3329538709596537,-0.0257806455279819,41.37066800109044,US
FVD,First Trust Value Line Dividend Index Fund,ETF,ETF,49.90999984741211,0.6250027879592769,0.0302727070614163,63.06822587642225,US
FVR,"FrontView REIT, Inc.",Real Estate,REIT - Diversified,21.170000076293945,-3.421532834806467,-0.0268618363114678,58.66035036088432,US
FVRR,Fiverr International Ltd.,Communication Services,Internet Content & Information,10.460000038146973,-6.773620417061658,-0.0183576455784508,45.56947342794588,US
FWD,AB Disruptors ETF,ETF,ETF,127.38999938964844,0.0314102206569498,-0.0292842483406148,39.21006326907911,US
FWONA,Formula One Group,Communication Services,Entertainment,89.07499694824219,-5.118236520826955,-0.081866528790071,52.36819503793553,US
FWRD,Forward Air Corporation,Industrials,Integrated Freight & Logistics,15.25,10.909090909090908,-0.0268857294034656,59.28474786454312,US
FWRG,"First Watch Restaurant Group, Inc.",Consumer Cyclical,Restaurants,12.119999885559082,-2.650601837443185,0.0007389719584365,48.83073163706997,US
FXB,Invesco CurrencyShares British Pound Sterling Trust,ETF,ETF,128.1020050048828,-1.0107399893456137,-0.0485505148048263,45.94572275434914,US
FXC,Invesco CurrencyShares Canadian Dollar Trust,ETF,ETF,69.23999786376953,-0.7880828837121339,-0.0184586199651011,45.25791101228295,US
FXD,First Trust Consumer Discretionary AlphaDEX Fund,ETF,ETF,68.34230041503906,-1.453061400510438,0.013224030830322,48.79305483963516,US
FXG,First Trust Consumer Staples AlphaDEX Fund,ETF,ETF,64.18000030517578,-0.4034794015827085,-0.0135972692912228,55.02254251529455,US
FXH,First Trust Health Care AlphaDEX Fund,ETF,ETF,124.0500030517578,0.4941676914184394,0.1068704377268328,57.99135251970086,US
FXI,iShares China Large-Cap ETF,ETF,ETF,34.58000183105469,1.3184903277364697,-0.0296313906676431,57.881656509383575,US
FXN,First Trust Energy AlphaDEX Fund,ETF,ETF,22.040000915527344,3.18352193700892,-0.0057472880249443,66.0987991766099,US
FXO,First Trust Financials AlphaDEX Fund,ETF,ETF,65.03910064697266,-0.1088925859534305,0.026456257586694,64.83938453433709,US
FXP,ProShares UltraShort FTSE China 50,ETF,ETF,21.275299072265625,-3.1179418977807005,0.0329078493327477,41.924431019405546,US
FXR,First Trust Industrials/Producer Durables AlphaDEX Fund,ETF,ETF,89.30000305175781,0.6764443338884643,0.0564888504071627,54.09683308983327,US
FXU,First Trust Utilities AlphaDEX Fund,ETF,ETF,50.27000045776367,1.2691399594308015,0.0234301134102785,58.41138198019526,US
FYEE,Fidelity Yield Enhanced Equity ETF,ETF,ETF,29.200000762939453,0.0342590911232362,-0.0112011937934259,53.06675060997929,US
FYLD,Cambria Foreign Shareholder Yield ETF,ETF,ETF,38.63999938964844,1.76454608218447,-0.0005361137428125,64.88138963367385,US
FYT,First Trust Small Cap Value AlphaDEX Fund,ETF,ETF,71.39779663085938,-0.33808313910184,-0.003383679065156,61.234047634785824,US
G,Genpact Limited,Technology,Information Technology Services,31.26000022888184,1.1978013808488115,0.0322030599232818,57.00968939421798,US
GAA,Cambria Global Asset Allocation ETF,ETF,ETF,34.975399017333984,0.2936309336026327,-0.0073245877287625,55.66330415135841,US
GAB,The Gabelli Equity Trust Inc.,Financial Services,Asset Management,5.579999923706055,-0.8881028369184767,0.0005131914401312,48.17223864271904,US
GABC,"German American Bancorp, Inc.",Financial Services,Banks - Regional,48.43000030517578,-0.2882425170436151,0.0238481483972919,60.32655053298146,US
GAIN,Gladstone Investment Corporation,Financial Services,Asset Management,15.949999809265137,-3.5671165272326477,-0.0338464034121465,48.97209779642424,US
GAM,"General American Investors Company, Inc.",Financial Services,Asset Management,64.05999755859375,0.015604225386002,-0.0102599603004018,50.48141900260495,US
GAMI,"GAMCO Investors, Inc.",Financial Services,Asset Management,24.200000762939453,-1.2647876909323277,-0.0009566440214744,53.2261720591158,US
GAP,"The Gap, Inc.",Consumer Cyclical,Apparel Retail,19.01000022888184,-6.584767211149862,-0.0379167316702842,40.41075777176388,US
GATX,GATX Corporation,Industrials,Rental & Leasing Services,184.6300048828125,3.445769443350846,0.1784611388988546,61.09716188164927,US
GAVA,Grayscale Avalanche Staking ETF,ETF,ETF,15.145000457763672,-5.165934849534142,-0.0446029741706984,36.788366063294845,US
GBCI,"Glacier Bancorp, Inc.",Financial Services,Banks - Regional,50.27000045776367,-6.160162881948613,-0.091528611173191,46.08588453627784,US
GBFH,GBank Financial Holdings Inc.,Financial Services,Banks - Regional,31.0,0.8458042642086151,0.0185160719520754,52.64272279129816,US
GBHI,Gabelli High Income ETF,EQUITY,EQUITY,25.05500030517578,-0.6148305629742836,-0.0084244007623997,39.28508445849037,US
GBIL,Goldman Sachs Access Treasury 0-1 Year ETF,ETF,ETF,100.08999633789062,0.0399732982637923,1.538809383527795e-05,99.975512785592,US
GBND,Goldman Sachs Core Bond ETF,ETF,ETF,49.72999954223633,-0.7484283074065121,-0.0006540812777092,34.2097718893354,US
GBTC,Grayscale Bitcoin Trust ETF,ETF,ETF,49.720001220703125,0.0201209744813554,-0.111322182992081,48.64481681788648,US
GBTG,"Global Business Travel Group, Inc.",Consumer Cyclical,Travel Services,9.40999984741211,0.0,0.0013338575527672,69.23850609411627,US
GBX,"The Greenbrier Companies, Inc.",Industrials,Railroads,52.119998931884766,4.198317582772333,0.0402274842015023,64.77853087375806,US
GCAL,Goldman Sachs Dynamic California Municipal Income ETF,ETF,ETF,50.56499862670898,-0.507650523213899,0.0056149896929941,38.6197833468507,US
GCBC,"Greene County Bancorp, Inc.",Financial Services,Banks - Regional,33.0,0.4566256707654826,0.0230383767712836,59.24287826940434,US
GCC,WisdomTree Enhanced Commodity Strategy Fund,ETF,ETF,24.399999618530277,1.2448100925808017,-0.0259570332410316,60.348906288388285,US
GCO,Genesco Inc.,Consumer Cyclical,Apparel Retail,35.689998626708984,-3.46227360489602,-0.036854029837554,50.9177963016443,US
GCOR,Goldman Sachs Access U.S. Aggregate Bond ETF,ETF,ETF,40.54999923706055,-0.6663058362758266,0.0004136471525204,37.933755021930985,US
GCOW,Pacer Global Cash Cows Dividend ETF,ETF,ETF,45.31999969482422,0.532382107411987,0.0001514290519975,60.66236324859215,US
GCT,GCT,N/A,N/A,36.09000015258789,-5.051297694632115,-0.1338395875025529,51.994350374735696,US
GD,General Dynamics Corporation,Industrials,Aerospace & Defense,386.75,4.929734139043351,0.6453308106355902,70.2704173908089,US
GDE,WisdomTree Efficient Gold Plus Equity Strategy Fund,ETF,ETF,60.619998931884766,-0.5251061733433782,-0.0542056293457542,42.732564876707485,US
GDIV,Harbor Dividend Growth Leaders ETF,ETF,ETF,18.820499420166016,0.8763457992375717,0.0014216768241875,61.1402931672852,US
GDMA,Gadsden Dynamic Multi-Asset ETF,ETF,ETF,41.40299987792969,-0.1133917590944635,0.0006886341142967,44.87714525788083,US
GDMN,GDMN,N/A,N/A,72.5770034790039,5.67414553947584,0.0338874190375584,45.49966967278864,US
GDOC,Goldman Sachs Future Health Care Equity ETF,ETF,ETF,35.786800384521484,-0.0926837258112302,0.0214881530728487,55.09646836000192,US
GDOG,Grayscale Dogecoin Trust ETF,ETF,ETF,8.110099792480469,-4.933774915872982,-0.0159385619519417,33.26580714277944,US
GDOT,Green Dot Corporation,Financial Services,Credit Services,13.279999732971191,-0.8955215595166096,0.0021270934818254,51.81714549807891,US
GDRX,"GoodRx Holdings, Inc.",Healthcare,Health Information Services,2.9600000381469727,-5.732486010942198,-0.0014662983738921,52.073989883362586,US
GDX,VanEck Gold Miners ETF,ETF,ETF,75.2300033569336,5.4823383045991925,0.0721668334917877,47.32235005370279,US
GDXJ,VanEck Junior Gold Miners ETF,ETF,ETF,97.8000030517578,6.073759532399193,0.075128887308189,47.24819340606922,US
GDXW,Roundhill Gold Miners Weeklypay ETF,ETF,ETF,35.18000030517578,6.547939447778174,0.041155861642097,46.90609876944431,US
GDXY,YieldMax Gold Miners Option Income Strategy ETF,ETF,ETF,9.699999809265137,3.9534812891262017,0.0036910998839246,45.02428361757494,US
GDYN,"Grid Dynamics Holdings, Inc.",Technology,Information Technology Services,5.690000057220459,-1.727114081026081,0.0012111497464571,44.2161939578663,US
GE,GE Aerospace,Industrials,Aerospace & Defense,353.7300109863281,1.4047027499590787,0.9626507556205276,53.09156573147565,US
GEHC,GE HealthCare Technologies Inc.,Healthcare,Medical Devices,60.58000183105469,-3.947990924080931,-0.0673826771099165,39.722294222939205,US
GEL,"Genesis Energy, L.P.",Energy,Oil & Gas Midstream,15.020000457763672,2.5956291361306865,-0.0021238554363224,54.80168516147575,US
GEMD,Goldman Sachs Access Emerging Markets USD Bond ETF,ETF,ETF,41.55500030517578,-1.000591266737638,-0.0031067083568124,34.18863097567444,US
GEMI,"Gemini Space Station, Inc.",Financial Services,Capital Markets,4.289999961853027,2.386632536203491,-0.0176925836603637,46.61824517486417,US
GENB,"Generate Biomedicines, Inc.",Healthcare,Biotechnology,13.399999618530272,-1.1799468741531831,0.0038363220662716,40.2059384066229,US
GEND,Genter Capital Dividend Income ETF,ETF,ETF,13.193099975585938,0.7337546966475402,0.0050819989366139,65.94062081716375,US
GENI,Genius Sports Limited,Communication Services,Internet Content & Information,6.480000019073486,2.857140045858109,-0.0006685002277326,53.88635403228713,US
GENM,Genter Capital Municipal Quality Intermediate ETF,ETF,ETF,10.175000190734863,-0.8767671658816312,-0.0017729613796055,32.498425531641615,US
GENW,Genter Capital International Dividend ETF,ETF,ETF,15.072999954223633,-0.6197657005717896,-0.0089708486566111,53.1351828333502,US
GEO,"The GEO Group, Inc.",Industrials,Security & Protection Services,30.920000076293945,4.955875889998941,-0.0059540013307879,64.24451682163104,US
GERN,Geron Corporation,Healthcare,Biotechnology,1.4199999570846558,-1.3888957875743526,-0.0017218197829949,53.21954429921745,US
GETY,"Getty Images Holdings, Inc.",Communication Services,Internet Content & Information,0.4401000142097473,-14.709295079162713,0.003235118613659,31.43976087275155,US
GEV,GE Vernova Inc.,Industrials,Specialty Industrial Machinery,1014.75,-4.07339174285195,-0.4518909763038543,45.72946245794588,US
GEVG,Leverage Shares 2X Long GEV Daily ETF,ETF,ETF,26.530000686645508,-9.17493489156517,-0.0353147024362997,44.03949148866888,US
GFF,Griffon Corporation,Industrials,Building Products & Equipment,90.62000274658205,-0.9292647455750846,0.1333620239099889,49.41517658003876,US
GFLW,VictoryShares Free Cash Flow Growth ETF,ETF,ETF,31.84819984436035,-0.586213815239142,-0.0050776156254024,43.07400286805032,US
GFS,GLOBALFOUNDRIES Inc.,Technology,Semiconductors,53.52999877929688,-6.8719568448099775,-0.0074338946813314,29.31527786978309,US
GGM,GGM Macro Alignment ETF,ETF,ETF,30.277000427246094,-1.0264430064319006,-0.0101490517878689,55.35974080156774,US
GGN,"GAMCO Global Gold, Natural Resources & Income Trust",Financial Services,Asset Management,4.909999847412109,2.719657571081404,0.0024076096985923,52.8081347897084,US
GGOV,iShares Global Government Bond USD Hedged Active ETF,ETF,ETF,49.88999938964844,-0.2798308875961261,0.0015829391789227,42.90499361122564,US
GGUS,Goldman Sachs MarketBeta Russell 1000 Growth Equity ETF,ETF,ETF,63.90499877929688,-1.726950084180516,-0.0674845714516541,39.05671875658987,US
GH,"Guardant Health, Inc.",Healthcare,Diagnostics & Research,147.3300018310547,-5.478920609262997,-0.1390144353441531,48.70835380395216,US
GHC,Graham Holdings Company,Industrials,Conglomerates,1154.8800048828125,-1.9509942399385471,0.2833870202810535,49.66656548612895,US
GHM,Graham Corporation,Industrials,Specialty Industrial Machinery,103.93000030517578,-3.5810377377921725,-0.0137858318914093,44.585818807894256,US
GHRS,GH Research PLC,Healthcare,Biotechnology,27.280000686645508,-4.980837490170942,-0.0774507478917916,54.97693775250713,US
GHY,"PGIM Global High Yield Fund, Inc",Financial Services,Asset Management,11.68000030517578,-1.100762995952012,-0.0088453823141782,42.15500343784102,US
GHYG,iShares US & Intl High Yield Corp Bond ETF,ETF,ETF,44.86000061035156,-0.7961092450982575,-0.0113509091334433,40.46912601817705,US
GIC,Global Industrial Company,Industrials,Industrial Distribution,35.119998931884766,1.9448422470459903,0.0195967699040002,65.93489359070193,US
GIGB,Goldman Sachs Access Investment Grade Corporate Bond ETF,ETF,ETF,44.93999862670898,-1.0785861218912904,-0.0038976222621726,32.10143583774554,US
GIGL,Goldman Sachs Corporate Bond ETF,ETF,ETF,49.60340118408203,-0.9496942734749304,-0.0020261999881533,33.6181406100861,US
GII,State Street SPDR S&P Global Infrastructure ETF,ETF,ETF,76.81999969482422,0.7607579319336703,0.0165881440101463,58.501076995895374,US
GIII,"G-III Apparel Group, Ltd.",Consumer Cyclical,Apparel Manufacturing,34.95000076293945,-1.3269266806962523,-0.0348715843157408,54.274124418657095,US
GILD,"Gilead Sciences, Inc.",Healthcare,Drug Manufacturers - General,129.30999755859375,-3.701222271286909,-0.1671351337732545,47.63781075711087,US
GILT,Gilat Satellite Networks Ltd.,Technology,Communication Equipment,10.729999542236328,-3.6804379573666495,-0.0247560895392598,34.549444978260865,US
GIND,Goldman Sachs India Equity ETF,ETF,ETF,23.834999084472656,-1.7721010343780244,0.0017849505489642,45.51094102890509,US
GINN,Goldman Sachs Innovate Equity ETF,ETF,ETF,76.72109985351562,-1.61565369608006,-0.040580311733079,40.642834638755865,US
GIS,GIS,N/A,N/A,36.02999877929688,-5.109303078843371,-0.0613723357438894,50.83429665703577,US
GJUN,GJUN,N/A,N/A,41.09000015258789,-0.19431144016364,-0.0047875400092321,47.38245947703966,US
GK,AdvisorShares Gerber Kawasaki ETF,ETF,ETF,27.885499954223636,-0.8374536227923581,-0.0166020698997536,39.97779768465938,US
GKAT,Scharf Global Opportunity ETF,ETF,ETF,43.24639892578125,-0.5601350730831586,-0.0149334235317609,44.10569750784351,US
GLAD,Gladstone Capital Corporation,Financial Services,Asset Management,18.790000915527344,-5.625308591001031,-0.0326744590134106,39.8014630375317,US
GLBE,Global-E Online Ltd.,Consumer Cyclical,Internet Retail,36.209999084472656,-5.01049291954341,0.0396673230924673,52.13894299590601,US
GLDB,IDX Alternative FIAT ETF,ETF,ETF,19.584999084472656,1.2929920446738854,-0.0180521063645463,44.50135466179327,US
GLDI,UBS ETRACS Gold Shares Covered Call ETN,ETF,ETF,141.64199829101562,1.533394731833664,0.0182161458860627,48.42480149671731,US
GLDM,SPDR Gold MiniShares,ETF,ETF,80.19000244140625,0.9314103481289496,-0.0195092986596507,44.75402708693492,US
GLDN,Nicholas Gold Income ETF,EQUITY,EQUITY,14.215100288391112,4.684445036886669,0.0154940065185836,46.4771217534084,US
GLDW,GLDW,N/A,N/A,40.60480117797852,1.0974994947169423,-0.0104934518042926,44.09171623833946,US
GLGG,Leverage Shares 2X Long GLXY Daily ETF,ETF,ETF,4.994500160217285,7.408603393214166,-0.0254150927610199,37.51712033891713,US
GLIBA,Liberty Capital Corporation,Communication Services,Telecom Services,22.31999969482422,1.0869554888924151,-0.027678642988096,48.66861809178631,US
GLIX,Lazard Listed Infrastructure ETF,ETF,ETF,28.03529930114746,0.254965661041157,0.0128411022026017,56.79990099853251,US
GLNG,Golar LNG Limited,Energy,Oil & Gas Midstream,48.619998931884766,-2.0745268123653045,-0.0720993107150442,37.34022558759578,US
GLNK,Grayscale Chainlink Trust ETF,ETF,ETF,7.409999847412109,1.0914041546893585,-0.0238200879737083,52.96422884672016,US
GLOB,Globant S.A.,Technology,Information Technology Services,31.299999237060547,-2.885511381894521,-0.0168317724940765,45.80488027733712,US
GLOF,iShares Global Equity Factor ETF,ETF,ETF,58.290000915527344,-0.2566696007981882,-0.0248730709682895,46.38166010192487,US
GLOO,"Gloo Holdings, Inc.",Technology,Software - Application,3.190000057220459,-2.446480861549966,0.0065412621258374,33.32387011117552,US
GLOW,VictoryShares WestEnd Global Equity ETF,ETF,ETF,33.908199310302734,-0.4369142898874285,-0.0052614704031811,46.19458017940546,US
GLP,Global Partners LP,Energy,Oil & Gas Midstream,48.380001068115234,1.213392971364312,-0.0286166645331278,52.75969252675782,US
GLRE,"Greenlight Capital Re, Ltd.",Financial Services,Insurance - Reinsurance,16.989999771118164,-0.4686580265746073,0.0310020604583749,55.696371120984665,US
GLRY,Inspire Growth ETF,ETF,ETF,41.3223991394043,0.9340511126588972,-0.0018136867795669,46.87041390419447,US
GLUE,"Monte Rosa Therapeutics, Inc.",Healthcare,Biotechnology,22.780000686645508,-7.247552190565877,-0.0510955560875447,52.19711561611755,US
GLW,Corning Incorporated,Technology,Electronic Components,146.64999389648438,-5.14844232743263,0.1249519453742564,36.435348696177215,US
GM,General Motors Company,Consumer Cyclical,Auto Manufacturers,82.63999938964844,8.636781544868652,0.1481597468287598,61.55757869770152,US
GMAY,FT Vest U.S. Equity Moderate Buffer ETF - May,ETF,ETF,42.88999938964844,-0.2558153729106104,-0.0088124637489573,46.14378564656412,US
GMEU,T-Rex 2X Long GME Daily Target ETF,ETF,ETF,7.440000057220459,-6.999999284744263,-0.0171858208374163,36.85654349635631,US
GMMA,Gammaroad Market Navigation ETF,ETF,ETF,21.37989997863769,-0.5077031977756918,-0.0058298989981192,45.35750438028168,US
GMMF,iShares Government Money Market ETF,ETF,ETF,100.29000091552734,0.0608500263031355,0.000412945608481,99.35330616598452,US
GMOM,Cambria Global Momentum ETF,ETF,ETF,36.6786994934082,1.7721935673028375,-0.0059643478489412,59.20064970716643,US
GMOV,GMO U.S. Value ETF,ETF,ETF,31.059499740600582,0.0305974356633783,-0.001686228143936,61.35749001288518,US
GMRS,GMR Solutions Inc.,Healthcare,Medical Care Facilities,12.970000267028809,-2.7736123037997418,0.0323681253912561,43.2897761309115,US
GNL,"Global Net Lease, Inc.",Real Estate,REIT - Diversified,8.880000114440918,-4.103672840694992,-0.0166592623419426,45.70612729912204,US
GNOM,Global X Genomics & Biotechnology ETF,ETF,ETF,53.987300872802734,-1.7000792722979472,-0.0098548571415941,48.12522975881981,US
GNR,State Street SPDR S&P Global Natural Resources ETF,ETF,ETF,71.77999877929688,3.117365536443648,0.0145525384255733,62.64675422803652,US
GNTX,Gentex Corporation,Consumer Cyclical,Auto Parts,22.899999618530277,-5.954828501944908,-0.0561818433758482,36.65010306168206,US
GOAU,U.S. Global GO GOLD and Precious Metal Miners ETF,ETF,ETF,36.97999954223633,5.152412171279563,0.0319727004993375,47.40909955951196,US
GOGO,Gogo Inc.,Communication Services,Telecom Services,3.809999942779541,6.424581675280814,0.0043990976368362,57.9572170658258,US
GOLD,"Gold.com, Inc.",Financial Services,Capital Markets,39.34999847412109,2.714688236882037,0.0352037812969664,44.90720909839942,US
GOLF,Acushnet Holdings Corp.,Consumer Cyclical,Leisure,104.66000366210938,-8.8168628897153,-0.1328010203453562,42.390616489510414,US
GOLS,Gabelli Opportunities in Live and Sports ETF,EQUITY,EQUITY,25.879499435424805,-1.7147087071977474,-0.0031704678192658,44.296725444994856,US
GOLY,Strategy Shares - Strategy Shares Gold Enhanced Yield ETF,ETF,ETF,24.450000762939453,-0.6097545374156279,-0.009441833107984,39.205217023822485,US
GOOD,Gladstone Commercial Corporation,Real Estate,REIT - Diversified,12.960000038146973,-1.0687048797402163,-0.007943057542412,57.92730741714075,US
GOOG,Alphabet Inc.,Communication Services,Internet Content & Information,319.0899963378906,-7.809430012890529,-0.8758514185451554,32.788013920184056,US
GOOP,Kurv Yield Premium Strategy Google ETF,ETF,ETF,35.63249969482422,-8.14161352835443,-0.0970048120474803,32.3093969576592,US
GOOW,Roundhill GOOGL WeeklyPay ETF,ETF,ETF,57.84999847412109,-9.736305539590717,-0.192658841285761,31.66008289907738,US
GOOY,YieldMax GOOGL Option Income Strategy ETF,ETF,ETF,11.8100004196167,-7.088892336798182,-0.0295734378473484,30.20760699144816,US
GOP,Unusual Whales Subversive Republican Trading ETF,ETF,ETF,43.70000076293945,1.0054348305274536,-0.0050634330795589,48.72643731945999,US
GOTU,Gaotu Techedu Inc.,Consumer Defensive,Education & Training Services,1.559999942779541,-8.771935205918357,-0.0051059422736888,32.79518701040125,US
GOVM,iShares 1-10 Year Treasury Bond,ETF,ETF,24.81999969482422,-0.4811581261577258,-0.0036727588587737,39.04357254189718,US
GPAT,GP-Act III Acquisition Corp.,Financial Services,Shell Companies,10.90999984741211,-0.9082686593175712,-0.0039541865120835,46.353394336009536,US
GPGI,"GPGI, Inc.",Industrials,Metal Fabrication,14.020000457763672,-3.3769797614670622,-0.0050382130646185,44.68096864262927,US
GPIQ,Goldman Sachs Nasdaq-100 Premium Income ETF,ETF,ETF,55.18000030517578,-1.4290804637412613,-0.0510407653912256,39.72845041870845,US
GPIX,Goldman Sachs S&P 500 Premium Income ETF,ETF,ETF,54.77999877929688,-0.4542976659015552,-0.0179022106824331,46.86032293891898,US
GPRK,GeoPark Limited,Energy,Oil & Gas E&P,10.0,3.305781867105094,-0.0160982483605062,51.72883909426174,US
GPT,Intelligent Alpha Atlas ETF,ETF,ETF,33.576499938964844,1.1462248561616857,-0.0048005683222777,49.96335628158494,US
GPZ,VanEck Alternative Asset Manager ETF,ETF,ETF,22.799999237060547,-0.7400961313704055,0.0148789150878744,54.94949004633418,US
GQGU,GQG US Equity ETF,ETF,ETF,25.989999771118164,0.1927495606443838,-0.0040402747618764,51.56622823913042,US
GQI,Natixis Gateway Quality Income ETF,ETF,ETF,59.02000045776367,-0.706591821414661,-0.0322716520958328,50.37264543863377,US
GQQQ,Astoria US Quality Growth Kings ETF,ETF,ETF,34.465301513671875,-0.5387824981885362,-0.0203173933542525,42.538848230087645,US
GRAF,GRAF,N/A,N/A,10.81999969482422,0.3710571692380044,-0.0004285556318188,49.878478937605344,US
GRID,First Trust NASDAQ Clean Edge Smart Grid Infrastructure Index Fund,ETF,ETF,177.39999389648438,-0.253029064710476,-0.0316298128036067,40.00578854815655,US
GRMN,Garmin Ltd.,Technology,Scientific & Technical Instruments,243.02999877929688,-2.6166047616520385,0.0927133708133571,52.20379074885049,US
GRNB,VanEck Green Bond ETF,ETF,ETF,23.75,-0.6276134766712504,-0.000481029297101,35.91427715010957,US
GRNJ,Fundstrat Granny Shots US Small- & Mid-Cap ETF,EQUITY,EQUITY,28.459999084472656,0.0,-0.0132415131725013,37.676232728973474,US
GRNT,"Granite Ridge Resources, Inc.",Energy,Oil & Gas E&P,4.849999904632568,3.8543859828256943,-0.0022974398927995,57.05652417769421,US
GRNY,Fundstrat Granny Shots US Large Cap ETF,ETF,ETF,27.100000381469727,-0.7689457655776993,-0.0141238723610961,44.384212888690655,US
GROY,Gold Royalty Corp.,Basic Materials,Gold,2.569999933242798,0.784312992176598,1.1154458648798826e-05,40.11519675202617,US
GRPM,GRPM,N/A,N/A,132.8820037841797,-0.0135365787290404,0.0920399871440644,59.284989533779246,US
GRPN,"Groupon, Inc.",Communication Services,Internet Content & Information,25.809999465942383,-7.258355958682565,-0.0962354110465555,55.07232391524701,US
GRPZ,Invesco S&P Smallcap 600 GARP ETF,ETF,ETF,31.882299423217773,-1.6433795380656524,-0.0019382699528672,52.86598861529631,US
GRRR,Gorilla Technology Group Inc.,Technology,Software - Infrastructure,12.010000228881836,-0.2491672181581491,0.0583680084032748,33.315875707478455,US
GRVY,"Gravity Co., Ltd.",Communication Services,Electronic Gaming & Multimedia,61.5,-0.7744426359816798,0.074044769558254,44.87333576454939,US
GRW,TCW Durable Growth ETF,ETF,ETF,31.191600799560547,-0.3017276118806984,0.0153142473549661,44.11239455421811,US
GS,"The Goldman Sachs Group, Inc.",Financial Services,Capital Markets,1061.22998046875,-0.37456960478701,-1.7391559458163002,49.81050877035334,US
GSBC,"Great Southern Bancorp, Inc.",Financial Services,Banks - Regional,79.25,1.2779552715654952,0.0610850733141492,59.61773891478154,US
GSG,iShares S&P GSCI Commodity-Indexed Trust,ETF,ETF,32.77000045776367,4.363060050564177,-0.0311197420345349,67.03397186384854,US
GSGO,Goldman Sachs Growth Opportunities ETF,ETF,ETF,42.32630157470703,-1.5140647263846618,-0.0425450554642347,39.97142362355373,US
GSHD,"Goosehead Insurance, Inc.",Financial Services,Insurance Brokers,58.75,8.235079810665074,0.2681639467624381,64.00941182736912,US
GSIB,Themes Global Systemically Important Banks ETF,ETF,ETF,63.21200180053711,2.020662902782722,0.0160339590054153,63.46447578723603,US
GSID,Goldman Sachs MarketBeta International Equity ETF,ETF,ETF,74.84500122070312,-0.1267697059089424,0.000626219872067,49.83739379859696,US
GSIE,Goldman Sachs ActiveBeta International Equity ETF,ETF,ETF,45.93999862670898,-0.1087259185320375,-0.005711798357447,52.0750831941868,US
GSJY,Goldman Sachs ActiveBeta Japan Equity ETF,ETF,ETF,51.8656005859375,1.3891150886474368,0.0128546477624036,48.33357081483117,US
GSL,"Global Ship Lease, Inc.",Industrials,Marine Shipping,43.61000061035156,8.590639382588966,0.0427588607010056,71.328174563187,US
GSLC,Goldman Sachs ActiveBeta U.S. Large Cap Equity ETF,ETF,ETF,141.08999633789062,-0.5147447106382008,-0.0399622938746287,46.87032208688237,US
GSM,Ferroglobe PLC,Basic Materials,Other Industrial Metals & Mining,3.359999895095825,0.2985071865055365,-0.0015839662802886,43.09060614676572,US
GSOL,Grayscale Solana Staking ETF,ETF,ETF,5.570000171661377,-1.7636667246384026,-0.0162626288543693,45.67343519770274,US
GSPY,Gotham Enhanced 500 ETF,ETF,ETF,40.51470184326172,-0.4968372311163955,-0.016135313441888,47.95746551326067,US
GSUI,Grayscale Sui Staking ETF,ETF,ETF,10.289999961853027,-3.831774343183541,-0.0566651392994176,41.1378005372652,US
GSUS,Goldman Sachs MarketBeta US Equity ETF,ETF,ETF,102.0,-0.6525744432592845,-0.0428114478302315,44.95334114059457,US
GSY,Invesco Ultra Short Duration ETF,ETF,ETF,50.08000183105469,0.0159758343602333,-0.0007397540407287,78.07326294449089,US
GT,The Goodyear Tire & Rubber Company,Consumer Cyclical,Auto Parts,7.210000038146973,-1.0973926491725208,-0.009630171995981,58.87353676958666,US
GTEK,Goldman Sachs Future Tech Leaders Equity ETF,ETF,ETF,54.71060180664063,1.259676184935511,0.0166349702682382,41.171016329421896,US
GTEN,"Gores Holdings X, Inc.",Financial Services,Shell Companies,10.479999542236328,0.0,-6.446961194300771e-05,54.71850019956325,US
GTES,Gates Industrial Corporation Ltd.,Industrials,Specialty Industrial Machinery,26.88999938964844,1.0522313899833304,0.0029832204943537,51.23685343019316,US
GTLB,GitLab Inc.,Technology,Software - Infrastructure,31.280000686645508,-4.400979463125683,-0.0302249581015028,50.87157294082885,US
GTM,ZoomInfo Technologies Inc.,Technology,Software - Application,2.9200000762939453,-4.8859889319414345,-0.0071118293917158,44.1169258983256,US
GTN,"Gray Media, Inc.",Communication Services,Broadcasting,3.9600000381469727,0.0,-0.0041010541865115,49.75362463492736,US
GTND,Goaltender ETF,EQUITY,EQUITY,24.4768009185791,-1.2235664231833832,-0.018462420981516,39.92353671009017,US
GTOP,Goldman Sachs Technology Opportunities ETF,ETF,ETF,46.6599006652832,-1.4886540445413912,-0.050165037772451,41.97568653599765,US
GTOQ,Invesco High Yield Systematic Bond ETF,ETF,ETF,22.104999542236328,-0.5980727869934565,-0.0031431814833582,39.95874630865358,US
GTPE,Goldman Sachs MSCI World Private Equity Return Tracker ETF,ETF,ETF,59.61029815673828,-0.0581814079286734,-0.0076390372665673,46.46250256937669,US
GTR,WisdomTree Target Range Fund,ETF,ETF,26.978599548339844,-0.2823905229131399,-0.0056394193779282,47.01337859783514,US
GTX,Garrett Motion Inc.,Consumer Cyclical,Auto Parts,31.51000022888184,-0.8183828301403104,0.0180625490546567,45.66253194344887,US
GTY,Getty Realty Corp.,Real Estate,REIT - Retail,34.79999923706055,-4.0000021046605605,-0.0767248804346064,53.2255338843937,US
GUNR,FlexShares Morningstar Global Upstream Natural Resources Index Fund,ETF,ETF,52.38999938964844,2.886883883667612,-0.009209102205591,62.686144220023245,US
GURU,Global X Guru Index ETF,ETF,ETF,66.67109680175781,-1.4470136024263391,-0.032003161576448,41.17140659035034,US
GUSH,Direxion Daily S&P Oil & Gas Exp. & Prod. Bull 2X Shares,ETF,ETF,38.83000183105469,4.437873890090344,-0.116295699840363,64.90386695067966,US
GUT,The Gabelli Utility Trust,Financial Services,Asset Management,6.429999828338623,-0.4643995298946632,0.005058342545959,45.63027716046172,US
GVA,Granite Construction Incorporated,Industrials,Engineering & Construction,124.47000122070312,0.3547548542584484,0.2708016378039559,38.515649427948816,US
GVAL,Cambria Global Value ETF,ETF,ETF,36.84999847412109,0.7105720700982678,-0.0222525555245892,54.11246948269579,US
GVI,iShares Intermediate Government/Credit Bond ETF,ETF,ETF,105.20500183105467,-0.4777194757275765,-0.0001910724814041,41.95934854183813,US
GVIP,Goldman Sachs Hedge Industry VIP ETF,ETF,ETF,170.802001953125,-1.006728621918377,-0.172485946991802,40.8093517566452,US
GVLU,Gotham 1000 Value ETF,ETF,ETF,27.343599319458008,0.5057705955763897,0.011020131847921,61.62240313135817,US
GVUS,Goldman Sachs MarketBeta Russell 1000 Value Equity ETF,ETF,ETF,63.69319915771485,0.0144479776365432,0.0139847044711998,59.57738157093758,US
GWW,"W.W. Grainger, Inc.",Industrials,Industrial Distribution,1382.5999755859375,-0.8896018016223772,0.9813535950096296,58.0044733242186,US
GWX,State Street SPDR S&P International Small Cap ETF,ETF,ETF,43.25,0.604787884117328,0.0143025427900974,45.16406231538822,US
GXDW,Global X Dorsey Wright Thematic ETF,ETF,ETF,23.36000061035156,1.6536165173406878,-0.0082724855021683,36.42987519265875,US
GXIG,Global X Investment Grade Corporate Bond ETF,ETF,ETF,24.38999938964844,-1.0748379217876456,-0.0023733032716503,32.15494201712008,US
GXLC,Global X U.S. 500 ETF,EQUITY,EQUITY,88.98999786376953,-0.7937454991192371,-0.0363974272180744,44.35963078118672,US
GXO,"GXO Logistics, Inc.",Industrials,Integrated Freight & Logistics,52.709999084472656,-2.479186256248993,-0.0840255379109561,53.8589877986758,US
GXPC,Global X Purecap MSCI Communication Services ETF,ETF,ETF,28.239999771118164,-6.272815938572864,-0.0626189870943093,34.46940583936819,US
GXPS,Global X Purecap MSCI Consumer Staples ETF,ETF,ETF,26.459999084472656,-1.305484477589578,0.0032962572963479,49.13038090977623,US
GXRP,Grayscale XRP Trust ETF,ETF,ETF,21.06999969482422,-0.3311243937807079,-0.0569887814806059,44.46581072915392,US
GXUS,Goldman Sachs MarketBeta(R) Total International Equity ETF,ETF,ETF,61.86149978637695,0.0234444100409429,-0.0155281644791364,46.2727067493136,US
GYLD,Arrow Dow Jones Global Yield ETF,ETF,ETF,14.300000190734863,0.0699806081772667,-0.0076646401071105,54.34452676769138,US
GYRE,"Gyre Therapeutics, Inc.",Healthcare,Biotechnology,5.940000057220459,-1.818183967710638,0.0042278362156087,41.45028022033144,US
HAIL,State Street SPDR S&P Kensho Smart Mobility ETF,ETF,ETF,36.17499923706055,-1.1909011587985605,-0.0146847666916949,39.82286153451618,US
HAKY,Amplify HACK Cybersecurity Covered Call ETF,ETF,ETF,29.26370048522949,-5.108142873700607,-0.0223637502494241,49.441307179010224,US
HAL,Halliburton Company,Energy,Oil & Gas Equipment & Services,33.36000061035156,-5.281091839537505,-0.0014424321677735,38.78110308937335,US
HAPI,HAPI,N/A,N/A,44.18519973754883,-0.6471338519324809,-0.0033049308670457,47.14043725953296,US
HAPS,Harbor Human Capital Factor US Small Cap ETF,ETF,ETF,36.85200119018555,-2.8062009857283883,-0.034688558575437,49.25136201266692,US
HARD,Simplify Commodities Strategy No K-1 ETF,ETF,ETF,32.54999923706055,4.15999755859375,-0.0279633568147741,60.72802348367964,US
HASI,"HA Sustainable Infrastructure Capital, Inc.",Financial Services,Asset Management,38.369998931884766,-0.1301385722109716,0.0055264442670863,50.29543049621722,US
HAUZ,Xtrackers International Real Estate ETF,ETF,ETF,22.71999931335449,-1.0452952120563048,-0.010578917365514,50.20656578934962,US
HAWK,"HawkEye 360, Inc.",Industrials,Aerospace & Defense,19.3799991607666,3.691806350950302,0.0160955788456136,43.70528438885179,US
HBAN,Huntington Bancshares Incorporated,Financial Services,Banks - Regional,17.360000610351562,-4.876708984375,-0.0378060958334133,45.47340294745557,US
HBCP,"Home Bancorp, Inc.",Financial Services,Banks - Regional,70.20999908447266,1.2985161702221342,0.0599478481887906,58.38403992326463,US
HBDC,Hilton Bdc Corporate Bond ETF,ETF,ETF,24.7450008392334,-0.2418845603878642,-0.0016892431043815,54.28737933749927,US
HBIA,Hills Bancorporation,Financial Services,Banks - Regional,44.7599983215332,0.47137842439728,0.0150975667975412,31.80930566600493,US
HBNB,HBNB,N/A,N/A,5.900000095367432,2.608697310737942,0.0050269884863032,59.71690941631135,US
HBTA,Horizon Expedition Plus ETF,ETF,ETF,30.827299118041992,-1.8707680418843184,-0.0416405493663804,38.58773914689407,US
HCA,"HCA Healthcare, Inc.",Healthcare,Medical Care Facilities,382.1900024414063,2.966218541644845,0.8756760346246164,47.3974665967158,US
HCC,"Warrior Met Coal, Inc.",Basic Materials,Coking Coal,80.06999969482422,1.4700240513001586,-0.0496827012273439,43.34621046148136,US
HCMT,Direxion HCM Tactical Enhanced U.S. Equity Strategy ETF,ETF,ETF,38.207298278808594,-2.08278362229844,-0.0509766787699319,40.19982326841176,US
HCSG,"Healthcare Services Group, Inc.",Healthcare,Medical Care Facilities,22.739999771118164,-10.154088301275785,-0.0537895270583365,42.38197743878256,US
HD,"The Home Depot, Inc.",Consumer Cyclical,Home Improvement Retail,332.9800109863281,-1.7381250083302622,0.3802028008089744,48.19059739914835,US
HDG,ProShares Hedge Replication ETF,ETF,ETF,54.1348991394043,-0.4140939448488535,-0.0046610570827059,45.86146948830571,US
HDGE,AdvisorShares Ranger Equity Bear ETF,ETF,ETF,15.942500114440918,1.2865333307966649,-0.0085347599557906,44.92587396378832,US
HDLB,ETRACS Monthly Pay 2xLeveraged US High Dividend Low Volatility ETN,ETF,ETF,17.86039924621582,6.846133465571307,0.0308164840800521,64.2123320999824,US
HDUS,Hartford Disciplined US Equity ETF,ETF,ETF,70.8499984741211,-1.0198426072362643,-0.0316979410731823,46.22252198478411,US
HDV,iShares Core High Dividend ETF,ETF,ETF,28.75,1.7699115044247788,0.0185882919071722,66.72304798237604,US
HEAL,Global X HealthTech ETF,ETF,ETF,26.309999465942383,-4.118079614148384,-0.0158851077797723,39.42058661203315,US
HECO,State Street Galaxy Hedged Digital Asset Ecosystem ETF,ETF,ETF,65.59040069580078,3.1668701607894576,-0.1255421368732309,49.27776067700035,US
HEFA,iShares Currency Hedged MSCI EAFE ETF,ETF,ETF,46.275001525878906,0.8389674032493342,0.0107101615903043,54.57530544448228,US
HEGD,Swan Hedged Equity US Large Cap ETF,ETF,ETF,26.450000762939453,-0.6386178472368559,-0.0080185241331943,44.15820437113732,US
HEI,HEICO Corporation,Industrials,Aerospace & Defense,349.6099853515625,2.028244211514797,0.865635238963451,56.30659715636439,US
HELE,Helen of Troy Limited,Consumer Defensive,Household & Personal Products,28.46999931335449,1.31672215965078,0.065887567255123,54.32882879306822,US
HELO,Jpmorgan Hedged Equity Laddered Overlay ETF,ETF,ETF,67.58000183105469,-0.1772453804971931,-0.0201733469465205,46.62420617091264,US
HELS,Hedgeye 130/30 Equity ETF,EQUITY,EQUITY,24.270000457763672,-1.0276441887001142,-0.0030587054799946,43.79622947913895,US
HELX,Franklin Genomic Advancements ETF,ETF,ETF,38.854000091552734,-1.7274924218866006,0.0114379255371017,51.459435481165215,US
HEMI,Hartford Equity Premium Income ETF,ETF,ETF,41.275001525878906,-1.6231283607949218,-0.0358074176240475,45.62893044162927,US
HEQQ,JPMorgan Nasdaq Hedged Equity Laddered Overlay ETF,ETF,ETF,59.649600982666016,-0.5790300444040236,-0.03841802999428,39.55916490689995,US
HERO,Global X Video Games & Esports ETF,ETF,ETF,24.444499969482425,-2.143713300908915,-0.0135917914784382,40.75400749493278,US
HESM,Hess Midstream LP,Energy,Oil & Gas Midstream,40.63999938964844,0.743676836702494,-0.018852198051244,63.48052379788295,US
HEWJ,iShares Currency Hedged MSCI Japan ETF,ETF,ETF,63.34000015258789,1.9639427586611349,0.0191145513959274,49.83122128643523,US
HEZU,iShares Currency Hedged MSCI Eurozone ETF,ETF,ETF,48.470001220703125,0.4976190768084516,0.0041970203063262,50.79472797513458,US
HF,DGA Core Plus Absolute Return ETF,ETF,ETF,22.166000366210938,-0.854318476284662,-0.0084396250493104,47.51933704030615,US
HFGM,Unlimited HFGM Global Macro ETF,ETF,ETF,31.045000076293945,1.46088146212693,-0.0269571774027289,48.46264882657979,US
HFGO,Hartford Large Cap Growth ETF,ETF,ETF,27.790000915527344,-1.8714646363281489,-0.0371635112434183,38.46761025094549,US
HFMF,Unlimited HFMF Managed Futures ETF,ETF,ETF,22.137699127197266,1.7123811072840476,-0.0126245044979806,58.24891411436136,US
HFRO,Highland Funds I - Highland Opportunities and Income Fund,Financial Services,Asset Management,7.340000152587891,-0.4070520140709018,0.0031427425141302,51.76765943543873,US
HFSI,Hartford Funds Exchange-Traded Trust - Hartford Strategic Income ETF,ETF,ETF,34.779998779296875,-0.8551967961764295,-0.0051159293031175,33.365439501182166,US
HFWA,Heritage Financial Corporation,Financial Services,Banks - Regional,30.15999984741211,-1.179556372712916,-0.0261945738830181,56.53075842369631,US
HGER,Harbor Commodity All-Weather Strategy ETF,ETF,ETF,32.5,1.9447956573236296,-0.0344508153150073,66.22222479600958,US
HGTY,"Hagerty, Inc.",Financial Services,Insurance - Property & Casualty,11.68000030517578,-2.8286201301122733,0.0069486780995557,50.55579153104794,US
HGV,Hilton Grand Vacations Inc.,Consumer Cyclical,Resorts & Casinos,48.88999938964844,-2.1025215577378584,0.037879395738059,44.38243160059737,US
HHH,Howard Hughes Holdings Inc.,Real Estate,Real Estate - Development,65.91000366210938,-6.271325443477546,0.0037314455683614,35.39337851705044,US
HIBS,Direxion Daily S&P 500 High Beta Bear 3X Shares,ETF,ETF,22.649999618530277,-1.0917030749542216,0.0200760160793396,55.641369806183,US
HIDV,AB US High Dividend ETF,ETF,ETF,89.30940246582031,-0.4043565620690641,-0.0460811908185139,53.70936532278868,US
HIFS,Hingham Institution for Savings,Financial Services,Banks - Regional,279.3699951171875,-5.343233295571529,-0.3577129092716768,40.12012140202973,US
HIG,"The Hartford Insurance Group, Inc.",Financial Services,Insurance - Diversified,140.52999877929688,0.1925026971591519,-0.1251333638568117,58.18311612985752,US
HIGH,Simplify Enhanced Income ETF,ETF,ETF,21.372800827026367,-0.4016907042906501,-0.0062274457372629,41.05969127077571,US
HIMS,"Hims & Hers Health, Inc.",Healthcare,Drug Manufacturers - Specialty & Generic,28.09000015258789,-14.464068142294712,-0.2398030593638702,36.98767238087406,US
HIPO,Hippo Holdings Inc.,Financial Services,Insurance - Property & Casualty,27.76000022888184,-5.35287998263942,-0.0388241128983614,48.64181518537198,US
HKD,AMTD Digital Inc.,Technology,Software - Application,1.6100000143051147,0.0,-0.0017841076081653,48.93694912670583,US
HKHC,Horizon Kinetics Holding Corporation,Financial Services,Asset Management,28.0,8.149867362280437,0.0504568285185722,47.53480676460058,US
HLAL,Wahed FTSE USA Shariah ETF,ETF,ETF,69.63670349121094,-1.002671730514117,-0.0561228232580762,43.4841291288585,US
HLF,Herbalife Ltd.,Consumer Defensive,Packaged Foods,11.890000343322754,-0.8340236005366028,-0.0008143509248672,42.73247444917083,US
HLIT,Harmonic Inc.,Technology,Communication Equipment,11.1899995803833,-6.982545064283438,-0.008241431922741,30.82998013126493,US
HLMN,Hillman Solutions Corp.,Industrials,Tools & Accessories,7.96999979019165,-1.4833171833483043,0.000214105926823,50.59313509924866,US
HLNE,Hamilton Lane Incorporated,Financial Services,Asset Management,83.16000366210938,-3.1333661733524663,-0.0360003813423214,52.29966086077556,US
HLT,Hilton Worldwide Holdings Inc.,Consumer Cyclical,Lodging,324.9700012207031,1.1359373251854352,0.4046860995631074,44.55547775099608,US
HLX,"Helix Energy Solutions Group, Inc.",Energy,Oil & Gas Equipment & Services,9.90999984741211,3.4446756402310403,0.0038075450023271,64.30768016535191,US
HMAY,Corgi U.S. Equities 100% Struct,ETF,ETF,25.16069984436035,-0.1163187339263857,-0.0027667852005304,42.874979239759874,US
HMH,HMH Holding Inc.,Energy,Oil & Gas Equipment & Services,21.520000457763672,9.51654389585818,0.0379446759168761,62.24185791012791,US
HMN,Horace Mann Educators Corporation,Financial Services,Insurance - Property & Casualty,52.09999847412109,-0.9694015022119588,0.0540217153907603,56.73642771190965,US
HMOP,Hartford Municipal Opportunities ETF,ETF,ETF,38.619998931884766,-0.8726903505585457,-0.0036783160580208,28.425227624276985,US
HNDL,Strategy Shares Nasdaq 7 Handl Index ETF,ETF,ETF,22.540000915527344,-0.4328985362670902,-0.0011313912587254,45.26182323789492,US
HNGE,"Hinge Health, Inc.",Healthcare,Health Information Services,74.30999755859375,-14.67447389676445,-0.3737582487288291,40.14639131533351,US
HNRG,Hallador Energy Company,Utilities,Utilities - Independent Power Producers,15.239999771118164,-4.630787185958858,-0.0508094193087104,39.56669205094245,US
HNST,"The Honest Company, Inc.",Consumer Defensive,Household & Personal Products,3.7899999618530273,-1.0443854477762455,-0.0015061979977539,50.70249270548486,US
HODL,VanEck Bitcoin ETF,ETF,ETF,18.149999618530277,0.1103169260313754,-0.0408448008487841,48.82058083074689,US
HOLD,Harbor Alpha Layering ETF,EQUITY,EQUITY,32.259700775146484,1.579763726117752,-0.0057743501167628,47.26181263318672,US
HOMB,"Home BancShares, Inc.",Financial Services,Banks - Regional,30.979999542236328,0.453953920090009,0.0014812707062111,71.82158282987635,US
HON,Honeywell International Inc.,Industrials,Conglomerates,243.1499938964844,8.057056830410112,0.4117671546415635,61.58164326583464,US
HOOD,"Robinhood Markets, Inc.",Financial Services,Capital Markets,94.91000366210938,-5.052016275125922,-0.426975437028946,42.4282798611339,US
HOOG,Leverage Shares 2X Long HOOD Daily ETF,ETF,ETF,25.6200008392334,-11.195838819853003,-0.2466764238025454,40.82178982699895,US
HOOZ,Defiance Daily Target 2X Short HOOD ETF,EQUITY,EQUITY,12.491100311279297,7.311855179151894,0.0881024277745834,50.80320912583889,US
HOPE,"Hope Bancorp, Inc.",Financial Services,Banks - Regional,13.449999809265137,-2.1106256672770463,-0.0082949022149848,51.85378795862454,US
HOV,"Hovnanian Enterprises, Inc.",Consumer Cyclical,Residential Construction,133.88999938964844,1.6628720517487303,0.2667764129497438,56.10738305858462,US
HOYY,GraniteShares YieldBOOST HOOD ETF,ETF,ETF,5.2052998542785645,-4.489907588080576,-0.0143671725133175,32.382664889641035,US
HPE,Hewlett Packard Enterprise Company,Technology,Communication Equipment,47.68999862670898,4.081184950544639,0.0361936886663855,54.76617038968659,US
HPI,John Hancock Preferred Income Fund,Financial Services,Asset Management,15.970000267028809,-0.8690275482224128,-0.0086381892737378,42.61661445860268,US
HPK,"HighPeak Energy, Inc.",Energy,Oil & Gas E&P,7.650000095367432,3.869658290647828,-0.0219456763384163,54.86255024058603,US
HPP,"Hudson Pacific Properties, Inc.",Real Estate,REIT - Office,15.380000114440918,-2.162850806695012,0.0519629254141064,54.57535586331005,US
HPQ,HP Inc.,Technology,Computer Hardware,25.75,3.663445417963508,0.0476631564646725,61.92899415520822,US
HPS,John Hancock Preferred Income Fund III,Financial Services,Asset Management,14.229999542236328,-0.7670893248331735,-0.0044969186958084,42.46498154523284,US
HQ,Horizon Quantum Holdings Ltd.,Technology,Software - Infrastructure,11.699999809265137,-47.55714885997231,-0.133968384035058,32.741596509836086,US
HQH,Abrdn Healthcare Investors,Financial Services,Asset Management,21.5,2.9693527976685767,0.0364877997714991,59.64789635340418,US
HQL,Abrdn Life Sciences Investors,Financial Services,Asset Management,19.25,-2.482268372845114,-0.0250522894615074,48.22027433402235,US
HQY,"HealthEquity, Inc.",Healthcare,Health Information Services,94.63500213623048,-3.107398474058574,-0.162675183407817,53.85683374836841,US
HR,Healthcare Realty Trust Incorporated,Real Estate,REIT - Healthcare Facilities,21.399999618530277,0.3752341690955839,-0.0008693612544825,62.83171602036422,US
HRB,"H&R Block, Inc.",Consumer Cyclical,Personal Services,40.83000183105469,-2.970532190132916,0.0008174562026419,58.28707090765887,US
HRI,Herc Holdings Inc.,Industrials,Rental & Leasing Services,162.58999633789062,8.77767780159103,0.3820101919722116,65.41776663972018,US
HRMY,"Harmony Biosciences Holdings, Inc.",Healthcare,Biotechnology,35.31999969482422,4.589870346608788,0.0281539517293767,51.33053742542952,US
HROW,"Harrow, Inc.",Healthcare,Drug Manufacturers - Specialty & Generic,38.45000076293945,-17.577707384190617,-0.2957875137876258,40.03762295797371,US
HRTG,"Heritage Insurance Holdings, Inc.",Financial Services,Insurance - Property & Casualty,27.81999969482422,2.88461077251285,0.076110843712546,60.66805208121401,US
HRTS,HRTS,N/A,N/A,36.55160140991211,0.2869998017659368,0.0293088399842461,57.21319403727624,US
HSCZ,iShares Currency Hedged MSCI EAFE Small-Cap ETF,ETF,ETF,42.84489822387695,0.958806968209148,0.017508385648096,52.58493753395589,US
HSTM,"HealthStream, Inc.",Healthcare,Health Information Services,27.13500022888184,-4.722610024483445,0.0020104139151818,49.18341991194483,US
HSY,The Hershey Company,Consumer Defensive,Confectioners,174.3000030517578,1.6800868705960852,0.2130746505088581,47.80844170270954,US
HTAX,Nomura National High-Yield Municipal Bond ETF,ETF,ETF,24.44499969482422,-1.252270153309845,4.009268547609107e-05,35.71189773659573,US
HTB,"HomeTrust Bancshares, Inc.",Financial Services,Banks - Regional,48.70000076293945,-0.7135544945261622,0.0235198448143709,52.073734163447696,US
HTD,John Hancock Tax-Advantaged Dividend Income Fund,Financial Services,Asset Management,26.07999992370605,1.242234829118668,0.0097803726645057,64.59000029734264,US
HTEC,Robo Global Healthcare Technology and Innovation ETF,ETF,ETF,37.526798248291016,-1.594860626750737,0.0078972454584647,53.196888626174434,US
HTLD,"Heartland Express, Inc.",Industrials,Trucking,14.279999732971191,-7.212479438528131,-0.0502723490708622,40.58049394741079,US
HTT,High Templar Tech Limited,Financial Services,Credit Services,2.430000066757202,-3.187247968526468,-0.0023100339759935,36.89828024291944,US
HTUS,Hull Tactical US ETF,ETF,ETF,43.44010162353516,-0.7446356199611017,-0.0192236384979365,44.309000457795,US
HTZ,"Hertz Global Holdings, Inc.",Industrials,Rental & Leasing Services,1.809999942779541,0.5555550404536735,0.0039591641445081,25.9957604608628,US
HUBB,Hubbell Incorporated,Industrials,Electrical Equipment & Parts,486.0899963378906,-0.5279671391633873,0.4269568455309405,48.408320485778255,US
HULL,Corgi Shipping & Global Logistics ETF,ETF,ETF,26.190000534057617,-0.4182460311554893,-0.0161479711376029,59.77784870709952,US
HUM,Humana Inc.,Healthcare,Healthcare Plans,389.3200073242188,-2.6699981689453125,-0.5102609235631572,53.33394043614719,US
HUMN,Roundhill Humanoid Robotics ETF,ETF,ETF,29.489999771118164,-2.0916369540555064,-0.0228932448683067,36.47103241332215,US
HUN,Huntsman Corporation,Basic Materials,Chemicals,12.800000190734863,8.566583818063854,-0.0160841614515278,56.61387448983399,US
HURN,Huron Consulting Group Inc.,Industrials,Consulting Services,112.3000030517578,-2.177700290541691,-0.1386599584795762,55.82629981359014,US
HUSV,First Trust Horizon Managed Volatility Domestic ETF,ETF,ETF,40.71549987792969,0.7310779870628717,0.0329365187949038,62.15116787756626,US
HUTG,Leverage Shares 2X Long HUT Daily ETF,ETF,ETF,25.548900604248047,41.45111402801992,0.0276828777256528,49.43181056254414,US
HUYA,HUYA Inc.,Communication Services,Entertainment,2.359999895095825,-1.666674945089223,-0.0031659843389923,46.448448605507714,US
HVT,"Haverty Furniture Companies, Inc.",Consumer Cyclical,Home Improvement Retail,24.90999984741211,-2.8092053723382047,-0.0198299378230469,50.72062282746178,US
HWAY,Themes US Infrastructure ETF,ETF,ETF,38.41999816894531,2.686081060607142,0.060167475188754,55.51927842818477,US
HWC,Hancock Whitney Corporation,Financial Services,Banks - Regional,76.19999694824219,-2.8804513925589967,-0.0488073485204283,57.34369954755508,US
HWM,Howmet Aerospace Inc.,Industrials,Aerospace & Defense,289.260009765625,6.177740168966324,0.4467966133989645,66.09646215763885,US
HWSM,Hotchkis & Wiley SMID Cap Diversified Value Fund,ETF,ETF,31.247100830078125,-0.2391280003122688,0.0027767421604325,60.47062074167973,US
HXL,Hexcel Corporation,Industrials,Aerospace & Defense,110.27999877929688,6.232541540183782,0.0556498195003274,71.14648748190211,US
HY,"Hyster-Yale, Inc.",Industrials,Farm & Heavy Construction Machinery,33.099998474121094,0.3030256791548295,0.0163834236307318,46.95592839792579,US
HYBI,NEOS Enhanced Income Credit Select ETF,ETF,ETF,48.77000045776367,-0.5607049066132208,-0.0063265070496626,42.43050942786148,US
HYBL,State Street Blackstone High Income ETF,ETF,ETF,27.88999938964844,-0.1789589958963333,-0.0023854254475631,52.666031542268975,US
HYBX,TCW High Yield Bond ETF,ETF,ETF,29.584999084472656,-0.2696842359199547,-0.0067888332122956,47.85299371950428,US
HYD,VanEck High Yield Muni ETF,ETF,ETF,50.310001373291016,-1.4495550927105951,-0.0069566682882147,27.1521308972343,US
HYDW,Xtrackers Low Beta High Yield Bond ETF,ETF,ETF,46.4739990234375,-0.5052452700938018,-0.0075974872265096,40.22677594976536,US
HYEM,VanEck Emerging Markets High Yield Bond ETF,ETF,ETF,20.0,-0.1497787599453753,-0.0019306852217833,48.82579841475447,US
HYG,iShares iBoxx $ High Yield Corporate Bond ETF,ETF,ETF,79.2300033569336,-0.5273046590072592,-0.0131994287915179,39.18510253134915,US
HYGH,iShares Interest Rate Hedged High Yield Bond ETF,ETF,ETF,86.20999908447266,-0.2199102292253312,-0.0197908669384974,46.23300140670911,US
HYHG,ProShares High Yield—Interest Rate Hedged,ETF,ETF,64.72000122070312,0.2012771174848865,-0.0016240063964988,52.78111189243823,US
HYLB,Xtrackers USD High Yield Corporate Bond ETF,ETF,ETF,36.16999816894531,-0.5499058807068508,-0.0061193670791717,40.028642867079725,US
HYLN,Hyliion Holdings Corp.,Consumer Cyclical,Auto Parts,3.7200000286102295,-0.5347588469389063,0.0030625151405116,39.58655567824233,US
HYMB,State Street SPDR Nuveen ICE High Yield Municipal Bond ETF,ETF,ETF,24.8799991607666,-1.152168910005199,-0.002356148515423,32.054779276475045,US
HYMC,Hycroft Mining Holding Corporation,Basic Materials,Gold,20.21999931335449,6.141732929929916,0.0030445576009241,41.16021274374561,US
HYP,Golden Eagle Dynamic Hypergrowth ETF,ETF,ETF,26.070899963378903,-1.2540733978835237,-0.0515826692391315,39.59786057808133,US
HYT,"BlackRock Corporate High Yield Fund, Inc.",Financial Services,Asset Management,8.319999694824219,-1.0701564116625413,-0.0036557921414493,36.457785917726845,US
HYTI,FT Vest High Yield & Target Income ETF,ETF,ETF,18.98500061035156,-0.2364691259602768,-0.0006888991504594,48.08752597085123,US
HYXF,iShares ESG Advanced High Yield Corporate Bond ETF,ETF,ETF,46.23429870605469,-0.4836542532244985,-0.0028713126856186,40.1999063820657,US
HYZD,WisdomTree Interest Rate Hedged High Yield Bond Fund,ETF,ETF,22.59160041809082,-0.037167978925317,-0.0033821055891469,55.71124141887476,US
HZO,"MarineMax, Inc.",Consumer Cyclical,Specialty Retail,36.33000183105469,5.243341104544916,0.2110281796138559,59.34308383987639,US
IACO,Idea Acquisition Corp.,Financial Services,Shell Companies,9.920000076293944,-0.2012022629138205,-0.0005832508939713,47.73313336594082,US
IAGG,iShares Core International Aggregate Bond ETF,ETF,ETF,49.75,-0.200598750615823,0.0038251672333847,41.72228854682198,US
IALT,iShares Systematic Alternatives Active ETF,ETF,ETF,28.799999237060547,1.4799157459968024,-0.0022677317097393,63.0816123254037,US
IAPR,Innovator International Developed Power Buffer ETF - April,ETF,ETF,33.2599983215332,0.0782245921589,0.000596812056785,51.476955652550856,US
IART,Integra LifeSciences Holdings Corporation,Healthcare,Medical Devices,19.790000915527344,2.8051995611810066,0.0544180285649461,63.56109882070203,US
IAT,iShares U.S. Regional Banks ETF,ETF,ETF,63.7400016784668,-0.8092132593791033,-0.0107571188149675,58.23296212213023,US
IAUM,iShares Gold Trust Micro,ETF,ETF,40.38999938964844,0.9749984741210938,-0.0097461421573001,44.716552373455215,US
IBAT,iShares Energy Storage & Materials ETF,ETF,ETF,38.40570068359375,-0.1359912092743029,0.0003046897557712,35.2639897431323,US
IBB,iShares Biotechnology ETF,ETF,ETF,188.13999938964844,-0.8537074009712521,0.0293490552056372,53.643223344767335,US
IBBQ,Invesco Nasdaq Biotechnology ETF,ETF,ETF,32.279998779296875,-1.0423058360543165,0.0006926119254185,52.5243226280346,US
IBCB,iShares iBonds Dec 2036 Term Corporate ETF,EQUITY,EQUITY,24.570199966430664,-1.2451736526762485,-0.0020905559740102,33.76240018356283,US
IBCP,Independent Bank Corporation,Financial Services,Banks - Regional,37.65999984741211,3.433122782857813,0.0669096380217953,62.943123667973694,US
IBD,Inspire Corporate Bond ETF,ETF,ETF,23.56999969482422,-0.6323761503897801,-0.0038763136108833,41.45731266767172,US
IBDR,iShares iBonds Dec 2026 Term Corporate ETF,ETF,ETF,24.21999931335449,0.0,-8.698585316129631e-05,68.43517468779538,US
IBDS,iShares iBonds Dec 2027 Term Corporate ETF,ETF,ETF,24.18000030517578,0.0413745504769121,0.0002924707943006,69.13885807569305,US
IBDT,iShares iBonds Dec 2028 Term Corporate ETF,ETF,ETF,25.149999618530277,-0.1984172337118108,0.000101773436412,50.57901528517685,US
IBDU,iShares iBonds Dec 2029 Term Corporate ETF,ETF,ETF,23.020000457763672,-0.3031602181101471,-0.0003758087701143,45.45409077190154,US
IBDV,iShares iBonds Dec 2030 Term Corporate ETF,ETF,ETF,21.59000015258789,-0.461043702201418,-4.076122190484199e-05,42.32448911582976,US
IBDZ,iShares iBonds Dec 2034 Term Corporate ETF,ETF,ETF,25.559999465942383,-1.0069722383999664,-0.0023448948457725,35.35769866637874,US
IBEX,IBEX Limited,Technology,Information Technology Services,33.459999084472656,-5.453518899297595,-0.0385496431736618,54.149118757024965,US
IBGK,iShares iBonds Dec 2054 Term Treasury ETF,ETF,ETF,22.55220031738281,-1.3464579385416575,0.0042475225443173,34.52921470560075,US
IBGL,iShares iBonds Dec 2055 Term Treasury ETF,ETF,ETF,23.1825008392334,-1.3342673085432677,0.0043330987845676,34.40815224198396,US
IBGM,iShares iBonds Dec 2056 Term Treasury ETF,ETF,ETF,24.09480094909668,-1.3316917534040356,0.0047759725120717,34.50335300444209,US
IBHF,iShares iBonds 2026 Term High Yield and Income ETF,ETF,ETF,22.559999465942383,0.0665308919834928,0.0009903562111256,53.14852701762467,US
IBHG,iShares iBonds 2027 Term High Yield and Income ETF,ETF,ETF,21.979999542236328,-0.0454762573257063,-0.0012315390254432,51.941727638077886,US
IBHI,iShares iBonds 2029 Term High Yield and Income ETF,ETF,ETF,23.21999931335449,-0.2148738436852827,-0.0031552009409337,44.86376587324622,US
IBHJ,IBHJ,N/A,N/A,26.18000030517578,-0.6376167842049408,-0.006086957087182,39.19658174197495,US
IBHK,iShares iBonds 2031 Term High Y,ETF,ETF,25.40069961547852,-0.7940184164477159,-0.0053822126677447,36.82244607761852,US
IBHL,iShares iBonds 2032 Term High Yield and Income ETF,ETF,ETF,25.21999931335449,-0.5520555742412874,-0.005176355559056,45.75230628175636,US
IBIC,iShares iBonds Oct 2026 Term TIPS ETF,ETF,ETF,25.59000015258789,0.0782184513194198,0.0005167397972859,63.81965462434334,US
IBIE,iShares iBonds Oct 2028 Term TIPS ETF,ETF,ETF,25.700000762939453,-0.136000958158249,-0.0016152313258191,50.289075674290906,US
IBIH,iShares iBonds Oct 2031 Term TIPS ETF,ETF,ETF,25.56999969482422,-0.5135785977996697,-0.0029512602452816,41.12947278425281,US
IBIK,iShares iBonds Oct 2034 Term TIPS ETF,ETF,ETF,24.975000381469727,-0.8141378920631573,-0.0034275178418759,39.63559673477029,US
IBKR,"Interactive Brokers Group, Inc.",Financial Services,Capital Markets,91.73999786376952,1.336572518268241,-0.042535559192544,49.32408949859057,US
IBLC,iShares Blockchain and Tech ETF,ETF,ETF,44.27000045776367,5.5857636318012975,-0.0596562399972235,42.47423581214429,US
IBM,International Business Machines Corporation,Technology,Information Technology Services,214.19000244140625,0.7147243548915838,1.545897981687684,34.936051488810946,US
IBMO,iShares iBonds Dec 2026 Term Muni Bond ETF,ETF,ETF,25.63999938964844,-0.038987247682497,-5.250372016114141e-06,58.16252848376938,US
IBMP,iShares iBonds Dec 2027 Term Muni Bond ETF,ETF,ETF,25.38500022888184,-0.0590527160382115,-0.0008349450210197,54.39453553946637,US
IBMQ,iShares iBonds Dec 2028 Term Muni Bond ETF,ETF,ETF,25.48500061035156,-0.1958066863494191,-8.089772049368199e-06,44.88115170804245,US
IBMV,iShares iBonds Dec 2033 Term Mu,ETF,ETF,24.78510093688965,-1.293905478154288,-0.0039483169441001,20.717582047917876,US
IBMW,iShares iBonds Dec 2034 Term Muni Bond ETF,ETF,ETF,24.70989990234375,-1.278868459929944,-0.0030878790957039,21.612942732190547,US
IBMX,iShares iBonds Dec 2035 Term Muni Bond ETF,ETF,ETF,24.46500015258789,-1.549296671918463,-0.0050250015722886,13.995314789784745,US
IBOC,International Bancshares Corporation,Financial Services,Banks - Regional,76.79000091552734,0.3397388480042748,0.0584812774506968,56.31169928461599,US
IBOT,Vaneck Robotics ETF,ETF,ETF,63.625099182128906,0.4913605366146534,0.0270319002019668,44.12667001030749,US
IBP,"Installed Building Products, Inc.",Consumer Cyclical,Residential Construction,227.42999267578125,-0.5335671346028771,0.1339978388496296,53.12190881894464,US
IBRN,iShares Neuroscience and Healthcare ETF,ETF,ETF,37.69229888916016,-0.4718636979226212,0.0200201389195107,51.07573183279746,US
IBTA,"Ibotta, Inc.",Technology,Software - Application,26.25,-16.798730159190768,-0.0679073359372608,32.05850054101174,US
IBTK,iShares iBonds Dec 2030 Term Treasury ETF,ETF,ETF,19.3799991607666,-0.4622504148018096,0.0002161483026166,43.36318018488485,US
IBTL,iShares iBonds Dec 2031 Term Treasury ETF,ETF,ETF,19.979999542236328,-0.522775937378565,0.0003557505756896,42.09649567387692,US
IBTM,iShares iBonds Dec 2032 Term Treasury ETF,ETF,ETF,22.424999237060547,-0.6644585639401538,0.0005694532659558,41.22759890738369,US
IBTO,IBTO,N/A,N/A,23.795000076293945,-0.7507833255965387,0.0005518649492753,40.46986424665388,US
IBTP,iShares iBonds Dec 2034 Term Treasury ETF,ETF,ETF,24.99449920654297,-0.8351546034527211,0.0007577810845875,40.00833111248398,US
IBTQ,iShares iBonds Dec 2035 Term Treasury ETF,ETF,ETF,24.655000686645508,-0.8844193501688129,0.0007084071558369,39.450521320386976,US
IBX,Tradr 2X Long IBM Daily ETF,ETF,ETF,14.9399995803833,1.0825429655129293,0.2966102811202269,32.46347890193138,US
ICE,"Intercontinental Exchange, Inc.",Financial Services,Financial Data & Stock Exchanges,145.7899932861328,4.396705805944907,0.0795259232936733,63.09548357224953,US
ICFI,"ICF International, Inc.",Industrials,Consulting Services,79.5199966430664,0.8369211610533633,0.1164569169531339,59.4460296143924,US
ICLN,iShares Global Clean Energy ETF,ETF,ETF,17.780000686645508,-3.211758985485773,-0.0203321326164958,33.75455791061911,US
ICLO,Invesco AAA CLO Floating Rate Note ETF,ETF,ETF,25.559999465942383,0.0704707899807667,0.0006108169199268,70.10691710206105,US
ICOI,Bitwise COIN Option Income Strategy ETF,ETF,ETF,10.350000381469728,-0.2890147653221604,-0.0063810372686238,47.74857867796275,US
ICPY,"Tweedy, Browne International Insider + Value ETF",EQUITY,EQUITY,12.6899995803833,0.1025442499013375,-0.0047297290030667,59.259137716724126,US
ICSH,iShares Ultra Short Duration Bond Active ETF,ETF,ETF,50.5,-0.0395891876137113,-0.0013789118235223,70.2764548332911,US
ICVT,iShares Convertible Bond ETF,ETF,ETF,113.75,0.0087938600477632,-0.0696386776732009,39.5562980106692,US
IDCC,"InterDigital, Inc.",Technology,Software - Application,258.29998779296875,-0.8255036718345204,0.1708479276693264,40.88520148703034,US
IDEF,iShares Defense Industrials Act,ETF,ETF,32.15999984741211,3.4416201015526644,0.0442900515489194,53.12835209702662,US
IDGT,iShares U.S. Digital Infrastructure and Real Estate ETF,ETF,ETF,114.3000030517578,0.7669952783578836,0.0796093054624094,41.39477138013152,US
IDHQ,Invesco S&P International Developed Quality ETF,ETF,ETF,42.84000015258789,-0.4878027600332078,0.0080764201739382,50.73960454837752,US
IDMO,Invesco S&P International Developed Momentum ETF,ETF,ETF,59.7599983215332,1.339659291973572,0.0141216388328071,50.52292513047459,US
IDMY,Corgi U.S. Equities 30% Structured Buffer ETF - July Series,ETF,ETF,25.0,-0.7542696706208121,-0.0127199433590518,45.59396062719562,US
IDNA,iShares Genomics Immunology and Healthcare ETF,ETF,ETF,32.029998779296875,-2.3475624258358287,-0.0115105366414262,46.62652092259217,US
IDOG,ALPS International Sector Dividend Dogs ETF,ETF,ETF,42.290000915527344,0.094676723141642,-0.0089787543203584,54.307569044403294,US
IDR,"Idaho Strategic Resources, Inc.",Basic Materials,Gold,28.3799991607666,-0.0704241480011221,-0.0049788880061942,38.306457896659616,US
IDT,IDT Corporation,Communication Services,Telecom Services,64.30000305175781,1.8049449130776287,-0.0043565591845355,68.31121568248145,US
IDUB,Aptus International Enhanced Yield ETF,ETF,ETF,26.95499992370605,-0.0556150909540824,-0.0037353023740101,45.87749583954915,US
IDV,iShares International Select Dividend ETF,ETF,ETF,43.18000030517578,0.3952615444708484,-0.0155187810643684,58.51946021758598,US
IDVZ,Polen International Dividend Income ETF,ETF,ETF,34.79999923706055,0.346017678283747,-0.0071291346122416,54.714351439419886,US
IDWM,"IDW Media Holdings, Inc.",Communication Services,Publishing,32.25,0.0,-0.0005746727148727,42.539500044736485,US
IDX,VanEck Indonesia Index ETF,ETF,ETF,10.81999969482422,-0.7339442798699993,-0.0334698137730506,51.113987100003335,US
IDXX,"IDEXX Laboratories, Inc.",Healthcare,Diagnostics & Research,544.3200073242188,-4.074438710297812,-0.2701488034956636,45.724107154174256,US
IE,Ivanhoe Electric Inc.,Basic Materials,Copper,9.0600004196167,11.43911798382226,0.0132919565608722,44.055872549516806,US
IEAG,Infinite Eagle Acquisition Corp.,Financial Services,Shell Companies,10.220000267028809,0.1960829229183369,-0.0005673739715746,63.3430439309634,US
IEDI,iShares U.S. Consumer Focused ETF,ETF,ETF,54.08380126953125,-2.04161724209216,-0.0018753658731413,44.30805516367936,US
IEI,iShares 3-7 Year Treasury Bond ETF,ETF,ETF,116.33000183105467,-0.5556518270012338,0.0005568230031281,41.61742066326991,US
IEO,iShares U.S. Oil & Gas Exploration & Production ETF,ETF,ETF,124.48999786376952,2.4524694882303204,-0.1643651299205912,68.99737942102573,US
IEP,Icahn Enterprises L.P.,Energy,Oil & Gas Refining & Marketing,7.690000057220459,2.6702308706804856,-0.0050423972217295,63.848586820519344,US
IETC,iShares U.S. Tech Independence Focused ETF,ETF,ETF,100.95999908447266,-0.9904894813568036,-0.082829438010674,39.793916136107335,US
IEUR,iShares Core MSCI Europe ETF,ETF,ETF,74.88999938964844,-0.2929053640199341,0.0022533479795703,50.7207319400499,US
IEUS,iShares MSCI Europe Small-Cap ETF,ETF,ETF,70.19499969482422,-0.2628553080609359,-0.0119935974112425,50.22573675423929,US
IFEB,Innovator International Developed Power Buffer ETF - February,ETF,ETF,31.2942008972168,0.1606753835911119,0.0006689070498306,51.34928615744878,US
IFF,IFF,N/A,N/A,75.94000244140625,-2.8900186637241787,0.0533735254197586,47.7099480517329,US
IFGL,iShares International Developed Real Estate ETF,ETF,ETF,22.68000030517578,-0.3952575791767458,-0.004853334190491,53.14047589671902,US
IFLO,VictoryShares International Free Cash Flow ETF,ETF,ETF,33.581600189208984,0.345426962612524,0.0062147426068826,53.31807548395158,US
IFLR,Innovator International Developed Managed Floor ETF,EQUITY,EQUITY,52.9463005065918,0.0402480299259671,0.0005968002781036,50.567268891761785,US
IFN,"Aberdeen India Fund, Inc.",Financial Services,Asset Management,11.43000030517578,-0.6086929984714674,0.0063942305526653,48.90213955885767,US
IFRA,iShares U.S. Infrastructure ETF,ETF,ETF,62.68999862670898,2.084349100272495,0.0564585300982835,57.11844112787026,US
IFS,Intercorp Financial Services Inc.,Financial Services,Banks - Regional,59.72999954223633,0.4540875578892829,-0.0050324245852768,60.804794013373794,US
IFV,First Trust Dorsey Wright International Focus 5 ETF,ETF,ETF,25.21470069885254,-0.1239784152143651,0.0011671030904257,38.402759614847945,US
IG,Principal Investment Grade Corporate ETF,ETF,ETF,20.184999465942383,-1.1024026612046034,-0.0013293886936494,30.076156403108342,US
IGBH,iShares Interest Rate Hedged Long-Term Corporate Bond ETF,ETF,ETF,24.26499938964844,-0.602168042472962,-0.0032527654784359,31.9653198687606,US
IGD,Voya Global Equity Dividend and Premium Opportunity Fund,Financial Services,Asset Management,6.380000114440918,0.949366157434272,-0.0007701633029254,62.94144930143431,US
IGE,iShares North American Natural Resources ETF,ETF,ETF,60.459999084472656,3.52739298761987,0.0064216352235297,67.58946354581545,US
IGF,iShares Global Infrastructure ETF,ETF,ETF,67.43000030517578,0.7319955869413584,0.015898234339813,58.05264412833861,US
IGGY,AB International Growth ETF,EQUITY,EQUITY,27.674999237060547,-3.1665524459810905,-0.0273914083119348,40.25744366662849,US
IGIB,iShares 5-10 Year Investment Grade Corporate Bond ETF,ETF,ETF,52.22999954223633,-0.8918429106241055,-0.002838656716424,36.18106966802426,US
IGLB,iShares 10+ Year Investment Grade Corporate Bond ETF,ETF,ETF,48.09000015258789,-1.797020719172853,-0.0014620664447418,27.92046875474044,US
IGLD,FT Vest Gold Strategy Target Income ETF,ETF,ETF,20.81999969482422,1.0679578120415365,-0.0021797214456708,45.36008967242263,US
IGM,iShares Expanded Tech Sector ETF,ETF,ETF,151.94000244140625,-0.8871497607814093,-0.1434082723742205,41.62736114402479,US
IGR,CBRE Global Real Estate Income Fund,Financial Services,Asset Management,4.699999809265137,-1.014547083354681e-05,0.0012621924048059,61.27452101715437,US
IGSB,iShares 1-5 Year Investment Grade Corporate Bond ETF,ETF,ETF,52.04999923706055,-0.3064544152801826,-0.0008804169731432,44.78016545518666,US
IGV,iShares Expanded Tech-Software Sector ETF,ETF,ETF,87.9800033569336,-5.193965017582959,-0.0915886968299014,39.43235024030072,US
IHAK,iShares Cybersecurity and Tech ETF,ETF,ETF,59.84999847412109,-6.014450082757604,-0.0505200674609331,48.24067370696508,US
IHE,iShares U.S. Pharmaceuticals ETF,ETF,ETF,102.37999725341795,1.446689566946426,0.0797332813792179,62.73875024246461,US
IHI,iShares U.S. Medical Devices ETF,ETF,ETF,50.22999954223633,-0.5543432757896314,0.0391932878171438,49.447222524140265,US
IHRT,"iHeartMedia, Inc.",Communication Services,Broadcasting,3.539999961853028,-7.57180072140608,-0.0067732372507359,36.1015213002025,US
IIGD,Invesco Investment Grade Defensive ETF,ETF,ETF,24.261499404907227,-0.420706428251744,-0.0001622859235149,42.7033036376533,US
IIIN,Insteel Industries Inc.,Industrials,Metal Fabrication,32.68000030517578,5.419355823147681,0.0318612644555819,70.46939758976677,US
IIIV,"i3 Verticals, Inc.",Technology,Software - Infrastructure,20.190000534057617,-2.5108574283081864,0.0163692684150041,45.28674354200125,US
IIM,Invesco Value Municipal Income Trust,Financial Services,Asset Management,12.380000114440918,-2.825743038813647,-0.0075126417369028,33.71583738116482,US
IIPR,"Innovative Industrial Properties, Inc.",Real Estate,REIT - Industrial,61.47999954223633,-4.637818554138049,-0.0781667480190109,49.51945080510632,US
IJAN,Innovator International Developed Power Buffer ETF - January,ETF,ETF,38.099098205566406,0.1158793851977116,0.000278959383801,52.25301658761743,US
IJK,iShares S&P Mid-Cap 400 Growth ETF,ETF,ETF,113.18000030517578,0.6939490824804736,0.0447087158296117,47.76814306848204,US
IJS,iShares S&P Small-Cap 600 Value ETF,ETF,ETF,135.8800048828125,-0.774059836202574,-0.0535427251055982,53.74009420820397,US
IJT,iShares S&P Small-Cap 600 Growth ETF,ETF,ETF,171.4600067138672,-0.8213779088610419,-0.0069604311978341,48.50789669758434,US
IJUL,Innovator International Developed Power Buffer ETF - July,ETF,ETF,36.0,0.1251513465546458,0.0018776984661628,52.85023446553623,US
IJUN,Innovator International Developed Power Buffer ETF - June,ETF,ETF,31.13789939880371,0.0446563720665721,0.0010102979069514,50.1973937079998,US
ILCG,iShares Morningstar Growth ETF,ETF,ETF,111.61000061035156,-0.8528018895577872,-0.0802174920793519,41.76848277980518,US
ILF,iShares Latin America 40 ETF,ETF,ETF,34.63999938964844,1.6730252419427254,-0.0274745105226233,53.83115192578045,US
ILIT,Ishares Lithium Miners And Producers ETF,ETF,ETF,13.505000114440918,-3.363150298385748,0.0281955668369084,25.60632452236132,US
ILLU,ILLU,N/A,N/A,9.970000267028809,0.0,-0.0006499206745032,81.45573786391174,US
ILMN,"Illumina, Inc.",Healthcare,Diagnostics & Research,194.08999633789065,3.986071623196761,0.0307421029022387,61.42702243612968,US
ILPT,Industrial Logistics Properties Trust,Real Estate,REIT - Industrial,9.199999809265137,5.022837562360344,0.0055003327816526,59.32967335331172,US
ILS,Brookmont Catastrophic Bond ETF,ETF,ETF,19.850000381469727,0.303180713323297,0.0014431345207893,80.19916044185864,US
ILTB,iShares Core 10+ Year USD Bond ETF,ETF,ETF,47.5099983215332,-1.5540821095829926,0.0021618040069936,30.961727200876908,US
IMAY,Innovator International Developed Power Buffer ETF - May,ETF,ETF,31.733999252319336,0.2337315390520296,0.0017853013360575,51.27065285971504,US
IMCG,iShares Morningstar Mid-Cap Growth ETF,ETF,ETF,95.0999984741211,-0.0840531947869064,0.0146552748970716,46.97421784036822,US
IMCR,Immunocore Holdings plc,Healthcare,Biotechnology,35.0,0.1144190977542387,-0.056307052983068,63.7910415178689,US
IMFL,Invesco International Developed Dynamic Multifactor ETF,ETF,ETF,33.41999816894531,-0.298336179751446,-0.0041670419386134,44.13980119444391,US
IMKTA,"Ingles Markets, Incorporated",Consumer Defensive,Grocery Stores,85.83000183105469,-4.792012891518475,-0.1287602804092372,38.5961872949128,US
IMMX,"Immix Biopharma, Inc.",Healthcare,Biotechnology,8.520000457763672,-16.878044314500762,-0.0298564780040111,39.43789684399236,US
IMOM,Alpha Architect International Quantitative Momentum ETF,ETF,ETF,40.97570037841797,1.0248988931265008,0.0181722549179443,40.82175347547994,US
IMSR,Terrestrial Energy Inc.,Utilities,Utilities - Regulated Electric,4.880000114440918,5.51351598791174,-0.0014104089911939,35.033265100656,US
IMST,Bitwise MSTR Option Income Strategy ETF,ETF,ETF,7.180900096893311,-1.2255830022966236,-0.0044151157858011,40.30926872428799,US
IMTM,iShares MSCI Intl Momentum Factor ETF,ETF,ETF,52.16999816894531,0.9872209118071674,-0.00092131063123,48.71279150300982,US
IMTX,Immatics N.V.,Healthcare,Biotechnology,9.079999923706056,-5.318041926664733,-0.0078129048952949,40.33999153322922,US
IMVT,"Immunovant, Inc.",Healthcare,Biotechnology,39.40999984741211,-2.111272999399181,-0.0021181346435776,57.98683369173559,US
IMXI,"International Money Express, Inc.",Technology,Software - Infrastructure,13.029999732971191,-2.9061128249297004,-0.0011328243693674,33.2867213917973,US
INBX,"Inhibrx Biosciences, Inc.",Healthcare,Biotechnology,81.55000305175781,-6.682682662408151,-0.1465211291757802,34.65449471222452,US
INCO,Columbia India Consumer ETF,ETF,ETF,59.36000061035156,0.9008987978938048,0.0292295441562118,53.02204918351976,US
INCY,Incyte Corporation,Healthcare,Biotechnology,117.66999816894533,0.3582073935567697,0.0466786116562309,61.761634199447634,US
IND,Xtrackers Nifty 500 India ETF,ETF,ETF,22.155000686645508,-1.8821932617207544,-0.0035747383774648,36.07969038101883,US
INDA,iShares MSCI India ETF,ETF,ETF,48.02000045776367,-1.819667537160151,0.0039131185204787,42.545938731566125,US
INDB,Independent Bank Corp.,Financial Services,Banks - Regional,85.12000274658203,0.7218087740291842,-0.0109995387901127,57.07129353055856,US
INDH,WisdomTree India Hedged Equity Fund ETF,ETF,ETF,38.79050064086914,-1.7041294099007742,-0.0033296102946758,44.725568444471314,US
INDI,"indie Semiconductor, Inc.",Technology,Semiconductors,3.470000028610229,-9.39947525501451,-0.0114941973261759,38.81743494304728,US
INDL,Direxion Daily MSCI India Bull 2x Shares,ETF,ETF,42.47999954223633,-3.869651816280237,0.0074397790567512,41.55863235021427,US
INDV,"Indivior Pharmaceuticals, Inc.",Healthcare,Drug Manufacturers - Specialty & Generic,40.525001525878906,-0.0369989869504234,0.018564080111045,54.88276607251688,US
INDY,iShares India 50 ETF,ETF,ETF,42.38130187988281,-2.279679678006823,0.0021298348889198,43.258665840826175,US
INDZ,VanEck India Select ETF,ETF,ETF,24.57320022583008,-1.233114731853835,0.0074543401261592,45.13967753745301,US
INEQ,Columbia International Equity Income ETF,ETF,ETF,39.92720031738281,0.4710584574973725,-0.0002977548141267,57.24268189804462,US
INFO,Harbor PanAgora Dynamic Large Cap Core ETF,ETF,ETF,27.215900421142575,-0.3336096533762034,-0.011349423127875,50.26496390157133,US
INGM,Ingram Micro Holding Corporation,Technology,Information Technology Services,29.440000534057617,0.546447553483442,-0.0256339220887447,56.15154464391032,US
INGR,Ingredion Incorporated,Consumer Defensive,Packaged Foods,101.12000274658205,-1.4040511371785402,-0.0997469848270853,54.30171054161045,US
INKM,State Street Income Allocation ETF,ETF,ETF,34.43159866333008,-0.2271795480042256,-0.0007456453583785,53.0425734753048,US
INMD,InMode Ltd.,Healthcare,Medical Devices,15.170000076293944,-1.939238432815372,-0.0147982112897817,58.42603339270551,US
INMU,iShares Intermediate Muni Income Active ETF,ETF,ETF,23.770000457763672,-1.0819817788283674,-0.0044585107270504,17.221459430576218,US
INN,"Summit Hotel Properties, Inc.",Real Estate,REIT - Hotel & Motel,7.019999980926514,5.405407533969994,0.0053750649260814,64.59257375854267,US
INNV,InnovAge Holding Corp.,Healthcare,Medical Care Facilities,11.5600004196167,0.5217427792756454,0.0056884415245388,58.05211301886981,US
INOV,Innovator International Developed Power Buffer ETF - November,ETF,ETF,36.68999862670898,0.0381719365954772,0.0003643121995169,50.51743527637015,US
INR,"Infinity Natural Resources, Inc.",Energy,Oil & Gas E&P,13.199999809265137,1.5384600712702825,-0.0211991002986646,50.8473215709203,US
INRO,iShares U.S. Industry Rotation Active ETF,ETF,ETF,35.47370147705078,-0.8616064094416686,-0.015604853427692,43.27422175459189,US
INSM,Insmed Incorporated,Healthcare,Biotechnology,106.91999816894533,-1.2924681774586466,-0.0419624565609153,47.567004220793024,US
INSP,"Inspire Medical Systems, Inc.",Healthcare,Medical Devices,49.18999862670898,-2.786561047295764,-0.202257272532375,52.042579385772655,US
INSW,INSW,N/A,N/A,92.27999877929688,6.362374950612511,0.0680824828249333,62.59453252596671,US
INTA,"Intapp, Inc.",Technology,Software - Application,27.46999931335449,-5.666213867878253,-0.0014354481233163,54.85759385236975,US
INTC,Intel Corporation,Technology,Semiconductors,92.31999969482422,-2.8619541187933,-0.1922303691733127,37.12453119480911,US
INTF,iShares International Equity Factor ETF,ETF,ETF,41.220001220703125,0.438597225049473,0.0004250071039716,52.04034234626911,US
INTL,Main International ETF,ETF,ETF,29.850000381469727,-0.3405424812369543,-0.0127645997006819,43.92091600130118,US
INTU,Intuit Inc.,Technology,Software - Application,296.3299865722656,1.8001272116175848,0.2498632145402304,55.0822161369556,US
INTW,GraniteShares 2x Long INTC Daily ETF,ETF,ETF,20.739999771118164,-7.286548980617264,-0.0566469312620689,36.51185493268586,US
INV,"Innventure, Inc.",Financial Services,Asset Management,2.890000104904175,-14.243317417065,0.0005237839433759,28.736344754887483,US
INVA,"Innoviva, Inc.",Healthcare,Biotechnology,21.440000534057617,-1.2436598885356305,0.0185402423877503,42.214303307340536,US
INVG,GMO Systematic Investment Grade Credit ETF,ETF,ETF,25.016300201416016,-0.8745069325703838,-0.000355520238706,35.423989079298394,US
INVX,"Innovex International, Inc.",Energy,Oil & Gas Equipment & Services,26.84000015258789,4.111712326258708,-0.0052279501795362,57.07508975162236,US
INYY,Yieldmax Intc Option Income Strategy ETF,EQUITY,EQUITY,39.45000076293945,-1.314840742304307,-0.0617979607815166,37.03045242066029,US
IOCT,Innovator International Developed Power Buffer ETF- October,ETF,ETF,37.07500076293945,0.0674805030870219,0.0014943632032253,52.958237674564096,US
IONL,GraniteShares 2x Long IONQ Daily ETF,ETF,ETF,9.800000190734863,-11.552344239936197,0.1125045098663086,27.719541082251013,US
IONX,Defiance Daily Target 2X Long IONQ ETF,ETF,ETF,18.18000030517578,-11.70471019695065,0.2114175237660891,27.461637685052334,US
IOO,iShares Global 100 ETF,ETF,ETF,137.44000244140625,-0.5067300936260479,-0.0718407748401435,47.32554678134674,US
IOPP,Simplify Tara India Opportunities ETF,ETF,ETF,25.80039978027344,-0.9391449234171516,4.558861895079258e-05,48.52144959784185,US
IOSP,Innospec Inc.,Basic Materials,Specialty Chemicals,84.76000213623047,0.6053437818759273,-0.0127169004156776,58.00334131371868,US
IOVA,"Iovance Biotherapeutics, Inc.",Healthcare,Biotechnology,4.989999771118164,-0.2000045776367187,-0.0237417622586556,59.24075933853276,US
IOYY,GraniteShares YieldBOOST IONQ ETF,ETF,ETF,6.789999961853027,-3.960398911030754,-0.0053382741624585,17.176849839707458,US
IP,International Paper Company,Consumer Cyclical,Packaging & Containers,42.15999984741211,12.247066842207737,0.3120736396504588,70.17911970849607,US
IPAC,IPAC,N/A,N/A,81.54000091552734,0.6045624248238745,0.0035189221302452,47.88094278373216,US
IPAV,Global X Infrastructure Development ex-U.S. ETF,ETF,ETF,31.15999984741211,-0.2209492585044026,0.0012127184650042,40.855645971560456,US
IPAY,IPAY,N/A,N/A,48.0099983215332,-2.579087181870523,-0.0684014934724112,52.98556450771064,US
IPGP,IPG Photonics Corporation,Technology,Semiconductor Equipment & Materials,91.6999969482422,-12.105822544951854,-0.3408893122705381,36.72690215135104,US
IPI,"Intrepid Potash, Inc.",Basic Materials,Agricultural Inputs,34.220001220703125,0.05848086934941,-0.0272185436445135,45.67176697501349,US
IPKW,Invesco International BuyBack Achievers ETF,ETF,ETF,59.060001373291016,1.0246195808211311,-0.0041044137424357,60.30442508345389,US
IPO,Renaissance IPO ETF,ETF,ETF,51.459999084472656,-2.500946808172328,-0.0516780897937926,36.153921898922526,US
IPSC,"Century Therapeutics, Inc.",Healthcare,Biotechnology,2.109999895095825,-6.222226884629992,-0.0024508007029686,41.54111981209825,US
IQ,"iQIYI, Inc.",Communication Services,Entertainment,1.2200000286102295,2.521005877919275,-0.0033403668660176,60.199121725386206,US
IQDG,WisdomTree International Quality Dividend Growth Fund,ETF,ETF,42.560001373291016,-0.7925411200342024,-0.0021208542505784,46.99856401767834,US
IQI,Invesco Quality Municipal Income Trust,Financial Services,Asset Management,9.949999809265137,-1.7769032886700575,-0.0043335384391152,40.98052753728416,US
IQLT,iShares MSCI Intl Quality Factor ETF,ETF,ETF,49.43000030517578,-0.080858933778646,-0.0031273098048092,52.05295631229189,US
IQMM,Proshares Genius Money Market ETF,EQUITY,EQUITY,100.11000061035156,0.0529788397268097,0.0006514525136119,91.95554676467972,US
IQRA,NYLI CBRE Real Assets ETF,ETF,ETF,30.974000930786133,0.0807829860727001,-0.0080727509937092,60.363879491058725,US
IQSI,NYLI Candriam International Equity ETF,ETF,ETF,37.61190032958984,-0.6290572103828304,-0.0025668792438122,46.37736999887709,US
IQSZ,Invesco Global Equity Net Zero ETF,EQUITY,EQUITY,31.19300079345703,-1.0594082191860383,-0.0203017813087972,46.36341439628702,US
IQV,IQVIA Holdings Inc.,Healthcare,Diagnostics & Research,208.0500030517578,0.8678408768514487,0.1920270895386542,61.3474863681707,US
IR,Ingersoll Rand Inc.,Industrials,Specialty Industrial Machinery,84.4000015258789,2.626463665146756,0.0481323726682816,62.46420347541819,US
IRDM,Iridium Communications Inc.,Communication Services,Telecom Services,45.77999877929688,-1.9280238217545944,-0.037014392315449,43.728870179343744,US
IREG,Leverage Shares 2X Long IREN Daily ETF,ETF,ETF,7.71999979019165,16.969695480949163,-0.0444398875435037,36.808149617564304,US
IREX,Tradr 2X Long IREN Daily ETF,ETF,ETF,13.710000038146973,16.48257863153818,-0.0808240029867342,36.70628760248062,US
IRM,Iron Mountain Incorporated,Real Estate,REIT - Specialty,128.30999755859375,3.626229910221214,0.223610844067522,59.45477876294672,US
IRMD,IRADIMED CORPORATION,Healthcare,Medical Devices,94.48999786376952,-2.6177480650131675,0.0186586468742103,48.335803370395965,US
IRT,"Independence Realty Trust, Inc.",Real Estate,REIT - Residential,16.610000610351562,-0.0601698458295457,0.0165274290244742,50.55763120064687,US
IRTC,IRTC,N/A,N/A,109.1999969482422,-1.5151518279136629,0.2047090410335199,42.89384534468176,US
IRTR,Ishares Lifepath Retirement ETF,ETF,ETF,31.57010078430176,-0.5572147218453392,-0.0026256805108239,42.135995679145545,US
IRWD,"Ironwood Pharmaceuticals, Inc.",Healthcare,Drug Manufacturers - Specialty & Generic,3.7100000381469727,-3.886006762316992,-0.0027574503205582,40.58543566284602,US
ISBG,IncomeSTKd 1x Bitcoin & 1x Gold Premium ETF,ETF,ETF,11.343099594116213,-2.0964949545226723,-0.0431573089440836,40.99806296071947,US
ISCF,iShares MSCI Intl Small-Cap Multifactor ETF,ETF,ETF,43.71749877929688,0.4999971937859195,0.0027025812870951,50.90186724728041,US
ISCG,iShares Morningstar Small-Cap Growth ETF,ETF,ETF,62.33000183105469,-1.2046256454193855,-0.0149367162464867,42.9003308064616,US
ISCV,iShares Morningstar Small-Cap Value ETF,ETF,ETF,78.95719909667969,-0.4573885521184699,0.0049903474406347,58.30221859761727,US
ISD,"PGIM High Yield Bond Fund, Inc.",Financial Services,Asset Management,12.43000030517578,-1.7391250591994292,-0.0126610039052529,33.964361924344146,US
ISEP,Innovator International Developed Power Buffer ETF - September,ETF,ETF,34.739898681640625,0.1582739114200604,-0.0007928555764102,53.8723893885275,US
ISHG,iShares 1-3 Year International Treasury Bond ETF,ETF,ETF,73.94000244140625,-0.5781905194235637,-0.0098322371419171,40.6831788895278,US
ISHP,First Trust S-Network Global E-Commerce ETF,ETF,ETF,33.96839904785156,-2.775203746959068,-0.0361059977955821,46.90883917369481,US
ISMCF,iShares VII Public Limited Company - iShares MSCI USA UCITS ETF,MUTUALFUND,MUTUALFUND,765.591796875,-0.6069939926588299,-0.3646886120953523,45.86240925717946,US
ISMF,iShares Managed Futures Active ETF,ETF,ETF,28.114900588989254,0.3028894051515287,-0.0050927880789065,52.39560400229893,US
ISMJF,iShares VII Public Limited Company - iShares Core MSCI Pacific ex Japan UCITS ETF,MUTUALFUND,MUTUALFUND,242.6237945556641,0.3837420009294304,-0.0531985947403792,57.96882265636272,US
ISRA,ISRA,N/A,N/A,64.07209777832031,-1.4275418795072117,-0.0230451285709481,45.847765854235696,US
ISRG,"Intuitive Surgical, Inc.",Healthcare,Medical Instruments & Supplies,337.5,-2.292864663266342,0.5379209365050208,31.726808339944043,US
ISTB,iShares Core 1-5 Year USD Bond ETF,ETF,ETF,47.93999862670898,-0.353361009116262,-0.0011003913071849,43.52345783972564,US
ISTM,iShares Strategic Metals ETF,ETF,ETF,29.05500030517578,1.7688304084425197,-0.0082509462943082,46.24936821850101,US
ISTR,Investar Holding Corporation,Financial Services,Banks - Regional,29.86000061035156,-0.0334791717471293,0.0195982084493479,54.65392736544455,US
ISUL,GraniteShares 2x Long ISRG Daily ETF,ETF,ETF,11.65999984741211,-4.9714799314909,0.0448074826145263,30.32881539034221,US
ISVAF,iShares VII Public Limited Company -  iShares NASDAQ 100 UCITS ETF,EQUITY,EQUITY,1620.5755615234375,-1.6765654774244088,-1.5788548142679213,39.9883891825102,US
ITA,iShares U.S. Aerospace & Defense ETF,ETF,ETF,240.13999938964844,4.078361650568103,0.5874585630483513,56.72262141184167,US
ITAN,Sparkline Intangible Value ETF,ETF,ETF,41.4541015625,-0.7467731803192085,0.0001021898048985,46.50627054029776,US
ITB,iShares U.S. Home Construction ETF,ETF,ETF,97.08999633789062,-0.2465894263319379,0.1935307525305606,49.30695532246779,US
ITDB,Ishares Lifepath Target Date 2030 ETF,ETF,ETF,34.620201110839844,-0.525242897437994,-0.0053944649473596,43.203300007456974,US
ITDE,Ishares Lifepath Target Date 2045 ETF,ETF,ETF,39.44380187988281,-0.4698440151752368,-0.0076788796407135,45.078004922908015,US
ITDF,Ishares Lifepath Target Date 2050 ETF,ETF,ETF,40.79029846191406,-0.4993303459059071,-0.0097298889223932,44.8822773102266,US
ITDG,Ishares Lifepath Target Date 2055 ETF,ETF,ETF,41.43920135498047,-0.5037261741696194,-0.0132295754228395,44.73591878294289,US
ITDI,Ishares Lifepath Target Date 2065 ETF,ETF,ETF,41.41600036621094,-1.249399803662237,-0.024163163365508,44.79603038046465,US
ITIC,Investors Title Company,Financial Services,Insurance - Specialty,282.54998779296875,-2.3062075235400137,-0.0622562443528824,59.32688523439628,US
ITRN,Ituran Location and Control Ltd.,Technology,Scientific & Technical Instruments,54.77000045776367,-1.7402245990205112,-0.0256837469523314,37.08012474767873,US
ITW,Illinois Tool Works Inc.,Industrials,Specialty Industrial Machinery,283.0199890136719,2.524905462386932,0.4277375467527706,65.02431304384902,US
ITWO,ProShares Russell 2000 High Income ETF,ETF,ETF,45.34000015258789,-1.069172286471018,-0.0164261186742392,46.4584845699233,US
IUS,Invesco RAFI Strategic US ETF,ETF,ETF,66.84519958496094,-0.1416236226287787,-0.0006258801070786,57.43505239806597,US
IUSV,iShares Core S&P U.S. Value ETF,ETF,ETF,112.12999725341795,0.0089141157608847,0.0264888908444129,57.896871715696335,US
IVAL,Alpha Architect International Quantitative Value ETF,ETF,ETF,35.08000183105469,0.0941619688178139,-0.006339640164784,53.63681101735004,US
IVEP,Dan IVES Wedbush AI Power & Infrastructure ETF,ETF,ETF,26.1299991607666,2.0304511441708266,0.0015209144558642,43.14513808419414,US
IVES,Dan IVES Wedbush AI Revolution ETF,ETF,ETF,35.0,-3.846157876898886,-0.0645497721073069,36.019114366649006,US
IVLU,iShares Edge MSCI Intl Value Factor ETF,ETF,ETF,42.470001220703125,0.830964619406503,0.0027007778078642,52.93596867290518,US
IVOO,Vanguard S&P Mid-Cap 400 Index Fund ETF Shares,ETF,ETF,128.2100067138672,0.2815864247499113,0.0420961896782371,52.56882705229811,US
IVR,Invesco Mortgage Capital Inc.,Real Estate,REIT - Mortgage,7.579999923706055,-6.419758435484406,-0.0152870464685377,36.21404686606844,US
IVRS,iShares Future Metaverse Tech And Communications ETF,ETF,ETF,30.63920021057129,-2.023532749832973,-0.0423283399820562,40.490463271793296,US
IVSI,Applied Finance IVS International Large ETF,ETF,ETF,28.80990028381348,-0.3772617982526579,0.0001949162350831,51.22937364302846,US
IVSS,Applied Finance IVS US SMID ETF,ETF,ETF,30.157400131225582,-0.8599904303381981,-0.0080181633298795,56.61577311484749,US
IVSX,Applied Finance IVS International SMID ETF,ETF,ETF,24.529300689697266,-0.2468461265309788,-0.0003652284000148,48.80132235978937,US
IVVM,iShares Large Cap Moderate Quarterly Laddered ETF,ETF,ETF,36.81399917602539,-0.5564594251513024,-0.010922707499641,45.62628407990953,US
IWDL,ETRACS 2x Leveraged US Value Factor TR ETN,ETF,ETF,65.0009994506836,0.0307730601289862,0.0322894604025614,58.97338742764124,US
IWFG,NYLI Winslow Focused Large Cap Growth ETF,ETF,ETF,52.887001037597656,-0.8845745081657925,-0.0422428710803739,45.34323368453372,US
IWFL,ETRACS 2x Leveraged US Growth Factor TR ETN,ETF,ETF,55.249000549316406,-4.281012853652566,-0.1328960338599834,41.886972616635774,US
IWMI,NEOS Russell 2000 High Income ETF,ETF,ETF,51.72999954223633,-0.994406622456215,-0.0196164324613175,46.749364350782805,US
IWML,ETRACS 2x Leveraged US Size Factor TR ETN,ETF,ETF,31.67200088500977,-2.225791488113414,-0.0352908875546056,46.81625724173579,US
IWMW,iShares Russell 2000 BuyWrite ETF,ETF,ETF,39.29159927368164,-0.5074478456649162,-0.013903955234592,54.80877866362202,US
IWN,iShares Russell 2000 Value ETF,ETF,ETF,221.4199981689453,-0.4137798795081335,-0.0248261977278145,55.46821386344476,US
IWO,iShares Russell 2000 Growth ETF,ETF,ETF,370.2300109863281,-1.7227623203825615,-0.1813367445806817,40.82946232961631,US
IWP,iShares Russell Mid-Cap Growth ETF,ETF,ETF,136.72999572753906,-0.6250458850508224,-0.0481198893708482,39.5725911552301,US
IWS,iShares Russell Mid-Cap Value ETF,ETF,ETF,166.47999572753906,0.2167111852475098,0.0808804071974702,58.9591252521816,US
IWV,iShares Russell 3000 ETF,ETF,ETF,420.6499938964844,-0.651852753065218,-0.1414902057807541,45.107261245433214,US
IWX,iShares Russell Top 200 Value ETF,ETF,ETF,108.27999877929688,0.120200879874109,0.0173846919338547,59.86850946422285,US
IWY,iShares Russell Top 200 Growth ETF,ETF,ETF,274.8999938964844,-1.6282047277836518,-0.3005276297573727,39.59121987755164,US
IXG,iShares Global Financials ETF,ETF,ETF,130.9600067138672,0.8160222226242159,0.0160920665847492,63.2052556741864,US
IXJ,iShares Global Healthcare ETF,ETF,ETF,99.88999938964844,0.6854150906672147,0.0776936904055145,58.25474213449304,US
IXN,iShares Global Tech ETF,ETF,ETF,132.94000244140625,0.2412964379436002,-0.085156624678828,43.47684590295526,US
IXP,iShares Global Comm Services ETF,ETF,ETF,111.98999786376952,-3.912488261337293,-0.1691629863795165,36.084598261659,US
IYF,iShares U.S. Financials ETF,ETF,ETF,134.05999755859375,0.3217785378054384,0.0251106852679663,64.2276020095758,US
IYH,iShares U.S. Healthcare ETF,ETF,ETF,68.41000366210938,0.8997058744759855,0.060006827298325,59.5782592022728,US
IYR,iShares U.S. Real Estate ETF,ETF,ETF,107.0,0.8577657588101566,0.0928121903675388,63.78613965850839,US
IYW,iShares U.S. Technology ETF,ETF,ETF,236.0800018310547,-1.3208508566932244,-0.230297759536973,41.90488326115469,US
IYY,iShares Dow Jones U.S. ETF,ETF,ETF,180.0,-0.6348296633901753,-0.059406357150927,45.213796697084526,US
JA,JA,N/A,N/A,50.22999954223633,0.0996397703397178,0.0014947376445097,70.85605166278822,US
JAAA,Janus Henderson AAA CLO ETF,ETF,ETF,50.650001525878906,0.1186032281281705,0.0014685338503539,82.96392834402062,US
JADE,JPMorgan Active Developing Markets Equity ETF,ETF,ETF,75.22969818115234,0.5207133382293035,-0.0442251397329715,42.90925257157728,US
JAJL,Innovator Equity Defined Protection ETF - 6 Mo Jan/Jul,ETF,ETF,29.920000076293945,-0.0668017949462652,-0.0042543699434922,49.06697829293994,US
JAN,"Janus Living, Inc.",Real Estate,REIT - Residential,31.40999984741211,3.492584687378022,0.030179334064193,71.3122305851478,US
JANB,Aptus January Buffer ETF,ETF,ETF,27.209999084472656,-0.6571752799812371,-0.011705534814046,48.87637928530734,US
JANI,AllianzIM International Equity Buffer15 Uncapped Jan ETF,ETF,ETF,25.559999465942383,0.0,0.0016330333266264,48.62499364471877,US
JANT,AllianzIM U.S. Equity Buffer10 Jan ETF,ETF,ETF,43.911598205566406,-0.3164524899103328,-0.0098321391156077,48.7197858262672,US
JANU,AllianzIM U.S. Equity Buffer15 Uncapped Jan ETF,ETF,ETF,29.74570083618164,-0.7185995231914963,-0.0105116441404799,44.02105226644358,US
JANX,"Janux Therapeutics, Inc.",Healthcare,Biotechnology,15.329999923706056,-5.719558991911129,-0.0403152599196525,48.25644989241225,US
JAPN,Horizon Kinetics Japan Owner Operator ETF,ETF,ETF,23.78339958190918,-0.4462110107271397,-0.0019056809782719,53.4699186407962,US
JAVA,JPMorgan Active Value ETF,ETF,ETF,80.04000091552734,-0.2243833239051695,0.011262848280494,54.29017500762824,US
JBGS,JBG SMITH Properties,Real Estate,REIT - Diversified,14.520000457763672,-2.419352512826054,0.0037529870952419,47.29085011943899,US
JBHT,"J.B. Hunt Transport Services, Inc.",Industrials,Integrated Freight & Logistics,288.29998779296875,-1.0672303044018685,-0.3020583167293305,54.67931803163505,US
JBI,"Janus International Group, Inc.",Industrials,Building Products & Equipment,5.289999961853027,-2.037039473550594,-0.0001634044614389,49.27665151093312,US
JBIO,"Jade Biosciences, Inc.",Healthcare,Biotechnology,20.07999992370605,-3.7392169886056497,0.0231926359155792,47.25896368554856,US
JBL,Jabil Inc.,Technology,Electronic Components,312.5899963378906,3.847043685119353,0.303167050667934,39.74555884638968,US
JBLU,JetBlue Airways Corporation,Industrials,Airlines,5.269999980926514,-2.767529395866684,0.0130885821389441,46.43408220010355,US
JBND,Jpmorgan Active Bond ETF,ETF,ETF,52.72999954223633,-0.7154981430016575,0.0005189788005942,38.28833310068716,US
JBTM,JBT Marel Corporation,Industrials,Specialty Industrial Machinery,137.13999938964844,2.343283126603312,0.2758661907402531,52.57115681276134,US
JCI,Johnson Controls International plc,Industrials,Building Products & Equipment,143.3699951171875,2.071755848088692,0.0900178501850652,52.32645610684732,US
JD,"JD.com, Inc.",Consumer Cyclical,Internet Retail,30.190000534057617,1.9243743371851,-0.0547371848474708,65.01283238465862,US
JDST,Direxion Daily Junior Gold Miners Index Bear 2X Shares,ETF,ETF,40.31999969482422,-12.309699660203224,-0.0748427971059013,49.43055433541412,US
JDVI,John Hancock Disciplined Value International Select ETF,ETF,ETF,38.68999862670898,0.9128807322069596,0.0111535605240048,50.14723480165695,US
JDVL,John Hancock Disciplined Value Select ETF,EQUITY,EQUITY,31.209999084472656,-0.4148087666952343,-0.0101942986742719,48.10716791350768,US
JELM,Janus Henderson Equity Linked Moderate Income ETF,ETF,ETF,25.429000854492188,0.2720829750787157,0.0013156214946467,62.9086168592775,US
JETS,U.S. Global Jets ETF,ETF,ETF,30.100000381469727,-1.1818736501093436,0.0467234753219951,44.51613319645252,US
JFR,Nuveen Floating Rate Income Fund,Financial Services,Asset Management,7.650000095367432,-0.5201555468841607,-0.0025290377849867,57.02838870841464,US
JGLO,Jpmorgan Global Select Equity ETF,ETF,ETF,70.75,-0.4222421377508868,-0.0243609573390493,47.08391551393904,US
JGRO,JPMorgan Active Growth ETF,ETF,ETF,92.0199966430664,-0.6907047202121805,-0.076701276030325,40.23107073900859,US
JGRW,Jensen Quality Growth ETF,ETF,ETF,27.00359916687012,-1.4287325583257384,-0.0070607560930651,47.665740553813166,US
JHAC,John Hancock Fundamental All Cap Core ETF,ETF,ETF,14.838600158691406,-2.036047717336152,-0.0100999483327856,44.502468700088734,US
JHAI,Janus Henderson Global Artificial Intelligence ETF,ETF,ETF,32.44660186767578,0.1376502680130303,-0.0369899275202856,42.22839756824556,US
JHDG,John Hancock Hedged Equity ETF,ETF,ETF,27.17959976196289,0.0353319309605785,-0.0017557480529802,46.57487284725645,US
JHEM,John Hancock Multifactor Emerging Markets ETF,ETF,ETF,37.85110092163086,-0.5227288289560893,-0.019861667606147,42.25215045730678,US
JHHY,John Hancock High Yield ETF,ETF,ETF,25.489999771118164,-0.604408983734619,-0.0045938964172194,40.14396852203544,US
JHLN,JHancock Global Senior Loan ETF,EQUITY,EQUITY,24.60020065307617,-0.3637095141313363,-0.0015690183815487,50.31033111468257,US
JHMB,John Hancock Mortgage Backed Securities ETF,ETF,ETF,21.700000762939453,-0.6864970979931113,0.0002874915584155,39.66406704594768,US
JHMD,John Hancock Multifactor Developed International ETF,ETF,ETF,44.56999969482422,0.089829141306739,0.0060531537605677,51.298376149714976,US
JHMM,John Hancock Multifactor Mid Cap ETF,ETF,ETF,73.91000366210938,0.2849480631792568,0.0236483098245813,51.76320851716312,US
JHPI,John Hancock Preferred Income ETF,ETF,ETF,22.63820075988769,-0.4914252312628777,-0.0032829467663113,41.71273290845652,US
JHSC,John Hancock Multifactor Small Cap ETF,ETF,ETF,48.2400016784668,-0.099396377538441,0.0001039728242958,53.84508378392864,US
JIDE,JPMorgan International Dynamic ETF,EQUITY,EQUITY,49.709999084472656,-1.4081695959083929,-0.0457595144002106,46.06227063551132,US
JIG,JPMorgan International Growth ETF,ETF,ETF,80.61000061035156,-0.8365116219919899,-0.0347805588834653,40.26794723543881,US
JIII,Janus Henderson Income ETF,ETF,ETF,49.525001525878906,-0.5322341529939512,-0.0019823243519733,42.30375558326572,US
JIRE,JPMorgan International Research Enhanced Equity ETF,ETF,ETF,81.7699966430664,-0.0977420067759464,-0.0063090187452741,49.21306006916562,US
JIVE,Jpmorgan International Value ETF,ETF,ETF,94.00240325927734,1.3098824859325668,6.442896989566904e-05,55.5696655062379,US
JJSF,J&J Snack Foods Corp.,Consumer Defensive,Packaged Foods,76.44000244140625,-0.3129862582347065,-0.047808400240475,51.08923473166499,US
JKS,"JinkoSolar Holding Co., Ltd.",Technology,Solar,14.800000190734863,-10.248633134266589,-0.0901678370142999,34.5790104124175,US
JMBS,Janus Henderson Mortgage-Backed Securities ETF,ETF,ETF,44.43000030517578,-0.8258904870218973,0.0010501366395332,39.07645940851937,US
JMEE,JPMorgan Small & Mid Cap Enhanced Equity ETF,ETF,ETF,76.58999633789062,0.1831254352347708,0.0141079325240163,53.03741631646207,US
JMIA,Jumia Technologies AG,Consumer Cyclical,Internet Retail,5.860000133514404,-9.846151792086086,-0.0072790656399343,32.77899811786635,US
JMID,Janus Henderson Mid Cap Growth Alpha ETF,ETF,ETF,30.15519905090332,-0.9388684142477268,-0.0112658856248764,39.3370150874151,US
JMMF,Jpmorgan 100% U.S. Treasury Securities Money Market ETF,EQUITY,EQUITY,100.125,0.0249765497103078,-0.0030748773647501,75.62382593058781,US
JMOM,JPMorgan U.S. Momentum Factor ETF,ETF,ETF,81.06999969482422,-0.0369898641939525,-0.0109164622708591,43.99180864227774,US
JMTG,JPMorgan Mortgage-Backed Securities ETF,ETF,ETF,50.0,-0.6359294450813223,-0.0009674299491143,37.54386872744103,US
JNJ,Johnson & Johnson,Healthcare,Drug Manufacturers - General,263.3999938964844,4.094214703300545,0.5792995638634864,62.71692791266839,US
JNK,State Street SPDR Bloomberg High Yield Bond ETF,ETF,ETF,95.38999938964844,-0.6147155101579128,-0.0168623410804513,38.57526317620934,US
JOBX,Tradr 2X Long JOBY Daily ETF,ETF,ETF,10.5,-9.63855332693228,-0.080345386426091,31.402241886178142,US
JOET,Virtus Terranova U.S. Quality Momentum ETF,ETF,ETF,45.220001220703125,0.4888916015624999,0.0145796245921356,49.6894962752237,US
JOJO,ATAC Credit Rotation ETF,ETF,ETF,15.158100128173828,-0.6677594965899581,0.0007325267446112,35.32373496450421,US
JOUT,Johnson Outdoors Inc.,Consumer Cyclical,Leisure,45.9900016784668,-0.5621585330447636,-0.0409714369109529,54.03153516770234,US
JOYT,JPMorgan Equity And Options Total Return ETF,ETF,ETF,57.49470138549805,-0.0179109337029442,-0.0232044501664747,54.50981268363902,US
JPIE,JPMorgan Income ETF,ETF,ETF,45.790000915527344,-0.2830950753519042,-0.0019283224284634,47.30310318663902,US
JPM,JPMorgan Chase & Co.,Financial Services,Banks - Diversified,353.2099914550781,3.550274152703302,0.2454112662934955,68.57772648557979,US
JPMB,JPMorgan USD Emerging Markets Sovereign Bond ETF,ETF,ETF,39.50429916381836,-0.8923769219432178,-0.0035004577699817,36.05454622644459,US
JPRE,JPMorgan Realty Income ETF,ETF,ETF,54.9900016784668,1.663896327121468,0.0594278399096364,66.36321526710964,US
JPSE,JPMorgan Diversified Return U.S. Small Cap Equity ETF,ETF,ETF,59.29999923706055,-0.6800020700798706,-0.0148315528395415,49.96154014715295,US
JPSV,Jpmorgan Active Small Cap Value ETF,ETF,ETF,69.72760009765625,0.1948459929509887,0.0195899872424099,62.58803096251011,US
JPY,Lazard Japanese Equity ETF,ETF,ETF,36.9453010559082,0.9765491212110944,0.0124096093522141,49.64874433038496,US
JQC,Nuveen Credit Strategies Income Fund,Financial Services,Asset Management,4.75,0.0,-0.0008181381293749,48.04945308574417,US
JQUA,JPMorgan U.S. Quality Factor ETF,ETF,ETF,71.38999938964844,-0.3489670604828669,-0.0043608339799793,49.84722889894003,US
JRE,Janus Henderson U.S. Real Estate ETF,ETF,ETF,28.941499710083008,2.368068640804929,0.0428465378658591,69.77701918219176,US
JTEK,JPMorgan U.S. Tech Leaders ETF,ETF,ETF,94.45999908447266,-3.494072604120232,-0.136447579142368,37.15527372241186,US
JTKWY,JTKWY,N/A,N/A,3.900000095367432,0.0,-0.0008829501713468,49.2125894514292,US
JUCY,Aptus Enhanced Yield ETF,ETF,ETF,21.989999771118164,-0.3173150340836984,-0.0017875014538109,51.42342710911603,US
JUDO,Janus Henderson U.S. Equity Enhanced Income ETF,ETF,ETF,27.649999618530277,-0.7181355842010171,-0.0157776246016252,48.83624600344268,US
JULM,FT Vest U.S. Equity Max Buffer ETF - July,ETF,ETF,34.61009979248047,-0.3308817471259317,-0.0026468476766023,50.06206965637877,US
JULP,PGIM S&P 500 Buffer 12 ETF - Jul,ETF,ETF,32.46379852294922,-0.1421095077491395,-0.0083077640003598,45.83950187392885,US
JULU,AllianzIM U.S. Equity Buffer15 Uncapped Jul ETF,ETF,ETF,31.71080017089844,-0.6149102693691354,-0.0092909513989608,45.32100789137269,US
JULW,AllianzIM U.S. Equity Buffer20 Jul ETF,ETF,ETF,40.6505012512207,-0.2441687086608512,-0.0062131739508811,44.84647280499943,US
JULZ,Trueshares Structured Outcome (July) ETF,ETF,ETF,44.91999816894531,-1.1726419739575338,-0.0263742807302059,45.16887638878323,US
JUNM,FT Vest U.S. Equity Max Buffer ETF - June,ETF,ETF,35.060001373291016,-0.1139518591705,-0.0024241550362341,47.413059973580594,US
JUNZ,TrueShares Structured Outcome (June) ETF,ETF,ETF,34.89310073852539,-0.5327852986707716,-0.0106772006602057,44.98193196693006,US
JUST,Goldman Sachs JUST U.S. Large Cap Equity ETF,ETF,ETF,106.14299774169922,-0.2883975719531838,-0.0224433660631237,48.06664859801731,US
JVAL,JPMorgan U.S. Value Factor ETF,ETF,ETF,57.36000061035156,-0.1740314579088049,0.0020625983241639,47.970052354267615,US
JXN,Jackson Financial Inc.,Financial Services,Insurance - Life,119.27999877929688,-5.077196161769874,-0.3364660856212067,56.67701205181452,US
JXX,Janus Henderson Transformational Growth ETF,ETF,ETF,30.06480026245117,-1.5334250453177225,-0.0333602826872944,38.40483066776675,US
KAPR,Innovator Russell 2000 Power Buffer ETF - April,ETF,ETF,39.602298736572266,-0.2837754389591289,-0.0047069963823897,51.71592289055124,US
KARO,Karooooo Ltd.,Technology,Software - Application,63.34000015258789,1.0368504388544908,-0.0989273041063012,71.41938973884918,US
KARS,KraneShares Electric Vehicles and Future Mobility Index ETF,ETF,ETF,28.52879905700684,-3.390455829184759,-0.0355376638560229,31.349435340872404,US
KAT,Scharf ETF,ETF,ETF,55.834999084472656,-0.2055436584425794,-0.0073435026091752,56.387935789893135,US
KAUG,Innovator U.S. Small Cap Power Buffer ETF - August,ETF,ETF,28.76499938964844,0.0869854513895871,0.0002205759651153,69.93208216551741,US
KBA,KraneShares Bosera MSCI China A 50 Connect Index ETF,ETF,ETF,33.611900329589844,3.5805840965568625,-0.0091785274848832,49.779923796877824,US
KBDC,"Kayne Anderson BDC, Inc.",Financial Services,Asset Management,13.449999809265137,-1.896427630622948,-0.0015826144410989,42.838891749752825,US
KBON,Karbon Capital Partners Corp.,Financial Services,Shell Companies,10.09000015258789,0.1986142837119619,0.0020913194831636,48.73344597726179,US
KBR,"KBR, Inc.",Industrials,Engineering & Construction,36.93000030517578,5.303680144103535,0.0822523479498558,60.0387085648557,US
KBUF,KraneShares 90% KWEB Defined Outcome January 2027 ETF,ETF,ETF,26.677000045776367,-1.958835195258952,-0.0314173970504753,48.531871380748136,US
KBWB,Invesco KBW Bank ETF,ETF,ETF,96.62000274658205,-0.3095289187277394,-0.0257283440921278,57.949228674044114,US
KBWP,Invesco KBW Property & Casualty Insurance ETF,ETF,ETF,134.96200561523438,1.1027043684897389,0.1571837974652599,62.287944078493226,US
KCOP,Kurv Copper & Mining Enhanced Income ETF,ETF,ETF,22.3799991607666,4.287046204767128,-0.008550086620374,49.66950469376509,US
KCSH,Kraneshares Sustainable Ultra Short Duration Index ETF,ETF,ETF,25.097999572753903,0.0318829020221848,-0.0006416261755474,72.30733346960395,US
KDEC,Innovator U.S. Small Cap Power Buffer ETF - December,ETF,ETF,28.317100524902344,-0.2146019238156113,-0.0024609583955412,53.82911851730815,US
KDK,"Kodiak AI, Inc.",Technology,Software - Infrastructure,4.150000095367432,-3.0373857025287188,-0.0004936690541935,27.07052887075649,US
KDP,Keurig Dr Pepper Inc.,Consumer Defensive,Beverages - Non-Alcoholic,29.68000030517578,-3.9792932653129984,0.0026321405764639,40.38483674380654,US
KE,"Kimball Electronics, Inc.",Industrials,Electrical Equipment & Parts,24.86000061035156,3.712980068803009,0.023645005141919,49.65154636183925,US
KELYA,"Kelly Services, Inc.",Industrials,Staffing & Employment Services,15.15999984741211,-1.0443854477762455,-0.0395313123890045,71.00662959435921,US
KEX,Kirby Corporation,Industrials,Marine Shipping,148.64999389648438,3.1145880412842533,-0.1174442421885704,63.38804402134706,US
KEY,KeyCorp,Financial Services,Banks - Regional,22.649999618530277,-3.8216545549349634,-0.0220255379671917,45.7530728374287,US
KEYS,"Keysight Technologies, Inc.",Technology,Scientific & Technical Instruments,318.6700134277344,0.8768659654224917,-0.20996052100607,44.75849209592277,US
KFII,K&F Growth Acquisition Corp. II,Financial Services,Shell Companies,10.59000015258789,0.0945201224380819,-0.0001211247838072,62.18393554780258,US
KFRC,Kforce Inc.,Industrials,Staffing & Employment Services,55.119998931884766,-5.874320971200014,-0.2397161145999895,57.3547930983956,US
KGRN,KGRN,N/A,N/A,23.530000686645508,0.2983870626797387,-0.013106136174771,40.55443258490609,US
KGS,"Kodiak Gas Services, Inc.",Energy,Oil & Gas Equipment & Services,59.08000183105469,-9.372603745249622,-0.3730579673770944,33.28382618134948,US
KHC,The Kraft Heinz Company,Consumer Defensive,Packaged Foods,25.670000076293945,-0.8114338921270497,-0.0211427162651403,58.4930059319389,US
KIDS,OrthoPediatrics Corp.,Healthcare,Medical Devices,18.8700008392334,-1.795468699530702,-0.0102446103224156,46.719581166863136,US
KIO,KKR Income Opportunities Fund,Financial Services,Asset Management,10.979999542236328,-1.5246644135433047,-0.0067150168705641,37.42222199423447,US
KIQQ,KraneShares InspereX Nasdaq Dynamic Buffered High Income Index ETF,ETF,ETF,24.28280067443848,-2.580437716835026,-0.030615892776162,36.02055496645755,US
KJUN,Innovator U.S. Small Cap Power Buffer ETF - June,ETF,ETF,29.479999542236328,-0.4659345267710786,-0.0045927071087819,47.09762400234951,US
KKR,KKR & Co. Inc.,Financial Services,Asset Management,99.36000061035156,-1.5652880848421302,0.1100622786208593,56.37118163397648,US
KLAC,KLA Corporation,Technology,Semiconductor Equipment & Materials,210.5200042724609,-1.0481766051887489,0.1744928967192929,44.130792020894354,US
KLAG,Leverage Shares 2X Long KLAC Daily ETF,ETF,ETF,34.5,-2.803208795115553,0.1176513195313635,42.96885481523792,US
KLAR,Klarna Group plc,Financial Services,Credit Services,17.360000610351562,-7.413330078124999,-0.0307220668468653,39.53943342733122,US
KLC,"KinderCare Learning Companies, Inc.",Consumer Defensive,Education & Training Services,4.929999828338623,-5.55555504806601,-0.0083066228976892,56.43557373950627,US
KLIC,"Kulicke and Soffa Industries, Inc.",Technology,Semiconductor Equipment & Materials,101.33000183105467,4.227525775299345,0.0347366172936647,42.98337256568943,US
KMAR,Innovator U.S. Small Cap Power Buffer ETF - March,ETF,ETF,31.933900833129883,-0.3249184474164587,-0.0061160553089206,50.29309937828681,US
KMAY,Innovator U.S. Small Cap Power Buffer ETF - May,ETF,ETF,30.094200134277344,-0.4393395034583354,-0.0061163445868984,47.92987609748503,US
KMB,Kimberly-Clark Corporation,Consumer Defensive,Household & Personal Products,109.6999969482422,1.2459607689275,0.1499284800114526,55.54119625441659,US
KMCA,PLUS Korea Manufacturing Core Alliance Index ETF,ETF,ETF,17.23550033569336,-1.847944989283112,-0.0019961800319492,37.48528587333113,US
KMDA,Kamada Ltd.,Healthcare,Drug Manufacturers - Specialty & Generic,7.059999942779541,0.1418404506970006,0.0036516449273358,43.75919928184931,US
KMI,"Kinder Morgan, Inc.",Energy,Oil & Gas Midstream,32.86000061035156,1.7337504226578375,0.0133579320024693,57.16811100061967,US
KMLI,KraneShares 2x Long MELI Daily ETF,ETF,ETF,9.300000190734863,-1.795143310458242,-0.017888994159613,53.400246504530905,US
KMPR,Kemper Corporation,Financial Services,Insurance - Property & Casualty,28.809999465942383,2.81941111803166,0.0614844891983312,56.03384352915,US
KMTS,"Kestra Medical Technologies, Ltd.",Healthcare,Medical Instruments & Supplies,21.059999465942383,-13.75921621561881,-0.0106811304738839,39.14542105537167,US
KMX,"CarMax, Inc.",Consumer Cyclical,Auto & Truck Dealerships,58.290000915527344,1.6745143098053088,-0.0368734754291506,65.5836482389748,US
KNCT,Invesco Next Gen Connectivity E,ETF,ETF,188.4830017089844,0.5886416893102813,-0.0300679825025684,42.256561566057606,US
KNF,Knife River Corporation,Basic Materials,Building Materials,78.05999755859375,-4.467019418401286,0.0094446795642817,43.66874879754228,US
KNG,FT Cboe Vest S&P 500 Dividend Aristocrats Target Income ETF,ETF,ETF,50.7599983215332,0.123385716707508,0.0349065374565179,57.52529727788342,US
KNGZ,First Trust S&P 500 Diversified Dividend Aristocrats ETF,ETF,ETF,40.630401611328125,0.1118702177643739,0.0168230189133946,52.65217266303404,US
KNOW,Fundamentals First ETF,ETF,ETF,12.9350004196167,-0.5382521661533105,0.0004107400735439,51.47650687447459,US
KNRG,Simplify Kayne Anderson Energy and Infrastructure Credit ETF,ETF,ETF,25.69510078430176,-0.4413159397485055,-0.0035859031215344,46.122851147990126,US
KNSA,"Kiniksa Pharmaceuticals International, plc",Healthcare,Drug Manufacturers - Specialty & Generic,62.84000015258789,-1.735731973587144,-0.0055301609130213,55.868040058005285,US
KNSL,"Kinsale Capital Group, Inc.",Financial Services,Insurance - Property & Casualty,349.1000061035156,1.4855129550888833,0.93274766705252,57.52279616775612,US
KNTK,Kinetik Holdings Inc.,Energy,Oil & Gas Midstream,50.43000030517578,0.2983323976146761,-0.0995277090689347,55.76333073900788,US
KO,The Coca-Cola Company,Consumer Defensive,Beverages - Non-Alcoholic,82.25,0.8460059613299318,0.0361756686050276,51.04915032910766,US
KOD,Kodiak Sciences Inc.,Healthcare,Biotechnology,41.40999984741211,-2.884614352351353,-0.0722660182012384,55.878035891597705,US
KODK,Eastman Kodak Company,Industrials,Specialty Business Services,8.229999542236328,7.4412494279198995,0.0258152487407042,43.32906069198457,US
KOID,KraneShares Global Humanoid Robotics and Physical AI Index ETF,ETF,ETF,35.97999954223633,-1.55950672153847,-0.0201714955455644,36.76111747005464,US
KOKU,Xtrackers MSCI Kokusai Equity ETF,ETF,ETF,128.95599365234375,-0.5636670040722814,-0.1039825420998332,47.44044389121465,US
KOMP,State Street SPDR S&P Kensho New Economies Composite ETF,ETF,ETF,65.41000366210938,-0.6681774065410735,-0.0238003458310287,39.03083323652359,US
KONG,Formidable Fortress ETF,ETF,ETF,31.090700149536133,-0.928238545120021,0.0040905198250428,47.88173357521679,US
KOOL,North Shore Equity Rotation ETF,ETF,ETF,14.110400199890137,-0.6589712054015939,-0.0108100312913718,42.93164026194541,US
KOP,Koppers Holdings Inc.,Basic Materials,Specialty Chemicals,50.220001220703125,2.1978059513004284,-0.0683549234769542,66.82351312617962,US
KOPN,Kopin Corporation,Technology,Electronic Components,3.5799999237060547,-6.036745998103415,-0.0121999279065385,41.99256067481057,US
KORP,American Century Diversified Corporate Bond ETF,ETF,ETF,45.87810134887695,-1.0394720775025352,-0.0033472681060511,32.57308084807664,US
KORU,KORU,N/A,N/A,17.850000381469727,-2.245344152644712,-0.0027449108174337,37.675127166631206,US
KOS,Kosmos Energy Ltd.,Energy,Oil & Gas E&P,2.630000114440918,17.41071889481068,-0.0009706398670643,56.843660132651294,US
KPDD,KraneShares 2x Long PDD Daily ETF,ETF,ETF,5.300600051879883,-3.8352690280256017,-0.0219609723233691,44.95888851418381,US
KPRO,KraneShares 100% KWEB Defined Outcome January 2027 ETF,ETF,ETF,26.854999542236328,-0.4079384747973216,-0.0093567580514093,49.018398021296406,US
KR,The Kroger Co.,Consumer Defensive,Grocery Stores,56.869998931884766,-3.3152002262098628,-0.0125427431672615,42.1422148714027,US
KRAQ,KRAKacquisition Corp.,Financial Services,Shell Companies,9.989999771118164,0.1002026988028806,0.0001697370089796,49.75520367343031,US
KRC,Kilroy Realty Corporation,Real Estate,REIT - Office,39.41999816894531,-2.0621163504464284,0.0189774090842886,58.33159770154983,US
KRE,State Street SPDR S&P Regional Banking ETF,ETF,ETF,75.7300033569336,-1.2517916989325018,-0.0101178896203173,56.44854708651187,US
KREF,KKR Real Estate Finance Trust Inc.,Real Estate,REIT - Mortgage,7.340000152587891,0.6858736762208961,-0.0024999263211855,54.3173707696638,US
KRG,Kite Realty Group Trust,Real Estate,REIT - Retail,29.309999465942383,-1.0465947485065594,-0.0130089056501724,58.74140289624872,US
KRMN,Karman Holdings Inc.,Industrials,Aerospace & Defense,47.43999862670898,2.750705020858967,-0.0091622810686375,45.55310560841604,US
KRNT,Kornit Digital Ltd.,Industrials,Specialty Industrial Machinery,15.229999542236328,1.364392205729104,0.0206476674714959,44.94227430290538,US
KRNY,Kearny Financial Corp.,Financial Services,Banks - Regional,9.399999618530272,-1.0526355944181742,0.0004596657947074,55.75499960787752,US
KRO,"Kronos Worldwide, Inc.",Basic Materials,Specialty Chemicals,6.610000133514404,0.4559302455349054,-0.0178760239952729,51.61989549546969,US
KRP,"Kimbell Royalty Partners, LP",Energy,Oil & Gas E&P,14.9399995803833,-0.2670224504363092,-0.0154069863829276,51.57205056121574,US
KRSP,Rice Acquisition Corporation 3,Financial Services,Shell Companies,10.460000038146973,-0.7590125616280361,-0.0033957988154257,43.23872996952625,US
KRT,Karat Packaging Inc.,Consumer Cyclical,Packaging & Containers,39.52000045776367,3.754266997761156,-0.0134772829852942,84.74612713715996,US
KRUS,"Kura Sushi USA, Inc.",Consumer Cyclical,Restaurants,44.16999816894531,-5.407434505581083,0.0439644439104001,33.68811510058838,US
KRYP,ProShares CoinDesk 20 Crypto ETF,EQUITY,EQUITY,17.90999984741211,-0.3338868571786417,-0.038469314716338,47.841670085494606,US
KSA,iShares MSCI Saudi Arabia ETF,ETF,ETF,37.06999969482422,0.7610730424817701,0.0124504855593315,42.851194357104646,US
KSEP,Innovator U.S. Small Cap Power Buffer ETF - September,ETF,ETF,30.940000534057617,0.0226294551277327,-0.0001175366452173,60.74925635947636,US
KSLV,Kurv Silver Enhanced Income ETF,ETF,ETF,24.09000015258789,2.9699297527142923,0.0071826006068465,42.01979982716613,US
KSS,Kohl's Corporation,Consumer Cyclical,Department Stores,17.940000534057617,3.6994296255576793,-0.0230265720081846,54.8816287725472,US
KTB,"Kontoor Brands, Inc.",Consumer Cyclical,Apparel Manufacturing,83.54000091552734,-2.372325331934834,-0.0938156272176589,52.35514283298773,US
KURE,KraneShares MSCI All China Health Care Index ETF,ETF,ETF,17.211200714111328,2.101206358100201,-0.0422960077991211,56.08658008040179,US
KVUE,Kenvue Inc.,Consumer Defensive,Household & Personal Products,19.280000686645508,1.5806172373270349,0.023189935348569,57.60598032689346,US
KVYO,"Klaviyo, Inc.",Technology,Software - Application,16.399999618530273,-7.187325706169652,-0.0308701251912226,49.89515199116121,US
KWEB,KraneShares CSI China Internet ETF,ETF,ETF,26.290000915527344,-1.939569417282571,-0.0495344998848701,49.73818379057356,US
KWIN,KraneShares Wahed Alternative Income Index ETF,ETF,ETF,25.663000106811523,0.027283947010263,0.0008286144311936,52.60080501564605,US
KWT,iShares MSCI Kuwait ETF,ETF,ETF,35.92399978637695,-1.035811180678253,0.0055933486532239,37.59520085319169,US
KXI,iShares Global Consumer Staples ETF,ETF,ETF,67.94999694824219,-1.891431053397278,-0.0126181885713103,48.77929899395436,US
KYTX,"Kyverna Therapeutics, Inc.",Healthcare,Biotechnology,7.409999847412109,-0.5369122533839757,0.0247720397458908,40.16756787403907,US
L,Loews Corporation,Financial Services,Insurance - Property & Casualty,117.9000015258789,3.014420855945428,0.1825640427607402,67.08975586023686,US
LABD,Direxion Daily S&P Biotech Bear 3X Shares,ETF,ETF,8.770000457763672,7.081818157470851,0.011077212969298,47.3701341552456,US
LABU,Direxion Daily S&P Biotech Bull 3X Shares,ETF,ETF,245.6000061035156,-7.516189049020499,-0.1802303577301138,46.41403381531859,US
LAC,Lithium Americas Corp.,Basic Materials,Other Industrial Metals & Mining,2.809999942779541,-4.745766191227699,0.0013575273314902,24.00214208752688,US
LAD,"Lithia Motors, Inc.",Consumer Cyclical,Auto & Truck Dealerships,340.95001220703125,1.691127847881778,-0.0168976906293476,65.78919287019892,US
LADR,Ladder Capital Corp,Real Estate,REIT - Mortgage,9.770000457763672,-2.689238098757156,0.0039907562570641,47.21326340056826,US
LAES,SEALSQ Corp,Technology,Semiconductors,2.430000066757202,-4.330704596372359,-0.002491417251168,33.342689803975944,US
LAR,Lithium Argentina AG,Basic Materials,Other Industrial Metals & Mining,5.849999904632568,-8.018871354960497,0.0008953788387808,27.6834990123167,US
LAUR,"Laureate Education, Inc.",Consumer Defensive,Education & Training Services,37.0,1.5089141990355148,0.0775038600844898,49.84720299767787,US
LAZ,LAZ,N/A,N/A,44.34999847412109,2.757179404346864,0.0430683888104816,54.474488554064216,US
LB,LandBridge Company LLC,Energy,Oil & Gas Equipment & Services,76.33000183105469,-1.7252431691525312,-0.1083017011912166,54.48620193078645,US
LBAY,Leatherback Long/Short Alternative Yield ETF,ETF,ETF,26.523099899291992,2.169109532658424,0.019603032956212,64.18561394707083,US
LBO,WHITEWOLF Publicly Listed Private Equity ETF,ETF,ETF,24.32099914550781,-4.4586747987734405,-0.0342718230485086,45.2633061703111,US
LBRDA,Liberty Broadband Corporation,Communication Services,Telecom Services,28.8700008392334,-6.448476123654534,-0.067324472155598,36.61349407235838,US
LBRT,Liberty Energy Inc.,Energy,Oil & Gas Equipment & Services,17.360000610351562,-27.181205959568373,-0.3266358277894838,22.265726226077163,US
LBRX,LB Pharmaceuticals Inc,Healthcare,Biotechnology,35.0099983215332,11.461313249314454,0.0693925226089038,62.442866502348245,US
LCF,Touchstone US Large Cap Focused ETF,ETF,ETF,43.25299835205078,-3.321487100168314,-0.0740391499227591,42.95699780652068,US
LCO,Logiq Contrarian Opportunities ETF,ETF,ETF,26.400999069213867,2.963996331547037,0.0218841640374189,47.57311660167161,US
LCOW,Pacer S&P 500 Quality FCF Aristocrats ETF,ETF,ETF,25.48069953918457,-1.443879287716613,-0.0129018550430699,48.683875639761126,US
LCR,Leuthold Core ETF,ETF,ETF,39.43880081176758,0.1747571291577851,0.0026361809665648,48.30269496571109,US
LCTD,iShares World ex U.S. Carbon Transition Readiness Aware Active ETF,ETF,ETF,57.62620162963867,-0.159043759967911,-0.0086845686666539,49.62317040300662,US
LDEM,iShares ESG MSCI EM Leaders ETF,ETF,ETF,58.24409866333008,-0.7123863733980167,-0.0484079668583843,41.937960427690086,US
LDI,"loanDepot, Inc.",Financial Services,Mortgage Finance,1.0099999904632568,-7.339453253719029,0.0010821255429734,36.683560945278856,US
LDP,"Cohen & Steers Limited Duration Preferred and Income Fund, Inc.",Financial Services,Asset Management,20.59000015258789,-1.9990484137005549,-0.0162442517628908,36.91147001524157,US
LDRC,iShares iBonds 1-5 Year Corporate Ladder ETF,ETF,ETF,25.0,-0.3984078882466975,-0.0015726205136686,41.27857430866536,US
LDRH,iShares iBonds 1-5 Year High Yield and Income Ladder ETF,ETF,ETF,24.45499992370605,-0.4072505812539052,-0.0022108343754007,40.26120197021625,US
LDRI,iShares iBonds 1-5 Year TIPS Ladder ETF,ETF,ETF,24.915000915527344,-0.3798453118156548,-0.0017670352906715,42.91457571938181,US
LDRX,SGI Enhanced Market Leaders ETF,ETF,ETF,34.97629928588867,-1.3668516660269574,-0.0282890394033298,42.99144413799512,US
LDSF,First Trust Low Duration Strategic Focus ETF,ETF,ETF,18.770000457763672,-0.4029572395723745,-0.001244025790035,43.61903352906506,US
LEA,Lear Corporation,Consumer Cyclical,Auto Parts,143.60000610351562,1.3265628468946555,-0.0477772378703755,59.11345760617377,US
LEG,"Leggett & Platt, Incorporated",Consumer Cyclical,"Furnishings, Fixtures & Appliances",11.15999984741211,1.1786048738724615,0.0393525873820029,54.000947379476806,US
LEGH,Legacy Housing Corporation,Consumer Cyclical,Residential Construction,26.489999771118164,-1.1198250621757186,0.0114000788410918,57.24044336583989,US
LEGN,Legend Biotech Corporation,Healthcare,Biotechnology,22.21999931335449,-0.1796986303506119,0.0148154002061238,31.02410000692028,US
LEMB,iShares J.P. Morgan EM Local Currency Bond ETF,ETF,ETF,42.095001220703125,-0.4375533678689158,0.0001790139255078,43.41439701751412,US
LEN,Lennar Corporation,Consumer Cyclical,Residential Construction,84.63999938964844,0.8940279001748876,0.2105353250051027,47.36251582044157,US
LEND,SEI High Yield Bond & Alternative Credit ETF,ETF,ETF,25.045000076293945,0.0199646988171696,-0.0050653478713474,55.91357090261737,US
LEO,"BNY Mellon Strategic Municipals, Inc.",Financial Services,Asset Management,6.21999979019165,-2.5078420278882465,-0.0030891411328161,33.617108987373186,US
LEUX,Tradr 2X Long LEU Daily ETF,ETF,ETF,11.270000457763672,8.4696832084944,-0.0382708413172941,45.91606514346936,US
LEXI,Alexis Practical Tactical ETF,ETF,ETF,39.930301666259766,-0.0968252947182541,-0.0021997889463029,46.26154021354269,US
LFAI,LifeX 2050 Longevity Income ETF,ETF,ETF,146.36700439453125,-1.0652675978939707,-0.0326108308357601,33.50028855475976,US
LFAO,LifeX 2055 Longevity Income ETF,ETF,ETF,159.5229949951172,-1.091255565480017,-0.0309091806935958,33.20248561852121,US
LFAW,LifeX 2060 Longevity Income ETF,ETF,ETF,170.19000244140625,-1.107515966464639,-0.0276197849534824,32.98849748818961,US
LFBE,LifeX 2065 Longevity Income ETF,ETF,ETF,179.26199340820312,-1.1257400243210811,-0.0228779529554651,32.708215540312935,US
LFEQ,VanEck Long/Flat Trend ETF,ETF,ETF,58.7510986328125,-0.7532475867916628,-0.02429646155467,44.657734209962,US
LFST,"LifeStance Health Group, Inc.",Healthcare,Medical Care Facilities,10.899999618530272,-5.872196111018233,-0.019161643282099,58.27368292515967,US
LFTO,"Liftoff Mobile, Inc.",Communication Services,Advertising Agencies,22.13999938964844,-2.078731570170519,0.004342705871263,38.48091585967566,US
LGH,HCM Defender 500 Index ETF,ETF,ETF,62.77510070800781,-1.0324761059705214,-0.0426454726486224,43.9179688216195,US
LGHT,Langar Global Healthtech ETF,ETF,ETF,8.203399658203125,-3.557487919022216,-0.000731940040979,40.249313686878246,US
LGIH,"LGI Homes, Inc.",Consumer Cyclical,Residential Construction,60.15999984741211,2.872777562117499,0.197217353010114,56.50073192561271,US
LGND,Ligand Pharmaceuticals Incorporated,Healthcare,Biotechnology,300.5299987792969,-0.9426862227007556,0.0711735211488413,54.9276485100813,US
LGOV,First Trust Long Duration Opportunities ETF,ETF,ETF,20.8799991607666,-1.562588375210763,-0.0009513496947567,36.25910032518341,US
LH,Labcorp Holdings Inc.,Healthcare,Diagnostics & Research,296.7699890136719,4.73249730214084,0.6869651587457435,71.23701431311933,US
LHX,"L3Harris Technologies, Inc.",Industrials,Aerospace & Defense,300.2099914550781,6.453665139254775,0.8282101078909898,56.45472711695184,US
LIAE,LifeX 2050 Inflation-Protected Longevity Income ETF,ETF,ETF,202.98800659179688,-0.7873901824202377,-0.0558539972201912,32.50415853261261,US
LIAM,LifeX 2055 Inflation-Protected Longevity Income ETF,ETF,ETF,230.19200134277344,-1.238212765957447,-0.0005586252017938,34.17353603902173,US
LIAU,LifeX 2060 Inflation-Protected Longevity Income ETF,ETF,ETF,254.2220001220703,-0.7976052847311834,-0.0579197636398312,32.88400764091506,US
LIBD,LifeX 2065 Inflation-Protected Longevity Income ETF,ETF,ETF,270.0820007324219,-1.264168934882559,0.0277069237554794,34.71492569935562,US
LIF,"Life360, Inc.",Technology,Software - Application,48.86000061035156,-9.165272766806474,-0.1728661712481751,42.177932981262565,US
LIFE,Ethos Technologies Inc.,Financial Services,Insurance Brokers,18.5,-0.8042875152728515,-0.0336766270094565,48.93568390850889,US
LIFT,LIFT,N/A,N/A,23.36100006103516,-0.0898122849827823,-0.0020297171051684,49.66896840825351,US
LII,LII,N/A,N/A,541.1300048828125,-0.5147698841159014,0.6366572748340884,50.00818861765005,US
LILA,Liberty Latin America Ltd.,Communication Services,Telecom Services,7.519999980926514,2.4523136866033965,0.0067766987297793,62.98053667450858,US
LIMI,Themes Lithium & Battery Metal Miners ETF,ETF,ETF,38.82500076293945,-3.092548019588029,0.0591765119032796,27.8363972903243,US
LIN,Linde plc,Basic Materials,Specialty Chemicals,512.280029296875,-0.1831459140146583,0.5474944569814753,46.84011272810153,US
LINC,Lincoln Educational Services Corporation,Consumer Defensive,Education & Training Services,40.5099983215332,-5.681030030415438,0.1236218589309219,31.92633750965324,US
LIND,"Lindblad Expeditions Holdings, Inc.",Consumer Cyclical,Travel Services,26.850000381469727,-2.9634972626066127,-0.0536592551776174,54.67811050694521,US
LION,Lionsgate Studios Corp.,EQUITY,EQUITY,13.34000015258789,-3.890489606633396,0.0014352929182598,42.54940915999147,US
LITE,Lumentum Holdings Inc.,Technology,Communication Equipment,762.989990234375,4.116970416830918,-3.549265865311962,45.90524716382311,US
LITL,Simplify Piper Sandler US Small-Cap PLUS Income ETF,ETF,ETF,33.68709945678711,-1.9869057210360748,-0.0170024885441914,50.45888869271233,US
LITU,T-Rex 2X Long Lite Daily Target ETF,ETF,ETF,15.869999885559082,6.012021392628219,-0.1623589231495199,42.90121849064202,US
LITZ,Tradr 2X Short LITE Daily ETF,ETF,ETF,16.639999389648438,-12.696747870419172,0.1342827633975616,48.43377530252068,US
LIVN,LivaNova PLC,Healthcare,Medical Devices,78.19000244140625,-3.1102783169195773,0.0070746927238558,44.55232749082983,US
LKFN,Lakeland Financial Corporation,Financial Services,Banks - Regional,61.11000061035156,-2.5047857166244727,-0.0390505214148744,49.197086148571,US
LKOR,FlexShares Credit-Scored US Long Corporate Bond Index Fund,ETF,ETF,40.2333984375,-1.8912932641740952,-0.0003210023398891,27.939951225822696,US
LKQ,LKQ Corporation,Consumer Cyclical,Auto Parts,25.81999969482422,1.7336507037312563,0.061847589824777,51.50946623325213,US
LLY,Eli Lilly and Company,Healthcare,Drug Manufacturers - General,1196.030029296875,1.4349843657941403,1.9951352056692075,57.00822084233201,US
LLYX,Defiance Daily Target 2X Long LLY ETF,ETF,ETF,27.149999618530277,2.336972920610803,0.0910842219319758,55.50272583845085,US
LMAT,"LeMaitre Vascular, Inc.",Healthcare,Medical Instruments & Supplies,95.58999633789062,-5.943128090878906,-0.2548278911270386,42.450316589797154,US
LMBS,First Trust Low Duration Opportunities ETF,ETF,ETF,49.39469909667969,-0.4419191142549592,-0.0035584650134805,42.230077201567696,US
LMND,"Lemonade, Inc.",Financial Services,Insurance - Property & Casualty,60.13999938964844,-10.479310633443028,-0.2004754253672649,41.67157462066062,US
LMNX,Defiance Daily Target 2X Long LMND ETF,ETF,ETF,13.234299659729004,-21.620968431544934,-0.0909297482946606,40.01054410750504,US
LMT,Lockheed Martin Corporation,Industrials,Aerospace & Defense,582.5999755859375,14.511466510710724,3.129329815255751,71.64612009854906,US
LMTL,Direxion Daily LMT Bull 2X ETF,ETF,ETF,39.22999954223633,29.69881270431543,0.3889867476616061,70.96517227200931,US
LNC,Lincoln National Corporation,Financial Services,Insurance - Life,41.36000061035156,-2.083335779230907,-0.0651444006579715,63.74204540802487,US
LNG,"Cheniere Energy, Inc.",Energy,Oil & Gas Midstream,269.7200012207031,2.7113461354531854,-0.1489491559489657,64.9955919334042,US
LNN,Lindsay Corporation,Industrials,Farm & Heavy Construction Machinery,113.95999908447266,-1.3674933516833234,0.1030620766841791,46.72734726028885,US
LNOK,Defiance Daily Target 2x Long NOK ETF,ETF,ETF,28.36000061035156,-21.178429763290502,-0.1402710621278746,29.755018373085434,US
LNT,Alliant Energy Corporation,Utilities,Utilities - Regulated Electric,74.94000244140625,0.1603885953909361,0.0865201424003395,50.44969794300599,US
LNTH,"Lantheus Holdings, Inc.",Healthcare,Drug Manufacturers - Specialty & Generic,104.81999969482422,-2.574585683939539,0.0317327405896235,50.49407514372126,US
LOAR,Loar Holdings Inc.,Industrials,Aerospace & Defense,70.88999938964844,1.2859002048131136,0.1573662867665145,48.17658230522437,US
LOB,"Live Oak Bancshares, Inc.",Financial Services,Banks - Regional,42.08000183105469,-0.941614207843711,-0.0080270490214243,56.152415323369645,US
LOCO,"El Pollo Loco Holdings, Inc.",Consumer Cyclical,Restaurants,15.93000030517578,-3.978299224482861,0.0130820775900371,48.96139835990503,US
LODI,AAM SLC Low Duration Income ETF,ETF,ETF,25.184999465942383,-0.1387781457772532,-0.0011167450794984,53.6800861491534,US
LOGC,ContextLogic Holdings Inc.,Consumer Cyclical,Internet Retail,9.350000381469728,1.6304410360261885,-0.0017398082156616,58.319488420699,US
LOGO,Alpha Brands Consumption Leaders ETF,ETF,ETF,20.00469970703125,-0.9766357813775473,-0.0041983358629281,39.20283627114822,US
LONZ,PIMCO Senior Loan Active Exchange-Traded Fund,ETF,ETF,49.2150993347168,0.0306881535431132,-0.0001325434378762,62.24777268901845,US
LOT,Lotus Technology Inc.,Consumer Cyclical,Auto Manufacturers,0.8740000128746033,-14.313722625689836,0.0008800950476063,28.098786652014624,US
LOUP,Innovator Deepwater Frontier Tech ETF,ETF,ETF,85.97000122070312,-1.1384520172405368,-0.0233608968315076,37.238685310871496,US
LOW,"Lowe's Companies, Inc.",Consumer Cyclical,Home Improvement Retail,207.63999938964844,0.0925834118653288,0.4503174379976511,45.59360250562631,US
LOWV,AB US Low Volatility Equity ETF,ETF,ETF,80.88130187988281,-0.2758171108954861,-0.0159682595519251,54.82589802639484,US
LPG,Dorian LPG Ltd.,Energy,Oil & Gas Midstream,45.31999969482422,10.455766617502348,-0.0186251490251814,65.10990649385428,US
LPLA,LPL Financial Holdings Inc.,Financial Services,Capital Markets,328.70001220703125,1.1695963009951886,-0.3121423458010763,63.868233418685946,US
LPRE,Long Pond Real Estate Select ETF,ETF,ETF,30.20770072937012,-0.4360561059736474,0.0220258409991366,55.06548470354858,US
LPTH,"LightPath Technologies, Inc.",Technology,Electronic Components,10.829999923706056,3.537283787855788,-0.0394311634232766,40.91475749853343,US
LPX,Louisiana-Pacific Corporation,Industrials,Building Products & Equipment,74.4800033569336,0.6758583094240138,0.2208470197310883,50.26377102792897,US
LQ,Simplify Tax Aware Alternatives ETF,ETF,ETF,23.853099822998047,0.1389593979760644,-0.0098950783708196,45.92490118518348,US
LQAI,LQAI,N/A,N/A,45.073001861572266,0.0843832891948816,0.0098020873246695,45.06454237451774,US
LQDA,Liquidia Corporation,Healthcare,Drug Manufacturers - Specialty & Generic,86.22000122070312,7.855890151992346,0.0479728309528009,62.36925434600765,US
LQDB,iShares BBB Rated Corporate Bond ETF,ETF,ETF,84.75469970703125,-0.9284782529401604,-0.0040306333366018,32.70478624017473,US
LQDH,iShares Interest Rate Hedged Corporate Bond ETF,ETF,ETF,92.27999877929688,-0.324047359931225,-0.0056781556750217,34.75313499561739,US
LQDI,iShares Inflation Hedged Corporate Bond ETF,ETF,ETF,25.780000686645508,-1.0136689165382664,-0.0043828618591947,31.438542321825523,US
LQDT,"Liquidity Services, Inc.",Consumer Cyclical,Internet Retail,37.560001373291016,-4.959511795976248,-0.0468739464980882,44.61928441211688,US
LQID,Kurv Enhanced Short Maturity ETF,ETF,ETF,24.959999084472656,0.0,-0.0016780651499384,60.98210935811172,US
LRCU,Tradr 2X Long LRCX Daily ETF,ETF,ETF,52.209999084472656,-5.724091589929007,0.0665709824084013,40.11607895195688,US
LRCX,Lam Research Corporation,Technology,Semiconductor Equipment & Materials,305.2099914550781,-2.582188526364247,0.023707873674243,41.15383219511569,US
LRGF,iShares U.S. Equity Factor ETF,ETF,ETF,75.25,-0.4761282997559926,-0.0302193035152029,47.64235907097275,US
LRGG,Nomura Focused Large Growth ETF,ETF,ETF,27.812700271606445,-2.123099967727576,-0.0183404945599912,45.9532569901052,US
LSAK,"Lesaka Technologies, Inc.",Technology,Software - Infrastructure,4.519999980926514,-5.241090167707728,-0.0119854865295203,36.39005010333625,US
LSAT,LeaderShares AlphaFactor Tactical Focused ETF,ETF,ETF,45.66569900512695,-0.3171766960647024,0.0127701936332085,62.60239657552447,US
LSGR,Natixis Loomis Sayles Focused Growth ETF,ETF,ETF,40.81999969482422,-4.290742709456389,-0.0643576649400598,32.82699408284543,US
LST,Leuthold Select Industries ETF,ETF,ETF,45.86949920654297,0.568951091249297,0.016422991675335,48.23161658085566,US
LSTR,"Landstar System, Inc.",Industrials,Integrated Freight & Logistics,200.27999877929688,-5.331820244596459,-0.6423533265588559,39.1947900281904,US
LSVD,LSV Disciplined Value ETF,ETF,ETF,34.34880065917969,-0.5506841471883963,-0.009898533668551,47.59253439706615,US
LTAX,Nomura Tax-Free USA ETF,ETF,ETF,24.691999435424805,-1.5470513933873866,-0.0128445385596534,26.431062360847903,US
LTC,"LTC Properties, Inc.",Real Estate,REIT - Healthcare Facilities,42.18000030517578,1.4864415625038434,-0.0366883363267673,71.67637685216602,US
LTCC,Canary Litecoin ETF,ETF,ETF,11.255000114440918,2.374019185386594,-0.025946498142585,53.06782040392234,US
LTL,ProShares Ultra Communication Services,ETF,ETF,22.16629981994629,-8.441550358575252,-0.0672631783136833,35.35022819645418,US
LTPZ,PIMCO 15+ Year U.S. TIPS Index Exchange-Traded Fund,ETF,ETF,48.290000915527344,-1.8296355688307815,0.0008470309513838,32.00267876041096,US
LUCK,Lucky Strike Entertainment Corporation,Consumer Cyclical,Leisure,6.880000114440918,-7.15249316983846,-0.0068222603051817,36.44842625961454,US
LULG,Leverage Shares 2X Long LULU Daily ETF,ETF,ETF,5.973400115966797,-4.118778528428488,0.0002526534552645,43.43795108201824,US
LUNL,Defiance Daily Target 2X Long LUNR ETF,ETF,ETF,3.309999942779541,-9.809267739251414,-0.0004725698269849,30.429390510807774,US
LUNR,"Intuitive Machines, Inc.",Industrials,Aerospace & Defense,12.920000076293944,-4.4378724937482135,0.0007070419998944,27.918143536629827,US
LUV,Southwest Airlines Co.,Industrials,Airlines,45.08000183105469,-6.23960042793158,-0.0687806307641172,39.66911629173501,US
LVHD,Franklin U.S. Low Volatility High Dividend Index ETF,ETF,ETF,45.38209915161133,0.9163840776559352,0.0305896833585543,61.20035071105055,US
LVHI,Franklin International Low Volatility High Dividend Index ETF,ETF,ETF,42.45000076293945,1.4821871975737688,0.004687086587909,70.98799942036787,US
LVS,Las Vegas Sands Corp.,Consumer Cyclical,Resorts & Casinos,46.08000183105469,1.5873042570877176,0.0399938248530986,44.68529472850104,US
LW,"Lamb Weston Holdings, Inc.",Consumer Defensive,Packaged Foods,49.58000183105469,5.96281440678809,0.0672023796781117,67.82598198386451,US
LWAY,"Lifeway Foods, Inc.",Consumer Defensive,Packaged Foods,30.440000534057617,-4.726135188808406,-0.0309031792987555,55.60884529284154,US
LWLG,"Lightwave Logic, Inc.",Basic Materials,Specialty Chemicals,6.050000190734863,-2.889242821629915,-0.0214892416633569,36.32625099866865,US
LXFR,Luxfer Holdings PLC,Industrials,Specialty Industrial Machinery,17.049999237060547,3.270738950288211,0.0290690221069594,50.10679763999066,US
LXU,"LSB Industries, Inc.",Basic Materials,Chemicals,12.239999771118164,7.462681318475216,0.0121531398123451,62.80192919657119,US
LYFT,"Lyft, Inc.",Technology,Software - Application,14.199999809265137,-8.505158566784852,-0.0314806239126622,41.759512093614575,US
LYLD,Cambria LargeCap Shareholder Yield ETF,ETF,ETF,31.776599884033203,0.7629394701059263,-0.0005487616977173,68.67811522289705,US
LYV,"Live Nation Entertainment, Inc.",Communication Services,Entertainment,177.24000549316406,-1.6535321869683408,0.0204502463252178,49.56630553621538,US
LZB,La-Z-Boy Incorporated,Consumer Cyclical,"Furnishings, Fixtures & Appliances",39.68000030517578,-0.4765453518912412,0.0351440833922009,53.55475613359127,US
M,"Macy's, Inc.",Consumer Cyclical,Department Stores,23.3799991607666,-1.266896708373808,-0.0149843682945562,49.99458939061446,US
MA,Mastercard Incorporated,Financial Services,Credit Services,539.6599731445312,-0.7247981269975934,-0.057684312238079,58.98799716537579,US
MAAS,Maase Inc.,Financial Services,Asset Management,16.75,-15.23279450413328,-0.0898710946424248,51.88489740293291,US
MAAY,GraniteShares YieldBOOST MARA ETF,ETF,ETF,6.034999847412109,2.288131353602468,-0.0039950702690456,46.67529325490645,US
MAC,The Macerich Company,Real Estate,REIT - Retail,25.82999992370605,-0.3472228098880426,0.0221190560857399,60.82394159481826,US
MADE,iShares U.S. Manufacturing ETF,ETF,ETF,37.150001525878906,1.7362326259212637,0.0294672650631543,47.64639255405302,US
MAGA,Point Bridge America First ETF,ETF,ETF,57.00920104980469,0.6216346526425246,0.0331463088599505,62.16483729942446,US
MAGG,Madison Aggregate Bond ETF,ETF,ETF,19.959999084472656,-0.844511094790683,-0.0011408930614264,34.08475525318744,US
MAGN,Magnera Corporation,Consumer Defensive,Household & Personal Products,13.710000038146973,0.7347566788560869,0.0029223535847346,61.65822146855496,US
MAGS,Roundhill Magnificent Seven ETF,ETF,ETF,63.150001525878906,-5.619491750767501,-0.1676521223262407,37.74287998943312,US
MAIN,Main Street Capital Corporation,Financial Services,Asset Management,53.470001220703125,-3.431457012522225,-0.063343231739997,55.67819292755776,US
MAKX,ProShares S&P Kensho Smart Factories ETF,ETF,ETF,64.38999938964844,-0.247875529891269,-0.0128216071342895,42.17805924279615,US
MAMA,"Mama's Creations, Inc.",Consumer Defensive,Packaged Foods,17.739999771118164,3.139528978058173,0.0579013915668308,52.29912343803639,US
MAMB,Monarch Ambassador Income ETF,ETF,ETF,23.64550018310547,-0.6867144023207022,0.0002091126472044,35.2946076907769,US
MAN,ManpowerGroup Inc.,Industrials,Staffing & Employment Services,51.33000183105469,-1.9296872728099617,-0.1892207753523034,72.02487509455958,US
MANE,"Veradermics, Incorporated",Healthcare,Biotechnology,109.51000213623048,-1.625941038048624,-0.0038496506570031,48.6334078012252,US
MANH,"Manhattan Associates, Inc.",Technology,Software - Application,151.6699981689453,-7.059258594347543,-0.2429988017640605,50.84091215875345,US
MANI,Man Active Income ETF,EQUITY,EQUITY,25.69499969482422,-0.101088510881401,-0.0024408562903222,66.00608227147997,US
MANU,MANU,N/A,N/A,22.670000076293945,1.979309685641826,0.0300078435782972,56.33295786845142,US
MAR,"Marriott International, Inc.",Consumer Cyclical,Lodging,374.4299926757813,2.23623925835217,0.6547450114958555,51.3875322825763,US
MARA,"MARA Holdings, Inc.",Financial Services,Capital Markets,12.119999885559082,13.376991218969788,0.0077424214317397,46.21318614124239,US
MARO,YieldMax MARA Option Income Strategy ETF,ETF,ETF,5.079999923706055,9.391499227377048,0.0024549920931031,45.76667288091952,US
MARS,Roundhill Space & Technology ETF,ETF,ETF,23.46999931335449,-3.811476720145128,0.009579061362424,29.27521583924552,US
MART,Allianzim U.S. Equity Buffer10 Mar ETF,ETF,ETF,41.810001373291016,-0.3337291706848295,-0.011142902959383,47.55335026781192,US
MARU,AllianzIM U.S. Equity Buffer15 Uncapped Mar ETF,ETF,ETF,29.314699172973636,-0.6887339199517083,-0.0104903513274108,44.261614131965416,US
MARW,Allianzim U.S. Equity Buffer20 Mar ETF,ETF,ETF,36.09700012207031,-0.4495262189962464,-0.0100812182464653,48.97751906414194,US
MAT,"Mattel, Inc.",Consumer Cyclical,Leisure,14.34000015258789,0.279720009227299,-0.0080425379119488,55.11539482571764,US
MATV,"Mativ Holdings, Inc.",Basic Materials,Specialty Chemicals,8.119999885559082,1.2468755871280135,0.0018574305649736,53.9912887031041,US
MATW,Matthews International Corporation,Industrials,Conglomerates,27.690000534057617,0.8375872441853649,0.0096835435235801,56.60022613054621,US
MATX,"Matson, Inc.",Industrials,Marine Shipping,210.57000732421875,-5.225486422850191,-0.6058063610740971,55.3285636799277,US
MAVF,Matrix Advisors Value ETF,ETF,ETF,134.16900634765625,-3.350382316073455,-0.1960853445091102,43.22190065672381,US
MAX,"MediaAlpha, Inc.",Communication Services,Internet Content & Information,13.130000114440918,-7.011329880609026,-0.0420514971007599,56.76866426590699,US
MAXI,Simplify Bitcoin Strategy ETF,ETF,ETF,9.119999885559082,-1.0846028044850826,-0.0373425741643345,47.893292168200325,US
MAYC,Corgi U.S. Equities 10% Structured Buffer ETF - May Series,ETF,ETF,25.549999237060547,-0.8152212342988965,-0.0115325212361967,44.7108768946074,US
MAYP,PGIM S&P 500 Buffer 12 ETF - May,ETF,ETF,32.34000015258789,-0.0926746378954183,-0.0069740055568774,47.303685458415245,US
MAYT,AllianzIM U.S. Equity Buffer10 May ETF,ETF,ETF,38.84479904174805,-0.3494008739914871,-0.0092460486545769,47.332931041491015,US
MAZE,"Maze Therapeutics, Inc.",Healthcare,Biotechnology,27.68000030517578,-1.5647244698646048,-0.0133251734531847,46.16837802571206,US
MBAV,M3-Brigade Acquisition V Corp.,Financial Services,Shell Companies,10.68000030517578,-1.793100642061782,-0.0086668936174782,40.11682878355278,US
MBBA,iShares Mortgage-Backed Securities Active ETF,ETF,ETF,48.89500045776367,-0.8315583508252604,0.0022113952039007,39.2758887963332,US
MBBB,VanEck Moody's Analytics BBB Corporate Bond ETF,ETF,ETF,20.95809936523437,-0.9635255862942737,0.0001889070924604,34.80570638326623,US
MBC,"MasterBrand, Inc.",Consumer Cyclical,"Furnishings, Fixtures & Appliances",8.5,-1.9607851764473463,0.0172700129428985,44.17426620983856,US
MBCE,Northern Lights Fund Trust IV - Monarch Blue Chips Elite Index ETF,ETF,ETF,36.92300033569336,0.4434222568086278,-0.0064595260162567,40.84141130261931,US
MBLY,Mobileye Global Inc.,Consumer Cyclical,Auto Parts,8.050000190734863,-12.689805232196417,-0.0145502081441064,40.4681163950762,US
MBND,State Street Nuveen Municipal Bond ETF,ETF,ETF,26.82509994506836,-0.9778523662881023,-0.002961365058927,27.126480554772343,US
MBS,Angel Oak Mortgage-Backed Securities ETF,ETF,ETF,8.5649995803833,-0.5226489905728016,-0.0002963076026301,38.89375468985601,US
MBSD,FlexShares Disciplined Duration MBS Index Fund,ETF,ETF,20.38999938964844,-0.5365883431783537,0.0010199753353732,39.35910412163831,US
MBSF,Regan Floating Rate MBS ETF,ETF,ETF,25.71999931335449,-0.1165075209534284,-0.0006299824823699,56.60378453879402,US
MBSX,MBSX,N/A,N/A,27.825000762939453,4.624935068027336,0.0402413473956794,54.99212907211498,US
MBUU,"Malibu Boats, Inc.",Consumer Cyclical,Recreational Vehicles,27.700000762939453,-1.6684391625189,-0.032321328504514,52.33082177605374,US
MBVI,M3-Brigade Acquisition Vi Corp.,Financial Services,Shell Companies,10.170000076293944,-0.0982340725152194,0.0001020597306636,53.97368463607717,US
MC,Moelis & Company,Financial Services,Capital Markets,67.0,-0.755446778391919,0.0318944697638913,50.490240442571725,US
MCB,Metropolitan Bank Holding Corp.,Financial Services,Banks - Regional,91.02999877929688,-7.536819094922071,-0.1201734099062967,39.14522685903775,US
MCCK,"Mestek, Inc.",Industrials,Building Products & Equipment,65.0,-8.450704225352112,-0.0289485929254385,36.61646211712875,US
MCD,McDonald's Corporation,Consumer Cyclical,Restaurants,264.760009765625,-1.101931860450615,0.164927610304336,41.484639089723984,US
MCDIF,Mcdermott International Ltd.,Industrials,Engineering & Construction,4.550000190734863,-24.16666348775228,0.1647054225040376,30.41043866871091,US
MCEM,The Monarch Cement Company,Basic Materials,Building Materials,275.0,-3.134904574788224,0.0130607079080504,43.64149211638561,US
MCFT,"MasterCraft Boat Holdings, Inc.",Consumer Cyclical,Recreational Vehicles,24.270000457763672,-2.842270206099026,-0.0087455866525757,50.569661392083546,US
MCH,Matthews China Active ETF,ETF,ETF,27.405500411987305,1.119847749913384,-0.0075667458597163,42.02464846035027,US
MCHI,iShares MSCI China ETF,ETF,ETF,53.33000183105469,0.7176601749573593,-0.0493933457179935,50.34450967469212,US
MCHP,Microchip Technology Incorporated,Technology,Semiconductors,78.86000061035156,-2.593871662387226,-0.1372481384020698,38.89764272081555,US
MCHS,Matthews China Innovators Active ETF,ETF,ETF,41.2849006652832,1.238111576998516,0.0922567732497852,37.96232883970225,US
MCK,McKesson Corporation,Healthcare,Medical Distribution,840.9000244140625,-0.0582358033544925,0.3617664034002015,62.18051622129365,US
MCO,Moody's Corporation,Financial Services,Financial Data & Stock Exchanges,471.5,-7.704652249182491,-1.3040541361676397,45.681188600476695,US
MCS,The Marcus Corporation,Communication Services,Entertainment,23.81999969482422,3.340566087853226,0.0077907545836086,64.44418488009583,US
MCY,Mercury General Corporation,Financial Services,Insurance - Property & Casualty,107.27999877929688,0.9694106158088236,0.198922915257403,53.67849617867624,US
MD,"Pediatrix Medical Group, Inc.",Healthcare,Medical Care Facilities,26.26000022888184,0.4975165414870239,0.0312753023204787,56.781604881207336,US
MDB,"MongoDB, Inc.",Technology,Software - Infrastructure,298.2200012207031,-4.517653109909698,0.0039637641691587,37.94132633200504,US
MDLN,Medline Inc.,Healthcare,Medical Instruments & Supplies,38.75,-2.61372428147269,0.0598735829246536,48.8590615155213,US
MDLZ,"Mondelez International, Inc.",Consumer Defensive,Confectioners,60.52000045776367,-0.7868844954693903,0.0031055922435118,51.702187091852046,US
MDPL,Monarch Dividend Plus ETF,ETF,ETF,26.92659950256348,1.1897740885009744,0.0217881288858455,62.67624682154415,US
MDRX,Veradigm Inc.,Healthcare,Health Information Services,5.139999866485596,4.897954417287973,0.0238709825139122,57.91761726883634,US
MDST,Westwood Salient Enhanced Midstream Income ETF,ETF,ETF,30.059999465942383,0.9402242204193004,-0.0077576570938474,61.43925868637711,US
MDT,Medtronic plc,Healthcare,Medical Devices,83.20999908447266,0.0120217987948857,0.0473283329903991,55.87941235278252,US
MDU,"MDU Resources Group, Inc.",Utilities,Utilities - Regulated Gas,21.25,0.5203434887771387,0.0089495429089409,52.95029022618255,US
MDXG,"MiMedx Group, Inc.",Healthcare,Biotechnology,4.199999809265137,-2.325590163581752,-0.004771997625955,56.81493953749922,US
MDY,State Street SPDR S&P MIDCAP 400 ETF Trust,ETF,ETF,690.7100219726562,0.2845766929446461,0.2268767538947846,52.39357626784362,US
MDYG,State Street SPDR S&P 400 Mid Cap Growth ETF,ETF,ETF,107.97000122070312,0.5869246360222863,0.0417466720000345,47.74958374466176,US
MDYV,State Street SPDR S&P 400 Mid Cap Value ETF,ETF,ETF,95.16999816894533,-0.0420133556475029,0.0264162763487862,57.80985050079206,US
MEC,"Mayville Engineering Company, Inc.",Industrials,Metal Fabrication,30.290000915527344,-2.0375134515268503,0.0763492055097239,42.08025727146977,US
MEDX,Horizon Kinetics Medical ETF,ETF,ETF,35.4922981262207,0.3769817081393655,0.0433290630501572,51.251466816145886,US
MEGI,NYLI CBRE Global Infrastructure Megatrends Term Fund,Financial Services,Asset Management,15.109999656677246,-2.578984953589696,-0.0293147316828674,41.65402259189461,US
MEI,"Methode Electronics, Inc.",Technology,Electronic Components,15.3100004196167,2.1347608631395265,-0.0369547760587064,50.77966040586711,US
MELI,"MercadoLibre, Inc.",Consumer Cyclical,Internet Retail,1801.43994140625,-0.6874703010878324,-1.7285383492487725,55.13267501561312,US
MEM,Matthews Emerging Markets Equity Active ETF,ETF,ETF,41.85580062866211,-0.067324617867673,-0.0258094349437693,40.43820590756107,US
MEME,Roundhill ETF Trust - Roundhill Meme Stock ETF,EQUITY,EQUITY,7.002999782562256,1.4927490691482286,-0.0144276481978944,36.167199730843656,US
MEMS,Matthews Emerging Markets Discovery Active ETF,ETF,ETF,29.08650016784668,-1.6949411489332595,-0.0100586651353241,35.47793090683298,US
MESH,Meshflow Acquisition Corp.,Financial Services,Shell Companies,10.020000457763672,0.0999023841476276,0.0007499263011768,58.18899681537602,US
MET,"MetLife, Inc.",Financial Services,Insurance - Life,94.83000183105467,0.882980671334774,0.0568233221649467,67.17325222561634,US
META,"Meta Platforms, Inc.",Communication Services,Internet Content & Information,595.1900024414062,-7.866752303521807,-2.72595474741302,43.840295718241975,US
METC,"Ramaco Resources, Inc.",Basic Materials,Coking Coal,10.350000381469728,-11.234986990442646,-0.0758860010262298,32.40662985064395,US
METD,Direxion Daily META Bear 1X ETF,ETF,ETF,16.25,8.405605391065643,0.0717788480569439,54.18512654147866,US
METL,Sprott Active Metals & Miners ETF,ETF,ETF,24.48500061035156,2.233819751020531,0.0009174464454123,41.9553040001384,US
METV,Roundhill Ball Metaverse ETF,ETF,ETF,18.309999465942383,-2.398724719878507,-0.0259943756710555,43.65693582092676,US
METW,Roundhill META WeeklyPay ETF,ETF,ETF,25.059999465942383,-9.709967567858795,-0.1387568495772867,43.23272132046011,US
MEVO,M Evo Global Acquisition Corp II,Financial Services,Shell Companies,9.949999809265137,0.0,-0.0002243033683128,65.71517823937307,US
MEXX,Direxion Daily MSCI Mexico Bull 3X Shares,ETF,ETF,28.292200088500977,0.7915938585411847,-0.018160291817132,47.88030141097912,US
MFEM,MFEM,N/A,N/A,27.024900436401367,1.1789642932326898,-0.0062143475587737,44.63203973807827,US
MFI,mF International Limited,Technology,Software - Application,8.300000190734863,0.0,-0.0103818380272566,44.03798312232362,US
MFIC,MidCap Financial Investment Corporation,Financial Services,Asset Management,9.520000457763672,-2.658479369186353,0.0017883764282861,37.18224864961318,US
MFLX,First Trust Flexible Municipal High Income ETF,ETF,ETF,16.985000610351562,-1.272652467792328,-0.0024409950022011,29.069316737481856,US
MFM,Aberdeen Municipal Income Fund,Financial Services,Asset Management,5.380000114440918,-3.0573589795737584,-0.006109465911025,33.75837669265371,US
MFSB,MFSB,N/A,N/A,24.65999984741211,-0.6846559678465419,-0.0002322217103953,36.76552604447965,US
MFSV,MFS Active Value ETF,ETF,ETF,29.36000061035156,0.6513559600982929,0.0069397427695204,67.44831399989135,US
MFUL,Mindful Conservative ETF,ETF,ETF,22.319000244140625,0.044825984468134,0.00308546784837,49.64007582223201,US
MFVL,Motley Fool Value Factor ETF,ETF,ETF,20.90290069580078,-1.0981761559854692,-0.0006772278844196,55.519126440660834,US
MG,"Mistras Group, Inc.",Industrials,Security & Protection Services,15.460000038146973,-1.5913430897068797,0.0131378596041126,32.537545540488935,US
MGC,Vanguard Mega Cap Index Fund,ETF,ETF,269.7799987792969,-0.8307637460067957,-0.1386837947839726,44.05133148648981,US
MGMT,Ballast Small/Mid Cap ETF,ETF,ETF,50.53810119628906,-0.1045609048985883,-0.0065335626534945,54.97855246009137,US
MGNR,American Beacon GLG Natural Resources ETF,ETF,ETF,49.540000915527344,3.661853874188589,0.0141049549627273,51.54357760341319,US
MGV,Vanguard Mega Cap Value Index Fund,ETF,ETF,164.2100067138672,1.4706821083133574,0.1080955379176623,60.266320362335264,US
MGY,Magnolia Oil & Gas Corporation,Energy,Oil & Gas E&P,25.32999992370605,-7.079971713026456,-0.0269518801666273,41.49592836782684,US
MH,"McGraw Hill, Inc.",Consumer Defensive,Education & Training Services,9.920000076293944,2.268044034585148,0.0368078743928989,48.17092971831004,US
MHD,"BlackRock MuniHoldings Fund, Inc.",Financial Services,Asset Management,11.4399995803833,-2.8037456630912656,-0.0106714328220129,34.25784893853181,US
MHK,"Mohawk Industries, Inc.",Consumer Cyclical,"Furnishings, Fixtures & Appliances",113.2699966430664,1.587440935485566,0.301972064012566,53.62361030832098,US
MHO,"M/I Homes, Inc.",Consumer Cyclical,Residential Construction,149.8300018310547,0.2006306789319317,0.2347322917610637,53.0892801176586,US
MHY,Man Active High Yield ETF,EQUITY,EQUITY,25.62299919128418,-0.093578853068186,-0.0047547089421702,70.4731830858997,US
MIDD,The Middleby Corporation,Industrials,Specialty Industrial Machinery,133.8800048828125,0.4954238523207631,0.2686849053566209,51.52792824288581,US
MIDE,Xtrackers S&P MidCap 400 Scored & Screened ETF,ETF,ETF,37.63899993896485,-1.344622778717765,-0.0114910836841773,48.8707181083421,US
MIDU,Direxion Daily Mid Cap Bull 3X Shares,ETF,ETF,70.19000244140625,0.5731501943423979,0.0726672448528148,50.85938613660937,US
MIG,VanEck Moody's Analytics IG Corporate Bond ETF,ETF,ETF,20.90760040283203,-1.0197358173503448,-0.001118984858355,32.649067228431804,US
MIGO,Mig Core ETF,ETF,ETF,28.33609962463379,-1.781285095462302,-0.0240957131690279,40.24240799906092,US
MILK,Pacer US Cash Cows Bond ETF,ETF,ETF,24.056400299072266,-1.031820757366401,-0.0006678178391982,33.102117778706926,US
MINO,PIMCO Municipal Income Opportunities Active Exchange-Traded Fund,ETF,ETF,44.81999969482422,-1.0814426475732557,-0.005228084361549,25.380617499476088,US
MINT,PIMCO Enhanced Short Maturity Active Exchange-Traded Fund,ETF,ETF,100.68000030517578,0.0397465379272032,0.0001805407505875,80.92951076216285,US
MINV,Matthews Asia Innovators Active ETF,ETF,ETF,48.15999984741211,-0.0539596067693656,0.0508727141353921,37.66286989973178,US
MINY,YieldMax Strategic Metals & Mining Portfolio Option Income ETF,EQUITY,EQUITY,35.714500427246094,2.302576188978147,0.0155238839921834,41.45859988624964,US
MIR,"Mirion Technologies, Inc.",Industrials,Specialty Industrial Machinery,16.540000915527344,3.5691962364918783,0.0151075262674932,46.255721760366,US
MIRM,"Mirum Pharmaceuticals, Inc.",Healthcare,Biotechnology,113.02999877929688,-4.904931685274575,-0.0716612936728111,46.05544664001027,US
MISL,First Trust Indxx Aerospace & Defense ETF,ETF,ETF,43.47999954223633,2.233719233967866,0.0793879429423385,44.11694868015773,US
MITK,"Mitek Systems, Inc.",Technology,Software - Application,16.8700008392334,-11.070103058162674,-0.0035106032802335,41.28324426593803,US
MIVL,MFS Active International Value ETF,EQUITY,EQUITY,25.666200637817383,0.5334898061445015,0.0028339109925473,57.06819384625523,US
MJSC,MUFG Japan Small Cap Active ETF,EQUITY,EQUITY,59.53300094604492,-2.3536897943017925,-0.0243200946864718,40.78768024121142,US
MKL,Markel Group Inc.,Financial Services,Insurance - Property & Casualty,1994.699951171875,1.1290589199367973,1.979401657462855,62.50962072635722,US
MKOR,Matthews Korea Active ETF,ETF,ETF,56.3213996887207,-0.033014667761468,-0.0246659922385161,40.82981554772261,US
MKSI,MKS Inc.,Technology,Scientific & Technical Instruments,329.17999267578125,1.3828544767667328,-0.0249569910306588,43.04843524118461,US
MKTX,MarketAxess Holdings Inc.,Financial Services,Capital Markets,116.69000244140624,2.5395424535569,0.1697454864750351,49.18411519626615,US
MLAA,Mountain Lake Acquisition Corp. II,EQUITY,EQUITY,9.949999809265137,0.1006059286116218,-0.0003905559032029,51.13879057367826,US
MLAB,"Mesa Laboratories, Inc.",Technology,Scientific & Technical Instruments,97.5,-0.4492571272596062,-0.0983623011530514,48.37831488032598,US
MLCO,Melco Resorts & Entertainment Limited,Consumer Cyclical,Resorts & Casinos,5.409999847412109,-0.7339442798699993,-0.0078519033068481,49.685979849682894,US
MLKN,"MillerKnoll, Inc.",Consumer Cyclical,"Furnishings, Fixtures & Appliances",22.07999992370605,1.1915684350055646,0.0072953872046377,67.19217872308289,US
MLM,"Martin Marietta Materials, Inc.",Basic Materials,Building Materials,559.5999755859375,-0.5314796080271441,1.1396106632135607,44.53151250226576,US
MLN,VanEck Long Muni ETF,ETF,ETF,17.385000228881836,-1.27768525650968,-0.001110587238606,32.76259206159612,US
MLP,"Maui Land & Pineapple Company, Inc.",Real Estate,Real Estate Services,17.170000076293945,1.959619481685942,0.0353195700256483,51.342802919368665,US
MLPB,UBS ETRACS Alerian MLP Infrastructure Index ETN Series B,ETF,ETF,30.44809913635254,2.065226564777732,-0.0119123300324912,67.82873045567521,US
MLPD,Global X MLP & Energy Infrastructure Covered Call ETF,ETF,ETF,25.098800659179688,1.0052707112424415,0.0014280736915353,63.29491843980994,US
MLPI,Neos Mlp & Energy Infrastructure High Income ETF,ETF,ETF,55.54999923706055,-0.0220180750064571,-0.0133584645958916,54.74578624972381,US
MLPX,Global X MLP & Energy Infrastructure ETF,ETF,ETF,77.13999938964844,1.0214756064199615,-0.0250555740488302,61.166707139323016,US
MLR,"Miller Industries, Inc.",Consumer Cyclical,Auto Parts,51.38999938964844,3.525382799188616,0.0435627395534852,61.25920013424432,US
MLTX,MoonLake Immunotherapeutics,Healthcare,Biotechnology,19.020000457763672,-3.35365770923556,-0.0159416634155186,47.850521983889934,US
MMAX,iShares Large Cap Max Buffer Mar ETF,ETF,ETF,27.1299991607666,0.1106966010132877,-0.0006589581800221,57.41798799019297,US
MMAY,Pacer Swan SOS Moderate (May) ETF,ETF,ETF,32.58000183105469,-0.7917123030607369,-0.0144061970743546,45.6431367755796,US
MMCA,NYLI MacKay California Muni Intermediate ETF,ETF,ETF,21.3799991607666,-0.926787597991362,-0.0017238261517785,22.521476644100545,US
MMED,"MiniMed Group, Inc.",Healthcare,Medical Instruments & Supplies,16.829999923706055,-0.5906696967935363,0.004405476965731,63.88493001660657,US
MMI,"Marcus & Millichap, Inc.",Real Estate,Real Estate Services,30.3799991607666,-2.6282101991064075,0.0146915063278886,49.11973093604493,US
MMK,State Street Prime Money Market ETF,ETF,ETF,100.25499725341795,0.0648715544744391,0.0006077985661697,99.55247549396644,US
MMKT,Texas Capital Government Money Market ETF,ETF,ETF,100.20500183105467,0.0249566039156964,-0.0024774046697473,88.8380329935695,US
MMM,3M Company,Industrials,Conglomerates,172.6199951171875,7.99549491497788,0.2132373242435219,69.2237801151885,US
MMMA,NYLI MacKay Muni Allocation ETF,EQUITY,EQUITY,25.134700775146484,-0.7866853300840998,0.0032684309846409,38.24936131331046,US
MMSC,First Trust Multi-Manager Small Cap Opportunities ETF,ETF,ETF,27.4778995513916,-1.7874797270074096,-0.0141228632355424,41.83538553099378,US
MMSD,NYLI MacKay Muni Short Duration ETF,ETF,ETF,25.240100860595703,-0.2919266723358187,0.0009324904783404,44.29304347752576,US
MMSI,"Merit Medical Systems, Inc.",Healthcare,Medical Instruments & Supplies,74.31999969482422,0.4460087046661188,0.0088011765666125,59.92982828584479,US
MMT,Aberdeen Multi-Market Income Fund,Financial Services,Asset Management,4.329999923706055,-1.5827750445283506,-0.0015976711795012,38.99919743928192,US
MMTM,State Street SPDR S&P 1500 Momentum Tilt ETF,ETF,ETF,301.0580139160156,-0.4371952329682689,-0.1422434950357984,41.02420782839863,US
MMU,Western Asset Managed Municipals Fund Inc.,Financial Services,Asset Management,10.0600004196167,-3.082848663739677,-0.0081644933268494,32.81431988301358,US
MMYT,MakeMyTrip Limited,Consumer Cyclical,Travel Services,49.22999954223633,-9.868179229315205,-0.1384951237050045,42.083661521482334,US
MNA,NYLI Merger Arbitrage ETF,ETF,ETF,36.58890151977539,0.0243293829284276,0.0008133759633737,54.445103871083376,US
MNBD,ALPS Intermediate Municipal Bond ETF,ETF,ETF,25.645000457763672,-0.8888871197539252,-0.0011651552352589,30.38210916886881,US
MNKD,MannKind Corporation,Healthcare,Biotechnology,4.130000114440918,2.4813870825412176,0.0169200918973941,55.363630992909854,US
MNPR,Monopar Therapeutics Inc.,Healthcare,Biotechnology,109.87000274658205,-1.1249099793947306,-0.1787119999941335,64.51137545102956,US
MNR,Mach Natural Resources LP,Energy,Oil & Gas E&P,13.390000343322754,1.825100621708645,-0.0067303562078685,59.79812761055641,US
MNRO,"Monro, Inc.",Consumer Cyclical,Auto Parts,16.790000915527344,-1.002347748361322,-0.0073239411466679,51.425389635181176,US
MNST,Monster Beverage Corporation,Consumer Defensive,Beverages - Non-Alcoholic,93.48999786376952,-4.112822703826121,-0.0671086809328509,45.62443940254028,US
MNTN,"MNTN, Inc.",Technology,Software - Application,8.579999923706055,-4.026841986292478,0.0161678553970705,39.63154710082634,US
MNVT,Moonvest ETF,ETF,ETF,26.600000381469727,-1.7362368624051223,-0.0349843728430965,37.7421243327017,US
MNZL,Manzil Russell Halal USA Broad Market ETF,ETF,ETF,59.47740173339844,-0.3761983387006733,-0.0051329362618228,45.93264534196375,US
MO,"Altria Group, Inc.",Consumer Defensive,Tobacco,72.98999786376953,-1.6439849558742174,0.0140144488232876,54.11957804553689,US
MOAT,VanEck Morningstar Wide Moat ETF,ETF,ETF,104.62999725341795,-1.5339778374206643,-0.0136797893548074,50.07316118209574,US
MOBI,"Mobia Medical, Inc.",Healthcare,Medical Devices,10.850000381469728,-10.699582533960616,-0.009024179297471,37.146914180275886,US
MODL,Victoryshares Westend U.S. Sector ETF,ETF,ETF,50.709999084472656,-0.5881185001605972,-0.0154085102721662,47.13883636932131,US
MOMO,Hello Group Inc.,Communication Services,Internet Content & Information,5.880000114440918,-2.081598628106568,-0.0075168662013493,48.183418572956654,US
MOO,VanEck Agribusiness ETF,ETF,ETF,83.1500015258789,0.7512453117078713,-0.0078221187015694,65.69785619754603,US
MORN,"Morningstar, Inc.",Financial Services,Financial Data & Stock Exchanges,172.61000061035156,0.0753738903251507,0.1656097917377151,54.97541924103644,US
MOS,The Mosaic Company,Basic Materials,Agricultural Inputs,22.299999237060547,0.7681883540028854,-0.0219330528779672,51.67781676960244,US
MOTI,VanEck Morningstar International Moat ETF,ETF,ETF,34.209598541259766,-1.1283235551392463,-0.0220920208006734,50.270900191860406,US
MOV,"Movado Group, Inc.",Consumer Cyclical,Luxury Goods,36.5099983215332,-5.53687741231477,-0.0286837075067156,45.67330457189491,US
MPB,"Mid Penn Bancorp, Inc.",Financial Services,Banks - Regional,37.16999816894531,4.88148873948469,0.0860113649549505,67.06041046947463,US
MPC,Marathon Petroleum Corporation,Energy,Oil & Gas Refining & Marketing,309.239990234375,-1.074861101579114,-1.0440647215763317,68.1712048010532,US
MPG,Leverage Shares 2X Long MP Daily ETF,ETF,ETF,3.0994999408721924,-17.434736723708237,-0.022710223332193,27.70822474282048,US
MPL,Defiance Daily Target 2X Long MP ETF,EQUITY,EQUITY,8.350000381469727,-17.96030642384609,-0.0558337917249045,27.88708200506485,US
MPLT,"MapLight Therapeutics, Inc.",Healthcare,Biotechnology,36.560001373291016,-3.459196185745845,0.0279453302242744,54.91936358037033,US
MPLX,MPLX LP,Energy,Oil & Gas Midstream,58.650001525878906,2.786540684052888,0.1036313636705803,64.57894368407365,US
MPRO,Monarch ProCap ETF,ETF,ETF,32.674800872802734,-0.0097941455057479,0.0109585276332713,54.70141132037038,US
MPTI,"M-tron Industries, Inc.",Technology,Electronic Components,83.58000183105469,10.04608978195501,0.354558584032163,47.268430155353805,US
MPWR,"Monolithic Power Systems, Inc.",Technology,Semiconductors,1333.81005859375,1.6623520269626526,-3.1585164228262244,45.59690828893687,US
MQ,"Marqeta, Inc.",Technology,Software - Infrastructure,17.06999969482422,-2.401372680333054,-0.0214125982235043,54.39248171990641,US
MQQQ,Tradr 2X Long Innovation 100 Monthly ETF,ETF,ETF,209.0196990966797,-4.045457786786317,-0.4739105180430008,38.303854321855496,US
MQY,"BlackRock MuniYield Quality Fund, Inc.",Financial Services,Asset Management,11.229999542236328,-2.6019097804224804,-0.0079255435622999,33.4613237936676,US
MRAL,GraniteShares 2x Long MARA Daily ETF,ETF,ETF,50.71500015258789,26.250939667193524,0.0975661025414664,44.10783912470683,US
MRAM,"Everspin Technologies, Inc.",Technology,Semiconductors,15.09000015258789,3.7113398953553833,0.0163342165571678,36.68916776522277,US
MRCP,PGIM S&P 500 Buffer 12 ETF - Mar,ETF,ETF,34.34040069580078,0.0302908948192569,-0.0050848396624961,50.11922445431033,US
MRCY,"Mercury Systems, Inc.",Industrials,Aerospace & Defense,103.2699966430664,7.483341668388468,0.4115462904978146,47.64853823749844,US
MRK,"Merck & Co., Inc.",Healthcare,Drug Manufacturers - General,131.07000732421875,2.800005744485294,0.1755646011046787,62.219490927653375,US
MRLN,"Merlin, Inc.",Industrials,Aerospace & Defense,3.470000028610229,-3.342615276547959,0.0145135813164389,31.52390334779845,US
MRNA,"Moderna, Inc.",Healthcare,Biotechnology,54.06999969482422,-12.536396050239476,-0.0961937993727337,36.68278618924701,US
MRNX,Defiance Daily Target 2X Long MRNA ETF,EQUITY,EQUITY,23.81999969482422,-24.380953349764383,-0.03778328980792,35.78106903074813,US
MRP,"Millrose Properties, Inc.",Real Estate,REIT - Residential,28.520000457763672,-3.0591421352696573,-0.0006229985114343,49.96109214263698,US
MRSH,"Marsh & McLennan Companies, Inc.",Financial Services,Insurance Brokers,180.7400054931641,-0.229174326377158,0.0975132570607599,59.80618636258093,US
MRTN,"Marten Transport, Ltd.",Industrials,Trucking,16.299999237060547,-7.648727539078225,-0.0589169320527416,37.433343276400045,US
MRVI,"Maravai LifeSciences Holdings, Inc.",Healthcare,Biotechnology,6.760000228881836,-6.6298281410331565,-0.0355237898255007,62.15945163720944,US
MRVL,"Marvell Technology, Inc.",Technology,Semiconductors,194.22999572753903,2.9414899656555926,0.2375816296574022,39.06142235606138,US
MRVU,Direxion Daily MRVL Bull 2X ETF,ETF,ETF,91.12000274658205,5.061684791572743,0.4952601663181362,38.30119421918717,US
MRX,Marex Group Limited,Financial Services,Capital Markets,65.55999755859375,8.97606004800203,0.1109200508046222,54.49349833144309,US
MS,Morgan Stanley,Financial Services,Capital Markets,214.47999572753903,-0.4733198480097157,-0.0427868952650229,47.77066142762928,US
MSA,MSA Safety Incorporated,Industrials,Security & Protection Services,174.63999938964844,2.110741177639856,0.1080974371758882,60.39372101211626,US
MSBI,"Midland States Bancorp, Inc.",Financial Services,Banks - Regional,32.25,3.631102603769845,0.0727850246458653,64.93524374304359,US
MSCI,MSCI Inc.,Financial Services,Financial Data & Stock Exchanges,550.7899780273438,-12.386663449827257,-1.4605058257736945,36.88642378830672,US
MSDL,Morgan Stanley Direct Lending Fund,Financial Services,Asset Management,15.170000076293944,-1.8758082867882488,-0.0067865421374465,48.5742082953717,US
MSFO,YieldMax MSFT Option Income Strategy ETF,ETF,ETF,10.350000381469728,-2.5184002463276527,-0.0166245683356663,43.499931976938846,US
MSFT,Microsoft Corporation,Technology,Software - Infrastructure,381.7000122070313,-3.077546821334934,-0.77139794381345,44.76076372460806,US
MSFU,Direxion Daily MSFT Bull 2X Shares,ETF,ETF,22.899999618530277,-6.301149271176662,-0.0949826441751106,43.46176367480916,US
MSFW,Roundhill MSFT WeeklyPay ETF,ETF,ETF,24.63999938964844,-3.727437986017496,-0.0595311751730834,44.391946268371065,US
MSFX,T-Rex 2X Long Microsoft Daily Target ETF,ETF,ETF,15.15999984741211,-6.130029687321186,-0.0606250728143411,43.61498477174353,US
MSI,"Motorola Solutions, Inc.",Technology,Communication Equipment,417.8299865722656,1.0936074714793438,0.7603739836082606,55.27282319437602,US
MSIF,"MSC Income Fund, Inc.",Financial Services,Asset Management,10.90999984741211,-3.621906876901873,-0.005602538876414,35.48036468472688,US
MSLC,Morgan Stanley Pathway Large Cap Equity ETF,ETF,ETF,58.310001373291016,-0.5966561115436733,-0.0189111644157718,45.501521723477175,US
MSM,"MSC Industrial Direct Co., Inc.",Industrials,Industrial Distribution,125.63999938964844,0.6972852207978144,-0.1040839668846769,63.71447501471711,US
MSMR,McElhenny Sheffield Managed Risk ETF,ETF,ETF,34.5,-0.0579387528923792,-0.0049891098917401,36.27122449090319,US
MSOS,AdvisorShares Pure US Cannabis ETF,ETF,ETF,4.260000228881836,-4.484300617814166,-0.0021246309752591,39.43132037748792,US
MSOX,AdvisorShares MSOS Daily Leveraged ETF,ETF,ETF,2.289999961853028,-9.126984952949227,-0.0018187733109474,37.49879982699146,US
MSSM,Morgan Stanley Pathway Small-Mid Cap Equity ETF,ETF,ETF,59.324100494384766,-0.9680469429885388,0.0003971607926115,44.70875619590143,US
MSTB,LHA Market State Tactical Beta ETF,ETF,ETF,42.28519821166992,-0.9180587760342576,-0.0211979125173639,42.70481811909643,US
MSTP,GraniteShares 2x Long MSTR Daily ETF,ETF,ETF,12.025400161743164,-7.125423198503465,-0.1375353118883322,36.41665400515579,US
MSTR,Strategy Inc,Technology,Software - Application,91.66999816894533,-3.35266247373047,-0.4498871352527951,39.13632581338039,US
MSTU,T-Rex 2X Long MSTR Daily Target ETF,ETF,ETF,1.7200000286102295,-7.526880893449264,-0.0199419875076353,36.22618158746079,US
MSTW,Roundhill MSTR WeeklyPay ETF,ETF,ETF,3.200000047683716,-4.277598518110575,-0.0191484102558688,38.18848174632553,US
MSTY,Yieldmax MSTR Option Income Strategy ETF,ETF,ETF,12.239999771118164,-2.8985324136465915,-0.0508985194873475,39.80609383251695,US
MSTZ,T-Rex 2X Inverse MSTR Daily Target ETF,ETF,ETF,12.800000190734863,4.7463167842227625,0.1082960677356928,54.792806718631525,US
MTB,M&T Bank Corporation,Financial Services,Banks - Regional,249.6000061035156,0.1444393365500211,-0.0754738690379372,62.668324213544544,US
MTD,Mettler-Toledo International Inc.,Healthcare,Diagnostics & Research,1327.1800537109375,1.3099062551599543,0.6600872147402974,60.92059375537158,US
MTDR,Matador Resources Company,Energy,Oil & Gas E&P,50.810001373291016,-5.557616925967999,-0.2092047264975157,43.04656489231593,US
MTG,MGIC Investment Corporation,Financial Services,Insurance - Specialty,29.649999618530277,0.6107916843222088,0.0187612077675856,71.55704786098839,US
MTGP,WisdomTree Mortgage Plus Bond Fund,ETF,ETF,43.68999862670898,-0.6345450933134135,-0.0030961173694162,37.174758960326855,US
MTH,Meritage Homes Corporation,Consumer Cyclical,Residential Construction,72.94999694824219,-1.6448715799132037,0.1706847565425595,46.49740586564977,US
MTN,"Vail Resorts, Inc.",Consumer Cyclical,Resorts & Casinos,145.72000122070312,-1.4473146089643787,-0.0497373167340287,55.844184240964495,US
MTRA,Invesco International Growth Focus ETF,ETF,ETF,26.077999114990234,-1.9329119932726364,-0.0099827413151247,43.31641023706407,US
MTRN,Materion Corporation,Basic Materials,Other Industrial Metals & Mining,241.0200042724609,-1.6726464288506655,-0.1364700621122105,44.30220272160354,US
MTRX,Matrix Service Company,Industrials,Engineering & Construction,12.34000015258789,1.5637904528642332,-0.0031119512953084,43.491658210629446,US
MTSI,"MACOM Technology Solutions Holdings, Inc.",Technology,Semiconductors,266.989990234375,-0.1383883667935493,0.1381806149135442,33.380920427781604,US
MTUM,iShares MSCI USA Momentum Factor ETF,ETF,ETF,306.3900146484375,1.4234229410686152,-0.078816010111991,44.16309786297578,US
MTUS,Metallus Inc.,Basic Materials,Steel,20.96999931335449,8.204335507953635,0.0425614984388044,65.04129309583416,US
MTW,"The Manitowoc Company, Inc.",Industrials,Farm & Heavy Construction Machinery,14.369999885559082,10.283961473898929,0.0448008528900946,65.05948400660853,US
MTZ,"MasTec, Inc.",Industrials,Engineering & Construction,337.8399963378906,2.503109952263911,-0.3839959657214082,40.87006930016354,US
MU,"Micron Technology, Inc.",Technology,Semiconductors,920.9500122070312,8.481064722859271,0.0510613650816633,47.14040762814567,US
MUA,"BlackRock MuniAssets Fund, Inc.",Financial Services,Asset Management,10.460000038146973,-3.1481495054006667,-0.006480781344994,30.73910430484682,US
MUC,"BlackRock MuniHoldings California Quality Fund, Inc.",Financial Services,Asset Management,10.670000076293944,-1.6589889294676563,-0.0052792742327452,34.06271043152624,US
MUD,Direxion Daily MU Bear 1X Shares,ETF,ETF,11.670000076293944,-9.604955737987323,-0.0167919284435614,45.87155266522431,US
MUEL,Paul Mueller Company,Industrials,Metal Fabrication,475.0,7.223476297968396,0.8518657053598573,59.900357685476784,US
MUJ,"BlackRock MuniHoldings New Jersey Quality Fund, Inc.",Financial Services,Asset Management,12.029999732971191,-1.7156866182505532,-0.0029544140100713,31.386377950472536,US
MUNC,Northern Trust 2045 Tax-Exempt Distributing Ladder ETF,EQUITY,EQUITY,100.55500030517578,-1.232685672834529,-0.0443637059938181,14.679283562448774,US
MUND,Northern Trust 2055 Tax-Exempt Distributing Ladder ETF,EQUITY,EQUITY,101.27999877929688,-1.1757836013838845,-0.0090186262878184,27.02577494462217,US
MUNI,PIMCO Intermediate Municipal Bond Active Exchange-Traded Fund,ETF,ETF,51.66999816894531,-0.9584052473623236,-0.0045615398074849,25.71668524740365,US
MUNX,AMG GW&K Muni Income ETF,EQUITY,EQUITY,24.747499465942383,-1.0060445531727495,0.0025651311247998,36.385051904178,US
MUR,Murphy Oil Corporation,Energy,Oil & Gas E&P,38.95000076293945,5.756173843296429,-0.0239611158239557,64.04204320913286,US
MUSI,American Century Multisector Income ETF,ETF,ETF,43.15060043334961,-0.6547736409565067,8.639370805468838e-05,40.17805351619968,US
MUSQ,MUSQ Global Music Industry Index ETF,ETF,ETF,24.89800071716309,-2.372268109958352,-0.0434150782298388,38.77279868557186,US
MUST,Columbia Multi-Sector Municipal Income ETF,ETF,ETF,20.280000686645508,-0.4906696675120583,0.0024801034607496,35.768524224115865,US
MUU,Direxion Daily MU Bull 2X Shares,ETF,ETF,31.270000457763672,14.794422615665397,0.0140667941345591,44.606443690216445,US
MVFG,Monarch Volume Factor Global Unconstrained ETF,ETF,ETF,34.58980178833008,-0.2629623372200766,-0.0016216079172258,49.97941786503712,US
MVLL,GraniteShares 2x Long MRVL Daily ETF,ETF,ETF,22.440000534057617,4.3235718051134855,0.1169441763978342,38.110128238246,US
MVPA,Miller Value Partners Appreciat,ETF,ETF,34.54999923706055,-2.935811062803879,-0.0788087628962548,53.78183727042359,US
MVPL,Miller Value Ptnrs Leverage ETF,ETF,ETF,41.23899841308594,-3.4373809777315363,-0.0694814952664951,43.34795806420302,US
MVV,ProShares Ultra MidCap400,ETF,ETF,88.30000305175781,0.2953227323111181,0.0587945680034764,51.04097829355375,US
MWA,"Mueller Water Products, Inc.",Industrials,Specialty Industrial Machinery,25.030000686645508,-1.6889175698729404,0.0099826738755628,46.547293659512064,US
MWH,"SOLV Energy, Inc.",Utilities,Utilities - Renewable,27.270000457763672,-4.012669467691958,-0.0835956260273449,38.27080524618202,US
MYCG,State Street My2027 Corporate Bond ETF,ETF,ETF,24.950000762939453,-0.0200327019911252,-0.000186793174422,67.84423815090803,US
MYCH,State Street My2028 Corporate Bond ETF,ETF,ETF,24.815000534057617,-0.1609294263342884,8.810870439912577e-06,51.37201294201248,US
MYCK,State Street My2031 Corporate Bond ETF,ETF,ETF,24.51000022888184,-0.6284235998058704,-0.0005596617434465,39.6688625401538,US
MYCO,State Street My2035 Corporate Bond ETF,ETF,ETF,23.98500061035156,-1.0601434012678417,-0.0011319642047528,34.15894334279648,US
MYE,"Myers Industries, Inc.",Consumer Cyclical,Packaging & Containers,31.440000534057617,1.0607519036700062,0.0493894490708575,59.65654793422179,US
MYGN,"Myriad Genetics, Inc.",Healthcare,Diagnostics & Research,5.610000133514404,-9.223296288949127,-0.0140374714076521,50.5862148404189,US
MYHA,State Street My2027 High Yield Corporate Bond ETF,ETF,ETF,24.915000915527344,-0.0601660227229256,-0.0001549852442052,56.95429633008285,US
MYHB,State Street My2028 High Yield Corporate Bond ETF,ETF,ETF,24.916900634765625,-0.212649900076164,-0.0019278886480393,51.82292808555413,US
MYHC,State Street My2029 High Yield Corporate Bond ETF,ETF,ETF,25.003400802612305,-0.3451548403703525,-0.0030060837870026,46.23121336880346,US
MYHD,State Street My2030 High Yield Corporate Bond ETF,ETF,ETF,24.834999084472656,-0.8186973784316659,-0.0061984999658972,39.37624529596694,US
MYHE,State Street My2031 High Yield Corporate Bond ETF,ETF,ETF,24.71999931335449,-0.7627480338076208,-0.0049157987123581,38.69029509806673,US
MYI,"BlackRock MuniYield Quality Fund III, Inc.",Financial Services,Asset Management,10.670000076293944,-2.199814614801236,-0.0079090549585437,31.826116938618423,US
MYLD,Cambria Micro And Smallcap Shareholder Yield ETF,ETF,ETF,32.88840103149414,-0.9892465659742132,-0.0201349031313029,60.37876806368047,US
MYMH,State Street My2028 Municipal Bond ETF,ETF,ETF,24.45499992370605,-0.1633023643880619,-0.0006049735292623,37.23736107831804,US
MYN,"BlackRock MuniYield New York Quality Fund, Inc.",Financial Services,Asset Management,9.75,-2.5,-0.0052930657758916,28.161843171069904,US
MYRG,MYR Group Inc.,Industrials,Engineering & Construction,379.1700134277344,-3.151898043495206,-0.7668149651362057,35.60880316336113,US
MYY,ProShares Short MidCap400,ETF,ETF,15.279999732971191,-0.1959548388193898,-0.004640445900384,49.19855732483089,US
MZZ,ProShares UltraShort MidCap400,ETF,ETF,5.979800224304199,-0.3366629282633463,-0.0043274316714969,48.421472792110485,US
NABL,"N-able, Inc.",Technology,Information Technology Services,4.079999923706055,-14.465410062463668,-0.0246521837777648,48.41202372537615,US
NAC,Nuveen California Quality Municipal Income Fund,Financial Services,Asset Management,11.720000267028809,-1.8425403776055216,-0.0046696580173842,29.808164536635037,US
NACP,Impact Shares NAACP Minority Empowerment ETF,ETF,ETF,57.707401275634766,-1.1690325760385003,-0.0375409847316675,41.67815890397723,US
NAIL,Direxion Daily Homebuilders & Supplies Bull 3X Shares,ETF,ETF,40.709999084472656,-1.3330083844756422,0.2471636146091794,47.15084779202894,US
NANC,Unusual Whales Subversive Democratic Trading ETF,ETF,ETF,48.959999084472656,-1.190716774313499,-0.0243590703439207,42.09818338432667,US
NANR,State Street SPDR S&P North American Natural Resources ETF,ETF,ETF,80.93000030517578,4.009771037754571,0.0254705447459935,64.5826602673555,US
NAPR,Innovator Nasdaq-100 Power Buffer ETF - April,ETF,ETF,58.59389877319336,-0.3928635558840335,-0.0186765631522858,42.7718317494553,US
NAT,Nordic American Tankers Limited,Energy,Oil & Gas Midstream,6.449999809265137,6.611563734210188,0.0005573123426328,62.28195831302197,US
NATH,"Nathan's Famous, Inc.",Consumer Cyclical,Restaurants,98.18000030517578,2.217592072610546,0.068703056450331,39.36821145924286,US
NAVI,Navient Corporation,Financial Services,Credit Services,8.229999542236328,-4.855492425620566,-0.024998124529328,45.30906550185976,US
NAVN,"Navan, Inc.",Technology,Software - Application,23.200000762939453,-10.6317350495749,-0.0681950587704203,46.71018396886943,US
NB,NioCorp Developments Ltd.,Basic Materials,Other Industrial Metals & Mining,4.139999866485596,-2.816909764057405,-0.0126827219424438,38.07501367150045,US
NBB,Nuveen Taxable Municipal Income Fund,Financial Services,Asset Management,15.199999809265137,-1.2987000923330156,-0.0016069711585802,34.89421474170881,US
NBBK,"NB Bancorp, Inc.",Financial Services,Banks - Regional,22.43000030517578,5.404133371348846,0.050349277419001,67.68187278270385,US
NBCE,Neuberger China Equity ETF,ETF,ETF,39.31800079345703,0.2703228298802892,0.0979961393824269,42.33396586059238,US
NBCR,Neuberger Core Equity ETF,ETF,ETF,33.290000915527344,-0.8931206778736317,-0.0148020867181463,44.95214422501665,US
NBFC,Neuberger Flexible Credit Income ETF,ETF,ETF,50.31990051269531,-0.3842487755949996,-0.002672196608994,37.927755597222,US
NBHC,National Bank Holdings Corporation,Financial Services,Banks - Regional,43.33000183105469,-6.797160106096007,-0.071831604252762,44.32443968052047,US
NBIE,Neuberger International Core Equity ETF,ETF,ETF,26.5,0.3407805873073856,0.001404212799611,53.32893862524001,US
NBIL,GraniteShares 2x Long NBIS Daily ETF,ETF,ETF,22.26000022888184,5.2980173678804645,-0.2365408492037293,39.8460409626433,US
NBIS,Nebius Group N.V.,Communication Services,Internet Content & Information,187.7700042724609,5.660906633576049,-0.9534536658653936,42.46218708673975,US
NBR,Nabors Industries Ltd.,Energy,Oil & Gas Drilling,83.37000274658203,-0.619855342531533,-0.1096474544737926,45.974840682437325,US
NBTR,Neuberger Total Return Bond ETF,ETF,ETF,49.14899826049805,-0.899290148658968,-0.0139969413459078,30.729312925092245,US
NC,NC,N/A,N/A,46.810001373291016,-2.4181776483079824,0.0083497206164653,40.79908270320001,US
NCDL,Nuveen Churchill Direct Lending Corp.,Financial Services,Asset Management,12.130000114440918,-4.412919499288652,-0.0204050508439242,39.32202293719787,US
NCIQ,Hashdex Nasdaq CME Crypto Index ETF,ETF,ETF,16.0,0.2506263268008833,-0.0356119641319742,49.17947342704444,US
NCNO,"nCino, Inc.",Technology,Software - Application,16.559999465942383,-7.226895730862322,-0.0274554803830487,47.92397500350905,US
NCPB,Nuveen Core Plus Bond ETF,ETF,ETF,24.61000061035156,-0.7060691472177644,-0.0007021187559848,37.32459904656458,US
NCV,Virtus Convertible & Income Fund,Financial Services,Asset Management,16.540000915527344,-0.3614425576119812,-0.012155124573582,41.93398202591697,US
NDAA,Ned Davis Research 360 Dynamic Allocation ETF,ETF,ETF,23.625,-0.3374812232167578,-0.0104848755472497,45.99182227212942,US
NDAQ,"Nasdaq, Inc.",Financial Services,Financial Data & Stock Exchanges,92.08999633789062,0.4910486154946643,-0.0459338398663917,59.46555437552538,US
NDEC,Innovator Growth-100 Power Buffer ETF - December,ETF,ETF,29.569900512695312,-0.5184376707888385,-0.0132873423462597,42.69015146971087,US
NDIA,Global X Funds - Global X India Active ETF,ETF,ETF,26.704500198364254,-1.9586630969646357,0.0060188174559155,46.22972950839822,US
NDIV,Amplify Energy & Natural Resources Covered Call ETF,ETF,ETF,33.98199844360352,2.278404828436781,-0.0205031726993343,61.16869673296385,US
NDMO,Nuveen Dynamic Municipal Opportunities Fund,Financial Services,Asset Management,10.050000190734863,-2.332359300368207,-0.0063518161753832,29.91577051405892,US
NDOW,Anydrus Advantage ETF,ETF,ETF,29.0,-0.1721144178095548,-0.0007536656989304,43.00165511359612,US
NE,Noble Corporation plc,Energy,Oil & Gas Drilling,43.2599983215332,4.240959810923381,-0.0175978958165488,56.58437768151347,US
NEAR,iShares Short Duration Bond Active ETF,ETF,ETF,50.43999862670898,-0.2176075410717631,0.0001755762679312,47.592508748148,US
NEE,"NextEra Energy, Inc.",Utilities,Utilities - Regulated Electric,89.77999877929688,1.1035987543467356,0.0154291862687327,57.96923867678304,US
NEHI,NEOS Ethereum High Income ETF,ETF,ETF,26.420000076293945,0.90670189398818,-0.0627725695298451,53.41637047901751,US
NEM,Newmont Corporation,Basic Materials,Gold,93.19000244140624,3.890753190524445,0.0006852304925586,44.94563891488583,US
NEO,"NeoGenomics, Inc.",Healthcare,Diagnostics & Research,13.890000343322754,-4.928126832812272,-0.0228655693632118,53.83598682249384,US
NEOG,Neogen Corporation,Healthcare,Medical Devices,9.399999618530272,-8.471283353991634,-0.0356530689730063,46.60998578395151,US
NET,"Cloudflare, Inc.",Technology,Software - Infrastructure,262.1499938964844,-5.585971894064899,-0.6615085099469464,53.35753284507023,US
NETG,Leverage Shares 2X Long NET Daily ETF,ETF,ETF,15.084400177001951,-10.716781483895746,-0.0724164773189096,51.73581361367326,US
NETL,NETL,N/A,N/A,27.997900009155277,-0.8572937816043923,-0.0076006117038984,62.81427113886057,US
NEU,NewMarket Corporation,Basic Materials,Specialty Chemicals,779.3300170898438,1.1814700611310414,0.7811807892033567,52.59163438383138,US
NEWT,"NewtekOne, Inc.",Financial Services,Banks - Regional,14.43000030517578,-5.065786274681421,-0.0205570411518635,49.49009670125374,US
NEWZ,Stocksnips AI-Powered Sentiment US ALL Cap ETF,ETF,ETF,29.645000457763672,-0.2087059384306566,-0.011668489555213,48.49700889169692,US
NEXA,Nexa Resources S.A.,Basic Materials,Other Industrial Metals & Mining,12.869999885559082,5.578345599536102,-0.012233156587472,47.34404254314394,US
NEXN,Nexxen International Ltd.,Communication Services,Advertising Agencies,9.81999969482422,-3.346458245021464,-0.0123549775286344,58.68424297932185,US
NEXT,NextDecade Corporation,Energy,Oil & Gas Equipment & Services,7.005000114440918,-8.789058971160477,-0.0455355665324688,39.25424527783248,US
NFBK,"Northfield Bancorp, Inc.",Financial Services,Banks - Regional,15.3100004196167,4.433837510027892,0.0022424831899557,67.35184918638542,US
NFEB,Innovator Growth-100 Power Buffer ETF - February,ETF,ETF,29.86429977416992,-0.5385309400403538,-0.012119008755787,42.17509815683271,US
NFG,National Fuel Gas Company,Energy,Oil & Gas Integrated,82.48999786376953,1.914993051161998,-0.0212450170235429,62.42967430563652,US
NFJ,"Virtus Dividend, Interest & Premium Strategy Fund",Financial Services,Asset Management,15.1899995803833,1.1991961942486515,0.0083126606591366,59.82009778068849,US
NFLP,Kurv Yield Premium Strategy Netflix ETF,ETF,ETF,17.110000610351562,1.212658476068558,0.0383920931564297,36.66336323478848,US
NFLW,Roundhill NFLX WeeklyPay ETF,ETF,ETF,15.510000228881836,1.472033913744665,0.0382385218905358,37.25591613789935,US
NFLX,"Netflix, Inc.",Communication Services,Entertainment,70.08999633789062,1.6533711966719684,0.1422024439620566,38.262119490057415,US
NFRA,FlexShares STOXX Global Broad Infrastructure Index Fund,ETF,ETF,65.70999908447266,0.3819126237343637,0.0053939603188206,58.74818421596075,US
NFXS,Direxion Daily NFLX Bear 1X Shares,ETF,ETF,21.84589958190918,-1.6393494712839678,-0.0425845944170761,60.06203964457264,US
NGHT,Nicholas Bitcoin And Treasuries Afterdark ETF,ETF,ETF,21.09600067138672,-0.3495484394924056,-0.016902217909779,39.30095450037871,US
NGL,NGL Energy Partners LP,Energy,Oil & Gas Midstream,15.5600004196167,2.6385262284344417,-0.0223764961112718,48.623967196871,US
NGNE,Neurogene Inc.,Healthcare,Biotechnology,34.900001525878906,-6.459393617544458,-0.110848331921157,49.92406575820212,US
NGS,"Natural Gas Services Group, Inc.",Energy,Oil & Gas Equipment & Services,36.470001220703125,-5.932419937849068,-0.1378532690846943,35.552117673631656,US
NGVC,"Natural Grocers by Vitamin Cottage, Inc.",Consumer Defensive,Grocery Stores,30.01000022888184,-8.310416594551056,-0.0185792612364976,41.73979819122875,US
NI,NiSource Inc.,Utilities,Utilities - Regulated Gas,46.68000030517578,1.5224027183742057,0.0467744955285467,49.87278503089301,US
NIE,Virtus Equity & Convertible Income Fund,Financial Services,Asset Management,25.899999618530277,-1.1827526774925867,-0.0214342932878395,41.78703800761014,US
NIHI,NEOS MSCI EAFE High Income ETF,ETF,ETF,51.09000015258789,0.1798503436297979,0.0004356755419658,50.896523812774376,US
NIKA,NIKA PHARMACEUTICALS INC.,Healthcare,Drug Manufacturers - Specialty & Generic,0.7689999938011169,0.0,-0.0022855681757146,71.17924673544911,US
NIKL,Sprott Nickel Miners ETF,ETF,ETF,12.859999656677246,-1.0007707215665926,-0.0297801338600154,42.54987442326521,US
NINE,"Nine Energy Service, Inc.",Energy,Oil & Gas Equipment & Services,12.40999984741211,9.628976872554736,0.0383359537278883,60.36269387465406,US
NIOG,Leverage Shares 2X Long NIO Daily ETF,ETF,ETF,9.884300231933594,-16.234745151152126,-0.0685336733254715,31.270883308045256,US
NISM,NYLI International Small-Mid Cap Equity ETF,EQUITY,EQUITY,24.190000534057617,-1.1846364934703697,-0.0153008416071444,43.44156609891264,US
NITE,The Nightview ETF,ETF,ETF,35.00699996948242,-5.567692329855916,-0.0799748626188295,32.24310280460374,US
NJR,New Jersey Resources Corporation,Utilities,Utilities - Regulated Gas,60.04999923706055,2.47440409675062,0.0416639306997619,64.86158477940677,US
NJUL,Innovator Nasdaq-100 Power Buffer ETF - July,ETF,ETF,74.58499908447266,-1.0900826468021336,-0.0422520037417996,33.79834807711859,US
NJUN,Innovator Growth-100 Power Buffer ETF - June,ETF,ETF,31.76000022888184,-0.7810000179949803,-0.0175838443581629,38.992105883280594,US
NKE,"NIKE, Inc.",Consumer Cyclical,Footwear & Accessories,41.70000076293945,-4.707490031095538,-0.029068629252185,43.35420705161713,US
NKLR,Terra Innovatum Global N.V.,Utilities,Utilities - Regulated Electric,5.050000190734863,10.021786990303688,-0.0244170757720395,49.80716261970202,US
NKTR,Nektar Therapeutics,Healthcare,Biotechnology,70.7249984741211,3.611187021311672,0.1266921150699022,55.4849068341153,US
NKX,Nuveen California AMT-Free Quality Municipal Income Fund,Financial Services,Asset Management,12.18000030517578,-2.4819813580719563,-0.0102957729779335,28.856944561224186,US
NLR,VanEck Uranium and Nuclear ETF,ETF,ETF,108.0999984741211,3.742803877255486,-0.0174736733149334,39.890666839307,US
NLSI,Neos Long/Short Equity Income ETF,ETF,ETF,52.86479949951172,1.0548043068970014,-0.0144585134396144,56.77443850802212,US
NMAI,Nuveen Multi-Asset Income Fund,Financial Services,Asset Management,13.760000228881836,-0.5061438554618646,-0.0056582472217385,47.31902020514877,US
NMAY,Innovator Growth-100 Power Buffer ETF - May,ETF,ETF,28.8799991607666,-0.6980057802179295,-0.0142574064085108,40.827091593518034,US
NMBL,NovaTide Flexible Allocation ETF,ETF,ETF,20.24430084228516,-0.5145220094937198,-0.0070092269612142,41.78477904763388,US
NMCO,Nuveen Municipal Credit Opportunities Fund,Financial Services,Asset Management,10.460000038146973,-3.2377462338908667,-0.0080556975112307,28.973338705469203,US
NMFC,New Mountain Finance Corporation,Financial Services,Asset Management,6.840000152587891,-3.7974680148571993,-0.0049609355057852,37.29500080786549,US
NML,Neuberger Berman Income Funds - Neuberger Energy Infrastructure and Income Fund Inc.,Financial Services,Asset Management,10.720000267028809,4.077670568120446,0.0061090226671917,70.23308206836873,US
NMM,Navios Maritime Partners L.P.,Industrials,Marine Shipping,79.0999984741211,10.830874919518282,0.2579857377045242,64.51684224577069,US
NMZ,Nuveen Municipal High Income Opportunity Fund,Financial Services,Asset Management,10.220000267028809,-0.8729403387476934,-0.0044072798671064,41.02698841600315,US
NNI,"Nelnet, Inc.",Financial Services,Credit Services,133.36000061035156,-0.685134180301435,0.0450741132323928,52.84883042311648,US
NNNN,Anbio Biotechnology,Healthcare,Medical Instruments & Supplies,9.899999618530272,4.320335693367471,0.053414305783126,30.576170254615548,US
NNOV,Innovator Growth-100 Power Buffer ETF - November,ETF,ETF,30.805099487304688,-0.6287113312752016,-0.0154459874022926,41.764677021167785,US
NOAH,Noah Holdings Limited,Financial Services,Asset Management,8.569999694824219,-3.599557211928416,-0.0142799433736966,38.47713778873749,US
NOBL,ProShares S&P 500 Dividend Aristocrats ETF,ETF,ETF,56.90999984741211,-0.0351316663559784,0.0347224640757631,57.14792320443898,US
NOC,Northrop Grumman Corporation,Industrials,Aerospace & Defense,542.239990234375,3.963031351476344,1.0680446318768193,55.1590721561818,US
NOCT,Innovator Growth-100 Power Buffer ETF - October,ETF,ETF,61.845401763916016,-0.3778995815385371,-0.0224843891700174,44.563987097489296,US
NODE,VanEck Onchain Economy ETF,ETF,ETF,39.04859924316406,4.83407992757319,-0.0479733270174695,41.97056606915123,US
NOEQ,NORTHERN TRUST US EQUITY ETF,ETF,ETF,28.38999938964844,-1.2521760360054348,-0.0176345026312416,44.27215086704658,US
NOG,"Northern Oil and Gas, Inc.",Energy,Oil & Gas E&P,21.18000030517578,-0.0471931506833285,-0.0873336880289282,56.39164543909413,US
NOMD,Nomad Foods Limited,Consumer Defensive,Packaged Foods,11.720000267028809,1.8245007295484093,-0.009924055584414,63.21900841933769,US
NORW,Global X MSCI Norway ETF,ETF,ETF,34.650001525878906,3.155705175575444,0.0011327762556317,61.556656934045584,US
NOV,NOV Inc.,Energy,Oil & Gas Equipment & Services,20.76000022888184,6.352457694871519,0.021772153611985,65.96951329932007,US
NOVM,FT Vest U.S. Equity Max Buffer ETF – November,ETF,ETF,33.83000183105469,0.0147851234366085,-0.0012148496059916,57.77238023169014,US
NOVP,PGIM S&P 500 Buffer 12 ETF - Nov,ETF,ETF,32.43000030517578,-0.9589518110200996,-0.0162676276301425,47.82132711525963,US
NOVT,Novanta Inc.,Technology,Scientific & Technical Instruments,141.5399932861328,-4.821473407320997,-0.0226873712853925,39.25811914133836,US
NOW,"ServiceNow, Inc.",Technology,Software - Application,98.77999877929688,-4.320030198332485,0.1790007320973496,45.70192640178407,US
NOWL,GraniteShares 2x Long NOW Daily ETF,ETF,ETF,4.179999828338623,-9.913794210847326,0.0120948165743682,43.64607757897342,US
NP,Neptune Insurance Holdings Inc.,Financial Services,Insurance Brokers,30.239999771118164,-2.54592619415358,0.0160271662453491,49.14406115437942,US
NPAC,New Providence Acquisition Corp. III,Financial Services,Shell Companies,10.390000343322754,-0.048101146904554,-0.0004165902509314,57.83703961762914,US
NPB,"Northpointe Bancshares, Inc.",Financial Services,Banks - Regional,17.190000534057617,-8.515169257642489,-0.0229510432001457,37.73102859438796,US
NPCE,"NeuroPace, Inc.",Healthcare,Medical Devices,14.8100004196167,-7.898006903700601,0.0024075696210432,38.81611801149354,US
NPFE,NPF Core Equity ETF,ETF,ETF,27.01499938964844,-0.716647193624843,-0.0020168361538634,47.21137045410556,US
NPFI,Nuveen Preferred And Income ETF,ETF,ETF,25.850000381469727,-0.6533438635786873,-0.0042572432047767,37.02020364057776,US
NPK,"National Presto Industries, Inc.",Industrials,Aerospace & Defense,124.4000015258789,2.428986950813929,0.1786540712276925,48.85552720124997,US
NPKI,NPK International Inc.,Industrials,Building Products & Equipment,14.350000381469728,0.0697366023390957,-0.0112449795483514,45.622620679203855,US
NPO,Enpro Inc.,Industrials,Specialty Industrial Machinery,333.8800048828125,3.4709348150644934,0.3394744519420438,48.97294734843508,US
NRC,NRC Health,Healthcare,Health Information Services,21.040000915527344,-3.397611330526255,-0.0128664686550921,49.86283588770127,US
NRDS,"NerdWallet, Inc.",Communication Services,Internet Content & Information,8.880000114440918,-4.103672840694992,-0.0050681834063781,44.35197490629111,US
NRES,Xtrackers RREEF Global Natural Resources ETF,ETF,ETF,32.632198333740234,2.9244548565379644,0.0046067988672735,60.57155689997064,US
NRG,"NRG Energy, Inc.",Utilities,Utilities - Independent Power Producers,141.02999877929688,9.232435994574391,0.2679885936714102,54.5544118958453,US
NRGV,"Energy Vault Holdings, Inc.",Utilities,Utilities - Renewable,2.880000114440918,-6.493500461665078,-0.0135526167268847,35.022476759892925,US
NRIM,"Northrim BanCorp, Inc.",Financial Services,Banks - Regional,27.09000015258789,-2.69396550247606,-0.0352802206756559,51.58618993977412,US
NRK,Nuveen New York AMT-Free Quality Municipal Income Fund,Financial Services,Asset Management,10.31999969482422,-2.6415158166879684,-0.007228754282857,32.91037867744204,US
NRP,Natural Resource Partners L.P.,Energy,Thermal Coal,98.0,1.6597494282109204,0.081697144014232,43.78995830597012,US
NRSH,Aztlan North America Nearshoring Stock Selection ETF,ETF,ETF,31.856000900268555,-0.081547798879473,0.0166498025663843,45.1595523400722,US
NSA,National Storage Affiliates Trust,Real Estate,REIT - Industrial,44.5,-0.5808720538046195,-0.0189901318328082,50.01589761815814,US
NSC,Norfolk Southern Corporation,Industrials,Railroads,350.6600036621094,3.0867826572667694,0.466116803471106,73.18512547247943,US
NSCI,Nuveen Securitized Income ETF,EQUITY,EQUITY,25.18000030517578,-0.0793668934847243,0.0012596468097215,62.33480142741267,US
NSP,"Insperity, Inc.",Industrials,Staffing & Employment Services,48.34999847412109,-2.421797742515244,-0.1490608485283178,61.51418146120802,US
NSSC,"Napco Security Technologies, Inc.",Industrials,Security & Protection Services,35.7400016784668,-1.0520411535298466,0.0163681784102715,42.42018593840514,US
NTAP,"NetApp, Inc.",Technology,Software - Infrastructure,167.74000549316406,2.3553822890789977,0.1771370354633217,56.71391292527556,US
NTES,"NetEase, Inc.",Communication Services,Electronic Gaming & Multimedia,119.5500030517578,-8.942029731686343,-0.2927472312061967,40.28736355293056,US
NTGR,"NETGEAR, Inc.",Technology,Communication Equipment,24.93000030517578,11.145786740908418,0.0150625504218159,61.76195241056776,US
NTRA,"Natera, Inc.",Healthcare,Diagnostics & Research,261.989990234375,-3.463658906625369,-0.1372825286804264,52.073438752221016,US
NTRL,First Trust Equity Market Neutral ETF,EQUITY,EQUITY,21.030000686645508,0.0,0.0052665570782173,54.82863138823128,US
NTRS,Northern Trust Corporation,Financial Services,Asset Management,180.5200042724609,-2.252538752599728,-0.0615204637607278,51.990938662435056,US
NTSE,WisdomTree Emerging Markets Efficient Core Fund,ETF,ETF,44.35049819946289,-1.040906641081574,-0.0272248633251219,39.72860034628255,US
NTSI,WisdomTree International Efficient Core Fund,ETF,ETF,46.51369857788086,-0.3733317950786581,0.0016282191844859,48.93788311912452,US
NTSK,"Netskope, Inc.",Technology,Software - Infrastructure,11.529999732971191,-15.158207479669686,-0.0669193477122581,47.49122227178996,US
NTST,NETSTREIT Corp.,Real Estate,REIT - Retail,22.200000762939453,-0.2695393770236124,0.0162447890664137,61.27519109073348,US
NU,Nu Holdings Ltd.,Financial Services,Banks - Regional,14.09000015258789,3.679175823296712,-0.0224713283744663,57.957065501480734,US
NUAI,"New Era Energy & Digital, Inc.",Technology,Software - Infrastructure,4.775000095367432,17.17792193537622,-0.0384428720352512,47.571560232850885,US
NUDM,Nuveen ESG International Developed Markets Equity ETF,ETF,ETF,39.650001525878906,-0.3017322869085864,-0.0001324637599237,49.30894716916695,US
NUE,Nucor Corporation,Basic Materials,Steel,247.55999755859372,4.627867342883195,0.6132688967716902,61.31755313766427,US
NUGO,Nuveen Growth Opportunities ETF,ETF,ETF,41.61000061035156,-1.093413567410244,-0.0474613268713731,42.61437069517232,US
NUGT,Direxion Daily Gold Miners Index Bull 2X Shares,ETF,ETF,114.3000030517578,10.466803617750156,0.1856112407838139,45.55496899914545,US
NUGY,Graniteshares YieldBOOST Gold Miners ETF,ETF,ETF,13.1899995803833,0.6870167655939942,-0.0083002649249941,43.879534051831975,US
NUKX,Nicholas Nuclear Income ETF,EQUITY,EQUITY,35.196998596191406,2.316727038240628,-0.0038384942981506,39.38969644103811,US
NUKZ,Range Nuclear Renaissance ETF,ETF,ETF,64.21700286865234,2.8624099867710724,0.036465776790183,42.2825299992682,US
NULC,Nuveen ESG Large-Cap ETF,ETF,ETF,53.587501525878906,-0.0046624868480499,-0.0057401069213218,47.23219683386096,US
NULG,Nuveen ESG Large-Cap Growth ETF,ETF,ETF,111.86000061035156,-0.4254987956697083,-0.0424831851115634,44.95927325292247,US
NUMI,Nuveen Municipal Income ETF,ETF,ETF,24.7450008392334,-1.1188762580021947,-0.0051612571016179,22.714791536663117,US
NUSA,Nuveen ESG 1-5 Year U.S. Aggregate Bond ETF,ETF,ETF,23.024999618530277,-0.3462450780828343,-0.0002318265829899,44.41526790866815,US
NUSB,Nuveen Ultra Short Income ETF,ETF,ETF,25.229999542236328,0.0,-0.0003976267465141,84.54564930101859,US
NUV,"Nuveen Municipal Value Fund, Inc.",Financial Services,Asset Management,9.079999923706056,-0.5476472081942036,-0.0036088738814162,42.98128082228155,US
NUVB,Nuvation Bio Inc.,Healthcare,Biotechnology,6.420000076293945,10.689652847761849,-0.0057623615545239,62.820389158480246,US
NVAX,"Novavax, Inc.",Healthcare,Biotechnology,7.460000038146973,-9.135200931975607,-0.0112527660131689,29.573956684461866,US
NVBT,Allianzim U.S. Equity Buffer10 Nov ETF,ETF,ETF,39.395599365234375,-0.4784633664740285,-0.0120458734752058,46.65446836625461,US
NVCR,NovoCure Limited,Healthcare,Medical Devices,17.649999618530273,10.866831243376843,0.0095943723914043,54.994383024924126,US
NVCT,"Nuvectis Pharma, Inc.",Healthcare,Biotechnology,19.309999465942383,0.8881926944359628,0.0172772350407024,54.62004546620421,US
NVD,Graniteshares 2x Short NVDA Daily ETF,ETF,ETF,4.769999980926514,-4.024141201370643,0.0118554396265631,46.95122241922746,US
NVDA,NVIDIA Corporation,Technology,Semiconductors,206.83999633789065,1.9870809268821028,-0.2344883948660449,51.08718975944382,US
NVDD,Direxion Daily NVDA Bear 1X Shares,ETF,ETF,32.790000915527344,-2.031670990066059,0.0387095525244526,48.00134842911924,US
NVDL,GraniteShares 2x Long NVDA Daily ETF,ETF,ETF,31.489999771118164,3.9960338739566352,-0.0670482134457663,49.83853331365231,US
NVDQ,T-Rex 2X Inverse NVIDIA Daily Target ETF,ETF,ETF,10.84000015258789,-4.409171016509162,0.0258335166322946,46.3963993647727,US
NVDS,Tradr 1.5X Short NVDA Daily ETF,ETF,ETF,21.399999618530277,-3.254978270281466,0.0378191864481395,47.37533783192354,US
NVDU,Direxion Daily Nvda Bull 2X Shares,ETF,ETF,125.22000122070312,3.908388516289495,-0.2780882799657431,49.76663211916263,US
NVEC,NVE Corporation,Technology,Semiconductors,117.5500030517578,36.19511803595636,0.8541271319264552,61.02132371866152,US
NVGS,Navigator Holdings Ltd.,Energy,Oil & Gas Midstream,21.709999084472656,4.828585437986577,0.005163509503748,56.20840875107082,US
NVIR,Horizon Kinetics Energy Remediation ETF,ETF,ETF,39.48870086669922,1.1908123895945486,-0.0266550665672908,56.95619259092609,US
NVIT,YieldMax NVDA Performance & Distribution Target 25 ETF,ETF,ETF,49.33000183105469,1.5063669684068444,-0.0480142701425404,53.876500923218295,US
NVOH,Novo Nordisk A/S (B Shares) ADRhedged,ETF,ETF,26.679000854492188,-2.460509088880482,0.0008233726937598,55.551742021095606,US
NVRI,Enviri Corporation,Industrials,Waste Management,22.07999992370605,-3.62287179936324,-0.026546821558012,49.94180253945349,US
NVST,Envista Holdings Corporation,Healthcare,Medical Instruments & Supplies,26.32999992370605,-1.533282912945084,-0.0086761270970597,52.01244801076856,US
NVT,nVent Electric plc,Industrials,Electrical Equipment & Parts,151.7899932861328,-2.0204008002886287,-0.3431255846290713,42.12435043202641,US
NVTS,Navitas Semiconductor Corporation,Technology,Semiconductors,10.920000076293944,-4.712041536261136,-0.0213762216262649,32.31953504285475,US
NWAX,New America Acquisition I Corp.,Financial Services,Shell Companies,10.145000457763672,0.2470412301117203,0.0018472364621743,54.157497945681406,US
NWBI,"Northwest Bancshares, Inc.",Financial Services,Banks - Regional,15.399999618530272,-0.8370902554809408,-0.0022061467346709,60.476755390611714,US
NWE,"NorthWestern Energy Group, Inc.",Utilities,Utilities - Regulated Electric,72.86000061035156,1.1101902287844383,0.0176193356916369,56.2719896558697,US
NWN,Northwest Natural Holding Company,Utilities,Utilities - Regulated Gas,51.68000030517578,0.9374990919605032,0.0058819165994035,58.53044166061738,US
NWPX,"NWPX Infrastructure, Inc.",Basic Materials,Steel,129.30999755859375,-6.432705923269929,-0.2100403279215155,43.23005404110288,US
NX,Quanex Building Products Corporation,Industrials,Building Products & Equipment,18.600000381469727,2.366539919484065,0.007378598109394,57.40824087008805,US
NXDR,"Nextdoor Holdings, Inc.",Communication Services,Internet Content & Information,2.190000057220459,-8.368202464649459,-0.0090519660437072,43.28036179112611,US
NXP,Nuveen Select Tax-Free Income Portfolio,Financial Services,Asset Management,14.279999732971191,-1.1764711317500756,-0.0053674918123778,47.95090031971652,US
NXPI,NXP Semiconductors N.V.,Technology,Semiconductors,269.239990234375,1.0167678938542912,-0.1825405723553927,42.67382959940872,US
NXRT,"NexPoint Residential Trust, Inc.",Real Estate,REIT - Residential,26.06999969482422,-1.955624124782348,0.0233593401506172,39.01190825863318,US
NXST,"Nexstar Media Group, Inc.",Communication Services,Broadcasting,183.30999755859372,-0.2177394483994883,-0.0981831214870806,55.87581621675245,US
NXTE,Axs Green Alpha ETF,ETF,ETF,45.68000030517578,-1.0312807501918673,0.007251389773123,37.94557932451787,US
NXTG,First Trust IndXX NextG ETF,ETF,ETF,145.0718994140625,0.5418990673727017,0.0194904784152654,43.07113387136026,US
NXUS,Nuveen International Aggregate Bond ETF,EQUITY,EQUITY,24.69499969482422,-0.3430225563597259,0.0021446751439266,39.04905017104958,US
NYSX,Global X NYSE 100 ETF,EQUITY,EQUITY,118.7689971923828,-2.2074926498367264,-0.1625425669527436,39.3097976087574,US
NZAC,State Street SPDR MSCI ACWI Climate Paris Aligned ETF,ETF,ETF,45.047698974609375,-0.802210394185115,-0.0146302402932977,43.75074714063828,US
O,Realty Income Corporation,Real Estate,REIT - Retail,65.5999984741211,-0.1674031530728719,0.0056499144844546,62.89843744787768,US
OACP,OneAscent Core Plus Bond ETF,ETF,ETF,22.44499969482422,-0.7517138094825632,-0.0005863689390308,36.71313926531769,US
OAKI,Oakmark International Large Cap ETF,EQUITY,EQUITY,25.82069969177246,-0.9448718647594888,0.0024642895571672,49.10634826078043,US
OAKM,Oakmark U.S. Large Cap ETF,ETF,ETF,29.31999969482422,0.1708207594075555,0.0072498481148072,58.615781053338814,US
OALC,OneAscent Large Cap Core ETF,ETF,ETF,39.66299819946289,-0.3467261948975775,-0.008957931088587,43.06422667544413,US
OARK,YieldMax Innovation Option Income Strategy ETF,ETF,ETF,27.553699493408203,-3.966503453990612,-0.0525057944335427,35.237338400181955,US
OASC,OneAscent Enhanced Small and Mid Cap ETF,ETF,ETF,34.194698333740234,-0.3302446307589055,-0.0148610723080748,44.359527358582326,US
OBDC,Blue Owl Capital Corporation,Financial Services,Asset Management,10.770000457763672,-2.0018136299934484,-0.0056207128511604,47.49841560339867,US
OBK,"Origin Bancorp, Inc.",Financial Services,Banks - Regional,53.619998931884766,2.582740505640417,0.0883596210429886,66.25686595650691,US
OBND,State Street Loomis Sayles Opportunistic Bond ETF,ETF,ETF,25.36009979248047,-0.956452857387827,-0.0027344126746785,33.70179813932164,US
OBOR,KraneShares MSCI One Belt One Road Index ETF,ETF,ETF,26.10700035095215,1.3706633720700732,0.0032747012353349,48.59997243484867,US
OBT,"Orange County Bancorp, Inc.",Financial Services,Banks - Regional,37.68999862670898,0.3461055608757513,0.0165180760764114,57.505960847214375,US
OBTC,Osprey Bitcoin Trust,ETF,ETF,20.61470031738281,-0.0741582356090632,-0.0474298525433733,48.79287094725602,US
OCFC,OceanFirst Financial Corp.,Financial Services,Banks - Regional,19.559999465942383,-1.8072319727547883,-0.0175899686000793,55.910129517881145,US
OCGN,"Ocugen, Inc.",Healthcare,Biotechnology,1.2100000381469729,-11.029409895615611,-0.00350328364948,32.525151139652024,US
OCIO,ClearShares OCIO ETF,ETF,ETF,36.76060104370117,-0.1965605273650905,-0.0080983466839559,43.721641329556206,US
OCS,Oculis Holding AG,Healthcare,Biotechnology,11.130000114440918,-8.695648092131044,-0.0355412003414434,30.075805508444432,US
OCTH,Innovator Premium Income 20 Barrier ETF - October,ETF,ETF,24.020000457763672,-0.0416155996507877,-0.0015724966752767,56.60369550599634,US
OCTJ,Innovator Premium Income 30 Barrier ETF - October,ETF,ETF,24.01499938964844,0.0833446539511685,-0.0003038797079677,64.51736617596336,US
OCTM,FT Vest U.S. Equity Max Buffer ETF – October,ETF,ETF,33.654998779296875,-0.2075602609083379,-0.0059180764140095,52.954683370092894,US
OCTP,PGIM S&P 500 Buffer 12 ETF - Oct,ETF,ETF,32.304500579833984,0.0449045026185432,-0.0082238585059907,50.83832282413324,US
OCTT,AllianzIM U.S. Equity Buffer10 Oct ETF,ETF,ETF,46.52930068969727,-0.3057511840216236,-0.0114069848162375,48.8150601099399,US
OCTU,AllianzIM U.S. Equity Buffer15 Uncapped Oct ETF,ETF,ETF,29.99099922180176,-1.6043317840505853,-0.0226874987808526,43.341581243226514,US
OCTV,Octave Intelligence plc,Technology,Software - Application,16.31999969482422,-0.7902800126800995,0.0394123984829949,44.66652340477084,US
OCUL,"Ocular Therapeutix, Inc.",Healthcare,Biotechnology,8.505000114440918,-5.183948035064169,0.0029061967989569,37.85506491129473,US
ODC,Oil-Dri Corporation of America,Basic Materials,Specialty Chemicals,98.79000091552734,1.6253490854183754,0.2858917136816621,54.46017915711838,US
ODD,Oddity Tech Ltd.,Consumer Defensive,Household & Personal Products,15.34000015258789,-6.033694115271851,-0.0512551857164633,49.49656668648702,US
ODDS,Pacer BlueStar Digital Entertainment ETF,ETF,ETF,24.07410049438477,-3.044298959500221,-0.0130207610423881,42.504629355111724,US
ODFL,"Old Dominion Freight Line, Inc.",Industrials,Trucking,232.9900054931641,-0.3634924983057027,-0.1223825036165595,56.19332085129169,US
ODHY,Obra Defensive High Yield ETF,ETF,ETF,9.92300033569336,-0.5213036971203148,-0.0027423875817412,38.49569788587692,US
ODTX,"Odyssey Therapeutics, Inc.",Healthcare,Biotechnology,18.65999984741211,5.962516755640163,0.035735988083461,58.31553329001249,US
OEC,Orion S.A.,Basic Materials,Specialty Chemicals,6.989999771118164,2.0437936997767774,-0.0194633229440487,54.18631184784375,US
OEF,iShares S&P 100 ETF,ETF,ETF,363.2300109863281,-0.9975751631225166,-0.2357055494282903,44.06053965739834,US
OFG,OFG Bancorp,Financial Services,Banks - Regional,52.400001525878906,4.65348880618336,-0.0060466163429213,66.46063701411421,US
OFIX,Orthofix Medical Inc.,Healthcare,Medical Devices,11.25,-2.849740292575423,-0.014670183467686,54.39073987715855,US
OFRM,"Once Upon A Farm, PBC",Consumer Defensive,Packaged Foods,15.050000190734863,-17.17116055288127,-0.004398351958066,35.4794319667656,US
OGS,"ONE Gas, Inc.",Utilities,Utilities - Regulated Gas,80.52999877929688,0.990721014160306,0.0148815715925703,56.483593323329686,US
OGSP,Obra High Grade Structured Products ETF,ETF,ETF,10.010000228881836,0.0,-0.0006120413943086,62.50914268620049,US
OI,"O-I Glass, Inc.",Consumer Cyclical,Packaging & Containers,9.079999923706056,-0.219785240936898,0.0142308539411994,48.15398006641148,US
OII,"Oceaneering International, Inc.",Energy,Oil & Gas Equipment & Services,52.72999954223633,24.7161803799684,0.3792267492438721,83.51525706537078,US
OILK,ProShares K-1 Free Crude Oil ETF,ETF,ETF,54.83000183105469,3.5896495653205465,-0.040937583782993,65.63468406139953,US
OIO,OIO Group,Financial Services,Asset Management,1.9800000190734863,-6.16113187135656,-0.0045730780946736,42.669099255594126,US
OIS,"Oil States International, Inc.",Energy,Oil & Gas Equipment & Services,8.670000076293945,2.8469722708172505,-0.0066928917297703,58.10384184189481,US
OKE,"ONEOK, Inc.",Energy,Oil & Gas Midstream,93.16000366210938,-0.3849369053454957,-0.0294644792979243,58.98671481324263,US
OKLL,Defiance Daily Target 2X Long OKLO ETF,ETF,ETF,2.75,-5.821920268910022,-0.0148742832361802,31.07081881889408,US
OKLS,Defiance Daily Target 2X Short OKLO ETF,ETF,ETF,37.06999969482422,0.6243201446354266,0.1790228351468017,65.24223054766132,US
OKTA,"Okta, Inc.",Technology,Software - Infrastructure,138.5,-7.264817984671125,-0.1193579444921155,53.04668573134148,US
OKTG,Leverage Shares 2X Long OKTA Daily ETF,ETF,ETF,28.55470085144043,-14.856123336081811,-0.0474330045312774,50.48269310804092,US
OLED,Universal Display Corporation,Technology,Electronic Components,79.2699966430664,-1.1349509337063852,-0.0644138038835713,40.30977520494232,US
OLLI,"Ollie's Bargain Outlet Holdings, Inc.",Consumer Defensive,Discount Stores,66.30999755859375,-0.3007135336231914,0.0739250517179126,41.33807092577756,US
OLP,"One Liberty Properties, Inc.",Real Estate,REIT - Diversified,25.1299991607666,-0.4358185869614583,-0.0043980074550814,57.36246690542449,US
OMAH,VistaShares Target 15 Berkshire Select Income ETF,ETF,ETF,18.780000686645508,-1.4690387573052903,-0.0062658206225948,51.25994335002323,US
OMC,Omnicom Group Inc.,Communication Services,Advertising Agencies,79.66000366210938,-2.5327292423861247,-0.0282995928053213,52.80000072490909,US
OMCL,"Omnicell, Inc.",Healthcare,Health Information Services,41.0,-10.616958895326183,-0.0472824728528751,42.91572192329826,US
OMDA,"Omada Health, Inc.",Healthcare,Health Information Services,20.530000686645508,-13.37552731749692,-0.1159892738041128,42.33643783610687,US
OMER,Omeros Corporation,Healthcare,Biotechnology,9.789999961853027,1.0319957254917749,-0.0094297807150543,47.046803981602736,US
OMF,"OneMain Holdings, Inc.",Financial Services,Credit Services,59.7400016784668,-0.9286858468972814,0.0089742077199855,53.5237945609143,US
OMFL,Invesco Russell 1000 Dynamic Multifactor ETF,ETF,ETF,68.31999969482422,-0.5096817874670831,-0.0060757106035834,49.1678888559328,US
ON,ON Semiconductor Corporation,Technology,Semiconductors,86.80999755859375,-0.6409581897491573,-0.0784179636830257,40.00762245887692,US
OND,ProShares On-Demand ETF,ETF,ETF,32.97800064086914,-4.937883479264107,-0.0563276421224825,34.71128750837812,US
ONDG,Leverage Shares 2X Long ONDS Daily ETF,ETF,ETF,2.809999942779541,40.49999713897705,0.0077519405392884,45.0014972724119,US
ONDS,Ondas Inc.,Technology,Communication Equipment,7.800000190734863,19.540231061033182,0.0128496801617155,48.33519490713732,US
ONDU,Tradr 2X Long ONDS Daily ETF,ETF,ETF,4.519999980926514,40.80996657980605,0.0141408355343219,45.0443287845492,US
ONEQ,Fidelity Nasdaq Composite Index ETF,ETF,ETF,98.3499984741211,-2.090590878965519,-0.1075899492213308,38.70914257804623,US
ONEV,State Street SPDR Russell 1000 Low Volatility Focus ETF,ETF,ETF,146.90899658203125,0.3065614144352972,0.098439849510624,60.958184626585634,US
ONEY,State Street SPDR Russell 1000 Yield Focus ETF,ETF,ETF,132.0,0.4138315283629905,0.0772016751231188,59.74365225761106,US
ONLN,ProShares Online Retail ETF,ETF,ETF,54.75,-4.898384071170576,-0.1178323625895808,41.46793445185923,US
ONT,"Onterris, Inc.",Industrials,Waste Management,19.65999984741211,-6.067847296923419,0.0199224594091576,50.20083786707536,US
OOMA,"Ooma, Inc.",Technology,Software - Application,20.020000457763672,-3.1446522309196623,-0.0240272563683178,54.13774977714927,US
OOSP,Obra Opportunistic Structured Products ETF,ETF,ETF,10.125,0.0,-0.0008768932675363,53.031624070258026,US
OPAL,OPAL,N/A,N/A,2.2100000381469727,-12.648218848279932,-0.0173252534493225,49.11470826413701,US
OPEN,Opendoor Technologies Inc.,Real Estate,Real Estate Services,3.8350000381469727,-14.777776930067274,-0.0190724378076121,34.8076782825526,US
OPFI,OppFi Inc.,Financial Services,Credit Services,9.020000457763672,-3.837949384702149,-0.0055278346202814,47.32269677565024,US
OPLN,"OPENLANE, Inc.",Consumer Cyclical,Auto & Truck Dealerships,39.31999969482422,-0.3547881218870242,0.0175578874665681,49.680449371417886,US
OPPE,WisdomTree European Opportunities Fund,ETF,ETF,57.675201416015625,0.7955263642109137,0.005950485839141,58.37665433944952,US
OPRA,Opera Limited,Communication Services,Internet Content & Information,18.479999542236328,-4.5454599192765945,-0.0284860141107204,45.270667964210354,US
OPTU,"Optimum Communications, Inc.",Communication Services,Telecom Services,0.8062000274658203,-6.364689183930726,0.0021515237969486,36.41063692458345,US
OPTX,"Syntec Optics Holdings, Inc.",Technology,Electronic Components,7.050000190734863,-5.874493909598803,-0.0106622753468356,36.45120518880562,US
ORA,"Ormat Technologies, Inc.",Utilities,Utilities - Renewable,99.4000015258789,-5.062077914847793,-0.1545765808942398,26.92297169322404,US
ORC,"Orchid Island Capital, Inc.",Real Estate,REIT - Mortgage,6.539999961853027,-4.525546672926112,-0.0091603980220542,40.18240864828634,US
ORCL,Oracle Corporation,Technology,Software - Infrastructure,114.98999786376952,-9.03409972905722,-0.205881664672848,27.51458914229308,US
ORCX,Defiance Daily Target 2X Long ORCL ETF,ETF,ETF,13.890000343322754,-18.004723108496272,-0.0403456640913431,27.663514951543377,US
ORKA,"Oruka Therapeutics, Inc.",Healthcare,Biotechnology,92.16000366210938,-0.58251704844641,-0.0580852874600594,60.83954752532172,US
ORLY,"O'Reilly Automotive, Inc.",Consumer Cyclical,Auto Parts,87.4000015258789,1.5688534877902207,0.0920181046232267,50.38017023335694,US
ORN,"Orion Group Holdings, Inc.",Industrials,Engineering & Construction,12.6899995803833,-0.8593797555658258,0.0109441397620783,36.61558116768508,US
ORO,Arrow Valtoro ETF,ETF,ETF,18.12019920349121,-0.048543806787653,-0.0241866388151286,45.00191238910341,US
ORRF,"Orrstown Financial Services, Inc.",Financial Services,Banks - Regional,42.560001373291016,2.951139855346016,0.0518273774496813,66.65578709496496,US
OSBC,"Old Second Bancorp, Inc.",Financial Services,Banks - Regional,24.030000686645508,1.6497517219388989,0.025133444105282,66.30815254030387,US
OSCR,"Oscar Health, Inc.",Healthcare,Healthcare Plans,28.190000534057617,-3.1271472009724723,-0.0568710882248391,45.7842162364196,US
OSCV,Opus Small Cap Value Plus ETF,ETF,ETF,42.540000915527344,0.1176729467767604,0.0044430676589359,61.35800592026588,US
OSEA,Harbor International Compounders ETF,ETF,ETF,29.489999771118164,-0.5396284973714291,0.0038142635048209,43.08551762915133,US
OSPN,OneSpan Inc.,Technology,Software - Infrastructure,15.149999618530272,-2.068523871848613,-0.0066442079768591,56.448007849159,US
OSS,"One Stop Systems, Inc.",Technology,Computer Hardware,12.489999771118164,-1.0301118511869052,0.003342807946718,39.45819339680512,US
OTCM,OTC Markets Group Inc.,Financial Services,Financial Data & Stock Exchanges,54.47999954223633,2.560242164340925,0.0678789419395606,62.49078667033726,US
OTF,Blue Owl Technology Finance Corp.,Financial Services,Asset Management,9.949999809265137,-1.4851541241502622,-0.0009692743663691,40.53236313428771,US
OTGL,OTG Latin America ETF,ETF,ETF,10.64150047302246,0.0611212411916274,-0.0082547008828896,50.66573697236817,US
OTIS,Otis Worldwide Corporation,Industrials,Specialty Industrial Machinery,71.93000030517578,-2.0694305054056,0.0353635915944195,48.10237622591979,US
OUT,OUTFRONT Media Inc.,Real Estate,REIT - Specialty,32.029998779296875,-3.553147659457452,-0.0005454857806482,45.10048872621576,US
OVID,Ovid Therapeutics Inc.,Healthcare,Biotechnology,2.3299999237060547,-4.508202087491409,-0.0011892334290244,42.25498109168696,US
OVS,Overlay Shares Small Cap Equity ETF,ETF,ETF,41.40629959106445,-1.0791296752777588,-0.0135399954901941,48.97712952874028,US
OVT,Overlay Shares Short Term Bond ETF,ETF,ETF,21.66710090637207,-0.6551974464440365,-0.00182836954321,40.13650863225587,US
OWLS,Obook Holdings Inc.,Technology,Software - Infrastructure,5.449999809265137,-1.8018086132080968,0.0014909210086973,38.7458521496694,US
OWN,Inside Ownership 100 ETF,ETF,ETF,23.5,-3.052804365121612,-0.0281000908194115,36.52957805758238,US
OXLC,Oxford Lane Capital Corp.,Financial Services,Asset Management,8.5,-3.078682367965592,-0.0196444809470465,38.003701600654914,US
OXM,"Oxford Industries, Inc.",Consumer Cyclical,Apparel Manufacturing,38.650001525878906,-4.4026682311674445,-0.1442580376685397,52.2113279903605,US
OXY,Occidental Petroleum Corporation,Energy,Oil & Gas E&P,57.29999923706055,4.447682463657465,-0.056358304342836,63.1943995635756,US
OZK,Bank OZK,Financial Services,Banks - Regional,50.33000183105469,-3.2301414049132218,-0.0392820894854866,49.45939191744655,US
P,"Everpure, Inc.",Technology,Computer Hardware,74.55999755859375,7.466129302737312,0.096067546045528,50.2751380644358,US
PAAA,PGIM AAA CLO ETF,ETF,ETF,51.43999862670898,0.0778153689546883,1.4955016739218174e-05,89.19591028264402,US
PAB,PGIM Active Aggregate Bond ETF,ETF,ETF,41.63600158691406,-0.6182094952134405,0.0040736394667458,40.55812982257548,US
PACB,"Pacific Biosciences of California, Inc.",Healthcare,Medical Devices,1.3600000143051147,-5.555558315029741,0.0003247276816761,41.59492205435826,US
PACK,Ranpak Holdings Corp.,Consumer Cyclical,Packaging & Containers,6.46999979019165,-4.992660138688894,-0.0068061484272605,44.96186072978011,US
PACS,"PACS Group, Inc.",Healthcare,Medical Care Facilities,46.84999847412109,1.560800757283132,0.0711397889796858,66.82907031142827,US
PAGP,"Plains GP Holdings, L.P.",Energy,Oil & Gas Midstream,26.450000762939453,3.2799692798459463,-0.009675218922423,71.99875722245865,US
PAHC,Phibro Animal Health Corporation,Healthcare,Drug Manufacturers - Specialty & Generic,34.03499984741211,2.1765188959206103,-0.0222260622407412,53.9937191270932,US
PALC,Pacer Lunt Large Cap Multi-Factor Alternator ETF,ETF,ETF,55.290000915527344,-0.4967083597241687,-0.0057306460774436,40.08083375223096,US
PALL,abrdn Physical Palladium Shares ETF,ETF,ETF,22.559999465942383,-0.6167457810205877,-0.0455639563583578,45.39835161637163,US
PALU,Direxion Daily PANW Bull 2X Shares,ETF,ETF,45.52999877929688,-18.768957361212227,-0.2636794006144223,48.52162968913409,US
PAMC,Pacer Lunt MidCap Multi-Factor Alternator ETF,ETF,ETF,54.470001220703125,1.286774042069632,0.0194112397215347,52.59883298582578,US
PANG,Leverage Shares 2X Long PANW Daily ETF,ETF,ETF,27.960599899291992,-19.015816751344413,-0.1668697829262488,48.206181796147725,US
PANL,Pangaea Logistics Solutions Ltd.,Industrials,Marine Shipping,7.659999847412109,8.961587749667146,0.0033894879546405,61.34936044432693,US
PANW,"Palo Alto Networks, Inc.",Technology,Software - Infrastructure,323.7900085449219,-9.72732933068759,-0.9237229525457096,50.39819870371629,US
PAPR,Innovator U.S. Equity Power Buffer ETF - April,ETF,ETF,42.25260162353516,0.0061576888406065,-0.0062540900600619,51.0479266680724,US
PAR,PAR Technology Corporation,Technology,Software - Application,15.4399995803833,-5.565754005227886,0.0029657883594545,44.0059237097259,US
PATH,"UiPath, Inc.",Technology,Software - Infrastructure,10.84000015258789,-10.781888947094858,-0.0151294542394956,44.46198721621334,US
PATN,Pacer Nasdaq International Patent Leaders ETF,ETF,ETF,34.00310134887695,-0.7150774991234038,-0.0154635507005856,39.90875828179274,US
PATX,Tradr 2X Long PATH Daily ETF,ETF,ETF,7.5,-21.46597015488769,-0.0281259383882834,42.51871972876747,US
PAUG,Innovator U.S. Equity Power Buffer ETF - August,ETF,ETF,45.85699844360352,0.1681949898641374,-0.0010258554854676,66.09578139670312,US
PAVE,Global X U.S. Infrastructure Development ETF,ETF,ETF,57.68999862670898,2.468915468001364,0.0771455051859785,55.01827807375269,US
PAWZ,ProShares Pet Care ETF,ETF,ETF,48.89889907836914,-1.2542434847598145,-0.0228815625997738,52.48511226675146,US
PAX,Patria Investments Limited,Financial Services,Asset Management,10.800000190734863,-1.907357255053391,-0.0091570527383915,40.203414244394224,US
PAYC,"Paycom Software, Inc.",Technology,Software - Application,145.35000610351562,-1.7507072429016823,0.0761668228850247,56.43356509179109,US
PAYH,TrueShares S&P Autocallable High Income ETF,ETF,ETF,24.3700008392334,-3.1322047745427266,-0.0290966801704687,41.225132050175,US
PAYS,"Paysign, Inc.",Technology,Software - Infrastructure,8.6899995803833,1.6374197254421896,-0.006115464199321,56.79109625852008,US
PAYX,"Paychex, Inc.",Technology,Software - Application,113.5500030517578,-0.7343267264381499,-0.0107472505105179,64.68901719656583,US
PB,"Prosperity Bancshares, Inc.",Financial Services,Banks - Regional,73.1500015258789,-0.4626430096254537,-0.0006420908100628,55.43511576333337,US
PBAM,"Private Bancorp of America, Inc.",Financial Services,Banks - Regional,81.05000305175781,1.9496893732802676,-0.0411316391972125,78.35131340993686,US
PBAP,PGIM S&P 500 Buffer 20 ETF - April,ETF,ETF,31.04520034790039,0.0812375556571332,-0.0015760736398029,53.01237391395365,US
PBAU,PGIM S&P 500 Buffer 20 ETF - August,ETF,ETF,31.59000015258789,0.349430152322512,0.0006256092580257,63.39951442922465,US
PBD,Invesco Global Clean Energy ETF,ETF,ETF,17.68000030517578,-2.589527951695633,-0.0147221262637275,33.1334723350723,US
PBDC,Putnam BDC Income ETF,ETF,ETF,26.15999984741211,-2.7509285561788985,-0.0223695895183946,44.04632321427828,US
PBE,Invesco Biotechnology & Genome ETF,ETF,ETF,89.59249877929688,-1.579149752034198,-0.010613586428174,53.37932609266159,US
PBEU,Portfolio Building Block European Banks Index ETF,ETF,ETF,33.93180084228516,1.3858084091350764,0.0055606052631584,57.6941223284254,US
PBF,PBF Energy Inc.,Energy,Oil & Gas Refining & Marketing,61.630001068115234,-1.784858855593252,-0.3537663648166527,67.22271985794099,US
PBFR,PGIM Laddered S&P 500 Buffer 20 ETF,ETF,ETF,30.56999969482422,-0.2219491885021704,-0.0072649669475726,47.02479852627516,US
PBFS,"Pioneer Bancorp, Inc.",Financial Services,Banks - Regional,17.739999771118164,3.319741946950825,0.0288291440857962,65.89568114088833,US
PBJ,Invesco Food & Beverage ETF,ETF,ETF,47.931400299072266,-1.396009674467661,-0.0365642957506054,48.64821421993139,US
PBJA,PGIM S&P 500 Buffer 20 ETF - January,ETF,ETF,32.320701599121094,0.095077989232843,-0.00362142390605,51.89903962565141,US
PBL,PGIM Portfolio Ballast ETF,ETF,ETF,32.93389892578125,-0.5318685633465552,-0.0100059721124457,45.85386047373546,US
PBMR,PGIM S&P 500 Buffer 20 ETF - March,ETF,ETF,32.08100128173828,0.0343049174267315,-0.0039417857510696,50.56618975330505,US
PBMY,PGIM S&P 500 Buffer 20 ETF - May,ETF,ETF,31.132400512695312,0.0398447079933289,-0.0034781548474824,49.55398775943882,US
PBNV,PGIM S&P 500 Buffer 20 ETF - November,ETF,ETF,30.982500076293945,0.0726776243109579,-0.0042665294610939,51.14992956548374,US
PBOG,Portfolio Building Block Integrated Oil And Gas And Exploration And Production Index ETF,ETF,ETF,33.685001373291016,4.767979987788983,-0.0123811250065541,70.54313733918119,US
PBPH,Portfolio Building Block World Pharma And Biotech Index ETF,ETF,ETF,27.37730026245117,0.6814534821774217,0.0246809221028808,57.69788718029005,US
PBQQ,PGIM Laddered Nasdaq-100 Buffer 12 ETF,ETF,ETF,30.815000534057617,-0.6448455893169287,-0.0141884814225642,39.36212049059884,US
PBSE,PGIM S&P 500 Buffer 20 ETF - September,ETF,ETF,30.95599937438965,0.2136613339116096,-0.0015708299383807,56.51241758714882,US
PBTP,Invesco 0-5 Yr US TIPS ETF,ETF,ETF,25.644899368286133,-0.1949808411485512,-0.0009856119969678,46.16680057200237,US
PBUS,Invesco MSCI USA ETF,ETF,ETF,74.06999969482422,-0.7104541422755293,-0.0295349505517052,45.13730563725605,US
PBW,Invesco WilderHill Clean Energy ETF,ETF,ETF,31.65999984741211,-5.181190697393849,-0.0710739474639448,31.764135768186904,US
PBYI,"Puma Biotechnology, Inc.",Healthcare,Biotechnology,7.980000019073486,-6.447828031831928,-0.0136439562179121,49.96218520527734,US
PCAR,PACCAR Inc,Industrials,Farm & Heavy Construction Machinery,132.24000549316406,4.786060769398461,0.1238025976155321,67.91386851155377,US
PCB,PCB Bancorp,Financial Services,Banks - Regional,28.07999992370605,-5.803420238946448,-0.0930667623491746,47.69213146753997,US
PCEF,Invesco CEF Income Composite ETF,ETF,ETF,19.902000427246094,-0.7975268927406856,-0.0069101625625251,43.59723311646945,US
PCFI,Polen Floating Rate Income ETF,ETF,ETF,22.575000762939453,0.0443174325067818,0.0003177564215411,54.889428735097695,US
PCG,PG&E Corporation,Utilities,Utilities - Regulated Electric,17.850000381469727,3.060050207760046,0.0035377057395083,60.088483026495325,US
PCGG,Polen Capital Global Growth ETF,ETF,ETF,10.694000244140623,-3.5359929886101047,-0.0176578107342875,38.2751245492639,US
PCHI,Polen High Income ETF,ETF,ETF,24.170000076293945,-0.7392209542335816,-0.0069665802114739,46.40425915256103,US
PCI,PGIM Corporate Bond 5-10 Year E,ETF,ETF,49.14699935913086,-0.983175136304245,-0.0131700495808899,33.56288639629268,US
PCIG,Polen Capital International Gro,ETF,ETF,8.404999732971191,-1.5231413797896576,-0.0048099733346523,41.1201040745692,US
PCL,PGIM Corporate Bond 10+ Year ETF,ETF,ETF,48.00400161743164,-1.5666008747176896,-0.0110794835527325,28.01999394829056,US
PCLG,Polen Focus Growth ETF,ETF,ETF,21.05500030517578,-2.94998570477566,-0.018561055503119,33.96874405210791,US
PCLN,PCLN,N/A,N/A,30.924999237060547,-0.1485306684606783,0.0291279527944068,45.01553597824324,US
PCLO,Virtus SEIX AAA Private Credit CLO ETF,ETF,ETF,24.88500022888184,0.0562902127041488,0.0002931981672957,77.82011463295734,US
PCMM,BondBloxx Private Credit CLO ETF,ETF,ETF,49.81589889526367,0.1646715198577638,-0.0007729787932556,58.28863661999253,US
PCN,PIMCO Corporate & Income Strategy Fund,Financial Services,Asset Management,11.640000343322754,-0.5977770674311264,-4.195240950934098e-05,47.19260141512584,US
PCOR,"Procore Technologies, Inc.",Technology,Software - Application,42.83000183105469,-6.789986681352075,-0.0251260721776542,46.91182247766964,US
PCPI,PIMCO Inflation Plus Active Exchange-Traded Fund,ETF,ETF,50.13999938964844,0.1998370749231229,-0.0010919735735543,63.24998208782992,US
PCQ,PIMCO California Municipal Income Fund,Financial Services,Asset Management,8.5600004196167,-3.27683558590838,-0.0066265810385293,28.085150526129052,US
PCR,Simplify VettaFi Private Credit Strategy ETF,EQUITY,EQUITY,18.87800025939941,-3.904302267710768,-0.0239406256271714,39.12691119302338,US
PCS,PGIM Corporate Bond 0-5 Year ETF,ETF,ETF,49.7848014831543,-0.2608422918661011,-0.0006678679746671,44.65844408941559,US
PCSG,Polen 5Perspectives Small-Mid Growth ETF,ETF,ETF,22.649999618530277,0.5772609152935648,0.0245781625953027,38.79598970273205,US
PCT,"PureCycle Technologies, Inc.",Industrials,Pollution & Treatment Controls,5.849999904632568,-3.225809250624976,5.89319926747045e-07,30.760375410424217,US
PCTY,Paylocity Holding Corporation,Technology,Software - Application,125.2699966430664,-0.5793677435980903,-0.0094086614113892,61.57271618506376,US
PCVX,"Vaxcyte, Inc.",Healthcare,Biotechnology,54.65999984741211,-2.7402151149842733,-0.0884948021094642,47.55439141829214,US
PD,"PagerDuty, Inc.",Technology,Software - Application,9.079999923706056,-11.844662567348616,-0.0006231559190247,44.49217568935551,US
PDBC,Invesco Optimum Yield Diversified Commodity Strategy No K-1 ETF,ETF,ETF,17.950000762939453,4.057975437330163,-0.0119984230491787,67.42291090609649,US
PDD,PDD Holdings Inc.,Consumer Cyclical,Internet Retail,82.66000366210938,-1.7589680749642875,-0.1668387910937768,46.67770065054289,US
PDDL,GraniteShares 2x Long PDD Daily ETF,ETF,ETF,12.717100143432615,-4.15931801757351,-0.0554748193509222,44.128712952507904,US
PDEC,Innovator U.S. Equity Power Buffer ETF - December,ETF,ETF,45.880001068115234,-0.2239972099277196,-0.0097690583037014,49.28847349887924,US
PDI,PIMCO Dynamic Income Fund,Financial Services,Asset Management,16.040000915527344,-1.8960211541873768,-0.0085568339633103,35.91794161141718,US
PDLB,"Ponce Financial Group, Inc.",Financial Services,Banks - Regional,20.200000762939453,-0.2469098126446759,0.0100308624061928,57.22550463765548,US
PDM,"Piedmont Realty Trust, Inc.",Real Estate,REIT - Office,9.789999961853027,-0.1020431498694293,0.00684696908908,61.61817676387695,US
PDO,Pimco Dynamic Income Opportunities Fund,Financial Services,Asset Management,12.90999984741211,-2.0485618475869294,-0.0064169065142094,43.85325026700413,US
PEB,Pebblebrook Hotel Trust,Real Estate,REIT - Hotel & Motel,19.09000015258789,0.4208307351017863,-0.0187074474325936,57.48838716208581,US
PEBO,Peoples Bancorp Inc.,Financial Services,Banks - Regional,40.310001373291016,2.335623249297007,0.0173461353490581,68.24947270065931,US
PECO,"Phillips Edison & Company, Inc.",Real Estate,REIT - Retail,43.52999877929688,-1.0906602148209446,-0.0009551913949435,61.88809886743121,US
PEG,Public Service Enterprise Group Incorporated,Utilities,Utilities - Regulated Electric,79.80999755859375,1.4877901551704769,0.0864655812018484,49.86739403418481,US
PEGA,Pegasystems Inc.,Technology,Software - Application,26.81999969482422,-16.60447816518754,-0.0592225996823463,34.510518613826235,US
PEO,"Adams Natural Resources Fund, Inc.",Financial Services,Asset Management,27.61000061035156,5.140900113111728,0.0002936647132077,76.58494950431357,US
PEP,"PepsiCo, Inc.",Consumer Defensive,Beverages - Non-Alcoholic,136.63999938964844,-0.3500552396671554,0.1456983058341125,44.573181084054674,US
PEPS,Parametric Equity Plus ETF,ETF,ETF,31.885900497436523,-0.5430470006140876,-0.014869684098101,46.71216644978557,US
PEVC,PEVC,N/A,N/A,29.479999542236328,-2.5196780073662683,-0.0365438968770396,44.08281456176422,US
PEXL,PEXL,N/A,N/A,69.97260284423828,-0.8043635723346952,-0.0274897602874965,40.40023969815723,US
PEZ,Invesco Dorsey Wright Consumer Cyclicals Momentum ETF,ETF,ETF,99.1802978515625,-1.2246845590056636,-0.0088969113448604,42.2789210350902,US
PFBC,Preferred Bank,Financial Services,Banks - Regional,102.95999908447266,-4.12515162524789,-0.0853639847156688,47.91684349381299,US
PFE,Pfizer Inc.,Healthcare,Drug Manufacturers - General,24.540000915527344,-2.035921505253699,-0.0363811580327282,46.62616642973178,US
PFEB,Innovator U.S. Equity Power Buffer ETF - February,ETF,ETF,43.04610061645508,-0.125053038455159,-0.0082084770425738,49.72796079509218,US
PFF,iShares Preferred and Income Securities ETF,ETF,ETF,30.15999984741211,-0.6260314058303028,-0.0058998852730909,39.55725235211307,US
PFFL,ETRACS 2xMonthly Pay Leveraged Preferred Stock Index ETN,ETF,ETF,7.4028000831604,-1.5585092827576508,-0.0018152472200386,40.28586379223762,US
PFG,"Principal Financial Group, Inc.",Financial Services,Asset Management,109.4000015258789,-3.99297546662503,0.0385582390901035,48.948461272219525,US
PFI,Invesco Dorsey Wright Financial Momentum ETF,ETF,ETF,62.09000015258789,-0.9886763529522692,-0.0159643274469173,53.44898305141923,US
PFIS,Peoples Financial Services Corp.,Financial Services,Banks - Regional,69.44000244140625,1.0330264073834508,0.0496674619093722,63.93601094111605,US
PFIX,Simplify Interest Rate Hedge ETF,ETF,ETF,49.0,4.925051819026518,-0.0003144126588128,68.3251746353562,US
PFLT,PennantPark Floating Rate Capital Ltd.,Financial Services,Asset Management,6.860000133514404,-5.379308503249596,-0.0083274293422846,34.90911802797123,US
PFM,Invesco Dividend Achievers ETF,ETF,ETF,56.19229888916016,0.4151175991565674,0.0207603390687184,60.63794427208481,US
PFN,PIMCO Income Strategy Fund II,Financial Services,Asset Management,7.050000190734863,-1.260499683945113,-0.0024502219766538,55.628815472907085,US
PFOE,Pathfinder Focused Opportunities ETF,ETF,ETF,22.334999084472656,-1.6079368555031377,-0.0064239195867267,38.90838316675963,US
PFSI,"PennyMac Financial Services, Inc.",Financial Services,Mortgage Finance,84.3499984741211,-1.102125022061196,0.0145374988892166,51.69469338926861,US
PG,The Procter & Gamble Company,Consumer Defensive,Household & Personal Products,147.41000366210938,-1.713556566636033,-0.0397651758079465,48.097307555906966,US
PGC,Peapack-Gladstone Financial Corporation,Financial Services,Banks - Regional,46.380001068115234,0.6073809181389109,0.0447111132711108,52.98354175952659,US
PGEN,"Precigen, Inc.",Healthcare,Biotechnology,5.400000095367432,9.090915221047268,0.0063809200275345,55.590435309446406,US
PGF,Invesco Financial Preferred ETF,ETF,ETF,13.539999961853027,-0.8639627367366617,-0.0026072884134184,38.601994844012935,US
PGHY,Invesco Global ex-US High Yield Corporate Bond ETF,ETF,ETF,19.600000381469727,-0.081560159903808,-0.0025864191280017,46.323809857771856,US
PGJ,Invesco Golden Dragon China ETF,ETF,ETF,23.55909919738769,-2.849075474689916,-0.0483081195735947,45.58512539068181,US
PGNY,"Progyny, Inc.",Healthcare,Healthcare Plans,31.190000534057617,-2.317568944708753,-0.0357591814945403,61.25389116359891,US
PGR,The Progressive Corporation,Financial Services,Insurance - Property & Casualty,213.8300018310547,2.8276051786988035,0.7425730302706679,49.81563357309658,US
PGRI,Putnam International Stock ETF,EQUITY,EQUITY,25.98900032043457,-0.9942844935825892,-0.0024561329950701,41.32614800194701,US
PGX,Invesco Preferred ETF,ETF,ETF,10.710000038146973,-0.8149597046523994,-0.0026101431358716,36.47742470080476,US
PGY,Pagaya Technologies Ltd.,Technology,Software - Infrastructure,15.890000343322754,-7.346934712733827,-0.0517397267458886,43.70655382219169,US
PH,Parker-Hannifin Corporation,Industrials,Specialty Industrial Machinery,987.5399780273438,3.6015101880320226,1.0637258690925009,62.90205924548768,US
PHAT,"Phathom Pharmaceuticals, Inc.",Healthcare,Biotechnology,11.4399995803833,4.570384087551141,0.0006752188260519,53.342529240235166,US
PHDG,Invesco S&P 500 Downside Hedged ETF,ETF,ETF,40.67959976196289,-0.270657394181198,-0.0081908415883382,43.53391288643722,US
PHIG,"PHI Group, Inc.",Industrials,Airports & Air Services,32.0,0.7874015748031495,-0.0194809764343036,65.00872277875226,US
PHK,PIMCO High Income Fund,Financial Services,Asset Management,4.619999885559082,-1.910831249659583,-0.0031588680390706,51.97097221544689,US
PHM,"PulteGroup, Inc.",Consumer Cyclical,Residential Construction,128.75,2.1177015626340725,0.3155275195232122,54.27432681720271,US
PHR,"Phreesia, Inc.",Healthcare,Health Information Services,10.220000267028809,-4.575161245311658,0.0037835108032845,49.13341676360156,US
PI,"Impinj, Inc.",Technology,Semiconductors,127.5500030517578,-7.819608619821142,-0.3431547642329042,39.528330147597,US
PICS,PicS N.V.,Technology,Software - Infrastructure,11.850000381469728,2.864582557231219,-0.0285095795711602,56.12515802457715,US
PID,Invesco International Dividend Achievers ETF,ETF,ETF,22.90999984741211,-0.1307789274065954,-0.0001829974374445,59.59546063884281,US
PIE,Invesco Dorsey Wright Emerging Markets Momentum ETF,ETF,ETF,30.750099182128903,0.6549916532423866,-0.0137703931493884,44.04751689953039,US
PII,Polaris Inc.,Consumer Cyclical,Recreational Vehicles,73.04000091552734,-0.2185738242967042,-0.0931973140542385,59.47024848022397,US
PILL,Direxion Daily Pharmaceutical & Medical Bull 3X Shares ETF,ETF,ETF,18.729999542236328,-3.8501027598787054,-0.0252847554265367,55.64148407561618,US
PIO,Invesco Global Water ETF,ETF,ETF,44.16600036621094,-0.5046159642203907,0.0301642307978544,46.70101285878824,US
PIPE,Invesco SteelPath MLP & Energy Infrastructure ETF,ETF,ETF,31.040000915527344,0.7399735130362932,-0.0161317950238154,60.047499859727125,US
PIPR,Piper Sandler Companies,Financial Services,Capital Markets,76.08999633789062,-0.3013670831411073,-0.0527569465968302,50.12610374244688,US
PIT,VanEck Commodity Strategy ETF,ETF,ETF,74.66999816894531,3.2494448064679373,-0.0904552319293424,67.54956183631444,US
PIZ,Invesco Dorsey Wright Developed Markets Momentum ETF,ETF,ETF,51.63999938964844,-0.5775880727618637,0.0026969344082714,39.42816044950197,US
PJFM,PGIM Jennison Focused Mid-Cap ETF,ETF,ETF,67.58999633789062,1.194748657299892,0.0364615219943984,50.03109803489109,US
PJIO,PGIM Jennison International Opportunities ETF,ETF,ETF,60.94129943847656,0.077673384264872,-0.0108265093732387,39.55762984966539,US
PJT,PJT,N/A,N/A,169.07000732421875,1.4704190846411336,0.1486973126940651,59.15600276799288,US
PJUL,Innovator U.S. Equity Power Buffer ETF - July,ETF,ETF,48.59999847412109,-0.3383593101456477,-0.009630807686906,44.75973417503708,US
PJUN,Innovator U.S. Equity Power Buffer ETF - June,ETF,ETF,43.03889846801758,-0.2805870709515133,-0.0109435475716559,44.78785026481829,US
PJUS,PGIM Jennison U.S. Core Equity ETF,ETF,ETF,51.119998931884766,-1.2364749041774694,-0.04062619395543,47.93265835060727,US
PKB,Invesco Building & Construction ETF,ETF,ETF,102.41000366210938,0.2545297428748439,0.0924627180989492,42.93015827803843,US
PKBK,PKBK,N/A,N/A,33.22999954223633,0.4534392469133012,0.0386659196319672,56.05237216128703,US
PKE,Park Aerospace Corp.,Industrials,Aerospace & Defense,34.2400016784668,5.548714944382911,0.0576216898171629,50.218953349795065,US
PKG,Packaging Corporation of America,Consumer Cyclical,Packaging & Containers,254.38999938964844,9.147462734564511,1.5744550165077558,72.17816808881118,US
PKOH,Park-Ohio Holdings Corp.,Industrials,Specialty Industrial Machinery,38.470001220703125,1.8803043716371992,-0.0079763120119817,59.94579567254777,US
PLAB,"Photronics, Inc.",Technology,Semiconductor Equipment & Materials,30.32999992370605,5.129981014443687,-0.0471149492629687,46.61686237739869,US
PLAY,"Dave & Buster's Entertainment, Inc.",Communication Services,Entertainment,9.869999885559082,-3.1403307949123764,-0.0030998218722675,42.648686516626974,US
PLBC,Plumas Bancorp,Financial Services,Banks - Regional,61.33000183105469,-0.0325943660370934,-0.0169790826094495,65.6390657347972,US
PLD,"Prologis, Inc.",Real Estate,REIT - Industrial,147.6300048828125,-1.4420111490319951,-0.0221497621864033,56.73506197306769,US
PLGO,Pelagos Insurance Capital Limit,Financial Services,Insurance - Diversified,25.57999992370605,0.7086626294453333,0.0117788478581253,62.041958600875375,US
PLNT,"Planet Fitness, Inc.",Consumer Cyclical,Leisure,53.47999954223633,2.139035368275649,-0.0879009357911955,52.388309989897785,US
PLOW,"Douglas Dynamics, Inc.",Consumer Cyclical,Auto Parts,46.18000030517578,3.49619321074493,0.056292021171015,49.54305168376325,US
PLPC,Preformed Line Products Company,Industrials,Electrical Equipment & Parts,311.2200012207031,-4.950673981515536,-0.3384376448989119,35.40844151770433,US
PLSE,"Pulse Biosciences, Inc.",Healthcare,Medical Instruments & Supplies,30.229999542236328,5.404460322759563,-0.0681301872101803,58.863183881312274,US
PLTA,ProShares Ultra PLTR,EQUITY,EQUITY,10.479999542236328,-14.16871818595993,-0.0667576755680694,40.7030186014163,US
PLTG,Leverage Shares 2X Long PLTR Daily ETF,ETF,ETF,9.758299827575684,-14.520852185163848,-0.0625942649250572,40.579664439203874,US
PLTK,Playtika Holding Corp.,Communication Services,Electronic Gaming & Multimedia,3.680000066757202,-8.343706372813037,-0.0092666894084893,47.711217205982656,US
PLTM,GraniteShares Platinum Trust,ETF,ETF,15.289999961853027,-0.4557271900314706,-0.0182575749405553,42.24571541547798,US
PLTR,Palantir Technologies Inc.,Technology,Software - Infrastructure,122.91999816894533,-7.146099384300161,-0.3739841508781421,42.07775230357329,US
PLTW,Roundhill PLTR WeeklyPay ETF,ETF,ETF,17.110000610351562,-8.321274648083806,-0.0612566800283364,41.75312959921675,US
PLTZ,Defiance Daily Target 2X Short PLTR ETF,ETF,ETF,31.059999465942383,14.485810640418512,0.1761953341669269,54.11836333144551,US
PLU,Defiance Daily Target 2X Long PL ETF,ETF,ETF,8.030099868774414,-19.85128430012594,-0.0442410483970441,28.55726206927348,US
PLUL,Leverage Shares 2X Long PLUG Daily ETF,ETF,ETF,7.78000020980835,-7.414014960985947,-0.022844892462825,31.014501457075426,US
PLUS,ePlus inc.,Technology,Software - Application,89.0199966430664,-0.2800492992058574,-0.0118053633941266,58.19622649913745,US
PLWN,Pinelawn Cemetery,Consumer Cyclical,Personal Services,575.0,0.0,-0.0430449485476631,98.0736336925704,US
PLXS,Plexus Corp.,Technology,Electronic Components,254.4499969482422,1.5241559234760451,0.1111775914866211,41.752092041592434,US
PLYY,GraniteShares YieldBoost PLTR ETF,ETF,ETF,8.341099739074707,-4.944728185962479,-0.0184917908537923,30.221809831377584,US
PM,Philip Morris International Inc.,Consumer Defensive,Tobacco,193.0,0.0103659824353922,-0.0368112571585799,59.66362675112252,US
PMAP,PGIM S&P 500 Max Buffer ETF - April,ETF,ETF,27.309999465942383,-0.164504028685743,-0.0032390531497399,54.64369881050516,US
PMAR,Innovator U.S. Equity Power Buffer ETF - March,ETF,ETF,47.79999923706055,-0.13580369607611,-0.0062364291883411,50.47628654883776,US
PMAU,PGIM S&P 500 Max Buffer ETF - August,ETF,ETF,26.709999084472656,0.0749289996810604,-0.0007607215109142,79.8980375097894,US
PMAY,Innovator U.S. Equity Power Buffer ETF - May,ETF,ETF,41.27000045776367,-0.1910531513206644,-0.0074661181237369,48.44888345030604,US
PMDE,PGIM S&P 500 Max Buffer ETF - December,ETF,ETF,25.850000381469727,-0.2315687622374708,-0.0044825768899312,53.64742410775702,US
PMFB,PGIM S&P 500 Max Buffer ETF - February,ETF,ETF,27.295000076293945,-0.2193363807217148,-0.0045298024043998,51.55940028000078,US
PMJA,PGIM S&P 500 Max Buffer ETF - January,ETF,ETF,27.46999931335449,-0.1272490401018935,-0.0034098080665592,56.24243657206619,US
PMJL,PGIM S&P 500 Max Buffer ETF - July,ETF,ETF,26.6200008392334,-0.3369458941373628,-0.0044255595361963,47.54493550629427,US
PMJN,PGIM S&P 500 Max Buffer ETF - June,ETF,ETF,26.65999984741211,-0.0936841635023453,-0.0027224760275115,47.39388151183187,US
PML,PIMCO Municipal Income Fund II,Financial Services,Asset Management,7.289999961853027,-3.315649884148807,-0.0038357060146723,31.662805532517098,US
PMMF,iShares Prime Money Market ETF,ETF,ETF,100.29000091552734,0.0588545184353862,-0.0001797062092063,95.74614014637471,US
PMMR,PGIM S&P 500 Max Buffer ETF - March,ETF,ETF,27.114999771118164,-0.1473058903180794,-0.0033897072342174,53.62378072165809,US
PMMY,PGIM S&P 500 Max Buffer ETF - May,ETF,ETF,26.774999618530277,-0.27933244645767,-0.0044831114119258,48.28794552528071,US
PMNV,PGIM S&P 500 Max Buffer ETF - November,ETF,ETF,25.979999542236328,-0.2495701050766377,-0.0051362398328251,53.30833620107558,US
PMOC,PGIM S&P 500 Max Buffer ETF - October,ETF,ETF,26.09499931335449,-0.1721502576307081,-0.0039029958134946,56.53301506303092,US
PMSE,PGIM S&P 500 Max Buffer ETF - September,ETF,ETF,26.38999938964844,-0.0757306243060493,-0.0026891218534252,61.80779297682063,US
PMT,PennyMac Mortgage Investment Trust,Real Estate,REIT - Mortgage,9.739999771118164,-1.616160137144152,0.0065173191282254,43.82770592458606,US
PNC,"The PNC Financial Services Group, Inc.",Financial Services,Banks - Regional,250.9900054931641,0.0518236795408567,-0.0277968594219233,60.475172229414106,US
PNOV,Innovator U.S. Equity Power Buffer ETF - November,ETF,ETF,44.27000045776367,-0.2703287531757634,-0.0119227098340319,47.912765462168856,US
PNQI,Invesco NASDAQ Internet ETF,ETF,ETF,46.369998931884766,-4.253564650650767,-0.067030612560625,43.43628150055806,US
PNTG,"The Pennant Group, Inc.",Healthcare,Medical Care Facilities,41.15999984741211,-1.8831964270791304,-0.0065188543038063,64.06860865552414,US
POCT,Innovator U.S. Equity Power Buffer ETF October,ETF,ETF,46.45000076293945,-0.0860419747970698,-0.0070367600699496,51.58166677282362,US
POET,POET Technologies Inc.,Technology,Semiconductors,6.889999866485596,-6.765899986920854,-0.0283344908940836,35.92241309639799,US
PONX,Tradr 2X Long PONY Daily ETF,ETF,ETF,16.43000030517578,15.298247755619515,0.0274314331805052,44.87450658194352,US
POOL,Pool Corporation,Industrials,Industrial Distribution,183.7700042724609,-8.649398048844054,-0.3502269354469596,33.800604613607575,US
POR,Portland General Electric Company,Utilities,Utilities - Regulated Electric,52.04999923706055,-0.7247779246679147,-0.0378732668438571,51.50879788678168,US
POST,"Post Holdings, Inc.",Consumer Defensive,Packaged Foods,90.91000366210938,4.662679050540039,0.0783260177581828,54.54156016793159,US
POW,VistaShares Electrification Supercycle ETF,EQUITY,EQUITY,26.8700008392334,-0.7021383239423784,-0.0094919119389134,39.65682586452007,US
POWA,Invesco Bloomberg Pricing Power,ETF,ETF,88.65499877929688,-0.5664029408593594,0.0371204226951163,51.68507950815351,US
POWI,"Power Integrations, Inc.",Technology,Semiconductors,63.459999084472656,-9.921927844659672,-0.4626643834998234,36.046230287328775,US
PPA,Invesco Aerospace & Defense ETF,ETF,ETF,175.25999450683594,4.005697121855982,0.3560424733958625,55.56918997254951,US
PPC,Pilgrim's Pride Corporation,Consumer Defensive,Packaged Foods,28.68000030517578,-1.4771566340087003,0.0095721427557238,50.96906396990003,US
PPG,"PPG Industries, Inc.",Basic Materials,Specialty Chemicals,116.0,-1.1588280532367394,0.1054623647492344,48.56544304385562,US
PPH,VanEck Pharmaceutical ETF,ETF,ETF,110.62999725341795,0.5361653334986229,0.0857626727560965,58.25668672955611,US
PPI,Astoria Real Asset ETF,ETF,ETF,21.38640022277832,2.2343304325721416,0.0061422839058381,56.12663025922329,US
PPL,PPL Corporation,Utilities,Utilities - Regulated Electric,36.220001220703125,1.0320858084530289,0.0216348177854717,52.32329226469662,US
PPTY,Vident U.S. Diversified Real Estate ETF,ETF,ETF,35.31999969482422,0.4407757010136582,0.0180845175615561,64.91767505745048,US
PQAP,PGIM Nasdaq-100 Buffer 12 ETF - April,ETF,ETF,31.56999969482422,-0.4258010698839186,-0.011299623406916,42.28651565857907,US
PQDI,Principal Spectrum Preferred and Income ETF,ETF,ETF,19.21999931335449,-0.7231471724345571,-0.0034112741272932,35.94250154926742,US
PQJA,PGIM Nasdaq-100 Buffer 12 ETF - January,ETF,ETF,31.16010093688965,-0.5740242974548521,-0.0153972214494662,42.11135282329793,US
PQJL,PGIM Nasdaq-100 Buffer 12 ETF - July,ETF,ETF,29.87030029296875,-1.0982695683223251,-0.0187619556316368,34.05825952898758,US
PQOC,PGIM Nasdaq-100 Buffer 12 ETF - October,ETF,ETF,30.825000762939453,-0.5067445169268109,-0.0142905475104156,43.15176456203277,US
PQUS,Pictet AI Enhanced US Equity ETF,EQUITY,EQUITY,27.448699951171875,-0.5842109946176985,-0.0107994079590218,45.72662840051926,US
PRAA,"PRA Group, Inc.",Financial Services,Credit Services,16.979999542236328,-6.291397594909275,0.0178841583045531,46.34806844619506,US
PRAB,State Street IG Public & Private ABS ETF,EQUITY,EQUITY,24.93000030517578,-0.120187421463236,-0.0002463181032732,44.14833034290167,US
PRAE,PlanRock Alternative Growth ETF,ETF,ETF,40.124000549316406,0.9637387314963288,-0.0111675262441521,53.32561666615596,US
PRAY,FIS Christian Stock Fund ETF,ETF,ETF,34.70050048828125,0.0619961165526991,-0.0074612056201047,43.21334180356721,US
PRCH,"Porch Group, Inc.",Financial Services,Insurance - Property & Casualty,11.84000015258789,-13.450293213017932,-0.0046831700950603,40.31729283559724,US
PRCS,Parnassus Core Select ETF,ETF,ETF,27.912399291992188,-1.7860689054859091,-0.0055203142182319,43.746169728577634,US
PRCT,PROCEPT BioRobotics Corporation,Healthcare,Medical Devices,16.690000534057617,-13.163365607089144,-0.047858144749409,26.794569423247022,US
PRDO,Perdoceo Education Corporation,Consumer Defensive,Education & Training Services,30.36000061035156,-4.10612521581174,0.0390355713282929,37.88473514900623,US
PRF,Invesco RAFI US 1000 ETF,ETF,ETF,54.40999984741211,0.0551650950857819,0.0004884900205925,55.46766305178621,US
PRFD,PIMCO Preferred And Capital Securities Active Exchange-Traded Fund,ETF,ETF,50.65999984741211,-0.6666669658586091,-0.003402803253593,38.69577917305313,US
PRFZ,Invesco RAFI US 1500 Small-Mid ETF,ETF,ETF,53.44329833984375,-1.5958442488154665,-0.0220950676458419,46.16320083607468,US
PRG,"PROG Holdings, Inc.",Industrials,Rental & Leasing Services,43.709999084472656,-5.8379991197104975,-0.0784434632960655,52.30831256639392,US
PRGO,Perrigo Company plc,Healthcare,Drug Manufacturers - Specialty & Generic,10.09000015258789,-5.876866592798425,-0.0195035232315218,44.5704377224089,US
PRGS,Progress Software Corporation,Technology,Software - Infrastructure,37.84999847412109,-6.658448369270981,-0.0641164906488289,55.669362489228426,US
PRIM,Primoris Services Corporation,Industrials,Engineering & Construction,86.51000213623047,0.6398360372448655,-0.1639005630623415,41.19096007874891,US
PRIV,State Street IG Public & Private Credit ETF,ETF,ETF,24.795000076293945,-0.7803109108051568,-0.0011394407778239,37.9887702413425,US
PRKS,United Parks & Resorts Inc.,Consumer Cyclical,Leisure,44.83000183105469,-0.6207022290144297,0.0304603049635154,47.95757160397287,US
PRLB,"Proto Labs, Inc.",Industrials,Metal Fabrication,78.23999786376953,0.7987568864326035,-0.0533062360965481,53.029052162985714,US
PRM,"Perimeter Solutions, Inc.",Basic Materials,Specialty Chemicals,33.72999954223633,-2.004644577034058,-0.0243269963571024,48.17677048213319,US
PRME,"Prime Medicine, Inc.",Healthcare,Biotechnology,2.950000047683716,-5.750800644598502,0.0034551125631242,39.043269724281934,US
PRMR,PeakShares RMR Prime Equity ETF,ETF,ETF,27.45639991760254,-0.4264868711201858,-0.0057828503736953,45.24700683538298,US
PRN,Invesco Dorsey Wright Industrials Momentum ETF,ETF,ETF,223.80999755859372,1.2760722183505802,-0.0534005672795538,41.62622418211799,US
PRNT,The 3D Printing ETF,ETF,ETF,23.450000762939453,-1.5946251027410991,0.0139148507571074,41.73804672683679,US
PROK,ProKidney Corp.,Healthcare,Biotechnology,1.5,-7.407407679948077,0.0014828343130533,36.4010761061208,US
PRSU,"Pursuit Attractions and Hospitality, Inc.",Consumer Cyclical,Travel Services,52.040000915527344,-2.08843006300028,0.0483539969493376,51.88903347047043,US
PRTA,Prothena Corporation plc,Healthcare,Biotechnology,8.75,1.039262750273438,0.025176004246888,45.33718415436466,US
PRTH,"Priority Technology Holdings, Inc.",Technology,Software - Infrastructure,6.289999961853027,-5.9790746180295615,0.0020995233759966,41.80346121899352,US
PRU,"Prudential Financial, Inc.",Financial Services,Insurance - Life,119.95999908447266,0.7474589669349972,0.0181396450739663,69.15020898352762,US
PRVS,Parnassus Value Select ETF,ETF,ETF,32.17720031738281,-0.0708088354546959,0.0046912819726365,49.81431031531022,US
PRXG,Praxis Impact Large Cap Growth ETF,ETF,ETF,37.92739868164063,-2.153145693246071,-0.044782574694023,41.02791200670739,US
PRXV,Praxis Impact Large Cap Value ETF,ETF,ETF,35.412498474121094,0.9823704598761692,0.0167484646314262,63.31124158433126,US
PSA,Public Storage,Real Estate,REIT - Industrial,322.4800109863281,1.396051541351634,0.7041702195571005,54.67732141951181,US
PSAI,Pacer S&P 500 3AI TOP 100 ETF,ETF,ETF,27.2052001953125,-1.2156888492551925,-0.0185275246876119,44.01828404871011,US
PSCD,Invesco S&P SmallCap Consumer Discretionary ETF,ETF,ETF,116.46630096435548,-1.2913780210194703,0.0095144637740205,52.61290223410381,US
PSCF,Invesco S&P SmallCap Financials ETF,ETF,ETF,66.81649780273438,-0.9392130084066996,-0.0055381189152283,59.2991010254031,US
PSCH,Invesco S&P SmallCap Health Care ETF,ETF,ETF,52.95230102539063,-1.28206258777573,-0.0116907941267268,59.47297871007733,US
PSCI,Invesco S&P SmallCap Industrials ETF,ETF,ETF,177.88400268554688,-0.6179131647992646,-0.0371541672209947,48.9085068248275,US
PSCM,Invesco S&P SmallCap Materials ETF,ETF,ETF,97.88629913330078,1.1953848198479406,0.0632485640607793,41.88939139657885,US
PSCT,Invesco S&P SmallCap Information Technology ETF,ETF,ETF,78.48999786376953,-1.3200943420568114,-0.050675871097142,40.93717701229982,US
PSCU,PSCU,N/A,N/A,63.81859970092773,-1.4688852731946505,-0.0352209201944245,42.19418560946607,US
PSCW,Pacer Swan SOS Conservative (April) ETF,ETF,ETF,30.0,-0.4314608841273329,-0.0081182350538147,49.46028233866922,US
PSDM,PGIM Short Duration Multi-Secto,ETF,ETF,50.790000915527344,-0.3824648278706261,0.000502586649218,45.68158692631256,US
PSEP,Innovator U.S. Equity Power Buffer ETF - September,ETF,ETF,46.18000030517578,0.0433285481581152,-0.0039948681138018,56.079486269696645,US
PSET,Principal Quality ETF,ETF,ETF,76.22750091552734,-0.6988940439060902,-0.0048219785171313,51.46919502028327,US
PSFD,Pacer Swan SOS Flex (January) ETF,ETF,ETF,39.7755012512207,-0.2445259818064021,-0.0078934771618134,49.19421878160371,US
PSFF,Pacer Swan SOS Fund of Funds ETF,ETF,ETF,34.209999084472656,-0.1022042590269196,-0.0062498621224952,48.40416455616812,US
PSFM,Pacer Swan SOS Flex (April) ETF,ETF,ETF,34.8401985168457,-0.1141128155122559,-0.0056925295118959,50.2512250473584,US
PSH,PGIM Short Duration High Yield ETF,ETF,ETF,49.744998931884766,-0.3325927521897384,-0.0092105927640799,43.8121709937231,US
PSI,Invesco Semiconductors ETF,ETF,ETF,144.7899932861328,1.096210062874052,-0.1755785522332731,42.809820330345126,US
PSIX,"Power Solutions International, Inc.",Industrials,Specialty Industrial Machinery,29.959999084472656,-0.9586807124870868,-0.0588992299576296,34.47311878254156,US
PSK,State Street SPDR ICE Preferred Securities ETF,ETF,ETF,30.200000762939453,-0.8210180418263692,-0.0071619429074707,38.50139430326306,US
PSL,Invesco Dorsey Wright Consumer Staples Momentum ETF,ETF,ETF,112.6710968017578,-1.2003718894947373,0.0206176411602522,49.74481792705323,US
PSMD,Pacer Swan SOS Moderate (January) ETF,ETF,ETF,34.31809997558594,-0.1568185435208637,-0.005872247596604,50.73145285094167,US
PSMJ,Pacer Swan SOS Moderate (July) ETF,ETF,ETF,33.65520095825195,-0.31041874553177,-0.0064309266906128,45.13986177851504,US
PSMR,Pacer Swan SOS Moderate (April) ETF,ETF,ETF,32.209999084472656,-0.0775601842888675,-0.0028549115603187,51.999126124589786,US
PSMT,"PriceSmart, Inc.",Consumer Defensive,Discount Stores,186.2400054931641,0.1290352113785282,0.1492064522965259,49.97632590392482,US
PSN,Parsons Corporation,Technology,Information Technology Services,58.72999954223633,4.7814457478239385,0.0543526077939705,60.34186534810958,US
PSNL,"Personalis, Inc.",Healthcare,Diagnostics & Research,11.779999732971191,-23.45679356607572,-0.0712074544008571,42.09263325418878,US
PSP,Invesco Global Listed Private Equity ETF,ETF,ETF,58.52000045776367,0.0170947470815217,0.0207804146892415,56.3953648724526,US
PSQ,ProShares Short QQQ,ETF,ETF,26.989999771118164,1.6955495104280367,0.0264629138354207,61.09815685265413,US
PSQO,Palmer Square Credit Opportunities ETF,ETF,ETF,20.71999931335449,-0.0964342236470216,-0.0012996682181051,56.34533967582956,US
PSR,Invesco Active U.S. Real Estate Fund,ETF,ETF,108.38800048828124,1.3161311340119723,0.1105329666353005,67.59350780961742,US
PSTL,"Postal Realty Trust, Inc.",Real Estate,REIT - Office,24.0,-0.2078970421899186,0.0124079389914003,51.43192840077201,US
PSTR,PeakShares Sector Rotation ETF,ETF,ETF,30.542800903320312,-0.3887539960110027,-0.0056106912993233,47.87196230074561,US
PSX,Phillips 66,Energy,Oil & Gas Refining & Marketing,206.7700042724609,-0.0435059158972667,-0.5923594655102002,67.32624991240668,US
PTBD,Pacer Trendpilot US Bond ETF,ETF,ETF,18.90589904785156,-0.6558607677717281,-0.0020457115826367,38.309291151933095,US
PTCT,"PTC Therapeutics, Inc.",Healthcare,Biotechnology,76.81999969482422,-2.252190769237938,0.001739988228903,42.34786216823019,US
PTF,Invesco Dorsey Wright Technology Momentum ETF,ETF,ETF,102.3364028930664,2.081199893333073,-0.1249494565977764,39.74266311642058,US
PTGX,"Protagonist Therapeutics, Inc.",Healthcare,Biotechnology,136.11000061035156,-3.40643171315773,-0.086885045565479,59.933799798605705,US
PTIN,Pacer Trendpilot International ETF,ETF,ETF,35.994998931884766,0.2757940263260446,-0.0015525812069339,46.82594951683578,US
PTIR,GraniteShares 2x Long PLTR Daily ETF,ETF,ETF,10.1899995803833,-14.297735187990538,-0.0653951353791807,40.62500520450603,US
PTL,Inspire 500 ETF,ETF,ETF,279.42999267578125,0.7281601193200876,0.0044170762192602,47.155987152942906,US
PTLC,Pacer Trendpilot US Large Cap ETF,ETF,ETF,57.630001068115234,-0.535032043391952,-0.020092225809607,45.19152269011014,US
PTRB,PGIM Total Return Bond ETF,ETF,ETF,40.95000076293945,-0.7994138229551633,-0.0008567897787111,37.39319987122356,US
PTRN,Pattern Group Inc.,Technology,Software - Application,22.170000076293945,-21.131271451734516,-0.1935334417151599,37.36778570927889,US
PUBM,"PubMatic, Inc.",Technology,Software - Application,12.520000457763672,-1.6496393717526,-0.0039783225513821,48.00092660142016,US
PUI,Invesco Dorsey Wright Utilities Momentum ETF,ETF,ETF,47.330299377441406,1.6544200632095976,0.0274500333318874,54.47677615105974,US
PULS,PGIM Ultra Short Bond ETF,ETF,ETF,49.65999984741211,0.0402910113005412,0.0001863685378973,80.45826799700377,US
PUMP,ProPetro Holding Corp.,Energy,Oil & Gas Equipment & Services,11.800000190734863,-9.230767763577976,-0.0664375382821639,35.46696125486308,US
PURR,Hyperliquid Strategies Inc.,Financial Services,Capital Markets,6.190000057220459,-7.335326103444399,-0.0152709774795756,35.846398704046535,US
PVAL,Putnam Focused Large Cap Value ETF,ETF,ETF,52.40999984741211,0.885465019667169,0.00734428443122,61.4049420178595,US
PVEX,TrueShares ConVequity ETF,ETF,ETF,29.917299270629883,-1.214134319415052,-0.0158791900217081,41.02329923041348,US
PVI,Invesco Floating Rate Municipal Income ETF,ETF,ETF,24.76000022888184,-0.177393259532898,-0.0017535488465459,46.18738829809286,US
PVLA,"Palvella Therapeutics, Inc.",Healthcare,Biotechnology,138.00999450683594,-12.22971910107453,-0.280931282722439,49.885989007911554,US
PWP,Perella Weinberg Partners,Financial Services,Capital Markets,15.670000076293944,-1.384520215704441,0.0260575872545835,48.27809892776564,US
PWR,"Quanta Services, Inc.",Industrials,Engineering & Construction,625.8400268554688,-0.4279831218908516,-0.5065370593568215,38.86190170611378,US
PWRL,Powerlaw Corp.,Financial Services,Asset Management,12.239999771118164,-1.1308589824603272,0.0038763045435445,30.585235334963613,US
PWS,Pacer WealthShield ETF,ETF,ETF,32.47840118408203,0.1523338008824303,0.0096780490231303,51.58130104978404,US
PXE,Invesco Dynamic Energy Exploration & Production ETF,ETF,ETF,37.95000076293945,2.53986080528768,-0.0438784898907803,66.0563144332148,US
PXED,"Phoenix Education Partners, Inc.",Consumer Defensive,Education & Training Services,28.549999237060547,-5.338198337191667,0.0267462930357876,35.45858876952374,US
PXF,Invesco RAFI Developed Markets ex-U.S. ETF,ETF,ETF,75.5199966430664,0.1857248537404125,-0.015057740550651,48.90913601847125,US
PXI,Invesco DWA Energy Momentum ETF,ETF,ETF,59.13990020751953,0.1013851973737734,-0.1142106230736225,57.43308529000839,US
PY,Principal Value ETF,ETF,ETF,55.8036003112793,0.203989382962256,0.0134287933513027,62.98690116722377,US
PYLD,PIMCO ETF Trust - PIMCO Multisector Bond Active Exchange-Traded Fund,ETF,ETF,26.11000061035156,-0.6468800298788913,-0.0014294963319722,37.94972034268213,US
PYPG,Leverage Shares 2X Long PYPL Daily ETF,ETF,ETF,8.359999656677246,-1.647062862620634,-0.0430411535928226,73.78576075765652,US
PYPL,"PayPal Holdings, Inc.",Financial Services,Credit Services,56.150001525878906,-0.7248936305820549,-0.1694283656833271,75.40983795305519,US
PYZ,Invesco DWA Basic Materials Momentum ETF,ETF,ETF,121.7249984741211,2.97352120537335,0.1088327589379389,47.128333225562784,US
PZA,Invesco National AMT-Free Municipal Bond ETF,ETF,ETF,22.850000381469727,-1.7415638273214331,-0.0053718837608849,24.90299360011132,US
PZLV,Pzena U.S. Large Cap Value ETF,EQUITY,EQUITY,29.613500595092773,-0.7590467705660312,-0.0045360152793249,58.94105179884135,US
PZZA,"Papa John's International, Inc.",Consumer Cyclical,Restaurants,30.3700008392334,-7.577601110371751,-0.0357616872671204,34.64860838952008,US
Q,"Qnity Electronics, Inc.",Technology,Semiconductor Equipment & Materials,135.05999755859375,-0.9461008340128072,0.0250553507542714,40.12933421818225,US
QABA,First Trust NASDAQ ABA Community Bank Index Fund,ETF,ETF,68.22779846191406,-0.8172735079676098,0.0044412045310664,58.053039862802656,US
QAI,NYLI Hedge Multi-Strategy Tracker ETF,ETF,ETF,35.97999954223633,0.0277962779924745,-0.0031936385582225,43.28951617926128,US
QALT,SEI DBi Multi-Strategy Alternative ETF,ETF,ETF,26.495500564575195,0.5712706591129528,-0.002535211889994,58.7160517031375,US
QARP,Xtrackers Russell 1000 US QARP ETF,ETF,ETF,64.90799713134766,-2.040454212638104,-0.0595411330162449,45.71753286333429,US
QAT,iShares MSCI Qatar ETF,ETF,ETF,17.530000686645508,-0.9548489968018312,0.0025969205256216,38.512856221300254,US
QB,QB,N/A,N/A,47.51100158691406,0.3506185699248614,-0.0145238578087057,61.480206138361225,US
QBER,TrueShares Quarterly Bear Hedge,ETF,ETF,23.88999938964844,-0.2088602476764646,-0.002982511077596,52.48306863875197,US
QBIF,AllianzIM International Equity Buffer15 ETF,ETF,ETF,26.149799346923828,0.0757756861582909,0.0003043689355319,56.45768964301544,US
QBIG,Invesco Top QQQ ETF,ETF,ETF,38.4463005065918,-3.488548246978196,-0.0694647623698498,40.54900773941473,US
QBIV,AllianzIM International Equity Buffer5 ETF,ETF,ETF,26.690000534057617,0.0749923423564201,0.0001072448759611,51.79645802329468,US
QBKF,Allianzim U.S. Small Cap Buffer15 ETF,ETF,ETF,26.00329971313477,-0.1409416324970005,-0.0017314861267849,46.87990255425144,US
QBKV,Allianzim U.S. Small Cap Buffer5 ETF,ETF,ETF,27.128999710083008,-0.5899640895678028,-0.0054579835278426,43.12949717057959,US
QBQF,AllianzIM Growth-100 Buffer15 ETF,ETF,ETF,25.549999237060547,-0.3898650407678116,-0.0081313601371046,36.95012771697815,US
QBQV,AllianzIM Growth-100 Buffer5 ETF,ETF,ETF,25.82040023803711,-1.2981636519718676,-0.0188762770142549,33.516137583336416,US
QBSV,AllianzIM U.S. Equity Buffer5 ETF,ETF,ETF,26.53890037536621,-0.4542365819167609,-0.0065005031837021,44.30182133092339,US
QBUF,Innovator Nasdaq-100 10 Buffer ETF - Quarterly,ETF,ETF,29.975000381469727,-0.7285951832355961,-0.0144836362350703,35.25423176814556,US
QBUL,TrueShares Quarterly Bull Hedge,ETF,ETF,24.01099967956543,-0.2451184711542637,-0.0020406376729094,41.8977427394078,US
QBY,GraniteShares YieldBOOST QBTS ETF,ETF,ETF,6.764999866485596,-3.974452899589534,-0.0068710015419598,21.29038246820086,US
QCJA,FT Vest Nasdaq-100 Conservative Buffer ETF - January,ETF,ETF,23.1299991607666,-0.3232094944453453,-0.0061136990153541,43.83041919728626,US
QCJL,FT Vest NASDAQ-100 Conservative Buffer ETF - July,ETF,ETF,24.975000381469727,-1.0891074001198948,-0.0165423956047676,43.55525897844071,US
QCLN,First Trust NASDAQ Clean Edge Green Energy Index Fund,ETF,ETF,49.2599983215332,-5.704447284047358,-0.0983401010925133,33.85900091789391,US
QCLR,Global X NASDAQ 100 Collar 95-110 ETF,ETF,ETF,27.610700607299805,-1.0617371451145334,-0.0132508237679569,34.07545018039811,US
QCML,GraniteShares 2x Long QCOM Daily ETF,ETF,ETF,15.850000381469728,-5.710881112266816,-0.0104417827488338,36.54838402688406,US
QCOC,FT Vest Nasdaq-100 Conservative Buffer ETF – October,ETF,ETF,23.716100692749023,-0.3190111160458751,-0.0071958224102365,44.17397046970496,US
QCOM,QUALCOMM Incorporated,Technology,Semiconductors,166.97000122070312,-2.8000917410493407,-0.0832120421148179,36.89348453108192,US
QCRH,"QCR Holdings, Inc.",Financial Services,Banks - Regional,100.1500015258789,1.572011233006897,0.1722723201979998,61.17864026423352,US
QDEC,FT Vest Nasdaq-100 Buffer ETF – December,ETF,ETF,34.88999938964844,-0.7396931008354133,-0.0205747391383036,41.38707029834041,US
QDEF,FlexShares Quality Dividend Defensive Index Fund,ETF,ETF,88.34500122070312,0.0509605519706906,-0.0036986483606242,57.73148320885167,US
QDEL,QuidelOrtho Corporation,Healthcare,Medical Devices,16.049999237060547,-7.652474038712155,-0.0437946578163459,48.41886068698851,US
QDIV,Global X S&P 500 Quality Dividend ETF,ETF,ETF,38.78409957885742,0.7091427921629474,0.0269962054633367,62.380012879870826,US
QDTE,Roundhill Innovation-100 0DTE Covered Call Strategy ETF,ETF,ETF,28.559999465942383,-1.1892203434658772,-0.0281155592165803,41.107034566518735,US
QDVO,Amplify CWP Growth & Income ETF,ETF,ETF,29.11000061035156,-1.2550845916895756,-0.0262482378826136,41.48299644045056,US
QEFA,State Street SPDR MSCI EAFE StrategicFactors ETF,ETF,ETF,97.0500030517578,-0.2159151551102312,0.0013520915225505,53.16239898426159,US
QEMM,State Street SPDR MSCI Emerging Markets StrategicFactors ETF,ETF,ETF,77.01260375976562,0.9604155639650928,-0.0068860948159272,43.96665454891061,US
QEW,Invesco QQQ Equal Weight ETF,ETF,ETF,28.590599060058597,-1.2755526108152468,-0.0113928152396151,39.01685147835944,US
QFIN,"Qfin Holdings, Inc.",Financial Services,Credit Services,13.1899995803833,3.6135118200182017,0.0378284354734276,42.0852746105114,US
QFLR,Innovator Nasdaq-100 Managed Floor ETF,ETF,ETF,34.64419937133789,-1.6962748954671,-0.0337103767122415,39.26458440956901,US
QGEN,Qiagen N.V.,Healthcare,Diagnostics & Research,41.369998931884766,0.5346230810404825,0.0002309802809112,61.95026657668341,US
QGRW,QGRW,N/A,N/A,63.400001525878906,-1.7815669581871376,-0.0641905473419266,40.10465616737777,US
QHY,WisdomTree U.S. High Yield Corporate Bond Fund,ETF,ETF,45.69499969482422,-0.5441288533258233,-0.0058362794314219,43.1216015625792,US
QID,ProShares UltraShort QQQ,ETF,ETF,15.649999618530272,3.2321884963726406,0.0293683874693481,60.602782959647975,US
QIG,WisdomTree U.S. Corporate Bond Fund,ETF,ETF,43.67100143432617,-0.8603809518696043,-0.0082910247377563,32.453822154038434,US
QINT,American Century Quality Diversified International ETF,ETF,ETF,69.36000061035156,-0.3448245244700229,-0.0128653104591424,48.87187446813438,US
QJUN,FT Vest Nasdaq-100 Buffer ETF - June,ETF,ETF,32.24079895019531,-1.1321731163631208,-0.023385189721314,36.13532997118562,US
QKIE,QKIE,N/A,N/A,2.400000095367432,0.0,-0.0009752896692306,82.66395428659928,US
QLC,FlexShares US Quality Large Cap Index Fund,ETF,ETF,89.69999694824219,-0.3355502731177812,-0.0227139831665898,49.42902926833241,US
QLD,ProShares Ultra QQQ,ETF,ETF,83.0,-3.3872698615572667,-0.1613528314954524,38.61067202736889,US
QLTY,GMO U.S. Quality ETF,ETF,ETF,40.91999816894531,-0.8000044389204545,-0.0077729972919558,43.52610544805109,US
QLV,FlexShares US Quality Low Volatility Index Fund,ETF,ETF,77.43119812011719,0.3306670589315744,0.0170752043602608,61.40143631208705,US
QLYS,"Qualys, Inc.",Technology,Software - Infrastructure,137.47999572753906,-13.767796497914896,-0.339719719732626,48.52878752635577,US
QMAG,QMAG,N/A,N/A,25.280000686645508,-0.0395422242776435,-0.0048773729676339,49.37903878083894,US
QMAR,FT Vest Nasdaq-100 Buffer ETF – March,ETF,ETF,36.62030029296875,-0.5423666580951668,-0.0148968003948876,41.67362322087406,US
QMCO,Quantum Corporation,Technology,Computer Hardware,11.100000381469728,4.421451194438939,-0.0086840679548338,49.86403569407032,US
QMNV,FT Vest Nasdaq-100 Moderate Buffer ETF – November,ETF,ETF,24.815000534057617,-0.381370188423994,-0.0081217141923119,43.927648099191366,US
QMOM,Alpha Architect U.S. Quantitative Momentum ETF,ETF,ETF,74.89289855957031,1.0277777034483,-0.0193732403034273,44.94164045366183,US
QMY,Corgi Growth & Technology 10% Structured Buffer ETF May Series,ETF,ETF,25.209999084472656,-1.176013883643659,-0.0145074450084443,41.06531564608248,US
QNST,"QuinStreet, Inc.",Communication Services,Advertising Agencies,15.149999618530272,-9.713951140731975,-0.0527724175170533,47.37050706246061,US
QNT,Quantinuum Inc.,Technology,Software - Application,52.290000915527344,-6.741570893295018,0.0084169028728515,36.86767965008632,US
QNXT,iShares Nasdaq-100 ex Top 30 ETF,ETF,ETF,29.9955997467041,-0.5549857756676495,-0.0049723147846678,38.58976805139293,US
QPX,AdvisorShares Q Dynamic Growth ETF,ETF,ETF,46.75899887084961,-2.034361367482267,-0.0539491635991698,40.01332383256184,US
QQA,Invesco QQQ Income Advantage ETF,ETF,ETF,54.130001068115234,-1.4635691329358225,-0.0513774697990977,39.80203284754646,US
QQH,HCM Defender 100 Index ETF,ETF,ETF,79.22000122070312,-2.5704051170147046,-0.1117682098209366,39.20977230033921,US
QQMG,Invesco ESG NASDAQ 100 ETF,ETF,ETF,47.679298400878906,-1.586656685841724,-0.0486556487949269,40.1555297680104,US
QQMY,Corgi Technology Leaders 15% Structured Buffer ETF - May Series,ETF,ETF,25.36000061035156,-0.8212713608876713,-0.0097780099658891,41.337807074435474,US
QQQA,ProShares Nasdaq-100 Dorsey Wright Momentum ETF,ETF,ETF,69.74590301513672,-2.0009768026522035,0.0283620183231205,38.36836460958229,US
QQQG,Pacer Nasdaq 100 Top 50 Cash Cows Growth Leaders ETF,ETF,ETF,29.85950088500977,-0.4118964661409197,-0.0164687864596317,42.80537062402657,US
QQQI,NEOS NASDAQ-100(R) High Income ETF,ETF,ETF,52.72999954223633,-1.5987682879420226,-0.0562029465341416,39.11457793028163,US
QQQP,Tradr 2X Long Innovation 100 Quarterly ETF,ETF,ETF,198.8917999267578,-3.9671097757833,-0.4411590764219553,37.56199168659073,US
QQQS,Invesco NASDAQ Future Gen 200 ETF,ETF,ETF,41.35940170288086,-3.5304255754566727,-0.0535400016473517,38.69039112638982,US
QQQU,Direxion Daily Magnificent 7 Bull 2X Shares,ETF,ETF,48.810001373291016,-11.41560303996072,-0.2769514164019001,36.81245334084112,US
QQQX,Nuveen Nasdaq 100 Dynamic Overwrite Fund,Financial Services,Asset Management,29.4950008392334,-0.3883815222819026,-0.0228180333307866,44.46822536490074,US
QQQY,Defiance Nasdaq 100 Target 30 Weekly Distribution ETF,ETF,ETF,21.940000534057617,-1.546867924114886,-0.0199729187483911,38.79337883652109,US
QQUP,ProShares Ultra QQQ Mega,ETF,ETF,54.91590118408203,-7.063968451052799,-0.2158429297601137,39.24850869728215,US
QQXL,ProShares Ultra QQQ TOP 30,ETF,ETF,50.165000915527344,-4.786758300878082,-0.1493756200430711,38.48518640769269,US
QQXT,First Trust NASDAQ-100 Ex-Technology Sector Index Fund,ETF,ETF,98.18900299072266,-0.7991516865871349,0.0020287111774286,48.5269258821254,US
QRVO,"Qorvo, Inc.",Technology,Semiconductors,86.51000213623047,1.1812890482227705,-0.0087743703619032,43.7987717562492,US
QS,QuantumScape Corporation,Consumer Cyclical,Auto Parts,4.885000228881836,-16.638223249456377,-0.0276235023362884,26.48827778589599,US
QSIG,QSIG,N/A,N/A,48.20479965209961,-0.3003078109696337,0.0003430188300431,45.90500014884924,US
QSIX,Pacer Metarus Nasdaq 100 Dividend Multiplier 600 ETF,ETF,ETF,40.61320114135742,-1.7081708139424094,-0.0380943507493015,38.787706107482784,US
QSOL,Invesco Galaxy Solana ETF,ETF,ETF,7.425899982452393,-1.6437113264548366,-0.021746247328767,45.62160559928103,US
QSPT,FT Vest Nasdaq-100 Buffer ETF – September,ETF,ETF,34.27000045776367,-0.5542441760581216,-0.0161315498632205,43.48461034763009,US
QSR,Restaurant Brands International Inc.,Consumer Cyclical,Restaurants,72.47000122070312,-3.386216295413891,-0.0600436267068932,44.12316780941614,US
QTAC,Q3 All-Season Tactical Advantage ETF,ETF,ETF,22.66510009765625,-2.9248735977131424,-0.0359628266480109,37.757230627924926,US
QTAP,Innovator Growth-100 Accelerated Plus ETF – April,ETF,ETF,50.43069839477539,-0.5115412092297164,-0.0227174319993883,42.48752473373656,US
QTEC,First Trust NASDAQ-100-Technology Sector Index Fund,ETF,ETF,295.20001220703125,-1.688472705279174,-0.3032217332565907,40.05826796539981,US
QTJA,Innovator Growth Accelerated Plus ETF - January,ETF,ETF,32.359798431396484,-0.6392850558465201,-0.0174528775444231,42.98049750325664,US
QTJL,Innovator Growth Accelerated Plus ETF - July,ETF,ETF,39.88779830932617,-1.657305328415233,-0.0383413941263117,33.092368409046784,US
QTOC,Innovator Growth Accelerated Plus ETF - October,ETF,ETF,37.57690048217773,-0.3740867173627594,-0.0164962348155727,45.442111318023535,US
QTPI,North Square RCIM Tax-Advantaged Preferred and Income Securities ETF,ETF,ETF,25.395000457763672,-0.509301323053602,-0.0039301820451005,44.55028444835424,US
QTR,Global X NASDAQ 100 Tail Risk ETF,ETF,ETF,33.161399841308594,-1.4725068545426994,-0.021645835149708,38.646935625486734,US
QTUM,Defiance Quantum ETF,ETF,ETF,139.55999755859375,-1.5032852326284143,-0.0322124036366386,36.1236330055934,US
QUAD,"Quad/Graphics, Inc.",Industrials,Specialty Business Services,8.34000015258789,-3.472224291827861,-0.0128194184489313,53.66009310069873,US
QUBT,Quantum Computing Inc.,Technology,Computer Hardware,7.429999828338623,-4.743594273699388,-0.0113974633894273,36.5087616711811,US
QUBX,Tradr 2X Long QUBT Daily ETF,ETF,ETF,6.079999923706055,-10.850443245297685,-0.0138604106629276,35.333237527057705,US
QUIZ,Zacks Quality International ETF,EQUITY,EQUITY,28.746299743652344,0.1613204860003937,0.0034524523627571,47.8983406777098,US
QULL,ETRACS 2x Leveraged MSCI US Quality Factor TR ETN,ETF,ETF,64.91200256347656,-4.166295431948818,-0.0793083390089697,45.300618797875785,US
QUSA,VistaShares Target 15 USA Quality Income ETF,ETF,ETF,18.075000762939453,-0.5884855806451207,0.0001782279381288,41.67523963263066,US
QVAL,Alpha Architect U.S. Quantitative Value ETF,ETF,ETF,57.57490158081055,0.7946345671379325,0.0192863167405842,62.00432297018969,US
QVMS,Invesco S&P SmallCap 600 QVM Multi-factor ETF,ETF,ETF,34.06330108642578,-0.9067604758522728,-0.0092206063866616,50.355748517208525,US
QVOL,Infrastructure Capital NASDAQ Option Income ETF,ETF,ETF,94.68379974365234,-1.8820728045053432,-0.1380434850139404,38.00785594378095,US
QVOY,Q3 All-Season Active Rotation ETF,ETF,ETF,29.252899169921875,-0.235663776111802,0.0115720385196423,41.88049263424936,US
QWLD,State Street SPDR MSCI World StrategicFactors ETF,ETF,ETF,152.83999633789062,-0.1841653659694969,0.0116449493965101,53.53656271402637,US
QXQ,SGI Enhanced Nasdaq-100 ETF,ETF,ETF,30.30719947814941,-1.858103788768477,-0.0314704412781051,38.56493819101459,US
QYLD,Global X NASDAQ 100 Covered Call ETF,ETF,ETF,17.559999465942383,-0.4083513138875793,-0.0060185934933254,42.93960113611676,US
QYLG,Global X Nasdaq 100 Covered Call & Growth ETF,ETF,ETF,28.420499801635746,-1.156402652815255,-0.0198206342676556,40.15000120405119,US
RA,Brookfield Real Assets Income Fund Inc.,Financial Services,Asset Management,12.720000267028809,-1.3188523798760667,-0.0128697593097817,45.5354635169527,US
RAA,SMI 3Fourteen REAL Asset Allocation ETF,ETF,ETF,29.433399200439453,0.3936093998884658,-0.0069400062060679,47.95761875353254,US
RAAX,VanEck Real Assets ETF,ETF,ETF,40.119998931884766,2.008637335496644,-0.0092809145806969,52.51192132783148,US
RACK,VanEck Data Center Supply Chain ETF,ETF,ETF,46.7400016784668,3.156036772973321,-0.0116296653803198,42.59390365907573,US
RAFE,PIMCO RAFI ESG U.S. ETF PIMCO RAFI ESG U.S. ETF,ETF,ETF,48.27999877929688,0.6882127447482279,0.0174833744823157,59.36814093682833,US
RAL,Ralliant Corporation,Technology,Electronic Components,69.43000030517578,-1.054578713238484,-0.0261248102154751,54.14662851437359,US
RAPP,"Rapport Therapeutics, Inc.",Healthcare,Biotechnology,40.68000030517578,-4.551850481764412,-0.0675560649132566,51.81031377415155,US
RAUS,RACWI US ETF,ETF,ETF,29.000999450683597,-0.661097457844159,-0.0118701946597986,45.38753104429453,US
RAYJ,Rayliant SMDAM Japan Equity ETF,ETF,ETF,37.435001373291016,1.933295925581148,0.0348477352977588,43.43887098627101,US
RBB,RBB Bancorp,Financial Services,Banks - Regional,26.280000686645508,-2.8824789160789845,-0.0140214467045922,48.6646620433433,US
RBBN,RBBN,N/A,N/A,2.009999990463257,-8.636366050105398,-0.0056366299054996,37.13665071988378,US
RBC,RBC Bearings Incorporated,Industrials,Tools & Accessories,595.0700073242188,3.450860128661717,0.9530323096578428,48.98546725558461,US
RBCAA,"Republic Bancorp, Inc.",Financial Services,Banks - Regional,93.62999725341795,2.9919629102845007,0.1684561502870263,67.74538474501279,US
RBLX,Roblox Corporation,Communication Services,Electronic Gaming & Multimedia,47.54999923706055,-7.99148808770733,-0.1214383065511062,41.068339055935645,US
RBUF,Innovator U.S. Small Cap 10 Buffer ETF - Quarterly,ETF,ETF,30.861400604248047,-0.3699613524220083,-0.0051407189754879,44.00994774913656,US
RCAT,"Red Cat Holdings, Inc.",Industrials,Aerospace & Defense,7.639999866485596,0.0,0.0030961185250555,37.51350887807447,US
RCBC,River City Bank,Financial Services,Banks - Regional,47.5,6.145251396648044,0.1424996802101718,89.68882797868139,US
RCGE,RockCreek Global Equality ETF,ETF,ETF,30.12879943847656,-1.1716874035408138,-0.0049985690646541,54.98538652553762,US
RCL,Royal Caribbean Cruises Ltd.,Consumer Cyclical,Travel Services,293.5400085449219,2.2930085328197443,0.7515684418280947,51.78867360598444,US
RCLO,Reckoner BBB-B CLO ETF,EQUITY,EQUITY,24.885099411010746,0.0406006472793655,-0.0006108978397806,75.89591937587173,US
RCLY,Reckoner BBB-B CLO Annual ETF,EQUITY,EQUITY,101.41000366210938,0.0592059091185907,-0.0027140931884709,72.84945681652879,US
RCTR,First Trust Bloomberg Nuclear Power ETF,ETF,ETF,33.112098693847656,3.3719316560432264,0.0199933302263153,46.979609733110806,US
RCUS,RCUS,N/A,N/A,28.420000076293945,3.8363142304162094,-0.0456534362620365,51.3336341030424,US
RDAG,RDAG,N/A,N/A,10.350000381469728,0.0,0.0003360194136568,58.01218779079074,US
RDDT,"Reddit, Inc.",Communication Services,Internet Content & Information,168.72999572753906,-6.871617977444817,-0.2533794420339883,41.810391309174776,US
RDFI,Rareview Dynamic Fixed Income ETF,ETF,ETF,23.27140045166016,-1.2668614638532747,-0.0153134039897518,41.11066602256869,US
RDN,Radian Group Inc.,Financial Services,Insurance - Specialty,38.68000030517578,-1.777553946046543,0.0011624277222412,60.33713234427685,US
RDNT,"RadNet, Inc.",Healthcare,Diagnostics & Research,61.56999969482422,-0.9969431509498252,0.09218807866361,50.916640096190726,US
RDTE,Roundhill Russell 2000 0DTE Covered Call Strategy ETF,ETF,ETF,28.18000030517578,-1.0607429868474405,-0.0093544406657799,48.68142641863014,US
RDTY,YieldMax Russell 2000 0DTE Covered Call Strategy ETF,ETF,ETF,37.45069885253906,-0.9088449985465586,-0.0174349916383371,51.15652165046007,US
RDVI,FT Vest Rising Dividend Achievers Target Income ETF,ETF,ETF,28.81999969482422,0.0848171926204737,0.0055958167176655,55.333646692955455,US
RDVT,"Red Violet, Inc.",Technology,Software - Application,60.86000061035156,-6.670753772724535,-0.1268324015937145,46.089020669615714,US
RDVY,First Trust Rising Dividend Achievers ETF,ETF,ETF,79.9800033569336,-0.0249958038330078,0.006796110956447,54.71515451774519,US
RDWR,Radware Ltd.,Technology,Software - Infrastructure,29.51000022888184,-2.575109485208572,0.0032100845079933,48.18031580264759,US
REAL,"The RealReal, Inc.",Consumer Cyclical,Luxury Goods,11.130000114440918,-0.7136478450831368,-0.0193772486358536,49.26150903676952,US
REAX,The Real Brokerage Inc.,Real Estate,Real Estate Services,1.690000057220459,-18.749994268783947,-0.0101037925170552,37.310638502919055,US
RECS,Columbia Research Enhanced Core ETF,ETF,ETF,44.16999816894531,-0.1356576394121795,-0.0104079807495232,55.31891993070873,US
REET,iShares Global REIT ETF,ETF,ETF,28.88999938964844,1.297331437398505,0.0205628507174481,69.02629021287332,US
REFA,Columbia Research Enhanced International Equity ETF,EQUITY,EQUITY,22.476999282836918,-0.7900814504200907,-0.0128112159887173,48.37941244059634,US
REGN,"Regeneron Pharmaceuticals, Inc.",Healthcare,Biotechnology,656.010009765625,-3.056051160970404,-0.6674540729035217,51.13066260809482,US
REGS,Columbia ETF Trust I - Columbia Large Cap Growth ETF,ETF,ETF,10.99779987335205,-1.2764853284402025,-0.0128396566330832,42.17875253616636,US
REIT,ALPS Active REIT ETF,ETF,ETF,31.896499633789062,1.4358401760110675,0.0275966425623705,67.36543243602534,US
RELY,"Remitly Global, Inc.",Technology,Software - Infrastructure,22.530000686645508,-6.630744010644476,-0.0657054902845907,47.38282870839474,US
REM,iShares Mortgage Real Estate Capped ETF,ETF,ETF,21.56999969482422,-3.2301533922395134,-0.0112247752159057,44.23251893766573,US
REMC,Columbia Research Enhanced Mid Cap ETF,EQUITY,EQUITY,22.37700080871582,-1.5010106395259757,-0.0136647286764913,50.88132183010589,US
REMX,VanEck Rare Earth and Strategic Metals ETF,ETF,ETF,67.51000213623047,-7.100586435572402,-0.0001298289857061,25.397929275837782,US
REPX,"Riley Exploration Permian, Inc.",Energy,Oil & Gas E&P,35.47999954223633,1.371427263532366,-0.0545759160278062,56.89934971671596,US
RERE,ATRenew Inc.,Consumer Cyclical,Internet Retail,3.880000114440918,0.258403854717201,0.0022187192890925,45.94594810936486,US
RES,"RPC, Inc.",Energy,Oil & Gas Equipment & Services,5.610000133514404,-5.0761374220520485,-0.0211843396273026,36.79796104384702,US
RESM,Columbia Research Enhanced Small Cap ETF,EQUITY,EQUITY,23.891000747680664,-1.52507702391344,-0.0141953887249744,49.18711048949766,US
REW,ProShares UltraShort Technology,ETF,ETF,13.20709991455078,0.2056115989948649,0.0155591507656597,55.55003230599659,US
REX,REX American Resources Corporation,Basic Materials,Chemicals,44.40999984741211,-6.149619328358534,-0.1343912670668355,42.19358170019648,US
REXC,Sprott Rare Earths Ex-China ETF,ETF,ETF,15.609999656677246,-5.907175930663107,-0.0155018107267852,25.18338353218003,US
REXR,"Rexford Industrial Realty, Inc.",Real Estate,REIT - Industrial,39.0,4.111054333062388,0.1076907401026535,70.05413422676874,US
REYN,Reynolds Consumer Products Inc.,Consumer Cyclical,Packaging & Containers,25.61000061035156,-2.4009114567905936,0.0026751932096991,51.96089066314177,US
REZ,iShares Residential and Multisector Real Estate ETF,ETF,ETF,99.31999969482422,1.5438116490350504,0.0640260759219082,67.06055269312942,US
REZI,"Resideo Technologies, Inc.",Industrials,Industrial Distribution,34.540000915527344,-3.600337286082052,-0.0529146833386324,54.309993400698005,US
RF,Regions Financial Corporation,Financial Services,Banks - Regional,30.86000061035156,-2.4960474492902884,-0.0138379239172832,55.37075026298131,US
RFDA,ALPS Dynamic US Dividend Advantage ETF,ETF,ETF,71.89839935302734,1.1627656083393474,0.0280913786186376,61.53246472696842,US
RFDI,First Trust RiverFront Dynamic Developed International ETF,ETF,ETF,88.54100036621094,0.0395494807277311,-0.024192368900048,55.22826759384639,US
RFEM,First Trust RiverFront Dynamic Emerging Markets ETF,ETF,ETF,91.14730072021484,0.4588265308610769,-0.0489638281121581,44.96716341408992,US
RFFC,ALPS Active Equity Opportunity ETF,ETF,ETF,73.85700225830078,-1.521372334752574,-0.0399475194963155,44.53038276322045,US
RFIX,Simplify Bond Bull ETF,ETF,ETF,37.79999923706055,-0.1057106642865805,0.0457109496478392,47.87937860292746,US
RFLR,Innovator U.S. Small Cap Managed Floor ETF,ETF,ETF,32.22840118408203,-1.1338069621327105,-0.0111586153926274,50.857706411412245,US
RGEF,Rockefeller Global Equity ETF,ETF,ETF,34.004398345947266,-0.4613324998662812,-0.0146473599886859,44.92686983558293,US
RGEN,Repligen Corporation,Healthcare,Medical Instruments & Supplies,131.9600067138672,-10.383696628952674,-0.5218521465202586,42.05868848097393,US
RGNX,REGENXBIO Inc.,Healthcare,Biotechnology,9.729999542236328,-1.6178037970893553,0.0015019193928178,41.83026577904977,US
RGR,"Sturm, Ruger & Company, Inc.",Industrials,Aerospace & Defense,38.22999954223633,1.003965874331672,-0.0041903205890703,47.62764562399289,US
RGTI,"Rigetti Computing, Inc.",Technology,Computer Hardware,14.149999618530272,0.2834866252749924,0.0050918628230718,34.78609930625777,US
RGTX,Defiance Daily Target 2X Long RGTI ETF,ETF,ETF,9.25,-1.0695227528323106,0.020194201294319,33.81943074047439,US
RGTZ,Defiance Daily Target 2X Short RGTI ETF,ETF,ETF,6.0,-4.0,-0.001109696894425,56.97518035171079,US
RGYY,GraniteShares YieldBOOST RGTI ETF,ETF,ETF,6.764999866485596,-0.2947675958186194,-0.0006597474428666,31.316812117299023,US
RHTX,RH Tactical Outlook ETF,ETF,ETF,19.56399917602539,-0.6197381024216913,-0.0095330027496037,43.28963359574114,US
RIG,Transocean Ltd.,Energy,Oil & Gas Drilling,5.349999904632568,4.085603961125339,0.0030995432023923,50.117007718419046,US
RIGL,"Rigel Pharmaceuticals, Inc.",Healthcare,Biotechnology,36.7400016784668,-9.373456219151436,-0.0748752305416604,43.22994947790861,US
RIGS,ALPS Strategic Income Fund,ETF,ETF,22.584999084472656,0.3777737087673611,0.0001039145971315,50.47505178568913,US
RINF,ProShares Inflation Expectations ETF,ETF,ETF,32.475799560546875,0.3578459456464591,-0.0044034573687432,55.95635130030945,US
RIOX,Defiance Daily Target 2X Long RIOT ETF,ETF,ETF,36.40999984741211,47.58816268670968,0.1893599602622195,45.270302105867216,US
RISE,Pictet Emerging Markets Rising Economies ETF,EQUITY,EQUITY,18.010000228881836,0.1111754197783892,-0.0048520912867629,45.82509560045597,US
RISN,Inspire Capital Appreciation ETF,ETF,ETF,30.855300903320312,-1.467985383673693,-0.0034370296082125,50.83541728444976,US
RISR,FolioBeyond Alternative Income and Interest Rate Hedge ETF,ETF,ETF,36.63999938964844,0.3285841467158455,-0.0017322913708539,65.71526463839257,US
RITM,Rithm Capital Corp.,Real Estate,REIT - Mortgage,9.119999885559082,-2.145920770536129,-0.0001856274080204,49.410074165782206,US
RIVN,"Rivian Automotive, Inc.",Consumer Cyclical,Auto Manufacturers,15.84000015258789,-9.25236194888087,-0.0763388848505009,44.16344468572275,US
RJET,Republic Airways Holdings Inc.,Industrials,Airlines,17.290000915527344,0.4648566839661682,0.0603682611725138,42.66026859425121,US
RJF,"Raymond James Financial, Inc.",Financial Services,Asset Management,169.3000030517578,0.5583288417667387,0.0075531999112645,63.66701896487556,US
RKLB,Rocket Lab Corporation,Industrials,Aerospace & Defense,63.90999984741211,-5.486546507656643,-0.0136072300474889,31.31144137317537,US
RKLX,Defiance Daily Target 2X Long RKLB ETF,ETF,ETF,16.31999969482422,-11.97411602522556,0.0341007272955025,31.41828270654985,US
RKLZ,Defiance Daily Target 2X Short RKLB ETF,ETF,ETF,5.429999828338623,7.738092647568329,0.0120836420581204,62.451627771154605,US
RKNG,Defiance Retail Kings ETF,ETF,ETF,22.12689971923828,0.6408608105702475,-0.0438229773119096,37.73217306950978,US
RKT,"Rocket Companies, Inc.",Financial Services,Mortgage Finance,13.050000190734863,-10.247591300050274,-0.0058731038941336,40.09161242038184,US
RL,Ralph Lauren Corporation,Consumer Cyclical,Apparel Manufacturing,373.5799865722656,-1.8057630212473568,-0.0152438795953107,44.473580772147336,US
RLAY,"Relay Therapeutics, Inc.",Healthcare,Biotechnology,18.440000534057617,-7.383221118133569,-0.0550289322446682,51.06885537500403,US
RLGT,"Radiant Logistics, Inc.",Industrials,Integrated Freight & Logistics,8.880000114440918,-3.5830610460285057,-0.0003163645813412,42.6587246800249,US
RLI,RLI Corp.,Financial Services,Insurance - Property & Casualty,61.91999816894531,0.5684561894687093,0.083603728144485,61.06452028381402,US
RLJ,RLJ Lodging Trust,Real Estate,REIT - Hotel & Motel,12.34000015258789,3.610414027580486,0.0078205014797922,68.77364862070725,US
RLMD,"Relmada Therapeutics, Inc.",Healthcare,Biotechnology,5.179999828338623,-1.145037125960363,0.0196706642074013,34.23261484856921,US
RMCA,Rockefeller California Municipal Bond ETF,ETF,ETF,23.996000289916992,-1.311948332856529,-0.0116410839241021,23.36731562412349,US
RMD,ResMed Inc.,Healthcare,Medical Instruments & Supplies,195.2700042724609,-1.869441237253958,0.1671468964747038,46.18926681870207,US
RMIF,LHA Risk-Managed Income ETF,ETF,ETF,24.09589958190918,-0.4013607587452007,-0.0021385845745239,38.39967461694641,US
RMIX,"Suncrete, Inc.",Basic Materials,Building Materials,17.559999465942383,-10.31665202060599,-0.0099579667430358,38.842549136803285,US
RMME,Rareview Government Money Market ETF,ETF,ETF,100.2750015258789,0.0598764558010502,-0.0008539011893154,91.33906182617628,US
RMNI,"Rimini Street, Inc.",Technology,Software - Application,4.409999847412109,-4.956897105423663,5.9352241185611776e-05,49.23192624310405,US
RMNY,Rockefeller New York Municipal Bond ETF,ETF,ETF,24.405000686645508,-1.0541261675695222,-0.001473103455681,35.256299387227955,US
RMR,The RMR Group Inc.,Real Estate,Real Estate Services,20.020000457763672,-0.8420013461969935,-0.0007118484318985,50.95652406609817,US
RMRC,ARMOR Core Risk-Managed ETF,EQUITY,EQUITY,25.48539924621582,-0.0180483520739629,0.0048107921147723,54.07154107257882,US
RMT,"Royce Micro-Cap Trust, Inc.",Financial Services,Asset Management,13.760000228881836,-1.2912435933984117,-0.0087731738958431,43.83256658999346,US
RND,First Trust Bloomberg R&D Leaders ETF,ETF,ETF,30.88789939880371,-1.9742964949518216,-0.0274096138908352,39.917490652398136,US
RNIN,Bushido Capital US SMID Cap Equity ETF,ETF,ETF,33.86000061035156,-1.2540107719305038,-0.0114234165909998,57.90091102815082,US
RNRG,Global X Renewable Energy Producers ETF,ETF,ETF,35.025001525878906,-0.1283095789474829,-0.0190468029276246,40.34010736683012,US
RNST,Renasant Corporation,Financial Services,Banks - Regional,43.470001220703125,-0.5263147327708589,0.0036379993406392,56.70783108855261,US
RNTY,YieldMax Target 12 Real Estate Option Income ETF,ETF,ETF,50.73860168457031,1.0085269482868986,0.0452639420419056,62.06866691384724,US
ROAD,"Construction Partners, Inc.",Industrials,Engineering & Construction,103.29000091552734,-1.1295111432830511,0.0717695706394296,44.05367673522198,US
ROBT,First Trust Nasdaq Artificial Intelligence and Robotics ETF,ETF,ETF,52.8838996887207,-1.7666934372183796,-0.0068616318225882,38.56747157030403,US
ROCK,"Gibraltar Industries, Inc.",Industrials,Building Products & Equipment,45.18999862670898,4.654928919239202,0.0571065827747362,61.26621769993236,US
ROCY,JPMorgan Equity Premium Yield ETF,ETF,ETF,54.04999923706055,-0.2215228649454872,-0.0244356959713792,50.49643358891588,US
ROE,Astoria US Equal Weight Quality Kings ETF,ETF,ETF,41.88130187988281,0.7803803920683081,0.0121070428249265,50.62298058582272,US
ROIV,Roivant Sciences Ltd.,Healthcare,Biotechnology,35.0099983215332,1.4488554746988065,0.0172935042738926,57.857827778590725,US
ROK,"Rockwell Automation, Inc.",Industrials,Specialty Industrial Machinery,462.1600036621094,0.0671208302472706,0.318773703597764,49.01789564419675,US
ROKT,State Street SPDR S&P Kensho Final Frontiers ETF,ETF,ETF,111.2699966430664,3.728908478770375,0.1801997063888269,45.308428490698425,US
ROKU,"Roku, Inc.",Communication Services,Entertainment,141.97000122070312,-1.703241417868346,-0.10716077313822,57.77298177396846,US
ROL,"Rollins, Inc.",Consumer Cyclical,Personal Services,38.560001373291016,-14.520060182746914,-0.2438226242967249,26.289307285611912,US
ROMA,Roma Green Finance Limited,Industrials,Consulting Services,9.229999542236328,-0.5387951742845002,-0.0013322165132603,56.65461017152021,US
ROMO,Strategy Shares Newfound/ReSolve Robust Momentum ETF,ETF,ETF,33.34000015258789,-1.3200709014782657,-0.0236653072224073,45.17914347671116,US
RONB,Baron First Principles ETF,ETF,ETF,21.200000762939453,-5.735878262815004,0.0008184938590546,27.149775690233295,US
ROOT,"Root, Inc.",Financial Services,Insurance - Property & Casualty,57.95000076293945,-2.817374266448059,-0.0179212990526331,48.58802337964435,US
ROP,"Roper Technologies, Inc.",Technology,Software - Application,367.3399963378906,1.1565736410291232,0.9657589022187016,59.46813500656079,US
ROSC,Hartford Multifactor Small Cap ETF,ETF,ETF,55.84999847412109,-0.3994771781799104,0.0049593657010299,56.51362334058408,US
ROST,"Ross Stores, Inc.",Consumer Cyclical,Apparel Retail,238.88999938964844,2.3258770323074422,0.0171627549009913,62.928005916756746,US
ROUS,Hartford Multifactor US Equity ETF,ETF,ETF,66.22000122070312,0.2270342463625848,0.0111039639881503,48.63927418818237,US
RPAR,RPAR Risk Parity ETF,ETF,ETF,21.8129997253418,-0.2925496229287761,0.0021379616968419,41.72776027631569,US
RPC,"Ridgepost Capital, Inc",Financial Services,Asset Management,8.420000076293945,-3.881280179273349,-0.0144077857487335,54.914422695738416,US
RPD,"Rapid7, Inc.",Technology,Software - Infrastructure,9.489999771118164,-22.213115414058425,-0.0761387637763258,46.39000079633853,US
RPRX,Royalty Pharma plc,Healthcare,Biotechnology,58.83000183105469,1.11722503002648,-0.004922560645071,60.44451069602127,US
RQI,"Cohen & Steers Quality Income Realty Fund, Inc.",Financial Services,Asset Management,12.630000114440918,2.101861206849032,0.0137546435621438,57.68567529123988,US
RR,Richtech Robotics Inc.,Industrials,Specialty Industrial Machinery,1.5499999523162842,-3.125004423782164,-0.0014551818539179,32.43010613895427,US
RRBI,"Red River Bancshares, Inc.",Financial Services,Banks - Regional,99.48999786376952,1.8008742928290016,0.0754501404072882,63.03497175306372,US
RRR,"Red Rock Resorts, Inc.",Consumer Cyclical,Resorts & Casinos,63.91999816894531,-1.2818561097369692,0.019130133481507,52.35700004817304,US
RS,RS,N/A,N/A,407.8299865722656,3.005580308796921,1.0955548358341547,63.910148860698975,US
RSBY,Return Stacked Bonds & Futures Yield ETF,ETF,ETF,18.154300689697266,-1.195710531462428,-0.0028574809261271,44.73189866077356,US
RSDE,FT Vest U.S. Equity Equal Weight Buffer ETF - December,ETF,ETF,23.57999992370605,0.1273914548510721,0.0028894042463908,59.300816026975006,US
RSEE,Rareview Systematic Equity ETF,ETF,ETF,37.89059829711914,-0.9810289933349962,-0.0196785336270381,42.49316007202021,US
RSG,"Republic Services, Inc.",Industrials,Waste Management,216.91000366210935,-2.4290378101691585,-0.0780299358974794,51.317083096759,US
RSI,"Rush Street Interactive, Inc.",Consumer Cyclical,Gambling,31.43000030517578,-3.2923067533052888,-0.0553851611378974,49.86608365614405,US
RSJN,FT Vest U.S. Equity Equal Weight Buffer ETF - June,ETF,ETF,37.29999923706055,-0.0134058921708158,0.0085745279571089,55.248357498840086,US
RSKD,Riskified Ltd.,Technology,Software - Application,5.019999980926514,-4.015297081856893,-0.0026345722387657,47.45052603591886,US
RSMC,Rockefeller U.S. Small-Mid Cap ETF,ETF,ETF,27.68919944763184,-0.9685251992415356,0.0004551508913577,42.68913777965618,US
RSPA,Invesco S&P 500 Equal Weight Income Advantage ETF,ETF,ETF,53.47999954223633,0.2756255200835767,0.0207547823516232,59.2748894423347,US
RSPC,Invesco S&P 500 Equal Weight Communication Services ETF,ETF,ETF,34.81669998168945,-3.3674683283769444,-0.0283272525821608,37.21006672357832,US
RSPE,Invesco ESG S&P 500 Equal Weight ETF,ETF,ETF,33.822601318359375,-0.4632084343653709,0.0058118732101802,52.37875452643359,US
RSPG,Invesco S&P 500 Equal Weight Energy ETF,ETF,ETF,107.30999755859376,2.620252339835428,-0.039593315247695,66.74716056193606,US
RSPH,Invesco S&P 500 Equal Weight Health Care ETF,ETF,ETF,33.79999923706055,-0.5589950927440511,0.0147490401314451,56.284935786163885,US
RSPM,Invesco S&P 500 Equal Weight Materials ETF,ETF,ETF,39.29999923706055,1.83985250496311,0.0559537960657655,56.26727075592416,US
RSPS,Invesco S&P 500 Equal Weight Consumer Staples ETF,ETF,ETF,30.50200080871582,-1.1280374990300963,-0.0040926342477001,51.80855895896295,US
RSPT,Invesco S&P 500 Equal Weight Technology ETF,ETF,ETF,59.33000183105469,-0.1682626175460154,0.0042297053231428,42.18377697950312,US
RSPU,Invesco S&P 500 Equal Weight Utilities ETF,ETF,ETF,82.33000183105469,2.1464061906763683,0.0626345684166793,59.01860466194427,US
RSSB,Return Stacked Global Stocks & Bonds ETF,ETF,ETF,29.950000762939453,-0.8770457994710302,-0.0069174424921393,42.64679184992896,US
RSSX,Return Stacked U.S. Stocks & Gold/Bitcoin ETF,ETF,ETF,23.49659919738769,-0.1886120731172174,-0.0312461191470098,44.7579317347077,US
RSSY,Return Stacked U.S. Stocks & Fu,ETF,ETF,25.15999984741211,-0.8277531922526914,-0.0098021070326969,46.935805487998365,US
RSVR,"Reservoir Media, Inc.",Communication Services,Entertainment,10.630000114440918,4.011740085123362,0.0176067029701004,66.2712556541994,US
RTAI,Rareview Tax Advantaged Income ETF,ETF,ETF,20.947999954223636,-2.3767369956654885,-0.0121891352788046,29.1216070740101,US
RTH,VanEck Retail ETF,ETF,ETF,255.46800231933597,-2.1270350655194963,-0.0923499387100827,45.00840216088493,US
RTRE,Rareview Total Return Bond ETF,ETF,ETF,24.530000686645508,-0.8287847934002578,-0.0011896425323195,36.79624407101484,US
RTX,RTX Corporation,Industrials,Aerospace & Defense,212.7899932861328,9.963309041702129,0.7659376392081536,74.03955617531946,US
RTXG,Leverage Shares 2X Long RTX Daily ETF,ETF,ETF,27.811899185180664,19.982307243415534,0.1925913386852951,73.5638225698371,US
RTYY,GraniteShares YieldBOOST RIOT ETF,ETF,ETF,10.0600004196167,1.309165261285626,-0.0019770402491476,35.56171888140689,US
RUSC,Russell Investments U.S. Small Cap Equity ETF,ETF,ETF,37.74980163574219,-0.765486521556885,-0.0133817659083337,47.68950911641401,US
RUSHA,"Rush Enterprises, Inc.",Consumer Cyclical,Auto & Truck Dealerships,76.56999969482422,-0.4161785633559255,-0.0352040313562913,58.51940617679964,US
RVI,Robinhood Ventures Fund I,Financial Services,Asset Management,25.479999542236328,-2.6737996744830563,0.0213532217235523,33.126746048244115,US
RVLV,"Revolve Group, Inc.",Consumer Cyclical,Internet Retail,24.989999771118164,0.4421246545901136,-0.040216032207838,59.47662543777494,US
RVMD,"Revolution Medicines, Inc.",Healthcare,Biotechnology,189.22999572753903,1.649114742714494,0.3070480528835366,61.96269009031784,US
RVT,"Royce Small-Cap Trust, Inc.",Financial Services,Asset Management,18.040000915527344,0.6696475375139392,0.0046423189990373,49.646021800140616,US
RW,RW,N/A,N/A,25.01849937438965,0.1060291050771097,0.0140366117190726,49.71866817151975,US
RWEM,Rayliant NxtGen Multifactor Emerging Markets Equity ETF,EQUITY,EQUITY,34.20000076293945,4.01459748158057,0.0160630694144883,45.88871678577412,US
RWL,Invesco S&P 500 Revenue ETF,ETF,ETF,130.1999969482422,-0.0997505416911018,0.0093344806322513,57.40181716098708,US
RWLC,Rayliant NxtGen Multifactor US Equity ETF,EQUITY,EQUITY,37.275001525878906,-0.5734866443374439,-0.0144876371770951,49.695827898174464,US
RWT,"Redwood Trust, Inc.",Real Estate,REIT - Mortgage,4.920000076293945,-3.906246362021112,-0.0095428771676776,47.58470374356914,US
RWWI,"Rand Worldwide, Inc.",Technology,Software - Application,13.399999618530272,-3.942653750931029,0.0189799691482282,38.23662941069214,US
RWX,State Street SPDR Dow Jones International Real Estate ETF,ETF,ETF,27.600000381469727,-0.3610121975285996,-0.0020110457176613,57.69478722526377,US
RXD,ProShares UltraShort Health Care,ETF,ETF,16.225799560546875,-1.602184440499686,-0.0288509828839752,39.170534732662624,US
RXI,iShares Global Consumer Discretionary ETF,ETF,ETF,188.50999450683597,-3.590244114093571,-0.2092690879132983,37.19182437564778,US
RXL,ProShares Ultra Health Care,ETF,ETF,55.18000030517578,1.6955437008877925,0.0985446984646594,59.28630192079488,US
RXO,"RXO, Inc.",Industrials,Trucking,25.6299991607666,-12.495737932259626,-0.201070533370011,42.427061767118445,US
RXRX,"Recursion Pharmaceuticals, Inc.",Healthcare,Biotechnology,2.9600000381469727,0.5093414344379252,0.0066745285075688,39.0978585938856,US
RXT,"Rackspace Technology, Inc.",Technology,Software - Infrastructure,3.940000057220459,-5.0602417667747,0.0196610972062241,39.48374832060775,US
RYAM,Rayonier Advanced Materials Inc.,Basic Materials,Chemicals,8.380000114440918,1.8226072970573988,-0.0258099586859152,54.471622900053816,US
RYLG,Global X Russell 2000 Covered Call & Growth ETF,ETF,ETF,24.295299530029297,-0.6895817235075663,-0.0072791878224275,49.98438664302807,US
RYN,Rayonier Inc.,Real Estate,REIT - Specialty,21.57999992370605,-1.0091711974947588,0.0104590180179368,53.16900371367279,US
RYTM,"Rhythm Pharmaceuticals, Inc.",Healthcare,Biotechnology,102.0999984741211,-4.221388428155043,-0.0469653529056262,45.20992979656499,US
RYZ,Ryerson Holding Corporation,Industrials,Metal Fabrication,30.790000915527344,4.020272022707759,0.0199131579649256,66.95955415276893,US
RZLT,"Rezolute, Inc.",Healthcare,Biotechnology,4.989999771118164,8.242942008638716,0.0005034130325787,54.93677582252872,US
S,"SentinelOne, Inc.",Technology,Software - Infrastructure,18.13999938964844,-7.307104381580451,-0.0326530570071443,52.57176126868983,US
SAA,ProShares Ultra SmallCap600,ETF,ETF,35.98860168457031,-1.8046379639072407,-0.0153142095025667,50.15102037248583,US
SABR,Sabre Corporation,Technology,Software - Infrastructure,1.659999966621399,-4.0462457618686285,0.0018614599425967,39.748859237717504,US
SAEF,Schwab Ariel Opportunities ETF,ETF,ETF,24.270000457763672,0.2623239544823971,0.0037351784104641,54.64150781603569,US
SAFE,SAFE,N/A,N/A,16.559999465942383,-3.1579000203562058,-0.002451328999495,55.17019743212671,US
SAGP,Strategas Global Policy Opportunities ETF,ETF,ETF,36.0192985534668,0.1398336928248824,0.0115275109345593,58.86952287982695,US
SAIC,Science Applications International Corporation,Technology,Information Technology Services,118.98999786376952,3.0127224163971675,0.2028180540822997,63.74602829360707,US
SAIL,"SailPoint, Inc.",Technology,Software - Infrastructure,14.949999809265137,-4.65561531698236,0.0070359165276145,51.07008554453483,US
SAM,"The Boston Beer Company, Inc.",Consumer Defensive,Beverages - Brewers,180.1499938964844,0.755028423761143,0.377010429707681,51.83008906557812,US
SAMM,Strategas Macro Momentum ETF,ETF,ETF,31.3164005279541,1.3639749601768825,0.0028927332862274,45.97275966168896,US
SAMT,Strategas Macro Thematic Opportunities ETF,ETF,ETF,43.65999984741211,-0.1143885566410555,0.0303606620503687,40.6725709005438,US
SANA,"Sana Biotechnology, Inc.",Healthcare,Biotechnology,3.180000066757202,0.9523800152860364,0.0080528413491195,42.456896464733695,US
SASS,M.D. Sass Concentrated Equities ETF,EQUITY,EQUITY,24.420000076293945,-1.4527869264570876,0.0008015350320087,45.72994374221745,US
SATL,Satellogic Inc.,Industrials,Aerospace & Defense,3.5899999141693115,-6.020943012903127,0.0055753119481372,32.11936469092561,US
SATO,Invesco Alerian Galaxy Crypto Economy ETF,ETF,ETF,15.718500137329102,2.910173920373128,-0.0360630145891335,42.49036103140244,US
SAWG,AAM Sawgrass U.S. Large Cap Quality Growth ETF,ETF,ETF,23.85260009765625,-0.7299807772787054,-0.0096126270259649,45.97405849306468,US
SAWS,AAM Sawgrass U.S. Small Cap Quality Growth ETF,ETF,ETF,24.65139961242676,0.4826097982967042,0.0101995904960629,48.51899290732441,US
SB,"Safe Bulkers, Inc.",Industrials,Marine Shipping,7.670000076293945,12.463341396449046,0.0080044206512238,67.62877913723412,US
SBAC,SBAC,N/A,N/A,173.57000732421875,-6.527004662521837,-0.2358304921798386,33.96956167600747,US
SBB,ProShares Short SmallCap600,ETF,ETF,22.670000076293945,1.7047965238166138,0.0116043673783025,50.44163766545702,US
SBH,"Sally Beauty Holdings, Inc.",Consumer Cyclical,Specialty Retail,14.640000343322754,-1.6129016752173695,-0.0100256132024692,54.42281267964573,US
SBIL,Simplify Government Money Market ETF,EQUITY,EQUITY,100.29499816894533,0.044885954060162,-0.0014807248944625,96.22022850918933,US
SBIO,ALPS Medical Breakthroughs ETF,ETF,ETF,63.77000045776367,-2.193246253697975,-0.0317133479884277,53.837845279219614,US
SBIT,ProShares UltraShort Bitcoin ETF,ETF,ETF,56.880001068115234,-0.3154579404900555,0.2549775196161468,48.7534996881784,US
SBNC,"Southern BancShares (N.C.), Inc.",Financial Services,Banks - Regional,12400.009765625,7.875504032258064e-05,-1.1950107719568166,56.14673468414539,US
SBND,Columbia Short Duration Bond ETF,ETF,ETF,18.655000686645508,-0.2939519001515684,-0.0013608170944907,40.90481370953915,US
SBRA,"Sabra Health Care REIT, Inc.",Real Estate,REIT - Healthcare Facilities,22.36000061035156,11.188463111442273,0.0214499769914621,75.32674947135766,US
SBUX,Starbucks Corporation,Consumer Cyclical,Restaurants,103.25,-2.123422039179752,-0.0689448851339924,48.217674968450126,US
SCAP,Infrastructure Capital Small Cap Income ETF,ETF,ETF,38.399600982666016,1.1713848772563045,0.020050882051079,50.58872762809047,US
SCC,ProShares UltraShort Consumer Discretionary,ETF,ETF,16.608299255371094,10.943880822438016,0.0420883106017591,67.75767773149005,US
SCCO,Southern Copper Corporation,Basic Materials,Copper,179.2899932861328,3.948282541328026,-0.511481090079279,49.95814190650256,US
SCDL,ETRACS 2x Leveraged US Dividend Factor TR ETN,ETF,ETF,55.96699905395508,-1.5549465418348831,-0.042372231063414,57.01160099632624,US
SCDV,Bahl & Gaynor Small Cap Dividend ETF,ETF,ETF,27.440900802612305,-0.2185325961664102,0.0038030083807377,52.94872965133947,US
SCEC,Sterling Capital Enhanced Core Bond ETF,ETF,ETF,24.584999084472656,-0.9268645764052794,-0.0019632581940116,34.4737063545587,US
SCEP,Sterling Capital Hedged Equity Premium Income ETF,ETF,ETF,24.61000061035156,-0.4449785843784594,-0.0121063928634762,45.01152211511583,US
SCHA,Schwab U.S. Small-Cap ETF,ETF,ETF,33.93000030517578,-0.3524197784831576,-0.0096873180773863,44.369572913964255,US
SCHC,Schwab International Small-Cap Equity ETF,ETF,ETF,48.040000915527344,0.5231219820269412,0.004864209677001,46.78719613776428,US
SCHE,Schwab Emerging Markets Equity ETF,ETF,ETF,35.38999938964844,0.084838175280158,-0.0167666028253907,44.36927913879162,US
SCHH,Schwab U.S. REIT ETF,ETF,ETF,24.86000061035156,1.0158471913846436,0.0203488449576939,66.02616110271842,US
SCHI,Schwab 5-10 Year Corporate Bond ETF,ETF,ETF,22.229999542236328,-0.9799608606976256,-0.0018094743454915,35.58720055723445,US
SCHJ,Schwab 1-5 Year Corporate Bond ETF,ETF,ETF,24.479999542236328,-0.3257325954627623,-0.00080978737736,42.51968427092534,US
SCHK,Schwab 1000 ETF,ETF,ETF,35.630001068115234,-0.5859349430206208,-0.0116908591801433,45.34714074527947,US
SCHM,Schwab U.S. Mid-Cap ETF,ETF,ETF,34.9900016784668,0.0,0.002272237148892,44.43044841805138,US
SCHO,Schwab Short-Term U.S. Treasury ETF,ETF,ETF,24.059999465942383,-0.1659788999758692,0.0001879197961784,50.08927946781694,US
SCHP,Schwab U.S. TIPS ETF,ETF,ETF,26.09000015258789,-0.6473727144410768,-0.0015550424092682,38.37485486555281,US
SCHQ,Schwab Long-Term U.S. Treasury ETF,ETF,ETF,30.26499938964844,-1.4169425487967489,0.0043935571127524,34.74967642454425,US
SCHR,Schwab Intermediate-Term U.S. Treasury ETF,ETF,ETF,24.399999618530277,-0.6109964284798626,0.0008260456522553,41.82069899091508,US
SCHV,Schwab U.S. Large-Cap Value ETF,ETF,ETF,34.2400016784668,1.2718139240167847,0.018150559695203,53.27806159933044,US
SCHW,The Charles Schwab Corporation,Financial Services,Capital Markets,101.97000122070312,0.4037058605410349,-0.0228142077060695,61.70960894709496,US
SCHZ,Schwab U.S. Aggregate Bond ETF,ETF,ETF,22.790000915527344,-0.7404101730138071,0.0004443587017095,37.28188970136996,US
SCJ,iShares MSCI Japan Small-Cap ETF,ETF,ETF,104.66000366210938,0.9646922290873196,0.0783960934466596,48.46474380850028,US
SCL,Stepan Company,Basic Materials,Specialty Chemicals,57.56999969482422,-1.8079504587754076,-0.0782363010882516,56.642046068193686,US
SCLZ,Swan Enhanced Dividend Income ETF,ETF,ETF,55.10029983520508,-0.9859987465083582,-0.0548632752797061,42.19622665011632,US
SCMB,Schwab Municipal Bond ETF,ETF,ETF,25.270000457763672,-1.2118822004182,-0.0030316830150539,24.070477894652413,US
SCMC,Sterling Capital Multi-Strategy Income ETF,ETF,ETF,24.924999237060547,-0.359784748286398,-0.0019881810079928,44.9314048336902,US
SCMY,Corgi U.S. Small-Cap 15% Structured Buffer ETF - May Series,ETF,ETF,25.5,-0.5072148459747091,-0.0067119601862892,47.746624838171336,US
SCNM,Sterling Capital National Municipal Bond ETF,ETF,ETF,24.739900588989254,-1.020605087733074,-0.0029567401423725,29.25095700886824,US
SCO,ProShares UltraShort Bloomberg Crude Oil,ETF,ETF,25.57999992370605,-6.880230931529793,0.0668782728321547,33.78277487744931,US
SCSB,Sterling Capital Short Duration Bond ETF,ETF,ETF,24.84000015258789,-0.3610114379710034,-0.0020696917966697,44.379323664508455,US
SCUB,Sterling Capital Ultra Short Bond ETF,ETF,ETF,25.01000022888184,-0.1198110445231826,-0.0028722230172559,51.99086178316358,US
SCUS,Schwab Ultra-Short Income ETF,ETF,ETF,25.15999984741211,0.031804309916241,-0.0002002286179423,67.50326934182655,US
SCYB,Schwab High Yield Bond ETF,ETF,ETF,25.920000076293945,-0.6134963492337805,-0.0050486015271782,39.34592491572789,US
SCZ,iShares MSCI EAFE Small-Cap ETF,ETF,ETF,82.6500015258789,0.1939673490762087,0.0164592461114673,48.25366893276083,US
SD,"SandRidge Energy, Inc.",Energy,Oil & Gas E&P,13.81999969482422,1.3939807688042287,-0.015375188828767,48.59856302234332,US
SDCI,USCF SummerHaven Dynamic Commodity Strategy No K-1 Fund,ETF,ETF,29.1299991607666,2.2212844367056688,-0.0310897076726045,68.93824959206805,US
SDFI,AB Short Duration Income ETF,ETF,ETF,35.358001708984375,-0.3298006206316472,-0.0011859493868794,45.82221956393471,US
SDG,iShares MSCI Global Sustainable Development Goals ETF,ETF,ETF,87.72219848632812,0.2379031326513309,0.0216564824938454,45.1576732639109,US
SDGR,"Schrödinger, Inc.",Healthcare,Health Information Services,14.970000267028809,-2.2845916107534623,0.0116089314574983,43.63620662481319,US
SDHC,Smith Douglas Homes Corp.,Real Estate,Real Estate - Development,15.260000228881836,-1.16579894037145,0.0399796799837096,55.68684606869342,US
SDMF,Simplify DBi CTA Managed Future,EQUITY,EQUITY,26.08699989318848,1.7037047998336108,-0.0026244069405384,63.650952853397634,US
SDOW,ProShares UltraPro Short Dow30,ETF,ETF,24.84000015258789,1.3877557248485333,-0.0051019380711914,51.31132701394076,US
SDP,ProShares UltraShort Utilities,ETF,ETF,20.670000076293945,-5.183482570245116,-0.0352572990507272,40.5711146873987,US
SDSI,American Century Short Duration Strategic Income ETF,ETF,ETF,51.07500076293945,-0.2733562222616987,-0.0023771850704312,45.1969617663156,US
SDVD,FT Vest SMID Rising Dividend Achievers Target Income ETF,ETF,ETF,23.34000015258789,-0.606350159642995,0.020604682899097,61.27687751858032,US
SDVY,First Trust SMID Cap Rising Dividend Achievers ETF,ETF,ETF,43.27999877929688,-0.2535160449386993,0.0138568323576782,56.78352015680333,US
SDY,State Street SPDR S&P Dividend ETF,ETF,ETF,155.72999572753906,0.5942756820967613,0.0989015675852622,60.11187074724035,US
SE,Sea Limited,Consumer Cyclical,Internet Retail,100.0,-3.8923622613862014,-0.2674725600086685,48.4106037387542,US
SEA,U.S. Global Sea to Sky Cargo ETF,ETF,ETF,18.30500030517578,3.2896974330759776,0.0021131126748729,70.68058740609467,US
SEB,Seaboard Corporation,Industrials,Conglomerates,4714.4501953125,3.938439538055399,7.497700302356236,51.79057809974983,US
SECR,NYLI MacKay Securitized Income ETF,ETF,ETF,25.134700775146484,-0.5747622925334017,0.0021665747165895,41.18861694348645,US
SECT,Main Sector Rotation ETF,ETF,ETF,70.08000183105469,0.0856972163168807,-0.0084661610956267,46.01869322926738,US
SECU,iShares Securitized Income Active ETF,ETF,ETF,49.459999084472656,-0.582916413120289,-0.0060814176596526,41.32042868299719,US
SEEM,SEI Select Emerging Markets Equity ETF,ETF,ETF,37.24430084228516,0.2187730989461466,-0.0205718364113884,42.16982257869967,US
SEI,"Solaris Energy Infrastructure, Inc.",Energy,Oil & Gas Equipment & Services,54.02999877929688,-10.368281563646214,-0.3461259441204771,33.1426021649343,US
SEIQ,SEI QiM U.S. Large Cap Quality Active ETF,ETF,ETF,40.119998931884766,-1.4250658972538024,-0.0036678468876446,51.79128038826826,US
SEIS,SEI Select Small Cap ETF,ETF,ETF,32.07360076904297,-1.080677953499141,-0.005273514599969,45.41170559438319,US
SEIX,Virtus Seix Senior Loan ETF,ETF,ETF,23.15999984741211,0.0994109782068284,-0.0016676470716733,73.03226087645803,US
SELV,SEI QiM U.S. Large Cap Low Volatility Active ETF,ETF,ETF,33.619998931884766,0.0893086607936909,0.0185557792191467,59.37767427136838,US
SEMG,Suncoast Select Growth ETF,ETF,ETF,26.5,-1.3696591860190237,-0.0142529536275191,45.93001110518347,US
SEMUF,Siem Industries S.A.,Industrials,Marine Shipping,70.0,0.0,0.0126050109182539,97.563371979498,US
SEPI,Shelton Equity Premium Income ETF,ETF,ETF,28.040000915527344,0.5017967702913013,-0.0096934860691403,52.096581697070654,US
SEPM,FT Vest U.S. Equity Max Buffer ,ETF,ETF,32.92499923706055,0.1216387944929619,-0.0010147127072908,57.36145940026948,US
SEPN,"Septerna, Inc.",Healthcare,Biotechnology,33.099998474121094,-0.8982126887789658,0.015651899237645,48.07936206433411,US
SEPP,PGIM S&P 500 Buffer 12 ETF - Sep,ETF,ETF,32.59090042114258,0.2180195645168877,-0.0039932006735706,53.5353286152864,US
SEPT,AllianzIM U.S. Equity Buffer10 Sep ETF,ETF,ETF,37.54499816894531,-0.5298735424536049,-0.0144693407717725,50.55410772700073,US
SEPU,AllianzIM U.S. Equity Buffer15 Uncapped Sep ETF,ETF,ETF,30.6299991607666,-0.8416970994468997,-0.012998815626536,43.486521658912906,US
SERV,Serve Robotics Inc.,Industrials,Specialty Industrial Machinery,4.809999942779541,-5.500986275334198,-0.0127205291497993,28.318563680948927,US
SETH,ProShares Short Ether ETF,ETF,ETF,47.04999923706055,-0.9056451333645654,0.1637573122332439,44.57024340211243,US
SETM,Sprott Critical Materials ETF,ETF,ETF,28.875,1.8518504813616383,-0.0041551603512561,38.93835105513918,US
SEZL,Sezzle Inc.,Financial Services,Credit Services,153.88999938964844,-11.89671895410334,-0.9465198714905672,45.11480532629209,US
SFBS,"ServisFirst Bancshares, Inc.",Financial Services,Banks - Regional,87.61000061035156,0.7706442950664303,0.0334765159820595,58.097706734174885,US
SFIX,"Stitch Fix, Inc.",Consumer Cyclical,Apparel Retail,3.5799999237060547,-5.5408981599118095,-0.0048319780962705,43.526297096774535,US
SFL,SFL Corporation Ltd.,Industrials,Marine Shipping,11.920000076293944,7.290733075134516,0.0145949847207376,65.21878805327827,US
SFLO,Victoryshares Small Cap Free Cash Flow ETF,ETF,ETF,35.779998779296875,-1.9726060841181507,-0.0165328069769922,56.89943647235869,US
SFM,"Sprouts Farmers Market, Inc.",Consumer Defensive,Grocery Stores,74.88999938964844,-1.1744515755938305,0.1990349327346736,40.429111854312985,US
SFST,"Southern First Bancshares, Inc.",Financial Services,Banks - Regional,61.4900016784668,-1.141477613768285,0.026585535467313,53.678379965195305,US
SFTX,Horizon International Managed Risk ETF,ETF,ETF,29.950000762939453,0.3686347513038556,-0.0061080682045401,44.58326256714364,US
SFTY,Horizon Managed Risk ETF,ETF,ETF,30.540000915527344,-0.4238642335938011,-0.0129578765789085,46.18786072453791,US
SFY,SoFi Select 500 ETF,ETF,ETF,145.1199951171875,-0.5243852475948724,-0.0795827397556756,43.9949344149936,US
SGDJ,Sprott Junior Gold Miners ETF,ETF,ETF,75.19719696044922,4.819067744112184,0.0267135354393737,46.33287858632253,US
SGDM,Sprott Gold Miners ETF,ETF,ETF,62.310001373291016,5.0936083844329465,0.0465181712990301,46.874752365364245,US
SGHC,Super Group (SGHC) Limited,Consumer Cyclical,Gambling,14.359999656677246,-2.511879817091346,-0.0362984082810553,49.63704487426519,US
SGLC,SGI U.S. Large Cap Core ETF,ETF,ETF,43.34999847412109,-0.138220164713022,-0.0225641257240408,47.55246458866274,US
SGML,Sigma Lithium Corporation,Basic Materials,Other Industrial Metals & Mining,9.630000114440918,-6.140351855621519,-0.0115585950305714,29.123753167520466,US
SGMT,Sagimet Biosciences Inc.,Healthcare,Biotechnology,7.070000171661377,-9.590792628341603,-0.0016900606006152,46.32798181345764,US
SGOL,abrdn Physical Gold Shares ETF,ETF,ETF,38.59000015258789,0.9680767139388357,-0.0099675145024237,44.676256370838736,US
SGP,"SpyGlass Pharma, Inc.",Healthcare,Biotechnology,20.489999771118164,3.641878081352036,-0.0125135771595099,51.36954401352261,US
SGRT,SMART Earnings Growth 30 ETF,EQUITY,EQUITY,32.91600036621094,4.000002410551224,-0.0123324941300587,44.38427431003039,US
SGRW,Harbor Active Small Cap Growth ETF,EQUITY,EQUITY,23.992900848388672,-3.1177006270490617,-0.0110710058302424,41.336172524598645,US
SGRY,"Surgery Partners, Inc.",Healthcare,Medical Care Facilities,15.729999542236328,-1.626017714843622,0.0219857109465737,50.377754407220536,US
SGU,"Star Group, L.P.",Energy,Oil & Gas Refining & Marketing,13.050000190734863,-0.3055764811822355,0.0062721477622712,56.6334069605703,US
SGVT,Schwab Government Money Market ETF,ETF,ETF,100.6999969482422,0.0496725500301423,-0.0004011327915286,94.49951119963843,US
SH,ProShares Short S&P500,ETF,ETF,33.5,0.6913121102246842,0.0125460842566051,56.54615736691248,US
SHAZ,SharonAI Holdings Inc.,Technology,Information Technology Services,64.88999938964844,1.9641734946391636,-0.0766756778212531,44.41189144549547,US
SHBI,"Shore Bancshares, Inc.",Financial Services,Banks - Regional,23.61000061035156,1.8550487468275312,0.0395363351957704,63.27510840628337,US
SHC,Sotera Health Company,Healthcare,Diagnostics & Research,17.350000381469727,-2.2535189776353435,-0.0059140999979911,50.45588758968105,US
SHDG,Soundwatch Hedged Equity ETF,ETF,ETF,32.505401611328125,-0.5342677240428413,-0.0094990255428582,42.82877175164285,US
SHEN,Shenandoah Telecommunications Company,Communication Services,Telecom Services,11.420000076293944,0.3514935101122578,0.0256581295927766,29.648903613112267,US
SHLD,Global X Defense Tech ETF,ETF,ETF,63.0099983215332,4.911749718264352,0.1154400701268928,57.01823527764706,US
SHLS,"Shoals Technologies Group, Inc.",Technology,Solar,9.390000343322754,-8.83494981126971,-0.0511113134961469,44.67611122557026,US
SHM,State Street SPDR Nuveen ICE Short Term Municipal Bond ETF,ETF,ETF,47.60499954223633,-0.4287844073755067,-0.0020785582326798,35.67873532404391,US
SHMD,SCHMID Group N.V.,Industrials,Specialty Industrial Machinery,4.114999771118164,-3.176475973690257,0.0022342901497073,34.42847325667708,US
SHO,"Sunstone Hotel Investors, Inc.",Real Estate,REIT - Hotel & Motel,11.739999771118164,0.0852534464799253,-0.0021468721954302,59.627599650674696,US
SHOC,Strive U.S. Semiconductor ETF,ETF,ETF,104.70999908447266,1.2776979623438252,-0.077570750950577,43.85755409760898,US
SHOE,Shoe Station Group Inc.,Consumer Cyclical,Apparel Retail,14.550000190734863,0.4140815773944564,0.0060699380174136,43.47934910382391,US
SHOP,Shopify Inc.,Technology,Software - Application,113.75,-7.939460790246231,-0.3047112190943184,43.52690468648704,US
SHUS,Stratified LargeCap Hedged ETF,ETF,ETF,50.20199966430664,-1.5164273329147582,-0.0194569622282211,45.74451807926866,US
SHV,iShares 0–1 Year Treasury Bond ETF,ETF,ETF,110.29000091552734,0.0362820095486111,-0.0002759079123885,87.72104340084073,US
SHW,The Sherwin-Williams Company,Basic Materials,Specialty Chemicals,317.510009765625,-4.168174952706597,0.2466340933734385,43.51431476122048,US
SHY,iShares 1-3 Year Treasury Bond ETF,ETF,ETF,81.8499984741211,-0.17075179082338,5.19450438336011e-05,49.21918627343715,US
SHYG,iShares 0-5 Year High Yield Corporate Bond ETF,ETF,ETF,42.02999877929688,-0.473598780742165,-0.0065655360026631,39.50903857500786,US
SHYL,Xtrackers Short Duration High Yield Bond ETF,ETF,ETF,43.915000915527344,-0.6672657205480946,-0.0114986695971791,35.9793095113871,US
SHYM,BlackRock ETF Trust II - iShares Short Duration High Yield Muni Active ETF,ETF,ETF,22.114999771118164,-0.7405785926489861,-0.0012804541809011,33.536726327911225,US
SI,"Shoulder Innovations, Inc.",EQUITY,EQUITY,20.40999984741211,-5.465494658805457,-0.009198814668349,51.64279391234464,US
SIBN,"SI-BONE, Inc.",Healthcare,Medical Devices,16.6200008392334,-4.3728329012167855,-0.0085620335079515,49.86733733451164,US
SIFI,Harbor Ares Systematic Multi-Sector Income ETF,ETF,ETF,43.180999755859375,-0.8085847116807302,-0.0152321526310425,35.50496328646254,US
SIGI,"Selective Insurance Group, Inc.",Financial Services,Insurance - Property & Casualty,96.33000183105467,-0.1347680433877327,-0.0454866412716001,52.87011092912759,US
SIJ,ProShares UltraShort Industrials,ETF,ETF,15.988100051879885,-3.219736023880189,-0.0385089195542441,42.85320812917488,US
SIL,Global X Silver Miners ETF,ETF,ETF,75.44000244140625,5.157519776712054,0.0528932884699457,45.77491280045523,US
SILJ,Amplify Junior Silver Miners ETF,ETF,ETF,24.770000457763672,4.119375807155596,0.004059655128778,44.572858804368025,US
SIO,Touchstone Strategic Income ETF,ETF,ETF,25.350000381469727,-0.8215926794226703,-0.0013399671498486,33.511231072436615,US
SION,"Sionna Therapeutics, Inc.",Healthcare,Biotechnology,45.70000076293945,-7.50859966794145,-0.0241074775523,55.27908057064647,US
SITE,"SiteOne Landscape Supply, Inc.",Industrials,Industrial Distribution,99.87000274658205,-3.721199735306429,0.0029945952604615,37.44620350032751,US
SIVR,abrdn Physical Silver Shares ETF,ETF,ETF,55.27999877929688,3.5787893678802774,0.0263021144254165,42.88809400718147,US
SIXA,ETC 6 Meridian Mega Cap Equity ETF,ETF,ETF,56.76340103149414,0.4075497171450575,0.0082518218311785,57.37062423319402,US
SIXH,ETC 6 Meridian Hedged Equity-Index Option Strategy ETF,ETF,ETF,43.8661003112793,0.9112010109342368,0.0131128099055976,66.36357440738487,US
SIXJ,SIXJ,N/A,N/A,36.369998931884766,-0.2988052287464141,-0.0080943931192883,47.43798082677978,US
SIXL,ETC 6 Meridian Low Beta Equity Strategy ETF,ETF,ETF,40.114200592041016,0.2554222528069181,0.0215924056203657,60.37463497388136,US
SIXZ,AllianzIM U.S. Equity 6 Month Buffer10 May/Nov ETF,ETF,ETF,31.49570083618164,-0.2321879292727654,-0.0075120061654107,49.51854266366483,US
SJB,ProShares Short High Yield,ETF,ETF,15.31999969482422,1.055407975082679,0.0063772060101751,71.07345644153675,US
SJCP,SanJac Alpha Core Plus Bond ETF,ETF,ETF,24.959999084472656,-0.3553064100894776,-0.0049757055119176,44.57581896360018,US
SJLD,SanJac Alpha Low Duration ETF,ETF,ETF,25.18000030517578,-0.1427637161408926,-0.0018941524132354,57.73662047607277,US
SJNK,State Street SPDR Bloomberg Short Term High Yield Bond ETF,ETF,ETF,24.790000915527344,-0.5216659725866855,-0.0035711374056607,38.52625081574077,US
SKOR,FlexShares Credit-Scored US Corporate Bond Index Fund,ETF,ETF,47.95500183105469,-0.6010925634789913,-0.0026404591942516,38.10802970395572,US
SKRE,Tuttle Capital Daily 2X Inverse Regional Banks ETF,ETF,ETF,6.144100189208984,3.088928689323472,0.0034966962500564,42.89642748952901,US
SKT,Tanger Inc.,Real Estate,REIT - Retail,41.93000030517578,0.3590271188644363,0.0108286714717553,64.72787573109045,US
SKY,"Champion Homes, Inc.",Consumer Cyclical,Residential Construction,81.62999725341797,-1.2938328105306682,0.0552963873235011,49.81932573534468,US
SKYH,Sky Harbour Group Corporation,Real Estate,Real Estate - Development,10.18000030517578,-2.303260742427213,-0.0098677696612996,55.29337180771768,US
SKYT,"SkyWater Technology, Inc.",Technology,Semiconductors,30.6200008392334,-2.359693101772131,0.0347232494475786,31.269679939913843,US
SKYU,ProShares Ultra Cloud Computing,ETF,ETF,34.5077018737793,-6.257094071441814,-0.0276499702537506,42.22726316431737,US
SKYW,SKYW,N/A,N/A,103.6500015258789,6.602898228211873,0.4789509398989813,64.07915441156277,US
SKYY,SKYY,N/A,N/A,131.9600067138672,-3.0418803850013174,-0.0413616510282566,43.26273966758591,US
SLAB,Silicon Laboratories Inc.,Technology,Semiconductors,216.8800048828125,-0.2713001032688905,0.0041412129674577,40.28183614009828,US
SLB,SLB N.V.,Energy,Oil & Gas Equipment & Services,52.41999816894531,11.555642256907634,0.3285323602995555,65.70471088880994,US
SLDB,Solid Biosciences Inc.,Healthcare,Biotechnology,7.829999923706055,-10.206425642989188,0.0012394259924248,36.08877746556858,US
SLDE,"Slide Insurance Holdings, Inc.",Financial Services,Insurance - Property & Casualty,20.26000022888184,-1.1707305908203125,0.0040948981627221,54.18418990252353,US
SLDP,"Solid Power, Inc.",Consumer Cyclical,Auto Parts,2.0799999237060547,-9.95671102903732,-0.0088953953305341,29.6720911654932,US
SLG,SL Green Realty Corp.,Real Estate,REIT - Office,54.61000061035156,5.9565379128647375,0.1783014865308814,66.6257155507227,US
SLGN,Silgan Holdings Inc.,Consumer Cyclical,Packaging & Containers,46.43000030517578,-1.589656623884597,0.0358157680952622,62.52168994539651,US
SLJY,Amplify SILJ Junior Silver Miners Covered Call ETF,EQUITY,EQUITY,27.20870018005371,4.40790766558747,0.0125217831088623,46.52362453013306,US
SLM,SLM Corporation,Financial Services,Credit Services,24.290000915527344,-4.14364337307754,-0.0368261806560621,47.681107739466064,US
SLN,Silence Therapeutics plc,Healthcare,Biotechnology,11.020000457763672,4.95238531203497,-0.0329481121080198,61.424577521919694,US
SLNZ,TCW Senior Loan ETF,ETF,ETF,45.75,0.0218590318458822,-0.0029265844151277,66.82120938335032,US
SLRC,SLR Investment Corp.,Financial Services,Asset Management,12.9399995803833,-1.371953557514158,-0.0159531677816344,51.37065822189373,US
SLTY,YieldmaxTM Ultra Short Option Income Strategy ETF,EQUITY,EQUITY,22.540000915527344,2.468585999738484,0.0138043756563054,58.12096317070906,US
SLV,iShares Silver Trust,ETF,ETF,52.59000015258789,3.5643982213504057,0.025265912468313,42.82149888176333,US
SLVM,Sylvamo Corporation,Basic Materials,Paper & Paper Products,38.27000045776367,-0.1825761464413919,0.0454277594745674,49.50260417585797,US
SLVP,iShares MSCI Global Silver and Metals Miners ETF,ETF,ETF,30.51000022888184,5.206897340971848,0.0111515486888204,47.06123241358016,US
SLVR,Sprott Silver Miners & Physical Silver ETF,ETF,ETF,49.27999877929688,4.706257765257635,-0.0026525230066896,45.805074760419394,US
SLVX,Nicholas Silver Income ETF,EQUITY,EQUITY,13.239999771118164,5.514826451862436,0.008937919205133,42.90265782072725,US
SLX,VanEck Steel ETF,ETF,ETF,103.48999786376952,3.2628184027510274,0.1291598389769559,56.09916654805438,US
SLYG,State Street SPDR S&P 600 Small Cap Growth ETF,ETF,ETF,114.36000061035156,-0.7980553250235938,-0.0066185850378599,48.32271981123112,US
SLYV,State Street SPDR S&P 600 Small Cap Value ETF,ETF,ETF,108.38999938964844,-0.7962682862638711,-0.0434925038474657,53.74525466910656,US
SM,SM Energy Company,Energy,Oil & Gas E&P,33.189998626708984,5.970622446058938,-0.0473891196068034,67.21681396757106,US
SMA,"SmartStop Self Storage REIT, Inc.",Real Estate,REIT - Industrial,34.7400016784668,1.3123381479283711,0.0273349803130026,61.87384901530326,US
SMAX,iShares Large Cap Max Buffer Sep ETF,ETF,ETF,27.920000076293945,-0.035804614294912,-0.0022067421110609,55.22044736050682,US
SMBC,"Southern Missouri Bancorp, Inc.",Financial Services,Banks - Regional,77.62999725341797,0.2453445325695532,0.0412006120035142,61.44634726453097,US
SMBK,"SmartFinancial, Inc.",Financial Services,Banks - Regional,50.0099983215332,3.86292157156966,0.0687870156811001,70.8016284414627,US
SMBS,Schwab Mortgage-Backed Securities ETF,ETF,ETF,25.040000915527344,-0.6546280844203631,0.0014131735791698,39.93400790385794,US
SMC,Summit Midstream Corporation,Energy,Oil & Gas Midstream,30.5,3.6005415988906795,0.014085493806351,53.762657463823984,US
SMCF,Themes US Small Cap Cash Flow Champions ETF,ETF,ETF,39.92060089111328,0.0817298496614513,0.002361251547594,63.56809069797204,US
SMCI,"Super Micro Computer, Inc.",Technology,Computer Hardware,30.100000381469727,24.483043844407053,0.1099654616913521,52.36824532571212,US
SMCP,SMART Mid Cap ETF,EQUITY,EQUITY,24.641000747680664,0.822423114692445,-0.0099205495842703,48.85172393851644,US
SMCX,Defiance Daily Target 2X Long SMCI ETF,ETF,ETF,8.720000267028809,49.05983605441617,0.050777261479955,47.2527652898997,US
SMDV,ProShares Russell 2000 Dividend Growers ETF,ETF,ETF,77.70999908447266,-0.6393044442564979,0.0013547995535911,59.44444519159256,US
SMG,The Scotts Miracle-Gro Company,Basic Materials,Agricultural Inputs,69.30999755859375,-2.352783487402739,0.0192475395105375,57.0176860309029,US
SMHB,ETRACS 2xMonthly Pay Leveraged US Small Cap High Dividend ETN,ETF,ETF,4.039999961853027,-5.827505879324408,-0.009867959134715,50.67426654556838,US
SMIN,iShares MSCI India Small-Cap ETF,ETF,ETF,68.08000183105469,-2.324239868174565,0.0022388028664865,43.95161143994729,US
SMLF,iShares U.S. Small-Cap Equity Factor ETF,ETF,ETF,85.91999816894531,-0.6475545400674206,0.000233185651802,45.46818009843648,US
SMLV,State Street SPDR US Small Cap Low Volatility Index ETF,ETF,ETF,158.71400451660156,-0.5177314806888893,0.0250206441784901,59.09707707391873,US
SMMD,iShares Russell 2500 ETF,ETF,ETF,89.18000030517578,-0.5353595107385043,0.0029035741238607,48.02728069906651,US
SMN,ProShares UltraShort Materials,ETF,ETF,19.95330047607422,-2.8563798115977934,-0.0529092595570965,46.69431416943797,US
SMOM,Symmetry Panoramic Sector Momentum ETF,ETF,ETF,28.360200881958008,1.569371760830703,0.0065486353325772,64.42207445041745,US
SMOX,Horizon Small/Mid Cap Core Equity ETF,ETF,ETF,30.23110008239746,0.3955252809842811,0.0060039684443723,54.1772817287218,US
SMP,"Standard Motor Products, Inc.",Consumer Cyclical,Auto Parts,38.66999816894531,0.2073024515187961,0.0208092239161008,52.02695500102718,US
SMPL,The Simply Good Foods Company,Consumer Defensive,Packaged Foods,10.220000267028809,-7.761729806849964,0.0044894646341904,31.42041133706444,US
SMRI,Bushido Capital US Equity ETF,ETF,ETF,42.96530151367188,0.4965807541096353,0.0132180424770309,63.13073137740011,US
SMST,Defiance Daily Target 2X Short MSTR ETF,ETF,ETF,64.46269989013672,3.8431306904831297,0.5425343619438854,54.24255098873514,US
SMTH,ALPS Smith Core Plus Bond ETF,ETF,ETF,25.315000534057617,-0.8227192462725997,-0.0007896229739507,35.0278309130065,US
SMU,Tradr 2X Long SMR Daily ETF,ETF,ETF,5.170000076293945,8.385746267649598,-0.0172922626350915,36.94627972905042,US
SMWB,Similarweb Ltd.,Technology,Software - Application,6.289999961853027,-9.626437825025151,-0.0105232496493974,53.64764974222096,US
SN,"SharkNinja, Inc.",Consumer Cyclical,"Furnishings, Fixtures & Appliances",148.60000610351562,-3.837437858425532,0.0410339400562316,56.11472658145793,US
SNA,Snap-on Incorporated,Industrials,Tools & Accessories,404.1199951171875,-1.6715723692612934,0.0993475737053444,53.80647204020674,US
SNAP,Snap Inc.,Communication Services,Internet Content & Information,4.349999904632568,-3.973516486512404,-0.0080152444365456,34.03023336632279,US
SNAV,Mohr Sector Nav ETF,ETF,ETF,37.83720016479492,-1.0895630130542735,-0.0044172031523794,42.42751828982342,US
SNDA,"Sonida Senior Living, Inc.",Healthcare,Medical Care Facilities,41.68999862670898,2.0812891061344234,0.0757204081602618,61.26689350015527,US
SNDG,Leverage Shares 2X Long SNDK Daily ETF,ETF,ETF,8.9399995803833,8.10156088916114,0.0139302887398673,40.06574980541576,US
SNDK,Sandisk Corporation,Technology,Computer Hardware,1436.56005859375,6.033282321284008,-1.0272144799107892,42.140907091745774,US
SNDR,"Schneider National, Inc.",Industrials,Trucking,37.61000061035156,-1.5187170390516536,-0.0446764405348094,55.81583665707824,US
SNDX,"Syndax Pharmaceuticals, Inc.",Healthcare,Biotechnology,20.809999465942383,-8.728069463631796,-0.0773485963501693,43.896037044202586,US
SNOU,T-Rex 2X Long SNOW Daily Target ETF,ETF,ETF,44.79999923706055,-0.8564433028202015,-0.0643746404591851,57.85150146561717,US
SNOW,Snowflake Inc.,Technology,Software - Application,268.0599975585937,-0.3123824309992322,-0.1545699780539156,60.48789602710597,US
SNPD,Xtrackers S&P Dividend Aristocrats Screened ETF,ETF,ETF,30.267000198364254,-1.701796504220437,-0.0237803005159882,56.82043481562648,US
SNPE,SNPE,N/A,N/A,67.33000183105469,-0.3994033271609724,-0.0189357535358118,43.827011136775866,US
SNPS,"Synopsys, Inc.",Technology,Software - Infrastructure,373.4700012207031,-2.813052355816792,0.4441762077290683,25.79653324895848,US
SNSR,Global X Internet of Things ETF,ETF,ETF,44.81999969482422,-2.5567413016298883,-0.0400240239195696,37.04103498573069,US
SNTH,MRP SynthEquity ETF,ETF,ETF,29.21999931335449,-0.848320345520711,-0.0140288668694818,42.56654845429705,US
SNX,TD SYNNEX Corporation,Technology,Electronics & Computer Distribution,242.9199981689453,0.1236514128247791,-0.0987849059202932,42.43720036310364,US
SNXX,Tradr 2X Long Sndk Daily ETF,ETF,ETF,14.420000076293944,9.242426398919228,0.0467642124008746,40.30026668245057,US
SO,The Southern Company,Utilities,Utilities - Regulated Electric,97.25,2.046166721718924,0.1165147544797151,57.32134897264225,US
SOCL,Global X Social Media ETF,ETF,ETF,44.13219833374024,-3.536178505485826,-0.0764947961575009,40.84168742041225,US
SOEZ,Franklin Solana ETF,ETF,ETF,12.779999732971191,-1.6469120884572963,-0.0356835128619189,45.85099670658139,US
SOFA,Direxion Daily SOFI Bull 2X ETF,ETF,ETF,12.398799896240234,-9.826909845525568,-0.0332432200492028,39.93950311765558,US
SOFI,"SoFi Technologies, Inc.",Financial Services,Credit Services,16.459999084472656,-4.745379453639565,-0.0224536668869844,41.06068972769376,US
SOFX,Defiance Daily Target 2X Long SOFI ETF,ETF,ETF,8.40999984741211,-9.9475310618136,-0.0228893614529294,39.60486244191952,US
SOLZ,Solana ETF,ETF,ETF,7.3805999755859375,-1.9254514460892669,-0.0218294124764412,45.27375423735062,US
SON,Sonoco Products Company,Consumer Cyclical,Packaging & Containers,58.22999954223633,2.934417281893654,0.1699574608452045,64.81111025319362,US
SONO,"Sonos, Inc.",Technology,Consumer Electronics,14.6899995803833,-2.7796167163269487,-0.013263648608667,51.82501241891279,US
SOPH,SOPHiA GENETICS SA,Healthcare,Health Information Services,5.71999979019165,-2.5553679436425583,-0.0409541000415389,50.02869582457088,US
SOVF,Sovereign's Capital Flourish Fund,ETF,ETF,30.081899642944336,-1.1179450140408491,0.002914632892036,54.39205986547032,US
SOXL,Direxion Daily Semiconductor Bull 3X Shares,ETF,ETF,136.80999755859375,0.9891461768776014,-0.1649194180166571,40.58006179418722,US
SOXQ,Invesco PHLX Semiconductor ETF,ETF,ETF,93.04000091552734,1.2845637898273743,-0.0692103102665762,42.79799858634761,US
SOXY,YieldMax Target 12 Semiconductor Option Income ETF,ETF,ETF,91.52999877929688,0.5382226041761381,-0.095942997274569,41.60564650712645,US
SPAB,State Street SPDR Portfolio Aggregate Bond ETF,ETF,ETF,25.1299991607666,-0.7111825720027892,0.0002024917993114,37.8694409520622,US
SPAM,Themes Cybersecurity ETF,ETF,ETF,40.19070053100586,-5.713177288652828,-0.0532432900686571,45.38185277594576,US
SPB,"Spectrum Brands Holdings, Inc.",Consumer Defensive,Household & Personal Products,88.80999755859375,0.1352972306735201,-0.0240206159521434,59.82204608460757,US
SPBU,AllianzIM Buffer15 Uncapped Allocation ETF,ETF,ETF,29.820899963378903,-0.7062264042379935,-0.0105538930964144,43.22551868362673,US
SPBW,AllianzIM Buffer20 Allocation ETF,ETF,ETF,28.72330093383789,-0.1970109501558385,-0.0034762137167408,50.75724210548855,US
SPBX,AllianzIM 6 Month Buffer10 Allocation ETF,ETF,ETF,29.17539978027344,-0.1594700622894032,-0.006985384716562,50.03133840712076,US
SPCK,SPAC and New Issue ETF,EQUITY,EQUITY,22.125,-0.5796697751575851,-0.0087158033269415,46.40939036192673,US
SPCL,Tidal Trust II - Defiance Daily 2X Space ETF,ETF,ETF,21.1200008392334,-13.40712846349183,0.0736793248236606,34.6015253747626,US
SPCT,Liberty One Spectrum ETF,ETF,ETF,27.838600158691406,0.3337413241794898,0.008298348103259,60.20718357636902,US
SPDF,Defender Risk Adaptive 500 ETF,ETF,ETF,27.08429908752441,-0.7173812103930641,-0.0111396364285015,44.49333914804341,US
SPDN,Direxion Daily S&P 500 Bear 1X Shares,ETF,ETF,8.800000190734863,0.5714307512555803,0.0031969087672412,56.46391632659977,US
SPEM,State Street SPDR Portfolio Emerging Markets ETF,ETF,ETF,50.15999984741211,-0.059770432591546,-0.0238285790009757,42.99595860512997,US
SPEU,State Street SPDR Portfolio Europe ETF,ETF,ETF,54.79890060424805,-0.2204981222409082,0.0029823330466531,51.09473252298084,US
SPFI,"South Plains Financial, Inc.",Financial Services,Banks - Regional,44.630001068115234,-2.8938164552896057,0.0058370353805583,59.59864954557788,US
SPG,"Simon Property Group, Inc.",Real Estate,REIT - Retail,229.77999877929688,0.4722351751054487,0.1842687383384094,64.21819259566843,US
SPGI,S&P Global Inc.,Financial Services,Financial Data & Stock Exchanges,426.3999938964844,-5.420992511740068,-0.566737906006761,51.48767859013147,US
SPHB,Invesco S&P 500 High Beta ETF,ETF,ETF,141.14999389648438,0.1489935088978204,-0.0339751341855409,42.21957117792238,US
SPHD,Invesco S&P 500 High Dividend Low Volatility ETF,ETF,ETF,52.77999877929688,0.2373943650135418,0.0165867423110508,61.6257381092902,US
SPHQ,Invesco S&P 500 Quality ETF,ETF,ETF,84.80000305175781,0.0235955092580427,0.0277531882547343,42.9438890608175,US
SPHR,Sphere Entertainment Co.,Communication Services,Entertainment,136.25999450683594,-4.459403188960776,0.2772976730611201,41.57989992145895,US
SPHY,State Street SPDR Portfolio High Yield Bond ETF,ETF,ETF,23.18000030517578,-0.6429473597119731,-0.0052479005834693,36.96069768552698,US
SPIB,State Street SPDR Portfolio Intermediate Term Corporate Bond ETF,ETF,ETF,33.09000015258789,-0.5410288629370233,-0.0004034747461983,40.08076640610088,US
SPIP,State Street SPDR Portfolio TIPS ETF,ETF,ETF,25.200000762939453,-0.7092135688696043,-0.0023868287226505,36.108000295155726,US
SPIR,"Spire Global, Inc.",Industrials,Specialty Business Services,10.989999771118164,-9.47282157893112,0.0442571674709719,30.663286584918158,US
SPIT,F/m Emerald Special Situations ETF,ETF,ETF,32.0099983215332,-1.228099891672865,-0.0175993113037764,40.66839752779548,US
SPLV,Invesco S&P 500 Low Volatility ETF,ETF,ETF,77.19000244140625,0.9956974164334296,0.0539766262330771,61.829708813004366,US
SPMB,State Street SPDR Portfolio Mortgage Backed Bond ETF,ETF,ETF,21.96999931335449,-0.7678413775089303,0.0004122257879328,38.01841836050085,US
SPMD,State Street SPDR Portfolio S&P 400 Mid Cap ETF,ETF,ETF,66.37999725341797,0.3022014918705678,0.021373138782944,52.53270844235118,US
SPMO,Invesco S&P 500 Momentum ETF,ETF,ETF,146.50999450683594,1.820831974634079,-0.0338367579460994,45.052310084355256,US
SPOG,Leverage Shares 2X Long SPOT Daily ETF,ETF,ETF,6.8003997802734375,1.1663144418238816,0.0038468264995794,50.36490502337352,US
SPOT,Spotify Technology S.A.,Communication Services,Internet Content & Information,482.6600036621094,0.9453274930347112,0.2220603831903262,51.89212330964997,US
SPRE,SP Funds S&P Global REIT Sharia ETF,ETF,ETF,21.799999237060547,0.4145562247041282,0.0090172499255503,61.99605276129456,US
SPRX,Spear Alpha ETF,ETF,ETF,43.57279968261719,-1.1954621536172587,-0.0612080198356652,36.91478418654321,US
SPRY,"ARS Pharmaceuticals, Inc.",Healthcare,Biotechnology,5.940000057220459,-15.142856325422011,0.0125292484679526,25.26175727637165,US
SPSB,State Street SPDR Portfolio Short Term Corporate Bond ETF,ETF,ETF,29.8799991607666,-0.1670602870008424,-0.0008143348811738,48.49545889469349,US
SPSC,"SPS Commerce, Inc.",Technology,Software - Application,61.15999984741211,-6.754073392011086,-0.0546487715293109,53.11217262486517,US
SPSK,SP Funds Dow Jones Global Sukuk ETF,ETF,ETF,17.844999313354492,-0.4185310414070272,-0.0005703936432805,36.61338124390928,US
SPSM,State Street SPDR Portfolio S&P 600 Small Cap ETF,ETF,ETF,56.31999969482422,-0.7751914019033028,-0.0132191846283865,51.16475884827334,US
SPT,"Sprout Social, Inc.",Technology,Software - Application,7.570000171661377,-12.180971320623208,-0.0173427438816051,45.96732468563589,US
SPTE,SP Funds S&P Global Technology ETF,ETF,ETF,44.96889877319336,0.0643082940977192,-0.033575581925517,43.13409952772884,US
SPTI,State Street SPDR Portfolio Intermediate Term Treasury ETF,ETF,ETF,28.059999465942383,-0.6725682621508573,-9.05725245539113e-05,40.77001011036696,US
SPTL,State Street SPDR Portfolio Long Term Treasury ETF,ETF,ETF,25.36000061035156,-1.438005979274911,0.0036951723846971,34.751025779197604,US
SPTM,State Street SPDR Portfolio S&P 1500 Composite Stock Market ETF,ETF,ETF,89.80999755859375,-0.5316240470333705,-0.0296119212808722,45.77816942721541,US
SPTS,State Street SPDR Portfolio Short Term Treasury ETF,ETF,ETF,28.90999984741211,-0.2071089657041326,0.0001260214863632,49.37879849998379,US
SPUC,Simplify US Equity Income ETF,ETF,ETF,48.72969818115234,-0.6327543405015518,-0.0195853428530766,46.28636530181144,US
SPUS,SP Funds S&P 500 Sharia Industry Exclusions ETF,ETF,ETF,56.27999877929688,-0.3011549713816617,-0.0224016902974851,45.424889601784486,US
SPUU,Direxion Daily S&P 500 Bull 2X Shares,ETF,ETF,209.63999938964844,-1.294787893922858,-0.1752341729428148,44.035629069316286,US
SPWO,SP Funds S&P World ETF,ETF,ETF,31.71999931335449,-0.1259474661179876,-0.0160234294407466,40.59311221513397,US
SPXD,Xtrackers S&P 500 Diversified Sector Weight ETF,ETF,ETF,28.73310089111328,0.1572126540828284,0.0091805654007056,55.49893496485001,US
SPXE,ProShares S&P 500 ex-Energy ETF,ETF,ETF,79.42179870605469,-0.8986543888582773,-0.032827783554003,43.723054999328575,US
SPXL,Direxion Daily S&P500 Bull 3X Shares,ETF,ETF,260.3999938964844,-2.005801704542127,-0.3140554887009388,43.82335181866276,US
SPXN,ProShares S&P 500 ex-Financials ETF,ETF,ETF,80.49929809570312,-0.89466408251987,-0.0404975225589934,42.538602487060935,US
SPXT,ProShares S&P 500 ex-Technology ETF,ETF,ETF,108.4459991455078,-1.2610302374260105,-0.0289172640669369,46.97182859892509,US
SPYD,State Street SPDR Portfolio S&P 500 High Dividend ETF,ETF,ETF,49.75,0.7288937331451241,0.0150590579627507,63.89616030444,US
SPYH,NEOS S&P 500 Hedged Equity Income ETF,ETF,ETF,55.54850006103516,-0.5967930793983616,-0.0183837247421307,46.5036201632609,US
SPYI,Neos S&P 500(R) High Income ETF,ETF,ETF,52.29999923706055,-0.4635623888574851,-0.0200628515738056,46.84311279028936,US
SPYT,SPYT,N/A,N/A,17.125,-0.4360509279805148,-0.0056101822920056,45.79839697083539,US
SPYX,State Street SPDR S&P 500 Fossil Fuel Reserves Free ETF,ETF,ETF,60.56999969482422,-0.7211910159218753,-0.0238794853405899,45.24171408576552,US
SQLT,Ishares MSCI USA Small-Cap Quality Factor ETF,ETF,ETF,28.200000762939453,-1.295061028480848,-0.0088854835117155,48.99128181626212,US
SQLV,Royce Quant Small-Cap Quality Value ETF,ETF,ETF,52.20930099487305,-1.6885060351965555,-0.0128330032276914,54.19980388498226,US
SR,Spire Inc.,Utilities,Utilities - Regulated Gas,83.27999877929688,2.297009007577101,0.0487560079608359,58.80379957499538,US
SRAD,Sportradar Group AG,Technology,Software - Application,14.289999961853027,-0.6258703189960979,0.0044096855602132,42.60627265065492,US
SRCE,1st Source Corporation,Financial Services,Banks - Regional,85.83999633789062,2.8270159152563297,0.1456899201135402,70.0780424673299,US
SRE,Sempra,Utilities,Utilities - Diversified,92.9800033569336,0.791331552231538,0.0463706689071307,51.94156410151079,US
SRET,Global X SuperDividend REIT ETF,ETF,ETF,23.0,-0.7337077070961189,-0.0056439628709748,58.30239956111253,US
SRHQ,SRH U.S. Quality GARP ETF,ETF,ETF,46.91600036621094,-0.8181320975681194,0.0057211828848271,58.22656729479941,US
SRHR,SRHR,N/A,N/A,61.04940032958984,-0.2827818949303008,0.0071927392449022,62.27941407213909,US
SRLN,State Street Blackstone Senior Loan ETF,ETF,ETF,40.33000183105469,-0.0743279951516673,-0.0039448440944085,58.96584392549243,US
SROI,Calamos Antetokounmpo Global Sustainable Equities ETF,ETF,ETF,36.33100128173828,-1.9273773046250875,-0.0269786898012539,42.62827586215672,US
SRPT,"Sarepta Therapeutics, Inc.",Healthcare,Biotechnology,15.68000030517578,-8.943084027793239,-0.0023872530417005,35.447299507970726,US
SRRK,Scholar Rock Holding Corporation,Healthcare,Biotechnology,47.66999816894531,-9.818392700490987,-0.0779226461963438,39.00495800132822,US
SRTA,"Strata Critical Medical, Inc.",Healthcare,Medical Care Facilities,5.039999961853027,-2.1359248830568465,-0.0011932247254598,41.03688757835548,US
SRTY,ProShares UltraPro Short Russell2000,ETF,ETF,23.559999465942383,3.017046792255881,0.0177678408477868,53.77830463391739,US
SSCP,SMART Small Cap ETF,EQUITY,EQUITY,25.35330009460449,-0.0264215914266786,-0.0081551053566939,46.61544805645068,US
SSFI,Day Hagan Smart Sector Fixed Income ETF,ETF,ETF,20.9950008392334,-0.8453714411517093,7.791184577894336e-05,35.121829458637905,US
SSII,"SS Innovations International, Inc.",Healthcare,Medical Devices,3.4749999046325684,-4.532972404294757,-0.0076778482317634,43.8304310328137,US
SSK,REX-Osprey SOL + Staking ETF,ETF,ETF,9.989999771118164,-1.769914491892268,-0.0289333837756468,45.55890182488527,US
SSMG,Virtus Silvant Small/Mid Growth ETF,ETF,ETF,25.69359970092773,-0.4895429720776567,-0.011354220797148,39.31704432490015,US
SSMR,Sunshine Silver Mining & Refining Company,Basic Materials,Other Industrial Metals & Mining,14.390000343322754,10.94834269127769,-0.0006292715281246,53.874802799567135,US
SSO,ProShares Ultra S&P500,ETF,ETF,65.66999816894531,-1.2778089552259349,-0.052175506788084,44.10875073862445,US
SSRM,SSR Mining Inc.,Basic Materials,Gold,26.86000061035156,5.044978220271394,0.0217744565601801,44.75923598361069,US
SSTK,"Shutterstock, Inc.",Communication Services,Internet Content & Information,5.579999923706055,-24.696355754247005,-0.0210951196280182,19.898605151613893,US
SSUS,Day Hagan Smart Sector ETF,ETF,ETF,54.20199966430664,-0.3822830062282417,-0.0166692940606302,44.85154209954623,US
SSYS,Stratasys Ltd.,Technology,Computer Hardware,8.029999732971191,-1.3513587925312074,-0.0037311131274877,41.85116734403732,US
ST,Sensata Technologies Holding plc,Technology,Scientific & Technical Instruments,45.709999084472656,1.465038531830114,0.0230219575839957,47.794116833879045,US
STAA,STAAR Surgical Company,Healthcare,Medical Instruments & Supplies,23.3799991607666,-11.573378636469386,-0.0326895694482757,32.34773203538869,US
STAG,"STAG Industrial, Inc.",Real Estate,REIT - Industrial,41.11000061035156,-1.3675616378376962,-0.0418600485698223,61.87071213782461,US
STBA,"S&T Bancorp, Inc.",Financial Services,Banks - Regional,51.790000915527344,3.642184611494812,0.0850507568491915,70.04219217427277,US
STBF,Performance Trust Short Term Bond ETF,ETF,ETF,25.16580009460449,-0.3926352560474995,-0.001456618131045,42.62406875008731,US
STC,Stewart Information Services Corporation,Financial Services,Insurance - Property & Casualty,67.41999816894531,-6.361113654242621,-0.0566253334954554,48.487488389313775,US
STE,STERIS plc,Healthcare,Medical Devices,214.07000732421875,-1.7306229696333002,0.1136298985025836,51.68046768757824,US
STEP,StepStone Group Inc.,Financial Services,Asset Management,42.61000061035156,-2.158435460795729,0.056099423100054,47.88706422900445,US
STEW,"SRH Total Return Fund, Inc.",Financial Services,Asset Management,18.100000381469727,-0.7131056721390031,-0.0079288954363009,53.19568614899349,US
STGW,Stagwell Inc.,Communication Services,Advertising Agencies,7.420000076293945,-1.19840412576513,0.0168227412322992,53.812620185534826,US
STHH,STMicroelectronics NV ADRhedged,ETF,ETF,10.59000015258789,-15.959048538625211,-0.0760028117241167,31.404617284611376,US
STIP,iShares 0-5 Year TIPS Bond ETF,ETF,ETF,101.2300033569336,-0.2070180199314918,-0.0059391984679956,46.594819295036274,US
STK,Columbia Seligman Premium Technology Growth Fund,Financial Services,Asset Management,47.369998931884766,-3.758639258302585,-0.0973003989752577,36.59410408073055,US
STLD,"Steel Dynamics, Inc.",Basic Materials,Steel,247.1100006103516,4.925483577801588,0.6100418945973005,57.65079859440336,US
STLU,2x Stellar ETF,ETF,ETF,17.267000198364258,-11.060791578201954,-0.1048569360718536,42.10305777699538,US
STOK,"Stoke Therapeutics, Inc.",Healthcare,Biotechnology,29.299999237060547,0.8605852205361246,0.0586893294884015,44.18856578007748,US
STOT,State Street DoubleLine Short Duration Total Return Tactical ETF,ETF,ETF,46.82500076293945,-0.2449890650488795,-0.0018918530894975,47.23508250329736,US
STOX,Horizon Core Equity ETF,ETF,ETF,30.731199264526367,-0.5173075630005123,-0.0122297681310992,46.69101980620319,US
STPZ,PIMCO 1-5 Year U.S. TIPS Index Exchange-Traded Fund,ETF,ETF,52.84000015258789,-0.2830751483819284,-0.0039971929531229,44.72645653769303,US
STRA,"Strategic Education, Inc.",Consumer Defensive,Education & Training Services,75.63999938964844,-1.1629418578916833,0.1067437575878641,42.947196342470136,US
STRL,"Sterling Infrastructure, Inc.",Industrials,Engineering & Construction,660.9349975585938,3.5039777132213623,-1.1574042241136129,41.84492524258562,US
STRN,SMART Trend 25 ETF,EQUITY,EQUITY,26.22640037536621,0.5652053363633645,-0.011768100129165,43.31638488487642,US
STRO,"Sutro Biopharma, Inc.",Healthcare,Biotechnology,22.8799991607666,-2.927452452233742,0.0755766183250987,34.030603868771195,US
STRZ,Starz Entertainment Corp.,Communication Services,Entertainment,24.420000076293945,-8.7784846517931,-0.0413151501505878,37.88908156761558,US
STT,State Street Corporation,Financial Services,Asset Management,185.3999938964844,1.5890377514982876,-0.0533682154822425,67.27118637537038,US
STTK,"Shattuck Labs, Inc.",Healthcare,Biotechnology,7.429999828338623,-1.328026277336209,0.0131393264866159,60.16953412710364,US
STUB,"StubHub Holdings, Inc.",Communication Services,Internet Content & Information,8.25,-10.81081081081081,0.0187286374608868,29.44058769887145,US
STVN,Stevanato Group S.p.A.,Healthcare,Medical Instruments & Supplies,19.68000030517578,2.660408069129398,0.0126431757597764,58.40401174093797,US
STWD,"Starwood Property Trust, Inc.",Real Estate,REIT - Mortgage,16.520000457763672,-2.823526719037224,-0.0026140344484812,48.92842830174373,US
STX,Seagate Technology Holdings plc,Technology,Computer Hardware,851.6900024414062,8.129146012238182,-0.8502311590919138,47.77832123536978,US
STXD,Strive 1000 Dividend Growth ETF,ETF,ETF,39.34510040283203,0.2780618351186653,0.010371843966709,52.43984498386687,US
STXE,Strive Emerging Markets Ex-China ETF,ETF,ETF,46.619998931884766,-0.5948940040544022,-0.0335099640976768,40.78862175172365,US
STXK,Strive Small-Cap ETF,ETF,ETF,38.00659942626953,-0.9393519121061628,-0.010995047530018,49.90917281109589,US
STXU,Leverage Shares 2X Long STX Daily ETF,ETF,ETF,13.229999542236328,14.943521104704487,-0.0338273284058245,45.17068777448867,US
STXV,Strive 1000 Value ETF,ETF,ETF,38.77999877929688,1.052739562216365,0.0155897656648653,64.46475103796504,US
STXX,Tradr 2X Long STX Daily ETF,ETF,ETF,43.400001525878906,14.542101411951467,-0.0740214067997198,45.447321841972965,US
STZ,"Constellation Brands, Inc.",Consumer Defensive,Beverages - Brewers,130.16000366210938,-2.039581210707497,0.0013542451463557,40.65605871158675,US
SUB,iShares Short-Term National Muni Bond ETF,ETF,ETF,105.91000366210938,-0.2824549712355086,-0.0026280680852008,37.57735046500252,US
SUIS,Canary Staked SUI ETF,ETF,ETF,18.430299758911133,-3.958836654528482,-0.1007971631943448,40.97111584354517,US
SUJA,SUJA,N/A,N/A,10.399999618530272,11.587982393452473,0.0612030529976694,49.95614562694913,US
SUNB,"Sunbelt Rentals Holdings, Inc.",Industrials,Rental & Leasing Services,75.66999816894531,3.078592009391814,0.0841309995580996,53.22026595083708,US
SUPL,SUPL,N/A,N/A,48.165000915527344,-0.7909511473753597,-0.032949464125185,62.07078688429124,US
SURE,AdvisorShares Insider Advantage ETF,ETF,ETF,146.33999633789062,-2.074415185272165,-0.1037641662652313,48.78990461189871,US
SURI,Simplify Propel Opportunities ETF,ETF,ETF,17.941699981689453,0.3338553422934561,-0.014861023641714,56.19206572826048,US
SUSA,iShares ESG Optimized MSCI USA ETF,ETF,ETF,151.99000549316406,-0.666615940324281,-0.0306924678057637,45.43958715550733,US
SVAL,iShares US Small Cap Value Factor ETF,ETF,ETF,42.40119934082031,-0.0396056557308052,-0.0045750700168647,59.53523931490002,US
SVCO,"Silvaco Group, Inc.",Technology,Software - Application,7.760000228881836,-2.26700034057223,0.023194746297275,34.81567961231602,US
SVIX,-1x Short VIX Futures ETF,ETF,ETF,23.32999992370605,0.3009445147696106,-0.0231689563327545,49.24133109583971,US
SVOL,Simplify Volatility Premium ETF,ETF,ETF,16.020000457763672,-0.3111340261982114,-0.010074563950553,50.18425347640495,US
SVRA,Savara Inc.,Healthcare,Biotechnology,5.510000228881836,-0.1811549289715633,-0.0050227880077573,44.51372686645411,US
SVV,"Savers Value Village, Inc.",Consumer Cyclical,Specialty Retail,9.109999656677246,-8.350100188576151,-0.0129673007737169,40.376945807619926,US
SVXY,ProShares Short VIX Short-Term Futures ETF,ETF,ETF,56.81999969482422,0.3886947467034207,-0.0225756306639687,50.32456117753661,US
SW,Smurfit Westrock Plc,Consumer Cyclical,Packaging & Containers,48.560001373291016,9.616257809473348,0.3281097797190119,64.95655705798137,US
SWAN,Amplify BlackSwan Growth & Treasury Core ETF,ETF,ETF,32.59429931640625,-1.3191022676141313,-0.010517686559829,40.19924382145272,US
SWBI,"Smith & Wesson Brands, Inc.",Industrials,Aerospace & Defense,14.640000343322754,-1.4804799356481606,0.0026903337672114,44.48096258670102,US
SWIM,"Latham Group, Inc.",Industrials,Building Products & Equipment,5.5,-6.621390073448306,-0.0110573646997724,40.89407420407216,US
SWMR,"Swarmer, Inc",Technology,Software - Infrastructure,38.84000015258789,6.294469566045311,-0.1152317307122812,45.96720214163264,US
SWP,SWP Growth & Income ETF,ETF,ETF,27.975000381469727,0.0894440710120548,0.0088105072817837,48.77258803329878,US
SWRD,Stewards Inc.,Financial Services,Credit Services,4.224500179290772,45.67241518505967,0.0178044763025768,72.7027082309546,US
SWX,"Southwest Gas Holdings, Inc.",Utilities,Utilities - Regulated Gas,93.06999969482422,1.0971129296279083,-0.012310710234516,61.82059055461229,US
SXC,"SunCoke Energy, Inc.",Basic Materials,Coking Coal,8.920000076293945,6.571089584885048,0.0060239711067811,62.50994189753509,US
SXI,Standex International Corporation,Industrials,Specialty Industrial Machinery,303.6499938964844,0.3072121670293015,0.1181499232771066,46.70997147758053,US
SXQG,ETC 6 Meridian Quality Growth ETF,ETF,ETF,31.42790031433105,-1.621795670928677,-0.0027873187680585,43.30758125083953,US
SXT,Sensient Technologies Corporation,Basic Materials,Specialty Chemicals,126.79000091552734,16.26776466512311,1.0191400077190202,65.31388065251471,US
SYF,Synchrony Financial,Financial Services,Credit Services,72.9000015258789,-0.9779967316512396,0.0637801147783254,47.77233546547573,US
SYFI,AB Short Duration High Yield ETF,ETF,ETF,35.529998779296875,-0.3086436931407803,-0.003862591693203,46.01882153860016,US
SYK,Stryker Corporation,Healthcare,Medical Devices,330.25,3.245069885035539,0.9780174990011824,56.43421982506447,US
SYLD,Cambria Shareholder Yield ETF,ETF,ETF,82.91000366210938,-0.0843573053656303,-0.0231308595326836,62.99423841139734,US
SYM,Symbotic Inc.,Industrials,Specialty Industrial Machinery,40.150001525878906,-2.666662967566288,-0.0953536552071813,41.55098138960491,US
SYNA,Synaptics Incorporated,Technology,Semiconductors,113.0,-0.9206514894009284,-0.180103449947135,41.63445435114796,US
SYRE,"Spyre Therapeutics, Inc.",Healthcare,Biotechnology,102.12999725341795,1.8956338749368495,0.0480674244350103,60.01696386940396,US
SYY,Sysco Corporation,Consumer Defensive,Food Distribution,83.11000061035156,1.738276565683584,0.1160149513466242,57.98383055163404,US
SYZ,Lazard US Systematic Small Cap Equity ETF,ETF,ETF,29.903600692749023,-0.4739360862355714,-0.0027497995269993,46.95568843256077,US
SZK,ProShares UltraShort Consumer Staples,ETF,ETF,21.52449989318848,2.7913053687854843,-0.0013706465668732,49.94341010770093,US
T,AT&T Inc.,Communication Services,Telecom Services,24.1299991607666,10.637321190433942,0.0710037012199004,69.34985997253342,US
TABD,Transamerica Bond Active ETF,EQUITY,EQUITY,24.65699958801269,-0.7566904026467197,-0.005759814224807,34.86691482568527,US
TACN,T. Rowe Price Active Core International Equity ETF,EQUITY,EQUITY,28.350000381469727,0.2829852225350235,0.0060534013264214,51.69744613435717,US
TACO,Berto Acquisition Corp.,Financial Services,Shell Companies,10.479999542236328,-0.1904805501302083,0.0006894967917195,52.53488576317567,US
TAFL,AB Tax-Aware Long Municipal ETF,ETF,ETF,24.799999237060547,-1.096715922279672,0.0002056820128868,35.25769574169104,US
TAFM,AB Tax-Aware Intermediate Municipal ETF,ETF,ETF,25.13999938964844,-1.179249756726834,-0.0052440194317709,23.749816466937133,US
TAGS,Teucrium Agricultural Fund,ETF,ETF,25.75,1.3380564920488107,-0.0187444775712698,66.55086367158617,US
TAIL,Cambria Tail Risk ETF,ETF,ETF,10.539999961853027,-0.8000003590303308,0.0016352523187403,42.16389390882318,US
TAL,TAL Education Group,Consumer Defensive,Education & Training Services,10.300000190734863,0.5859416109161438,-0.0113670418771611,58.06543931581272,US
TALK,"Talkspace, Inc.",Healthcare,Health Information Services,5.210000038146973,0.0,-0.0001055042843701,49.62051245216389,US
TALO,Talos Energy Inc.,Energy,Oil & Gas E&P,14.93000030517578,0.0670256624041515,-0.0248813855913226,55.88860456311675,US
TALV,Transamerica Large Value Active ETF,EQUITY,EQUITY,28.36260032653809,0.6980045365723904,0.0071870670836611,64.65147013784193,US
TAOZ,Thornburg American Opportunities Fund ETF Class,ETF,ETF,86.07009887695312,-1.6566474197050218,-0.0319495864262736,43.76342903399112,US
TAP,Molson Coors Beverage Company,Consumer Defensive,Beverages - Brewers,40.95000076293945,0.0488650320414063,-0.0057740977647321,53.73966375924973,US
TARK,Tradr 2X Long Innovation ETF,ETF,ETF,37.550899505615234,-9.428605077614275,-0.1635686241295804,35.70780261822898,US
TASK,"TaskUs, Inc.",Technology,Information Technology Services,5.519999980926514,-5.317323273350545,-0.0212908064790755,49.78339763732038,US
TATT,TAT Technologies Ltd.,Industrials,Aerospace & Defense,41.83000183105469,4.054728948209223,0.1092374889765112,47.03198637614714,US
TAX,Cambria Tax Aware ETF,ETF,ETF,30.44939994812012,-0.5571550830746235,0.0064410416827469,45.018802834318514,US
TAXE,T. Rowe Price Intermediate Municipal Income ETF,ETF,ETF,50.412200927734375,-1.0943697853830563,-0.0083534381555816,18.81116054274244,US
TAXF,American Century Diversified Municipal Bond ETF,ETF,ETF,49.77999877929688,-1.3866893210919435,-0.0094590138653927,28.36745232231836,US
TAXS,Northern Trust Short-Term Tax-Exempt Bond ETF,ETF,ETF,50.09000015258789,-0.3481532660608888,-0.0024865260808384,35.81409836643259,US
TAXT,Northern Trust Tax-Exempt Bond ETF,ETF,ETF,50.81449890136719,-0.9077610940147338,-0.0050834888469577,26.96265849985531,US
TBBB,BBB Foods Inc.,Consumer Defensive,Discount Stores,40.220001220703125,-1.2763879144328043,0.0163588650720728,47.057338081680136,US
TBF,ProShares Short 20+ Year Treasury,ETF,ETF,25.1200008392334,1.4949528857915089,-0.0057733341217415,69.04664970844527,US
TBG,TBG Dividend Focus ETF,ETF,ETF,37.86069869995117,0.8542828359153841,0.0241994164118288,63.307554430224265,US
TBIL,F/m US Treasury 3 Month Bill Fund - ETF Class Shares,ETF,ETF,49.9900016784668,0.0600532316732273,0.000530821235551,98.75302058222012,US
TBJL,Innovator 20+ Year Treasury Bond Buffer ETF – July,ETF,ETF,19.104999542236328,-0.8562579740929206,0.005168991982085,28.98790196040811,US
TBLA,Taboola.com Ltd.,Communication Services,Internet Content & Information,4.820000171661377,-8.712121588413147,-0.0097594449121895,40.95801189482405,US
TBLD,Thornburg Income Builder Opportunities Trust,Financial Services,Asset Management,21.780000686645508,-1.2244832642045578,-0.0086984314998309,47.7810431186333,US
TBLL,Invesco Short Term Treasury ETF,ETF,ETF,105.51000213623048,0.0350824984843999,7.263181688292597e-05,91.11060572358129,US
TBLU,Tortoise Global Water Fund,ETF,ETF,50.995399475097656,-1.3246920008426584,0.011655187331905,50.21416507971166,US
TBPH,"Theravance Biopharma, Inc.",Healthcare,Biotechnology,16.860000610351562,-0.4134654079292525,0.0036757068635539,50.57358554552953,US
TBX,ProShares Short 7-10 Year Treasury,ETF,ETF,28.76000022888184,0.947702562066658,-0.001909440060934,63.323680596738775,US
TBXU,Direxion Daily Biotech Top 5 Bull 2X ETF,ETF,ETF,32.61629867553711,-0.2712219860918979,0.0363045191272388,54.22971720374972,US
TCAF,T. Rowe Price Capital Appreciation Equity ETF,ETF,ETF,40.810001373291016,-0.7538851328942412,-0.0170252981868558,46.05437583173399,US
TCAL,T. Rowe Price Capital Appreciation Premium Income ETF,ETF,ETF,22.6299991607666,0.2658372474685587,0.005872376426533,55.08846886662125,US
TCAN,21Shares Canton Network ETF,ETF,ETF,19.934999465942383,-7.921478904415402,-0.025167129095128,30.49727636290393,US
TCBI,"Texas Capital Bancshares, Inc.",Financial Services,Banks - Regional,99.25,-5.539164092251267,-0.1560365825841938,41.58237102911067,US
TCBK,TriCo Bancshares,Financial Services,Banks - Regional,58.119998931884766,-3.965633687583734,-0.1885968700368319,57.600026148948565,US
TCBX,"Third Coast Bancshares, Inc.",Financial Services,Banks - Regional,42.75,5.243725071699313,0.0994408142512275,64.15084102921594,US
TCI,"Transcontinental Realty Investors, Inc.",Real Estate,Real Estate Services,41.18000030517578,-9.712782823708968,0.0142686066700048,44.10196303170048,US
TCMD,"Tactile Systems Technology, Inc.",Healthcare,Medical Devices,27.479999542236328,-4.384134442993471,0.003812870162865,44.9844342694835,US
TCV,Towle Value ETF,EQUITY,EQUITY,32.560001373291016,-1.7442184394759574,-0.0459750892427771,51.56478418454827,US
TDAQ,TappAlpha Innovation 100 Growth & Daily Income ETF,ETF,ETF,26.020000457763672,-1.551266903813918,-0.0267774469799629,39.10250089364955,US
TDAY,"USA TODAY Co., Inc.",Communication Services,Publishing,8.399999618530273,-1.17647507611443,-0.0032028479927794,51.500953965803255,US
TDG,TransDigm Group Incorporated,Industrials,Aerospace & Defense,1236.7099609375,1.8345978147100133,3.623163516576,46.299931248175206,US
TDIV,First Trust NASDAQ Technology Dividend Index Fund,ETF,ETF,107.20030212402344,-0.685288401567666,0.0104205588549681,36.63531314919396,US
TDOC,"Teladoc Health, Inc.",Healthcare,Health Information Services,8.770000457763672,-6.998937710000494,-0.0248845417298798,50.06067185021814,US
TDOG,21Shares Dogecoin ETF,ETF,ETF,13.915200233459473,-4.755642981142901,-0.0256831436044372,33.11438723882158,US
TDOT,21Shares Polkadot ETF,ETF,ETF,9.665599822998049,-5.4246617372343655,-0.0224853487316292,37.07599600284429,US
TDS,"Telephone and Data Systems, Inc.",Communication Services,Telecom Services,34.369998931884766,0.1456854239660358,0.0701091254533143,37.303087888113375,US
TDTF,FlexShares iBoxx 5-Year Target Duration TIPS Index Fund,ETF,ETF,23.43000030517578,-0.5939728106113648,-0.0023228535917324,41.69648924239913,US
TDTT,TDTT,N/A,N/A,23.674999237060547,-0.2317754160841336,-0.001559556568343,44.63667310083199,US
TDUP,ThredUp Inc.,Consumer Cyclical,Internet Retail,5.699999809265137,-13.636365278364892,-0.0182750869224382,39.68525664156815,US
TDVI,FT Vest Technology Dividend Target Income ETF,ETF,ETF,29.549999237060547,-0.3501798689444942,0.0050894887620234,36.76116477451466,US
TDY,Teledyne Technologies Incorporated,Technology,Scientific & Technical Instruments,655.3499755859375,3.1202724454398427,0.5621595125045373,60.2638672924937,US
TEAM,Atlassian Corporation,Technology,Software - Application,86.87999725341797,-6.871051130027894,-0.021553826680514,48.97392237989381,US
TEC,Harbor Transformative Technologies ETF,ETF,ETF,31.65900039672852,-2.4105343539097204,-0.0384507154127116,43.03223161993127,US
TECL,Direxion Daily Technology Bull 3X Shares,ETF,ETF,177.05999755859375,-0.3321116567188921,-0.2611373511107242,41.83446647408318,US
TECS,Direxion Daily Technology Bear 3X Shares,ETF,ETF,76.33000183105469,-1.0115403619801877,0.0998283822726302,54.405312374075805,US
TECX,"Tectonic Therapeutic, Inc.",Healthcare,Biotechnology,30.3700008392334,-6.840483862776674,-0.0639143580883401,43.25913786623776,US
TEKY,Lazard Next Gen Technologies ETF,ETF,ETF,41.84939956665039,-1.6465327449405505,-0.0439476720273511,39.18726770689476,US
TEL,TE Connectivity plc,Technology,Electronic Components,202.94000244140625,-0.1819856975212779,0.0415071524534023,49.93147878047488,US
TEMR,T. Rowe Price Emerging Markets Equity Research ETF,EQUITY,EQUITY,27.459999084472656,0.8446549618173033,0.017033605064763,44.96843351153416,US
TEMT,Tradr 2X Long TEM Daily ETF,ETF,ETF,12.68000030517578,-35.10747333128477,-0.1030663712305282,32.94061593952901,US
TEND,Ishares Large Cap 10% Target Buffer Dec ETF,ETF,ETF,27.1648006439209,-0.3090018118026722,-0.0081866208389251,47.96001774825591,US
TER,"Teradyne, Inc.",Technology,Semiconductor Equipment & Materials,349.9200134277344,8.549456920378995,-0.105498272266761,45.58504959419192,US
TEST,YieldMax TSLA Performance & Distribution Target 25 ETF,ETF,ETF,35.011600494384766,-16.76920643793303,-0.24416725291968,27.19150545924056,US
TEUP,T-Rex 2X Long TE Daily Target ETF,ETF,ETF,3.799999952316284,-30.656935418063064,-0.029005563116812,28.35339716208449,US
TEX,Terex Corporation,Industrials,Farm & Heavy Construction Machinery,69.83000183105469,6.790032853416916,0.2502048266352582,58.46093655214781,US
TEXU,Direxion Daily Energy Top 5 Bull 2X ETF,EQUITY,EQUITY,39.53499984741211,10.457644305057268,0.0659478715419001,68.09402136702732,US
TEXX,Horizon Kinetics Texas ETF,ETF,ETF,29.99209976196289,2.6775101061402653,0.0054261621417998,69.93305706183038,US
TFC,Truist Financial Corporation,Financial Services,Banks - Regional,51.7599983215332,-1.409527006603423,0.0015591599335151,54.64363145355709,US
TFGZ,Thornburg Focus Growth Fund ETF Class,ETF,ETF,34.32379913330078,-2.378272803584427,-0.0423065843820952,37.446166469674175,US
TFI,State Street SPDR Nuveen ICE Municipal Bond ETF,ETF,ETF,44.88999938964844,-1.101564236006641,-0.0051469087165631,24.15315391065488,US
TFIN,"Triumph Financial, Inc.",Financial Services,Banks - Regional,76.91000366210938,-4.589997419956664,-0.2240375666492509,50.069973550592096,US
TFJL,Innovator 20+ Year Treasury Bond 5 Floor ETF – Quarterly,ETF,ETF,18.933000564575195,-1.0246178497483076,0.0035880670254178,33.34644284956724,US
TFLO,iShares Treasury Floating Rate Bond ETF,ETF,ETF,50.630001068115234,0.0790688187521136,0.0001578918948752,92.69986899058937,US
TFLR,T. Rowe Price Floating Rate ETF,ETF,ETF,50.720001220703125,0.0690536578155306,-0.0045948039556191,61.23463448782096,US
TFPN,Blueprint Chesapeake Multi-Asset Trend ETF,ETF,ETF,30.430099487304688,2.317004416575829,0.0225866843220158,47.54382266572566,US
TFSL,TFS Financial Corporation,Financial Services,Banks - Regional,18.190000534057617,-0.4923421729061554,-0.0113670805433203,65.9654845010408,US
TFX,Teleflex Incorporated,Healthcare,Medical Instruments & Supplies,132.10000610351562,-1.8646419251579127,-0.1240008188476657,50.4060141341854,US
TGLB,T. Rowe Price Global Equity ETF,ETF,ETF,28.99799919128418,-1.0982281954009738,-0.0194147932031166,49.4920946263095,US
TGLS,Tecnoglass Inc.,Basic Materials,Building Materials,45.29999923706055,-2.5387270154844046,0.0231825493566215,52.60250193837684,US
TGRW,T. Rowe Price Growth Stock ETF,ETF,ETF,45.349700927734375,-1.687256009628704,-0.0473103665599898,38.99554143594807,US
TGT,Target Corporation,Consumer Defensive,Discount Stores,136.77999877929688,-2.020062464845216,-0.0924220476080299,54.79653697777811,US
TH,Target Hospitality Corp.,Industrials,Specialty Business Services,16.149999618530273,-1.283624596495515,0.0155271129737533,36.178556822841806,US
THFF,First Financial Corporation,Financial Services,Banks - Regional,77.51000213623047,1.3865339833903734,0.0887191696719278,59.37587026969826,US
THG,"The Hanover Insurance Group, Inc.",Financial Services,Insurance - Property & Casualty,218.1100006103516,2.2886108805480023,0.3225931220907903,61.75704557181518,US
THIR,THOR Index Rotation ETF,ETF,ETF,33.40999984741211,-0.8605368218456049,-0.0146021677319414,41.52924042300479,US
THLV,THOR Equal Weight Low Volatility ETF,ETF,ETF,33.079200744628906,0.2339308097441348,0.0110256711956641,51.03978789614038,US
THMZ,THMZ,N/A,N/A,33.0458984375,0.0239125808694965,-0.0030822140980747,45.68066116191154,US
THNR,Amplify Weight Loss Drug & Treatment ETF,ETF,ETF,25.64929962158203,-0.2787646200890278,-0.0010275538675441,52.62621920507206,US
THO,"THOR Industries, Inc.",Consumer Cyclical,Recreational Vehicles,76.66000366210938,0.5113505129260075,0.0260032320608613,53.41503284799692,US
THQ,Abrdn Healthcare Opportunities Fund,Financial Services,Asset Management,18.549999237060547,-0.056468801834789,-0.0053224945361864,51.130961527971465,US
THRO,iShares U.S. Thematic Rotation Active ETF,ETF,ETF,42.16999816894531,-0.212967714534981,-0.0141657928029778,44.46058067598159,US
THRV,Prospera Income ETF,ETF,ETF,24.075000762939453,-0.3435722322010145,-0.0014262156716945,48.77795337040664,US
THVB,"Thomasville Bancshares, Inc.",Financial Services,Banks - Regional,105.0,0.0,0.0053762205840788,56.65098116953322,US
THW,Abrdn World Healthcare Fund,Financial Services,Asset Management,13.119999885559082,-0.3246673266615119,-0.0013470239162762,52.54659159243587,US
THY,Toews Agility Shares Dynamic Tactical Income ETF,ETF,ETF,21.625,-0.7253405829448383,-0.0030997069864215,37.12502311491855,US
THYF,T. Rowe Price U.S. High Yield ETF,ETF,ETF,51.33000183105469,-0.73486223195868,-0.0096987789303655,39.73529764332221,US
THYM,T. Rowe Price High Income Municipal ETF,ETF,ETF,50.04219818115234,-1.5305027909142046,-0.0079351124753542,29.97164590287652,US
THYP,21Shares Hyperliquid ETF,EQUITY,EQUITY,33.63999938964844,-3.333332967940867,0.0199248196636223,42.4243097128507,US
TIC,"TIC Solutions, Inc.",Industrials,Specialty Business Services,7.130000114440918,4.087594360680049,0.0252588171872926,41.35855131329818,US
TIER,T. Rowe Price International Equity Research ETF,ETF,ETF,31.579700469970703,0.4028275793899856,-0.0011719451026306,45.942363259531525,US
TIGR,UP Fintech Holding Limited,Financial Services,Capital Markets,4.730000019073486,2.6030343185174893,-0.0128463675220855,48.28449272654731,US
TIIV,AAM Todd International Intrinsic Value ETF,EQUITY,EQUITY,29.85379981994629,0.3489069578026523,-0.0074091042057319,55.53736634597527,US
TILE,"Interface, Inc.",Consumer Cyclical,"Furnishings, Fixtures & Appliances",32.97999954223633,-0.2419897995507057,0.0495563512787122,51.238570296233085,US
TINS,Templeton International Insights ETF,EQUITY,EQUITY,28.868000030517575,-1.0013711194187322,-0.0081453079088592,46.591827183866464,US
TIP,iShares TIPS Bond ETF,ETF,ETF,107.5,-0.7111819219916053,-0.0098363269523891,37.27175538316847,US
TIPA,Northern Trust 2030 Inflation-Linked Distributing Ladder ETF,EQUITY,EQUITY,99.1999969482422,-0.0624650810051505,-0.0081837559382545,47.73532096684336,US
TIPB,Northern Trust 2035 Inflation-Linked Distributing Ladder ETF,EQUITY,EQUITY,98.02300262451172,-0.301058410779097,-0.0186342133428222,40.24891812717972,US
TIPC,Northern Trust 2045 Inflation-Linked Distributing Ladder ETF,EQUITY,EQUITY,96.58699798583984,-0.5938449120095983,-0.0241633166957717,35.079684886670705,US
TIPT,Tiptree Inc.,Financial Services,Insurance - Specialty,17.790000915527344,-0.0561703480997127,0.0075796581340535,49.80130424917897,US
TIPZ,PIMCO Broad U.S. TIPS Index Exchange-Traded Fund,ETF,ETF,51.3296012878418,-0.7356368272400226,-0.0038875453599878,37.098485809450985,US
TITN,Titan Machinery Inc.,Industrials,Industrial Distribution,19.979999542236328,4.388715670713089,0.0566049838800807,54.73286709097306,US
TJAN,Innovator Equity Defined Protec,ETF,ETF,28.209999084472656,-0.1945880288818408,-0.0044000316631112,53.86344024389872,US
TJUN,FT Vest Emerging Markets Buffer ETF - June,ETF,ETF,22.16900062561035,0.5396888556340312,0.0089076451959158,41.24523572700095,US
TJX,"The TJX Companies, Inc.",Consumer Cyclical,Apparel Retail,154.22000122070312,-0.155383583278399,-0.0106291086589274,47.87875634198504,US
TK,Teekay Corporation Ltd.,Energy,Oil & Gas Midstream,11.199999809265137,5.263152705571259,0.0016283216914969,51.422495580528896,US
TKO,"TKO Group Holdings, Inc.",Communication Services,Entertainment,180.6199951171875,-2.436131176294108,0.2020883146126353,36.81756111809986,US
TLDR,The Laddered T-Bill ETF,ETF,ETF,25.020000457763672,0.0479887950892178,-0.0001199113751068,84.8704348220137,US
TLH,iShares 10-20 Year Treasury Bond ETF,ETF,ETF,97.30999755859376,-1.3883286809335107,0.009910003394871,35.34255558514842,US
TLRY,"Tilray Brands, Inc.",Healthcare,Drug Manufacturers - Specialty & Generic,3.880000114440918,-9.767443201488971,-0.013155719131787,23.82784816782879,US
TLTD,FlexShares Morningstar Developed Markets ex-US Factor Tilt Index Fund,ETF,ETF,99.26609802246094,0.4514251457340204,0.0161599534120234,52.08588256529988,US
TLTP,Amplify TLT U.S. Treasury 12% Option Income ETF,ETF,ETF,20.37240028381348,-1.2486615968604466,0.0031387862169787,36.51339326375585,US
TMAT,Main Thematic Innovation ETF,ETF,ETF,28.081100463867188,-0.8435707398707798,-0.0139861782888802,41.82390718121615,US
TMB,Thornburg Multi Sector Bond ETF,ETF,ETF,25.2450008392334,-0.5906659414310664,-0.0016755820678531,39.71781794000136,US
TMC,TMC the metals company Inc.,Basic Materials,Other Industrial Metals & Mining,3.670000076293945,-1.871655964286172,-0.0063205166474396,34.42760878898474,US
TMDV,ProShares Russell US Dividend Growers ETF,ETF,ETF,51.73400115966797,-1.894450376311883,-0.0247195014331437,54.187908790959554,US
TMED,T. Rowe Price Health Care ETF,ETF,ETF,34.26340103149414,-0.3130469178596451,0.0160324209327739,56.25474899450246,US
TMFE,Motley Fool Capital Efficiency 100 Index ETF,ETF,ETF,29.17720031738281,-2.826879298418888,-0.0173041028432879,41.32674704164572,US
TMFS,Motley Fool Small-Cap Growth ETF,ETF,ETF,35.029300689697266,-1.035990563053672,0.0029225004835554,46.94849343833312,US
TMFX,Motley Fool Next Index ETF,ETF,ETF,22.554800033569336,-2.288264720123879,-0.0012450479628144,46.55455431083496,US
TMHC,Taylor Morrison Home Corporation,Consumer Cyclical,Residential Construction,72.44999694824219,0.3740601855428999,0.0131798732017249,73.67421862129981,US
TMNL,T. Rowe Price Long Municipal Income ETF,ETF,ETF,49.74720001220703,-0.943431339172089,0.0073151556398014,37.58094164628048,US
TMNS,T. Rowe Price Short Municipal Income ETF,ETF,ETF,49.81919860839844,-0.3715677547205781,-0.0005471949124509,38.64861204496372,US
TMO,Thermo Fisher Scientific Inc.,Healthcare,Diagnostics & Research,568.260009765625,6.7195069503603335,1.1072881349563437,70.83980977113839,US
TMP,Tompkins Financial Corporation,Financial Services,Banks - Regional,101.12000274658205,7.528713060535155,0.5049382218080927,70.52572611489663,US
TMSF,T. Rowe Price Multi-Sector Income ETF,ETF,ETF,50.02999877929688,-0.4179993872490862,-0.0024867715659948,45.80631602257007,US
TMSL,T. Rowe Price Small-Mid Cap ETF,ETF,ETF,42.77999877929688,-0.0467300423369014,0.0112578933088973,51.01798569018765,US
TMUS,"T-Mobile US, Inc.",Communication Services,Telecom Services,180.08999633789062,-6.412719850112901,-0.3587917348320816,46.056271730422765,US
TMV,Direxion Daily 20+ Year Treasury Bear 3X Shares,ETF,ETF,41.400001525878906,4.730591460481935,-0.0167529659718712,69.80471210089182,US
TNC,Tennant Company,Industrials,Specialty Industrial Machinery,87.7699966430664,1.9277621890009489,0.1031761977435952,54.58622318400952,US
TNGX,"Tango Therapeutics, Inc.",Healthcare,Biotechnology,26.6299991607666,-6.757704276140811,-0.0443973603767637,43.84043149525072,US
TNGY,Tortoise Energy Fund,ETF,ETF,10.600000381469728,2.5145089462765937,-0.0076473566054942,69.49798621698349,US
TNL,Travel + Leisure Co.,Consumer Cyclical,Travel Services,74.05000305175781,1.064564548148125,0.0412242350153916,50.816233581214135,US
TNXT,T. Rowe Price Innovation Leaders ETF,ETF,ETF,26.854999542236328,-1.485695829952384,-0.0179534746802746,42.340138574192736,US
TOAK,Twin Oak Short Horizon Absolute Return ETF,ETF,ETF,29.030000686645508,0.397716643530899,0.0095946590008788,63.86168521554676,US
TOCT,Innovator Equity Defined Protection ETF - 2 Yr To October 2027,ETF,ETF,27.045000076293945,-0.0554301180505035,-0.0019621785853615,48.728316550644365,US
TOGA,Tremblant Global ETF,ETF,ETF,29.28689956665039,-4.093725849354751,-0.0145935405494451,35.146962254529456,US
TOI,"The Oncology Institute, Inc.",Healthcare,Medical Care Facilities,4.980000019073486,-6.915885834665135,-0.0134528089156943,42.68177499614348,US
TOK,iShares MSCI Kokusai ETF,ETF,ETF,149.0030059814453,-0.7440641966916115,-0.0524468452270847,46.28963248217688,US
TOLZ,ProShares DJ Brookfield Global Infrastructure ETF,ETF,ETF,60.69039916992188,0.3147093717716942,0.0049391644997067,57.0300350965234,US
TOPC,iShares S&P 500 3% Capped ETF,ETF,ETF,33.880001068115234,-0.4992604192492429,-0.007773161007967,44.71420889509101,US
TOPT,iShares Top 20 U.S. Stocks ETF,ETF,ETF,32.529998779296875,-1.214702466358726,-0.0337369366374343,43.45502208248298,US
TOS,Twin Oak Strategic Solutions ETF,ETF,ETF,28.670900344848636,1.814277344477596,-0.0073199225806463,44.1918178612055,US
TOTL,State Street DoubleLine Total Return Tactical ETF,ETF,ETF,38.77000045776367,-0.9832673567513176,-0.0010138051593226,34.98978349144437,US
TOTR,T. Rowe Price Total Return ETF,ETF,ETF,39.59999847412109,-0.8140282257983611,-0.001481222635847,37.02672364806254,US
TOV,JLens 500 Jewish Advocacy U.S. ETF,ETF,ETF,31.04730033874512,-0.8073447427315694,-0.0127735969450309,43.97191899376477,US
TPB,"Turning Point Brands, Inc.",Consumer Defensive,Tobacco,76.12000274658203,-8.112015799588947,0.025172997865549,39.464143071516375,US
TPC,Tutor Perini Corporation,Industrials,Engineering & Construction,86.7699966430664,10.366310877340554,-0.0231572285597898,64.42560025749114,US
TPFG,Timothy Plan Free Cash Flow Growth ETF,EQUITY,EQUITY,25.223100662231445,0.051969766896416,-0.002273508931426,41.40715698221757,US
TPFI,Timothy Plan Fixed Income ETF,EQUITY,EQUITY,24.6200008392334,-0.8057971718368981,-0.0012811112478533,37.57949265322223,US
TPIF,Timothy Plan International ETF,ETF,ETF,37.400001525878906,0.1338769847405975,0.0016918391291139,50.76419657059019,US
TPL,Texas Pacific Land Corporation,Energy,Oil & Gas E&P,419.4400024414063,0.8996848988573931,-0.6175734788014298,55.82112815050714,US
TPLS,Thornburg Core Plus Bond ETF,ETF,ETF,24.854999542236328,-0.6197548389724172,0.000502060644135,37.156363264012114,US
TPOR,Direxion Daily Transportation Bull 3X Shares,ETF,ETF,43.48500061035156,-4.525097174438933,-0.0584649527084597,52.87436861498399,US
TPR,"Tapestry, Inc.",Consumer Cyclical,Luxury Goods,142.60000610351562,0.8058810515641551,0.137519887244681,50.48293382316222,US
TPRY,VistaShares Target 15 TEPRTantrum Contrarian Distribution ETF,EQUITY,EQUITY,18.59869956970215,-0.9126312407236502,-0.0214763810575043,39.79409161456685,US
TPYP,Tortoise North American Pipeline Fund,ETF,ETF,44.15999984741211,1.145213013622209,-0.0050074961026202,63.2985384451676,US
TQQY,GraniteShares YieldBOOST QQQ ETF,ETF,ETF,12.433300018310549,-0.6131111843963943,-0.0117070495425555,41.40893223210927,US
TRAX,"First Tracks Biotherapeutics, Inc.",Healthcare,Biotechnology,35.52000045776367,-2.738225595469326,-0.3707154445970504,69.30452784679196,US
TRBF,Angel Oak Total Return ETF,ETF,ETF,48.775001525878906,-0.7427714047681078,-0.000489001247373,36.56649859150854,US
TRC,Tejon Ranch Co.,Industrials,Conglomerates,17.6200008392334,-3.080305041485357,-0.0082576798917378,33.587129050613896,US
TREE,"LendingTree, Inc.",Financial Services,Financial Conglomerates,39.0,-15.675675675675675,-0.1739876091664338,37.60736760025987,US
TREX,"Trex Company, Inc.",Industrials,Building Products & Equipment,43.43000030517578,-3.766897236216818,0.110606596207389,44.374779284978864,US
TRFK,Pacer Data and Digital Revolution ETF,ETF,ETF,90.8499984741211,0.6536631109316137,-0.0816971113496491,42.009215293266784,US
TRFM,AAM Transformers ETF,ETF,ETF,57.0099983215332,-1.4349962463088817,-0.0378132661277145,39.29207465470742,US
TRGP,Targa Resources Corp.,Energy,Oil & Gas Midstream,281.3299865722656,-0.5584875293879064,-0.3513832933375536,57.40742224955856,US
TRIN,Trinity Capital Inc.,Financial Services,Asset Management,17.260000228881836,-2.9246368823497417,-0.0289175952612711,48.64700392782584,US
TRIP,"Tripadvisor, Inc.",Consumer Cyclical,Travel Services,13.699999809265137,-6.035666111425005,-0.013695461966772,52.240537018010734,US
TRLV,Trulieve Cannabis Corp.,Healthcare,Drug Manufacturers - Specialty & Generic,8.359999656677246,-4.8919261324448575,-0.0121216476164162,42.70684910134798,US
TRND,Pacer Trendpilot Fund of Funds ETF,ETF,ETF,36.15439987182617,-0.565458567310521,-0.0087084420254348,43.24947051685118,US
TRNO,Terreno Realty Corporation,Real Estate,REIT - Industrial,72.68000030517578,-3.1707931399279383,-0.1380801037659431,61.51173033924119,US
TRNS,"Transcat, Inc.",Industrials,Specialty Business Services,84.8499984741211,-3.46985551628216,-0.1115037663206643,42.927809761102445,US
TRON,Tron Inc.,Consumer Cyclical,Leisure,1.4600000381469729,2.816907202197346,-0.003719426046218,43.219909202734165,US
TROW,"T. Rowe Price Group, Inc.",Financial Services,Asset Management,116.5,-0.7243276396876492,0.0085963422978219,56.26082593237828,US
TRS,TriMas Corporation,Consumer Cyclical,Packaging & Containers,40.02999877929688,-1.5978405137725762,0.025410651501448,42.24898055586407,US
TRSY,Xtrackers US 0-1 Year Treasury ETF,ETF,ETF,30.174999237060547,0.0663191840811187,7.982315638523432e-05,86.00526670880485,US
TRTX,"TPG RE Finance Trust, Inc.",Real Estate,REIT - Mortgage,8.619999885559082,-1.485715593610491,-0.0030539637411005,56.279503166452336,US
TRUD,VanEck Consumer Disc TruSector ETF,ETF,ETF,24.08799934387207,-6.26508138072803,-0.0510725192857065,30.3537665739279,US
TRUT,Vaneck Technology Trusector ETF,ETF,ETF,30.19129943847656,0.253361009258827,-0.0204694496944511,45.61566451927224,US
TRV,"The Travelers Companies, Inc.",Financial Services,Insurance - Property & Casualty,387.260009765625,4.954197581173092,0.5329641257283058,80.88220487062209,US
TSAT,Telesat Corporation,Technology,Communication Equipment,37.470001220703125,2.996152063181787,0.0026678560931236,39.59551288224987,US
TSCV,Thrivent Small Cap Value ETF,ETF,ETF,32.15119934082031,-0.1360470707224381,0.0072242546224997,53.56651325717377,US
TSEC,Touchstone Securitized Income ETF,ETF,ETF,25.64800071716309,-0.5313132870263454,-0.0019232025699804,44.73097678890273,US
TSEL,Touchstone Sands Capital US Select Growth ETF,ETF,ETF,27.228099822998047,-1.7284473121027246,-0.0341776153765413,38.85777970586863,US
TSEM,Tower Semiconductor Ltd.,Technology,Semiconductors,233.3699951171875,-0.3118372350683855,-1.1318910599201693,46.501405186128125,US
TSES,Truth Social American Energy Security ETF,EQUITY,EQUITY,31.04990005493164,1.75291062094747,-0.0112729034533524,58.61777317601128,US
TSHA,"Taysha Gene Therapies, Inc.",Healthcare,Biotechnology,5.519999980926514,-7.382551248393275,-0.0034514290825021,41.7795346945712,US
TSIC,TSIC,N/A,N/A,24.810300827026367,-1.1146637961377093,0.0101826637437893,45.04220761567996,US
TSLA,"Tesla, Inc.",Consumer Cyclical,Auto Manufacturers,313.0299987792969,-17.80537711654399,-2.144327275481801,27.98722735087773,US
TSLI,ProShares Ultra TSLA,EQUITY,EQUITY,13.829999923706056,-35.07347290111739,-0.2230715854393687,27.961913414400584,US
TSLL,Direxion Daily TSLA Bull 2X Shares,ETF,ETF,7.420000076293945,-34.826526770981964,-0.1195952821036957,27.940261232677926,US
TSLP,Kurv Yield Premium Strategy Tesla ETF,ETF,ETF,13.489999771118164,-19.462687933622902,-0.0980065843119746,27.702428373366345,US
TSLR,Graniteshares 2x Long TSLA Daily ETF,ETF,ETF,12.789999961853027,-34.6782430455078,-0.2044944954364714,28.18958642260013,US
TSLS,Direxion Daily TSLA Bear 1X Shares,ETF,ETF,66.44999694824219,19.043348820375595,0.3621936710061987,72.75020823389923,US
TSLT,T-Rex 2X Long Tesla Daily Target ETF,ETF,ETF,10.390000343322754,-34.85893123780889,-0.1666774059766238,28.10136993574045,US
TSLW,Roundhill ETF Trust - Roundhill TSLA WeeklyPay ETF,ETF,ETF,16.049999237060547,-21.627036645793467,-0.1411151903094604,27.766602668953865,US
TSLX,"Sixth Street Specialty Lending, Inc.",Financial Services,Asset Management,16.719999313354492,-4.128447239993338,-0.0117247006022884,45.02433557805187,US
TSLY,YieldMax TSLA Option Income Strategy ETF,ETF,ETF,21.309999465942383,-16.391056520154276,-0.1355826225314151,27.18243202089305,US
TSME,Thrivent Small-Mid Cap Equity ETF,ETF,ETF,48.18000030517578,-0.7825392449931903,-0.0044847835175949,42.92085803777351,US
TSMG,Leverage Shares 2X Long TSM Daily ETF,ETF,ETF,35.41130065917969,2.1735232632357877,-0.0538463515095763,41.36484152201258,US
TSMU,GraniteShares 2x Long TSM Daily ETF,ETF,ETF,63.8296012878418,2.084893149920053,-0.0825610890891286,41.18279348847759,US
TSMX,Direxion Daily TSM Bull 2X Shares,ETF,ETF,73.33000183105469,2.2305846915402854,-0.0974935550294584,41.33276502233815,US
TSMZ,Direxion Daily TSM Bear 1X Shares,ETF,ETF,8.276200294494629,-1.7078358728781595,0.0065038822581243,56.199677841105895,US
TSN,"Tyson Foods, Inc.",Consumer Defensive,Farm Products,57.45000076293945,-0.5539201874477642,0.023356096191485,45.51948145909768,US
TSOL,21Shares Solana ETF,ETF,ETF,7.150000095367432,-1.7857158062408944,-0.0205504167277285,45.4537958432563,US
TSPA,T. Rowe Price US Equity Research ETF,ETF,ETF,46.66999816894531,-0.744368960890916,-0.0183396244349512,44.74793007095173,US
TSPX,Twin Oak Active Opportunities ETF,ETF,ETF,29.525999069213867,-1.3564083525712247,-0.0199348776938217,44.1550175116434,US
TSRS,Truth Social American Red State REITs ETF,EQUITY,EQUITY,28.05500030517578,-1.8537025039987096,-0.029099847784671,56.94989489005253,US
TSSD,Truth Social American Security & Defense ETF,EQUITY,EQUITY,28.30139923095703,-0.8012669126765275,0.0083049193356687,54.19404181942204,US
TSYW,TSYW,N/A,N/A,42.0890007019043,-1.521600998656088,-0.0053527899569449,31.231047389218247,US
TSYY,GraniteShares YieldBOOST TSLA ETF,ETF,ETF,20.280000686645508,-7.044959382836274,-0.0358718856131827,26.7908415892738,US
TT,Trane Technologies plc,Industrials,Building Products & Equipment,480.989990234375,2.342648408586713,0.5326212616242949,53.71645689098055,US
TTAN,"ServiceTitan, Inc.",Technology,Software - Application,70.4800033569336,-7.263153477718956,-0.0665266092420269,45.63550577980324,US
TTEK,"Tetra Tech, Inc.",Industrials,Engineering & Construction,31.709999084472656,0.3798636635173779,0.0346986933818961,61.68713342507527,US
TTI,"TETRA Technologies, Inc.",Industrials,Conglomerates,8.3100004196167,-10.259176952308252,-0.020449396242429,33.845504331841866,US
TTMI,"TTM Technologies, Inc.",Technology,Electronic Components,131.41000366210938,-0.4469669226444129,-0.2132491535779515,36.06297626620129,US
TTWO,"Take-Two Interactive Software, Inc.",Communication Services,Electronic Gaming & Multimedia,231.6499938964844,-2.1252319312800028,0.0623989422819488,43.68354022441702,US
TTXU,Direxion Daily Technology Top 5 Bull 2X ETF,EQUITY,EQUITY,30.8799991607666,1.279105912023872,-0.050536163967606,49.968068701576215,US
TUA,Simplify Short Term Treasury Futures Strategy ETF,ETF,ETF,20.1299991607666,-1.4201807759247391,-0.0023150762416009,38.79151936828239,US
TUG,STF Tactical Growth ETF,ETF,ETF,44.550899505615234,-1.631930657918609,-0.0404647990076337,40.35484458850149,US
TUGN,STF Tactical Growth & Income ETF,ETF,ETF,26.53380012512207,-1.623200749486171,-0.0256254372045774,40.67455302375584,US
TUR,iShares MSCI Turkey ETF,ETF,ETF,39.15999984741211,0.5908028266975108,-0.0255141056979992,49.24158306838846,US
TURF,T. Rowe Price Natural Resources ETF,ETF,ETF,32.79079818725586,2.805362055985012,-0.008545678518551,58.7988856210261,US
TUSB,Thrivent Ultra Short Bond ETF,ETF,ETF,50.5099983215332,0.1904170545882905,0.0013103436111743,69.70286710379239,US
TUSI,Touchstone Ultra Short Income ETF,ETF,ETF,25.31999969482422,-0.0592042241581541,-0.0014488477594394,55.32889776413996,US
TVAL,T. Rowe Price Value ETF,ETF,ETF,42.34999847412109,0.7373871356868914,0.0155429653380868,61.56184416729789,US
TVTX,"Travere Therapeutics, Inc.",Healthcare,Biotechnology,57.36000061035156,1.1461850403324698,0.093554366229787,59.2237976416225,US
TW,Tradeweb Markets Inc.,Financial Services,Capital Markets,99.83000183105467,-0.0700697635185575,0.0090447535107297,49.88894391018872,US
TWFG,"TWFG, Inc.",Financial Services,Insurance Brokers,26.280000686645508,-0.2656534869481257,-0.0155018948171494,61.21054691803717,US
TWI,"Titan International, Inc.",Industrials,Farm & Heavy Construction Machinery,8.020000457763672,4.699746965049704,0.0069299039618787,59.59554731280415,US
TWLO,Twilio Inc.,Technology,Software - Infrastructure,191.4600067138672,-7.408836519909849,0.2161597776614878,41.80258511948944,US
TWN,"The Taiwan Fund, Inc.",Financial Services,Asset Management,85.80000305175781,-0.4293781188924778,0.0539916358268042,38.92625159575961,US
TWO,Two Harbors Investment Corp.,Real Estate,REIT - Mortgage,12.100000381469728,0.0827148780448556,3.558794074472876e-05,57.87104545941909,US
TWST,Twist Bioscience Corporation,Healthcare,Diagnostics & Research,90.2699966430664,-3.814599775451104,-0.1049676651316735,51.39002205431309,US
TXG,"10x Genomics, Inc.",Healthcare,Health Information Services,46.27000045776367,5.784176228192496,-0.1395203395008022,65.86176386011975,US
TXN,Texas Instruments Incorporated,Technology,Semiconductors,279.5799865722656,-1.563271112299255,-0.3706513998603753,42.01373501298651,US
TXNM,"TXNM Energy, Inc.",Utilities,Utilities - Regulated Electric,58.400001525878906,1.724441179407917,-0.001995033801699,65.89887817985058,US
TXO,"TXO Partners, L.P.",Energy,Oil & Gas E&P,13.140000343322754,2.656251152511669,-0.0027652328752986,55.73753448164656,US
TXUE,Thornburg International Equity ETF,ETF,ETF,34.91999816894531,0.7821291294190803,0.0069628096474393,54.61920299365783,US
TXUG,Thornburg International Growth ETF,ETF,ETF,26.61829948425293,-0.3321273289263942,-0.0113074199664207,44.83050713587507,US
TXXD,21Shares 2x Long Dogecoin ETF,ETF,ETF,2.880000114440918,-10.280371332847484,-0.0138118248616394,31.993988727577914,US
TXXH,21Shares 2x Long HYPE ETF,ETF,ETF,37.14630126953125,-8.099201008695848,0.0601546287083964,39.99154773578617,US
TXXI,BondBloxx IR+M Tax-Aware Intermediate Duration ETF,ETF,ETF,50.060001373291016,-0.684450777424802,0.0039507814467909,33.540354369107064,US
TY,Tri-Continental Corporation,Financial Services,Asset Management,34.869998931884766,-0.3714316231863839,-0.006593187578464,50.17885672543158,US
TYA,Simplify Intermediate Term Treasury Futures Strategy ETF,ETF,ETF,12.28499984741211,-2.422559979978142,0.0006371995742597,37.82911730096553,US
TYG,Tortoise Energy Infrastructure Corporation,Financial Services,Asset Management,44.7599983215332,2.6605502018552376,-0.0125437419349639,64.06102760157691,US
TYIDY,Toyota Industries Corporation,Industrials,Farm & Heavy Construction Machinery,128.47000122070312,3.654993295194159,0.2361662075871692,55.14717699736837,US
TYLD,Cambria Tactical Yield ETF,ETF,ETF,25.28499984741211,0.0395656935025403,0.0002024425343749,59.72206015799082,US
TYRA,"Tyra Biosciences, Inc.",Healthcare,Biotechnology,30.6299991607666,-4.668539861448015,-0.0352545913806096,46.34366664181779,US
TZA,Direxion Daily Small Cap Bear 3X Shares,ETF,ETF,41.83000183105469,2.9788353790923594,0.0335251658239207,53.864527379205335,US
UAL,"United Airlines Holdings, Inc.",Industrials,Airlines,118.2699966430664,2.4781153194746883,0.3314501953212758,46.9839556878454,US
UAN,UAN,N/A,N/A,123.05999755859376,3.394388362858937,-0.080050640218229,64.93528867027513,US
UAPR,Innovator U.S. Equity Ultra Buffer ETF - April,ETF,ETF,35.16999816894531,-0.0142176779636294,-0.0035018058819803,53.4092748044588,US
UAUG,Innovator U.S. Equity Ultra Buffer ETF - August,ETF,ETF,42.26179885864258,0.1227192023062064,-0.0017516670891927,64.89369960400919,US
UBER,"Uber Technologies, Inc.",Technology,Software - Application,65.94000244140625,-8.99806338041145,-0.2557708505833413,33.20863084531811,US
UBEW,Roundhill UBER WeeklyPay ETF,ETF,ETF,24.00909996032715,-10.985102499473696,-0.1167402872371017,32.76538477671477,US
UBOT,"Direxion Daily Robotics, Artificial Intelligence & Automation Index Bull 2X Shares",ETF,ETF,20.415700912475582,-3.926113353056066,-0.0180073995208074,33.14310900304905,US
UBR,ProShares Ultra MSCI Brazil Capped,ETF,ETF,31.70009994506836,3.934753918256916,-0.0646358433122712,54.08117164967002,US
UBRL,GraniteShares 2x Long UBER Daily ETF,ETF,ETF,12.380000114440918,-17.571076167393812,-0.1000583477038883,32.63700824386002,US
UBSI,"United Bankshares, Inc.",Financial Services,Banks - Regional,47.79999923706055,0.4623736812516696,0.0197742654198332,63.47497800545819,US
UBT,ProShares Ultra 20+ Year Treasury,ETF,ETF,15.170000076293944,-3.3142098023985547,0.002768581006631,32.40691036346567,US
UCB,"United Community Banks, Inc.",Financial Services,Banks - Regional,35.25,-3.29218309416211,-0.0073668268710791,51.65362499717862,US
UCIB,UBS ETRACS UBS Bloomberg Constant Maturity Commodity Index (CMCI) Total Return ETN Series B,ETF,ETF,35.33000183105469,3.093088296270736,-0.0886917930720855,54.709084631927226,US
UCON,First Trust Smith Unconstrained Plus Bond ETF,ETF,ETF,24.524999618530277,-0.6473986259720232,-0.0001939139081645,34.12341091359326,US
UCOP,ProShares Ultra Copper K-1 Free ETF,ETF,ETF,40.15999984741211,0.6768625266856678,-0.1280869208035722,48.64794829798385,US
UCRD,VictoryShares ESG Corporate Bond ETF,ETF,ETF,21.104999542236328,-0.9387503406459256,-0.0008649571957628,32.788478360820875,US
UCTT,"Ultra Clean Holdings, Inc.",Technology,Semiconductor Equipment & Materials,92.75,0.346207609831956,-0.2069178518793486,44.267302628863405,US
UCYB,ProShares Ultra Nasdaq Cybersecurity,ETF,ETF,73.26689910888672,-8.388890404626174,-0.1065405440249969,46.44840934540426,US
UDEC,Innovator U.S. Equity Ultra Buffer ETF - December,ETF,ETF,41.68560028076172,-0.1063965060188208,-0.0067568504714476,49.216623559003175,US
UDI,USCF Dividend Income ETF,ETF,ETF,36.98889923095703,0.6993923506447609,0.0071134237408045,66.3757149663314,US
UDOW,ProShares UltraPro Dow30,ETF,ETF,68.16999816894531,-1.459962607364869,0.0097118916569589,47.61134553839511,US
UEC,Uranium Energy Corp.,Energy,Uranium,9.510000228881836,2.4784536910434256,0.0001338063358642,38.92703183728853,US
UEVM,VictoryShares Emerging Markets Value Momentum ETF,ETF,ETF,58.50239944458008,0.9166631023080593,-0.0201062988038491,50.204760391342674,US
UFCS,"United Fire Group, Inc.",Financial Services,Insurance - Property & Casualty,51.33000183105469,0.4697625322959408,0.1103986090490217,54.54895463115778,US
UFEB,Innovator U.S. Equity Ultra Buffer ETF - February,ETF,ETF,38.62419891357422,-0.2036023130452832,-0.0068389759776361,49.01256383648857,US
UFIV,F/m US Treasury 5 Year Note ETF,ETF,ETF,47.915000915527344,-0.5768469971835213,0.000367645147769,41.5819309183663,US
UFO,Procure Space ETF,ETF,ETF,42.959999084472656,-1.535645123172401,0.0183474918507835,31.776997259869677,US
UFOD,Tuttle Capital UFO Disclosure ETF,ETF,ETF,23.15379905700684,0.5375526125499229,0.0029761738235745,38.18099218362798,US
UFOX,Defiance Space and Connective Tech ETF,EQUITY,EQUITY,79.93000030517578,-1.2722317081824408,-0.0678805388313521,35.060350944450136,US
UFPI,"UFP Industries, Inc.",Basic Materials,Lumber & Wood Production,87.94000244140625,2.339115709405393,0.138541822714231,55.18965721809808,US
UFPT,"UFP Technologies, Inc.",Healthcare,Medical Devices,237.1999969482422,-2.0037207363631158,0.0775084894354143,46.08040014527847,US
UGI,UGI Corporation,Utilities,Utilities - Regulated Gas,37.33000183105469,1.9388392132139785,0.0092785444011432,68.36677278211349,US
UGL,ProShares Ultra Gold,ETF,ETF,44.380001068115234,1.8590805117385336,-0.0189493615575395,43.771890639493975,US
UGLD,Direxion Daily Gold Bull 2X ETF,EQUITY,EQUITY,19.548999786376957,1.6588676637250055,-0.009787369931015,42.91484105626329,US
UHT,Universal Health Realty Income Trust,Real Estate,REIT - Healthcare Facilities,43.83000183105469,-0.0228063902792046,0.0182249324060024,58.11705513125047,US
UI,Ubiquiti Inc.,Technology,Communication Equipment,525.7000122070312,-3.709130789857175,-0.7827005788758541,38.17218837698413,US
UITB,VictoryShares Core Intermediate Bond ETF,ETF,ETF,46.1343994140625,-0.7307303363408324,0.0003907408756521,38.19199634979189,US
UJB,ProShares Ultra High Yield,ETF,ETF,77.51719665527344,-1.3650588275952855,-0.0266738291678882,35.40125965369131,US
UJUN,Innovator U.S. Equity Ultra Buffer ETF - June,ETF,ETF,38.36000061035156,-0.3636347783076298,-0.0097349387311823,44.62432239653583,US
ULCC,"Frontier Group Holdings, Inc.",Industrials,Airlines,5.809999942779541,-6.741574237690082,0.0202420363445342,40.09076893770914,US
ULE,ProShares Ultra Euro,ETF,ETF,12.24549961090088,-1.1662689944940126,-0.0042439321064209,37.70263500167885,US
ULH,"Universal Logistics Holdings, Inc.",Industrials,Trucking,15.779999732971191,10.426870364560529,-0.0122827326711444,53.8955573899342,US
ULS,UL Solutions Inc.,Industrials,Specialty Business Services,85.45999908447266,-2.620787369840194,0.0342296742109651,36.79058129311745,US
ULST,State Street Ultra Short Term Bond ETF,ETF,ETF,40.36000061035156,-0.0247667124046077,-7.20771777506235e-05,69.54024472542093,US
ULTA,"Ulta Beauty, Inc.",Consumer Cyclical,Specialty Retail,475.3599853515625,-0.8778743266590515,-0.8249189640299042,50.22137368152202,US
ULTY,YieldMax Ultra Option Income Strategy ETF,ETF,ETF,26.6299991607666,-0.6685021192747282,-0.0224681339442388,39.20281255752469,US
ULVM,VictoryShares US Value Momentum ETF,ETF,ETF,108.69259643554688,0.9188170050424854,0.0492057289064868,66.26810052321386,US
UMAC,"Unusual Machines, Inc.",Technology,Computer Hardware,19.36000061035156,14.35322068147211,0.0058795227090683,47.96100032185367,US
UMAR,Innovator U.S. Equity Ultra Buffer ETF - March,ETF,ETF,42.21500015258789,-0.179707769891791,-0.0079002019493168,49.8521409189546,US
UMDD,ProShares UltraPro MidCap400,ETF,ETF,35.27000045776367,0.369951822348438,0.0315698831580747,50.57173241579482,US
UMH,"UMH Properties, Inc.",Real Estate,REIT - Residential,15.539999961853027,-0.9560205388266112,-0.0002929730115683,53.95006942042386,US
UMI,USCF Midstream Energy Income Fund,ETF,ETF,62.0,1.0463155140882303,-0.0099022663278924,63.59827641765644,US
UNF,UniFirst Corporation,Industrials,Specialty Business Services,294.3399963378906,0.9950569146963332,-0.0415558128945363,73.08332774311448,US
UNH,UnitedHealth Group Incorporated,Healthcare,Healthcare Plans,420.739990234375,-1.255604719542173,-0.4592362622474688,51.62632207631607,US
UNHU,Direxion Daily Unh Bull 2X ETF,EQUITY,EQUITY,56.07379913330078,-3.4209476283339098,-0.1292937571156711,50.13502107963548,US
UNHW,Roundhill UNH WeeklyPay ETF,ETF,ETF,53.18349838256836,-1.777604121276459,-0.0678133878009463,51.00673850495856,US
UNL,"United States 12 Month Natural Gas Fund, LP",ETF,ETF,6.139999866485596,1.9933535870312968,0.0073414523259939,44.50770026165546,US
UNP,Union Pacific Corporation,Industrials,Railroads,307.32000732421875,1.845901350196769,0.276256952908894,72.95872662200223,US
UNPA,UNB Corp.,Financial Services,Banks - Regional,88.0,0.0,-0.0187928551585768,23.0936863106688,US
UNTY,"Unity Bancorp, Inc.",Financial Services,Banks - Regional,58.04499816894531,1.3886430898608078,0.060349648513001,55.09687288290971,US
UNX,Tradr 2X Long U Daily ETF,ETF,ETF,45.95560073852539,-2.648816907304136,-0.1545008108253369,45.32612686845077,US
UOCT,Innovator U.S. Equity Ultra Buffer ETF October,ETF,ETF,41.1702995300293,-0.1690158719704769,-0.0071260231571007,51.14409328770401,US
UPAL,ProShares Ultra Palladium K-1 Free ETF,ETF,ETF,23.420000076293945,-1.472445833947852,-0.0944954501628652,44.71978500091098,US
UPAR,UPAR Ultra Risk Parity ETF,ETF,ETF,15.70930004119873,-0.6934711501918562,0.0005931732821512,40.43345234141257,US
UPBD,"Upbound Group, Inc.",Technology,Software - Application,20.459999084472656,-7.671483640095706,-0.086986808060246,49.20129712377103,US
UPGR,Xtrackers US Green Infrastructure Select Equity ETF,ETF,ETF,24.46380043029785,-2.998409610012234,-0.0282692726484072,36.98240443538906,US
UPLT,ProShares Ultra Platinum K-1 Free ETF,ETF,ETF,21.053699493408203,-1.755953366350134,-0.0570341857623135,39.37296453970644,US
UPRO,ProShares UltraPro S&P500,ETF,ETF,136.27000427246094,-1.9992799124657996,-0.1654761264893326,43.7084754355943,US
UPS,"United Parcel Service, Inc.",Industrials,Integrated Freight & Logistics,114.79000091552734,-2.4889570801843397,-0.0995848524663243,57.37149641932852,US
UPSX,Tradr 2X Long UPST Daily ETF,ETF,ETF,12.960000038146973,-17.029448571707853,-0.0167924003858288,32.00595647238153,US
UPW,ProShares Ultra Utilities,ETF,ETF,24.77020072937012,5.0475013126166255,0.0386745625292241,58.910281670950326,US
URA,Global X Uranium ETF,ETF,ETF,39.88999938964844,2.995093883611054,0.0028860274959763,38.725164820195786,US
URAN,Themes Uranium & Nuclear ETF,ETF,ETF,37.08300018310547,3.0369504130715965,-0.0119880247508314,42.20279318728181,US
URBN,"Urban Outfitters, Inc.",Consumer Cyclical,Apparel Retail,69.97000122070312,-4.12442038610087,-0.1811880324356147,45.21888246247118,US
URE,ProShares Ultra Real Estate,ETF,ETF,71.36000061035156,-2.353586723601074,-0.0698613106726486,52.76842599378246,US
URGN,UroGen Pharma Ltd.,Healthcare,Biotechnology,40.970001220703125,1.839427509040586,-0.143207420204412,62.66405050389839,US
URI,"United Rentals, Inc.",Industrials,Rental & Leasing Services,1141.5899658203125,9.221114272233356,5.367549727683048,62.11124441859851,US
URTH,iShares MSCI World ETF,ETF,ETF,200.8800048828125,-0.5051951681557906,-0.0626437801926447,46.71143956920018,US
USA,Liberty All-Star Equity Fund,Financial Services,Asset Management,5.690000057220459,-1.0434772657311482,-0.0034270296045312,49.53043306688335,US
USAF,Atlas America Fund,ETF,ETF,27.71999931335449,0.235033900181286,-0.0018669669588416,62.71497354393728,US
USAR,"USA Rare Earth, Inc.",Basic Materials,Other Industrial Metals & Mining,14.149999618530272,-9.584664770368017,-0.0250820096044646,30.28828551327257,US
USB,U.S. Bancorp,Financial Services,Banks - Regional,63.970001220703125,1.314542032115957,-0.0109853732027238,63.722213100978166,US
USCA,Xtrackers MSCI USA Climate Action Equity ETF,ETF,ETF,43.46200180053711,-2.4640923225196314,-0.0539578960682292,43.38401337330522,US
USCL,USCL,N/A,N/A,82.79940032958984,-1.1315047699771346,-0.0484776364907656,44.92554863271149,US
USD,ProShares Ultra Semiconductors,ETF,ETF,85.73999786376953,4.230483390671271,-0.1546140966483609,45.02415128581298,US
USE,USCF Energy Commodity Strategy Absolute Return Fund,ETF,ETF,33.55550003051758,8.215623897021871,-0.0508095586908314,67.94641220065202,US
USEP,Innovator U.S. Equity Ultra Buffer ETF - September,ETF,ETF,41.49089813232422,0.0310947761603773,-0.0028737534806464,56.344134084893625,US
USEW,Cambria US EW ETF,ETF,ETF,55.15399932861328,-0.811078531311698,-0.0118424649774674,47.75401640471143,US
USFD,US Foods Holding Corp.,Consumer Defensive,Food Distribution,97.16999816894533,-0.1028050555897925,0.1670448864107672,51.68061593535253,US
USFR,WisdomTree Floating Rate Treasury Fund,ETF,ETF,50.5,0.0792725252736928,0.0009573128148241,94.00097576532356,US
USHY,iShares Broad USD High Yield Corporate Bond ETF,ETF,ETF,36.65999984741211,-0.5695662884629252,-0.0064844842459531,39.05541891409135,US
USIG,iShares Broad USD Investment Grade Corporate Bond ETF,ETF,ETF,50.29439926147461,-0.8782073359317479,-0.0009923397507662,33.7750427002223,US
USIN,Wisdomtree 7-10 Year Laddered Treasury Fund ETF,ETF,ETF,48.96269989013672,-0.8511016644680833,0.0015891836884365,39.62261500291668,US
USLN,iShares Broad USD Floating Rate Loan ETF,ETF,ETF,50.52000045776367,-0.1975473651345856,-0.0085814164195558,58.97854637359494,US
USLV,Direxion Daily Silver Bull 2X ETF,EQUITY,EQUITY,13.369799613952637,6.3627680075262125,0.0133384283162727,40.45315848086399,US
USMC,Principal U.S. Mega-Cap ETF,ETF,ETF,73.5813980102539,-0.2529548546223213,-0.0280611911855784,48.3524834739559,US
USML,ETRACS 2x Leveraged MSCI US Minimum Volatility Factor TR ETN,ETF,ETF,42.77399826049805,-2.235327905986438,-0.0237163377071022,44.96133365369956,US
USMV,iShares MSCI USA Min Vol Factor ETF,ETF,ETF,96.9499969482422,0.3623172667180295,0.0481100538920802,54.14182978706166,US
USNG,Amplify Samsung U.S. Natural Gas Infrastructure ETF,ETF,ETF,34.73500061035156,-1.1497177760181374,-0.0423638625368258,39.03149986333355,US
USOI,UBS ETRACS Crude Oil Shares Covered Call ETN,ETF,ETF,45.2400016784668,1.1812964425366712,-0.0291658930308816,56.21399030122813,US
USOY,USOY,N/A,N/A,7.730000019073486,7.247328804035377,-0.0059348393004282,65.54349913341787,US
USRT,iShares Core U.S. REIT ETF,ETF,ETF,69.81999969482422,1.4383231693056042,0.0642999690667317,68.60651346940324,US
USSG,Xtrackers MSCI USA Selection Equity ETF,ETF,ETF,67.83999633789062,-1.2518204491325922,-0.0319365141681747,41.259391390281934,US
USSH,Wisdomtree 1-3 Year Laddered Treasury Fund ETF,ETF,ETF,50.21500015258789,-0.1888316798050417,-0.000574752593869,48.11454263874904,US
USVN,F/m US Treasury 7 Year Note ETF,ETF,ETF,47.07500076293945,-0.7798481067861169,0.0006500577284125,39.93907704939111,US
UTHR,United Therapeutics Corporation,Healthcare,Drug Manufacturers - Specialty & Generic,528.469970703125,-1.3441134349017372,0.1306949138389788,42.16457638457884,US
UVSP,Univest Financial Corporation,Financial Services,Banks - Regional,44.09999847412109,-1.0767235020596626,-0.0056549598634981,55.75553745385543,US
UVV,Universal Corporation,Consumer Defensive,Tobacco,53.75,1.147912339777688,0.0186663244820893,59.133788816032464,US
UVXY,ProShares Ultra VIX Short-Term Futures ETF,ETF,ETF,25.09000015258789,-1.3757876341282542,0.0302106717549366,47.68423600123859,US
UX,Roundhill Uranium ETF,ETF,ETF,28.14299964904785,2.3754088154476785,0.01688437416963,50.65592981839336,US
UXAP,FT Vest U.S. Equity Uncapped Ac,ETF,ETF,42.30670166015625,-0.9558667703923768,-0.0209371574916742,44.330749293146354,US
UXI,ProShares Ultra Industrials,ETF,ETF,61.0099983215332,2.6585865863100446,0.1180229842386578,55.03211088638927,US
UXJL,FT Vest U.S. Equity Uncapped Accelerator ETF - July,ETF,ETF,35.81800079345703,-2.050973484266043,-0.0333273368787342,43.84011261113152,US
UXOC,FT Vest U.S. Equity Uncapped Accelerator ETF - October,ETF,ETF,38.53160095214844,-0.96995409990489,-0.0199030354153514,43.83981625578362,US
UXRP,ProShares Ultra XRP ETF,EQUITY,EQUITY,10.550000190734863,-0.938961796969626,-0.0596737974786383,42.93480716091966,US
UYG,ProShares Ultra Financials,ETF,ETF,93.97000122070312,0.2560523366841186,0.0237833206279827,63.39123348215642,US
V,Visa Inc.,Financial Services,Credit Services,355.739990234375,-0.786481298365672,-0.0675676022498112,57.716770301425306,US
VAL,Valaris Limited,Energy,Oil & Gas Drilling,79.52999877929688,3.906451303899793,0.0385905411691989,50.06620809720359,US
VAW,Vanguard Materials Index Fund ETF Shares,ETF,ETF,226.7899932861328,1.4221155883463823,0.2531712680799605,49.6239538348376,US
VBCH,Vanguard Target Maturity 2034 Corporate Bond ETF,ETF,ETF,74.28009796142578,-0.986268614701423,-0.0046838751041605,37.027790294528,US
VBIL,Vanguard 0-3 Month Treasury Bill ETF,ETF,ETF,75.66000366210938,0.0528972680170284,0.0002749344720982,99.9525874854278,US
VBK,Vanguard Small-Cap Growth Index Fund ETF Shares,ETF,ETF,341.70001220703125,-0.8357926976209873,-0.0325668131626994,40.49007686649429,US
VBND,Vident U.S. Bond Strategy ETF,ETF,ETF,42.95000076293945,-0.8197657077349075,-0.0007697592533989,36.83866974230985,US
VCLN,Virtus Duff & Phelps Clean Energy ETF,ETF,ETF,28.325000762939453,0.4788940274007304,0.030899481558921,37.7786611121668,US
VCLT,Vanguard Long-Term Corporate Bond Index Fund ETF Shares,ETF,ETF,72.22000122070312,-1.7949410910946997,-0.0011278403490686,28.201454782398244,US
VCR,Vanguard Consumer Discretionary Index Fund ETF Shares,ETF,ETF,372.010009765625,-4.9904172229665535,-0.4989742985190695,34.57020601281194,US
VCRB,Vanguard Core Bond ETF,ETF,ETF,76.01000213623047,-0.7507957891439946,-0.0009580623559584,35.998152587901814,US
VCTR,"Victory Capital Holdings, Inc.",Financial Services,Asset Management,97.1999969482422,-1.3398292121410835,-0.1416962662306855,63.76205340651892,US
VCV,Invesco California Value Municipal Income Trust,Financial Services,Asset Management,10.489999771118164,-2.6901666886507183,-0.0095030319817021,35.78309471241447,US
VCYT,"Veracyte, Inc.",Healthcare,Diagnostics & Research,56.61000061035156,-4.2617967397983625,-0.1016325699608398,51.93053878975636,US
VDC,Vanguard Consumer Staples Index Fund ETF Shares,ETF,ETF,227.32000732421875,-1.3025355612189329,0.0095114329254938,49.12233699055516,US
VDE,Vanguard Energy Index Fund ETF Shares,ETF,ETF,168.22999572753906,3.3480753096893032,-0.0844235729625697,69.30705740154227,US
VDG,Vanguard Developed Markets ex US Growth Index ETF,ETF,ETF,78.02999877929688,-0.370276962024182,-0.0040920991992619,44.134825326355305,US
VDIG,Vanguard Wellington Dividend Growth Active ETF,ETF,ETF,62.58760070800781,-0.3286906622716506,0.0126798272613289,50.85927546774276,US
VDV,Vanguard Developed Markets ex US Value Index ETF,ETF,ETF,75.90789794921875,0.473719236272897,0.0005755855021949,49.30706469965506,US
VECO,Veeco Instruments Inc.,Technology,Semiconductor Equipment & Materials,51.65999984741211,-1.167018567073609,0.0170459120431178,39.46931659601318,US
VEEV,Veeva Systems Inc.,Healthcare,Health Information Services,186.2400054931641,-4.678062832033678,-0.1027302850300033,52.84197526029764,US
VEFA,VanEck MSCI EAFE Analyst Sentiment ETF,ETF,ETF,79.80560302734375,0.4981732111707935,0.0054658177686282,51.53394009410837,US
VEGA,AdvisorShares STAR Global Buy-Write ETF,ETF,ETF,51.68000030517578,-0.5005743712120639,-0.0117451237861547,43.21268520033109,US
VEGI,iShares MSCI Agriculture Producers ETF,ETF,ETF,46.09999847412109,2.604046652567088,0.0304449986635994,68.42808087583188,US
VEGN,US Vegan Climate ETF,ETF,ETF,75.29060363769531,-0.0788252655986189,-0.0210185653845386,43.27852354822234,US
VEL,"Velocity Financial, Inc.",Financial Services,Mortgage Finance,17.40999984741211,-0.5142865862165179,0.0217885033227373,47.17915776481408,US
VELO,"Velo3D, Inc.",Technology,Computer Hardware,9.670000076293944,-8.68744157731786,0.04732539149335,35.70472119123325,US
VEM,Virtus Emerging Markets Dividend ETF,EQUITY,EQUITY,26.670000076293945,2.223073669275253,0.0202426380898285,48.86385669434795,US
VEMY,Virtus Stone Harbor Emerging Markets High Yield Bond ETF,ETF,ETF,28.51000022888184,-0.5060214771910596,-0.0032014307016912,41.26151007715348,US
VERS,ProShares Metaverse ETF,ETF,ETF,67.10040283203125,-2.7121512246399875,-0.1008953035044912,36.311790315588446,US
VERX,"Vertex, Inc.",Technology,Software - Application,11.869999885559082,-7.265627275919508,0.0208955505493632,46.84099521774684,US
VEXC,Vanguard Emerging Markets Ex-China ETF,ETF,ETF,91.33000183105467,-0.2729853625261942,-0.0318870828006721,42.16537328491547,US
VFC,V.F. Corporation,Consumer Cyclical,Apparel Manufacturing,17.030000686645508,0.2944708230692587,0.0064203789417719,51.22455588040486,US
VFDEF,Vanguard Funds Public Limited Company - Vanguard FTSE Developed Europe UCITS ETF,MUTUALFUND,MUTUALFUND,56.69839859008789,0.1915505163592809,-0.0095834674110112,53.68646215144397,US
VFH,Vanguard Financials Index Fund ETF Shares,ETF,ETF,137.80999755859375,-0.0942474122890661,0.0025851421732174,63.06147221336542,US
VFLO,Victoryshares Free Cash Flow ETF,ETF,ETF,48.13999938964844,0.7112974017043078,0.0137044171468539,63.64362645291247,US
VFMF,Vanguard U.S. Multifactor ETF Shares,ETF,ETF,180.5,0.0110839278227471,-0.0363657410513145,60.54810479146874,US
VFQY,VFQY,N/A,N/A,170.08399963378906,-0.6245875006006677,0.0011781124949623,54.028300398696366,US
VFS,VinFast Auto Ltd.,Consumer Cyclical,Auto Manufacturers,2.8499999046325684,-9.523815290547468,-0.0190999412920045,30.88962601365033,US
VFVA,Vanguard U.S. Value Factor ETF Shares,ETF,ETF,154.2050018310547,0.009727861347001,0.0168152060540465,61.58655287967038,US
VG,"Venture Global, Inc.",Energy,Oil & Gas Midstream,14.3100004196167,3.695653781398085,-0.0644130561350692,60.98123286584369,US
VGK,Vanguard FTSE Europe ETF,ETF,ETF,88.41000366210938,-0.2031749443749167,0.0034515751548711,51.1207377244852,US
VGLT,Vanguard Long-Term Treasury Index Fund ETF Shares,ETF,ETF,53.34000015258789,-1.4048028520680105,0.0075939345243075,34.54157120157096,US
VGM,Invesco Trust for Investment Grade Municipals,Financial Services,Asset Management,10.130000114440918,-3.3396893423978504,-0.0070683969073033,33.68104621940043,US
VGMS,Vanguard Multi-Sector Income Bond ETF,ETF,ETF,50.7599983215332,-0.6167448589346258,-0.0042305575233082,39.990133021350566,US
VGRO,Virtus Silvant Growth Opportunities ETF,EQUITY,EQUITY,24.665000915527344,-2.417305650365838,-0.0243551863391091,39.52012926404355,US
VGSH,Vanguard Short-Term Treasury Index Fund ETF Shares,ETF,ETF,58.02000045776367,-0.1892320803893786,-0.0005589989126884,49.32414258210893,US
VGSR,Vert Global Sustainable Real Estate ETF,ETF,ETF,11.78090000152588,1.0368795514230031,0.0095680707843097,66.73482691748592,US
VGUS,Vanguard Ultra-Short Treasury ETF,ETF,ETF,75.61499786376953,0.0396888002384558,-0.0002391869077398,97.16136182177112,US
VHI,"Valhi, Inc.",Basic Materials,Chemicals,13.619999885559082,-1.9438477400288,-0.0012893102877222,44.999017443615394,US
VHT,Vanguard Health Care Index Fund ETF Shares,ETF,ETF,305.07000732421875,0.6001672957028029,0.2256904635754963,59.84490176813039,US
VIA,"Via Transportation, Inc.",Technology,Software - Application,17.690000534057617,-1.5033327626863116,0.0034954599317754,51.86804196958846,US
VICE,AdvisorShares Vice ETF,ETF,ETF,32.81999969482422,-2.6257293818481764,-0.057628442216205,41.43780974812955,US
VICI,VICI Properties Inc.,Real Estate,REIT - Diversified,26.729999542236328,-0.5210319785053813,0.0103774400116114,49.99480420883879,US
VIGI,Vanguard International Dividend Appreciation Index Fund ETF Shares,ETF,ETF,95.16000366210938,0.0525739159256931,0.0353882036104832,56.06467028727744,US
VIK,Viking Holdings Ltd,Consumer Cyclical,Travel Services,100.70999908447266,3.781943666859629,0.1421867963373142,58.62773562267205,US
VINP,Vinci Compass Investments Ltd.,Financial Services,Asset Management,9.510000228881836,-2.0597302624038307,-0.0052123889918445,39.88544984129413,US
VIOG,Vanguard S&P Small-Cap 600 Growth Index Fund ETF Shares,ETF,ETF,147.33999633789062,-0.8011865960993468,-0.0122191892842811,48.38333425480557,US
VIOO,Vanguard S&P Small-Cap 600 Index Fund ETF Shares,ETF,ETF,134.25999450683594,-0.8492793177548925,-0.0322749935314938,51.073525646109225,US
VIPS,Vipshop Holdings Limited,Consumer Cyclical,Internet Retail,14.25,-1.7241379310344829,-0.0376234142867255,54.53632322208749,US
VIR,"Vir Biotechnology, Inc.",Healthcare,Biotechnology,8.6899995803833,-7.84730329633522,-0.0327999476486634,36.45033974457402,US
VIS,Vanguard Industrials Index Fund ETF Shares,ETF,ETF,350.1700134277344,1.4103752698901173,0.3613137224139563,53.41621670055589,US
VITL,"Vital Farms, Inc.",Consumer Defensive,Farm Products,13.020000457763672,-3.91143708863998,-0.0211766948316683,56.81556341185496,US
VIXY,ProShares VIX Short-Term Futures ETF,ETF,ETF,21.440000534057617,-0.969972693638838,0.0146658795982141,48.061604962711534,US
VKI,Invesco Advantage Municipal Income Trust II,Financial Services,Asset Management,8.880000114440918,-3.478257624548573,-0.0014143398856719,31.314763579905403,US
VKQ,Invesco Municipal Trust,Financial Services,Asset Management,9.68000030517578,-2.419352512826054,-0.0040162371736244,33.16036067964464,US
VKTX,"Viking Therapeutics, Inc.",Healthcare,Biotechnology,34.790000915527344,-6.175838194294415,-0.0893475158548442,44.9870611504775,US
VLGEA,"Village Super Market, Inc.",Consumer Defensive,Grocery Stores,42.619998931884766,-4.203197743386722,-0.0552581666867127,48.6549774622765,US
VLLU,Harbor AlphaEdge Large Cap Value ETF,ETF,ETF,26.35429954528809,0.708085579303289,0.0057091181336882,54.52417767669418,US
VLO,Valero Energy Corporation,Energy,Oil & Gas Refining & Marketing,302.5,-2.309056688977236,-1.0505416818394977,63.0904652791005,US
VLTO,Veralto Corporation,Industrials,Pollution & Treatment Controls,92.0199966430664,-1.9081131671592984,-0.0008967976001068,56.06670979401535,US
VLU,State Street SPDR S&P 1500 Value Tilt ETF,ETF,ETF,240.94700622558597,-0.0800336586841613,0.00024312086855,56.13438128639508,US
VLUE,iShares MSCI USA Value Factor ETF,ETF,ETF,194.63999938964844,2.79376451841297,0.1041306819403961,51.677304727220445,US
VLY,Valley National Bancorp,Financial Services,Banks - Regional,14.34000015258789,-4.080265314111937,-0.0147428586850374,46.25682318641625,US
VMBS,Vanguard Mortgage-Backed Securities Index Fund ETF Shares,ETF,ETF,46.18999862670898,-0.6666696199806788,0.0043467921091835,41.67486767070135,US
VMC,Vulcan Materials Company,Basic Materials,Building Materials,279.70001220703125,-2.993089434723572,0.4051132524520797,42.81769848566646,US
VMD,"Viemed Healthcare, Inc.",Healthcare,Medical Devices,11.770000457763672,-3.1275652073853166,-0.0053067940942104,55.35745570462748,US
VMO,Invesco Municipal Opportunity Trust,Financial Services,Asset Management,9.600000381469728,-2.1406730801666765,-0.0040161694981773,36.65936302130148,US
VNET,"VNET Group, Inc.",Technology,Information Technology Services,7.210000038146973,-2.435721672404091,-0.0298121655196825,37.952185809286725,US
VNGLF,Vanguard Funds Public Limited Company - Vanguard FTSE Developed Europe UCITS ETF,MUTUALFUND,MUTUALFUND,67.91000366210938,-0.6611799725546251,-0.0075600630787316,49.994211389987655,US
VNLA,Janus Henderson Short Duration Income ETF,ETF,ETF,48.93999862670898,-0.020433372981766,-0.0001839514133802,66.89172070850991,US
VNM,VanEck Vietnam ETF,ETF,ETF,16.459999084472656,-5.074977280112074,0.0012759479578088,29.479034423839806,US
VNO,Vornado Realty Trust,Real Estate,REIT - Office,39.720001220703125,-1.536933390033692,0.0321762688546197,57.06194041870264,US
VNQI,Vanguard Global ex-U.S. Real Estate Index Fund ETF Shares,ETF,ETF,45.29999923706055,-0.9186394847522248,-0.0121545324458339,49.08835412786272,US
VNT,Vontier Corporation,Technology,Scientific & Technical Instruments,30.780000686645508,1.416804941585171,0.0175739784085967,60.67523649528198,US
VOE,Vanguard Mid-Cap Value Index Fund ETF Shares,ETF,ETF,204.77999877929688,0.976329239518668,0.1123596843323753,67.5823906966776,US
VOLT,Tema Electrification ETF,ETF,ETF,37.880001068115234,0.4508140752317801,-0.0076323571583646,43.327178414370586,US
VONE,Vanguard Russell 1000 Index Fund ETF Shares,ETF,ETF,334.239990234375,-0.7011336382492049,-0.1151291956268678,45.04650158015948,US
VONV,Vanguard Russell 1000 Value Index Fund ETF Shares,ETF,ETF,108.8499984741211,0.0735513776995112,0.0239876208081717,59.75943412533637,US
VOOG,Vanguard S&P 500 Growth Index Fund ETF Shares,ETF,ETF,79.81999969482422,-1.151703164304373,-0.0733768030146888,41.9719422747875,US
VOOV,Vanguard S&P 500 Value Index Fund ETF Shares,ETF,ETF,223.2899932861328,0.0627377967634545,0.0524977154059433,57.79899427646362,US
VOR,Vor Biopharma Inc.,Healthcare,Biotechnology,19.26000022888184,6.467662058734529,0.0093805656734515,57.568454552578245,US
VOT,Vanguard Mid-Cap Growth Index Fund ETF Shares,ETF,ETF,292.1600036621094,-0.3920745648141924,-0.0660129354356426,41.83364443350781,US
VOTE,TCW Transform 500 ETF,ETF,ETF,86.99659729003906,-0.7375380444713026,-0.0384264842721786,44.66808557639204,US
VOX,Vanguard Communication Services Index Fund ETF Shares,ETF,ETF,179.80999755859375,-4.397067307501186,-0.2737162065273228,36.55478035992438,US
VOXP,Advisors Series Trust - Vox Populi ETF,ETF,ETF,38.12639999389648,-0.9317931941480156,-0.017169922216253,44.08542571121307,US
VOYA,"Voya Financial, Inc.",Financial Services,Financial Conglomerates,98.58999633789062,-1.143093332668289,-0.0131315156302176,63.81028628847698,US
VOYG,"Voyager Technologies, Inc.",Industrials,Aerospace & Defense,25.239999771118164,-2.548261996652345,0.0362411869053946,35.945496930491814,US
VPC,Virtus Private Credit ETF,ETF,ETF,14.549799919128418,-2.284757665213183,-0.0107237010211787,36.94558563779581,US
VPG,"Vishay Precision Group, Inc.",Technology,Scientific & Technical Instruments,104.44000244140624,0.5294090432082673,0.0384298683620385,42.53160068251198,US
VPL,Vanguard FTSE Pacific Index Fund ETF Shares,ETF,ETF,108.66999816894533,0.6203686749493634,-0.0088688217167115,42.30842251897926,US
VPU,Vanguard Utilities Index Fund ETF Shares,ETF,ETF,199.4600067138672,2.171911416172253,0.1239055923690136,59.58994083859922,US
VRAI,Virtus Real Asset Income ETF,ETF,ETF,28.84650039672852,1.1802881976331618,2.9570432420467085e-06,66.20624970557188,US
VRDN,"Viridian Therapeutics, Inc.",Healthcare,Biotechnology,19.270000457763672,6.877424980003519,0.0146405858288503,57.15416000658491,US
VREX,Varex Imaging Corporation,Healthcare,Medical Devices,10.920000076293944,3.5071078565858262,0.0131754115768974,56.43882511336262,US
VRNS,"Varonis Systems, Inc.",Technology,Software - Infrastructure,45.7400016784668,-3.786283555734298,-0.0489857625986931,62.92530458001155,US
VRP,Invesco Variable Rate Preferred ETF,ETF,ETF,24.170000076293945,-0.4940260880387877,-0.0043686641574065,39.145896978485005,US
VRRM,Verra Mobility Corporation,Technology,Information Technology Services,4.050000190734863,-1.6990217662280305,-0.0045443205982194,34.152844783553974,US
VRSK,"Verisk Analytics, Inc.",Industrials,Consulting Services,201.33999633789065,0.328883638727094,0.2421373522864067,62.66946289233333,US
VRSN,"VeriSign, Inc.",Technology,Software - Infrastructure,280.0,0.8427559990736796,0.7583627385293779,59.1816835860999,US
VRT,Vertiv Holdings Co,Industrials,Electrical Equipment & Parts,290.3599853515625,0.2762770409289249,-0.4379992365643002,43.248263367260286,US
VRTL,GraniteShares 2x Long VRT Daily ETF,ETF,ETF,37.83250045776367,-0.1781030749276969,-0.112614549394622,41.81116127492979,US
VRTX,Vertex Pharmaceuticals Incorporated,Healthcare,Biotechnology,477.3599853515625,-1.7069924120474465,0.4010031328433907,49.08946295433835,US
VSDA,VictoryShares Dividend Accelerator ETF,ETF,ETF,58.69710159301758,0.0956715502720267,0.0386109317573557,58.98160149961444,US
VSDB,Vanguard Short Duration Bond ETF Shares,ETF,ETF,75.78500366210938,-0.3484541472905468,-0.0040021542208719,42.68403614035192,US
VSDM,Vanguard Short Duration Tax-Exe,ETF,ETF,75.94499969482422,-0.4652730573192488,-0.0050887842732682,25.976289922644117,US
VSEC,VSE Corporation,Industrials,Aerospace & Defense,195.4199981689453,-2.099094448471717,0.2008059598635432,43.55103978665139,US
VSGX,Vanguard ESG International Stock ETF,ETF,ETF,79.0,-0.3531770731686662,-0.020668636530799,43.000494890614185,US
VSH,"Vishay Intertechnology, Inc.",Technology,Semiconductors,38.209999084472656,1.057915092973784,0.095996551386857,37.07745529667995,US
VSHY,Virtus Newfleet Short Duration High Yield Bond ETF,ETF,ETF,21.59429931640625,-0.3033265534104292,-0.0007711619755141,47.28604929984191,US
VSLU,Applied Finance Valuation Large Cap US ETF,ETF,ETF,46.91019821166992,-0.7401610712793887,-0.0111826518907008,51.89962918326888,US
VSMV,VictoryShares US Multi-Factor Minimum Volatility ETF,ETF,ETF,60.38029861450195,0.2628582446793011,0.0262169074563048,58.449564787346695,US
VSNT,"Versant Media Group, Inc.",Communication Services,Entertainment,35.380001068115234,-1.448469180116396,-0.0278826982676985,39.99964443051314,US
VSS,Vanguard FTSE All-World ex-US Small-Cap Index Fund ETF Shares,ETF,ETF,150.3800048828125,-0.2321972100093528,0.001810878743744,41.59700615538241,US
VST,Vistra Corp.,Utilities,Utilities - Independent Power Producers,163.3800048828125,5.108081778626623,-0.1473225305310146,55.07385149352454,US
VSTS,Vestis Corporation,Industrials,Rental & Leasing Services,15.579999923706056,-5.575758038145123,-0.0430208598025934,62.48876715894447,US
VSXY,Victorias Secret & Co.,Consumer Cyclical,Apparel Retail,83.55000305175781,2.5782764667874507,-0.1389172934416285,56.57978015465744,US
VTEC,Vanguard California Tax-Exempt Bond ETF,ETF,ETF,98.58999633789062,-1.0369139148091415,-0.009857361673336,24.86596148179937,US
VTEX,VTEX,Technology,Software - Application,3.900000095367432,-7.142850655276464,-0.0093423777719965,47.18608296972721,US
VTG,VTG,N/A,N/A,74.29000091552734,-0.6220270951442839,0.0030068222285059,39.10288260760846,US
VTHR,Vanguard Russell 3000 Index Fund ETF Shares,ETF,ETF,326.368408203125,-0.6881893454902184,-0.1244163552499402,44.737298634786725,US
VTIP,Vanguard Short-Term Inflation-Protected Securities Index Fund ETF Shares,ETF,ETF,49.59000015258789,-0.2213291924807943,-0.002209871828379,47.46739266281371,US
VTOL,Bristow Group Inc.,Energy,Oil & Gas Equipment & Services,45.709999084472656,3.486531535810828,0.0090953519183712,67.61012007285672,US
VTP,Vanguard Total Inflation-Protected Securities ETF,ETF,ETF,75.02999877929688,-0.6619886244947912,-0.006763762055161,36.414596244857336,US
VTR,"Ventas, Inc.",Real Estate,REIT - Healthcare Facilities,100.52999877929688,4.609781868382384,0.1046406303896794,77.62979992503168,US
VTRS,VTRS,N/A,N/A,17.239999771118164,-0.2891911033057031,-0.0118028929850789,58.222619346830896,US
VTS,"Vitesse Energy, Inc.",Energy,Oil & Gas E&P,15.800000190734863,-0.6913869122075349,-0.0103285690924001,46.8195239681386,US
VTWO,Vanguard Russell 2000 Index Fund ETF Shares,ETF,ETF,117.70999908447266,-0.9925143504362084,-0.0331620984361985,45.910061150893625,US
VUS,Virtus U.S. Dividend ETF,ETF,ETF,29.767000198364254,-0.348164073996008,-0.0128767284526053,52.1565553236328,US
VUSB,Vanguard Ultra-Short Bond ETF,ETF,ETF,49.68999862670898,0.0,-0.0005150694120275,66.51689847339779,US
VUSE,Vident U.S. Equity Strategy ETF,ETF,ETF,70.28780364990234,-1.1604001020070651,-0.0311730606274661,41.4739894782905,US
VUSG,Vanguard Wellington U.S. Growth Active ETF,ETF,ETF,61.29499816894531,-1.6131638530059351,-0.0759034081003117,39.85641907589684,US
VUSV,Vanguard Wellington U.S. Value Active ETF,ETF,ETF,68.76409912109375,-0.2913031645975719,0.013979720984726,54.58904764215944,US
VVR,Invesco Senior Income Trust,Financial Services,Asset Management,2.9600000381469727,0.0,-0.0016265788813755,47.5751654252972,US
VVV,Valvoline Inc.,Consumer Cyclical,Auto & Truck Dealerships,38.959999084472656,-2.526900438790383,-0.0027338943189371,53.538046491441975,US
VWOB,Vanguard Emerging Markets Government Bond Index Fund,ETF,ETF,65.8499984741211,-0.9476607265345348,-0.0024386171328915,35.76854608007207,US
VXX,iPath Series B S&P 500 VIX Short-Term Futures ETN,ETF,ETF,22.36000061035156,-0.5338030886491203,0.023318614886191,48.70655946847694,US
VYMI,Vanguard International High Dividend Yield Index Fund ETF Shares,ETF,ETF,101.63999938964844,0.7433838879346369,-0.0024276648384424,59.5399567461634,US
VZ,Verizon Communications Inc.,Communication Services,Telecom Services,46.380001068115234,6.400552662906344,0.1418553547996784,64.18036167086154,US
WAB,Westinghouse Air Brake Technologies Corporation,Industrials,Railroads,302.5,15.422777586486564,1.1344480322132755,75.08800524171005,US
WABC,Westamerica Bancorporation,Financial Services,Banks - Regional,60.4900016784668,-1.417860044378805,-0.0286539895797829,59.08806269047355,US
WAGN,Pabrai Wagons ETF,ETF,ETF,13.869999885559082,0.7262122329054057,0.0023306128938807,42.267559867001154,US
WAMA,Wisdomtree U.S. Adaptive Moving Average Fund,ETF,ETF,25.864200592041016,-0.9034474558710052,-0.012071013797636,43.951484868972095,US
WASH,"Washington Trust Bancorp, Inc.",Financial Services,Banks - Regional,38.38999938964844,4.83342574929063,0.0065797746903075,62.3327062255746,US
WAT,Waters Corporation,Healthcare,Diagnostics & Research,374.6799926757813,1.544794167634281,0.1409502685791195,53.22460137646488,US
WBD,"Warner Bros. Discovery, Inc.",Communication Services,Entertainment,25.770000457763672,-4.093786182036865,-0.0098924821127599,38.35951874091377,US
WBIF,WBI BullBear Value 3000 ETF,ETF,ETF,35.43830108642578,-0.5101006482522378,0.0149075818842156,54.35383992934952,US
WBIG,WBI BullBear Yield 3000 ETF,ETF,ETF,25.980499267578125,-0.5835539584874863,0.0027867533860147,56.31691706176612,US
WBIL,WBI BullBear Quality 3000 ETF,ETF,ETF,39.0099983215332,-0.2556949303444678,0.0240089862265067,46.89103323227136,US
WBIY,WBI Power Factor High Dividend ETF,ETF,ETF,36.720001220703125,-0.8130485089233374,-0.0077911161977035,62.42538132848552,US
WBTN,WEBTOON Entertainment Inc.,Communication Services,Internet Content & Information,9.0,-13.710453147984648,-0.0175992249699626,28.40465243965573,US
WCAP,Warcap Unconstrained Equity ETF,EQUITY,EQUITY,8.980400085449219,-0.8238566229967048,-0.0017595982193565,39.82524816676548,US
WCBR,WisdomTree Cybersecurity Fund,ETF,ETF,36.18000030517578,-7.892053387117199,-0.0624459893641253,48.7624338787387,US
WCCB,West Coast Community Bancorp,Financial Services,Banks - Regional,54.59999847412109,0.7565968957416249,-0.050837745956346,92.40096030317876,US
WCLD,WisdomTree Cloud Computing Fund,ETF,ETF,32.45000076293945,-6.726070971569048,-0.0284607905759586,47.974075495966055,US
WCPB,Weitz Core Plus Bond ETF,EQUITY,EQUITY,25.0851993560791,-0.7705748626395909,-0.0015186421557434,39.10595950329309,US
WD,"Walker & Dunlop, Inc.",Financial Services,Mortgage Finance,48.20000076293945,-3.753995605785786,0.0902754021881309,42.68399041252125,US
WDAF,WisdomTree Asia Defense Fund,ETF,ETF,30.117799758911133,2.6614850481147663,0.0560066981824718,45.93568760600694,US
WDAY,"Workday, Inc.",Technology,Software - Application,135.33999633789062,-6.520239343140638,-0.0836155396849376,50.00658269919834,US
WDC,Western Digital Corporation,Technology,Computer Hardware,519.7999877929688,8.922506697822453,-0.0075362973275971,45.6438054572744,US
WDE,Principal Securitized Debt ETF,ETF,ETF,25.049999237060547,-0.674068520707401,-0.0048886459311669,34.47462995016764,US
WDEF,WisdomTree Trust,EQUITY,EQUITY,28.8843994140625,3.45415234646578,0.0239500363524722,54.752487301475774,US
WDGF,WisdomTree Global Defense Fund,ETF,ETF,31.19809913635254,3.962472349356549,0.0561672157542138,53.743370396422485,US
WDH,Waterdrop Inc.,Financial Services,Insurance - Diversified,1.1200000047683716,-5.084741139541855,-0.003800890168083,33.155183892742485,US
WDIG,WisdomTree Efficient Rare Earth Plus Strategic Metals Fund,ETF,ETF,39.56079864501953,1.5942476635958058,-0.0189288630892465,38.96263283773483,US
WDIV,State Street SPDR S&P Global Dividend ETF,ETF,ETF,83.1322021484375,0.437604832742778,0.0102883167039766,67.73356540108631,US
WDNA,WisdomTree BioRevolution Fund,ETF,ETF,20.01000022888184,0.90771712490325,0.0200862862762135,52.71983072463378,US
WDTE,Defiance S&P 500 Target 30 Weekly Distribution ETF,ETF,ETF,29.075000762939453,-0.2249568220222969,-0.0090531953242679,45.3277741550487,US
WEAV,"Weave Communications, Inc.",Healthcare,Health Information Services,6.170000076293945,-14.6611333331003,-0.0198874042790777,44.62246782792237,US
WEBL,Direxion Daily Dow Jones Internet Bull 3X Shares,ETF,ETF,21.34000015258789,-11.854601571321291,-0.0847102308804375,36.6760840028122,US
WEC,"WEC Energy Group, Inc.",Utilities,Utilities - Regulated Electric,115.7699966430664,2.134978563319365,0.1884404337447254,54.10499183417453,US
WEED,Roundhill Cannabis ETF,ETF,ETF,18.9414005279541,-3.172475912435519,-0.0100235986274045,40.84817207099256,US
WEEI,Westwood Salient Enhanced Energy Income ETF,ETF,ETF,24.21999931335449,2.8537411588301054,-0.0010506455057983,69.90282320987646,US
WEEK,Roundhill Weekly T-Bill ETF,ETF,ETF,100.04000091552734,0.0770014304299822,-0.0006538768207759,85.9339693706756,US
WEEUF,WisdomTree Issuer ICAV - WisdomTree Europe Equity UCITS ETF,EQUITY,EQUITY,42.12900161743164,-2.0711269894262303,-0.042697069610207,39.501241972816366,US
WELL,Welltower Inc.,Real Estate,REIT - Healthcare Facilities,252.07000732421875,3.625902291559609,0.1817482370209449,74.13356244743764,US
WEN,The Wendy's Company,Consumer Cyclical,Restaurants,6.989999771118164,-9.922686018717089,-0.0244889685672157,41.886392530252905,US
WENN,WENN,N/A,N/A,10.329999923706056,0.0969014455189504,8.068613610564927e-05,69.02200652223918,US
WEPN,Nicholas Defense and Rare Earth,EQUITY,EQUITY,40.2046012878418,-0.496714173244032,0.0109654597194988,39.24156803372387,US
WEST,Westrock Coffee Company,Consumer Defensive,Packaged Foods,7.599999904632568,-1.041665696538963,0.0064929271711401,47.73020728562262,US
WEX,WEX Inc.,Technology,Software - Infrastructure,176.14999389648438,7.212410605368995,0.4698047328419914,70.63770740413025,US
WFC,Wells Fargo & Company,Financial Services,Banks - Diversified,86.30999755859375,-1.3712770521575597,-0.0365441945060385,53.62119895574413,US
WFHG,World Financial Holding Group,Financial Services,Shell Companies,9.40999984741211,11.89060663666618,0.0071317472792252,99.93239825919304,US
WFRD,Weatherford International plc,Energy,Oil & Gas Equipment & Services,88.68000030517578,9.888480370143824,0.2708164863898363,54.04058251267447,US
WGO,"Winnebago Industries, Inc.",Consumer Cyclical,Recreational Vehicles,30.770000457763672,0.2280120295916124,0.0073413759914818,54.05693906053419,US
WGS,GeneDx Holdings Corp.,Healthcare,Diagnostics & Research,59.09999847412109,-6.899812696439935,-0.1477486652464907,44.80214413999266,US
WH,"Wyndham Hotels & Resorts, Inc.",Consumer Cyclical,Lodging,73.52999877929688,-3.957678782549493,-0.002446889801694,33.51719687945085,US
WHD,"Cactus, Inc.",Energy,Oil & Gas Equipment & Services,55.119998931884766,1.137612719054616,-0.0485911627368984,53.43982629661454,US
WILC,G. Willi-Food International Ltd.,Consumer Defensive,Food Distribution,30.09000015258789,-2.273467821127748,0.0360231116553085,38.57079253083358,US
WIMA,Wisdomtree International Adaptive Moving Average Fund,ETF,ETF,42.14690017700195,0.0401118168959846,0.0008010579553384,51.05163273827369,US
WINA,Winmark Corporation,Consumer Cyclical,Specialty Retail,332.5199890136719,-14.321055453686135,-0.5671576384147592,25.45215611434205,US
WING,Wingstop Inc.,Consumer Cyclical,Restaurants,135.1999969482422,-5.009488365830133,0.2939197787437653,35.473597379766744,US
WIP,State Street SPDR FTSE International Government Inflation-Protected Bond ETF,ETF,ETF,38.77000045776367,-0.6661499607094966,-0.0052021829035768,42.529470949542,US
WISE,Themes Generative Artificial Intelligence ETF,ETF,ETF,33.13169860839844,-2.191361896677269,-0.028858892439413,32.31932896881213,US
WIW,Western Asset Inflation-Linked Opportunities & Income Fund,Financial Services,Asset Management,8.289999961853027,-1.073987486381975,-0.004062863810515,37.02299198167475,US
WKC,World Kinect Corporation,Energy,Oil & Gas Refining & Marketing,38.13999938964844,4.493149012735445,0.0769243776379027,77.66475222253138,US
WLDN,"Willdan Group, Inc.",Industrials,Engineering & Construction,72.62999725341797,-0.0962856915579434,0.0222828866687745,36.08438991746767,US
WLDR,Affinity World Leaders Equity ETF,ETF,ETF,45.42549896240234,2.503603716359934,0.0196831374189406,51.56043581037802,US
WLDU,Leverage Shares 2x Long World S,ETF,ETF,16.622600555419922,-1.1735977585364623,-0.0091228645464038,42.60797334795678,US
WLFC,Willis Lease Finance Corporation,Industrials,Rental & Leasing Services,69.04499816894531,-64.77296011788505,0.0434961528406141,15.982330921369323,US
WLKP,Westlake Chemical Partners LP,Basic Materials,Chemicals,22.049999237060547,0.1817310666186348,0.0083677833937376,42.2703071729461,US
WLTG,WealthTrust DBS Long Term Growth ETF,ETF,ETF,37.13140106201172,-0.1548794409364036,-0.0153353576900758,46.806095785459085,US
WLTH,Wealthfront Corporation,Technology,Software - Application,8.880000114440918,-4.103672840694992,-0.0228686796200907,42.604949179384406,US
WM,"Waste Management, Inc.",Industrials,Waste Management,238.75,-0.2340050830749925,-0.0152820131484334,60.11313059985029,US
WMB,"The Williams Companies, Inc.",Energy,Oil & Gas Midstream,74.0,0.8449206456643089,-0.0276786102164215,49.0438894451208,US
WMK,"Weis Markets, Inc.",Consumer Defensive,Grocery Stores,73.36000061035156,-6.008971502917351,-0.1702734692639818,34.798627503658224,US
WMT,Walmart Inc.,Consumer Defensive,Discount Stores,109.47000122070312,-4.175417307653136,-0.0029642955769122,38.207001355654114,US
WMTI,REX WMT Growth & Income ETF,ETF,ETF,20.649999618530277,-5.213958216053279,-0.0022681172331793,35.82056490698045,US
WNC,Wabash National Corporation,Industrials,Farm & Heavy Construction Machinery,13.34000015258789,-0.7440433848031283,-0.0120964726905888,60.15503478022149,US
WNTR,YieldMax MSTR Short Option Income Strategy ETF,ETF,ETF,27.670000076293945,1.3361489697130486,0.0773631239764086,58.74337040634413,US
WOMN,Impact Shares Women’s Empowerment ETF,ETF,ETF,42.45000076293945,-1.8497092186371027,-0.0339698009503029,43.00564524728009,US
WOOD,iShares Global Timber & Forestry ETF,ETF,ETF,69.33999633789062,0.2167855054079492,-0.005498673318234,58.11917999083763,US
WOOF,"Petco Health and Wellness Company, Inc.",Consumer Cyclical,Specialty Retail,2.609999895095825,-1.8797063579510669,-0.0020210674693903,47.54840892755446,US
WR,Corgi U.S. War Machine ETF,ETF,ETF,25.91679954528809,3.4189948028934767,0.0076691878566153,72.28894953103082,US
WRB,W. R. Berkley Corporation,Financial Services,Insurance - Property & Casualty,75.45999908447266,5.376341909379287,0.1637324739769869,67.4054327706346,US
WS,"Worthington Steel, Inc.",Basic Materials,Steel,35.97999954223633,1.839789633439248,0.0023497515327388,50.8399447790243,US
WSC,WillScot Holdings Corporation,Industrials,Rental & Leasing Services,26.5,-2.662994935945664,0.005083934767231,48.3197475840385,US
WSDB,Weitz Short Duration Bond ETF,EQUITY,EQUITY,24.93490028381348,-0.2204861456956392,-0.000376751711774,46.94888215903031,US
WSFS,WSFS Financial Corporation,Financial Services,Banks - Regional,79.83999633789062,0.0,0.0184402336530526,62.8021896021691,US
WSGE,Warren Street Global Equity ETF,ETF,ETF,27.63940048217773,-0.2043568207549508,-0.0050468862055425,46.24677910773329,US
WSM,"Williams-Sonoma, Inc.",Consumer Cyclical,Specialty Retail,226.7400054931641,-0.7311405552165604,0.4548634669927298,56.068908397530336,US
WSML,iShares MSCI World Small-Cap ETF,ETF,ETF,34.30649948120117,-0.1150095772823264,0.0011838139721957,46.27341378922354,US
WST,"West Pharmaceutical Services, Inc.",Healthcare,Medical Instruments & Supplies,328.20001220703125,-8.385434023624885,-1.8431139595591317,36.54256143990488,US
WTAI,WisdomTree Artificial Intelligence and Innovation Fund,ETF,ETF,38.900001525878906,-1.5439048888084732,-0.0658711358649608,39.986152561977065,US
WTBA,"West Bancorporation, Inc.",Financial Services,Banks - Regional,27.270000457763672,0.8505899942638466,0.0112038159225446,60.59313037675983,US
WTI,"W&T Offshore, Inc.",Energy,Oil & Gas E&P,3.660000085830689,4.87106234468208,-0.0089377714642101,53.81598814053454,US
WTIP,WisdomTree Inflation Plus Fund,ETF,ETF,35.69150161743164,0.7238612507405205,-0.0193183738098367,51.37849930128578,US
WTM,"White Mountains Insurance Group, Ltd.",Financial Services,Insurance - Property & Casualty,2208.050048828125,-0.1569043315221939,0.094733937226529,62.754890105023264,US
WTMF,WisdomTree Managed Futures Strategy Fund,ETF,ETF,40.88999938964844,0.146944785459492,-0.0112973412220749,48.952148286985135,US
WTMY,Wisdomtree High Income Laddered Municipal Fund,ETF,ETF,25.084999084472656,-1.0063183369365212,-0.0018631148473093,33.201456501178086,US
WTPI,WisdomTree Equity Premium Income Fund,ETF,ETF,32.77320098876953,-0.1121620938164352,-0.0039145955013339,48.57121436890832,US
WTV,WisdomTree U.S. Value Fund,ETF,ETF,105.20999908447266,0.2477390603057311,0.0230001792585456,60.67150669742247,US
WTW,Willis Towers Watson Public Limited Company,Financial Services,Insurance Brokers,295.1099853515625,0.5725361134563771,0.2030288464263812,62.956790735821095,US
WULX,Tradr 2X Long WULF Daily ETF,ETF,ETF,23.770000457763672,2.5452982951693555,0.0658336458291151,35.961623880789745,US
WWD,"Woodward, Inc.",Industrials,Aerospace & Defense,419.0,6.648339134738741,1.1738713350181924,59.49565859696918,US
WWJD,Inspire International ETF,ETF,ETF,38.68999862670898,-0.2320787916990296,-0.0121811871248496,51.21473341318748,US
WWW,"Wolverine World Wide, Inc.",Consumer Cyclical,Footwear & Accessories,18.790000915527344,2.286336728939814,-0.0277909625418412,58.05840951903707,US
WXET,Teucrium 2x Daily Wheat ETF,ETF,ETF,22.530000686645508,-1.6801231224082451,-0.1327365628192829,60.0907011840644,US
WYFI,"WhiteFiber, Inc.",Technology,Information Technology Services,23.6299991607666,-6.043739486356693,-0.0729008974416163,37.928494793375066,US
WYFL,Defiance Daily Target 2X Long Wyfi ETF,ETF,ETF,9.619999885559082,-15.242294605867004,-0.0080829100775483,36.27466450944895,US
XA,Corgi AI Cybersecurity ETF,ETF,ETF,35.662899017333984,-7.127870832766262,-0.0546207806603591,47.89584535235048,US
XAIX,Xtrackers Artificial Intelligence and Big Data ETF,ETF,ETF,51.76520156860352,-1.2321797678748931,-0.012731685521521,39.963291012930426,US
XAPR,FT Vest U.S. Equity Enhance & Moderate Buffer ETF - April,ETF,ETF,37.70100021362305,-0.5040591312331625,-0.0117823924672774,47.79482959858976,US
XAR,State Street SPDR S&P Aerospace & Defense ETF,ETF,ETF,269.010009765625,4.0375921977353,0.4494864814008288,48.16085747578371,US
XAUG,FT Vest U.S. Equity Enhance & Moderate Buffer ETF - August,ETF,ETF,39.2599983215332,0.1530549934337578,-0.0004095049746068,63.10827417114486,US
XB,BondBloxx B Rated USD High Yield Corporate Bond ETF,ETF,ETF,38.8849983215332,-0.4862506402980218,-0.003420387362198,42.4508794234154,US
XBB,BondBloxx BB Rated USD High Yield Corporate Bond ETF,ETF,ETF,40.46500015258789,-0.8696706146260466,-0.0074673458776004,35.662951559695514,US
XBCI,NEOS Boosted Bitcoin High Income ETF,ETF,ETF,32.25,0.4985972161150214,-0.0786609567487228,48.41927351814167,US
XBI,State Street SPDR S&P Biotech ETF,ETF,ETF,150.47999572753906,-2.450407697330345,-0.0532064425498139,48.60273247758476,US
XBIL,F/m US Treasury 6 Month Bill ETF,ETF,ETF,50.130001068115234,0.0299299394314544,-9.962747102558456e-05,85.66995158446582,US
XBJA,Innovator U.S. Equity Accelerated 9 Buffer ETF - January,ETF,ETF,33.83000183105469,-0.1180900563667434,-0.0045233446629115,51.83225091617921,US
XBJL,Innovator U.S. Equity Accelerated 9 Buffer ETF - July,ETF,ETF,39.79869842529297,-0.2838753433509601,-0.0071058255780595,44.169864782941424,US
XBOC,Innovator U.S. Equity Accelerated 9 Buffer ETF - October,ETF,ETF,35.61520004272461,-0.0134724573387355,-0.004025081789119,54.308813010298,US
XC,WisdomTree True Emerging Markets Fund,ETF,ETF,31.33919906616211,-1.2689859060987445,-0.0113716423649826,43.90175026279956,US
XCHG,Ab US Equity ETF,ETF,ETF,26.649599075317383,-0.7093929813266022,-0.0129211652596817,48.53198914296112,US
XCLR,Global X S&P 500 Collar 95-110 ETF,ETF,ETF,27.251399993896484,-0.7198783755134481,-0.0096071428025355,41.60703931756737,US
XCOR,Fundx ETF,ETF,ETF,86.4209976196289,-0.2953543935847494,-0.0168912093324198,44.11854885676999,US
XDAT,Franklin Exponential Data ETF,ETF,ETF,23.600000381469727,-4.877062114143402,-0.0451839167760968,36.97089179249711,US
XDEC,FT Vest U.S. Equity Enhance & Moderate Buffer ETF - December,ETF,ETF,42.925201416015625,-0.0228251006450112,-0.0039047268134651,53.6015162272648,US
XDEF,Xtrackers Europe Defense Technologies ETF,ETF,ETF,21.78499984741211,3.4916894868932977,0.0027663857370576,44.50451021823921,US
XDIV,Roundhill S&P 500 No Dividend Target ETF,ETF,ETF,30.11000061035156,-0.5942565194295157,-0.0130696000002923,44.21765816809466,US
XDQQ,Innovator Growth-100 Accelerated ETF – Quarterly,ETF,ETF,38.00590133666992,-1.81890406730896,-0.0428242270533055,32.59196402842933,US
XDSQ,Innovator U.S. Equity Accelerated ETF – Quarterly,ETF,ETF,42.6619987487793,-0.7167848805539043,-0.0160237180114444,42.76115894679574,US
XE,"X-Energy, Inc.",Industrials,Specialty Industrial Machinery,14.5600004196167,3.85164011570341,-0.0685195881898861,36.36706813832717,US
XEL,Xcel Energy Inc.,Utilities,Utilities - Regulated Electric,81.66999816894531,3.6816067658600993,0.1248138443806238,58.794437801745126,US
XEMD,BondBloxx JP Morgan USD Emerging Markets 1-10 Year Bond ETF,ETF,ETF,44.31930160522461,-0.7628711225963927,-0.0047206436676223,36.72309675527453,US
XEML,Xtrackers Europe Market Leaders ETF,ETF,ETF,25.1200008392334,-2.283424267569836,-0.0219636009977032,41.85872518926981,US
XENE,Xenon Pharmaceuticals Inc.,Healthcare,Biotechnology,65.41999816894531,-4.16056823675041,-0.1146754600177053,58.15285466803228,US
XERS,"Xeris Biopharma Holdings, Inc.",Healthcare,Drug Manufacturers - Specialty & Generic,8.319999694824219,-5.454550971669479,-0.018915671823235,56.1600998487128,US
XES,State Street SPDR S&P Oil & Gas Equipment & Services ETF,ETF,ETF,113.01000213623048,0.6143184146020308,-0.1209204773986902,48.09408841641157,US
XFEB,FT Vest U.S. Equity Enhance & Moderate Buffer ETF - February,ETF,ETF,37.41999816894531,-0.0667686635937189,-0.003785227256927,51.87550857751357,US
XHR,"Xenia Hotels & Resorts, Inc.",Real Estate,REIT - Hotel & Motel,21.489999771118164,2.3333322434198287,0.0107791830313457,69.4734713280746,US
XIDE,FT Vest U.S. Equity Buffer & Premium Income ETF - December,ETF,ETF,30.315000534057617,0.1155873402193992,-0.0008999021164869,58.20737699039584,US
XIMR,FT Vest U.S. Equity Buffer & Premium Income ETF - March,ETF,ETF,31.395000457763672,0.0318630836670611,-0.0013021880041171,56.68021587772169,US
XITK,State Street SPDR FactSet Innovative Technology ETF,ETF,ETF,175.49400329589844,-3.332527012856637,-0.1863422182774317,37.18737739291539,US
XJR,iShares ESG Select Screened S&P Small-Cap ETF,ETF,ETF,51.25529861450195,-0.9080712875306116,-0.0120528717845397,50.314901052462055,US
XLB,State Street Materials Select Sector SPDR ETF,ETF,ETF,51.2599983215332,1.444685453931622,0.067119922201138,53.38943959538901,US
XLBI,State Street Materials Select Sector SPDR Premium Income ETF,EQUITY,EQUITY,23.92659950256348,1.3924906168274096,0.0278656314691069,55.41664977549697,US
XLC,State Street Communication Services Select Sector SPDR ETF,ETF,ETF,106.3000030517578,-3.931313523844564,-0.1408181160480343,37.20280016141511,US
XLCI,State Street Communication Services Select Sector SPDR Premium Income ETF,EQUITY,EQUITY,22.75639915466309,-3.574581411740232,-0.0296110120356733,37.892683611826655,US
XLFI,State Street Financial Select Sector SPDR Premium Income ETF,EQUITY,EQUITY,24.00690078735352,0.2585136492721567,-0.0007224282773152,66.80612575796312,US
XLG,Invesco S&P 500 Top 50 ETF,ETF,ETF,59.97999954223633,-1.202437083256413,-0.0528687563494394,40.93500727553493,US
XLII,State Street Industrial Select Sector SPDR Premium Income ETF,EQUITY,EQUITY,26.17040061950684,1.40028906208834,0.0218241618727835,61.55323507247419,US
XLP,State Street Consumer Staples Select Sector SPDR ETF,ETF,ETF,84.12999725341797,-1.2442835516026116,0.0047600123860309,50.31637004719312,US
XLRE,State Street Real Estate Select Sector SPDR ETF,ETF,ETF,45.95000076293945,1.1668925921633249,0.0471687321411542,63.227130193383104,US
XLRI,State Street Real Estate Select Sector SPDR Premium Income ETF,EQUITY,EQUITY,24.032100677490234,0.8565619023025705,0.0131367268847484,60.90560700626637,US
XLSI,State Street Consumer Staples Select Sector SPDR Premium Income ETF,EQUITY,EQUITY,23.399999618530277,-0.4297682418369762,0.0046759284833808,52.19897238285651,US
XLSR,State Street US Sector Rotation ETF,ETF,ETF,63.709999084472656,-0.4531264305114746,-0.0219920287607414,43.63571279198624,US
XLU,State Street Utilities Select Sector SPDR ETF,ETF,ETF,46.290000915527344,2.479527987565961,0.0364570318561163,60.48211601797564,US
XLUI,State Street Utilities Select Sector SPDR Premium Income ETF,EQUITY,EQUITY,25.0,2.207689843578692,0.0179489379249879,64.37892480061456,US
XMAG,Defiance Large Cap ex-Mag 7 ETF,ETF,ETF,25.40999984741211,0.4744916075154813,0.0060278281917817,49.24721102894239,US
XMAR,FT Vest U.S. Equity Enhance & Moderate Buffer ETF - March,ETF,ETF,42.75,-0.0841380327356415,-0.0024619279457516,52.66558048502825,US
XMAX,XMax Inc.,Consumer Cyclical,"Furnishings, Fixtures & Appliances",8.430000305175781,-0.9400695834830336,-0.0036800692302357,45.6462397336275,US
XMAY,FT Vest U.S. Equity Enhance & Moderate Buffer ETF - May,ETF,ETF,36.04050064086914,-0.2007540874926559,-0.0069526597338214,48.16129095411502,US
XME,State Street SPDR S&P Metals & Mining ETF,ETF,ETF,101.73999786376952,3.4468728441723875,0.0483396874979726,41.384615435597205,US
XMHQ,Invesco S&P MidCap Quality ETF,ETF,ETF,113.58999633789062,0.8612977869404577,0.0732484609327029,57.3390119013881,US
XMLV,Invesco S&P MidCap Low Volatility ETF,ETF,ETF,69.19000244140625,0.669284245606327,0.0268895501653891,68.98047373082966,US
XMMO,Invesco S&P MidCap Momentum ETF,ETF,ETF,160.27000427246094,2.0308138555009787,0.0525357144873344,45.5848486278074,US
XMPT,VanEck CEF Municipal Income ETF,ETF,ETF,21.57999992370605,-2.264492761447785,-0.0104999393641357,31.72458318942391,US
XMTR,"Xometry, Inc.",Industrials,Industrial Distribution,86.30999755859375,-12.41120686351289,-0.5969213916803504,41.32249764796904,US
XMVM,Invesco S&P MidCap Value with Momentum ETF,ETF,ETF,74.17510223388672,0.8361945292385456,0.0094628258389203,67.20918428355368,US
XNAV,FundX Aggressive ETF,ETF,ETF,90.27799987792967,0.3423348372209296,0.0338986248801798,41.989498991892624,US
XOCT,FT Vest U.S. Equity Enhance & Moderate Buffer ETF - October,ETF,ETF,39.6150016784668,-0.0126129569729673,-0.003124100098515,55.71735259066655,US
XOEF,iShares S&P 500 ex S&P 100 ETF,ETF,ETF,29.54560089111328,0.3791563355189152,0.00812900222648,49.64664650684384,US
XOEX,DBX ETF Trust - Xtrackers S&P 100 Ex Top 20 ETF,ETF,ETF,40.030799865722656,-0.1127865746567833,0.0165079522870674,49.62119880607427,US
XOM,ExxonMobil Holdings Corporation,Energy,Oil & Gas Integrated,156.94000244140625,6.501086991975572,0.0050920940839258,72.16820145722123,US
XOMO,Yieldmax XOM Option Income Strategy ETF,ETF,ETF,11.479999542236328,5.11490758999076,-0.000207912006774,72.56062620551205,US
XOMX,Direxion Daily XOM Bull 2X Shares,ETF,ETF,45.24380111694336,12.580375799130575,0.0055247020055495,71.03390888883192,US
XONE,Bondbloxx Bloomberg One Year Target Duration US Treasury ETF,ETF,ETF,49.30500030517578,-0.0101420968889756,-0.0001538801269397,63.62074018737987,US
XOP,State Street SPDR S&P Oil & Gas Exploration & Production ETF,ETF,ETF,174.0500030517578,2.274068952012191,-0.2788596776148735,65.46056447939813,US
XPAY,Roundhill S&P 500 Target 20 Managed Distribution ETF,ETF,ETF,51.9202995300293,-0.6310056841544558,-0.0225666816265265,44.42666019321722,US
XPEL,"XPEL, Inc.",Consumer Cyclical,Auto Parts,42.72999954223633,-1.2023131971414378,0.0600970194002711,39.16648067155456,US
XPER,XPER,N/A,N/A,7.570000171661377,3.698629779067633,0.0173696535414735,46.66572916949405,US
XPO,"XPO, Inc.",Industrials,Trucking,213.00999450683597,-0.9348012862459214,-0.1809558148413059,52.90978911842518,US
XPRO,Expro Ltd,Energy,Oil & Gas Equipment & Services,15.789999961853027,-4.186890773964598,-0.0346873964991583,53.27829261668197,US
XQQI,NEOS Boosted Nasdaq-100 High Income ETF,ETF,ETF,46.91999816894531,-2.5545240248279346,-0.0744504321922381,38.05799811374022,US
XRAY,DENTSPLY SIRONA Inc.,Healthcare,Medical Instruments & Supplies,12.93000030517578,-7.971529326367234,-0.0485104151634377,58.29330474267336,US
XRN,Chiron Real Estate Inc.,Real Estate,REIT - Healthcare Facilities,37.56999969482422,-0.4504556864913327,0.0042235204577047,56.16712213766971,US
XRPC,Canary XRP ETF,ETF,ETF,11.550000190734863,-0.1728565654007938,-0.0304286715733212,44.67304213291871,US
XRPI,XRP ETF,ETF,ETF,5.980000019073486,-0.3110785340946731,-0.0155531525813381,44.45171855384011,US
XRPZ,Franklin XRP ETF,EQUITY,EQUITY,11.829999923706056,-0.2529488519361076,-0.0309339512544141,44.69568748517801,US
XRT,State Street SPDR S&P Retail ETF,ETF,ETF,87.01000213623047,-2.695142118166372,-0.0691756228849429,48.5470149959064,US
XRX,Xerox Holdings Corporation,Industrials,Business Equipment & Supplies,2.5799999237060547,-6.859207889124515,0.0003337504454186,39.82692718968174,US
XSD,State Street SPDR S&P Semiconductor ETF,ETF,ETF,494.30999755859375,-1.1755542602036115,-0.77062808030532,38.76429861397579,US
XSHD,Invesco S&P SmallCap High Dividend Low Volatility ETF,ETF,ETF,14.260000228881836,-2.4690517329659785,-0.0153196726837726,55.10348021983905,US
XSHQ,Invesco S&P SmallCap Quality ETF,ETF,ETF,47.150001525878906,-1.20688973018727,-0.0185048655299196,47.669228500053805,US
XSLV,Invesco S&P SmallCap Low Volatility ETF,ETF,ETF,53.69960021972656,-0.316314675212193,0.0130079569784113,62.030650209455246,US
XSMO,Invesco S&P SmallCap Momentum ETF,ETF,ETF,87.44999694824219,-0.3532420014154717,-0.0040102065585123,44.83969493705429,US
XSPI,NEOS Boosted S&P 500 High Income ETF,ETF,ETF,48.40999984741211,-0.8804265025232535,-0.0297613209348201,45.23108506890805,US
XSVM,Invesco S&P SmallCap Value with Momentum ETF,ETF,ETF,70.9574966430664,-0.4105310272752193,-0.0131460946546628,58.29205868207197,US
XT,iShares Future Exponential Technologies ETF,ETF,ETF,78.74089813232422,-1.6230669269658966,-0.044894793161791,39.56312492303352,US
XTAP,Innovator U.S. Equity Accelerated Plus ETF – April,ETF,ETF,45.28499984741211,-0.6166923429955695,-0.0186090013634499,49.318662394645685,US
XTEN,Bondbloxx Bloomberg Ten Year Target Duration US Treasury ETF,ETF,ETF,44.4900016784668,-1.1552914073707818,0.0033416646643711,37.17068422904357,US
XTJA,Innovator U.S. Equity Accelerated Plus ETF - January,ETF,ETF,34.04610061645508,-0.3042486230786605,-0.0070056944461497,50.74753658713294,US
XTL,State Street SPDR S&P Telecom ETF,ETF,ETF,207.5399932861328,-0.4699841579935907,-0.1211585821222125,39.47266939514403,US
XTOC,Innovator U.S. Equity Accelerated Plus ETF - October,ETF,ETF,36.23540115356445,-0.0678355463523086,-0.0040708521941808,53.63039542100915,US
XTR,Global X S&P 500 Tail Risk ETF,ETF,ETF,28.028600692749023,-0.8012687125892506,-0.0106274290793613,43.72056701695055,US
XTRE,Bondbloxx Bloomberg Three Year Target Duration US Treasury ETF,ETF,ETF,48.720001220703125,-0.3477156291012482,-0.0001205548767147,43.7455031556585,US
XTWO,Bondbloxx Bloomberg Two Year Target Duration US Treasury ETF,ETF,ETF,48.76499938964844,-0.2148548077168509,-0.0014276633468284,48.01482008790377,US
XTWY,Bondbloxx Bloomberg Twenty Year Target Duration US Treasury ETF,ETF,ETF,35.86520004272461,-1.698781848042789,0.0087396729227284,33.80553042298604,US
XUDV,Franklin U.S. Dividend Booster Index ETF,ETF,ETF,32.44179916381836,-0.1391336490896486,-0.0026910415183958,60.42944125708342,US
XV,Simplify Target 15 Distribution ETF,ETF,ETF,24.559999465942383,-0.122003604958703,-0.0126785637717228,48.24213992579445,US
XVV,iShares ESG Select Screened S&P 500 ETF,ETF,ETF,56.2400016784668,-1.0207638498284863,-0.0298552689039831,44.35035410404621,US
XXRP,Teucrium 2x Long Daily XRP ETF,ETF,ETF,21.899999618530277,-0.9049808121593904,-0.1277857689425698,42.92926945700829,US
XYL,Xylem Inc.,Industrials,Specialty Industrial Machinery,119.75,-2.467827666901551,0.1037041653090806,54.85324405645703,US
XYLD,Global X S&P 500 Covered Call ETF,ETF,ETF,40.7599983215332,0.0466291741888981,-0.0100277669152329,58.58814701540624,US
XYLG,Global X S&P 500 Covered Call & Growth ETF,ETF,ETF,28.690000534057617,-0.4199794747022594,-0.0100597523636638,49.76821457818752,US
XYZ,"Block, Inc.",Technology,Software - Infrastructure,77.1500015258789,-3.490118626869364,-0.0863854619713857,50.38862715273096,US
XYZG,Leverage Shares 2X Long XYZ Daily ETF,ETF,ETF,16.602699279785156,-7.402682670381652,-0.0410442736245314,48.76796241181199,US
XZO,"Exzeo Group, Inc.",Financial Services,Insurance - Diversified,15.3100004196167,-4.906831944937571,-0.0021317439196494,45.38482188657294,US
YALA,Yalla Group Limited,Technology,Software - Application,5.179999828338623,-3.71747735776914,-0.0098599348081555,36.537543605120966,US
YALL,Truth Social God Bless America ETF,ETF,ETF,41.43429946899414,-1.405596752973376,-0.0171103444446296,34.37094002894436,US
YB,Yuanbao Inc.,Technology,Software - Application,13.31999969482422,-3.7572286996430337,-0.012766200899392,41.17000696466334,US
YBTY,GraniteShares YieldBOOST TopYielders ETF,ETF,ETF,11.414999961853027,0.2987386126381407,0.0019981390320374,31.774503245199213,US
YCL,ProShares Ultra Yen,ETF,ETF,17.06999969482422,-1.3294771813840118,-0.0032783032186862,31.29791593732176,US
YCS,ProShares UltraShort Yen,ETF,ETF,57.81499862670898,2.0024670349720517,0.0186627228725994,74.75939858080339,US
YDEC,FT Vest International Equity Moderate Buffer ETF – December,ETF,ETF,27.599899291992188,0.2174959131213115,0.0005057644163041,52.54968912321311,US
YELP,Yelp Inc.,Communication Services,Internet Content & Information,25.100000381469727,-4.271544474504705,-0.0151484761640664,49.41257079014324,US
YEXT,"Yext, Inc.",Technology,Software - Infrastructure,5.0,-6.36704387401784,-0.0112990585358643,54.74985963930582,US
YFFI,Indexperts Yield Focused Fixed Income ETF,ETF,ETF,9.884900093078612,-0.7041670634322275,0.0006198683332001,40.4166682990036,US
YFYA,Yields for You Strategy A ETF,ETF,ETF,9.765000343322754,-0.2043894164663154,-0.0011109623317817,44.254600818999386,US
YINN,Direxion Daily FTSE China Bull 3X Shares,ETF,ETF,27.700000762939453,3.3967891613048744,-0.0666070947259093,55.72993967959562,US
YLD,Principal Active High Yield ETF,ETF,ETF,18.895000457763672,-0.3165363554939641,-0.0020127767564495,46.91070824880181,US
YLDE,Franklin ClearBridge Enhanced Income ETF,ETF,ETF,56.885501861572266,-0.2516219269676337,0.0024434522478299,58.50961161138935,US
YLDW,Westwood Enhanced Income Opport,EQUITY,EQUITY,25.407699584960938,0.0697132561559509,0.0062131166909993,49.08612658950743,US
YMAR,FT Vest International Equity Moderate Buffer ETF - March,ETF,ETF,28.706300735473636,0.2665091754930676,0.0006847731279179,52.50530055367328,US
YMM,Full Truck Alliance Co. Ltd.,Technology,Software - Application,9.210000038146973,0.7658609649326454,-0.0078007698604773,62.66156116524519,US
YOKE,Yoke Core ETF,ETF,ETF,31.49799919128418,0.7162467936154746,-0.0003662651315012,46.29781873786434,US
YOLO,AdvisorShares Pure Cannabis ETF,ETF,ETF,2.549999952316284,-4.494386537405106,-0.0047330802659547,38.1942096041514,US
YORW,The York Water Company,Utilities,Utilities - Regulated Water,31.1299991607666,-1.0174931459777263,-0.0022672049595301,56.36486122599037,US
YOU,"Clear Secure, Inc.",Technology,Software - Application,52.2400016784668,-6.764228419420356,-0.0917564362133063,42.76337665001228,US
YSWY,"Yesway, Inc.",Consumer Defensive,Grocery Stores,19.690000534057617,-5.744369988758604,-0.0104687157882927,43.66846002833575,US
YUM,"Yum! Brands, Inc.",Consumer Cyclical,Restaurants,148.9199981689453,0.6760411116675787,0.2762550155742764,39.33586162904639,US
YXI,ProShares Short FTSE China 50,ETF,ETF,22.312299728393555,-2.310422157044272,0.0154298300419599,43.09680806650002,US
YYY,Amplify CEF High Income ETF,ETF,ETF,11.380000114440918,-0.6980796111671768,-0.0031857751011948,45.11454217548869,US
Z,"Zillow Group, Inc.",Communication Services,Internet Content & Information,30.76000022888184,-9.27591406472913,-0.0360978651259686,41.14259190866575,US
ZALT,Innovator U.S. Equity 10 Buffer ETF - Quarterly,ETF,ETF,33.880001068115234,0.0590680962880945,-0.0029169576094577,49.36205895850396,US
ZAP,Global X U.S. Electrification ETF,ETF,ETF,33.560001373291016,1.175770955305132,0.0061247599702972,48.59916691028113,US
ZAPR,Innovator Equity Defined Protec,ETF,ETF,26.69499969482422,-0.0374470283108247,-0.0014754241046617,55.95546320104168,US
ZBIO,"Zenas BioPharma, Inc.",Healthcare,Biotechnology,30.38999938964844,2.9122881239615106,-0.1148090934680032,63.17749009067644,US
ZD,"Ziff Davis, Inc.",Communication Services,Advertising Agencies,51.59999847412109,-4.409042401441699,-0.0721852242901521,53.44328378698132,US
ZETA,Zeta Global Holdings Corp.,Technology,Software - Infrastructure,19.1299991607666,-11.761997733000053,-0.0770380733216691,39.36474715136671,US
ZETX,Defiance Daily Target 2X Long ZETA ETF,EQUITY,EQUITY,16.969999313354492,-22.75830749325852,-0.1358309976559623,38.36302741052431,US
ZFEB,Innovator Equity Defined Protection ETF - 1 Yr February,ETF,ETF,26.03499984741211,0.0576456163895342,-0.0014700199634264,53.86924085900064,US
ZGN,Ermenegildo Zegna N.V.,Consumer Cyclical,Apparel Manufacturing,14.31999969482422,3.021583365614181,0.0158818871310495,58.72424147785303,US
ZIG,The Acquirers Fund ETF,ETF,ETF,39.74829864501953,0.1923214315076179,-0.0008755066468008,56.70692114437432,US
ZJUN,Innovator Equity Defined Protection ETF - 1 Yr June,ETF,ETF,27.38909912109375,-0.1309028877502521,-0.0020382760434784,47.73337473938793,US
ZKP,Lafayette Digital Acquisition Corp. I,Financial Services,Shell Companies,9.979999542236328,0.1002936302879302,0.0010533024305749,61.48050087348523,US
ZM,"Zoom Communications, Inc.",Technology,Software - Application,87.98999786376953,-3.4456265601727174,0.0337503456243071,46.25323261614444,US
ZMUN,F/m Ultrashort Tax Free Municipal ETF,ETF,ETF,50.125,-0.0398852479431482,-0.0018976197929808,64.29717425887479,US
ZNOG,"Zion Oil & Gas, Inc.",Energy,Oil & Gas E&P,0.4490000009536743,18.15789647049523,0.0016412321996867,50.81335453071869,US
ZS,"Zscaler, Inc.",Technology,Software - Infrastructure,142.32000732421875,-5.082029473865889,-0.2007628157485519,49.62814603129876,US
ZSC,USCF Sustainable Commodity Strategy Fund,ETF,ETF,30.73500061035156,1.2685345108492945,-0.0066718562499549,63.52548913957619,US
ZSQR,Z Squared Inc.,Technology,Software - Infrastructure,5.260000228881836,4.055398763694684,0.1092631136221371,36.13580619043383,US
ZTAX,X-Square Municipal Income Tax Free ETF,ETF,ETF,25.43000030517578,1.153543844741514,0.0365865818336805,51.80762177270813,US
ZTEN,F/M 10-Year Investment Grade Corporate Bond ETF,ETF,ETF,49.56779861450195,-1.1589456742028283,-0.0041424771542127,34.57827256984265,US
ZTS,Zoetis Inc.,Healthcare,Drug Manufacturers - Specialty & Generic,75.3499984741211,-0.8943842116185154,0.0015611439496643,46.61682985407259,US
ZTWO,F/M 2-Year Investment Grade Corporate Bond ETF,ETF,ETF,50.380001068115234,-0.1585374907032817,7.763997406784462e-05,52.08201110011311,US
ZURA,Zura Bio Limited,Healthcare,Biotechnology,5.230000019073486,-4.036693539284996,-0.0153964109719647,52.99023018340984,US
ZVRA,"Zevra Therapeutics, Inc.",Healthcare,Biotechnology,9.524999618530272,-25.41112547306576,-0.1583375098117475,27.440404883665664,US
ZYME,Zymeworks Inc.,Healthcare,Biotechnology,22.86000061035156,-5.498139290379591,-0.0184547252509481,37.41378555247875,US
