ticker,name,sector,industry,close,velocity,acceleration,rsi,region
A,"Agilent Technologies, Inc.",Healthcare,Diagnostics & Research,131.4600067138672,-2.1073696580174435,-0.2637815793264921,50.5171673825593,US
AAEQ,Alpha Architect US Equity 2 ETF,ETF,ETF,53.032501220703125,-1.4632078754857856,-0.0494336948745052,49.04554606091484,US
AALG,Leverage Shares 2X Long AAL Daily ETF,ETF,ETF,13.928000450134276,-22.708101574250584,-0.0695389118485894,37.81896313082704,US
AAOG,Leverage Shares 2X Long AAOI Daily ETF,ETF,ETF,3.059999942779541,-30.769233258808647,0.0154957102012098,34.815974708293865,US
AAPL,Apple Inc.,Technology,Consumer Electronics,333.739990234375,5.841679082296999,0.1088669261994645,71.65827439134878,US
AAPR,Innovator Equity Defined Protection ETF - 2 Yr To April 2028,ETF,ETF,29.5049991607666,-0.1522845260771033,-0.0047439225050831,52.40602830755545,US
AAPY,Kurv Yield Premium Strategy Apple ETF,ETF,ETF,28.434999465942383,6.402478953610477,0.0155479068527242,70.74889315821639,US
AAT,AAT,Real Estate,REIT - Diversified,25.51000022888184,1.552545289088212,-0.0044590950328431,65.14740445329072,US
AAUS,Alpha Architect US Equity ETF,ETF,ETF,59.57929992675781,-1.326103224897501,-0.0556122380974721,48.92513773716559,US
AAVM,Alpha Architect Global Factor Equity ETF,ETF,ETF,33.16339874267578,-1.1699875314102055,-0.0137836775263411,41.9579091429442,US
AAXJ,AAXJ,N/A,N/A,109.80999755859376,-5.515404917211026,-0.1194282909606844,39.75628162672154,US
ABBV,AbbVie Inc.,Healthcare,Drug Manufacturers - General,254.4900054931641,3.314026004033261,0.2820751612387555,65.86264781049721,US
ABCB,Ameris Bancorp,Financial Services,Banks - Regional,92.30999755859376,2.1015306044951063,0.0414108919568365,61.537367354207845,US
ABFL,Abacus FCF Leaders ETF,ETF,ETF,82.23999786376953,-2.211653560164944,-0.0406993596783226,47.05818002943663,US
ABI,ABI,ETF,ETF,24.809999465942383,0.1614816610395904,0.0009407959787266,70.97374294103332,US
ABIG,Argent Large Cap ETF,ETF,ETF,34.21839904785156,-1.7954387854102618,-0.0426730169055914,49.6659267812264,US
ABLD,Abacus FCF ETF Trust - Abacus FCF Real Assets Leaders ETF,ETF,ETF,30.21769905090332,0.5012126860286631,-0.0013954633356775,48.646505565490415,US
ABLG,ABLG,N/A,N/A,30.97100067138672,-2.9426486384065065,-0.018056186854337,42.4832875302534,US
ABNB,"Airbnb, Inc.",Consumer Cyclical,Travel Services,145.97999572753906,-1.77634199729773,-0.1708749977401811,54.04859668179426,US
ABOT,Abacus FCF ETF Trust - Abacus FCF Innovation Leaders ETF,ETF,ETF,40.437198638916016,0.0202769899096263,-0.0378978956352378,61.683957427181554,US
ABSI,Absci Corporation,Healthcare,Biotechnology,8.295000076293945,-21.745285115321717,-0.0737767955460609,42.77763336532714,US
ABT,ABT,Healthcare,Medical Devices,100.68000030517578,7.950685534387972,0.4345757084417434,67.33236228160179,US
ABUF,Aptus Laddered Buffer ETF,ETF,ETF,27.200000762939453,0.0735852006589686,-0.0043324193265512,60.79498771968055,US
ACA,"Arcosa, Inc.",Industrials,Engineering & Construction,145.00999450683594,0.0413708379805346,-0.0410093617978422,69.10312734572527,US
ACAD,ACADIA Pharmaceuticals Inc.,Healthcare,Biotechnology,25.600000381469727,-2.364603158357006,-0.0410817069748647,62.57139020121877,US
ACCO,ACCO,N/A,N/A,4.079999923706055,5.154634107374385,0.0055343583799544,54.021315119620034,US
ACGL,Arch Capital Group Ltd.,Financial Services,Insurance - Diversified,101.3499984741211,0.2869591554850411,-0.0244900615368468,59.7753963774641,US
ACHV,"Achieve Life Sciences, Inc.",Healthcare,Biotechnology,6.269999980926514,2.618655383237761,0.0023090393020216,56.92203601272542,US
ACI,ACI,N/A,N/A,15.109999656677246,2.371269799241221,0.0101453155062101,57.42844231992967,US
ACIC,American Coastal Insurance Corporation,Financial Services,Insurance - Property & Casualty,10.25,-8.236347985766432,-0.0179348107759872,37.92375175880984,US
ACIW,"ACI Worldwide, Inc.",Technology,Software - Infrastructure,58.06999969482422,2.924497659390389,-0.0790340905940887,75.1734873505799,US
ACLO,TCW AAA CLO ETF,ETF,ETF,50.415000915527344,0.0893428322351846,0.000554109659495,83.79931428484605,US
ACLS,"Axcelis Technologies, Inc.",Technology,Semiconductor Equipment & Materials,136.4199981689453,-4.834326919781244,0.2445331535660031,41.09388961613984,US
ACMR,"ACM Research, Inc.",Technology,Semiconductor Equipment & Materials,83.91999816894531,-18.52427362238319,-0.2715792809850184,42.68870347076967,US
ACN,Accenture plc,Technology,Information Technology Services,143.57000732421875,6.167279346427781,0.1651352200696036,50.05619264054876,US
ACNB,ACNB Corporation,Financial Services,Banks - Regional,60.45000076293945,1.9049242648830105,-0.0287196350479486,58.89220723085861,US
ACP,Abrdn Income Credit Strategies Fund,Financial Services,Asset Management,5.159999847412109,-1.1494242373779509,-0.0029202784893618,44.1330561078904,US
ACSG,American Century Small Cap Growth Insights ETF,ETF,ETF,48.56819915771485,-1.8407828213031865,-0.0214609033133121,50.0036715686898,US
ACT,"Enact Holdings, Inc.",Financial Services,Insurance - Specialty,46.52000045776367,3.955308285505412,0.0332018454601112,65.76692329956703,US
ACTG,Acacia Research Corporation,Industrials,Business Equipment & Supplies,4.539999961853027,2.7149294906731947,0.0104998327547251,48.00920398143917,US
ACVA,ACV Auctions Inc.,Consumer Cyclical,Auto & Truck Dealerships,7.449999809265137,11.694148786345783,0.0001263889006871,62.38596803352851,US
ACVF,American Conservative Values ETF,ETF,ETF,53.380001068115234,-1.9290818136569103,-0.0360108415097473,46.068068705172365,US
ACVT,Advent Convertible Bond ETF,ETF,ETF,28.15699958801269,-0.1524864317850307,-0.0029128410224736,58.84091612836688,US
ACVU,Hartford Funds Exchange-Traded Trust - Hartford Alpha Capture Value ETF,ETF,ETF,31.413000106811523,0.4219812950446557,0.0020418887964827,59.42205561436974,US
ACWV,iShares MSCI Global Min Vol Factor ETF,ETF,ETF,121.72000122070312,-0.5555557979564317,-0.0299749814066825,54.3620497998185,US
ACWX,iShares MSCI ACWI ex U.S. ETF,ETF,ETF,74.01000213623047,-2.284124341607107,-0.0488560506664897,44.36114505194113,US
ACYN,FT Vest Laddered Autocallable Barrier & Income ETF,EQUITY,EQUITY,20.6200008392334,-0.0968922044884793,-0.0041403330465925,56.184660984677166,US
ADBE,Adobe Inc.,Technology,Software - Application,237.25,6.085673693210323,0.1968953473889181,61.13506744395063,US
ADBG,Leverage Shares 2X Long ADBE Daily ETF,ETF,ETF,3.940000057220459,11.614733403787262,0.0067243065103864,58.88319079748943,US
ADBU,Direxion Daily Adbe Bull 2X ETF,EQUITY,EQUITY,22.229999542236328,12.102872555542271,0.0414286642154757,59.29861856479697,US
ADDS,Hedgeye Index Adds ETF,EQUITY,EQUITY,24.75760078430176,-3.328386590140356,-0.0212639377986341,40.75871574722937,US
ADI,ADI,Technology,Semiconductors,375.3599853515625,-5.128272174378053,-0.4516471461014522,41.55571284777994,US
ADIV,Guinness Atkinson Asia Pacific Dividend Builder ETF,ETF,ETF,18.998899459838867,-0.5553524466875828,-0.0025636765287909,53.294134269129344,US
ADM,ADM,Consumer Defensive,Farm Products,85.9000015258789,6.827506048674035,0.1609969879086255,73.08577717206398,US
ADMA,"ADMA Biologics, Inc.",Healthcare,Biotechnology,8.710000038146973,-4.074888641717791,-0.0153195028912938,48.3028430019286,US
ADNT,Adient plc,Consumer Cyclical,Auto Parts,19.790000915527344,-0.8516942722585493,-0.0076473954935671,47.878143135248266,US
ADP,"Automatic Data Processing, Inc.",Technology,Software - Application,255.26499938964844,5.516286922002875,-0.0390644176871619,69.00511217228313,US
ADPV,Adaptiv Select ETF,ETF,ETF,45.27000045776367,-1.9493128587277997,0.0232445729312283,42.89899741279992,US
ADSK,"Autodesk, Inc.",Technology,Software - Application,218.3500061035156,4.749344830996373,0.1708399196161236,57.66314526504081,US
ADT,ADT,Industrials,Security & Protection Services,7.0,4.321907007516403,0.0044642007395453,59.82238803628887,US
ADUS,Addus HomeCare Corporation,Healthcare,Medical Care Facilities,114.5199966430664,5.8312518362262775,0.0352196515607681,82.76552351318601,US
ADV,Advantage Solutions Inc.,Communication Services,Advertising Agencies,38.220001220703125,-4.186508384301158,-0.0351284792957132,46.72597325036669,US
AEE,AEE,Utilities,Utilities - Regulated Electric,111.5500030517578,-1.2307414198698774,-0.0718452020724527,49.0371874319127,US
AEMS,Anfield Enhanced Market ETF,ETF,ETF,2.3499999046325684,-8.914729685073075,-0.0017127323926816,50.04394333148176,US
AEP,"American Electric Power Company, Inc.",Utilities,Utilities - Regulated Electric,132.13999938964844,-2.429294442929669,-0.1042831946264304,46.50575413457025,US
AER,AER,Industrials,Rental & Leasing Services,146.97000122070312,-1.9350063327998304,-0.0889217327364786,51.51719768202042,US
AESI,Atlas Energy Solutions Inc.,Energy,Oil & Gas Equipment & Services,14.06999969482422,-2.2237709580529774,0.0196499506636105,37.92446098734584,US
AESR,Anfield U.S. Equity Sector Rotation ETF,ETF,ETF,19.642000198364254,-3.1936948640903706,-0.0156498453138987,43.4593796920602,US
AETH,Bitwise Trendwise Ethereum & Treasuries Rotation Strategy ETF,ETF,ETF,30.569000244140625,7.060556800453173,0.030339984061529,49.959814661503096,US
AEVA,"Aeva Technologies, Inc.",Technology,Software - Infrastructure,16.709999084472656,-20.390665713749584,-0.0266896546168491,36.79323323776184,US
AEXA,American Exceptionalism Acquisi,Financial Services,Shell Companies,11.619999885559082,-1.5254262903920466,-0.0181531882864223,49.40182436782522,US
AFGR,First Trust Active Factor Large Cap Growth ETF,EQUITY,EQUITY,36.2239990234375,-2.073482961531588,-0.0486676520510908,47.86490228646121,US
AFIF,Anfield Universal Fixed Income ETF,ETF,ETF,9.40999984741211,0.2129872562100293,-0.0001108455802573,54.865723713632505,US
AFIX,Allspring Broad Market Core Bond ETF,ETF,ETF,24.684999465942383,0.1826301842882771,0.0047120914533056,49.29516378925168,US
AFL,AFL,Financial Services,Insurance - Life,124.72000122070312,2.3049770110597745,0.0995562378652006,66.04914730991159,US
AFLG,First Trust Active Factor Large Cap ETF,ETF,ETF,43.5099983215332,-0.6847821099149995,-0.0228907456360998,53.01928461270536,US
AFMC,First Trust Active Factor Mid Cap ETF,ETF,ETF,40.38999938964844,0.1984569923890593,0.006684182992154,53.19328423008975,US
AFRM,"Affirm Holdings, Inc.",Financial Services,Credit Services,76.06999969482422,-8.810835094044958,-0.4247444178069197,46.85483229235872,US
AFRU,T-REX 2X Long AFRM Daily Target ETF,ETF,ETF,11.290200233459473,-17.044816177343908,-0.1279810005382061,45.117974035206345,US
AFYA,Afya Limited,Consumer Defensive,Education & Training Services,13.899999618530272,-3.33797282399609,-0.0091539661962684,39.024839943266585,US
AGCC,Agencia Comercial Spirits Ltd,Consumer Defensive,Beverages - Wineries & Distilleries,15.5,-3.666874748245393,0.0176655404736852,50.87792619758336,US
AGGA,EA Astoria Beacon Dynamic Core US Fixed Income ETF,ETF,ETF,25.020000457763672,0.1400834362902058,0.0021678730038679,52.73034230003939,US
AGGH,Simplify Aggregate Bond ETF,ETF,ETF,20.09000015258789,0.1495547729023752,0.002946980780422,49.2672633774956,US
AGGY,WisdomTree Yield Enhanced U.S. Aggregate Bond Fund,ETF,ETF,43.20500183105469,0.1158685046280221,0.0094349241844645,46.688229193513,US
AGIX,KraneShares Artificial Intelligence and Technology Public and Private ETF,ETF,ETF,42.560001373291016,-6.338022316147579,-0.0634532977632164,39.38284599939571,US
AGL,"agilon health, inc.",Healthcare,Medical Care Facilities,129.83999633789062,13.051805017783431,0.5134988503589417,69.00065023292869,US
AGM,Federal Agricultural Mortgage Corporation,Financial Services,Credit Services,205.5,1.4664500264672524,0.1271392700144957,66.2319973460822,US
AGMB,AgomAb Therapeutics NV,Healthcare,Biotechnology,12.039999961853027,-7.951070091125477,-0.0241150060384812,48.49834010565377,US
AGNG,Global X Aging Population ETF,ETF,ETF,36.709598541259766,0.5356811157963403,-0.0005122061188155,59.47402426318174,US
AGQ,ProShares Ultra Silver,ETF,ETF,60.43999862670898,-12.15116868346597,-0.0719962798304436,33.888184446214126,US
AGQI,First Trust Active Global Quality Income ETF,ETF,ETF,17.963499069213867,-1.1908758653886102,-0.0126705912042554,46.51118894029715,US
AGRH,iShares Interest Rate Hedged U.S. Aggregate Bond ETF,ETF,ETF,26.239999771118164,0.0571950025939213,-0.0014448314246215,54.96293430596845,US
AGRO,Adecoagro S.A.,Consumer Defensive,Farm Products,10.06999969482422,-2.32784398665818,-0.0180159745376529,45.45117328056214,US
AGZ,iShares Agency Bond ETF,ETF,ETF,108.73999786376952,0.110472393807112,0.0028841247753797,49.69862778566418,US
AHCO,AdaptHealth Corp.,Healthcare,Medical Devices,10.960000038146973,7.240702072244654,0.0178711203783731,62.91188361238743,US
AHG,Akso Health Group,Healthcare,Medical Distribution,1.5099999904632568,-0.657894117680275,-0.0043405120961394,50.52010054401149,US
AHYB,American Century Select High Yield ETF,ETF,ETF,46.1083984375,0.105073953030858,-0.0001583945969206,55.46797874556099,US
AI,AI,Technology,Software - Infrastructure,8.819999694824219,-1.452515276104704,-0.0041264175203024,39.897738733071215,US
AIA,AIA,ETF,ETF,130.0800018310547,-6.295926402562052,-0.2111685134823326,40.892778696206754,US
AIBD,Direxion Daily AI And Big Data Bear 2X Shares,ETF,ETF,57.95700073242188,11.67051835927744,0.2019122249441871,57.97978935248436,US
AIBU,Direxion Daily AI And Big Data Bull 2X Shares,ETF,ETF,56.34999847412109,-11.282197394431272,-0.2225089966870161,38.93407059986349,US
AIG,AIG,Financial Services,Insurance - Diversified,80.5,1.6799316178036556,0.1024123859339165,60.46243821376163,US
AIMS,Acuitas Small Cap Active ETF,ETF,ETF,28.23660087585449,-0.8894310189519758,-0.0064219094840353,49.29475750946378,US
AIN,Albany International Corp.,Consumer Cyclical,Textile Manufacturing,74.54000091552734,2.71462206006269,0.0532435098652013,61.472511588977085,US
AINP,Allspring Income Plus ETF,ETF,ETF,24.920000076293945,0.0,0.001126829397532,47.74790700131016,US
AINT,FINQ DOLLAR NEUTRAL U.S. Large Cap AI-Managed Equity ETF,EQUITY,EQUITY,28.899999618530277,-2.3648674118858106,-0.0206445491526462,48.29452747291395,US
AIOT,"PowerFleet, Inc.",Technology,Software - Infrastructure,4.230000019073486,-0.2358432213320762,-0.0058981050300735,57.25433915663952,US
AIP,"Arteris, Inc.",Technology,Semiconductors,31.040000915527344,-10.727637311271502,0.0712139828749394,39.18401403271213,US
AIPO,Defiance AI & Power Infrastructure ETF,ETF,ETF,29.200000762939453,-6.5001562889920885,-0.0225182783547548,38.14017596696482,US
AIQ,Global X Artificial Intelligence & Technology ETF,ETF,ETF,58.70000076293945,-7.471623528336485,-0.0829480605437487,38.45485487366551,US
AIR,AIR,Industrials,Aerospace & Defense,135.33999633789062,-0.2432386198190607,0.1297861474942205,54.27426461586224,US
AIRR,First Trust RBA American Industrial RenaissanceTM ETF,ETF,ETF,121.12000274658205,-2.022326439455707,0.0163550190800191,39.510723254578245,US
AIS,VistaShares Artificial Intelligence Supercycle ETF,ETF,ETF,66.33999633789062,-13.292387288437874,-0.1365934883902857,39.39185458637998,US
AIUP,FINQ FIRST U.S. Large Cap AI-Managed Equity ETF,ETF,ETF,27.429399490356445,-2.3169531165146164,-0.0651976477985714,50.09657977408992,US
AIV,AIV,Real Estate,REIT - Residential,2.7300000190734863,-2.4999976583889154,-0.0007188100335033,30.200299869979148,US
AIVI,WisdomTree International Al Enhanced Value Fund,ETF,ETF,57.38140106201172,0.5456480968156402,-0.008289882661075,60.94430520476795,US
AIYY,YieldMax AI Option Income Strategy ETF,ETF,ETF,7.860000133514404,0.0616020901975279,0.0014963687387047,42.80961549707089,US
AJG,AJG,Financial Services,Insurance Brokers,253.8999938964844,0.3200432930238592,-0.4388317714197818,63.642254832690256,US
AJUL,Innovator Equity Defined Protection ETF - 2 Yr to July 2028,ETF,ETF,30.059999465942383,-0.1627413318068969,-0.0044714997588061,52.61551129948798,US
AKAF,The Frontier Economic Fund,ETF,ETF,31.677000045776367,0.1359273772533999,0.0081935992466956,49.39132981608966,US
AKRE,Akre Focus ETF,ETF,ETF,56.18000030517578,1.886109769748357,-0.0104421313035573,57.94654859844104,US
AKTS,"Aktis Oncology, Inc.",Healthcare,Biotechnology,24.88999938964844,-10.724533217797807,-0.0231455356834842,47.15894399960134,US
ALAB,"Astera Labs, Inc.",Technology,Semiconductors,303.6199951171875,-26.47892238668344,-1.873664313532437,38.79587134652317,US
ALF,Centurion Acquisition Corp.,Financial Services,Shell Companies,10.880000114440918,-0.0918294634211615,-0.0025224176245699,52.360111560652655,US
ALG,ALG,Industrials,Farm & Heavy Construction Machinery,162.42999267578125,0.7989097632511356,-0.0879556670601739,51.00957406286168,US
ALH,Alliance Laundry Holdings Inc.,Consumer Cyclical,"Furnishings, Fixtures & Appliances",25.5,-2.8941364137764025,-0.0048635809747565,46.99304501379744,US
ALHC,"Alignment Healthcare, Inc.",Healthcare,Healthcare Plans,20.600000381469727,3.883007870530367,0.0322179442401658,48.80062131559103,US
ALIL,Argent Focused Small Cap ETF,ETF,ETF,31.242799758911133,-0.9203094486006668,0.0081231178639385,46.00800143336892,US
ALK,"Alaska Air Group, Inc.",Industrials,Airlines,45.5099983215332,-7.911776593041411,-0.086669535640331,42.65606890232707,US
ALKT,"Alkami Technology, Inc.",Technology,Software - Application,17.90999984741211,3.2276625569442494,-0.0095981850130897,56.19737947848163,US
ALL,The Allstate Corporation,Financial Services,Insurance - Property & Casualty,249.8999938964844,-0.6796258931358373,0.1048126596339491,60.647440094235655,US
ALMR,"Alamar Biosciences, Inc.",Healthcare,Medical Devices,25.950000762939453,-8.691060192553621,-0.0408801513058258,54.699069496048864,US
ALNT,Allient Inc.,Technology,Electronic Components,87.66999816894531,-3.1163661856525398,0.1310966756358758,48.23833428488008,US
ALNY,"Alnylam Pharmaceuticals, Inc.",Healthcare,Biotechnology,267.4700012207031,-10.473292114787602,-1.0552413582288027,34.003234527763084,US
ALRG,Allspring LT Large Core ETF,ETF,ETF,30.45400047302246,0.7543195994681434,-0.0061992684703835,61.57254399614595,US
ALT,"Altimmune, Inc.",Healthcare,Biotechnology,2.869999885559082,-5.901641625289318,-0.0057371608408633,45.71536220171856,US
ALTI,"AlTi Global, Inc.",Financial Services,Asset Management,3.4600000381469727,-3.351952182022866,-0.0104194680574572,50.3198817098035,US
ALTO,"Alto Ingredients, Inc.",Basic Materials,Specialty Chemicals,5.840000152587891,3.730018363735442,0.0282000282269732,56.443491899610166,US
ALVO,Alvotech,Healthcare,Drug Manufacturers - Specialty & Generic,3.4600000381469727,5.487806961197449,0.0130824885283917,47.26666905930614,US
ALX,"Alexander's, Inc.",Real Estate,REIT - Retail,281.6300048828125,2.649810438622913,0.0494768810574113,65.68311873006486,US
AMAL,Amalgamated Financial Corp.,Financial Services,Banks - Regional,47.66999816894531,2.1645913519847992,0.0089354523703337,62.7361897220845,US
AMAT,"Applied Materials, Inc.",Technology,Semiconductor Equipment & Materials,529.6599731445312,-12.08963101335581,-2.0858594222620823,43.946715704423625,US
AMAU,Leverage Shares 2X Long AMAT Daily ETF,ETF,ETF,18.38999938964844,-23.72460006594632,-0.1415075206754064,42.327545817069925,US
AMAX,Adaptive Hedged Multi-Asset Income ETF,ETF,ETF,7.489999771118164,-0.2663176718258202,-0.0005570348954374,44.90741216865772,US
AMBQ,"Ambiq Micro, Inc.",Technology,Semiconductors,72.43000030517578,-15.068009683462428,-0.4020967027814017,42.569812943437576,US
AMBZ,American Business Bank,Financial Services,Banks - Regional,73.44999694824219,0.8236080805605432,0.0420429052800212,69.90696806349969,US
AMC,AMC,Communication Services,Entertainment,1.940000057220459,2.645506449947961,-0.0010544030377626,48.98123408891499,US
AMCR,AMCR,N/A,N/A,43.93999862670898,1.7600702088047593,-6.533548990139693e-05,58.58707970819672,US
AMCX,AMC Global Media Inc.,Communication Services,Entertainment,10.489999771118164,5.745964621374957,-0.0014775414686426,58.106197779949305,US
AMD,AMD,Technology,Semiconductors,495.760009765625,-11.136604572850192,-1.6198440603915536,46.07181224516254,US
AMDD,Direxion Daily AMD Bear 1X Shares,ETF,ETF,30.34000015258789,12.370370935510708,0.0830071331257757,49.9416813057809,US
AME,"AMETEK, Inc.",Industrials,Specialty Industrial Machinery,237.0,1.290710457135669,0.1696668099497933,55.12318318086614,US
AMGN,Amgen Inc.,Healthcare,Drug Manufacturers - General,366.2900085449219,0.798038960781567,0.0576680800862199,57.65640654662249,US
AMKR,AMKR,N/A,N/A,62.93999862670898,-10.685401537614744,0.0216789306680849,39.46025570411204,US
AMLP,Alerian MLP ETF,ETF,ETF,54.02999877929688,2.523715364521825,-0.0047797883597714,61.88549397542838,US
AMLX,"Amylyx Pharmaceuticals, Inc.",Healthcare,Drug Manufacturers - Specialty & Generic,17.75,-0.1125518134409148,0.0002484884476982,56.44970441148629,US
AMN,"AMN Healthcare Services, Inc.",Healthcare,Medical Care Facilities,35.0,8.124810487789844,0.111365473714363,61.61820191095032,US
AMOM,QRAFT AI-Enhanced U.S. Large Cap Momentum ETF,ETF,ETF,57.18560028076172,-4.722426116935025,-0.0322607844088368,42.865339312131184,US
AMP,AMP,Financial Services,Asset Management,527.8699951171875,4.165677035432572,-0.6408907016451391,70.20489619930382,US
AMPU,Defiance Daily Target 2X Long AMPX ETF,ETF,ETF,2.7799999713897705,-25.06738698638148,0.0017027391553039,30.056572013609625,US
AMPX,"Amprius Technologies, Inc.",Industrials,Electrical Equipment & Parts,10.15999984741211,-11.882046116978042,0.00223706356541,31.77461743376857,US
AMR,"Alpha Metallurgical Resources, Inc.",Basic Materials,Coking Coal,143.8000030517578,-1.970140665041448,-0.0046593219836594,31.68834127121252,US
AMRC,"Ameresco, Inc.",Industrials,Engineering & Construction,23.11000061035156,-7.337609801599802,-0.0319485420681475,35.63324233267774,US
AMRX,"Amneal Pharmaceuticals, Inc.",Healthcare,Drug Manufacturers - Specialty & Generic,17.850000381469727,4.938272435538401,0.0247109985689502,69.29340193801818,US
AMRZ,Amrize Ltd,Basic Materials,Building Materials,49.7400016784668,-1.9901444759274936,0.004262539976636,42.38953447601621,US
AMSC,American Superconductor Corporation,Industrials,Specialty Industrial Machinery,33.025001525878906,-8.16183991467638,-0.0140149609771342,34.26171270795304,US
AMSF,"AMERISAFE, Inc.",Financial Services,Insurance - Specialty,33.900001525878906,-1.6250655063019994,-0.0074908104326579,54.40079906804371,US
AMT,American Tower Corporation,Real Estate,REIT - Specialty,170.05999755859375,0.8719385803632894,0.1801693112499673,46.57342834287864,US
AMTD,AMTD IDEA Group,Financial Services,Asset Management,0.9559999704360962,-0.4166675203790458,0.0002338743526311,46.903141445239406,US
AMTM,"Amentum Holdings, Inc.",Industrials,Specialty Business Services,20.68000030517578,-1.5706802480297617,-0.00325202228935,43.18524235589445,US
AMUN,AMUN,N/A,N/A,26.045000076293945,0.0191980053411619,0.0003554208601873,65.73005977431072,US
AMZN,"Amazon.com, Inc.",Consumer Cyclical,Internet Retail,247.22999572753903,0.7703592638215686,-0.3707265748355834,51.32365303113972,US
AMZP,Kurv Yield Premium Strategy Amazon ETF,ETF,ETF,26.43000030517578,0.6750207170549422,-0.0441291362428071,50.67485908049019,US
AMZW,Roundhill AMZN WeeklyPay ETF,ETF,ETF,36.94609832763672,0.9511414802626574,-0.0645307184098305,51.05601757466877,US
AMZY,YieldMax AMZN Option Income Strategy ETF,ETF,ETF,10.81999969482422,1.0287475680234386,-0.008708468789192,52.81674048872399,US
AN,"AutoNation, Inc.",Consumer Cyclical,Auto & Truck Dealerships,205.72000122070312,5.066393265746302,0.0635755007831724,62.96266659307163,US
ANAB,"AnaptysBio, Inc.",Healthcare,Biotechnology,58.0,-12.637444595242172,-0.0605650234233219,45.783292040765055,US
ANDG,Andersen Group Inc.,Consumer Cyclical,Personal Services,44.45000076293945,3.5406486069379683,0.0413130178449381,65.49416044272897,US
ANEL,Defiance Daily Target 2X Long ANET ETF,ETF,ETF,20.36969947814941,-19.26397206607364,-0.1348916677596774,47.66266519802532,US
ANET,"Arista Networks, Inc.",Technology,Computer Hardware,168.61000061035156,-9.814936587801572,-0.5701755974662746,49.49192267606207,US
ANEW,ProShares MSCI Transformational Changes ETF,ETF,ETF,51.70500183105469,-1.0354794017950528,-0.0179165996409434,55.93479683644895,US
ANF,Abercrombie & Fitch Co.,Consumer Cyclical,Apparel Retail,95.23999786376952,2.3315764221131614,-0.0799520519485628,60.53612539022352,US
ANGL,VanEck Fallen Angel High Yield Bond ETF,ETF,ETF,29.049999237060547,0.0688892522976717,0.0002483636651258,53.41974995308789,US
ANGO,"AngioDynamics, Inc.",Healthcare,Medical Instruments & Supplies,13.510000228881836,5.629400071745538,-0.0249651634201441,58.00418196967372,US
ANGX,"Angel Studios, Inc.",Communication Services,Entertainment,4.110000133514404,2.7500033378601074,-0.0125557574518994,71.13793216354752,US
ANIP,"ANI Pharmaceuticals, Inc.",Healthcare,Drug Manufacturers - Specialty & Generic,79.19999694824219,-3.497018103148634,-0.1237036013498911,40.94210330984357,US
ANL,Adlai Nortye Ltd.,Healthcare,Biotechnology,11.529999732971191,16.81864099958983,0.0696415393980189,55.41907684842754,US
ANSC,Agriculture & Natural Solutions Acquisition Corporation,Financial Services,Shell Companies,11.4399995803833,0.0,7.604229053111144e-06,61.60909057295096,US
ANV,ANV,ETF,ETF,24.934999465942383,-0.5781517472279372,-0.0092443748349577,54.37836129028516,US
AOA,AOA,ETF,ETF,96.48999786376952,-1.0866275292947625,-0.0414955775475514,48.78876845421277,US
AOK,iShares Core 30/70 Conservative Allocation ETF,ETF,ETF,41.040000915527344,-0.3641605151314014,-0.0048039370087088,47.82530511563556,US
AON,Aon plc,Financial Services,Insurance Brokers,367.2099914550781,2.877231171464945,-0.1512019496823153,65.37026969797955,US
AOR,AOR,ETF,ETF,68.41000366210938,-0.9985453361046474,-0.0278841645053673,47.06662240860248,US
AOSL,Alpha and Omega Semiconductor Limited,Technology,Semiconductors,31.270000457763672,-16.746540696348788,0.0052002582125907,37.049536439971234,US
APCB,ActivePassive Core Bond ETF,ETF,ETF,29.190000534057617,0.0685651618490257,0.0048875519208213,48.15510283938968,US
APD,APD,Basic Materials,Specialty Chemicals,295.6199951171875,-1.305379654139547,-0.3349127298536158,52.79964062617815,US
APDB,Aptus April Deep Buffer ETF,ETF,ETF,25.679000854492188,-0.5845879584199474,-0.010078602596165,50.21771435316106,US
APH,APH,Technology,Electronic Components,151.1999969482422,-4.941531957119598,-0.1700039118853946,43.71395047050734,US
APHU,T-Rex 2x Long Aph Daily Target ETF,ETF,ETF,22.479999542236328,-9.971965717221542,-0.0579214598904693,42.63945753565788,US
APIE,ActivePassive International Equity ETF,ETF,ETF,38.232200622558594,-1.6155429179940228,-0.0259134898640071,47.47655322083739,US
APLE,"Apple Hospitality REIT, Inc.",Real Estate,REIT - Hotel & Motel,16.84000015258789,1.6908254569775965,0.0122239237319085,63.90263923674919,US
APLX,Tradr 2X Long APLD Daily ETF,ETF,ETF,9.34000015258789,-33.33333333333333,0.0722128911694524,27.287803353915336,US
APLZ,Tradr 2X Short Apld Daily ETF,ETF,ETF,36.18999862670898,39.0853112606724,0.0832187721447308,72.74133206108584,US
APMU,ActivePassive Intermediate Municipal Bond ETF,ETF,ETF,24.84000015258789,-0.1607677231829878,-6.600807688699958e-05,41.97489976153028,US
APO,"Apollo Global Management, Inc.",Financial Services,Asset Management,120.47000122070312,0.1080313169093609,0.0025761001349731,44.624878425568895,US
APOC,Innovator Equity Defined Protection ETF - 6 Mo Apr/Oct,ETF,ETF,26.34959983825684,0.0174626115856898,-0.0007643515398541,63.928908002205205,US
APP,AppLovin Corporation,Communication Services,Advertising Agencies,424.5400085449219,-16.260996618193975,-1.092123493310364,36.15443120550345,US
APPF,"AppFolio, Inc.",Technology,Software - Application,179.72999572753906,2.3635914416253123,-0.2188537316886742,61.4871307069751,US
APPN,Appian Corporation,Technology,Software - Infrastructure,26.11000061035156,2.957413178033842,-0.0225867528097081,63.63679255930024,US
APPS,"Digital Turbine, Inc.",Technology,Software - Application,8.335000038146973,-21.07007853272877,-0.0478664650267232,39.70811621955539,US
APPX,Tradr 2X Long APP Daily ETF,ETF,ETF,26.26849937438965,-31.50325835836511,-0.1210741810659388,35.50401662331524,US
APRB,Aptus April Buffer ETF,ETF,ETF,26.909799575805664,-0.2971478176829099,-0.0083546092601809,53.72205178600733,US
APRH,Innovator Premium Income 20 Barrier ETF - April,ETF,ETF,24.98500061035156,-0.17978455876733,-0.0036892123994438,55.993687263737264,US
APRJ,Innovator Premium Income 30 Barrier ETF - April,ETF,ETF,24.77359962463379,-0.0459964609582624,-0.0011443263534828,58.48428199733777,US
APRP,PGIM S&P 500 Buffer 12 ETF - Apr,ETF,ETF,32.529998779296875,-0.519883729896575,-0.0160873763120298,51.48774604136881,US
APRW,AllianzIM U.S. Equity Buffer20 Apr ETF,ETF,ETF,37.18999862670898,-0.187868217867752,-0.0064561437713234,57.05383192474768,US
APRZ,TrueShares Structured Outcome (April) ETF,ETF,ETF,39.99599838256836,-0.0399946381443403,-0.011882372961152,53.5721626694293,US
APUE,APUE,N/A,N/A,45.959999084472656,-1.309857449750763,-0.0368195452159022,49.73302940176082,US
APXM,FT Vest U.S. Equity Max Buffer ,ETF,ETF,31.799999237060547,0.1101836867137328,-0.0021993757427246,61.54651969096459,US
APXT,Apex Treasury Corporation,Financial Services,Shell Companies,10.079999923706056,0.0993071418559809,0.000253067495339,63.10255189397596,US
AQEC,AQE Core ETF,ETF,ETF,25.10120010375977,1.6448690583328158,-0.0011104964140233,61.47333289277859,US
AQLT,iShares MSCI Global Quality Factor ETF,ETF,ETF,31.020000457763672,-1.8664983903691508,-0.0292891861527728,46.6876881314958,US
AQST,AQST,N/A,N/A,4.119999885559082,0.0,0.0137049837150118,46.75189879308229,US
AQWA,Global X Clean Water ETF,ETF,ETF,19.2450008392334,-0.1711745974958109,-0.0033481175917576,52.69708625220033,US
ARCO,Arcos Dorados Holdings Inc.,Consumer Cyclical,Restaurants,8.229999542236328,-2.718681972500587,-0.0024559777720849,47.339627986593946,US
ARCX,Tradr 2X Long ACHR Daily ETF,ETF,ETF,9.19499969482422,-12.802279485086416,-0.0326860523620149,35.4824096142046,US
ARDT,"Ardent Health, Inc.",Healthcare,Medical Care Facilities,10.149999618530272,0.6944414221630507,0.0020954973615332,55.47806904877357,US
ARDX,"Ardelyx, Inc.",Healthcare,Biotechnology,5.199999809265137,-1.515159040990203,0.006104323005716,40.66679053201997,US
ARES,Ares Management Corporation,Financial Services,Asset Management,125.68000030517578,3.1770813760343937,0.0903386274558293,56.9637031701758,US
ARGT,Global X MSCI Argentina ETF,ETF,ETF,92.02999877929688,-3.197644814647924,-0.1407293600433688,45.92625449158406,US
ARHS,"Arhaus, Inc.",Consumer Cyclical,Specialty Retail,7.690000057220459,-2.162850806695012,-0.0122247789388207,50.36319499868953,US
ARI,"Apollo Commercial Real Estate Finance, Inc.",Real Estate,REIT - Mortgage,6.980000019073486,3.882400530833401,0.0095294763123653,56.09712767529774,US
ARKF,ARK Blockchain & Fintech Innovation ETF,ETF,ETF,40.65999984741211,-2.3300533168759805,-0.1042641981014291,49.27855964319245,US
ARKK,ARK Innovation ETF,ETF,ETF,75.19999694824219,-6.287003085129475,-0.2076471395998382,40.62662901123609,US
ARKQ,ARKQ,N/A,N/A,116.13999938964844,-6.331154616799055,-0.1717878839795932,33.993500281850885,US
ARKX,ARK Space & Defense Innovation ETF,ETF,ETF,30.299999237060547,-5.460218538715012,-0.0363626777504588,33.14922498853024,US
ARLI,AllianzIM International Equity Buffer15 Uncapped Apr ETF,ETF,ETF,26.15999984741211,-0.1526752456584888,-0.0056796671752367,50.58053626592365,US
ARLO,"Arlo Technologies, Inc.",Industrials,Building Products & Equipment,13.3100004196167,2.384618612436148,0.0148837727157898,53.59561785484063,US
ARLU,AllianzIM U.S. Equity Buffer15 Uncapped Apr ETF,ETF,ETF,31.785499572753903,-1.3209741447100398,-0.0233513128104421,48.257361280346686,US
ARM,Arm Holdings plc,Technology,Semiconductors,267.19000244140625,-17.37840058794864,0.5891818170177228,38.214579528524816,US
ARMH,Arm Holdings PLC ADRhedged,ETF,ETF,11.280400276184082,-17.256049122176698,0.0274828805166572,37.93061276398523,US
ARMW,Roundhill ARM WeeklyPay ETF,ETF,ETF,49.400001525878906,-20.69352897767462,0.1578990998255354,38.192392585386266,US
ARMY,Tema International Defense Innovation ETF,ETF,ETF,23.64949989318848,-1.1556494818486596,0.0113868155175984,44.95714107662735,US
AROC,"Archrock, Inc.",Energy,Oil & Gas Equipment & Services,37.13999938964844,-3.607577040452227,-0.0209169955611641,46.95825474509958,US
AROW,Arrow Financial Corporation,Financial Services,Banks - Regional,41.560001373291016,2.364539249384058,-0.009990452633001,59.98610941211284,US
ARP,ARP,ETF,ETF,32.607200622558594,-0.6150675027864069,-0.0188529710814389,49.53974678523272,US
ARQQ,Arqit Quantum Inc.,Technology,Software - Infrastructure,17.420000076293945,-8.700208878667935,0.0776943675672734,43.56417946705116,US
ARR,ARR,Real Estate,REIT - Mortgage,16.610000610351562,-1.1947052561902909,-0.029585535386891,46.42627520662594,US
ARTY,iShares Future AI & Tech ETF,ETF,ETF,65.43000030517578,-9.751723716998924,-0.0940765192658834,37.849565256598,US
ARVN,"Arvinas, Inc.",Healthcare,Biotechnology,8.010000228881836,-3.143896184887803,-0.0180904772311271,43.68102113920644,US
ARVR,First Trust Indxx Metaverse ETF,ETF,ETF,53.84080123901367,-5.166444343105604,-0.0886819539458054,41.40621022905325,US
AS,AS,N/A,N/A,36.43999862670898,4.712642027594951,0.0710874574630306,60.03467307875429,US
ASAN,"Asana, Inc.",Technology,Software - Application,7.690000057220459,4.911325201384012,0.0022272760844578,57.904848155408665,US
ASB,Associated Banc-Corp,Financial Services,Banks - Regional,31.34000015258789,2.418299875467589,0.0045177924615611,62.24450654879367,US
ASC,Ardmore Shipping Corporation,Industrials,Marine Shipping,15.399999618530272,-6.040267284838498,-0.0369463656635027,45.04180481772202,US
ASCI,ASCI,N/A,N/A,35.54999923706055,-1.795584287789186,-0.0157080678221606,40.05723286017087,US
ASEA,ASEA,N/A,N/A,20.899999618530277,1.210653775391175,-0.0191340718248835,69.12923291683761,US
ASEC,American Century Securitized Credit ETF,EQUITY,EQUITY,50.02000045776367,0.1601959015911963,0.003131356095334,60.4161444418901,US
ASIA,Matthews Pacific Tiger Active ETF,ETF,ETF,39.864200592041016,-6.577771198093465,-0.047926742246489,37.62978550574098,US
ASIX,AdvanSix Inc.,Basic Materials,Chemicals,20.790000915527344,2.514793942870396,-0.007183352108827,50.23335161806057,US
ASLV,Allspring Special Large Value ETF,ETF,ETF,30.251399993896484,-0.0185080331545946,-0.0106932223371638,56.16069594904273,US
ASMB,"Assembly Biosciences, Inc.",Healthcare,Biotechnology,26.809999465942383,-2.1532852584015405,-0.0058623411181041,51.070770791281646,US
ASMF,Virtus AlphaSimplex Managed Fut,ETF,ETF,25.61989974975586,-0.2495727513815913,-0.009747070486371,45.503588223501424,US
ASMH,ASML Holding NV ADRhedged,ETF,ETF,11.979999542236328,-2.743954391481376,-0.0069655587026216,48.39122424467941,US
ASPN,"Aspen Aerogels, Inc.",Industrials,Building Products & Equipment,5.130000114440918,-0.5813901910527604,0.0098280778737595,42.399282864307565,US
ASTE,"Astec Industries, Inc.",Industrials,Farm & Heavy Construction Machinery,55.09000015258789,-2.702223257081832,-0.0441986892961488,46.81214595551614,US
ASTH,"Astrana Health, Inc.",Healthcare,Medical Care Facilities,44.93999862670898,-4.138230369464976,-0.1616503697570683,53.24170322600887,US
ASTL,Algoma Steel Group Inc.,Basic Materials,Steel,3.829999923706055,5.801106209552813,0.0164754984075629,40.55679368343984,US
ASTS,"AST SpaceMobile, Inc.",Technology,Communication Equipment,57.79999923706055,-21.16748570971319,-0.141520922915026,34.73372886691752,US
ASTY,ASTY,N/A,N/A,5.900000095367432,-41.46825257913084,-0.0369046488190965,32.472171406097715,US
ATAI,AtaiBeckley Inc.,Healthcare,Biotechnology,7.21999979019165,39.6518314051404,0.0590774182477233,75.27486768715704,US
ATAT,Atour Lifestyle Holdings Limited,Consumer Cyclical,Lodging,32.22999954223633,0.0620939408014867,0.0096760283998333,47.32772443474492,US
ATEC,"Alphatec Holdings, Inc.",Healthcare,Medical Devices,8.53499984741211,-10.908142845680562,-0.0541709829207986,44.703616284941646,US
ATEX,Anterix Inc.,Communication Services,Telecom Services,100.3499984741211,-0.6042002930697121,-0.2022925548936971,58.50233882346417,US
ATFV,Alger 35 ETF,ETF,ETF,37.38999938964844,-6.520330109880216,-0.052034081367496,39.69803031410235,US
ATHM,Autohome Inc.,Communication Services,Internet Content & Information,21.530000686645508,6.059120669026517,-0.0308664186002465,73.87397835961772,US
ATI,ATI Inc.,Industrials,Metal Fabrication,186.1699981689453,-0.4651385524039161,0.0490036410699246,48.39693750957475,US
ATLC,Atlanticus Holdings Corporation,Financial Services,Credit Services,100.68000030517578,1.4305844634139948,0.0864415694208422,55.7841850091021,US
ATMU,Atmus Filtration Technologies Inc.,Consumer Cyclical,Auto Parts,51.36000061035156,1.3617573837394363,-0.0430027771427723,51.19029297828528,US
ATNI,"ATN International, Inc.",Communication Services,Telecom Services,23.170000076293945,-3.0949384184051247,-0.0043341484026934,36.02705591421602,US
ATO,ATO,N/A,N/A,177.67999267578125,0.8399521868174626,-0.064138170696527,55.47468576817921,US
ATR,"AptarGroup, Inc.",Healthcare,Medical Instruments & Supplies,132.61000061035156,5.640087548716173,0.0614092248721549,67.84055660399808,US
ATRC,"AtriCure, Inc.",Healthcare,Medical Instruments & Supplies,34.95000076293945,1.9544982715904309,-0.0872145210902795,67.94301802988409,US
ATTR,Arin Tactical Tail Risk ETF,ETF,ETF,94.51750183105467,-0.0977685008985767,-0.0179035732535797,56.79829531030605,US
AU,AngloGold Ashanti plc,Basic Materials,Gold,76.76000213623047,-6.504258754126354,-0.0685188519420121,37.64065233241163,US
AUAU,Global X Gold Miners ETF,EQUITY,EQUITY,30.5984001159668,-5.793101763510611,-0.0378471133561482,36.51797406976825,US
AUB,Atlantic Union Bankshares Corporation,Financial Services,Banks - Regional,42.650001525878906,1.4027582817972828,-0.0055830072040075,61.1955722878899,US
AUGM,FT Vest U.S. Equity Max Buffer ETF - August,ETF,ETF,35.16999816894531,0.0996153382214878,-0.0016971966182926,69.67890445975887,US
AUGO,Aura Minerals Inc.,Basic Materials,Gold,50.220001220703125,-17.414898722957822,-0.1672509041442698,36.178264392428,US
AUGP,PGIM S&P 500 Buffer 12 ETF - Aug,ETF,ETF,33.13999938964844,-0.2107789724599755,-0.0110742547557856,55.94080025320768,US
AUGT,AllianzIM U.S. Equity Buffer10 Aug ETF,ETF,ETF,38.31499862670898,0.1568358565378704,-0.0038901202802841,66.39766865698618,US
AUMI,Themes Gold Miners ETF,ETF,ETF,74.05599975585938,-5.851837712386198,-0.0965054397010392,38.58792326983632,US
AUPH,Aurinia Pharmaceuticals Inc.,Healthcare,Biotechnology,15.960000038146973,1.1406863638893692,0.009247337405234,47.24568184832482,US
AUSF,Global X Adaptive U.S. Factor ETF,ETF,ETF,50.7400016784668,1.2976672467534902,0.0009639230257635,62.23246670343199,US
AUSM,Allspring Ultra Short Municipal ETF,ETF,ETF,25.09000015258789,0.0,-0.0011636676963607,60.47955955748792,US
AUTL,Autolus Therapeutics plc,Healthcare,Biotechnology,1.440000057220459,-10.55900345181231,-0.0024613257441728,40.46222110704118,US
AVAH,Aveanna Healthcare Holdings Inc.,Healthcare,Medical Care Facilities,9.6899995803833,-0.1030951451389105,-0.0206366082150873,69.04412946017817,US
AVAV,"AeroVironment, Inc.",Industrials,Aerospace & Defense,142.1999969482422,-1.6461508180042734,-0.0144634708969224,41.51088395695216,US
AVB,AVB,Real Estate,REIT - Residential,192.52999877929688,0.3596760084330582,-0.1287925935072986,56.0225572994522,US
AVBC,"Avidia Bancorp, Inc.",Financial Services,Banks - Regional,20.309999465942383,-0.7816309368790577,-0.0110822187262132,49.88129619408523,US
AVBP,AVBP,Healthcare,Biotechnology,33.189998626708984,-1.4841199773858305,0.0192895126125687,54.116955569283874,US
AVDE,Avantis International Equity ETF,ETF,ETF,89.33000183105469,-0.7885374025470687,-0.0485089543836844,48.68243482379728,US
AVDV,Avantis International Small Cap Value ETF,ETF,ETF,102.55999755859376,-1.5738958135124048,-0.0830889065136848,42.08154621129518,US
AVEM,Avantis Emerging Markets Equity ETF,ETF,ETF,89.26000213623047,-5.183765970955136,-0.0853366277737771,39.49770849326927,US
AVEX,AEVEX Corp.,Industrials,Aerospace & Defense,14.5,-11.907650021205638,-0.1064763735432889,36.37997415309579,US
AVGB,Avantis Credit ETF,ETF,ETF,51.02999877929688,0.0490103140048112,0.005505885600748,50.82085549989157,US
AVGE,Avantis All Equity Markets ETF,ETF,ETF,98.26000213623048,-0.9974789559390744,-0.049463600193956,48.87611161049554,US
AVGO,Broadcom Inc.,Technology,Semiconductors,370.8250122070313,-7.286793740710992,-1.0695122025195491,43.89426492881224,US
AVK,AVK,Financial Services,Asset Management,12.5600004196167,-2.9509935535557723,-0.0141520344687756,43.94980903626341,US
AVL,AVL,ETF,ETF,41.88999938964844,-14.632158854350084,-0.2530573313862696,42.57645239642876,US
AVLN,Avalyn Pharma Inc.,Healthcare,Biotechnology,28.299999237060547,0.8553092504847051,0.124046309502081,48.51544288805811,US
AVLV,Avantis US Large Cap Value ETF,ETF,ETF,91.6500015258789,-0.010912214521985,-0.0122913314053088,57.28094331818247,US
AVMA,Avantis Moderate Allocation ETF,ETF,ETF,72.4291000366211,-0.5791243774300362,-0.0163125346091367,49.63969304259482,US
AVMU,Avantis Core Municipal Fixed Income ETF,ETF,ETF,45.90999984741211,-0.7351354650548986,-0.0038083381854106,30.654006577617796,US
AVMV,Avantis U.S. Mid Cap Value ETF,ETF,ETF,80.88999938964844,0.3971697853249159,0.0047761345443352,57.513056695812764,US
AVNM,Avantis All International Markets Equity ETF,ETF,ETF,80.9749984741211,-1.9316958054961764,-0.0491561072184246,44.00901687119006,US
AVNS,AVNS,N/A,N/A,24.96999931335449,0.1604452775333767,0.0033796050197935,61.13202677865173,US
AVNV,Avantis All International Markets Value ETF,ETF,ETF,81.92050170898438,-1.5615230625537,-0.0464399068550197,44.74348368360539,US
AVRE,Avantis Real Estate ETF,ETF,ETF,48.93000030517578,2.1503105354608354,0.0339809237639752,64.1197009475672,US
AVRY,Avory Foundational ETF,ETF,ETF,25.227500915527344,1.539551671338756,-0.0232541487755635,63.62478475331858,US
AVSC,Avantis US Small Cap Equity ETF,ETF,ETF,72.88999938964844,0.5795476222861274,-0.0101317104073157,59.44192016950984,US
AVSD,Avantis Responsible International Equity ETF,ETF,ETF,79.6001968383789,-1.1263702574644523,-0.0503682827094957,49.04622759289718,US
AVSE,Avantis Responsible Emerging Markets Equity ETF,ETF,ETF,75.08000183105469,-5.829815347362917,-0.0816513707124557,39.1402884547515,US
AVSF,Avantis Short-Term Fixed Income ETF,ETF,ETF,46.43000030517578,0.1185990408103099,0.0012760411623107,53.62447681374552,US
AVSU,AVSU,N/A,N/A,87.18800354003906,-1.4178758776322498,-0.0624421025434671,49.6602594296365,US
AVT,"Avnet, Inc.",Technology,Electronics & Computer Distribution,85.6500015258789,-1.6986064205126603,0.0655956399744492,48.96936956135301,US
AVTM,Avantis Total Equity Markets ETF,ETF,ETF,53.76089859008789,-1.482684825473929,-0.0421491749135139,48.09912078280051,US
AVTR,"Avantor, Inc.",Healthcare,Medical Instruments & Supplies,11.06999969482422,6.544748113877338,-0.0150609922138318,64.73917613172435,US
AVUQ,Avantis U.S. Quality ETF,ETF,ETF,65.5436019897461,-1.7867388968450664,-0.0761027971251755,48.85249073028973,US
AVUS,Avantis US Equity ETF,ETF,ETF,127.12000274658205,-1.081621523359389,-0.081112122406273,50.25392731054912,US
AVUV,Avantis US Small Cap Value ETF,ETF,ETF,125.3499984741211,1.1294889555047791,0.0166373645253594,61.23295836899424,US
AVXX,Defiance Daily Target 2X Long AVAV ETF,ETF,ETF,4.820000171661377,-4.554455651218843,0.0033925650913109,39.43932403068291,US
AWAY,Amplify Travel Tech ETF,ETF,ETF,18.364599227905277,-1.0208128590285002,-0.0097122389282104,55.19711311204305,US
AWI,"Armstrong World Industries, Inc.",Industrials,Building Products & Equipment,155.97000122070312,0.3022515888766077,-0.0830206918032097,47.9308161266909,US
AWK,AWK,Utilities,Utilities - Regulated Water,135.11000061035156,3.3820476596340883,0.1701324331377489,60.32330878960391,US
AX,"Axos Financial, Inc.",Financial Services,Banks - Regional,99.52999877929688,2.1868554620628364,-0.0283770357905868,62.86045172277706,US
AXG,Solowin Holdings,Financial Services,Capital Markets,3.2300000190734863,-1.223240430774983,-0.0006073094285546,35.98367865608587,US
AXON,"Axon Enterprise, Inc.",Industrials,Aerospace & Defense,510.2799987792969,-9.812652918258305,-3.270868616389265,48.07793525581835,US
AXP,American Express Company,Financial Services,Credit Services,355.3500061035156,1.3606080534967298,-0.3701805421409601,61.06545521987295,US
AXS,AXS,Financial Services,Insurance - Specialty,114.77999877929688,1.5213172278831228,0.0254071226842667,65.88973710265776,US
AXTA,Axalta Coating Systems Ltd.,Basic Materials,Specialty Chemicals,32.34000015258789,-0.5229104205542611,0.0204582178788115,46.117335198573066,US
AXTI,"AXT, Inc.",Technology,Semiconductor Equipment & Materials,45.86000061035156,-19.839186603311084,-0.0106594487172095,34.498628935530135,US
AXTX,Tradr 2X Long AXTI Daily ETF,ETF,ETF,5.079999923706055,-40.723452688404656,0.0329912315424651,34.19427031786981,US
AZO,AZO,Consumer Cyclical,Auto Parts,3046.43994140625,-0.8526853809052027,1.2402931142572058,46.74091497500756,US
AZTA,AZTA,N/A,N/A,26.290000915527344,3.667193544136468,-0.0255510251753912,61.125681620334056,US
AZYY,Graniteshares YieldBOOST AMZN ETF,ETF,ETF,15.140000343322754,-0.6561642342339298,-0.0148414327239289,46.293737580734415,US
AZZ,AZZ Inc.,Industrials,Specialty Business Services,147.2100067138672,0.518955125614376,-0.0678107227141209,48.884891673692806,US
BA,The Boeing Company,Industrials,Aerospace & Defense,214.02999877929688,-3.7115350212825375,-0.1535123862738805,42.8143625368857,US
BAB,Invesco Taxable Municipal Bond ETF,ETF,ETF,26.729999542236328,0.2249698754058658,0.0080771626776015,50.8902831881296,US
BABA,Alibaba Group Holding Limited,Consumer Cyclical,Internet Retail,114.97000122070312,2.350217525696314,-0.2598646738437518,57.71407832885176,US
BABU,Direxion Daily BABA Bull 2X ETF,ETF,ETF,10.56999969482422,4.240624624678852,-0.0461466205627354,54.95758240998639,US
BABX,GraniteShares 2x Long BABA Daily ETF,ETF,ETF,19.479999542236328,4.226853855563809,-0.0861734003786696,55.02668911852504,US
BAC,BAC,Financial Services,Banks - Diversified,61.27000045776367,2.6814183641974125,-0.0212541182667325,70.31747089682226,US
BAH,BAH,Industrials,Consulting Services,65.20999908447266,3.903761676964304,0.0611815434141393,46.115211289401714,US
BAI,iShares A.I. Innovation and Tech Active ETF,ETF,ETF,42.58000183105469,-10.752457245566244,-0.0733918158208267,38.556060416107336,US
BALT,BALT,N/A,N/A,34.345001220703125,-0.1598846009771391,-0.0064908961305746,57.51672450754999,US
BAM,Brookfield Asset Management Ltd.,Financial Services,Asset Management,48.33000183105469,3.44606286019984,-0.0388764404255446,56.93184193683135,US
BAMB,Brookstone Intermediate Bond ETF,ETF,ETF,25.92569923400879,0.1572300744333863,0.003210570983169,49.73741402123396,US
BAMU,Brookstone Ultra-Short Bond ETF,ETF,ETF,25.26000022888184,0.0,-0.0003736234259389,86.29437782773013,US
BAND,Bandwidth Inc.,Technology,Software - Infrastructure,71.80999755859375,-4.8622226220432685,-0.2060898685840406,59.090032580174366,US
BAP,Credicorp Ltd.,Financial Services,Banks - Regional,390.5799865722656,-2.5523342852326474,-0.2310227801232756,57.32475590164091,US
BASG,Brown Advisory Sustainable Growth ETF,ETF,ETF,26.76469993591309,-1.6256874502955068,-0.0372957892989723,51.50102773157735,US
BAUG,Innovator U.S. Equity Buffer ETF - August,ETF,ETF,53.82979965209961,-0.2320492534633109,-0.0150022237969091,59.301298876548806,US
BBAG,JPMorgan BetaBuilders U.S. Aggregate Bond ETF,ETF,ETF,45.54499816894531,0.0988970746050824,0.0067732917611726,47.82075636873815,US
BBAI,"BigBear.ai Holdings, Inc.",Technology,Information Technology Services,2.8399999141693115,-13.149849213007242,-0.0050611856887055,25.964380492010577,US
BBAX,JPMorgan BetaBuilders Developed Asia Pacific ex-Japan ETF,ETF,ETF,62.13999938964844,1.1887307344898017,-0.0153293551776753,61.95037457920053,US
BBB,BBB,N/A,N/A,29.36669921875,-1.07225956853248,-0.0256913959244716,49.4509427630616,US
BBBI,Bondbloxx BBB Rated 5-10 Year Corporate Bond ETF,ETF,ETF,51.02299880981445,0.1727641781699863,0.0089825758639056,49.11116784056937,US
BBBL,Bondbloxx BBB Rated 10+ Year Corporate Bond ETF,ETF,ETF,46.89400100708008,-0.4901835393526194,0.017114153965356,38.44640698424162,US
BBBS,Bondbloxx BBB Rated 1-5 Year Corporate Bond ETF,ETF,ETF,50.84709930419922,0.1479160679435669,0.002856935215767,54.35284493557334,US
BBBY,"Bed Bath & Beyond, Inc.",EQUITY,EQUITY,5.03000020980835,-4.007625390888188,0.0022681179317603,40.31612847683565,US
BBCA,JPMorgan BetaBuilders Canada ETF,ETF,ETF,102.58999633789062,1.3134447695061713,-0.0036444681637279,65.45973656646655,US
BBCP,"Concrete Pumping Holdings, Inc.",Industrials,Engineering & Construction,10.529999732971191,-3.127876321687774,0.0073393288909899,49.10253314641105,US
BBCQ,Bleichroeder Acquisition Corp. II,Financial Services,Shell Companies,10.31999969482422,-0.2898616960364559,0.0018627415210554,46.70611720032295,US
BBEM,JPMorgan Betabuilders Emerging Markets Equity ETF,ETF,ETF,73.37190246582031,-5.171181905833041,-0.0812509866360577,40.25036860090968,US
BBEU,JPMorgan BetaBuilders Europe ETF,ETF,ETF,77.55999755859375,-0.0257853467244053,-0.0025750211756266,52.90643566144646,US
BBHL,BBH Select Large Cap ETF,ETF,ETF,17.15220069885254,-1.3106931698149444,-0.015691946195992,49.70035850999548,US
BBHM,BBH Select Mid Cap ETF,ETF,ETF,11.920000076293944,-0.083824213126779,-0.0026277756654824,54.882852011443504,US
BBHY,JPMorgan BetaBuilders USD High Yield Corporate Bond ETF,ETF,ETF,45.8849983215332,0.0872441918749821,-0.0011845909889876,55.44967369255495,US
BBIB,Jpmorgan Betabuilders U.S. Treasury Bond 3-10 Year ETF,ETF,ETF,97.29010009765624,0.1648335722903022,0.0116521243393775,51.05364076525957,US
BBIN,JPMorgan BetaBuilders International Equity ETF,ETF,ETF,77.7300033569336,-0.955657451477082,-0.0368375236800821,49.22786061467509,US
BBJP,JPMorgan BetaBuilders Japan ETF,ETF,ETF,73.08999633789062,-4.244733938740551,-0.1129056389995302,40.81471021895438,US
BBLB,Jpmorgan Betabuilders U.S. Treasury Bond 20+ Year ETF,ETF,ETF,79.58100128173828,-0.3381255714808484,0.0263644923467316,39.699556314446745,US
BBMC,BBMC,N/A,N/A,124.4540023803711,-0.5004792464978775,-0.0067189686068794,49.93976233883161,US
BBOT,"BridgeBio Oncology Therapeutics, Inc.",Healthcare,Biotechnology,8.5600004196167,2.884624201870852,-0.0091822586581166,54.6436176371945,US
BBP,BBP,ETF,ETF,97.71649932861328,-2.536906795754051,-0.0981081256489493,57.57488449354923,US
BBSB,Jpmorgan Betabuilders U.S. Treasury Bond 1-3 Year ETF,ETF,ETF,98.14340209960938,0.1310031227470459,-0.0003157332920694,58.04562511141537,US
BBSC,JPMorgan BetaBuilders U.S. Small Cap Equity ETF,ETF,ETF,89.96479797363281,-0.3259560854434007,-0.0097666134423037,54.85894890370403,US
BBUS,JPMorgan BetaBuilders U.S. Equity ETF,ETF,ETF,133.99000549316406,-1.5575601408279387,-0.1267267114547462,48.64861169871347,US
BBW,BBW,Consumer Cyclical,Specialty Retail,34.130001068115234,-0.8425250327053232,-0.0391709469196499,55.03789090405573,US
BBWI,"Bath & Body Works, Inc.",Consumer Cyclical,Specialty Retail,20.8700008392334,2.6561776564380053,0.0316547143520545,52.5398085735734,US
BC,Brunswick Corporation,Consumer Cyclical,Recreational Vehicles,80.44999694824219,3.2734215306994,0.1367449468856965,50.29230807509343,US
BCAL,California BanCorp,Financial Services,Banks - Regional,21.229999542236328,2.75895304469529,-0.0028866823603984,62.23035887856415,US
BCAR,D. Boral ARC Acquisition I Corp.,Financial Services,Shell Companies,10.359999656677246,-0.3846150319251659,0.0004681218858204,38.11041930973175,US
BCAX,Bicara Therapeutics Inc.,Healthcare,Biotechnology,27.76000022888184,-3.9778610328606288,-0.0510033298668579,57.92632143778955,US
BCCC,Global X Bitcoin Covered Call ETF,ETF,ETF,11.975500106811523,1.1358880841688286,-0.0058765231931584,52.013840368704685,US
BCDF,Horizon Kinetics Blockchain Development ETF,ETF,ETF,31.297700881958008,0.4096913870756906,-0.0267633428207089,54.559952428050806,US
BCHI,GMO Beyond China ETF,ETF,ETF,36.51570129394531,-5.186038919360947,-0.0240942564493901,38.81911545153783,US
BCHP,Principal Focused Blue Chip ETF,ETF,ETF,36.665000915527344,-1.7550878474088372,-0.0620646073782641,48.161949024393714,US
BCIL,Bancreek International Large Cap ETF,ETF,ETF,28.763500213623047,-2.088370419729011,-0.0045903978260539,40.85657535434883,US
BCKT,LifeX 2030 Income Bucket ETF,ETF,ETF,41.05500030517578,0.0975275292517482,0.0017675481078624,56.44783526501728,US
BCLO,iShares BBB-B CLO Active ETF,ETF,ETF,49.56999969482422,0.1920186430178816,0.0038086831891577,63.997123110937146,US
BCOR,Grayscale Bitcoin Adopters ETF,ETF,ETF,22.063100814819336,-3.287156093240279,-0.036041418044976,41.47626069781001,US
BCPC,Balchem Corporation,Basic Materials,Specialty Chemicals,163.35000610351562,0.7400630602535396,0.0439938625876954,46.60831011173189,US
BCSM,Baron SMID Cap ETF,ETF,ETF,24.196199417114254,-2.2178274540569487,-0.024053980005277,46.7630413065684,US
BCSS,BCSS,N/A,N/A,10.210000038146973,-0.4388110754925977,0.000830538626837,45.80463510253707,US
BCTK,Baron Technology ETF,ETF,ETF,28.853099822998047,-6.699755748351108,-0.0529305709008039,40.77679317457364,US
BDBT,Bluemonte Core Bond ETF,ETF,ETF,25.03499984741211,0.0799538606902718,0.0037566399066154,47.27713014237003,US
BDC,BDC,Technology,Communication Equipment,101.38999938964844,-5.207553985135377,0.1440486605155098,35.141058104121925,US
BDCX,ETRACS Quarterly Pay 1.5X Leveraged Wells Fargo BDC Index ETN,ETF,ETF,19.548200607299805,0.6556883416465956,-0.0189066802281245,55.95948761759725,US
BDEC,Innovator U.S. Equity Buffer ETF - December,ETF,ETF,53.2234992980957,-0.7209500239797232,-0.0287211390053062,51.91918218472595,US
BDIV,AAM Brentview Dividend Growth ETF,ETF,ETF,24.64139938354492,0.3723020339096297,-0.0046282464593603,58.50613033055156,US
BDJ,BlackRock Enhanced Equity Dividend Trust,Financial Services,Asset Management,9.609999656677246,0.0161684359971121,-0.0056282324332796,63.80578564911367,US
BDN,BDN,Real Estate,REIT - Office,3.140000104904175,2.6143844320456395,-0.0005147118995128,53.537308036859685,US
BDRY,Breakwave Dry Bulk Shipping ETF,ETF,ETF,12.65999984741211,-1.784332736886146,-0.0296114157331106,53.29538316829394,US
BDX,BDX,Healthcare,Medical Instruments & Supplies,158.1699981689453,4.10029987326187,0.0914024169102063,58.9829652607917,US
BDYN,iShares Dynamic Equity Active ETF,ETF,ETF,27.38999938964844,-1.7117062484676944,-0.0253544644888699,47.21054027212788,US
BE,Bloom Energy Corporation,Industrials,Electrical Equipment & Parts,214.9600067138672,-12.121333478803658,0.0819358238499434,38.91516788718575,US
BEDY,Bny Mellon Enhanced Dividend Income ETF,ETF,ETF,28.969900131225582,-0.7029960966525982,-0.0065428958383069,53.613674866552856,US
BEDZ,AdvisorShares Hotel ETF,ETF,ETF,36.86920166015625,1.7614823907037245,0.0308836921291648,56.73313989438006,US
BEEX,The BeeHive ETF,ETF,ETF,26.781099319458008,-0.8144147835239434,-0.0162305416927517,49.41459573395378,US
BEEZ,Honeytree U.S. Equity ETF,ETF,ETF,33.50310134887695,-0.1844101902711748,-0.0193920965820935,51.465771791600986,US
BEG,Leverage Shares 2X Long BE Daily ETF,ETF,ETF,38.98030090332031,-26.466134432065967,0.1115405318479814,37.16595914793327,US
BEGS,Rareview 2x Bull Cryptocurrency & Precious Metals ETF,ETF,ETF,13.40999984741211,-2.04528664392663,-0.0207065115122795,44.11626191791034,US
BELFA,Bel Fuse Inc.,Technology,Electronic Components,228.72999572753903,-0.3317631592560239,0.6550776717777911,44.35309444410529,US
BENJ,Horizon Landmark ETF,ETF,ETF,52.880001068115234,0.0567693374841475,-3.607876667425375e-05,80.74154941773001,US
BEPC,Brookfield Renewable Corporation,Utilities,Utilities - Renewable,33.90999984741211,-3.307669967226453,0.0006445873948303,32.39529989509063,US
BESF,Bastion Energy ETF,ETF,ETF,39.266998291015625,0.1198293443389583,-0.0313494752480652,51.3645582133918,US
BESO,GSR Crypto Core3 ETF,ETF,ETF,25.19079971313477,0.0428888317239795,-0.0506369811195804,54.077508600357696,US
BETE,Proshares Bitcoin & Ether Equal Weight ETF,ETF,ETF,30.196800231933597,1.430252006300638,-0.0577938272127859,51.98445088469487,US
BETR,Better Home & Finance Holding Company,Financial Services,Mortgage Finance,23.420000076293945,-8.871597739146258,0.0091432738545569,41.473188221511805,US
BETZ,Roundhill Sports Betting & iGaming ETF,ETF,ETF,19.178800582885746,-1.5967121184556483,-0.0237757335016004,49.08293746871464,US
BFC,Bank First Corporation,Financial Services,Banks - Regional,146.6300048828125,-0.4886333158325851,-0.202310601184658,50.27243391779369,US
BFEB,Innovator U.S. Equity Buffer ETF - February,ETF,ETF,52.64870071411133,-0.7190233338915467,-0.0263668839593604,51.87041121610565,US
BFH,"Bread Financial Holdings, Inc.",Financial Services,Credit Services,99.30999755859376,2.9119145684909324,0.1932915358927225,51.30950168821733,US
BFJL,FT Vest Bitcoin Strategy Floor15 ETF - July,ETF,ETF,17.25,0.1742200223099986,-0.0087816283996021,63.72121782606349,US
BFLB,BFLB,N/A,N/A,54.49089813232422,-0.5350143514196524,-0.0222460085735681,53.89269364283228,US
BFLX,iShares Flexible Equity Active ETF,ETF,ETF,25.289600372314453,-1.3281264127905923,-0.0097566383230116,46.49031337570327,US
BFOC,FT Vest Bitcoin Strat Floor15 ETF - Oct,ETF,ETF,16.96500015258789,0.0589810022225589,-7.725933607070218e-06,51.04417455416071,US
BFOR,Barron's 400 ETF,ETF,ETF,23.35260009765625,-1.4242314427824003,-0.0119843181417234,49.979788572336126,US
BG,BG,Consumer Defensive,Farm Products,119.1500015258789,4.224984118219311,0.1444789016076992,56.93065239823177,US
BGB,BGB,Financial Services,Asset Management,11.3100004196167,0.0,-0.0016435834951985,54.88954961622606,US
BGC,"BGC Group, Inc.",Financial Services,Capital Markets,11.300000190734863,4.823752046794801,0.0155267525115897,52.02064818038421,US
BGDV,Bahl & Gaynor Dividend ETF,ETF,ETF,30.944700241088867,-0.751469280548042,-0.0098260587939729,53.867832871968986,US
BGRN,iShares USD Green Bond ETF,ETF,ETF,47.15999984741211,0.0106055948355364,0.0050119708909028,48.46260395879567,US
BGY,BlackRock Enhanced International Dividend Trust,Financial Services,Asset Management,5.670000076293945,-2.014193327224424,-0.0052728399088239,48.07939432244012,US
BH,Biglari Holdings Inc.,Consumer Cyclical,Restaurants,384.1900024414063,2.986198904426681,-0.4334325249847062,54.33834672759516,US
BHB,Bar Harbor Bankshares,Financial Services,Banks - Regional,38.18000030517578,2.6344073175736438,0.0021858016839825,57.090439320897694,US
BHDG,Nicholas Bitcoin Tail ETF,ETF,ETF,23.959999084472656,-0.4156291923916289,0.0190190626021928,44.05881367531013,US
BHK,BHK,Financial Services,Asset Management,9.119999885559082,1.835984334552318,0.0037045117976174,63.03657834785525,US
BHRB,Burke & Herbert Financial Services Corp.,Financial Services,Banks - Regional,71.54000091552734,1.7638660169852236,-0.0148609530472088,61.82583913964934,US
BIB,BIB,ETF,ETF,100.08000183105467,-2.75942128684137,-0.1275600585402081,56.93415204405897,US
BIBL,Inspire 100 ETF,ETF,ETF,54.90999984741211,-2.503550878999184,-0.0302748288378548,45.56567092656309,US
BIDU,"Baidu, Inc.",Communication Services,Internet Content & Information,107.23999786376952,-8.75521230528588,-0.3759634159077269,39.36025823489779,US
BIIB,Biogen Inc.,Healthcare,Drug Manufacturers - General,205.9900054931641,3.4346029657600883,0.3251925517224028,52.776662235239776,US
BILD,Nomura Global Listed Infrastructure ETF,ETF,ETF,30.059999465942383,1.1814596131810382,-0.0041104999929611,58.11232350737717,US
BILI,Bilibili Inc.,Communication Services,Internet Content & Information,18.040000915527344,1.9209047340822063,-0.0392060261048138,51.56216160027344,US
BILS,State Street SPDR Bloomberg 3-12 Month T-Bill ETF,ETF,ETF,99.30999755859376,0.0806149339453456,0.0007898441344837,96.5129460147404,US
BILT,iShares Infrastructure Active ETF,ETF,ETF,28.520000457763672,0.0807127675630922,-0.0094279088124402,55.4529679075766,US
BILZ,PIMCO Ultra Short Government Active Exchange-Traded Fund,ETF,ETF,100.81999969482422,0.0595450152061644,-9.163994142688536e-05,98.33227303756404,US
BINC,iShares Flexible Income Active ETF,ETF,ETF,52.13999938964844,-0.0766594773733184,0.0006324601539985,54.30674363405522,US
BINV,Brandes International ETF,ETF,ETF,43.61000061035156,1.312585585876199,-0.0043144074657605,64.71862871621232,US
BIO,"Bio-Rad Laboratories, Inc.",Healthcare,Medical Devices,304.3599853515625,2.7861269150397017,0.3141193444174872,59.08560976014751,US
BIRK,Birkenstock Holding plc,Consumer Cyclical,Footwear & Accessories,44.36000061035156,-2.462618608526251,0.0352517734831422,50.75075582893159,US
BIS,ProShares UltraShort Nasdaq Biotechnology,ETF,ETF,13.550999641418455,2.5037773653845807,0.0187134927961749,39.81720661367015,US
BITS,Global X Blockchain & Bitcoin Strategy ETF,ETF,ETF,54.90999984741211,-4.512653112777654,-0.0513078207977004,37.81899605481591,US
BITW,Bitwise 10 Crypto Index Fund,ETF,ETF,41.16999816894531,0.2947657268095371,-0.0555093283535467,49.758088664385895,US
BITX,2x Bitcoin Strategy ETF,ETF,ETF,12.229999542236328,0.3281375162423885,-0.0232954518071505,47.93389207293377,US
BIV,Vanguard Intermediate-Term Bond Index Fund,ETF,ETF,76.13999938964844,0.157856816470902,0.0130807006282003,49.6021990522764,US
BJRI,"BJ's Restaurants, Inc.",Consumer Cyclical,Restaurants,67.48999786376953,8.40025647804665,0.3000565994141606,77.67781328728962,US
BJUL,Innovator U.S. Equity Buffer ETF - July,ETF,ETF,54.220001220703125,-0.8956276219507349,-0.0284236677105842,50.17797069234484,US
BKE,BKE,Consumer Cyclical,Apparel Retail,42.470001220703125,0.5702735452152938,-0.0089737468461428,45.17412955842419,US
BKEM,BNY Mellon Emerging Markets Equity ETF,ETF,ETF,88.62300109863281,-3.923370908501108,-0.0721447343085342,41.585284075051,US
BKF,BKF,ETF,ETF,39.60810089111328,-0.7066896536687078,-0.0326489645663619,49.68401170807569,US
BKFI,BNY Mellon Active Core Bond ETF,ETF,ETF,23.75,0.1687090555542863,0.0064907409271287,51.09440245995745,US
BKGI,Bny Mellon Global Infrastructure Income ETF,ETF,ETF,45.70000076293945,2.6044001427214054,0.0200768888271298,62.07255848191729,US
BKH,Black Hills Corporation,Utilities,Utilities - Regulated Gas,74.61000061035156,-0.7977642353740773,-0.0566082035113184,52.416685348973225,US
BKHY,BNY Mellon High Yield ETF,ETF,ETF,47.34999847412109,-0.0211193752144559,-0.0034384259816871,53.40663794334108,US
BKLC,BNY Mellon US Large Cap Core Equity ETF,ETF,ETF,142.3800048828125,-1.6305102395916542,-0.140144755256902,48.2780914637967,US
BKLN,Invesco Senior Loan ETF,ETF,ETF,20.479999542236328,0.1956898587750212,-0.0005367440637605,69.72205734631964,US
BKMC,BNY Mellon US Mid Cap Core Equity ETF,ETF,ETF,120.6259994506836,-0.5638431470413471,-0.0065700952175216,48.830099739608364,US
BKNG,Booking Holdings Inc.,Consumer Cyclical,Travel Services,181.67999267578125,1.8442700248833137,0.0108949126806465,56.24811843435729,US
BKR,Baker Hughes Company,Energy,Oil & Gas Equipment & Services,55.95000076293945,-2.79708230010334,-0.0760742975462314,40.5459503425974,US
BKSE,BNY Mellon US Small Cap Core Equity ETF,ETF,ETF,133.4720001220703,0.3986691744848514,0.0359681435761793,60.70578259395672,US
BKUI,BNY Mellon Ultra Short Income ETF,ETF,ETF,49.67079925537109,0.0922906909241183,1.068689974218634e-05,82.72360617277091,US
BL,"BlackLine, Inc.",Technology,Software - Application,30.290000915527344,3.982155125919389,0.0050142026679421,58.13763767165372,US
BLCO,Bausch + Lomb Corporation,Healthcare,Medical Instruments & Supplies,16.260000228881836,0.1848471194804114,-0.0202960735924112,51.311183963267055,US
BLCR,iShares Large Cap Core Active ETF,ETF,ETF,48.38999938964844,-3.413171929248556,-0.0543820127755318,41.34712115920392,US
BLDG,Cambria Global Real Estate ETF,ETF,ETF,27.600000381469727,1.582629017181933,0.014061717974207,63.59202355755575,US
BLES,Inspire Global Hope ETF,ETF,ETF,48.03409957885742,0.1127553921159795,-0.0045894474646684,55.4718999720107,US
BLFS,"BioLife Solutions, Inc.",Healthcare,Medical Instruments & Supplies,29.149999618530277,3.4421550846340256,-0.0281987413218859,60.47099673143778,US
BLGR,Bluemonte Large Cap Growth ETF,ETF,ETF,31.274799346923828,-2.406547003946234,-0.0428170625564372,46.610757318529565,US
BLK,BLK,Financial Services,Asset Management,1072.199951171875,3.4832176439325417,-0.5089514541557723,60.34929917118416,US
BLKB,"Blackbaud, Inc.",Technology,Software - Application,32.400001525878906,9.49645609598031,0.0026312219878456,60.00078782209561,US
BLLN,"BillionToOne, Inc.",Healthcare,Diagnostics & Research,130.30999755859375,2.792459579765211,-0.0172999027870162,66.5048989303647,US
BLND,"Blend Labs, Inc.",Technology,Software - Application,1.809999942779541,6.470581882965372,0.0033467900180103,56.5835096718594,US
BLOK,Amplify Blockchain Technology ETF,ETF,ETF,58.52999877929688,-6.5911284362791225,-0.1123822297412046,37.25774977874696,US
BLST,Bluemonte Short Term Bond ETF,ETF,ETF,24.959999084472656,0.1203320454458513,0.0014745978292139,51.444417478545205,US
BLTD,Bluemonte Long Term Bond ETF,ETF,ETF,24.874099731445312,0.0929536012555298,0.0106461794382325,43.65117163888151,US
BLTE,"Belite Bio, Inc",Healthcare,Biotechnology,150.0800018310547,0.502243347487879,-0.0005526918832443,51.57788652866368,US
BLUX,Bluemonte Dynamic Total Market ETF,ETF,ETF,31.882999420166016,-0.7378565367369492,-0.0133657109276215,51.86478170433427,US
BLV,Vanguard Long-Term Bond Fund,ETF,ETF,67.52999877929688,0.0740892410731396,0.0347649669234434,43.18913456527389,US
BLW,BlackRock Limited Duration Income Trust,Financial Services,Asset Management,12.699999809265137,0.499239213563718,-0.0057278936827338,74.70040570400033,US
BLX,BLX,Financial Services,Banks - Regional,59.25,1.005796375933539,0.0759280531133,52.74260062518815,US
BMAR,Innovator U.S. Equity Buffer ETF - March,ETF,ETF,57.619998931884766,-0.672296846979343,-0.0288919166220173,51.94753173095712,US
BMAY,Innovator U.S. Equity Buffer ETF- May,ETF,ETF,47.369998931884766,-0.7750371461526814,-0.0255719462201824,50.79084337072825,US
BMBL,Bumble Inc.,Communication Services,Internet Content & Information,2.9200000762939453,-3.63035960839866,-0.0092984459126847,44.573462173618026,US
BME,BME,Financial Services,Asset Management,42.560001373291016,-0.4326068572403618,-0.0145676507568562,61.05984838523154,US
BMI,"Badger Meter, Inc.",Technology,Scientific & Technical Instruments,149.47999572753906,3.675962908165749,0.137121449706508,62.25946956574607,US
BMNG,Leverage Shares 2X Long BMNR Daily ETF,ETF,ETF,12.13230037689209,7.842670016818576,-0.0167430395733336,46.57911410084522,US
BMNR,"Bitmine Immersion Technologies, Inc.",Financial Services,Capital Markets,15.6899995803833,4.739653269982534,-0.007421123426326,50.08533920629804,US
BMNU,T-REX 2X Long BMNR Daily Target ETF,ETF,ETF,8.8100004196167,6.787883874141809,-0.0118338138584428,46.33087410249467,US
BMRC,Bank of Marin Bancorp,Financial Services,Banks - Regional,28.920000076293945,1.652018631812268,-0.0135911227633538,64.22379790855095,US
BMY,Bristol-Myers Squibb Company,Healthcare,Drug Manufacturers - General,60.7400016784668,5.488016232934232,0.0615836653726969,61.67245683093647,US
BN,Brookfield Corporation,Financial Services,Asset Management,43.630001068115234,-0.228672479231359,-0.031993340529633,47.971313433326905,US
BNDC,FlexShares Core Select Bond Fund,ETF,ETF,21.93000030517578,0.1918851240752566,0.0050924842286016,49.379156997762045,US
BNDI,Neos Enhanced Income Aggregate Bond ETF,ETF,ETF,46.60010147094727,0.05186080958393,0.0039466734814717,47.928062468010765,US
BNDS,Infrastructure Capital Bond Income ETF,ETF,ETF,50.709999084472656,-0.0197202996643186,-0.0051413037504901,55.25047823983376,US
BNDY,Horizon Core Bond ETF,ETF,ETF,24.989999771118164,-0.0799698423855874,0.0040469479297837,47.994078595299065,US
BNED,"Barnes & Noble Education, Inc.",Consumer Cyclical,Specialty Retail,12.600000381469728,-1.7830330414045292,0.0038942163520371,57.07227983508096,US
BNGE,First Trust S-Network Streaming & Gaming ETF,ETF,ETF,31.282400131225582,-0.7097073061997365,-0.0368680931242768,52.15452420103883,US
BNL,"Broadstone Net Lease, Inc.",Real Estate,REIT - Diversified,22.799999237060547,4.443423347432685,0.0194369685312363,75.72618761402306,US
BNO,"United States Brent Oil Fund, LP",ETF,ETF,48.70000076293945,15.539736654668998,0.0761001944072623,60.34462744899144,US
BNOV,Innovator U.S. Equity Buffer ETF - November,ETF,ETF,47.79999923706055,-0.9121111652088868,-0.0282322356360298,51.41433036967665,US
BNTC,Benitec Biopharma Inc.,Healthcare,Biotechnology,12.779999732971191,-4.769004021492494,-0.0174320830261174,52.18349487908932,US
BNTX,BioNTech SE,Healthcare,Biotechnology,91.4800033569336,-0.0109241524421276,0.0019656422870872,48.53810724559177,US
BNY,The Bank of New York Mellon Cor,Financial Services,Banks - Diversified,157.1300048828125,3.429441006228362,-0.2323595841139036,63.411017390095054,US
BOAT,SonicShares Global Shipping ETF,ETF,ETF,41.39390182495117,2.2071649998794367,-0.0312791223776992,57.98456591075765,US
BOBS,"Bob's Discount Furniture, Inc.",Consumer Cyclical,Specialty Retail,16.209999084472656,3.57827143509524,-0.0085549560024201,60.16227328262841,US
BOC,Boston Omaha Corporation,Industrials,Conglomerates,14.140000343322754,0.354862953821046,-0.0118064488881836,55.201391790336885,US
BOE,BOE,Financial Services,Asset Management,11.9399995803833,-2.1016099519210885,-0.0180807508421869,49.50877746538556,US
BOEG,Leverage Shares 2X Long BA Daily ETF,ETF,ETF,13.050800323486328,-7.395161129879028,-0.0184920855753886,41.8035141257292,US
BOEU,Direxion Daily BA Bull 2X Shares,ETF,ETF,32.92839813232422,-7.327488611574576,-0.0432857658124661,41.82358114679605,US
BOND,PIMCO Active Bond Exchange-Traded Fund,ETF,ETF,91.45999908447266,0.1862177316687898,0.0168713685902983,50.43418154557754,US
BOOT,"Boot Barn Holdings, Inc.",Consumer Cyclical,Apparel Retail,152.47000122070312,-5.433228765718858,-0.0142712414451318,39.250231364170006,US
BORR,Borr Drilling Limited,Energy,Oil & Gas Drilling,4.159999847412109,-3.926098828852679,-0.0111607343411893,36.64247240978362,US
BOT,"Robostrategy, Inc.",Financial Services,Asset Management,29.18000030517578,-11.387792181133362,-0.159521361889772,44.13159524678248,US
BOTT,Themes Humanoid Robotics ETF,ETF,ETF,41.81999969482422,-12.233202750258409,-0.1460525710213431,32.127220447903895,US
BOTZ,Global X Robotics & Artificial Intelligence ETF,ETF,ETF,34.400001525878906,-6.800320595799699,-0.0750207692521182,34.669005537958824,US
BOXX,Alpha Architect 1-3 Month Box ETF,ETF,ETF,117.48999786376952,0.0766578677350245,-0.0011175527079085,90.10816758819936,US
BPI,Grayscale Bitcoin Premium Income ETF,ETF,ETF,20.79400062561035,1.6402877241750176,-0.0136741634083513,50.48585123727163,US
BPRO,Bitwise Proficio Currency Debasement ETF,EQUITY,EQUITY,18.520000457763672,-2.985854846873577,-0.0068547634923893,38.74083869315445,US
BRAI,Braiin Limited,Technology,Computer Hardware,5.489999771118164,-0.5434820636233801,0.0001016769958108,41.44044719224003,US
BRBR,"BellRing Brands, Inc.",Consumer Defensive,Packaged Foods,12.119999885559082,-2.884612739438744,-0.0223006564597957,53.35378347418243,US
BRC,BRC,Industrials,Security & Protection Services,93.69000244140624,3.9152602439172166,0.067816264912049,66.90544240491067,US
BRCB,"Black Rock Coffee Bar, Inc.",Consumer Cyclical,Restaurants,7.820000171661377,-4.981766626727448,-0.0254122071396373,47.52075810204572,US
BRCE,MFS Blended Research Core Equity ETF,ETF,ETF,29.549999237060547,0.5444023502377598,-0.010243779445753,61.877439291987066,US
BREE,MFS Blended Research Emerging Markets Equity ETF,ETF,ETF,25.699899673461918,-5.341068012681093,-0.0258135619283849,40.94967384071478,US
BRES,Burney U.S. Equity Select ETF,ETF,ETF,26.74679946899414,-2.7742666431766736,-0.0364535385409437,46.195827095281565,US
BRF,VanEck Brazil Small-Cap ETF,ETF,ETF,16.189300537109375,-4.375072384611607,-0.0302252578483803,42.4075078480894,US
BRIB,BRIB,N/A,N/A,24.940000534057617,-0.0400810764570805,0.0022411949565237,50.31107107664194,US
BRIF,FIS Bright Portfolios Focused Equity ETF,ETF,ETF,36.61000061035156,-1.4137545035977934,-0.0142531385995142,53.298892370046495,US
BRLN,iShares Floating Rate Loan Active ETF,ETF,ETF,50.53499984741211,-0.5216523496620652,-0.0123741547023633,46.860534775150136,US
BRNY,Burney U.S. Factor Rotation ETF,ETF,ETF,57.11660003662109,-2.9718361345646005,-0.0731553845195124,45.60133001563536,US
BRO,"Brown & Brown, Inc.",Financial Services,Insurance Brokers,69.3499984741211,2.4977752298853946,-0.0323380265669239,64.00541069140863,US
BRSL,Brightstar Lottery PLC,Consumer Cyclical,Gambling,10.739999771118164,-1.6483544314852254,-0.0043935988717342,43.43422223220292,US
BRTR,iShares Total Return Active ETF,ETF,ETF,49.88999938964844,0.1063418488203617,0.0087805176758988,48.57890226435431,US
BRUN,"Boost Run, Inc.",Technology,Software - Infrastructure,24.420000076293945,-14.135022441190252,0.0889992622199602,37.10936841779065,US
BRZU,Direxion Daily MSCI Brazil Bull 2X Shares,ETF,ETF,92.2699966430664,-4.12510526685877,-0.2535722418986682,50.27478590652721,US
BSCQ,Invesco BulletShares 2026 Corporate Bond ETF,ETF,ETF,19.565000534057617,0.0511389860688935,0.0003628822772518,76.87361605271795,US
BSCR,Invesco BulletShares 2027 Corporate Bond ETF,ETF,ETF,19.655000686645508,0.0763813516459525,0.0003458909574437,76.95163831182683,US
BSCS,Invesco BulletShares 2028 Corporate Bond ETF,ETF,ETF,20.38500022888184,0.1227879065856362,-1.2170246942666552e-05,56.76142321294888,US
BSCT,Invesco BulletShares 2029 Corporate Bond ETF,ETF,ETF,18.575000762939453,0.0808259559737472,0.0002294517389889,53.509390734342034,US
BSCU,Invesco BulletShares 2030 Corporate Bond ETF,ETF,ETF,16.625,0.1506001081673471,0.0010940348160243,51.65662312050245,US
BSCX,Invesco Bulletshares 2033 Corporate Bond ETF,ETF,ETF,20.975000381469727,0.1671434886316468,0.0034952147835673,48.77982378488313,US
BSCY,Invesco BulletShares 2034 Corporate Bond ETF,ETF,ETF,20.565000534057617,0.1217118666794937,0.0040667084138343,48.632301804714416,US
BSCZ,Invesco Bulletshares 2035 Corporate Bond ETF,ETF,ETF,20.34499931335449,0.1723281552557411,0.0045452208942261,47.96377804039293,US
BSEP,Innovator U.S. Equity Buffer ETF - September,ETF,ETF,52.880001068115234,-0.433062586317311,-0.0196098779683698,55.70594321200176,US
BSJQ,Invesco BulletShares 2026 High Yield Corporate Bond ETF,ETF,ETF,22.96500015258789,-0.0217638699000531,0.0003066523671528,54.10847203706427,US
BSJR,Invesco BulletShares 2027 High Yield Corporate Bond ETF,ETF,ETF,22.38419914245605,-0.0259055263532719,-0.0015331481201154,57.41562455539307,US
BSJS,Invesco BulletShares 2028 High Yield Corporate Bond ETF,ETF,ETF,21.82159996032715,0.053188879728679,3.604496650174566e-05,60.46674207238539,US
BSJT,Invesco BulletShares 2029 High Yield Corporate Bond ETF,ETF,ETF,21.174699783325195,0.0694703970656396,0.0002899103369917,56.34634311292912,US
BSJV,Invesco BulletShares 2031 High Yield Corporate Bond ETF,ETF,ETF,26.234100341796875,0.133978158276815,0.0020984533150488,56.07751169356612,US
BSJX,Invesco Bulletshares 2033 High Yield Corporate Bond ETF,ETF,ETF,25.21999931335449,0.1787490671606453,0.0008641234527869,57.43297144561509,US
BSMC,Brandes U.S. Small-Mid Cap Value ETF,ETF,ETF,39.994998931884766,1.5307693618748726,0.0046747216902839,64.21181594666112,US
BSMU,Invesco BulletShares 2030 Municipal Bond ETF,ETF,ETF,21.83639907836914,-0.2220751656586959,-0.0029457240145893,42.61232842068083,US
BSMV,Invesco BulletShares 2031 Municipal Bond ETF,ETF,ETF,20.88319969177246,-0.247431456849049,-0.0030843253364801,39.648509814725536,US
BSMW,Invesco Bulletshares 2032 Municipal Bond ETF,ETF,ETF,24.96500015258789,-0.4744039345339299,-0.004363547891537,37.09200951221288,US
BSOL,Bitwise Solana Staking ETF,ETF,ETF,10.229999542236328,-3.399439142251464,-0.0245884273398213,48.79749371966891,US
BSRR,Sierra Bancorp,Financial Services,Banks - Regional,42.119998931884766,2.531638399402129,0.0043375475223712,62.20948052709184,US
BST,BST,Financial Services,Asset Management,44.86000061035156,-6.478526996519999,-0.1039634556614884,39.22694517828364,US
BSTP,BSTP,N/A,N/A,39.28580093383789,-0.7683738761746767,-0.020021236470533,51.06858198296873,US
BSTZ,BlackRock Science and Technology Term Trust,Financial Services,Asset Management,27.56999969482422,-5.925844838059987,-0.0459539013336972,40.63992843582081,US
BSVN,Bank7 Corp.,Financial Services,Banks - Regional,50.959999084472656,-0.5076183717960864,-0.0406676722796381,61.12068100919545,US
BSX,Boston Scientific Corporation,Healthcare,Medical Devices,44.02999877929688,-1.6528962941711818,0.0012927824272788,41.8654582859821,US
BTC,BTC,ETF,ETF,28.3799991607666,0.3891004641732193,-0.0253180775606578,49.881083877886205,US
BTCI,NEOS ETF Trust - NEOS Bitcoin High Income ETF,ETF,ETF,28.950000762939453,0.3292366044368414,-0.0226529614179046,48.992629643420784,US
BTCL,T-Rex 2X Long Bitcoin Daily Target ETF,ETF,ETF,12.524999618530272,0.3605775476325187,-0.0222924108421824,47.636064348333285,US
BTCU,Direxion Daily Bitcoin Bull 2X ETF,ETF,ETF,17.020000457763672,0.4129775319967565,-0.0282755614057698,48.50956409483749,US
BTCZ,T-Rex 2X Inverse Bitcoin Daily Target ETF,ETF,ETF,5.474999904632568,-1.5287776802472348,0.0106434943468899,47.17141442819155,US
BTDR,Bitdeer Technologies Group,Technology,Software - Application,10.739999771118164,-19.18736040672882,-0.0133710212069947,32.23500467453766,US
BTGO,"BitGo Holdings, Inc.",Financial Services,Capital Markets,4.75,-7.407409472978764,-0.0222261088371718,36.347899873140186,US
BTOT,iShares Total USD Fixed Income Market ETF,EQUITY,EQUITY,49.23500061035156,0.0711379001409964,0.0062386188193954,48.46604169621862,US
BTR,Beacon Tactical Risk ETF,ETF,ETF,27.80030059814453,-0.1856192949288233,-0.0092629545327385,55.89316946546551,US
BTT,Blackrock Municipal 2030 Target Term Trust,Financial Services,Asset Management,22.6299991607666,-0.50159131042449,-0.0057921604415047,45.27496340110795,US
BUCK,BUCK,N/A,N/A,23.459999084472656,-0.021312883369757,-0.0005157451912592,62.39556186608341,US
BUFC,AB Conservative Buffer ETF,ETF,ETF,42.66999816894531,-0.1637892062993377,-0.0079773270067353,56.991287098746845,US
BUFF,Innovator Laddered Allocation Power Buffer ETF,ETF,ETF,52.7400016784668,-0.4717871147031703,-0.0201738864537347,52.92187420290911,US
BUFH,FT Vest Laddered Max Buffer ETF,ETF,ETF,21.434999465942383,-0.0932204979482333,-0.0028128719512095,57.97131508054519,US
BUFP,PGIM Laddered S&P 500 Buffer 12 ETF,ETF,ETF,32.08000183105469,-0.5887778866246456,-0.014900985733231,52.25019114196474,US
BUFR,FT Vest Laddered Buffer ETF,ETF,ETF,36.560001373291016,-0.6251686233018169,-0.0168690443348688,52.43072031221006,US
BUFS,FT Vest Laddered Small Cap Mode,ETF,ETF,25.049999237060547,-0.0399051440341276,-0.002265427387519,58.77443873833226,US
BUFT,BUFT,N/A,N/A,25.934999465942383,-0.1347703054967409,-0.0043436944288015,54.419785220353546,US
BUFZ,FT Vest Laddered Moderate Buffer ETF,ETF,ETF,27.920000076293945,-0.5520950398338627,-0.010812830353655,51.703353623577726,US
BULG,Leverage Shares 2X Long BULL Daily ETF,ETF,ETF,38.980899810791016,-4.423440096532372,-0.3280315980350394,51.72802408785593,US
BURL,"Burlington Stores, Inc.",Consumer Cyclical,Apparel Retail,345.3099975585937,5.367385656160986,-0.0515242039036474,60.8681155577889,US
BUXX,Strive Enhanced Income Short Maturity ETF,ETF,ETF,20.239999771118164,0.098914235622463,4.136265220693047e-05,60.92795219673357,US
BUYZ,Franklin Disruptive Commerce ETF,ETF,ETF,35.402000427246094,0.6739641846962139,-0.014886641834468,58.949578260175,US
BV,"BrightView Holdings, Inc.",Industrials,Specialty Business Services,14.520000457763672,1.5384633852756822,-0.0107279093266022,63.458180054005865,US
BVAL,Bluemonte Large Cap Value ETF,ETF,ETF,31.270000457763672,-0.540712701673753,-0.0098173779165818,54.197230640519614,US
BW,"Babcock & Wilcox Enterprises, Inc.",Industrials,Specialty Industrial Machinery,9.890000343322754,-15.47008115768565,0.0101553156192755,28.401325220925173,US
BWB,"Bridgewater Bancshares, Inc.",Financial Services,Banks - Regional,22.059999465942383,2.7959012444872644,-0.0087350329920525,67.19490143797336,US
BWEL,JG Boswell Company,Basic Materials,Agricultural Inputs,545.5,-0.6375227686703097,0.0278803473115532,49.27989412927186,US
BWET,Breakwave Tanker Shipping ETF,ETF,ETF,227.6300048828125,11.940003958955922,-0.8620916787299855,59.58727711830427,US
BWFG,"Bankwell Financial Group, Inc.",Financial Services,Banks - Regional,60.09999847412109,3.620687024346713,0.0211836221584234,61.97495876153533,US
BWMN,Bowman Consulting Group Ltd.,Industrials,Engineering & Construction,25.309999465942383,-9.348139696344909,-0.0521851620573922,23.44839090241913,US
BWMX,BWMX,N/A,N/A,18.34000015258789,0.4931515210295377,0.0009422324853905,56.29565682753947,US
BWTG,Brendan Wood TopGun ETF,ETF,ETF,42.23099899291992,-0.3304132425306125,-0.0173297306843238,53.26641157149277,US
BX,Blackstone Inc.,Financial Services,Asset Management,126.91000366210938,3.103426304224239,-0.0540464118270838,58.87719397264839,US
BXC,BlueLinx Holdings Inc.,Industrials,Industrial Distribution,60.459999084472656,11.61159521532583,0.1692104993664464,57.59481770254713,US
BXDC,Blackstone Digital Infrastructure Trust Inc.,Real Estate,REIT - Specialty,19.63999938964844,-8.138446395784491,-0.0276293100566291,34.45586299878349,US
BXSL,Blackstone Secured Lending Fund,Financial Services,Asset Management,23.81999969482422,1.6211567922725691,0.00043967714517,57.716489200752754,US
BY,"Byline Bancorp, Inc.",Financial Services,Banks - Regional,38.060001373291016,2.201932486212441,0.0009310530826159,64.16824133990454,US
BYD,Boyd Gaming Corporation,Consumer Cyclical,Resorts & Casinos,87.72000122070312,1.7633460861647208,-0.0020473854493352,52.56826556955767,US
BYRE,Principal Real Estate Active Opportunities ETF,ETF,ETF,27.9734001159668,2.459160754027966,0.0210415671677738,64.05596791624788,US
BZ,BZ,Communication Services,Internet Content & Information,14.90999984741211,8.357555228207469,-0.0079057229272707,60.53031827940509,US
BZQ,BZQ,ETF,ETF,22.011199951171875,3.67970054535977,0.0560781643958472,47.302054911673785,US
BZZ,Corgi Drones & Urban Air Mobility ETF,ETF,ETF,22.5841007232666,-4.62795425585213,-0.0094148112838884,35.697826879381694,US
C,Citigroup Inc.,Financial Services,Banks - Diversified,129.36000061035156,-8.118469508377379,-0.2199163042263152,36.86049947134208,US
CAAP,Corporación América Airports S.A.,Industrials,Airports & Air Services,24.82999992370605,0.4449863001902951,0.0050465634058864,43.82832617584528,US
CABA,"Cabaletta Bio, Inc.",Healthcare,Biotechnology,2.8299999237060547,-4.873949094947017,0.0084970369172224,43.39324253645312,US
CABZ,Roundhill Robotaxi Autonomous Vehicles & Technology ETF,ETF,ETF,21.660200119018555,-5.182103619194887,-0.0397405695030992,39.94106634140724,US
CACC,Credit Acceptance Corporation,Financial Services,Credit Services,640.0,2.2413262542156254,0.6940687646826049,63.973223700128784,US
CAFG,Pacer US Small Cap Cash Cows Growth Leaders ETF,ETF,ETF,33.2484016418457,-0.4091558680696283,-0.0032082637250257,56.1892676723086,US
CAG,CAG,Consumer Defensive,Packaged Foods,14.279999732971191,3.253794734255857,-0.0046194715833017,55.64579519405539,US
CAGE,Calamos Autocallable Growth ETF,EQUITY,EQUITY,27.520000457763672,-2.584069176057799,-0.0449352099668765,47.83210814853437,US
CAH,"Cardinal Health, Inc.",Healthcare,Medical Distribution,228.5200042724609,-3.0873616136887514,-0.0120453349586062,52.0929878735264,US
CAI,"Caris Life Sciences, Inc.",Healthcare,Biotechnology,16.489999771118164,-2.9429076323471515,-0.0139265824665241,42.46650506993692,US
CAIE,Calamos US Equity Autocallable Income ETF,ETF,ETF,26.780000686645508,-1.2900791925833734,-0.0219580593356447,46.87494957575692,US
CAIQ,Calamos Nasdaq Autocallable Income ETF,ETF,ETF,25.743799209594727,-2.3746742878635274,-0.0183009315353347,38.74133374198835,US
CAKE,The Cheesecake Factory Incorporated,Consumer Cyclical,Restaurants,85.7699966430664,3.637015984945498,0.2249091709364603,72.42947733131084,US
CAL,CAL,N/A,N/A,11.850000381469728,0.3386956852819957,0.0139322272390463,45.66647270223236,US
CALF,Pacer US Small Cap Cash Cows 100 ETF,ETF,ETF,52.75,1.932367149758454,-0.0077501693173281,65.6668263972175,US
CAM,AB California Intermediate Municipal ETF,ETF,ETF,24.979999542236328,-0.2396220890463653,-4.451864531757749e-06,43.536193856829314,US
CAMT,Camtek Ltd.,Technology,Semiconductor Equipment & Materials,146.14999389648438,1.6412829268691274,0.3254302169134888,43.79570976372822,US
CAMX,Cambiar Aggressive Value ETF,ETF,ETF,35.01900100708008,0.5108963744882906,0.0161945301532409,57.69131266965196,US
CANC,Tema Oncology ETF,ETF,ETF,40.910400390625,-1.7969706401363947,-0.0217396174608912,56.86466606794372,US
CANE,Teucrium Sugar Fund,ETF,ETF,9.739999771118164,-0.7135641743557668,-0.0020748962285719,51.0978058943392,US
CANQ,Calamos Nasdaq Equity & Income ETF,ETF,ETF,30.32659912109375,-1.2452392368866283,-0.0177445386451072,46.982250583916105,US
CAOS,Alpha Architect Tail Risk ETF,ETF,ETF,90.63999938964844,0.2599420535641649,0.0083577656902793,59.155528263281305,US
CAPE,DoubleLine Shiller CAPE U.S. Equities ETF,ETF,ETF,32.851600646972656,0.5250928402521996,-0.0007988332231681,55.82495596432032,US
CAPR,"Capricor Therapeutics, Inc.",Healthcare,Biotechnology,19.440000534057617,-9.623429441180551,0.0397635255434221,27.107681336775656,US
CAR,CAR,Industrials,Rental & Leasing Services,160.57000732421875,2.804279924674201,0.314193991929276,46.37291148730831,US
CARR,Carrier Global Corporation,Industrials,Building Products & Equipment,68.69000244140625,-0.9374011116426724,0.0328591386886436,47.8052401568908,US
CARS,Cars.com Inc.,Communication Services,Internet Content & Information,11.989999771118164,8.115415745240142,-0.0021592220649194,66.35018795027341,US
CASH,"Pathward Financial, Inc.",Financial Services,Banks - Regional,89.76000213623047,-0.5208923896898076,-0.2013803146852624,56.2807018296488,US
CASS,"Cass Information Systems, Inc.",Industrials,Specialty Business Services,53.31999969482422,2.439962490641899,9.964711063625842e-05,64.78207277239764,US
CASY,"Casey's General Stores, Inc.",Consumer Cyclical,Specialty Retail,859.1199951171875,4.792454192737618,1.6843718138799089,57.451479789249326,US
CAT,CAT,Industrials,Farm & Heavy Construction Machinery,880.280029296875,-7.573413328454332,-0.5644959085205361,40.11740050053327,US
CATF,American Century California Municipal Bond ETF,ETF,ETF,49.83000183105469,-0.4992012597031788,-0.0041452488859511,37.80846167087723,US
CATG,Leverage Shares 2X Long CAT Daily ETF,ETF,ETF,12.640000343322754,-15.22467825164568,-0.0146610736870884,38.72346444290447,US
CATH,Global X S&P 500 Catholic Values ETF,ETF,ETF,88.43000030517578,-1.4158268520334591,-0.0901894784602193,48.45863738779797,US
CATY,Cathay General Bancorp,Financial Services,Banks - Regional,62.709999084472656,1.9177642265333803,0.0084224537965986,59.43370267221229,US
CAVG,ACC Aviation Holdings Ltd.,Financial Services,Shell Companies,1.0,-20.0,0.0021891138752097,44.594030534909,US
CB,Chubb Limited,Financial Services,Insurance - Property & Casualty,352.1600036621094,1.2448659566457878,0.3728521621095764,57.8494310565253,US
CBAN,"Colony Bankcorp, Inc.",Financial Services,Banks - Regional,20.979999542236328,4.326200425060834,0.0144683866591119,57.019413512500215,US
CBC,"Central Bancompany, Inc.",Financial Services,Banks - Regional,31.68000030517578,1.8322072762498007,-0.0115423288339747,64.1149183405283,US
CBIO,"Crescent Biopharma, Inc.",Healthcare,Biotechnology,14.75,-14.936563608976376,-0.0250317493997417,33.06821743369906,US
CBK,"Commercial Bancgroup, Inc.",Financial Services,Banks - Regional,34.040000915527344,2.964305812243747,0.0185745703825879,68.51419252936856,US
CBL,CBL,Real Estate,REIT - Retail,55.27000045776367,5.537524508356023,0.1188065227495203,67.1281764791031,US
CBLS,Clough Hedged Equity ETF,ETF,ETF,32.00400161743164,-1.3044578446341604,0.0025741202967573,41.627284152428935,US
CBNK,"Capital Bancorp, Inc.",Financial Services,Banks - Regional,35.84000015258789,2.1956101068267526,-0.0062502883266288,61.35653624389149,US
CBOA,Calamos Bitcoin Structured Alt ,ETF,ETF,24.19499969482422,0.1241414366245652,-0.0016204330936192,52.633409504968384,US
CBOE,"Cboe Global Markets, Inc.",Financial Services,Financial Data & Stock Exchanges,273.4100036621094,1.9920155899545064,-0.5690247037970906,50.9476477700931,US
CBOJ,Calamos Bitcoin Structured Alt Protection ETF - January,ETF,ETF,23.68409919738769,-0.0249106649931809,-0.0015784967261698,49.868565667901976,US
CBOL,CBOL,N/A,N/A,23.440000534057617,0.1709440862369388,-0.0004269231889572,51.76119555814881,US
CBON,VanEck China Bond ETF,ETF,ETF,23.841699600219727,0.0281120872852702,-0.0010719755353779,52.07350513336583,US
CBOO,Calamos Bitcoin Structured Alt Protection ETF - October,ETF,ETF,24.524999618530277,0.1429148539780135,-0.0003711508772004,61.38082150246831,US
CBOT,Corgi Robots & Humanoids ETF,ETF,ETF,24.18000030517578,-2.6570042003133767,-0.0299595647298809,40.2397596833174,US
CBOX,Calamos Tax-Aware Collateral ET,ETF,ETF,101.01000213623048,0.0693478235894161,-0.0023132854596712,59.8013094723039,US
CBOY,Calamos Bitcoin Structured Alt Protection ETF - July,ETF,ETF,24.489500045776367,0.1820427551961498,0.0010111004655101,53.38045227183617,US
CBRE,"CBRE Group, Inc.",Real Estate,Real Estate Services,140.9600067138672,1.0248748993628556,-0.0474887084491413,54.9410523709652,US
CBRL,"Cracker Barrel Old Country Store, Inc.",Consumer Cyclical,Restaurants,53.61000061035156,6.326859494753088,0.1121122336774989,64.75709205901924,US
CBRS,Cerebras Systems Inc.,Technology,Semiconductors,172.86000061035156,-19.62990555201265,-1.013243456112134,38.80643600939764,US
CBSE,CBSE,ETF,ETF,48.62789916992188,-2.337927079156348,-0.0201808904260077,43.16548919641629,US
CBT,Cabot Corporation,Basic Materials,Specialty Chemicals,90.38999938964844,3.515803602328905,0.0856578741470817,56.42878909024934,US
CBTA,Calamos Bitcoin 80 Series Struc,ETF,ETF,20.95499992370605,1.0171637475024895,-0.0058408195539326,50.478215025007565,US
CBTJ,Calamos Bitcoin 80 Series Structured Alt Protection ETF - January,ETF,ETF,17.799699783325195,-0.3320425078490299,-0.008532031426752,45.51921493397443,US
CBTL,Calamos Laddered Bitcoin Structured Alt Protection ETF,ETF,ETF,17.680099487304688,0.085471672770038,-0.0047718585822138,49.43677789933337,US
CBTO,Calamos Bitcoin 80 Series Structured Alt Protection ETF - October,ETF,ETF,19.72529983520508,0.1284216816540371,-0.0011709170424538,44.32484162678991,US
CBXA,Calamos Bitcoin 90 Series Struc,ETF,ETF,21.424299240112305,0.1509865437946126,-0.0063630048240561,50.59504283184847,US
CBXJ,Calamos Bitcoin 90 Series Structured Alt Protection ETF - January,ETF,ETF,20.0846004486084,-0.1461662093954698,-0.0048386986895522,45.269914313925554,US
CBXY,Calamos Bitcoin 90 Series Structured Alt Protection ETF - July,ETF,ETF,22.093900680541992,0.1990995238115833,0.0007004480626589,54.53772894941046,US
CBZ,CBZ,Industrials,Specialty Business Services,42.41999816894531,12.251910932120598,-0.0355211367435954,73.28608452794899,US
CCAP,"Crescent Capital BDC, Inc.",Financial Services,Asset Management,11.050000190734863,-0.3606849531349484,-0.008644900249053,49.47355751170109,US
CCB,Coastal Financial Corporation,Financial Services,Banks - Regional,78.9800033569336,0.6499326217621014,-0.1253076662486443,57.20314028235133,US
CCCC,"C4 Therapeutics, Inc.",Healthcare,Biotechnology,3.690000057220459,-9.113297802309184,0.0017510189561029,42.41804048807463,US
CCEC,Capital Clean Energy Carriers Corp.,Industrials,Marine Shipping,22.190000534057617,-0.5378706174688688,-0.041156838559715,55.26099349389582,US
CCEF,Calamos CEF Income & Arbitrage ETF,ETF,ETF,29.49329948425293,-0.6892735884107601,-0.0159976190187754,51.140648868989786,US
CCEP,Coca-Cola Europacific Partners PLC,Consumer Defensive,Beverages - Non-Alcoholic,105.18000030517578,-0.6235790396362341,-0.0955747172675116,61.58703684290073,US
CCI,CCI,Real Estate,REIT - Specialty,79.16999816894531,-0.6151211029847539,0.0504369386237706,44.04387060922896,US
CCIX,Churchill Capital Corp IX,Financial Services,Shell Companies,10.859999656677246,-0.1838277348648688,3.793607578925912e-05,50.53680414399965,US
CCL,CCL,N/A,N/A,26.40999984741211,-1.565412141216027,0.0217186925991837,42.70989643594969,US
CCO,CCO,Communication Services,Advertising Agencies,2.4200000762939453,0.8333325054910776,0.0008724454829498,56.480142499912425,US
CCOI,"Cogent Communications Holdings, Inc.",Communication Services,Telecom Services,10.970000267028809,-13.005546663754467,-0.0592866747979918,32.79616641657485,US
CCOR,Core Alternative ETF,ETF,ETF,26.15699958801269,0.8948904832386538,-0.0051257831438147,59.06411332064312,US
CCRN,"Cross Country Healthcare, Inc.",Healthcare,Medical Care Facilities,13.239999771118164,0.151282176137583,0.002445754523718,74.29916090800691,US
CCRP,Columbia Corporate Bond ETF Shares,EQUITY,EQUITY,19.559999465942383,-0.153142860703575,0.0036404723540101,43.86337293775102,US
CCS,"Century Communities, Inc.",Real Estate,Real Estate - Development,65.52999877929688,0.7533792387333,-0.0378703209444868,53.14558156508927,US
CCSB,Carbon Collective Short Duration Green Bond ETF,ETF,ETF,19.975000381469727,0.1755258098029108,0.0016495517720919,53.64853624053764,US
CCSI,"Consensus Cloud Solutions, Inc.",Technology,Software - Infrastructure,37.43999862670898,-0.1866160969248413,-0.0400211911370107,58.41261839234236,US
CCUP,T-REX 2X Long CRCL Daily Target ETF,ETF,ETF,1.340000033378601,-17.79140875468637,-0.0023411248433183,33.97517002672568,US
CDC,VictoryShares US EQ Income Enhanced Volatility Wtd ETF,ETF,ETF,76.35929870605469,0.7830687574949896,-0.0039424031922623,61.34148811278085,US
CDEI,"Calvert US Large-Cap Diversity, Equity And Inclusion Index ETF",ETF,ETF,91.63800048828124,0.1858553424527733,-0.0150570561277283,59.62565297792093,US
CDNA,"CareDx, Inc.",Healthcare,Diagnostics & Research,39.72999954223633,39.35460969231476,0.3416435317765891,82.1620756146896,US
CDNL,CDNL,N/A,N/A,71.2300033569336,4.534787195426036,0.2983402523707643,49.29864648116915,US
CDNS,"Cadence Design Systems, Inc.",Technology,Software - Application,330.1099853515625,-14.071902071123263,-2.5111557931323,28.621332726004283,US
CDP,COPT Defense Properties,Real Estate,REIT - Office,37.59000015258789,2.929900551512044,0.0140888910103695,72.28834692598565,US
CDRE,"Cadre Holdings, Inc.",Industrials,Aerospace & Defense,29.059999465942383,0.3799609675442403,-0.0220212688032484,49.58765421550986,US
CDRO,"Codere Online Luxembourg, S.A.",Consumer Cyclical,Gambling,9.300000190734863,-1.795143310458242,-0.0112930066655749,42.48964364568967,US
CE,Celanese Corporation,Basic Materials,Chemicals,45.70000076293945,-2.600165075908576,-0.0581270185187225,36.76353021903804,US
CECO,CECO Environmental Corp.,Industrials,Pollution & Treatment Controls,79.93000030517578,-4.424246167353506,0.0980183390027051,41.20406354860462,US
CEF,CEF,EQUITY,EQUITY,39.47999954223633,-3.894844735885156,-0.0051241265174812,38.25099109070285,US
CEFD,ETRACS Monthly Pay 1.5X Leveraged Closed-End Fund Index ETN,ETF,ETF,18.82250022888184,-1.4894163930236888,-0.0177150769814304,49.13373832272677,US
CEG,Constellation Energy Corporation,Utilities,Utilities - Independent Power Producers,252.38999938964844,0.4017799694557144,-0.1050186147935825,45.90618695776392,US
CEGX,Tradr 2X Long CEG Daily ETF,ETF,ETF,11.89459991455078,0.3848420755088885,-0.0092452359250915,44.25427287557909,US
CELC,Celcuity Inc.,Healthcare,Biotechnology,88.37999725341797,-17.847187442689123,-0.6388974107073815,38.40349345451708,US
CELH,"Celsius Holdings, Inc.",Consumer Defensive,Beverages - Non-Alcoholic,28.989999771118164,-5.261439837518831,-0.0831882889968998,42.87644172148923,US
CENX,Century Aluminum Company,Basic Materials,Aluminum,41.5,-7.096481528734655,-0.1045166466311138,32.008226977105295,US
CEPF,"Cantor Equity Partners IV, Inc.",Financial Services,Shell Companies,10.4350004196167,-0.047884683597066,-0.0017228438440324,60.303811229984845,US
CERS,Cerus Corporation,Healthcare,Medical Devices,3.130000114440918,0.3205201682257103,-0.0066443379511795,59.711455995564506,US
CERY,State Street SPDR Bloomberg Enhanced Roll Yield Commodity Strategy No K-1 ETF,ETF,ETF,36.0,4.408354054360543,0.0233156795795495,63.18014834693547,US
CET,CET,Financial Services,Asset Management,52.43000030517578,-0.380012842258176,-0.0342134612627454,48.0425206375974,US
CEVA,"CEVA, Inc.",Technology,Semiconductors,37.970001220703125,-16.62274822713749,-0.1600245221926398,41.05054980700746,US
CFA,VictoryShares US 500 Volatility Wtd ETF,ETF,ETF,99.11630249023438,-0.2844088764060984,-0.0280316314969139,56.9370710322586,US
CFG,"Citizens Financial Group, Inc.",Financial Services,Banks - Regional,72.38999938964844,2.914420185509052,-0.0024610824545723,60.868969014198186,US
CGBL,Capital Group Core Balanced ETF,ETF,ETF,37.20000076293945,-1.2476703712540116,-0.0141337193657375,44.92514741785028,US
CGCB,Capital Group Core Bond ETF,ETF,ETF,26.07999992370605,0.1536060167911131,0.0049566152238152,49.65177807565216,US
CGCP,Capital Group Core Plus Income ETF,ETF,ETF,22.200000762939453,0.1353210940111232,0.0035665881499047,48.82237307307379,US
CGDG,Capital Group Dividend Growers ETF,ETF,ETF,37.84000015258789,0.0793408574644118,-0.0097680375395907,58.13773041086712,US
CGGE,Capital Group Global Equity ETF,ETF,ETF,34.290000915527344,-1.76191916710309,-0.0247975522850476,46.52689083495108,US
CGGG,Capital Group U.S. Large Growth ETF,ETF,ETF,27.79560089111328,-3.4372032709521774,-0.0452801063161751,42.60742586204155,US
CGGO,Capital Group Global Growth Equity ETF,ETF,ETF,39.119998931884766,-4.585368458817645,-0.0330362391935719,40.27259285397788,US
CGGR,Capital Group Growth ETF,ETF,ETF,45.34000015258789,-3.654911114557074,-0.0707125873547026,41.77293311725381,US
CGHM,Capital Group Municipal High-Income ETF,ETF,ETF,25.739999771118164,-0.309837043577081,-0.0018139175363966,52.13120792229743,US
CGMM,Capital Group U.S. Small and Mid Cap ETF,ETF,ETF,31.940000534057617,-1.7381957098652023,-0.0173875188114665,45.24905482059317,US
CGMS,Capital Group U.S. Multi-Sector Income ETF,ETF,ETF,27.299999237060547,0.0733084674181443,0.0019219637490742,50.58264176642146,US
CGMU,Capital Group Municipal Income ETF,ETF,ETF,27.32999992370605,-0.2554733423312854,-0.0005788391381471,44.17300828585659,US
CGNG,Capital Group New Geography Equity ETF,ETF,ETF,35.060001373291016,-4.520696601927627,-0.0385867827836096,41.016685851487225,US
CGNT,Cognyte Software Ltd.,Technology,Software - Infrastructure,8.760000228881836,-0.4545450112051311,-0.0206299027791976,45.71632400636848,US
CGON,"CG Oncology, Inc.",Healthcare,Biotechnology,71.8499984741211,-4.505581453878311,-0.058024814108081,56.87897009722619,US
CGSD,CGSD,N/A,N/A,25.76000022888184,0.1555245590794951,0.0014225017841387,59.273248078505766,US
CGUS,Capital Group Core Equity ETF,ETF,ETF,44.0,-1.7747476313024046,-0.041419804554763,48.87782730678955,US
CGVV,CGVV,N/A,N/A,30.530000686645508,-0.8766186918932108,-0.0162178475898619,50.28338231556671,US
CGW,Invesco S&P Global Water Index ETF,ETF,ETF,65.76000213623047,0.2439080271815794,-0.0060479713124841,57.90911156543338,US
CGXU,Capital Group International Focus Equity ETF,ETF,ETF,33.13999938964844,-3.7467351266140447,-0.0362787196182692,42.58872167581478,US
CHAT,CHAT,N/A,N/A,81.94000244140625,-10.682358459301373,-0.1792426949690728,37.69092983470527,US
CHCO,City Holding Company,Financial Services,Banks - Regional,135.75999450683594,2.927126833409261,-0.0020486158181443,62.9940789131691,US
CHCT,Community Healthcare Trust Incorporated,Real Estate,REIT - Healthcare Facilities,18.809999465942383,4.441972386972121,0.0417831996709111,65.49932777704319,US
CHD,CHD,Consumer Defensive,Household & Personal Products,98.06999969482422,1.7745943063941387,0.0455066485938102,52.89307712575995,US
CHDN,Churchill Downs Incorporated,Consumer Cyclical,Gambling,83.94999694824219,-1.835827591734953,-0.0275111004651613,42.97348020520184,US
CHE,Chemed Corporation,Healthcare,Medical Care Facilities,510.0299987792969,4.38813782560115,0.3597182261171738,76.42627457890296,US
CHEF,CHEF,N/A,N/A,97.08499908447266,1.3519137243638926,-0.1983307995150474,57.27276834536442,US
CHGX,Stance Sustainable Beta ETF,ETF,ETF,32.19430160522461,-2.589100307380349,-0.0204502378857477,43.11535346354462,US
CHH,"Choice Hotels International, Inc.",Consumer Cyclical,Lodging,111.83999633789062,1.932186559971964,0.1595595591792423,53.57998294719541,US
CHPX,Global X AI Semiconductor & Quantum ETF,ETF,ETF,88.6073989868164,-11.055503325132698,-0.1535413495889535,39.17430824061782,US
CHPY,YieldMax Semiconductor Portfolio Option Income ETF,ETF,ETF,70.7300033569336,-10.46967307368602,-0.1346937898778286,40.548354005286086,US
CHRD,Chord Energy Corporation,Energy,Oil & Gas E&P,128.10000610351562,9.123440471549747,0.3044000324931497,56.64384306463501,US
CHRI,Global X S&P 500 Christian Values ETF,ETF,ETF,88.32250213623047,-1.4697649067254597,-0.0819642585514848,48.85929025826323,US
CHRW,"C.H. Robinson Worldwide, Inc.",Industrials,Integrated Freight & Logistics,208.5,7.751937984496124,0.3371911736940047,72.31356375004444,US
CHW,CHW,Financial Services,Asset Management,8.680000305175781,-0.9132303270635048,-0.0043417157309588,47.16892173076468,US
CHWY,"Chewy, Inc.",Consumer Cyclical,Internet Retail,20.93000030517578,0.2394690920444649,-0.0411921659966477,53.74157261610089,US
CHYM,"Chime Financial, Inc.",Technology,Software - Application,22.32999992370605,6.739961005114376,-0.0040996665380653,66.61573228884465,US
CI,The Cigna Group,Healthcare,Healthcare Plans,281.45001220703125,-4.09254399160075,-0.9568408664224588,44.91728227534352,US
CIBR,First Trust NASDAQ Cybersecurity ETF,ETF,ETF,92.36000061035156,0.5224242177649145,-0.1005536347006921,59.28988174882068,US
CIEG,Leverage Shares 2X Long CIEN Daily ETF,ETF,ETF,5.340000152587891,-35.27272542317708,-0.0788077906616959,31.1100800381774,US
CIEN,Ciena Corporation,Technology,Communication Equipment,374.4100036621094,-18.733720552593905,-2.4280446402427422,32.7342892179946,US
CIFG,Leverage Shares 2X Long CIFR Daily ETF,ETF,ETF,6.427199840545654,-39.52009101141977,-0.0021892936045752,34.35839922404169,US
CIFU,T-REX 2X LONG CIFR DAILY TARGET ETF,ETF,ETF,15.81999969482422,-38.82444191245845,-0.0078088925483261,34.261705232780955,US
CINF,Cincinnati Financial Corporation,Financial Services,Insurance - Property & Casualty,180.7899932861328,0.8422548622921513,0.2761672284498084,54.37744478870334,US
CINT,CI&T Inc.,Technology,Software - Infrastructure,3.2300000190734863,-1.8237064886088097,-0.003913267939491,39.641014419792974,US
CIVB,"Civista Bancshares, Inc.",Financial Services,Banks - Regional,28.51000022888184,3.0357793649142564,0.0055170384288631,59.76381611261093,US
CL,CL,Consumer Defensive,Household & Personal Products,92.9800033569336,0.8022609608653574,0.0114251060285721,53.93928863938631,US
CLB,Core Laboratories Inc.,Energy,Oil & Gas Equipment & Services,11.34000015258789,2.1621600258574607,-0.0052775183898676,42.95551904829152,US
CLBK,"Columbia Financial, Inc.",Financial Services,Banks - Regional,23.420000076293945,10.211765064912685,0.0673871089532379,78.51348692111249,US
CLBR,Colombier Acquisition Corp. III,Financial Services,Shell Companies,10.300000190734863,0.4878067388767149,0.002267764790913,53.337001073041314,US
CLCG,Crossmark Large Cap Growth ETF,ETF,ETF,28.31629943847656,-3.042973763229231,-0.0366653947153386,45.62737698651204,US
CLDT,Chatham Lodging Trust,Real Estate,REIT - Hotel & Motel,13.369999885559082,3.965787266697403,0.0196611404768732,65.15150626588019,US
CLF,Cleveland-Cliffs Inc.,Basic Materials,Steel,9.279999732971191,-1.2765945790308924,-0.0015207330503411,34.74815685976658,US
CLFD,"Clearfield, Inc.",Technology,Communication Equipment,30.63999938964844,-9.268584618557954,0.0078560692637186,32.602302896247366,US
CLIP,Global X 1-3 Month T-Bill ETF,ETF,ETF,100.25,0.0898525704873458,0.0014497683764547,98.29213936010903,US
CLIX,ProShares Long Online/Short Stores ETF,ETF,ETF,58.89300155639648,0.4057672526686947,-0.0553968743655153,60.12905496164601,US
CLM,"Cornerstone Strategic Investment Fund, Inc.",Financial Services,Asset Management,7.449999809265137,-0.7618779031398532,-0.0035709459899993,54.71611515442223,US
CLMB,"Climb Global Solutions, Inc.",Technology,Electronics & Computer Distribution,25.940000534057617,0.8161717666437113,-0.005244763798312,64.45791462274259,US
CLNE,Clean Energy Fuels Corp.,Energy,Oil & Gas Refining & Marketing,2.380000114440918,8.675801472882446,-0.0031145350321362,71.354806125788,US
CLNK,Bitwise Chainlink ETF,EQUITY,EQUITY,15.0,4.456827009916819,-0.0274774379431264,53.37686155517342,US
CLOB,VanEck AA-BB CLO ETF,ETF,ETF,50.29499816894531,-0.0893960737111055,-0.0019945644363451,57.91799346053935,US
CLOC,AAM Crescent Clo ETF,EQUITY,EQUITY,25.024999618530277,0.0399769303451359,0.0013240135952376,70.87151707715697,US
CLOD,CLOD,N/A,N/A,31.387300491333008,-0.6070489211753867,-0.0410251899622164,50.55754972752624,US
CLOU,Global X Cloud Computing ETF,ETF,ETF,24.13999938964844,1.6207124499406276,-0.0258650150997073,60.456919597484905,US
CLOV,CLOV,N/A,N/A,4.619999885559082,4.054050135560291,0.0134989233796341,49.20897362774274,US
CLOZ,Eldridge BBB-B CLO ETF,ETF,ETF,26.32999992370605,0.0379947910250259,0.00091045940061,59.0297826338131,US
CLPT,"ClearPoint Neuro, Inc.",Healthcare,Medical Devices,15.149999618530272,-13.428573608398436,-0.01556665583472,43.59638725811969,US
CLSE,Convergence Long/Short Equity ETF,ETF,ETF,33.709999084472656,-1.34620751864926,-0.0141430121117429,48.359733785917086,US
CLSK,"CleanSpark, Inc.",Financial Services,Capital Markets,13.029999732971191,1.4007731218516688,0.0316526609018739,42.64967732419736,US
CLSM,ETC Cabana Target Leading Sector Moderate ETF,ETF,ETF,26.536699295043945,-2.8529092478129487,-0.0180907680073946,41.727469089732416,US
CLSX,Tradr 2X Long CLSK Daily ETF,ETF,ETF,15.670000076293944,0.0638584226007417,0.0968993583295616,40.32618637034643,US
CLVT,Clarivate Plc,Technology,Information Technology Services,2.390000104904175,7.174891679918677,-8.518470363168967e-05,54.5018085845464,US
CMAY,Corgi U.S. Equities 15% Structured Buffer ETF - May Series,ETF,ETF,25.6200008392334,0.0781267869751634,-0.0018512898201155,55.347589493539246,US
CMBO,Wayfinder Dynamic U.S. Interest Rate ETF,ETF,ETF,102.91999816894533,0.0777925261605745,0.0002181474694274,98.39240461640736,US
CMBS,iShares CMBS ETF,ETF,ETF,48.46500015258789,0.0722689390699196,0.0016619912935207,51.97281837959044,US
CMC,CMC,Industrials,Metal Fabrication,66.41000366210938,6.018525397821043,0.106037994859411,48.12317240258272,US
CMCI,VanEck CMCI Commodity Strategy ETF,ETF,ETF,28.78499984741211,1.534389629944095,-0.0157453819787387,58.21731395451705,US
CMCO,Columbus McKinnon Corporation,Industrials,Farm & Heavy Construction Machinery,14.359999656677246,8.459213783388867,0.0302631784857352,52.474067648214856,US
CMCSA,Comcast Corporation,Communication Services,Telecom Services,23.790000915527344,0.9333950935580008,-0.0071787273015827,51.60607378172021,US
CMDB,Costamare Bulkers Holdings Limited,Industrials,Marine Shipping,18.809999465942383,-1.3633992293791304,-0.0901053559522989,54.42984906751678,US
CMDT,PIMCO Commodity Strategy Active Exchange-Traded Fund,ETF,ETF,32.25,2.739728025082941,2.28966450769863e-05,58.96837280962001,US
CMDY,iShares Bloomberg Roll Select Commodity Strategy ETF,ETF,ETF,58.650001525878906,3.02125629981202,0.004647851191562,59.03753197104832,US
CME,CME Group Inc.,Financial Services,Financial Data & Stock Exchanges,245.0500030517578,1.989428016106605,-0.151905096203758,49.04212206635268,US
CMF,iShares California Muni Bond ETF,ETF,ETF,57.11000061035156,-0.4184792853618455,-0.0055551590098953,38.83238302305513,US
CMG,CMG,Consumer Cyclical,Restaurants,34.439998626708984,-2.297876236286569,-0.0759525907970516,53.74693972661487,US
CMI,Cummins Inc.,Industrials,Specialty Industrial Machinery,648.47998046875,-4.0639146744874495,-0.3291540919526969,43.15135559557475,US
CMP,CMP,Basic Materials,Other Industrial Metals & Mining,29.459999084472656,-1.2734620180029677,0.0029150349295049,47.56517920161365,US
CMPR,Cimpress plc,Industrials,Specialty Business Services,102.8499984741211,3.128441805041398,-0.0979088882152849,60.37244272118765,US
CMPS,COMPASS Pathways plc,Healthcare,Medical Care Facilities,12.350000381469728,-9.457477488147765,-0.0380930563916996,45.92761693237353,US
CMRE,Costamare Inc.,Industrials,Marine Shipping,14.739999771118164,-1.338686846603014,-0.0393325103243531,43.93240697123095,US
CMS,CMS,Utilities,Utilities - Regulated Electric,73.6500015258789,-2.32095486019236,-0.05186809903586,43.83453072174501,US
CNAV,CNAV,N/A,N/A,39.35260009765625,-9.78312457295635,-0.0586762128930542,40.373170775258615,US
CNBS,Amplify Seymour Cannabis ETF,ETF,ETF,26.22150039672852,-1.095725494306695,0.0099672351680081,43.8589680515108,US
CNC,Centene Corporation,Healthcare,Healthcare Plans,66.44000244140625,-1.351144845332855,-0.0030227139407665,54.98171780370545,US
CNEQ,Alger Concentrated Equity ETF,ETF,ETF,38.31999969482422,-5.545969970236523,-0.0662408548320341,40.67984691120075,US
CNK,CNK,N/A,N/A,30.420000076293945,4.752063075964755,0.1047426375408261,48.86809207264677,US
CNND,Canandaigua National Corporation,Financial Services,Banks - Regional,226.5,0.0,-0.1386045496727384,83.41325019508623,US
CNNE,"Cannae Holdings, Inc.",Consumer Cyclical,Restaurants,14.949999809265137,2.467441075477929,-0.0171429891167781,59.37360601771015,US
CNO,CNO,Financial Services,Insurance - Life,53.59000015258789,3.137030594371838,0.038845967354405,67.03184203032653,US
CNOB,"ConnectOne Bancorp, Inc.",Financial Services,Banks - Regional,33.43000030517578,3.242739970427261,0.0230790191834355,59.488723540088586,US
CNP,"CenterPoint Energy, Inc.",Utilities,Utilities - Regulated Electric,43.130001068115234,-0.941662468513854,-0.0089375867620521,47.58340498759131,US
CNR,"Core Natural Resources, Inc.",Energy,Thermal Coal,83.0199966430664,1.4046584315430302,-0.1203341139662335,47.78407844339198,US
CNRG,State Street SPDR S&P Kensho Clean Power ETF,ETF,ETF,96.75,-4.5952110184673325,0.0199184679610429,36.98100792149711,US
CNS,CNS,Financial Services,Asset Management,84.6500015258789,9.366924879938074,0.3415297628811451,71.85000224089872,US
CNX,CNX,Energy,Oil & Gas E&P,33.279998779296875,4.032507087866168,0.0217468369972916,48.632238186487214,US
CNXC,Concentrix Corporation,Technology,Information Technology Services,24.43000030517578,10.045042637832138,-0.0031782700665445,50.205073652523765,US
CNXN,"PC Connection, Inc.",Technology,Electronics & Computer Distribution,78.97000122070312,2.226538797026699,0.0193357624296808,68.82687499131265,US
CNYA,iShares MSCI China A ETF,ETF,ETF,34.65999984741211,-5.763999462333027,-0.0745668373203738,36.97317892492482,US
COAG,"Hemab Therapeutics Holdings, Inc.",Healthcare,Biotechnology,49.290000915527344,29.60821061703608,0.2496105386438731,78.50055296533307,US
COAL,Range Global Coal ETF,ETF,ETF,22.96389961242676,1.4754770837068172,-0.0081004986203602,41.40128986463014,US
COCO,"The Vita Coco Company, Inc.",Consumer Defensive,Beverages - Non-Alcoholic,73.18000030517578,2.4929954359338704,0.0400320235453104,49.46874248133731,US
COF,Capital One Financial Corporation,Financial Services,Credit Services,208.02999877929688,3.2304457963558963,-0.0740461139133406,59.08404329107853,US
COFS,"ChoiceOne Financial Services, Inc.",Financial Services,Banks - Regional,33.93000030517578,2.880536010083385,0.0073695238051333,58.620985524000446,US
COGT,"Cogent Biosciences, Inc.",Healthcare,Biotechnology,39.08000183105469,0.540269886649413,0.0059927036598481,58.230273303907786,US
COHR,Coherent Corp.,Technology,Scientific & Technical Instruments,277.6000061035156,-14.45300274159765,0.1166710968372335,33.26682031716332,US
COHX,Tradr 2X Long COHR Daily ETF,ETF,ETF,26.86000061035156,-27.38578158543926,0.0996720736484269,33.87478958286948,US
COIG,Leverage Shares 2X Long COIN Daily ETF,ETF,ETF,4.699999809265137,-3.55018121377119,-0.029858371297016,43.55670000299052,US
COIN,"Coinbase Global, Inc.",Financial Services,Financial Data & Stock Exchanges,157.1199951171875,-1.225883018322057,-0.424161486997316,45.76599389777297,US
COIW,Roundhill COIN WeeklyPay ETF,ETF,ETF,8.5,-1.813567423624264,-0.0290253016887228,45.12232236689067,US
COLD,"Americold Realty Trust, Inc.",Real Estate,REIT - Industrial,15.93000030517578,2.707930819445413,-0.0042091223322573,60.63316045470975,US
COLL,"Collegium Pharmaceutical, Inc.",Healthcare,Drug Manufacturers - Specialty & Generic,36.08000183105469,2.4127229629944043,-3.875018700244537e-05,54.23298340454272,US
COLO,Global X MSCI Colombia ETF,ETF,ETF,44.38999938964844,0.2484205360976507,-0.0113921545096982,63.6644216225019,US
COM,Direxion Auspice Broad Commodity Strategy ETF,ETF,ETF,33.880001068115234,1.5892132481067776,-0.0026497762255342,67.57251583742703,US
COMD,Global X Commodity Strategy ETF,ETF,ETF,27.1200008392334,1.84003640221178,-0.0168670380621234,55.9675360445,US
COMT,iShares GSCI Commodity Dynamic Roll Strategy ETF,ETF,ETF,32.65999984741211,4.118846645108261,-0.0007649787912824,57.835356191103045,US
CONL,GraniteShares 2x Long COIN Daily ETF,ETF,ETF,4.800000190734863,-3.0302954406081475,-0.0268152211101312,43.74486502238185,US
CONX,Direxion Daily COIN Bull 2X ETF,ETF,ETF,5.809999942779541,-3.3760197618193244,-0.0334243791788499,43.86158574784201,US
COP,ConocoPhillips,Energy,Oil & Gas E&P,114.70999908447266,5.199924909518138,0.110472149403914,57.88358559888515,US
COPJ,COPJ,N/A,N/A,37.60490036010742,-5.038126744670165,-0.0731315821457845,41.44210814914424,US
COPX,Global X Copper Miners ETF,ETF,ETF,73.3499984741211,-4.167758561862138,-0.1227644145748194,41.293322263158565,US
COPZ,Defiance Daily Target 2X Long Copper Miners ETF,EQUITY,EQUITY,12.220000267028809,-9.00967990060768,-0.0486600452522787,39.56368616931383,US
COR,"Cencora, Inc.",Healthcare,Medical Distribution,307.8999938964844,1.469809985234014,-0.0479728854875984,63.726247188030165,US
CORB,AB Core Bond ETF,ETF,ETF,29.299999237060547,0.0341356135905846,0.0052842822151172,48.63122092022554,US
CORN,Teucrium Corn Fund,ETF,ETF,17.780000686645508,1.7162537314963715,-0.0022923691714881,58.26354862120018,US
CORO,iShares International Country Rotation Active ETF,ETF,ETF,35.279998779296875,-2.5145064436131537,-0.0209743668651925,43.41880443885318,US
COST,Costco Wholesale Corporation,Consumer Defensive,Discount Stores,940.8699951171876,2.6870390305252387,1.04131667846581,47.23334533095497,US
COTY,Coty Inc.,Consumer Defensive,Household & Personal Products,2.609999895095825,16.517851963563253,0.0110144377297962,73.40645931211043,US
COUR,"Coursera, Inc.",Consumer Defensive,Education & Training Services,5.559999942779541,-2.626971880303352,-0.0059837780007377,47.21342713178388,US
COWZ,Pacer US Cash Cows 100 ETF,ETF,ETF,64.9000015258789,1.2954609567787116,0.0029315128226599,59.86951684852145,US
COYY,GraniteShares YieldBOOST COIN ETF,ETF,ETF,17.684999465942383,-1.415907919893693,-0.0235208117591775,38.468204298865,US
CPA,"Copa Holdings, S.A.",Industrials,Airlines,139.07000732421875,-7.649903243123514,-0.3500763988357529,40.78705989436743,US
CPAY,"Corpay, Inc.",Technology,Software - Infrastructure,365.7900085449219,3.435695451082647,-0.1293798123016452,58.61346770596572,US
CPB,CPB,Consumer Defensive,Packaged Foods,22.07999992370605,0.0453114137748772,-0.0119303380450658,51.54402041788517,US
CPER,"United States Copper Index Fund, LP",ETF,ETF,37.91999816894531,-0.1842682454030088,-0.0247498432637905,49.30941977437647,US
CPHY,F/m Compoundr High Yield Bond ETF,ETF,ETF,51.63669967651367,0.022662811648759,-0.0008655401502753,54.50939462955981,US
CPLS,AB Core Plus Bond ETF,ETF,ETF,34.8650016784668,0.1436250286663855,0.0075847919829626,47.95993937477013,US
CPNG,"Coupang, Inc.",Consumer Cyclical,Internet Retail,16.6200008392334,-11.595736629231904,-0.0589847450420459,41.41692465995981,US
CPNQ,Calamos Nasdaq-100 Structured Alt Protection ETF - December,ETF,ETF,27.364900588989254,-0.1645357850197491,-0.0027650109687897,51.591764971198366,US
CPNS,Calamos Nasdaq-100 Structured Alt Protection ETF - September,ETF,ETF,28.16370010375977,-0.0223641196915769,-0.0015664075489198,63.34531592340083,US
CPRI,Capri Holdings Limited,Consumer Cyclical,Luxury Goods,16.3799991607666,-9.201783095986151,-0.0026540000152753,34.059653393420334,US
CPRJ,Calamos Russell 2000 Structured Alt Protection ETF - July,ETF,ETF,27.63999938964844,0.0361933738168035,0.0002900265205575,53.704789920565744,US
CPRO,Calamos Russell 2000 Structured Alt Protection ETF - October,ETF,ETF,28.280000686645508,0.1948637889545966,0.00250156140652,68.41359498705926,US
CPRT,CPRT,N/A,N/A,27.61000061035156,0.3270354327428823,0.0143324252794438,38.79038837358694,US
CPS,Cooper-Standard Holdings Inc.,Consumer Cyclical,Auto Parts,27.6200008392334,-0.4684654442039695,-0.0471734928287531,47.521622862296624,US
CPSF,Calamos S&P 500 Structured Alt Protection ETF - February,ETF,ETF,26.26000022888184,-0.1331045723923127,-0.0028259622188964,57.298051617855286,US
CPSM,Calamos S&P 500 Structured Alt Protection ETF - May,ETF,ETF,29.306400299072266,-0.0804624094619059,-0.0030517967276349,56.0722680013119,US
CPSP,Calamos S&P 500 Structured Alt Protection ETF - April,ETF,ETF,26.989999771118164,0.0741581693469618,-0.0012190156988128,64.29854081539966,US
CPST,Calamos S&P 500 Structured Alt Protection ETF - September,ETF,ETF,27.88999938964844,-0.0358431147618873,-0.0023602525564611,67.4261327638732,US
CPSU,Calamos S&P 500 Structured Alt Protection ETF - June,ETF,ETF,27.71500015258789,0.0902839221672274,-0.0015793191953517,59.09306152556295,US
CQP,CQP,Energy,Oil & Gas Midstream,62.380001068115234,-1.2036717277159208,-0.0962600550358756,49.79520621470031,US
CQQQ,Invesco China Technology ETF,ETF,ETF,50.31999969482422,-9.56146612721563,-0.2066845323060344,38.84923632753791,US
CRBN,iShares Low Carbon Optimized MSCI ACWI ETF,ETF,ETF,249.8500061035156,-1.851018778125604,-0.2060611879000442,46.63377563507954,US
CRC,California Resources Corporation,Energy,Oil & Gas E&P,52.83000183105469,0.6861074937606764,0.0451496984273196,43.17385764646232,US
CRCD,T-REX 2X Inverse CRCL Daily Target ETF,ETF,ETF,6.989999771118164,16.30614816829479,0.0166745600748041,59.07972400855286,US
CRCG,Leverage Shares 2X Long CRCL Daily ETF,ETF,ETF,7.769999980926514,-17.42826666396408,-0.0128117850763866,33.99178484690002,US
CRCO,YieldMax CRCL Option Income Strategy ETF,EQUITY,EQUITY,12.539999961853027,-6.073370264976791,-0.0091559496126152,37.37280188869448,US
CRDO,Credo Technology Group Holding Ltd,Technology,Semiconductors,202.67999267578125,-21.377871151874874,-0.9861781160211248,39.45520231731109,US
CRED,Columbia Research Enhanced Real Estate ETF,ETF,ETF,23.280000686645508,2.3701749408047568,0.0205505420108132,60.47231041497323,US
CRH,CRH,Basic Materials,Building Materials,102.91999816894533,-1.7094842242174952,-0.0251116566769528,42.57486117410525,US
CRI,CRI,Consumer Cyclical,Apparel Retail,38.09999847412109,-5.200299139097118,-0.0005135472021655,44.07883990184287,US
CRK,CRK,Energy,Oil & Gas E&P,13.34000015258789,3.2507745651223,0.0218051351857729,44.92085956350826,US
CRM,CRM,Technology,Software - Application,170.77000427246094,4.561594791906078,-0.0719422993240528,53.98748636262574,US
CRMD,CorMedix Inc.,Healthcare,Biotechnology,8.420000076293945,0.2381006984756423,0.0047575795499585,50.64399663471769,US
CRML,Critical Metals Corp.,Basic Materials,Other Industrial Metals & Mining,6.400000095367432,-19.49685221490565,-0.0260590050155904,27.848666391640165,US
CRMU,Leverage Shares 2X Long CRML Daily ETF,ETF,ETF,2.220000028610229,-37.11048026620211,-0.0154085131181928,29.086061508638,US
CRNC,Cerence Inc.,Technology,Software - Application,8.630000114440918,-17.57402202158729,-0.0701329490443803,33.71907257928784,US
CROX,"Crocs, Inc.",Consumer Cyclical,Footwear & Accessories,137.1300048828125,3.2761004243915397,0.0693611337688433,65.6898618037928,US
CRPT,First Trust SkyBridge Crypto Industry and Digital Economy ETF,ETF,ETF,11.442899703979492,-5.43058394028265,-0.0285994098757168,39.29799202577944,US
CRS,CRS,Industrials,Metal Fabrication,557.77001953125,-3.6017293769394887,-0.2510527931012163,47.96509823649107,US
CRSP,CRISPR Therapeutics AG,Healthcare,Biotechnology,47.77999877929688,-10.440487074289424,-0.1249213155398172,36.48854997237258,US
CRUS,"Cirrus Logic, Inc.",Technology,Semiconductors,137.97999572753906,-8.233575972704669,0.0703666115534851,33.260402353281194,US
CRUX,CRUX,N/A,N/A,29.75,0.1683475952059146,0.0062742359563466,50.44331042279597,US
CRWD,"CrowdStrike Holdings, Inc.",Technology,Software - Infrastructure,203.0800018310547,8.494502498893782,-0.2570620284642331,62.81656771912931,US
CRWG,Leverage Shares 2X Long CRWV Daily ETF,ETF,ETF,16.329999923706055,-32.99138546841452,0.0353934914315541,32.10353818766107,US
CRWU,T-REX 2X Long CRWV Daily Target ETF,ETF,ETF,3.109999895095825,-32.9741382632542,0.0062646977582255,32.198188734218675,US
CRWV,"CoreWeave, Inc.",Technology,Software - Infrastructure,73.20999908447266,-17.630511535983096,-0.0070630503985027,32.06200612233245,US
CSB,VictoryShares US Small Cap High Div Volatility Wtd ETF,ETF,ETF,67.36000061035156,2.288436148407389,0.0130008015667293,67.26193061437365,US
CSCO,"Cisco Systems, Inc.",Technology,Communication Equipment,111.94000244140624,-7.724008989994179,-0.0200145833064538,44.76393839629306,US
CSD,Invesco S&P Spin-Off ETF,ETF,ETF,136.35499572753906,-2.422362696837443,0.0805421307831251,42.80327421940262,US
CSHP,iShares Dynamic Short-Term Active ETF,ETF,ETF,99.10099792480467,-0.2616742344287552,-0.0167694706634476,48.628883231639286,US
CSHR,CoinShares PLC,Financial Services,Capital Markets,4.199999809265137,0.2386575634395413,-0.0122715423877283,48.83323769511925,US
CSM,ProShares Large Cap Core Plus,ETF,ETF,85.44219970703125,-1.279957603310637,-0.0653650742604837,50.78209786014127,US
CSMD,Congress SMID Growth ETF,ETF,ETF,34.27000045776367,-2.6973331346196003,-0.0075673429395293,42.99435584590815,US
CSNR,Cohen & Steers Natural Resources Active ETF,ETF,ETF,34.363399505615234,1.134259984333897,0.0049348356404662,48.208218084404045,US
CSTK,Invesco Comstock Contrarian Equity ETF,ETF,ETF,32.8916015625,-0.4943238274609731,-0.0067332717094485,56.56594979551932,US
CSTM,Constellium SE,Basic Materials,Aluminum,28.1200008392334,-3.961748019839292,0.0067159685844184,33.25191878652795,US
CSV,CSV,Consumer Cyclical,Personal Services,37.66999816894531,-0.5281245539488565,-0.0633291279969912,43.01752963528136,US
CSW,"CSW Industrials, Inc.",Industrials,Specialty Industrial Machinery,279.2699890136719,-0.5944377494204224,-1.1034974316866366,49.73713139924317,US
CSWC,Capital Southwest Corporation,Financial Services,Asset Management,24.299999237060547,2.7593356494422165,0.015569550029099,66.33988064207648,US
CSX,CSX Corporation,Industrials,Railroads,50.75,2.7120019363005,0.007421362473168,70.403027653957,US
CTAP,Simplify US Equity PLUS Managed Futures Strategy ETF,EQUITY,EQUITY,27.33799934387207,2.929216466767286,-0.0032329000987915,49.27140344724341,US
CTAS,Cintas Corporation,Industrials,Specialty Business Services,204.4499969482422,13.810953931690673,0.4124062781438224,74.24672646123908,US
CTBI,"Community Trust Bancorp, Inc.",Financial Services,Banks - Regional,74.93000030517578,4.011659290561632,-0.0188661138735353,63.45561337301186,US
CTEC,Global X ClimateTech ETF,ETF,ETF,56.45669937133789,-4.372266856684318,0.0117740670659749,34.49964745293043,US
CTEF,Castellan Targeted Equity ETF,ETF,ETF,88.65679931640625,-3.623435835164933,-0.0452892867519167,46.62704290315878,US
CTEV,Claritev Corporation,Healthcare,Health Information Services,30.38999938964844,-2.7208719196456728,0.0561446347753704,50.679126205470325,US
CTEX,ProShares S&P Kensho Cleantech ETF,ETF,ETF,36.25600051879883,-5.391154305814064,0.0232091868411643,36.61065841330983,US
CTGO,Contango Silver & Gold Inc.,Basic Materials,Gold,16.0,-3.7304501078592978,-0.0435870559105908,43.83078156248191,US
CTIF,Castellan Targeted Income ETF,ETF,ETF,52.82820129394531,0.6251453218005952,-0.0115153113309385,60.09478981948469,US
CTKB,"Cytek Biosciences, Inc.",Healthcare,Medical Devices,4.619999885559082,0.0,-0.0053654482927424,58.56042177896197,US
CTMA,Corgi U.S. Equities 30% Structured Buffer ETF - May Series,ETF,ETF,25.46999931335449,0.0785797635187545,-0.0015659511956233,54.27143684307525,US
CTNM,"Contineum Therapeutics, Inc.",Healthcare,Biotechnology,14.229999542236328,-6.3199477594899856,-0.0324364859157251,51.07368886179063,US
CTRN,"Citi Trends, Inc.",Consumer Cyclical,Apparel Retail,64.20999908447266,11.243932305118673,0.047846571041151,67.05699398865693,US
CTS,CTS Corporation,Technology,Electronic Components,59.400001525878906,-1.2304587151307869,0.08557874931835,41.05795096676032,US
CTVA,"Corteva, Inc.",Basic Materials,Agricultural Inputs,87.30000305175781,1.890759501414439,0.0368383146571886,65.74485261440346,US
CURE,Direxion Daily Healthcare Bull 3X Shares,ETF,ETF,116.02999877929688,-0.1634851483484612,-0.0246647051641879,56.80600596862495,US
CUT,Invesco MSCI Global Timber ETF,ETF,ETF,28.49850082397461,1.6714239238399726,0.0230213682104682,58.48958826279334,US
CUZ,Cousins Properties Incorporated,Real Estate,REIT - Office,31.76000022888184,4.957038957879174,0.0009138945283228,72.15040607093178,US
CVBF,CVBF,N/A,N/A,22.81999969482422,1.557634144037167,-0.0150063575943243,62.16324961666808,US
CVCO,"Cavco Industries, Inc.",Consumer Cyclical,Residential Construction,566.219970703125,-0.1833443296892571,0.2224043665430253,47.49035531114389,US
CVLC,Calvert US Large-Cap Core Responsible Index ETF,ETF,ETF,93.22540283203124,-1.5103227148087068,-0.0679828992179191,47.93555614776635,US
CVLT,"Commvault Systems, Inc.",Technology,Software - Application,147.80999755859375,-1.8330408656233492,-0.2165934130680842,62.38748007145829,US
CVNA,Carvana Co.,Consumer Cyclical,Auto & Truck Dealerships,67.33999633789062,2.293778618920852,-0.1872276666269925,49.05596890192605,US
CVNY,YieldMax CVNA Option Income Strategy ETF,ETF,ETF,21.459999084472656,2.2295807424351954,-0.0348921467522317,51.980530143368206,US
CVRD,Madison Covered Call ETF,ETF,ETF,18.15900039672852,1.0461283084871758,0.0039047600886827,57.885151628723264,US
CVRT,Calamos Convertible Equity Alternative ETF,ETF,ETF,47.2400016784668,-4.600346957328748,-0.0203492957317704,35.39047973866367,US
CVS,CVS Health Corporation,Healthcare,Healthcare Plans,107.47000122070312,3.1877096938873057,0.0658102995537017,68.24622413708207,US
CVSA,Covista Inc.,Consumer Defensive,Education & Training Services,118.0,-9.854846828095104,-0.2693660864649208,40.69125715401301,US
CVSB,Calvert Ultra-Short Investment Grade ETF,ETF,ETF,50.73500061035156,0.1678165486909751,0.0020409231921122,74.014681303516,US
CVSM,Cresalta Small And Mid-Cap ETF,ETF,ETF,26.299999237060547,1.7408079263062477,0.0198578985586783,61.14771234588396,US
CVX,Chevron Corporation,Energy,Oil & Gas Integrated,187.3800048828125,6.224496239365774,0.2231998290196513,63.85428757069455,US
CW,CW,Industrials,Aerospace & Defense,707.8400268554688,-6.216543312188238,-1.6076659455248956,37.23135989216031,US
CWB,State Street SPDR Bloomberg Convertible Securities ETF,ETF,ETF,101.48999786376952,-3.5632839947928154,-0.0398771441702304,36.86816631853843,US
CWCO,Consolidated Water Co. Ltd.,Utilities,Utilities - Regulated Water,29.170000076293945,0.9691958897923504,-0.0003173347059761,46.87665318068019,US
CWEB,Direxion Daily CSI China Internet Bull 2X Shares,ETF,ETF,22.540000915527344,2.781580491850673,-0.0643265358647575,54.87045205622263,US
CWI,CWI,ETF,ETF,39.52000045776367,-2.540071020162957,-0.0309241299552533,43.865799996247056,US
CWST,"Casella Waste Systems, Inc.",Industrials,Waste Management,95.6999969482422,-1.156788628498523,-0.2279544556010417,54.13640322344288,US
CWVX,Tradr 2X Long CRWV Daily ETF,ETF,ETF,13.460000038146973,-33.13462196073742,0.0280799712601562,32.11641943945928,US
CXM,CXM,Technology,Software - Application,5.829999923706055,6.386859551357145,-0.0021735976898121,68.27134341279111,US
CXRN,Teucrium 2x Daily Corn ETF,ETF,ETF,16.9950008392334,2.6144219139866625,-0.0093532997159068,55.606484559843054,US
CXSE,WisdomTree China ex-State-Owned Enterprises Fund,ETF,ETF,37.35449981689453,-3.050866856071557,-0.0832251335913525,41.21465982354969,US
CYD,CYD,Consumer Cyclical,Auto Manufacturers,43.900001525878906,-4.957776940711806,-0.0495887380721939,39.742550420318736,US
CYH,"Community Health Systems, Inc.",Healthcare,Medical Care Facilities,3.299999952316284,-7.563024817237462,-0.0046533812839219,49.87903773589331,US
CZA,Invesco Zacks Mid-Cap ETF,ETF,ETF,123.98500061035156,0.3114904053264039,-0.0103487918777471,62.49167517831141,US
CZNC,Citizens & Northern Corporation,Financial Services,Banks - Regional,23.34000015258789,2.144419093819932,-0.005382752905115,57.50311102786125,US
CZR,CZR,Consumer Cyclical,Resorts & Casinos,29.86000061035156,0.0670256624041515,-0.0020331016942458,53.51734162539159,US
D,"Dominion Energy, Inc.",Utilities,Utilities - Regulated Electric,71.04000091552734,1.3698616715036245,-0.0364490535858155,62.34391998420892,US
DAC,DAC,N/A,N/A,125.87000274658205,-1.9627670808055036,-0.299915507326588,46.47617353435808,US
DAL,DAL,Industrials,Airlines,84.16999816894531,-3.684633531516584,-0.0881521874598667,45.42683252852832,US
DAMD,Defiance Daily Target 2X Short AMD ETF,ETF,ETF,1.7999999523162842,24.999991721577445,0.0062764997543039,45.06807801111386,US
DAO,"Youdao, Inc.",Consumer Defensive,Education & Training Services,14.550000190734863,8.017816646593722,-0.0087051423514353,65.80908555580521,US
DASH,"DoorDash, Inc.",Consumer Cyclical,Internet Retail,184.13999938964844,-4.003757502516085,-0.4612407482036502,53.699472011203625,US
DAT,ProShares Big Data Refiners ETF,ETF,ETF,44.0099983215332,-0.4028274755929041,-0.0628731618853182,56.88969897613463,US
DAVE,Dave Inc.,Technology,Software - Application,440.4200134277344,9.898942839110262,-0.2826030168257176,76.2710929377266,US
DAX,DAX,ETF,ETF,43.81999969482422,-1.3040802458576308,-0.0301656972991054,44.82302553128242,US
DBA,Invesco DB Agriculture Fund,ETF,ETF,27.84000015258789,0.2520694766666772,-0.0100834537803363,61.043477699778926,US
DBAW,DBAW,N/A,N/A,47.096099853515625,-2.148142928848883,-0.0229829934989293,44.77127602362125,US
DBCA,D. Boral Acquisition I Corp.,Financial Services,Shell Companies,9.979999542236328,-0.2000045776367187,-0.0005477696621357,50.9052608817045,US
DBE,DBE,ETF,ETF,30.299999237060547,11.643330576556226,0.0330956957570194,61.859173406353314,US
DBEF,Xtrackers MSCI EAFE Hedged Equity ETF,ETF,ETF,54.25,-0.9494256954857512,-0.0230232261159732,51.09062798247832,US
DBEU,Xtrackers MSCI Europe Hedged Equity ETF,ETF,ETF,53.470401763916016,-0.278995096883139,-0.0013686974624128,53.3986473179549,US
DBEZ,Xtrackers MSCI Eurozone Hedged Equity ETF,ETF,ETF,61.51789855957031,-0.9150210820306778,-0.0160023646490474,48.997057549254976,US
DBIN,"Dacotah Banks, Inc.",Financial Services,Banks - Regional,50.060001373291016,8.82608994193699,0.2540638817449446,80.99204836218793,US
DBJP,Xtrackers MSCI Japan Hedged Equity ETF,ETF,ETF,111.20999908447266,-3.797577376812171,-0.169991673144181,43.94060737049432,US
DBMF,iMGP DBi Managed Futures Strategy ETF,ETF,ETF,30.8700008392334,0.2272779347624824,-0.0105907056355616,54.551240207376416,US
DBND,DoubleLine Opportunistic Core Bond ETF,ETF,ETF,45.275001525878906,0.1437789044958752,0.0053452484007306,50.47978173578794,US
DBO,Invesco DB Oil Fund,ETF,ETF,20.56999969482422,13.898119064816164,0.0330592754476191,60.22410689918018,US
DBP,DBP,ETF,ETF,91.57109832763672,-3.0685962269587765,-0.0290612689691522,37.8292909563453,US
DBX,"Dropbox, Inc.",Technology,Software - Infrastructure,30.6200008392334,4.898938948313206,-0.011446045510369,71.00521649924072,US
DC,Dakota Gold Corp.,Basic Materials,Gold,4.170000076293945,-7.333331637912327,-0.0059075443343263,38.27575219182759,US
DCH,Dauch Corporation,Consumer Cyclical,Auto Parts,5.440000057220459,6.042883740039169,0.0152396715344093,46.96156318368679,US
DCOM,"Dime Commercial Bancshares, Inc.",Financial Services,Banks - Regional,40.31999969482422,1.3065338385219447,-0.0101466210962257,55.86720301001152,US
DCOR,Dimensional US Core Equity 1 ETF,ETF,ETF,82.0999984741211,-0.8214548383707492,-0.0538523001762407,53.041946787105815,US
DCRE,DCRE,N/A,N/A,51.66999816894531,0.1162518075648232,0.000978787020227,62.385867336094485,US
DCTH,"Delcath Systems, Inc.",Healthcare,Medical Devices,12.8100004196167,-1.537277523032957,-0.0229955342849094,54.25550961037101,US
DDD,3D Systems Corporation,Technology,Computer Hardware,2.690000057220459,-12.377846393662631,-0.0124302990176383,39.64604429574082,US
DDDD,YieldMax U.S. Stocks Target Double Distribution ETF,EQUITY,EQUITY,32.349700927734375,1.4097219892845272,0.0188963723241921,56.20890726664671,US
DDFF,Innovator Equity Dual Directional 15 Buffer ETF - February,ETF,ETF,19.995500564575195,-0.2220576293370764,-0.0036534460176781,54.88800279191297,US
DDFJ,Innovator Equity Dual Directional 15 Buffer ETF - January,ETF,ETF,19.79490089416504,-0.2021587706500429,-0.0035821319229049,55.8609328654833,US
DDFL,Innovator Equity Dual Directional 15 Buffer ETF - July,ETF,ETF,21.223100662231445,-0.4077841665356166,-0.0060795543973441,52.30889483073216,US
DDFY,Innovator Equity Dual Directional 15 Buffer ETF - May,ETF,ETF,20.030000686645508,-0.3978116423570617,-0.0077540231912573,49.79043918448639,US
DDI,"DoubleDown Interactive Co., Ltd.",Communication Services,Electronic Gaming & Multimedia,11.329999923706056,-1.0480339524720363,0.0032051248936935,47.01886747023759,US
DDIV,First Trust Dorsey Wright Momentum & Dividend ETF,ETF,ETF,47.322601318359375,2.788070576412927,0.0089658710255985,76.2886269962282,US
DDL,Dingdong (Cayman) Limited,Consumer Defensive,Grocery Stores,2.2699999809265137,5.0925875335565856,-0.0040736521781541,55.27628668648499,US
DDM,ProShares Ultra Dow30,ETF,ETF,64.9800033569336,-1.9317819771046785,-0.0838482204679236,51.53291920455459,US
DDNQ,Innovator Growth-100 Dual Directional 5 Buffer ETF,ETF,ETF,20.1835994720459,-2.211239976254248,-0.0155318256801765,36.23341593600812,US
DDOG,"Datadog, Inc.",Technology,Software - Application,258.69000244140625,0.4465301927190801,-0.6348417985424426,57.65710165976461,US
DDSQ,Innovator Equity Dual Directional 5 Buffer ETF,ETF,ETF,21.09000015258789,-0.4719225056601627,-0.0047709635146933,53.98585014041044,US
DDTD,Innovator Equity Dual Directional 10 Buffer ETF - December,ETF,ETF,20.434999465942383,0.1224871078744435,-0.0035114449302361,59.548262291781086,US
DDTF,Innovator Equity Dual Directional 10 Buffer ETF - February,ETF,ETF,20.234899520874023,-0.6144454112340958,-0.0095463657496625,51.58295748913164,US
DDTL,Innovator Equity Dual Directional 10 Buffer ETF - July,ETF,ETF,21.92989921569824,-0.769688519616994,-0.010136530171046,48.14070461855942,US
DDTO,Innovator Equity Dual Directional 10 Buffer ETF - October,ETF,ETF,22.979999542236328,-0.4548388408078929,-0.0073489814307185,54.940041178906085,US
DDTS,Innovator Equity Dual Directional 10 Buffer ETF - September,ETF,ETF,22.6200008392334,-0.2205524344608677,-0.0049741146907733,60.16261920988961,US
DDTY,Innovator Equity Dual Directional 10 Buffer ETF - May,ETF,ETF,20.206600189208984,-0.7046692362292009,-0.0090270959618578,51.30089483167215,US
DDX,EA Series Trust - Defined Duration 10 ETF,ETF,ETF,25.024799346923828,-0.4384359695822857,-0.0027258795689265,48.50460524896058,US
DDXX,Defined Duration 20 ETF,ETF,ETF,27.520000457763672,-1.6510609941892735,-0.0165212157770057,45.63809351590992,US
DE,Deere & Company,Industrials,Farm & Heavy Construction Machinery,597.239990234375,1.7687361793110306,0.6145077367314746,51.21362676000697,US
DEA,DEA,N/A,N/A,25.559999465942383,2.7744214050064877,0.021083916083313,64.52946691321021,US
DECM,FT Vest U.S. Equity Max Buffer ETF - December,ETF,ETF,33.790000915527344,-0.0591554479482266,-0.0045298279448653,59.12265606177569,US
DECO,State Street Galaxy Digital Asset Ecosystem ETF,ETF,ETF,73.14779663085938,-4.230483856596666,-0.0559986475714701,41.34699806922621,US
DECP,PGIM S&P 500 Buffer 12 ETF - Dec,ETF,ETF,32.470001220703125,-0.764058651201443,-0.0219286706130624,50.91433685487489,US
DECW,Allianzim U.S. Equity Buffer20 Dec ETF,ETF,ETF,35.72460174560547,-0.3636809323543677,-0.0113989580614678,54.84624579016341,US
DEED,First Trust Securitized Plus ETF,ETF,ETF,21.350000381469727,-0.0935912820693616,-0.0006163223279371,51.26829392938645,US
DEEF,Xtrackers FTSE Developed ex US Multifactor ETF,ETF,ETF,38.97489929199219,-0.3632724537551952,-0.0116266000636026,51.086741536046745,US
DEEP,Acquirers Small and Micro Deep Value ETF,ETF,ETF,43.23600006103516,2.8180100598571207,0.0433077680662191,66.87613688751861,US
DEI,"Douglas Emmett, Inc.",Real Estate,REIT - Office,12.510000228881836,4.163197256213136,-0.006364289689339,59.12927389285671,US
DELL,Dell Technologies Inc.,Technology,Computer Hardware,396.3399963378906,-8.881073355496003,-1.182765875528851,48.35496545542343,US
DEM,WisdomTree Emerging Markets High Dividend Fund,ETF,ETF,52.86000061035156,-3.044753913195767,-0.040007165499503,43.42739368967782,US
DEMZ,Democratic Large Cap Core ETF,ETF,ETF,46.78129959106445,-1.8045365760462853,-0.0411421354201821,50.81672171960933,US
DESK,Vaneck Office And Commercial REIT ETF,ETF,ETF,43.22999954223633,4.143582968566103,0.0259162572165009,68.04972009297236,US
DFAE,Dimensional Emerging Core Equity Market ETF,ETF,ETF,37.369998931884766,-5.176353523029262,-0.0422341360094569,39.05040096384539,US
DFAI,Dimensional International Core Equity Market ETF,ETF,ETF,41.34999847412109,-0.5531586022245244,-0.0183024469646606,50.65112511702845,US
DFAS,Dimensional U.S. Small Cap ETF,ETF,ETF,81.12000274658203,0.0,-0.0064759942109992,54.88873119695617,US
DFAT,Dimensional U.S. Targeted Value ETF,ETF,ETF,70.61000061035156,1.3783188276255276,0.0104875720062528,63.06041128773247,US
DFAU,Dimensional US Core Equity Market ETF,ETF,ETF,51.5099983215332,-1.284020658727593,-0.0409403837012278,50.04417177218494,US
DFAX,Dimensional World ex U.S. Core Equity 2 ETF,ETF,ETF,36.06999969482422,-2.2758064374437703,-0.0254967275150234,43.51057154045596,US
DFCA,Dimensional California Municipal Bond ETF,ETF,ETF,49.959999084472656,-0.2595349724879525,-0.0037871087745523,42.16810520907289,US
DFCF,Dimensional Core Fixed Income ETF,ETF,ETF,42.02000045776367,0.1668645853424147,0.0068166530260214,48.87197671825575,US
DFE,WisdomTree Europe SmallCap Dividend Fund,ETF,ETF,74.19190216064453,1.0375893399186689,0.0010785852158762,56.181150537900464,US
DFEM,Dimensional Emerging Markets Core Equity 2 ETF,ETF,ETF,37.77000045776367,-5.409466143009588,-0.0480662373719444,38.5775645256679,US
DFGP,Dimensional Global Core Plus Fixed Income ETF,ETF,ETF,54.14500045776367,-0.1291149951622335,0.0041753260747281,47.92733289383925,US
DFGR,Dimensional Global Real Estate ETF,ETF,ETF,29.940000534057617,2.4290147209730963,0.0223938283009077,65.32346977055572,US
DFH,"Dream Finders Homes, Inc.",Consumer Cyclical,Residential Construction,15.84000015258789,0.0631726401139155,-0.0146967049251228,50.32568192192482,US
DFIC,Dimensional International Core Equity 2 ETF,ETF,ETF,37.36000061035156,-0.611863637410743,-0.0164647026220756,49.182973363231056,US
DFIP,Dimensional Inflation-Protected Securities ETF,ETF,ETF,41.21500015258789,0.1093077134905565,0.007945978712242,50.41282925291348,US
DFIS,Dimensional International Small Cap ETF,ETF,ETF,35.27000045776367,-0.3672346398634985,-0.0157660458984158,47.62043737442387,US
DFIV,Dimensional International Value ETF,ETF,ETF,55.72999954223633,0.5412217849699965,-0.0231419574618171,59.110615036384814,US
DFLV,Dimensional US Large Cap Value ETF,ETF,ETF,39.959999084472656,-0.1000022888183593,-0.0060530429980272,58.20863616529333,US
DFMC,DFA US Micro Cap Portfolio ETF Class,EQUITY,EQUITY,60.22999954223633,0.1329975300549303,-0.0099865170047579,58.29738169823128,US
DFNM,DFNM,N/A,N/A,48.09000015258789,-0.2902744992270551,-0.004186461252861,35.81683355664512,US
DFP,Flaherty & Crumrine Dynamic Preferred and Income Fund Inc.,Financial Services,Asset Management,20.899999618530277,0.6258986899444619,-0.0114067537183324,63.026932616245645,US
DFSB,Dimensional Global Sustainability Fixed Income ETF,ETF,ETF,51.68999862670898,-0.0966429264315675,0.0067070687114924,45.16283850931956,US
DFSD,Dimensional Short-Duration Fixed Income ETF,ETF,ETF,47.709999084472656,0.1196130499422508,0.0026541423251017,53.59655285861836,US
DFSE,Dimensional Emerging Markets Sustainability Core 1 ETF,ETF,ETF,45.93370056152344,-5.074085805737632,-0.043952462131401,39.44749584237485,US
DFSI,Dimensional International Sustainability Core 1 ETF,ETF,ETF,45.16999816894531,-0.616067303176942,-0.0188432854657363,50.61025666267946,US
DFSV,Dimensional US Small Cap Value ETF,ETF,ETF,39.52000045776367,1.855673285723682,0.0055482162583926,64.12166238195627,US
DFTX,"Definium Therapeutics, Inc.",Healthcare,Biotechnology,44.290000915527344,-5.906094746804431,-0.1503918916713083,62.586272938813245,US
DFUS,Dimensional U.S. Equity Market ETF,ETF,ETF,81.2300033569336,-1.610942636857813,-0.0744291225461476,48.36280976944957,US
DFUV,Dimensional US Marketwide Value ETF,ETF,ETF,54.77999877929688,-0.4362080633769444,-0.0128215822737073,53.265606526503184,US
DFVE,Doubleline Fortune 500 Equal Weight ETF,ETF,ETF,36.15380096435547,0.0935825954326497,-0.0061388487912681,60.16245077335977,US
DFVX,Dimensional US Large Cap Vector ETF,ETF,ETF,82.3499984741211,-0.9061025243479996,-0.0525322602569707,51.27261270137358,US
DG,Dollar General Corporation,Consumer Defensive,Discount Stores,125.75,5.743358506742956,0.0629522353060623,64.27787039528025,US
DGAP,FT Vest U.S. Equity Buffer & Digital Return ETF - April,ETF,ETF,30.53350067138672,-0.2824956416586607,-0.0074827100936803,55.2885590547888,US
DGCB,Dimensional Global Credit ETF,ETF,ETF,54.19340133666992,-0.205504038078834,0.0045122185014504,44.37739995566016,US
DGJA,FT Vest U.S. Equity Buffer & Digital Return ETF - January,ETF,ETF,31.649999618530277,-0.1577323129519799,-0.0058976333430164,58.76118981485549,US
DGLO,First Trust RBA Deglobalization ETF,ETF,ETF,23.94499969482422,1.3931253551140663,0.0086209538215219,58.2304279389024,US
DGOC,FT Vest U.S. Equity Buffer & Digital Return ETF October,ETF,ETF,32.595001220703125,0.110578073298336,-0.0005638860145328,71.81124343792979,US
DGP,DGP,ETF,ETF,129.0800018310547,-4.850362415914131,-0.0146160877331134,38.63887458294798,US
DGRE,WisdomTree Emerging Markets Quality Dividend Growth Fund,ETF,ETF,37.6864013671875,-5.0122190500648856,-0.0311541877505051,39.59340622747786,US
DGRW,WisdomTree U.S. Quality Dividend Growth Fund,ETF,ETF,95.87000274658205,-1.236218143622979,-0.0705974186561655,49.17724659472626,US
DGT,State Street SPDR Global Dow ETF,ETF,ETF,184.1719970703125,-0.7961200510440004,-0.046909395256097,48.75157812214592,US
DGX,Quest Diagnostics Incorporated,Healthcare,Diagnostics & Research,210.67999267578125,1.5618926900515109,0.2520672012845288,58.94666268904195,US
DHI,DHI,Consumer Cyclical,Residential Construction,149.38999938964844,-1.4447832266469711,-0.0264640982493893,44.5730351244958,US
DHLX,Diamond Hill Large Cap Concentrated ETF,ETF,ETF,13.473999977111816,1.3082690517415634,0.0005707336918154,61.09925632602037,US
DHR,Danaher Corporation,Healthcare,Diagnostics & Research,203.8300018310547,2.4014060316562564,-0.0435977857432829,66.18101775665798,US
DIEM,Franklin Emerging Market Core Dividend Tilt Index ETF,ETF,ETF,40.560001373291016,-4.755190218895637,-0.0298896842849629,41.04798002075886,US
DIG,ProShares Ultra Energy,ETF,ETF,57.61000061035156,9.358390806029307,0.0617608352903685,60.7249443643942,US
DIHP,Dimensional International High Profitability ETF,ETF,ETF,33.84000015258789,-0.7333528861278742,-0.0107536551805867,48.17245155073279,US
DIM,WisdomTree International MidCap Dividend Fund,ETF,ETF,85.80439758300781,-0.3780328350088682,-0.0350368104241206,51.28104694703821,US
DIN,"Dine Brands Global, Inc.",Consumer Cyclical,Restaurants,35.90999984741211,0.5600693589107848,-0.0064167272363293,58.67924512177711,US
DINE,Simplify Tax Aware Diversified Income Strategy ETF,EQUITY,EQUITY,25.21999931335449,-0.276795569943505,-0.0043016344368726,47.64011727113432,US
DIOD,Diodes Incorporated,Technology,Semiconductors,87.0199966430664,-9.711559324639454,-0.1403330988192852,37.54444379593193,US
DIPR,DIPR,N/A,N/A,21.415700912475582,-9.523866314120092,-0.013436363882878,29.57881351537168,US
DIPS,YieldMax Short NVDA Option Income Strategy ETF,ETF,ETF,38.411399841308594,3.651262654648482,0.0770919729288966,51.58471553308052,US
DIS,DIS,Communication Services,Entertainment,97.66999816894533,2.1438981002712416,0.0275341221998064,47.93416791365478,US
DISV,Dimensional International Small Cap Value ETF,ETF,ETF,41.130001068115234,0.5623460480577223,-0.0124658583041068,52.1350009944586,US
DIV,Global X SuperDividend U.S. ETF,ETF,ETF,19.670000076293945,1.9171028697395471,0.0001795641400359,64.05352747791,US
DIVD,Altrius Global Dividend ETF,ETF,ETF,43.73740005493164,1.211180044721662,0.0061044262394186,63.19003725214467,US
DIVI,Franklin International Core Dividend Tilt Index ETF,ETF,ETF,42.63999938964844,-0.582886462013655,-0.0167923682152589,50.39117084728176,US
DIVL,Madison Dividend Value ETF,ETF,ETF,25.09000015258789,1.801510369999014,0.0131741215618282,62.035695903592,US
DIVN,Horizon Dividend Income ETF,ETF,ETF,29.65279960632324,0.4226487703518131,0.0094714427915701,59.04988261965191,US
DIVO,Amplify CWP Enhanced Dividend Income ETF,ETF,ETF,46.36000061035156,-0.2152356351520336,-0.0201224205572938,54.68925505448398,US
DIVP,Cullen Enhanced Equity Income ETF,ETF,ETF,27.3351993560791,0.2942586599963931,0.0108959430695654,57.513467417563206,US
DIVY,Tidal ETF Trust - Sound Equity Income ETF,ETF,ETF,29.91819953918457,1.587703640052376,0.0044357064313932,61.54846701070216,US
DIVZ,Polen Dividend Income ETF,ETF,ETF,38.618900299072266,1.391214228262691,0.015173378081754,61.556028800538506,US
DJAN,FT Vest U.S. Equity Deep Buffer ETF - January,ETF,ETF,45.56499862670898,-0.4913786510584264,-0.0174084168152765,52.57069798298608,US
DJIA,Global X Dow 30 Covered Call ETF,ETF,ETF,22.489999771118164,0.9425452333963722,0.0065482860300567,74.95728674998071,US
DJP,iPath Bloomberg Commodity Index Total Return(SM) ETN,ETF,ETF,47.060001373291016,4.345904579785284,0.0125488456148114,59.73600189724874,US
DJT,Trump Media & Technology Group Corp.,Communication Services,Internet Content & Information,9.65999984741211,13.114752816884817,0.0042588657281377,65.89116085833626,US
DJTU,T-Rex 2X Long DJT Daily Target ETF,ETF,ETF,14.56999969482422,26.695649520210598,0.0223495180868286,63.92980133179268,US
DKNX,Defiance Daily Target 2X Long DKNG ETF,ETF,ETF,18.81859970092773,-11.881443586701254,-0.0267815311999636,42.29969298635528,US
DKS,"DICK'S Sporting Goods, Inc.",Consumer Cyclical,Specialty Retail,217.3600006103516,-0.2844275297456441,0.4929980134299536,45.95968795715244,US
DLB,"Dolby Laboratories, Inc.",Industrials,Specialty Business Services,49.06999969482422,-1.4658625570682169,0.0134452124867969,36.92364223641594,US
DLFE,FT Vest U.S. Equity Dual Directional Buffer ETF - February,ETF,ETF,31.748699188232425,-0.4742960254142549,-0.011084314809958,53.18650728597275,US
DLLL,GraniteShares 2x Long DELL Daily ETF,ETF,ETF,20.299999237060547,-18.702443751355364,-0.1382956710047591,46.37527850323857,US
DLMY,FT Vest U.S. Equity Dual Directional Buffer ETF - May,ETF,ETF,29.859699249267575,-0.7323825631557185,-0.0153990197358734,49.479271139511965,US
DLN,DLN,ETF,ETF,97.75,-0.2551020408163265,-0.0409462315087321,58.67511951001893,US
DLNV,FT Vest U.S. Equity Dual Directional Buffer ETF November,ETF,ETF,32.970001220703125,-0.3927409649870704,-0.0106268580355609,55.054384277164885,US
DLR,"Digital Realty Trust, Inc.",Real Estate,REIT - Specialty,173.8800048828125,-3.6195325351951855,0.0736081126964647,39.33018874839635,US
DLS,WisdomTree International SmallCap Dividend Fund,ETF,ETF,84.52050018310547,-0.4000712052842952,-0.0318713960122822,49.15010535046149,US
DLTR,"Dollar Tree, Inc.",Consumer Defensive,Discount Stores,125.94000244140624,0.8245927060278506,-0.1544390000702904,60.6643951290269,US
DLUX,DoubleLine Ultrashort Income ETF,EQUITY,EQUITY,50.34999847412109,0.1392197623780404,0.0018519834511302,76.74091645477544,US
DMBS,Doubleline Etf Trust - Mortgage ETF,ETF,ETF,48.65999984741211,-0.0205430900130641,0.0036023814445387,47.677867991186126,US
DMII,Drugs Made In America Acquisition II Corp.,Financial Services,Shell Companies,10.079999923706056,-0.1980243268145447,-0.0007078375410738,49.49720945398527,US
DMLP,"Dorchester Minerals, L.P.",Energy,Oil & Gas E&P,27.25,2.752637743724557,-0.0061532981617132,61.802902876490855,US
DMRA,"Damora Therapeutics, Inc.",Healthcare,Biotechnology,31.479999542236328,10.33998872972924,-0.0132716573640725,63.50686020718837,US
DMXF,iShares ESG Advanced MSCI EAFE Index ETF,ETF,ETF,82.91280364990234,-1.8945929552723424,-0.0649446696073342,47.20514883592988,US
DNA,"Ginkgo Bioworks Holdings, Inc.",Healthcare,Biotechnology,7.909999847412109,-12.98130126917368,-0.0461817115052581,37.3126446133167,US
DNL,WisdomTree Global ex-U.S. Quality Growth Fund,ETF,ETF,44.75,-2.3352241421884705,-0.0435561021705195,44.60350627495889,US
DNLI,Denali Therapeutics Inc.,Healthcare,Biotechnology,23.290000915527344,-9.306851095195412,-0.0088586268619701,46.798603577595394,US
DNP,DNP Select Income Fund Inc.,Financial Services,Asset Management,11.06999969482422,0.7279338068440668,-0.0038408076949259,66.63663219855601,US
DNTH,"Dianthus Therapeutics, Inc.",Healthcare,Biotechnology,105.5999984741211,8.196721439622994,0.3359278924751878,64.67973511223414,US
DNUT,"Krispy Kreme, Inc.",Consumer Defensive,Grocery Stores,3.299999952316284,-4.069770423704462,-0.001272035450117,42.58108375852692,US
DOGG,FT Vest DJIA Dogs 10 Target Income ETF,ETF,ETF,21.799999237060547,0.7393708499300874,0.0009616019595859,55.814761743924144,US
DOL,WisdomTree True Developed International Fund,ETF,ETF,73.47669982910156,-1.267533409101021,-0.0317581929081691,47.49989310274123,US
DOLE,Dole plc,Consumer Defensive,Farm Products,14.420000076293944,0.9097278851501164,0.0063733563763295,56.181568199792665,US
DON,DON,N/A,N/A,57.34000015258789,1.5946164914557606,0.0117093830603631,62.859857740973645,US
DORM,"Dorman Products, Inc.",Consumer Cyclical,Auto Parts,141.97000122070312,2.5054160438289714,0.0025149573962428,64.66423970425001,US
DOV,Dover Corporation,Industrials,Specialty Industrial Machinery,214.17999267578125,-0.534068241998029,0.0854475631063987,46.32245752642816,US
DOW,Dow Inc.,Basic Materials,Chemicals,29.920000076293945,3.065791831199847,0.0137205452150674,46.52262046434864,US
DOX,DOX,Technology,Software - Infrastructure,52.630001068115234,1.3870183448652418,0.0076141361569819,46.010135723181854,US
DPG,Duff & Phelps Utility and Infrastructure Fund Inc.,Financial Services,Asset Management,14.720000267028809,0.1360575375726601,-0.0135416109756439,56.26946650071319,US
DPRE,Virtus Duff & Phelps Real Estat,EQUITY,EQUITY,26.859699249267575,2.322663806733631,0.0186105254642738,64.52202425919936,US
DPST,DPST,N/A,N/A,150.35000610351562,6.5329844127469325,-0.0076049365897379,61.092696461128405,US
DRAI,Draco Evolution AI ETF,ETF,ETF,33.3650016784668,-1.155382542756986,-0.0070177727783738,42.8172921118909,US
DRAM,Roundhill Memory ETF,ETF,ETF,52.720001220703125,-16.37055765378694,-0.0399788165751338,40.04535773830461,US
DRAY,YieldMax DKNG Option Income Strategy ETF,EQUITY,EQUITY,15.686800003051758,-4.791958461497321,-0.0095231254429297,44.48166839860669,US
DRGN,Themes China Generative Artificial Intelligence ETF,ETF,ETF,34.88999938964844,-9.32245676529505,-0.157195043501672,41.47984436644478,US
DRI,"Darden Restaurants, Inc.",Consumer Cyclical,Restaurants,198.52999877929688,-2.8004901937347,0.1312216462851698,45.59340479138157,US
DRLL,Strive U.S. Energy ETF,ETF,ETF,37.001800537109375,6.327015368735991,0.0330678256389923,64.95911038145684,US
DRNZ,REX Drone ETF,ETF,ETF,20.11549949645996,-5.070792876435585,-0.0136332257203627,33.25192532849492,US
DRV,Direxion Daily Real Estate Bear 3X Shares,ETF,ETF,17.420000076293945,-6.394414266680331,-0.0379867082853304,40.21104074072286,US
DSCO,DoubleLine Securitized Credit ETF,ETF,ETF,24.850000381469727,0.161229005999192,0.0019785703024096,59.524631934915554,US
DSGR,"Distribution Solutions Group, Inc.",Industrials,Industrial Distribution,34.5,25.912410512108497,0.2591450623626937,83.94091465462814,US
DSI,DSI,ETF,ETF,139.64999389648438,-2.274317801828791,-0.1586092151970474,45.03860580900964,US
DSL,DoubleLine Income Solutions Fund,Financial Services,Asset Management,10.630000114440918,-2.822908670371062,-0.009201851760043,39.34631835538291,US
DSPY,Tema S&P 500 Historical Weight ETF Strategy,ETF,ETF,65.00859832763672,-1.5602948475160885,-0.0440237094136024,48.60901549625693,US
DSU,"BlackRock Debt Strategies Fund, Inc.",Financial Services,Asset Management,9.460000038146973,-1.6734252875841935,-0.0086831141924449,36.45212531266067,US
DTAN,Sparkline International Intangible Value ETF,ETF,ETF,31.8927001953125,-0.3975648364499203,-0.0059708591206459,50.91324293704034,US
DTCR,DTCR,N/A,N/A,27.399999618530277,-6.292750229106884,-0.0092012709738127,32.3829603470398,US
DTE,DTE,Utilities,Utilities - Regulated Electric,148.19000244140625,-1.384176330549208,-0.0140365905264532,48.42222597443165,US
DTEC,ALPS Disruptive Technologies ETF,ETF,ETF,48.76409912109375,0.1501247174291177,-0.0382990310253594,53.59834642180728,US
DTH,WisdomTree International High Dividend Fund,ETF,ETF,55.77190017700195,1.27456053398835,0.0029704290569732,61.48333833654026,US
DUG,ProShares UltraShort Energy ETF,ETF,ETF,18.040000915527344,-9.118385043619668,-0.0174756899112295,38.02875237842578,US
DUHP,Dimensional US High Profitability ETF,ETF,ETF,41.31999969482422,-1.313587893697586,-0.0226902864518626,50.94234282516567,US
DUK,Duke Energy Corporation,Utilities,Utilities - Regulated Electric,125.01000213623048,-0.3745626459430233,-0.0421482369104507,47.98447788075557,US
DUKH,Ocean Park High Income ETF,ETF,ETF,23.86260032653809,-0.1773702526229533,-0.0017010232978622,49.41812729345539,US
DUKX,Ocean Park International ETF,ETF,ETF,27.721900939941406,-2.4494980138552256,-0.0207936317222136,43.2554052952477,US
DUOG,Leverage Shares 2X Long DUOL Daily ETF,ETF,ETF,51.08599853515625,13.129740335845744,0.1373954666556853,57.17575626086084,US
DUOL,"Duolingo, Inc.",Technology,Software - Application,133.85000610351562,7.285992154247814,0.2029524973684808,59.12596711311702,US
DUSA,Davis Select U.S. Equity ETF,ETF,ETF,57.540000915527344,0.2089912058669009,-0.0329783189641936,62.65443110287196,US
DUSG,U.S. Small Cap Growth Portfolio: ETF Class Shares,ETF,ETF,51.47589874267578,-0.2405033626261677,-0.0002156841596073,50.81219477320314,US
DUSL,Direxion Daily Industrials Bull 3X Shares,ETF,ETF,94.33000183105467,-4.666131192093008,-0.0609385901047947,47.465256238699965,US
DUST,Direxion Daily Gold Miners Index Bear 2X Shares,ETF,ETF,69.8499984741211,11.403504982742906,0.1453940653008318,61.59146910228495,US
DV,"DoubleVerify Holdings, Inc.",Communication Services,Advertising Agencies,11.420000076293944,-2.142245058831163,-0.0387401951379622,55.3454057711029,US
DVAL,BrandywineGLOBAL Dynamic U.S. Large Cap Value ETF,ETF,ETF,15.983099937438965,0.3774389278312381,-0.0015668841330706,63.28475706389604,US
DVDN,Kingsbarn Dividend Opportunity ETF,ETF,ETF,16.18000030517578,3.0835894682421165,0.0208596175763009,58.73585092759178,US
DVN,DVN,Energy,Oil & Gas E&P,43.83000183105469,3.788781212791909,0.0335648736513353,53.56912854048506,US
DVND,DVND,N/A,N/A,38.32440185546875,-0.9398208034903376,-0.0113020149026931,50.4501877503977,US
DVOL,First Trust Dorsey Wright Momentum & Low Volatility ETF,ETF,ETF,37.61629867553711,1.3370144340872807,0.0051593985951081,66.85952946776536,US
DVVY,Invesco Diversified Dividend Op,ETF,ETF,26.940000534057617,0.2605124400368863,0.0023736260044351,59.79135914389892,US
DVXK,WEBs Technology XLK Defined Volatility ETF,ETF,ETF,35.7494010925293,-4.282840163679922,-0.0361424935690363,43.29000444638908,US
DVY,iShares Select Dividend ETF,ETF,ETF,161.8300018310547,1.486263023580694,0.0206130629447736,64.66453240691396,US
DVYA,iShares Asia/Pacific Dividend ETF,ETF,ETF,49.531700134277344,1.3540028992324318,-0.0113047012824869,62.87706987387646,US
DVYE,iShares Emerging Markets Dividend ETF,ETF,ETF,33.150001525878906,-0.3007472905897556,-0.0107446523346904,52.1467209738501,US
DWAW,AdvisorShares Dorsey Wright FSM All Cap World ETF,ETF,ETF,49.5015983581543,-2.381039429597098,-0.0309998558019274,43.8152301484307,US
DWLD,Davis Select Worldwide ETF,ETF,ETF,47.04389953613281,-0.9080546642319028,-0.0467395304724516,49.701692606414085,US
DWM,WisdomTree International Equity Fund,ETF,ETF,73.52899932861328,-0.3807048357607646,-0.0214061945731258,51.84665102102507,US
DWX,State Street SPDR S&P International Dividend ETF,ETF,ETF,47.51219940185547,1.5434889339539684,0.0159821099456949,68.38154932361427,US
DXC,DXC Technology Company,Technology,Information Technology Services,9.470000267028809,1.60944825232013,-0.0031821677126621,51.76035509167282,US
DXCM,"DexCom, Inc.",Healthcare,Medical Devices,76.6500015258789,2.2545390368825657,0.0203669643899349,59.083355987987176,US
DXIV,Dimensional International Vector Equity ETF,ETF,ETF,70.53990173339844,-0.7249293780381886,-0.0279951020121782,49.04920057576199,US
DXJ,WisdomTree Japan Hedged Equity Fund,ETF,ETF,171.85000610351562,-2.7887728871048125,-0.2859780622252912,45.94947721073758,US
DYFI,IDX Dynamic Fixed Income ETF,ETF,ETF,22.747900009155277,0.0787526057168769,0.0010722945106335,52.32216058031388,US
DYLG,Global X Dow 30 Covered Call & Growth ETF,ETF,ETF,28.07999992370605,0.2892938062091864,-0.0046101666222564,64.5560919719449,US
DYNB,Hartford Dynamic Bond ETF,ETF,ETF,39.19499969482422,0.1533189622190456,0.005758792924776,50.8992171324807,US
EA,EA,Communication Services,Electronic Gaming & Multimedia,208.8999938964844,1.2063321497009822,0.0720132512854434,80.01665230859015,US
EACO,EACO Corporation,Technology,Electronics & Computer Distribution,101.0,-0.0099021245608717,-0.1355206464522954,58.916771913749535,US
EAFG,Pacer Developed Markets Cash Cows Growth Leaders ETF,ETF,ETF,25.268999099731445,-0.574471023161358,-0.0083661642512237,44.58326900229243,US
EAGG,iShares ESG U.S. Aggregate Bond ETF,ETF,ETF,47.02999877929688,0.1064266444183256,0.0077327590486343,48.21553834075371,US
EAGL,Eagle Capital Select Equity ETF,ETF,ETF,33.279998779296875,0.2409578750574071,-0.0356361876347616,56.47807202008253,US
EALT,Innovator U.S. Equity 5 To 15 Buffer ETF - Quarterly,ETF,ETF,35.790000915527344,-0.7212158863679435,-0.0166431871604773,49.20867377433332,US
EAOR,iShares ESG Aware 60/40 Balanced Allocation ETF,ETF,ETF,37.25559997558594,-1.0528005077077107,-0.0152600094181163,47.2210540481887,US
EASG,Xtrackers MSCI EAFE Selection Equity ETF,ETF,ETF,38.049800872802734,-1.0125089403092506,-0.0178453176217183,50.123718893128206,US
EASY,Liberty One Defensive Dividend Growth ETF,ETF,ETF,27.29829978942871,0.3503314985073136,0.0044205005692433,55.538420522834926,US
EAT,"Brinker International, Inc.",Consumer Cyclical,Restaurants,189.3500061035156,2.20771441107258,0.1138125888937402,67.75510646458547,US
EBAY,eBay Inc.,Consumer Cyclical,Internet Retail,112.05999755859376,-4.385665122430303,-0.0999341311648811,50.73366431153414,US
EBC,"Eastern Bankshares, Inc.",Financial Services,Banks - Regional,23.0,3.0927859729936182,-0.0054403190475199,64.0108813212002,US
EBF,EBF,Industrials,Business Equipment & Supplies,21.3799991607666,2.541960525659785,-0.0016495476091328,56.25067433278486,US
EBI,Longview Advantage ETF,ETF,ETF,65.2063980102539,-0.2151623051613034,-0.0200043882228558,58.42642501278415,US
EBIZ,Global X E-commerce ETF,ETF,ETF,29.343900680541992,1.2207689279680802,-0.0307224631611245,63.91724561790193,US
EBS,EBS,Healthcare,Drug Manufacturers - Specialty & Generic,7.630000114440918,-5.217392128479001,-0.0047233358436883,41.2478895413044,US
EBUF,Innovator Emerging Markets 10 Buffer ETF - Quarterly,ETF,ETF,30.774999618530277,-2.47187665695433,-0.0202741928125116,38.27550326900362,US
ECC,ECC,Financial Services,Asset Management,3.700000047683716,-2.374667943936028,-0.0036646176150352,43.58789514538228,US
ECG,"Everus Construction Group, Inc.",Industrials,Engineering & Construction,133.22999572753906,-2.524141888437124,0.1148515475641267,40.983415192169325,US
ECH,iShares MSCI Chile ETF,ETF,ETF,38.880001068115234,-3.283581268090751,-0.0404866160205629,43.094339308995536,US
ECHO,EchoStar Corporation,Communication Services,Telecom Services,92.0,-4.166666666666666,0.0102656325982444,34.44384950849876,US
ECL,Ecolab Inc.,Basic Materials,Specialty Chemicals,272.8299865722656,-0.5395395718349597,0.0508279483255758,51.25083905774398,US
ECNS,iShares MSCI China Small-Cap ETF,ETF,ETF,28.200000762939453,-1.7421602324333527,-0.0338801392067964,39.98087522031286,US
ECO,Okeanis Eco Tankers Corp.,Industrials,Marine Shipping,53.880001068115234,-1.929373107189038,-0.2067828565780429,51.89946269640787,US
ECOW,Pacer Emerging Markets Cash Cows 100 ETF,ETF,ETF,27.31730079650879,0.5606474354815562,-0.003790403868775,55.76135905605907,US
ECPG,"Encore Capital Group, Inc.",Financial Services,Credit Services,91.33000183105467,-1.3501835982689565,-0.0248126534314736,58.43064432596677,US
ECVT,Ecovyst Inc.,Basic Materials,Specialty Chemicals,12.890000343322754,8.319334088472448,0.0325206364174135,59.27539103762406,US
ECX,ECARX Holdings Inc.,Consumer Cyclical,Auto Parts,1.100000023841858,-4.347822030685715,-0.0055016351539528,43.190922626422406,US
ED,ED,Utilities,Utilities - Regulated Electric,112.37000274658205,1.1249099793947306,0.0242994413849313,56.97812965655559,US
EDC,Direxion Daily MSCI Emerging Markets Bull 3X Shares,ETF,ETF,69.0,-16.12981303577673,-0.2273902613603469,38.17320872846875,US
EDEN,iShares MSCI Denmark ETF,ETF,ETF,115.95600128173828,1.5109847448848226,-0.071151907370889,67.69850572505051,US
EDGF,3EDGE Dynamic Fixed Income ETF,ETF,ETF,24.655000686645508,0.0811871628895847,0.001764463308085,57.09135478215361,US
EDGH,3EDGE Dynamic Hard Assets ETF,ETF,ETF,32.7400016784668,-0.2224668499863574,-0.0081919071260401,49.39188532006478,US
EDGI,3EDGE Dynamic International Equity ETF,ETF,ETF,30.209999084472656,-2.9865135626333124,-0.0288086085571637,42.18564668937439,US
EDGQ,Global X Nasdaq-100 Income Edge ETF,EQUITY,EQUITY,27.040000915527344,-3.8406824021115407,-0.0373772739937491,42.097928380665074,US
EDGU,3EDGE Dynamic US Equity ETF,ETF,ETF,31.214799880981445,-2.025112106119942,-0.0230266226442613,45.493157442285366,US
EDGX,Global X U.S. 500 Income Edge ETF,EQUITY,EQUITY,26.44440078735352,-1.341591015053281,-0.0217882356736129,48.861407370950495,US
EDIT,"Editas Medicine, Inc.",Healthcare,Biotechnology,2.9800000190734863,-8.588956202726294,-0.0073841264105974,46.8975878591589,US
EDIV,State Street SPDR S&P Emerging Markets Dividend ETF,ETF,ETF,42.06999969482422,0.3099691758989347,-0.0206580124835242,58.75029160834104,US
EDOG,ALPS Emerging Sector Dividend Dogs ETF,ETF,ETF,24.21999931335449,0.3729803386575474,-0.0008479078992948,55.0615859533499,US
EDU,EDU,Consumer Defensive,Education & Training Services,49.150001525878906,1.235844074659323,-0.0764886633310427,57.01034531392688,US
EDV,Vanguard Extended Duration Treasury Index Fund ETF Shares,ETF,ETF,62.18000030517578,-0.1124493089545682,0.0616695880302126,42.40019406393691,US
EE,EE,Energy,Oil & Gas Midstream,38.95000076293945,-0.1282031719501202,-0.0420407636568127,61.80921310884916,US
EEMA,iShares MSCI Emerging Markets Asia ETF,ETF,ETF,109.70999908447266,-4.649746730088912,-0.1211092119614702,40.12540135802615,US
EEMO,Invesco S&P Emerging Markets Momentum ETF,ETF,ETF,20.50329971313477,-9.47770393620344,-0.0169223755132404,38.51113871708585,US
EEMV,iShares MSCI Emerging Markets Min Vol Factor ETF,ETF,ETF,70.94000244140625,-4.496494874501183,-0.0428915326598211,39.35735319215699,US
EEMX,State Street SPDR MSCI Emerging Markets Fossil Fuel Reserves Free ETF,ETF,ETF,49.9208984375,-5.6387058237010494,-0.0551655291958559,39.52151077920023,US
EES,WisdomTree U.S. SmallCap Earnings Fund,ETF,ETF,67.87999725341797,0.5927591532096086,-0.0154712393232901,61.34210664394883,US
EEV,ProShares UltraShort MSCI Emerging Markets,ETF,ETF,12.210000038146973,11.00000034679066,0.027121699830976,59.0988848185012,US
EFAA,Invesco MSCI EAFE Income Advantage ETF,ETF,ETF,55.630001068115234,-0.5719386782138927,-0.0169669215331258,51.848772212989175,US
EFAD,ProShares MSCI EAFE Dividend Growers ETF,ETF,ETF,43.1411018371582,0.2232632647252017,-0.001881501818147,55.9422453506474,US
EFAV,iShares MSCI EAFE Min Vol Factor ETF,ETF,ETF,91.0500030517578,1.595626267965406,0.0263832690244925,68.24633545178276,US
EFAX,State Street SPDR MSCI EAFE Fossil Fuel Reserves Free ETF,ETF,ETF,53.619998931884766,-1.2523026053961177,-0.0274839627760659,48.82658835638978,US
EFC,Ellington Financial Inc.,Real Estate,REIT - Mortgage,13.529999732971191,-0.3681899191146531,-0.0089051641372684,52.08704366227501,US
EFG,iShares MSCI EAFE Growth ETF,ETF,ETF,120.04000091552734,-2.128006993787813,-0.0592272293689659,44.11960962229293,US
EFIV,State Street SPDR S&P 500 ESG ETF,ETF,ETF,71.62000274658203,-1.6614019690395134,-0.0640244650632717,45.62976252955189,US
EFNL,iShares MSCI Finland ETF,ETF,ETF,51.64039993286133,-1.7869947993010789,0.0215692048686035,42.13146136907239,US
EFO,ProShares Ultra MSCI EAFE,ETF,ETF,72.08350372314453,-1.6461961758922583,-0.0560538554913621,48.78525515648661,US
EFRA,iShares Environmental Infrastructure and Industrials ETF,ETF,ETF,35.510101318359375,-0.6543704292655075,-0.0121727492259952,52.62206478354888,US
EFV,iShares MSCI EAFE Value ETF,ETF,ETF,78.47000122070312,0.1020561700186107,-0.0364325524363047,59.083590150906765,US
EGGS,NestYield Total Return Guard ETF,ETF,ETF,36.20769882202149,-9.95349503501154,-0.042686347040042,36.36788888156706,US
EGGY,NestYield Dynamic Income ETF,ETF,ETF,33.66999816894531,-13.511436154628404,-0.0554237548039711,36.93164435265165,US
EGUS,Ishares ESG Aware MSCI USA Growth ETF,ETF,ETF,57.63600158691406,-2.096139574248156,-0.0743208818198391,48.7853244565087,US
EGY,"VAALCO Energy, Inc.",Energy,Oil & Gas E&P,5.300000190734863,0.9523845854259672,-0.0042665086112163,49.25098990605337,US
EH,EHang Holdings Limited,Industrials,Aerospace & Defense,5.119999885559082,-8.407875745964372,-0.0055105836374793,29.491948679086107,US
EHLS,Even Herd Long Short ETF,ETF,ETF,25.82029914855957,-1.9916499467469988,0.0016135485812568,38.71040828305886,US
EHY,Amplify Ethereum Max Income Covered Call ETF,ETF,ETF,7.5655999183654785,4.381895240825786,-0.0168605689361572,50.9425776701937,US
EIKN,"Eikon Therapeutics, Inc.",Healthcare,Biotechnology,9.770000457763672,-7.655949638784583,-0.0155527564018737,43.13769312727232,US
EIM,Eaton Vance Municipal Bond Fund,Financial Services,Asset Management,9.75,-1.4076362962364346,-0.012062391721717,43.0208113969697,US
EIPI,FT Energy Income Partners Enhanced Income ETF,ETF,ETF,22.3799991607666,1.2669627803791654,-0.0029228934987231,57.91947036520158,US
EIPX,FT Energy Income Partners Strategy ETF,ETF,ETF,32.2599983215332,1.5743012879347529,-0.004338719132175,59.20309087692966,US
EIRL,iShares MSCI Ireland ETF,ETF,ETF,78.58499908447266,-0.651073830067049,-0.0539449077199623,54.851500746812825,US
EIS,iShares MSCI Israel ETF,ETF,ETF,119.94000244140624,0.4775066446419594,-0.0415899738515341,45.0468797022788,US
EIX,EIX,Utilities,Utilities - Regulated Electric,77.62999725341797,3.231383515677899,-0.0066560657685115,66.78806919271119,US
EJAN,Innovator Emerging Markets Power Buffer ETF - January,ETF,ETF,35.365501403808594,-1.4586601355472304,-0.0166274393428717,42.21781081836168,US
EKG,First Trust Nasdaq Lux Digital Health Solutions ETF,ETF,ETF,19.279600143432617,-1.53421747417749,-0.0384761012826939,56.40903400682977,US
EL,EL,Consumer Defensive,Household & Personal Products,82.12999725341797,-0.6411884650500645,0.0197626104717925,47.96024685323851,US
ELCV,Eventide High Dividend ETF,ETF,ETF,31.72220039367676,-1.728000020798846,-0.0118178768621998,45.40609161780339,US
ELF,"e.l.f. Beauty, Inc.",Consumer Defensive,Household & Personal Products,73.69000244140625,-3.986967503053746,-0.14548484436731,58.45532026199852,US
ELFY,ALPS Electrification Infrastructure ETF,ETF,ETF,41.351898193359375,-3.08905561787728,-0.0152581052978082,36.35055846481662,US
ELIL,Direxion Daily LLY Bull 2X Shares,ETF,ETF,29.81999969482422,-1.9723878368340368,0.0283672262732328,53.53063571618936,US
ELM,Elm Market Navigator ETF,ETF,ETF,29.0049991607666,-1.0237199839107125,-0.0125406214328988,46.35555876940124,US
ELMT,The Elmet Group Co.,Industrials,Aerospace & Defense,14.40999984741211,-9.027779617427289,0.0391148175944078,34.50010112428093,US
ELTP,"Elite Pharmaceuticals, Inc.",Healthcare,Drug Manufacturers - Specialty & Generic,0.3898999989032745,5.3783767239032345,0.0004937094963897,57.44216096989502,US
ELV,"Elevance Health, Inc.",Healthcare,Healthcare Plans,373.1099853515625,-10.359662805809066,-1.5480831814268008,38.24002079616489,US
EMAT,Evolution Metals & Technologies Corp.,Basic Materials,Other Industrial Metals & Mining,4.989999771118164,-11.367679046420562,-0.0011424495561319,26.90345184439599,US
EMB,EMB,ETF,ETF,95.52999877929688,-0.4792156419520854,0.0011314327199468,46.516538503529794,US
EMBD,Global X Emerging Markets Bond ETF,ETF,ETF,23.780000686645508,0.2740903800944063,0.0027700022763627,52.26169674666272,US
EMBX,VanEck Emerging Markets Bond ETF,ETF,ETF,51.04059982299805,-0.3113299561838812,-0.0041427916137851,49.429088666463976,US
EMC,Global X Emerging Markets Great Consumer ETF,ETF,ETF,35.03919982910156,-5.552169192043828,-0.0389017011192648,38.860591276994654,US
EMCR,Xtrackers Emerging Markets Carbon Reduction and Climate Improvers ETF,ETF,ETF,41.61750030517578,-5.3631556781744,-0.0513314580659365,40.02066130509995,US
EMCS,Xtrackers MSCI Emerging Markets Select ETF,ETF,ETF,43.42279815673828,-5.725582149205014,-0.0404890326501053,41.035901980616906,US
EMD,EMD,Financial Services,Asset Management,10.640000343322754,-0.4677197289352381,-0.0042435445369281,51.40261637626424,US
EMDV,ProShares MSCI Emerging Markets Dividend Growers ETF,ETF,ETF,45.81930160522461,-0.1083474166401439,0.0021729528269097,50.48060391658803,US
EME,"EMCOR Group, Inc.",Industrials,Engineering & Construction,744.1599731445312,-4.762932497406084,-0.4176808904879046,36.4179983185911,US
EMEM,Sophus Capital Emerging Market ETF,ETF,ETF,24.44700050354004,-5.537089272394378,-0.0279441865514025,37.44183778503456,US
EMEQ,Nomura Focused Emerging Markets Equity ETF,ETF,ETF,62.61589813232422,-8.396028004915939,-0.0424253077074567,40.61165144679363,US
EMFI,Pictet Emerging Markets Debt ETF,EQUITY,EQUITY,50.52999877929688,-0.2566148213714914,0.0007287117852309,50.89936471108636,US
EMHC,State Street SPDR Bloomberg Emerging Markets USD Bond ETF,ETF,ETF,25.15999984741211,-0.3958843252716518,0.0005303129793752,46.73948632005366,US
EMHY,iShares J.P. Morgan EM High Yield Bond ETF,ETF,ETF,40.34999847412109,-0.394963846066271,-0.0015106728229802,49.9250588314834,US
EMKT,Lazard Emerging Markets Opportunities ETF,ETF,ETF,29.670000076293945,-6.199615599700768,-0.0474922363822729,39.53003377821359,US
EMLC,VanEck J.P. Morgan EM Local Currency Bond ETF,ETF,ETF,25.36000061035156,-0.7436345690116082,-0.0086144361396467,48.57224097751585,US
EMLP,First Trust North American Energy Infrastructure Fund,ETF,ETF,44.18999862670898,0.9134453135848344,-0.0096450037887143,56.58591652543259,US
EMM,Global X Emerging Markets ex-China ETF,ETF,ETF,40.88859939575195,-6.407710005468653,-0.0312532437932538,37.24771022878402,US
EMMF,WisdomTree Emerging Markets Multifactor Fund,ETF,ETF,36.28900146484375,-4.401995942914602,-0.0262533483619967,40.03322813952951,US
EMMY,Corgi Emerging Markets Equities,ETF,ETF,23.911399841308597,-1.639652955123326,0.0009958748623553,40.42603445508178,US
EMN,EMN,Basic Materials,Specialty Chemicals,68.5999984741211,1.5243433238845667,0.0640875551395576,46.52607844775433,US
EMNT,PIMCO Enhanced Short Maturity Active ESG Exchange-Traded Fund,ETF,ETF,98.83000183105467,0.0729040622866598,0.0007593570837833,78.88250082876446,US
EMO,EMO,Financial Services,Asset Management,52.68000030517578,4.090100118277473,-0.0017164241407399,69.41152097325059,US
EMOT,First Trust S&P 500 Economic Moat ETF,ETF,ETF,26.51140022277832,-1.0140787576931674,-0.0143947578839467,53.58121721521814,US
EMPB,Efficient Market Portfolio Plus ETF,ETF,ETF,32.47999954223633,-2.3715814751270714,-0.0298108268368772,44.88921515836056,US
EMQQ,EMQQ The Emerging Markets Internet ETF,ETF,ETF,33.00299835205078,-0.757788927891728,-0.0530081319452866,57.058209930483855,US
EMR,Emerson Electric Co.,Industrials,Specialty Industrial Machinery,139.5399932861328,0.4752220478946651,0.2458778101916112,49.112044767266816,US
EMTL,State Street DoubleLine Emerging Markets Fixed Income ETF,ETF,ETF,42.54499816894531,-0.0822068121280491,0.0018282109260476,51.76693736150877,US
EMTY,ProShares Decline of the Retail Store ETF,ETF,ETF,23.908599853515625,-0.888775628886224,-0.0189301346681378,47.3353463819892,US
EMXC,iShares MSCI Emerging Markets ex China ETF,ETF,ETF,91.77999877929688,-6.642253017456266,-0.0874373667717115,38.799821403048725,US
EMXF,iShares ESG Advanced MSCI EM ETF,ETF,ETF,54.76100158691406,-4.521042125221491,-0.0505972348175102,41.5702847406237,US
ENFR,Alerian Energy Infrastructure ETF,ETF,ETF,40.02000045776367,3.091192097818194,0.0064699437268703,61.73275238909906,US
ENOR,iShares MSCI Norway ETF,ETF,ETF,33.220001220703125,2.530863136439234,0.0059620715480295,52.34246770816228,US
ENOV,Enovis Corporation,Healthcare,Medical Devices,27.06999969482422,5.126212407084345,-0.0262862813001563,59.86139120880433,US
ENPH,"Enphase Energy, Inc.",Technology,Solar,41.56999969482422,-7.2719205957564705,0.0050598707666695,39.2058786639554,US
ENR,"Energizer Holdings, Inc.",Industrials,Electrical Equipment & Parts,20.229999542236328,-1.1724464053185863,-0.0034971885566598,47.12235194462437,US
ENS,EnerSys,Industrials,Electrical Equipment & Parts,196.5500030517578,-4.438929380173248,0.1772973505457855,38.63184461040449,US
ENTA,"Enanta Pharmaceuticals, Inc.",Healthcare,Biotechnology,13.739999771118164,0.2919705285395396,0.0274346383240593,51.98608503538853,US
ENTG,"Entegris, Inc.",Technology,Semiconductor Equipment & Materials,138.74000549316406,-4.547643847805579,0.4752105845541465,45.07003062360445,US
ENVA,"Enova International, Inc.",Financial Services,Credit Services,232.5200042724609,-2.339448171322961,-0.3234148394184224,62.82654844926002,US
ENVX,Enovix Corporation,Industrials,Electrical Equipment & Parts,4.71999979019165,-9.230769936149668,0.0052598578382577,34.502681892846525,US
ENZL,iShares MSCI New Zealand ETF,ETF,ETF,46.94419860839844,1.2382999563082646,0.0169930693759318,64.83560711006024,US
EOG,"EOG Resources, Inc.",Energy,Oil & Gas E&P,139.88999938964844,4.317668174946503,0.0559843415565965,58.2141103192426,US
EOLS,"Evolus, Inc.",Healthcare,Drug Manufacturers - Specialty & Generic,5.730000019073486,-13.313163338365012,-0.0073871955364728,31.696990339893333,US
EOSE,"Eos Energy Enterprises, Inc.",Industrials,Electrical Equipment & Parts,4.130000114440918,-6.136363069873223,0.024293901753766,30.36057564112869,US
EPAC,Enerpac Tool Group Corp.,Industrials,Specialty Industrial Machinery,34.61000061035156,-1.4802175973619192,-0.0017656039227565,47.9935428336517,US
EPAI,Harbor AI Inflection Strategy ETF,ETF,ETF,26.753700256347656,-6.1339572758468925,-0.0205983624426706,40.51293294767904,US
EPAM,"EPAM Systems, Inc.",Technology,Information Technology Services,88.66000366210938,5.68602253804466,0.069335779054295,50.92480219362155,US
EPC,Edgewell Personal Care Company,Consumer Defensive,Household & Personal Products,29.65999984741211,12.009064804187751,0.0733471450363083,75.1432914291196,US
EPD,Enterprise Products Partners L.P.,Energy,Oil & Gas Midstream,38.20000076293945,2.495305322654092,0.0082750363239984,57.559721159222576,US
EPEM,Harbor Emerging Markets Equity ETF,ETF,ETF,28.62800025939941,-2.5297062516888422,-0.0241677034976466,45.07180495313798,US
EPIN,Harbor International Equity ETF,ETF,ETF,27.739999771118164,-1.6695638722442203,-0.0210362054575963,47.71655472124399,US
EPMB,Harbor Mid Cap Core ETF,ETF,ETF,26.41699981689453,0.1440543888288471,0.0079004264659492,53.43329402038541,US
EPMV,Harbor Mid Cap Value ETF,ETF,ETF,26.749000549316406,-0.0560431537985485,0.0077817760022288,52.2018127644734,US
EPOL,iShares MSCI Poland ETF,ETF,ETF,40.34999847412109,-0.0495428741462642,-0.0409941172986317,55.31767866376401,US
EPR,EPR Properties,Real Estate,REIT - Specialty,62.209999084472656,4.344180139196143,0.067884442293098,70.80764645134651,US
EPRF,Innovator S&P Investment Grade Preferred ETF,ETF,ETF,16.67530059814453,0.4173171993195293,-0.0009825265143627,51.04424310752059,US
EPRT,"Essential Properties Realty Trust, Inc.",Real Estate,REIT - Retail,33.33000183105469,6.895450624873832,0.0655836457966391,74.46264756970626,US
EPSB,Harbor SMID Cap Core ETF,ETF,ETF,27.36199951171875,-0.3351094912164631,0.0029277437037033,52.13460152569787,US
EPSV,Harbor SMID Cap Value ETF,ETF,ETF,30.483200073242188,-0.3002475467099219,0.0070053998871538,50.92264469019057,US
EPU,iShares MSCI Peru ETF,ETF,ETF,84.51000213623047,-2.1421936788399503,-0.0873996615591223,50.40735157226485,US
EQAL,Invesco Russell 1000 Equal Weight ETF,ETF,ETF,59.040000915527344,-0.3039518768413225,-0.013939729975577,52.42088641841694,US
EQIX,"Equinix, Inc.",Real Estate,REIT - Specialty,1020.0,-2.9689559742818683,0.6133466814997011,42.69271987145105,US
EQL,ALPS Equal Sector Weight ETF,ETF,ETF,50.88999938964844,-0.2743472329951062,-0.0246427638758189,54.51046742791101,US
EQPT,EquipmentShare.com Inc.,Industrials,Rental & Leasing Services,16.614999771118164,-10.911527555154336,0.0147971956512305,39.620477563988935,US
EQR,EQR,Real Estate,REIT - Residential,69.0,0.4512993850279496,-0.0416688085996896,56.004208921371145,US
EQT,EQT,Energy,Oil & Gas E&P,49.560001373291016,1.4534348441096778,0.0338455074146564,37.21704807763225,US
EQWL,Invesco S&P 100 Equal Weight ETF,ETF,ETF,129.2899932861328,-0.7979809179086994,-0.0553156530305023,52.83271322808062,US
EQX,Equinox Gold Corp.,Basic Materials,Gold,8.619999885559082,-11.68033111258809,-0.0310062068438058,31.16808042214633,US
ERAS,"Erasca, Inc.",Healthcare,Biotechnology,19.170000076293945,3.4538551858213493,-0.0731578085275781,60.01264884839968,US
ERII,ERII,N/A,N/A,8.619999885559082,-1.2600190428998344,-0.0036789783177177,46.42161487664126,US
ERX,ERX,ETF,ETF,89.3499984741211,9.7126667431105,0.0952676875359594,61.02014565330327,US
ES,Eversource Energy,Utilities,Utilities - Regulated Electric,74.62000274658203,-0.2673041286526797,-0.0395731077846395,59.77386206828442,US
ESAB,ESAB Corporation,Industrials,Metal Fabrication,89.77999877929688,0.695373588741766,0.1828229638915837,46.21317620919385,US
ESBA,"Empire State Realty OP, L.P.",Real Estate,REIT - Office,5.449999809265137,-0.5474490821885398,-0.0094357984790722,51.45756775163815,US
ESEA,Euroseas Ltd.,Industrials,Marine Shipping,69.2300033569336,-1.395806495254312,-0.1912580767761061,51.19627900037102,US
ESGD,iShares ESG Aware MSCI EAFE ETF,ETF,ETF,102.4000015258789,-0.957537353335792,-0.052511914389021,50.00375713090301,US
ESGE,iShares ESG Aware MSCI EM ETF,ETF,ETF,50.81999969482422,-5.133470255116871,-0.0496132494577163,40.1826185523253,US
ESGU,iShares ESG Aware MSCI USA ETF,ETF,ETF,163.05999755859375,-1.5813587838059373,-0.168475666303746,49.18408647825384,US
ESGV,Vanguard ESG U.S. Stock ETF,ETF,ETF,131.5500030517578,-1.6742584249813044,-0.1427571032206366,48.93541781549064,US
ESIM,Eventide International ETF,EQUITY,EQUITY,28.749900817871094,-2.714196083726357,-0.0195152200547726,45.164472618435056,US
ESLG,Eventide Large Cap Growth ETF,EQUITY,EQUITY,27.84970092773437,-2.881502476673125,-0.0313657921221962,47.61973380940743,US
ESML,iShares ESG Aware MSCI USA Small-Cap ETF,ETF,ETF,53.959999084472656,-1.2896767936473863,-0.0138547491322274,48.10300523575567,US
ESMV,iShares ESG Optimized MSCI USA Min Vol Factor ETF,ETF,ETF,30.3843994140625,-1.333335480481218,-0.0143767547776193,51.39216804968998,US
ESNT,Essent Group Ltd.,Financial Services,Insurance - Specialty,66.70999908447266,3.651333828208702,0.0567738659001084,68.68339913324776,US
ESPO,VanEck Video Gaming and eSports ETF,ETF,ETF,91.2083969116211,-1.236168469260892,-0.0988700219090285,53.99016434447983,US
ESSC,Eventide Small Cap ETF,EQUITY,EQUITY,31.0,-0.7618953298046753,-0.0093871547140561,53.47998291328842,US
ESTC,Elastic N.V.,Technology,Software - Application,61.59000015258789,2.241033261132295,-0.0744452199359707,56.726904444974274,US
ESUM,Strategy Shares - Eventide US Market ETF,EQUITY,EQUITY,29.940000534057617,-1.9325258411997663,-0.025061890450361,48.43938748795913,US
ET,Energy Transfer LP,Energy,Oil & Gas Midstream,20.31999969482422,3.357069443207481,0.0021179856332697,65.23630366203096,US
ETB,Eaton Vance Tax-Managed Buy-Write Income Fund,Financial Services,Asset Management,15.399999618530272,-0.5459724064924943,-0.0127742734710066,53.90379313461775,US
ETCO,Grayscale Ethereum Covered Call ETF,EQUITY,EQUITY,8.244999885559082,0.6989458157421448,-0.0137800889224059,47.35713371482058,US
ETD,ETD,N/A,N/A,22.780000686645508,4.832034820655682,-0.0007714914531991,60.84811323297075,US
ETEC,iShares Breakthrough Environmental Solutions ETF,ETF,ETF,26.928199768066406,-5.455377304051606,-0.0083130924504178,35.65934674781475,US
ETFT,Fundsmith Equity ETF,EQUITY,EQUITY,9.843000411987305,0.6853558607022872,0.0028710122555533,54.2146140450114,US
ETG,Eaton Vance Tax-Advantaged Global Dividend Income Fund,Financial Services,Asset Management,23.020000457763672,-0.9099143944669008,-0.0154032316718983,49.9749484062525,US
ETHA,iShares Ethereum Trust ETF,ETF,ETF,13.90999984741211,2.8085744415419134,-0.0387624975248163,53.82637757253973,US
ETHB,iShares Staked Ethereum Trust ETF,ETF,ETF,23.729999542236328,2.9947855872001017,-0.0647026546892436,54.14727828301714,US
ETHD,Proshares UltraShort Ether ETF,ETF,ETF,64.23999786376953,-7.060191968892558,0.4153256447614062,42.31146990832027,US
ETHE,Grayscale Ethereum Staking ETF,ETF,ETF,14.880000114440918,2.833447407366887,-0.0413716984534296,53.86157230287724,US
ETHO,Amplify Etho Climate Leadership U.S. ETF,ETF,ETF,79.31670379638672,-0.0255797294683964,-0.0240106135375975,55.75247946770675,US
ETHU,2x Ether ETF,ETF,ETF,15.390000343322754,5.410958501451088,-0.0855290792686006,51.83944855509979,US
ETHV,VanEck Ethereum ETF,ETF,ETF,26.959999084472656,3.058101076937457,-0.072934114894299,54.10847869182723,US
ETHW,Bitwise Ethereum ETF,ETF,ETF,13.1899995803833,2.886114620645904,-0.036773693258662,53.9010481325227,US
ETJ,Eaton Vance Risk-Managed Diversified Equity Income Fund,Financial Services,Asset Management,8.34000015258789,-1.1262627421792777,-0.0108513600770969,52.04697493320258,US
ETN,ETN,Industrials,Specialty Industrial Machinery,399.989990234375,-1.7899254976359142,-0.2582001067843292,47.67251824218126,US
ETO,Eaton Vance Tax-Advantaged Global Dividend Opportunities Fund,Financial Services,Asset Management,30.31999969482422,-0.8754610019649796,-0.0326225529979457,48.60929821698596,US
ETR,Entergy Corporation,Utilities,Utilities - Regulated Electric,113.23999786376952,-1.5732334984589351,-0.1158504693680047,48.76090226782401,US
ETSY,"Etsy, Inc.",Consumer Cyclical,Internet Retail,84.0999984741211,3.763103402248586,-0.0419818046514697,66.4456313006557,US
ETTY,ETTY,N/A,N/A,8.314900398254395,4.00125725171217,-0.0198610418269857,52.092597185241885,US
ETU,T-Rex 2X Long Ether Daily Target ETF,ETF,ETF,4.050000190734863,5.0583701866814375,-0.023408210352753,51.4365041370092,US
ETV,Eaton Vance Tax-Managed Buy-Write Opportunities Fund,Financial Services,Asset Management,14.890000343322754,-1.7184188378784475,-0.0155057428868025,53.74884168810348,US
ETY,ETY,Financial Services,Asset Management,14.25,-1.5942665990353446,-0.0186633190042414,44.8035916558996,US
EUAD,Select STOXX Europe Aerospace & Defense ETF,ETF,ETF,41.630001068115234,-1.9778670318907603,0.0057556189544179,47.88786963111704,US
EUDG,WisdomTree Europe Quality Dividend Growth Fund,ETF,ETF,39.040000915527344,0.3624840261567485,0.0044708765237326,56.46508163310561,US
EUDV,ProShares MSCI Europe Dividend Growers ETF,ETF,ETF,53.30730056762695,0.9206592642814452,0.0083395611048885,56.74173835327349,US
EUFN,iShares MSCI Europe Financials ETF,ETF,ETF,40.119998931884766,0.0249272535055079,-0.0283985754079466,60.31241851309321,US
EUHY,"iShares, Inc. - iShares Euro High Yield Corporate Bond USD Hedged ETF",ETF,ETF,53.5,-0.2609981193912073,-0.0015239675342498,52.411820767334135,US
EUIG,iShares Euro Investment Grade Corporate Bond USD Hedged ETF,ETF,ETF,49.93999862670898,-0.0800338453255494,-0.0012374965765118,45.793085389975325,US
EUSB,iShares ESG Advanced Universal USD Bond ETF,ETF,ETF,43.130001068115234,0.1160613624312902,0.0064490375171028,48.12143568211612,US
EVAC,EQV Ventures Acquisition Corp. II,Financial Services,Shell Companies,10.225000381469728,0.1469181514858871,0.0008939176958274,63.51497087040512,US
EVCM,EverCommerce Inc.,Technology,Software - Application,12.039999961853027,18.38741269941592,0.0150599711223234,72.87337938852724,US
EVGO,"EVgo, Inc.",Consumer Cyclical,Specialty Retail,1.6799999475479126,-7.182320405601388,-0.0027227016990294,37.186820098236055,US
EVH,"Evolent Health, Inc.",Healthcare,Health Information Services,5.809999942779541,-1.190479086717377,-0.0115088097956194,60.66797253700715,US
EVHY,Eaton Vance High Yield ETF,ETF,ETF,52.358699798583984,0.1218120888595809,0.0014404823410699,60.29358675521988,US
EVIM,Eaton Vance Intermediate Municipal Income ETF,ETF,ETF,52.95000076293945,-0.3950321389680727,-0.0045892214736768,42.78758696578559,US
EVMO,Eaton Vance Mortgage Opportunities ETF,ETF,ETF,50.0099983215332,0.1401675946117896,0.003962004204963,52.6488164053676,US
EVMT,Invesco Electric Vehicle Metals Commodity Strategy No K-1 ETF,ETF,ETF,17.724599838256836,0.6507622029150265,0.0021984925324933,43.26900412657042,US
EVN,Eaton Vance Municipal Income Trust,Financial Services,Asset Management,11.0600004196167,0.6439965554237713,-0.0003316458212584,57.21506838499362,US
EVRG,"Evergy, Inc.",Utilities,Utilities - Regulated Electric,85.58999633789062,-0.140010206351491,-0.0430826636913768,51.59461971288155,US
EVSB,Eaton Vance Ultra-Short Income ETF,ETF,ETF,50.88999938964844,0.0983462567082659,7.987456310407093e-05,74.71192499499983,US
EVSM,Eaton Vance Short Duration Municipal Income ETF,ETF,ETF,50.27000045776367,-0.0795088738530223,0.0001612767522775,52.6512777200472,US
EVT,Eaton Vance Tax-Advantaged Dividend Income Fund,Financial Services,Asset Management,27.100000381469727,-0.3508709669704514,-0.0057666964115634,54.37225150408833,US
EVTC,"EVERTEC, Inc.",Technology,Software - Infrastructure,30.270000457763672,3.487181052183493,-0.0298958025873677,64.01313870982163,US
EVTR,Eaton Vance Total Return Bond ETF,ETF,ETF,50.5099983215332,0.0792492567122646,0.0065152682046327,48.85462216988181,US
EVYM,Eaton Vance High Income Municipal ETF,ETF,ETF,50.685001373291016,-0.0690060066438306,0.0011162067201786,51.45868900948354,US
EW,Edwards Lifesciences Corporation,Healthcare,Medical Devices,85.7300033569336,-7.027432807588256,-0.2023791820888179,39.82031608164962,US
EWC,EWC,ETF,ETF,59.45000076293945,1.3640225340958478,-0.0025849711037628,64.31144549260341,US
EWH,iShares MSCI Hong Kong ETF,ETF,ETF,22.040000915527344,2.5116321652434594,0.0022965074795854,59.1029195818064,US
EWI,iShares MSCI Italy ETF,ETF,ETF,60.2599983215332,-0.5446473514171012,-0.03633758980942,54.829575391050376,US
EWJ,EWJ,ETF,ETF,90.48999786376952,-4.29402967418815,-0.1463722414070376,41.79019298826991,US
EWJV,iShares MSCI Japan Value ETF,ETF,ETF,44.880001068115234,-2.536482060161838,-0.0810209512249127,47.77053734370523,US
EWK,EWK,ETF,ETF,26.36389923095703,0.3574372727717602,0.0103462066897356,45.43711201536564,US
EWN,iShares MSCI Netherlands ETF,ETF,ETF,66.87000274658203,-1.820581196091008,-0.0448429164964831,46.67882980391224,US
EWS,iShares MSCI Singapore ETF,ETF,ETF,31.479999542236328,-0.5056885287565968,-0.0494228494564408,66.24230060885037,US
EWT,EWT,N/A,N/A,97.33000183105467,-8.343535555750977,-0.2128803848001819,40.73791484868016,US
EWTX,"Edgewise Therapeutics, Inc.",Healthcare,Biotechnology,39.7599983215332,-12.44219675151771,-0.0682239460843325,50.11091555651958,US
EWU,EWU,ETF,ETF,46.93999862670898,0.7296140852380215,0.0053967335242106,57.34674862474648,US
EWV,EWV,ETF,ETF,18.790000915527344,8.864430280164758,0.0579989355005787,57.2837651781235,US
EWX,State Street SPDR S&P Emerging Markets Small Cap ETF,ETF,ETF,69.3499984741211,-6.0679984367130215,-0.1212523036208985,35.71035003627476,US
EWY,EWY,ETF,ETF,162.5399932861328,-11.432002232944798,-0.0577301512785317,38.1065494679122,US
EWZ,iShares MSCI Brazil ETF,ETF,ETF,35.22999954223633,-1.9482347815026784,-0.048491447821033,51.39038967611793,US
EWZS,iShares MSCI Brazil Small-Cap ETF,ETF,ETF,13.109999656677246,-3.7444951040166714,-0.0245654569811301,47.10306549318406,US
EXC,EXC,Utilities,Utilities - Regulated Electric,46.2599983215332,-1.1538481289113385,-0.0204138338079063,48.734626494461054,US
EXCE,"EXCO Resources, Inc.",Energy,Oil & Gas E&P,22.5,2.272727272727273,0.0395766621452305,47.91000592344522,US
EXE,EXE,Energy,Oil & Gas E&P,88.12999725341797,1.0085928405936604,0.0178823960727856,44.69578182546762,US
EXLS,EXLS,N/A,N/A,28.15999984741211,3.1501854739398176,-0.0139397549966538,52.8262211759825,US
EXP,Eagle Materials Inc.,Basic Materials,Building Materials,205.92999267578125,-1.8212192248957093,0.0717391500598014,43.22729282013792,US
EXPD,"Expeditors International of Washington, Inc.",Industrials,Integrated Freight & Logistics,182.8000030517578,6.266712307611928,0.0906370871595259,77.60578288234478,US
EXPE,"Expedia Group, Inc.",Consumer Cyclical,Travel Services,268.7699890136719,-0.7606238824090036,-0.2182711959015701,59.790798270022734,US
EXR,Extra Space Storage Inc.,Real Estate,REIT - Industrial,148.16000366210938,2.9174748210383457,0.1061327184343442,54.74562503966422,US
EXTR,"Extreme Networks, Inc.",Technology,Communication Equipment,30.34000015258789,-9.997030624177736,-0.0460098709018899,49.21657433109625,US
EXUS,Nomura Focused International Core ETF,ETF,ETF,27.66230010986328,-3.602240961895033,-0.0437189083623464,44.85811321296557,US
EYE,EYE,Consumer Cyclical,Specialty Retail,20.729999542236328,6.035807423147506,-0.011865274170856,65.26177509933609,US
EYEG,AB Corporate Bond ETF,ETF,ETF,34.94499969482422,0.186349268115136,0.0084092564284692,45.94701203676316,US
EYES,Corgi Data & Surveillance ETF,ETF,ETF,26.300600051879883,-0.6774905342060078,-0.7797324165626094,6.191668560866063,US
EYLD,Cambria Emerging Shareholder Yield ETF,ETF,ETF,45.22999954223633,-3.683985468407629,-0.0488474996805202,44.57729783069767,US
EZA,iShares MSCI South Africa ETF,ETF,ETF,62.36000061035156,-2.2876826879569254,-0.0499580758059436,42.39141128574556,US
EZET,Franklin Ethereum ETF,ETF,ETF,13.979999542236328,2.945505307640027,-0.0383931494407102,54.03613889001643,US
EZM,WisdomTree U.S. MidCap Earnings Fund,ETF,ETF,75.55000305175781,0.6796403651494874,0.0173449062041028,58.56170485353841,US
EZPW,EZPW,N/A,N/A,32.09000015258789,-5.811563134639893,-0.0329780902069001,46.4039874879461,US
EZRO,Alphadroid Defensive Sector Rotation ETF,ETF,ETF,23.68670082092285,-5.664496689429411,-0.040652966248483,37.81212513456843,US
EZU,EZU,ETF,ETF,67.97000122070312,-0.8605547825266383,-0.0190789236371471,48.2769724594903,US
F,F,Consumer Cyclical,Auto Manufacturers,14.229999542236328,1.6428538731166291,0.0137951940840104,53.4943243699372,US
FAAA,Fidelity AAA CLO ETF,ETF,ETF,50.32500076293945,0.1691860701292281,0.0013971937232083,90.46839010953332,US
FAAR,First Trust Alternative Absolute Return Strategy ETF,ETF,ETF,31.280000686645508,0.4883077164592213,0.0059037863970405,34.85566212111209,US
FAC,Factorial Energy Inc.,Industrials,Electrical Equipment & Parts,5.670000076293945,-39.16308731809583,0.0544460498142806,29.73306824066557,US
FAD,First Trust Multi Cap Growth AlphaDEX Fund,ETF,ETF,184.74090576171875,-3.007872852557976,-0.0622895155112324,41.8004390090068,US
FAF,FAF,Financial Services,Insurance - Specialty,73.02999877929688,5.367192831825287,0.1209944797179282,65.3580199537043,US
FAI,First Trust Bloomberg Artificial Intelligence ETF,ETF,ETF,49.650001525878906,-6.21457723115661,-0.0822582749095278,41.19096114299135,US
FANG,"Diamondback Energy, Inc.",Energy,Oil & Gas E&P,195.5399932861328,6.625221624364206,0.276045970129481,59.80270088495413,US
FAST,FAST,N/A,N/A,45.4900016784668,-2.15100013744069,-0.0339918731790209,44.93127565396409,US
FAUG,FT Vest U.S. Equity Buffer ETF - August,ETF,ETF,56.59000015258789,-0.4047862433502951,-0.0200355648374716,56.15152441258309,US
FAX,Abrdn Asia-Pacific Income Fund Inc,Financial Services,Asset Management,14.34000015258789,-2.316077285557109,-0.0125445255357256,43.36391454391157,US
FBCG,Fidelity Blue Chip Growth ETF,ETF,ETF,59.970001220703125,-3.6935911677414937,-0.0934331391828425,43.45865748603556,US
FBCV,Fidelity Blue Chip Value ETF,ETF,ETF,40.84650039672852,1.0501694681724003,-0.0042427357116301,66.12255575461845,US
FBDC,FT Confluence BDC & Specialty Finance Income ETF,ETF,ETF,17.27280044555664,1.0755441284045486,-0.0071149704529535,58.72625287898127,US
FBIN,"Fortune Brands Innovations, Inc.",Industrials,Building Products & Equipment,51.45000076293945,-0.3100171391589128,-0.0629913641001156,60.570252148576,US
FBIZ,"First Business Financial Services, Inc.",Financial Services,Banks - Regional,65.69999694824219,3.139711399291425,0.0351109985417086,65.72365865654172,US
FBL,GraniteShares 2x Long META Daily ETF,ETF,ETF,26.8700008392334,-7.312862879001656,-0.2220993929521664,55.14770233987895,US
FBND,Fidelity Total Bond ETF,ETF,ETF,45.290000915527344,0.0883998133200966,0.0072853617275612,48.60637145924868,US
FBOT,Fidelity Disruptive Automation ETF,ETF,ETF,36.70299911499024,-4.924362687944543,-0.0593451311062679,37.69888948608645,US
FBP,FBP,Financial Services,Banks - Regional,27.440000534057617,2.848576537438794,0.0025025453876805,66.96570844211283,US
FBRT,"Franklin BSP Realty Trust, Inc.",Real Estate,REIT - Mortgage,8.15999984741211,0.9900980750178164,0.0015304840089948,51.93263516529032,US
FBRX,"Forte Biosciences, Inc.",Healthcare,Biotechnology,48.86000061035156,11.247729160651918,-0.0324571969994087,86.57955579072664,US
FBT,First Trust NYSE Arca Biotechnology Index Fund,ETF,ETF,248.47999572753903,-0.4447296072110449,-0.1145117833911344,61.321875874179256,US
FBTC,Fidelity Wise Origin Bitcoin Fund,ETF,ETF,55.81999969482422,0.3686020141518645,-0.0527178333703857,49.77693266931956,US
FBUF,Fidelity Dynamic Buffered Equity ETF,ETF,ETF,32.62070083618164,-0.5163161775501292,-0.020074638070497,57.50439106238571,US
FBY,YieldMax META Option Income Strategy ETF,ETF,ETF,9.829999923706056,-3.0009336187735576,-0.0347970638459239,56.92456795119136,US
FBYD,"Falcon's Beyond Global, Inc.",Industrials,Conglomerates,11.100000381469728,-24.64357958978925,-0.022774801347869,36.04801612112927,US
FCAL,First Trust California Municipal High Income ETF,ETF,ETF,49.28499984741211,-0.4343437426017992,-0.0048743264946917,38.52220248699183,US
FCEF,First Trust Income Opportunity ETF,ETF,ETF,23.725000381469727,-0.9367132964595604,-0.0134780002249439,50.85016265884387,US
FCEL,"FuelCell Energy, Inc.",Industrials,Electrical Equipment & Parts,18.4950008392334,-12.054207154742928,0.0252778178401111,44.14010407767526,US
FCF,First Commonwealth Financial Corporation,Financial Services,Banks - Regional,21.1200008392334,4.090684505937504,0.014310751986482,67.12088091800535,US
FCG,First Trust Natural Gas ETF,ETF,ETF,28.040000915527344,4.9401258835853445,0.029124017048644,55.40349358568044,US
FCLO,Fidelity CLO ETF,ETF,ETF,50.2400016784668,-0.0198971572800062,-0.0022836943471546,72.25014392183573,US
FCN,FCN,Industrials,Consulting Services,162.5500030517578,3.6274400224825407,-0.1314211954505546,59.17593763702711,US
FCNCA,"First Citizens BancShares, Inc.",Financial Services,Banks - Regional,2122.1298828125,1.411637907147488,1.1178040865466734,55.57976640106387,US
FCPI,Fidelity Stocks for Inflation ETF,ETF,ETF,53.949798583984375,-1.2270237294148991,-0.0243890732152259,48.52994836331822,US
FCSH,Federated Hermes Short Duration Corporate ETF,ETF,ETF,24.07999992370605,-0.0415119502635688,-0.0001965116413573,48.76422473172218,US
FCTE,SMI 3Fourteen Full-Cycle Trend ETF,ETF,ETF,28.720399856567383,-1.5210523510439766,-0.01899598181919,54.88391956961812,US
FCTR,First Trust Lunt U.S. Factor Rotation ETF,ETF,ETF,38.374698638916016,-4.633067043646001,-0.0369751114521594,38.28303832575789,US
FCX,FCX,Basic Materials,Copper,58.380001068115234,-4.873698179704812,-0.0428487525142093,41.0127277199415,US
FCXG,Leverage Shares 2X Long FCX Daily ETF,ETF,ETF,11.0246000289917,-9.782325793089043,-0.0128962311044997,39.735075388967694,US
FDD,First Trust STOXX European Select Dividend Index Fund,ETF,ETF,19.229999542236328,2.070060437843821,0.0036833912170341,60.97257105930582,US
FDEM,Fidelity Emerging Markets Multifactor ETF,ETF,ETF,34.380001068115234,-4.23398438205626,-0.0261638002335879,40.08989205260297,US
FDEV,Fidelity International Multifactor ETF,ETF,ETF,36.5,1.2482684395644537,0.0036386112527164,62.69507918686786,US
FDHY,Fidelity Enhanced High Yield ETF,ETF,ETF,49.09000015258789,0.0203714775065,-0.0037257250094841,55.490103268139805,US
FDIG,Fidelity Crypto Industry and Digital Payments ETF,ETF,ETF,39.83810043334961,-5.641640735399884,-0.0584381206770898,38.7635974389501,US
FDIV,MarketDesk Focused U.S. Dividend ETF,ETF,ETF,27.864999771118164,-0.1540818885949331,0.0012916931272416,51.84487686918726,US
FDL,First Trust Morningstar Dividend Leaders Index Fund,ETF,ETF,51.11000061035156,2.6305248862657185,0.0302981552430809,62.026301162344566,US
FDLS,Inspire Fidelis Multi Factor ETF,ETF,ETF,42.119998931884766,-0.6369437642162493,-0.0159965587990205,57.21315859000683,US
FDM,First Trust Dow Jones Select MicroCap Index Fund,ETF,ETF,91.4551010131836,-0.0053554245988332,-0.0231153618001054,54.85981691694626,US
FDMO,Fidelity Momentum Factor ETF,ETF,ETF,92.95999908447266,-3.618453057745936,-0.0978265207512503,42.910461428874285,US
FDMT,"4D Molecular Therapeutics, Inc.",Healthcare,Biotechnology,10.989999771118164,-10.722994342023236,-0.0322109033890525,47.112899211729,US
FDN,First Trust Dow Jones Internet Index Fund,ETF,ETF,269.760009765625,-2.335173197564118,-0.4980943647472604,49.69937770547725,US
FDNI,First Trust Dow Jones International Internet ETF,ETF,ETF,26.8656005859375,-0.5346154821203192,-0.0482005587528187,52.53056167474534,US
FDRR,Fidelity Dividend ETF for Rising Rates,ETF,ETF,66.62000274658203,-0.4646531658151692,-0.0490606275914872,58.420459818264256,US
FDRV,Fidelity Electric Vehicles and Future Transportation ETF,ETF,ETF,18.09149932861328,-3.563437591217981,-0.0111323001022129,39.62239993178304,US
FDV,Federated Hermes U.S. Strategic Dividend ETF,ETF,ETF,32.68000030517578,2.06121123665407,0.0104743206167395,62.31676533036082,US
FDVV,FDVV,N/A,N/A,62.15999984741211,0.0321861248151277,-0.0321503742657274,62.173914298737344,US
FDX,FDX,Industrials,Integrated Freight & Logistics,312.9800109863281,-0.5433891899366956,0.0067557111894782,46.21708192964755,US
FDXF,"FedEx Freight Holding Company, Inc.",Industrials,Integrated Freight & Logistics,152.25999450683594,1.825717748830105,0.480443137434523,48.84995509004846,US
FE,FirstEnergy Corp.,Utilities,Utilities - Regulated Electric,48.52999877929688,1.2729562472038554,-0.0356127769267247,55.27537898381669,US
FEAC,Fidelity Enhanced U.S. All-Cap Equity ETF,ETF,ETF,32.32619857788086,-0.9674644006757585,-0.0238479833323154,52.35000717259077,US
FEBP,PGIM S&P 500 Buffer 12 ETF - Feb,ETF,ETF,33.9900016784668,-0.7301401511239486,-0.0223100230574246,50.72859206547767,US
FEBT,Allianzim U.S. Equity Buffer10 Feb ETF,ETF,ETF,41.125099182128906,-0.6999920970416961,-0.017693350582827,52.24829792890517,US
FEBW,Allianzim U.S. Equity Buffer20 Feb ETF,ETF,ETF,35.62329864501953,-0.3544093845607518,-0.0102359152398433,54.45998100064424,US
FEBZ,TrueShares Structured Outcome (February) ETF,ETF,ETF,40.46900177001953,-0.0740728879478023,-0.0113123791752934,53.977432825147815,US
FEDM,FlexShares ESG & Climate Developed Markets ex-US Core Index Fund,ETF,ETF,62.98400115966797,0.5154751203945159,-0.0032700496494008,56.76551625457168,US
FEIM,"Frequency Electronics, Inc.",Technology,Communication Equipment,65.9000015258789,14.948542510218438,0.6967889697773093,53.72897936651611,US
FELC,Fidelity Enhanced Large Cap Core ETF,ETF,ETF,42.08000183105469,-1.22064944059164,-0.0362100137146844,52.23548018329456,US
FELE,"Franklin Electric Co., Inc.",Industrials,Specialty Industrial Machinery,105.66000366210938,1.958898448802624,0.034896277672398,55.21298020116258,US
FELG,Fidelity Enhanced Large Cap Growth ETF,ETF,ETF,42.7400016784668,-3.281278554658726,-0.0681422758736958,44.66498255117866,US
FELV,Fidelity Enhanced Large Cap Value ETF,ETF,ETF,41.150001525878906,0.7837366653773495,-0.0069104236578424,65.74080709265755,US
FEM,First Trust Emerging Markets AlphaDEX Fund,ETF,ETF,30.816600799560547,-3.9083221303115834,-0.0474917181096436,41.94606081099049,US
FEMD,First Eagle Mid Cap Equity ETF,ETF,ETF,36.33000183105469,-0.1374360516563262,0.0361238725430179,46.91497589484244,US
FEMG,Fidelity Enhanced Mid Cap Growt,EQUITY,EQUITY,25.520999908447266,-2.74009096395758,-0.0236874375190784,42.48633939079469,US
FEMR,Fidelity Enhanced Emerging Markets ETF,ETF,ETF,39.02999877929688,-5.33592235596742,-0.0360352519306523,39.23298106146493,US
FEMS,First Trust Emerging Markets Small Cap AlphaDEX Fund,ETF,ETF,44.834999084472656,-3.559910807146095,-0.0501634176932058,43.56475673303079,US
FEMV,Fidelity Enhanced Mid Cap Value,EQUITY,EQUITY,26.790700912475582,0.452571562940967,-0.0036721037320091,62.72993817119677,US
FENI,FENI,N/A,N/A,39.790000915527344,-1.3144811093957167,-0.0249324781639957,48.21512922189852,US
FEP,First Trust Europe AlphaDEX Fund,ETF,ETF,57.62329864501953,0.4940678264348673,-0.0102680272992361,51.229001700801774,US
FEPI,REX FANG & Innovation Equity Premium Income ETF,ETF,ETF,40.63999938964844,-4.322111148930515,-0.0776963848342464,39.62866816167384,US
FERG,Ferguson Enterprises Inc.,Industrials,Industrial Distribution,232.0200042724609,2.004746955068013,0.0246060094023389,50.32378528921581,US
FESM,Fidelity Enhanced Small Cap Core ETF,ETF,ETF,47.220001220703125,-0.6522145309390978,-0.0151609252491101,53.71543974360598,US
FET,FET,Energy,Oil & Gas Equipment & Services,52.43999862670898,5.576808052905329,0.0120734575971275,55.87281755271794,US
FETH,Fidelity Ethereum Fund,ETF,ETF,18.36000061035156,2.799551975996029,-0.0516120153977391,53.84946577254848,US
FEZ,State Street SPDR EURO STOXX 50 ETF,ETF,ETF,67.72000122070312,-0.528790541523382,-0.0179938518236445,49.79551327752112,US
FFA,First Trust Enhanced Equity Income Fund,Financial Services,Asset Management,22.739999771118164,0.6194663154219515,-0.0048891628421371,62.9979233351798,US
FFDI,Fidelity Fundamental Developed ,ETF,ETF,31.789499282836918,-2.065618670816531,-0.0172947798832268,45.230096185895526,US
FFF,Founders 100 ETF,ETF,ETF,24.24570083618164,-2.978387121862787,-0.0393275972645624,46.81646693638899,US
FFIN,"First Financial Bankshares, Inc.",Financial Services,Banks - Regional,35.31999969482422,2.1990691300161584,-0.023394922608435,58.12439284756304,US
FFIU,Fieldstone UVA Unconstrained Medium-Term Fixed Income ETF,ETF,ETF,21.649999618530277,0.0230961453493915,0.0050224299747833,46.69700843173445,US
FFIV,"F5, Inc.",Technology,Software - Infrastructure,409.0950012207031,-4.94784095888682,-0.7606613912474778,51.51575548135071,US
FFLC,Fidelity Covington Trust - Fidelity Fundamental Large Cap Core ETF,ETF,ETF,58.38999938964844,-1.8325490265242677,-0.0558915789188267,47.7364909234865,US
FFLG,Fidelity Covington Trust - Fidelity Fundamental Large Cap Growth ETF,ETF,ETF,32.08000183105469,-5.452397457947825,-0.0626559752292475,39.24469432291323,US
FFMR,First Farmers Financial Corporation,Financial Services,Banks - Regional,34.0,0.0,-0.0009528287740674,55.60544223698698,US
FFOX,FundX Future Fund Opportunities ETF,ETF,ETF,28.989999771118164,-2.4890675496542585,-0.0241842189224241,44.68375521602263,US
FFTY,CapForce IBD 50 ETF,ETF,ETF,38.380001068115234,-4.5748386293950585,-0.0090720414454912,40.00416582178481,US
FFUT,Fidelity Managed Futures ETF,ETF,ETF,61.0,3.5460282914804053,0.0492764892645539,73.65983622161514,US
FGRU,T-Rex 2X Long FIGR Daily Target ETF,ETF,ETF,9.166999816894531,-17.710955705767343,-0.0921610858147736,42.13313782774511,US
FGSI,FT Vest Growth Strength & Target Income ETF,ETF,ETF,20.38999938964844,-1.3068754102507527,-0.0197905496595901,51.20629784865879,US
FHDG,FT Vest U.S. Equity Quarterly Dynamic Buffer ETF,ETF,ETF,36.27999877929688,-0.5891222328548977,-0.0149158994989163,52.82190451032309,US
FHEQ,Fidelity Hedged Equity ETF,ETF,ETF,33.16999816894531,-0.9555195386187104,-0.0241625641313999,51.51132013935174,US
FHI,"Federated Hermes, Inc.",Financial Services,Asset Management,58.68999862670898,-1.4276155118376703,-0.0671198769261985,53.520060262155226,US
FHLC,Fidelity MSCI Health Care Index ETF,ETF,ETF,78.38999938964844,-0.0255123983250166,-0.0090191946351225,59.97323392675186,US
FICO,Fair Isaac Corporation,Technology,Software - Application,1257.1099853515625,0.4964394289150985,0.5468775586175774,56.21579700169297,US
FICS,First Trust International Developed Cap Strength ETF,ETF,ETF,42.10139846801758,0.1103273392108062,-0.005103590891986,61.61031329912568,US
FID,First Trust S&P International Dividend Aristocrats ETF,ETF,ETF,22.149999618530277,1.095389195753516,-0.0001107854027136,64.82289563585451,US
FIGB,Fidelity Investment Grade Bond ETF,ETF,ETF,42.63999938964844,0.0704031421430845,0.0062890093338912,48.62334215199624,US
FIGR,"Figure Technology Solutions, Inc.",Financial Services,Capital Markets,28.96999931335449,-8.899371042776313,-0.1498116262757197,44.160003860941664,US
FIGS,"FIGS, Inc.",Consumer Cyclical,Apparel Manufacturing,10.3100004196167,2.689247597505363,0.0295188833294351,43.53174266420228,US
FIIG,First Trust Intermediate Duration Investment Grade Corporate ETF,ETF,ETF,20.614999771118164,0.1700672864035977,0.0030013559243056,48.43718030980614,US
FINN,"First National of Nebraska, Inc.",Financial Services,Banks - Regional,19000.0,-0.2624671916010498,9.528016964178448,59.17808746179404,US
FINT,Frontier Asset Total International Equity ETF,ETF,ETF,35.282798767089844,-1.6973129191256937,-0.0153172404976418,45.22105264232034,US
FINV,FINV,N/A,N/A,4.760000228881836,4.8458209003819945,0.007329814326091,49.01136481118781,US
FINX,Global X FinTech ETF,ETF,ETF,25.26000022888184,-1.3859049205872058,-0.0481211044971748,50.47892967272527,US
FIP,FTAI Infrastructure Inc.,Industrials,Conglomerates,4.159999847412109,-8.370046643917123,-0.0084564053792251,38.01908175805944,US
FIS,FIS,N/A,N/A,41.90999984741211,-0.1667453444200056,-0.0363949737976395,54.724654893226045,US
FISV,"Fiserv, Inc.",EQUITY,EQUITY,50.630001068115234,0.3567894994126727,-0.0455596238370313,47.873029706729405,US
FITB,Fifth Third Bancorp,Financial Services,Banks - Regional,58.0099983215332,1.6470976550473586,-0.0424515813017396,62.4840445211171,US
FITZ,Fitz-Gerald Must Have Portfolio ETF,EQUITY,EQUITY,24.44499969482422,-0.2652000548781005,-0.0159355940779909,49.51125834566757,US
FIVA,Fidelity International Value Factor ETF,ETF,ETF,38.38999938964844,-1.2348843720769649,-0.0264278287114179,50.35999395595404,US
FIVN,"Five9, Inc.",Technology,Software - Infrastructure,25.57999992370605,0.6294250469390094,-0.0434595469469407,64.99546673203403,US
FIX,FIX,Industrials,Engineering & Construction,1674.06005859375,-4.671167697734912,-0.1823284655510733,41.25371488331266,US
FIXD,First Trust Smith Opportunistic Fixed Income ETF,ETF,ETF,43.3650016784668,0.0346094691437179,0.0077733136595324,47.630461668766976,US
FIXT,TCW Core Plus Bond ETF,ETF,ETF,37.34999847412109,-0.2403850317550124,-0.0033862741018393,43.69469541395839,US
FJP,FJP,ETF,ETF,72.82499694824219,-4.915784788705905,-0.1117230660738383,37.79703090557222,US
FJUL,FT Vest U.S. Equity Buffer ETF - July,ETF,ETF,59.88999938964844,0.1840090541949929,0.0008812998656164,71.9349001050773,US
FLAU,Franklin FTSE Australia ETF,ETF,ETF,34.11000061035156,0.7978736895573678,-0.0053774316194125,53.48527085793198,US
FLBL,Franklin Senior Loan ETF,ETF,ETF,22.96999931335449,0.5251594305533539,0.0033635030586349,72.31989520993483,US
FLBR,Franklin FTSE Brazil ETF,ETF,ETF,21.96999931335449,-2.1816553476928555,-0.0338470482174982,51.11708152529134,US
FLCA,Franklin FTSE Canada ETF,ETF,ETF,53.06999969482422,1.2786224225860356,-0.0017775412683737,64.25468413510974,US
FLCB,Franklin U.S. Core Bond ETF,ETF,ETF,21.229999542236328,0.0942973061149905,0.0039219209108263,47.99633992702994,US
FLCE,Frontier Asset U.S. Large Cap Equity ETF,ETF,ETF,30.967100143432617,-1.4414383569751683,-0.0259356451756793,49.23579151768873,US
FLCG,Federated Hermes MDT Large Cap Growth ETF,ETF,ETF,33.650001525878906,-2.74565604086004,-0.0596770359545527,48.4264320843476,US
FLCH,Franklin FTSE China ETF,ETF,ETF,21.02199935913086,-0.6991058886618351,-0.0342614366485838,46.98829317197903,US
FLCO,Franklin Investment Grade Corporate ETF,ETF,ETF,21.200000762939453,0.0944308662676663,0.0046953441186368,45.82332951602997,US
FLDZ,TrueShares Patriot Defense ETF,ETF,ETF,29.0,-6.164053209255179,-0.0564980118757509,27.182927463835085,US
FLEU,Franklin FTSE Eurozone ETF,ETF,ETF,35.1864013671875,-0.5612461884019615,-0.0056173138890182,48.9571047419993,US
FLEX,Flex Ltd.,Technology,Electronic Components,119.25,-12.187041737731086,-0.1248319582251991,37.10435164968396,US
FLG,"Flagstar Bank, National Association",Financial Services,Banks - Regional,14.899999618530272,-1.2591155211157017,-0.0138964218638789,52.21732667435598,US
FLGB,Franklin FTSE United Kingdom ETF,ETF,ETF,36.15999984741211,1.0620488571260422,0.0073072880057059,60.21506621650199,US
FLGT,"Fulgent Genetics, Inc.",Healthcare,Diagnostics & Research,20.15999984741211,-1.897807319355515,-0.0462874913489633,54.29707206530236,US
FLGV,Franklin U.S. Treasury Bond ETF,ETF,ETF,20.13500022888184,0.1741285907853806,0.0037731621081711,49.81060955139752,US
FLHY,Franklin High Yield Corporate ETF,ETF,ETF,24.21999931335449,0.1447171725655673,0.000949567408856,59.20758505026378,US
FLIA,Franklin International Aggregate Bond ETF,ETF,ETF,20.354999542236328,-0.1961309861707641,0.0015711658360628,46.92714859257952,US
FLIN,Franklin FTSE India ETF,ETF,ETF,35.13999938964844,-0.7624977659620196,0.0110789379356519,49.65560880243824,US
FLJH,Franklin FTSE Japan Hedged ETF,ETF,ETF,44.25,-4.220780802462016,-0.0772547403624319,42.99320397467279,US
FLJJ,AllianzIM U.S. Equity 6 Month Floor5 Jan/Jul ETF,ETF,ETF,33.94499969482422,0.0294631534657088,-0.0048144810227853,59.71849876969766,US
FLJP,Franklin FTSE Japan ETF,ETF,ETF,38.630001068115234,-4.286421001174655,-0.0652551220339946,41.2033261101876,US
FLMB,Franklin Municipal Green Bond ETF,ETF,ETF,23.735300064086918,-0.3137312202056876,-0.0020909292885188,40.317367405814,US
FLMX,Franklin FTSE Mexico ETF,ETF,ETF,36.63750076293945,0.3794630305997265,0.0055751716998976,48.48452544583181,US
FLNG,FLEX LNG Ltd.,Energy,Oil & Gas Midstream,30.670000076293945,2.1992663857993606,-0.0271906355023563,53.07733516723799,US
FLO,"Flowers Foods, Inc.",Consumer Defensive,Packaged Foods,8.489999771118164,1.7985565441953713,-0.0036100946091864,58.27411467204835,US
FLOC,Flowco Holdings Inc.,Energy,Oil & Gas Equipment & Services,20.239999771118164,-2.785782575444709,0.0046591084630561,39.003971137870245,US
FLOT,iShares Floating Rate Bond ETF,ETF,ETF,50.97999954223633,0.0,-0.0010803249346525,80.36133132648746,US
FLOW,Global X U.S. Cash Flow Kings 100 ETF,ETF,ETF,39.918399810791016,2.1845672957442663,-0.000115935051177,63.05530373917834,US
FLQS,Franklin U.S. Small Cap Multifactor Index ETF,ETF,ETF,49.62630081176758,1.084244556476772,-0.0025892336297428,67.67516852074392,US
FLR,FLR,Industrials,Engineering & Construction,49.08000183105469,-3.271580198068037,-0.0362789584065512,45.462276145526566,US
FLRN,State Street SPDR Bloomberg Investment Grade Floating Rate ETF,ETF,ETF,30.799999237060547,0.0,-0.000216875563555,79.43567924428737,US
FLRT,Pacer Aristotle Pacific Floating Rate High Income ETF,ETF,ETF,46.81999969482422,0.1925960913107758,0.002314679073614,76.45824356025072,US
FLSA,Franklin FTSE Saudi Arabia ETF,ETF,ETF,31.65999984741211,-1.031572135252066,-0.000438366855967,35.02116952964656,US
FLSP,Franklin Systematic Style Premia ETF,ETF,ETF,27.770000457763672,0.5067003302550441,0.0049842928774864,57.19339703757141,US
FLSW,Franklin FTSE Switzerland ETF,ETF,ETF,43.60150146484375,0.1366534568909069,0.0092128315451765,56.650670645986025,US
FLTR,VanEck IG Floating Rate ETF,ETF,ETF,25.56999969482422,0.0391245269592466,0.0001992687557007,72.25394759486585,US
FLTW,Franklin FTSE Taiwan ETF,ETF,ETF,93.66999816894533,-8.969876793065245,-0.2056335408593173,39.87444777701474,US
FLXR,TCW Flexible Income ETF,ETF,ETF,39.04999923706055,0.1538793434494391,0.0013580267320748,56.10823089457616,US
FLXS,FLXS,N/A,N/A,72.9800033569336,2.3562415613870904,0.0079871298997016,65.83241063684902,US
FLY,FLY,Industrials,Aerospace & Defense,19.270000457763672,-20.008300806533725,-0.0001656243833516,28.80464073437865,US
FLYW,Flywire Corporation,Technology,Software - Infrastructure,18.1299991607666,2.894428474700298,-0.0345104279586474,58.12400486059451,US
FMAG,Fidelity Magellan ETF,ETF,ETF,35.4734001159668,-3.170733612081663,-0.0471306993667773,43.34364074183831,US
FMAO,"Farmers & Merchants Bancorp, Inc.",Financial Services,Banks - Regional,30.56999969482422,2.515090568998817,-0.0073564859146156,58.05905544128052,US
FMAR,FT Vest U.S. Equity Buffer ETF - March,ETF,ETF,52.34429931640625,-0.4577346624647566,-0.0187348220516698,53.61499084552364,US
FMAT,Fidelity MSCI Materials Index ETF,ETF,ETF,57.17499923706055,-1.4394054622178918,-0.0105726002650866,41.33019270358627,US
FMBH,"First Mid Bancshares, Inc.",Financial Services,Banks - Regional,49.22999954223633,2.7122871453855693,-0.0112222153707736,60.72831670758282,US
FMC,FMC Corporation,Basic Materials,Agricultural Inputs,11.210000038146973,2.749772639144669,0.0111594364988117,46.59383707107073,US
FMCC,Federal Home Loan Mortgage Corporation,Financial Services,Mortgage Finance,5.480000019073486,-7.432433303208824,0.0099657395631285,43.74573934342121,US
FMCE,FM Compounders Equity ETF,ETF,ETF,28.41699981689453,-0.1651239595656037,-0.0010084753461144,52.48307647459734,US
FMDE,Fidelity Enhanced Mid Cap Core ETF,ETF,ETF,40.41999816894531,-0.3942919046073794,-0.0110716772123515,54.41562671216777,US
FMF,FMF,N/A,N/A,49.91999816894531,0.0,-0.0206639503958226,44.42123737217211,US
FMHI,First Trust Municipal High Income ETF,ETF,ETF,48.27479934692383,-0.2071331329739987,-0.0022351917423752,48.98799483386572,US
FMQQ,FMQQ The Next Frontier Internet ETF,ETF,ETF,12.093500137329102,-1.886257279445603,-0.0162818907105213,57.29319747568751,US
FMTL,First Trust Indxx Critical Metals ETF,EQUITY,EQUITY,30.58690071105957,-4.888521615332523,-0.0402722746117292,36.15640793757232,US
FMTM,MarketDesk Focused U.S. Momentum ETF,ETF,ETF,38.31999969482422,-5.7550422070078415,-0.0385512796737179,38.70411984217322,US
FMUB,Fidelity Municipal Bond Opportunities ETF,ETF,ETF,51.16320037841797,-0.2997076219012693,-0.0038737870122307,46.99144534812595,US
FMUN,Fidelity Systematic Municipal Bond Index ETF,ETF,ETF,50.15999984741211,-0.4070323125638544,-0.0021114050302729,45.45217138325871,US
FNB,F.N.B. Corporation,Financial Services,Banks - Regional,19.15999984741211,1.7525221722948645,-0.0024856478673644,57.730195342919664,US
FNCL,FNCL,N/A,N/A,80.31999969482422,1.1204826718229834,-0.0585686660065634,66.36340966558726,US
FND,"Floor & Decor Holdings, Inc.",Consumer Cyclical,Home Improvement Retail,56.790000915527344,-0.5951341610907964,-0.0188744538271936,54.26646043027196,US
FNDA,Schwab Fundamental U.S. Small Company ETF,ETF,ETF,37.650001525878906,0.5877670823120551,0.0013934129976527,57.49465120636562,US
FNDC,Schwab Fundamental International Small Equity ETF,ETF,ETF,48.5099983215332,-0.6960085224322167,-0.0140269235218442,46.520613921721264,US
FNDE,Schwab Fundamental Emerging Markets Equity ETF,ETF,ETF,40.119998931884766,-1.0115960023703268,-0.0259213316572044,49.232312149098,US
FNDF,Schwab Fundamental International Equity ETF,ETF,ETF,52.7400016784668,-0.6779600866273952,-0.0137229547026389,48.1090012424609,US
FNDX,Schwab Fundamental U.S. Large Company ETF,ETF,ETF,31.459999084472656,0.1591825447419298,-0.0083922013102287,60.42465322030149,US
FNK,First Trust Mid Cap Value AlphaDEX Fund,ETF,ETF,62.81399917602539,2.620487037320715,0.0274384104982705,66.65619188935138,US
FNLC,"The First Bancorp, Inc.",Financial Services,Banks - Regional,34.5099983215332,3.168901448182214,0.0052946154048065,62.58152937127669,US
FNMA,Federal National Mortgage Association,Financial Services,Mortgage Finance,6.019999980926514,-4.897313531056788,0.0115104677292674,43.56128137684107,US
FNOV,FT Vest U.S. Equity Buffer ETF - November,ETF,ETF,58.51950073242188,-0.544696497849889,-0.0251822209479491,53.239459828925234,US
FNY,First Trust Mid Cap Growth AlphaDEX Fund,ETF,ETF,103.33670043945312,-1.929678517726775,0.0023104855552933,42.8960712916192,US
FOCT,FT Vest U.S. Equity Buffer ETF - October,ETF,ETF,52.41790008544922,-0.4975326845258414,-0.0225212342955172,54.08981741092083,US
FOPC,Frontier Asset Opportunistic Credit ETF,ETF,ETF,25.294700622558597,0.1572023880866645,0.0032802409043041,50.79945128704061,US
FOR,FOR,Real Estate,Real Estate - Development,29.899999618530277,-1.999346462718524,-0.0390316659476375,50.18232842257834,US
FORH,Formidable ETF,ETF,ETF,24.05299949645996,-1.0775284056879857,-0.0054406962824306,35.890573386668024,US
FOX,Fox Corporation,Communication Services,Entertainment,51.630001068115234,5.907694498697916,0.04937924294767,53.76492478172116,US
FPAG,FPA Global Equity ETF,ETF,ETF,40.68000030517578,-0.2207509236629214,-0.0243254884897636,55.85987778993249,US
FPE,FPE,ETF,ETF,17.940000534057617,0.0557737239912327,-0.0007599950720739,55.33465793445748,US
FPFD,Fidelity Preferred Securities & Income ETF,ETF,ETF,21.424999237060547,0.060706989231747,0.0002443869026917,51.67577528470324,US
FPH,"Five Point Holdings, LLC",Real Estate,Real Estate - Development,5.239999771118164,2.745095472618093,-0.0012624169711194,54.33150606023761,US
FPI,FPI,Real Estate,REIT - Specialty,9.710000038146973,1.145829711523465,0.0007096395171171,48.19073875003031,US
FPWR,First Trust EIP Power Solutions ETF,EQUITY,EQUITY,37.38029861450195,-0.1247749652618628,-0.0119451647443351,50.46647012587229,US
FPXE,First Trust IPOX Europe Equity Opportunities ETF,ETF,ETF,32.85380172729492,-3.5130617814042857,-0.0054566884023982,36.19016336655037,US
FRBA,First Bank,Financial Services,Banks - Regional,17.860000610351562,3.4762478187324843,0.0018742777410227,60.96792037912816,US
FRDM,Freedom 100 Emerging Markets ETF,ETF,ETF,64.77999877929688,-7.138766061400656,-0.0496343785668668,39.213545437736585,US
FRHC,Freedom Holdings Corp.,Financial Services,Financial Conglomerates,152.69000244140625,-8.067911488915719,-0.3581921296641295,52.44788472761964,US
FRI,First Trust S&P REIT Index Fund,ETF,ETF,32.86000061035156,3.171115280329643,0.0291984933018257,66.87071866821431,US
FRIZ,Franklin Dividend Growth ETF,EQUITY,EQUITY,26.788000106811523,0.7597971148141928,0.0112537936380385,63.92241770787034,US
FRMI,Fermi Inc.,Real Estate,REIT - Specialty,6.050000190734863,-8.194232918810625,0.0191276806985663,38.4975993137663,US
FRNW,Fidelity Clean Energy ETF,ETF,ETF,22.899999618530277,-1.20794082381003,0.0038966529985986,39.37557410038785,US
FRO,Frontline plc,Energy,Oil & Gas Midstream,36.4900016784668,-4.301073547621337,-0.0647516044559771,47.69547989893344,US
FRPH,"FRP Holdings, Inc.",Real Estate,Real Estate Services,24.030000686645508,0.2085118655699385,0.000647342922036,48.89935723711421,US
FRST,Primis Financial Corp.,Financial Services,Banks - Regional,16.15999984741211,2.668361387556162,0.0149810257616246,59.09305696606383,US
FRTY,Alger Mid Cap 40 ETF,ETF,ETF,22.167299270629883,-5.292236432672982,-0.0143061854269545,40.629937712526775,US
FSCS,First Trust SMID Capital Strength ETF,ETF,ETF,37.18000030517578,0.8025199094128309,-0.0016247239156619,60.24702932593389,US
FSEC,Fidelity Investment Grade Securitized ETF,ETF,ETF,43.70000076293945,0.0687029888988548,0.0060293765660892,49.058022186633416,US
FSEG,Fidelity Enhanced Small Cap Gro,EQUITY,EQUITY,27.241899490356445,-2.0780021955763224,-0.0115212335333003,47.09460827314084,US
FSEP,FT Vest U.S. Equity Buffer ETF - September,ETF,ETF,55.16999816894531,-0.6304075755269858,-0.0263168518787473,53.294330683218206,US
FSEV,Fidelity Enhanced Small Cap Val,EQUITY,EQUITY,26.776199340820312,1.0804060859758464,0.0010779263757091,60.13469493564763,US
FSGS,First Trust SMID Growth Strength ETF,ETF,ETF,32.15019989013672,0.1844762942790951,-0.0123016450852768,58.31711575579204,US
FSLR,"First Solar, Inc.",Technology,Solar,211.9900054931641,-6.95255067839425,0.0205025916689809,34.354482811414954,US
FSMB,First Trust Short Duration Managed Municipal ETF,ETF,ETF,19.979999542236328,-0.1000022888183593,-0.0008290483577405,50.811075715380895,US
FSMD,FSMD,N/A,N/A,50.7599983215332,-1.608842466756714,-0.0088871112362134,46.21393750864557,US
FSS,FSS,Industrials,Farm & Heavy Construction Machinery,116.62999725341795,1.2149560493787273,-0.0449917068910441,46.21067899289518,US
FSTR,L.B. Foster Company,Industrials,Railroads,41.93000030517578,-1.4571067990637092,0.0354333635098882,48.71993487074107,US
FSUN,FirstSun Capital Bancorp,Financial Services,Banks - Regional,35.43000030517578,0.9977150965005266,-0.0006279556509969,42.84882309329707,US
FTAI,FTAI Aviation Ltd.,Industrials,Aerospace & Defense,207.4600067138672,-8.748624964009124,0.6305650797711344,36.6630618429401,US
FTBI,First Trust Balanced Income ETF,ETF,ETF,21.596799850463867,-0.8047010555946763,-0.0032610834639376,47.46707981688068,US
FTCA,Putnam ETF Trust - Franklin California Municipal Income ETF,ETF,ETF,7.355000019073486,-0.4062316706643075,-0.0004631232017501,45.24497085015937,US
FTCB,FTCB,N/A,N/A,20.780000686645508,0.2412018596879603,0.004724442761179,50.50544213514453,US
FTCE,First Trust New Constructs Core Earnings Leaders ETF,ETF,ETF,26.70330047607422,-3.0557255323593866,-0.0235686999688065,40.9203546895852,US
FTCS,First Trust Capital Strength ETF,ETF,ETF,96.94000244140624,0.341581439778325,-0.0410557184601181,59.1385693065476,US
FTDR,"Frontdoor, Inc.",Consumer Cyclical,Personal Services,75.69000244140625,0.5045875649070939,0.0223730404702884,59.11270793509202,US
FTEC,Fidelity MSCI Information Technology Index ETF,ETF,ETF,270.1300048828125,-4.232992566161809,-0.3408508952577641,44.2662609738953,US
FTGC,First Trust Global Tactical Commodity Strategy Fund,ETF,ETF,28.82999992370605,2.890790338006405,-0.0015117139217623,64.52346105143062,US
FTGS,First Trust Growth Strength ETF,ETF,ETF,37.4900016784668,-1.4095599966614123,-0.0389208042144109,51.42292185379959,US
FTH,"Faeth Therapeutics, Inc.",Healthcare,Biotechnology,25.8700008392334,-28.456855784293214,-0.4309330290880004,51.189859510542725,US
FTHB,FIS Faith Income ETF,EQUITY,EQUITY,25.280000686645508,0.198181313184232,0.0021561960427165,53.880070957704135,US
FTI,FTI,Energy,Oil & Gas Equipment & Services,72.06999969482422,0.3061951640574703,-0.1274846398079799,57.65371393802028,US
FTIF,First Trust Bloomberg Inflation Sensitive Equity ETF,ETF,ETF,27.323999404907227,1.5007404437901457,0.0110678604031461,49.0043281862956,US
FTKI,First Trust Small Cap BuyWrite Income ETF,ETF,ETF,19.97590065002441,-1.0702198466847586,-0.0115674760595,52.997127198450194,US
FTMH,Putnam ETF Trust - Putnam Franklin Municipal High Yield ETF,ETF,ETF,11.739999771118164,-0.4240898294880467,-0.0014829938697621,46.61582219318991,US
FTMN,Franklin Minnesota Municipal Income ETF,ETF,ETF,8.824999809265137,-0.6193727980514114,-0.0011967052930797,44.07698478183615,US
FTMS,Putnam ETF Trust - Putnam Franklin Short Term Municipal Income ETF,ETF,ETF,9.90999984741211,-0.1008087581141628,-0.0010221329391433,49.49729321745922,US
FTMU,Putnam ETF Trust - Franklin Municipal Income ETF,ETF,ETF,7.857999801635742,-0.2791917828130221,-0.0003384545748603,45.12989034821192,US
FTNJ,Franklin New Jersey Municipal Income ETF,ETF,ETF,8.770000457763672,-0.2275256447798591,0.000299754682648,47.63257634360288,US
FTNT,"Fortinet, Inc.",Technology,Software - Infrastructure,161.61000061035156,2.6030132985228978,-0.1807147349211879,59.855919117582445,US
FTNY,Putnam ETF Trust - Putnam Franklin New York Municipal Income ETF,ETF,ETF,7.880000114440918,-0.5678242928821,-0.0013800978412707,42.6469360319343,US
FTOH,Franklin Ohio Municipal Income ETF,ETF,ETF,8.420000076293945,-0.0593485380144761,-0.0001925359871191,50.78183402206467,US
FTQI,First Trust Nasdaq BuyWrite Income ETF,ETF,ETF,22.06999969482422,-1.2085964902394808,-0.0150821096981414,54.09806465547829,US
FTRB,Federated Hermes Total Return Bond ETF,ETF,ETF,24.976600646972656,0.0865586989887421,0.0044021683084939,48.7364014523575,US
FTRE,Fortrea Holdings Inc.,Healthcare,Biotechnology,17.760000228881836,0.0,-0.0177875045012735,59.53171360504673,US
FTSM,First Trust Enhanced Short Maturity ETF,ETF,ETF,59.85499954223633,0.0752351912926172,0.0008557812380109,76.80126374954803,US
FTWO,Strive Natural Resources and Security ETF,ETF,ETF,42.54579925537109,-1.196445876187514,-0.0056353970281832,40.459757111156826,US
FTXG,First Trust Nasdaq Food & Beverage ETF,ETF,ETF,22.98189926147461,1.3445306481578907,0.0047227853274705,57.18273427480064,US
FTXL,First Trust Nasdaq Semiconductor ETF,ETF,ETF,226.7400054931641,-10.749851301135337,-0.2569341866454486,39.3251259728543,US
FTXN,First Trust Nasdaq Oil & Gas ETF,ETF,ETF,36.51219940185547,4.929156172147569,0.0235790749551349,61.97694070538752,US
FTXR,First Trust Nasdaq Transportation ETF,ETF,ETF,45.11840057373047,-0.6202663935769239,-0.0037919373450852,53.350995685632284,US
FULT,Fulton Financial Corporation,Financial Services,Banks - Regional,24.790000915527344,2.5227485634935687,0.0003519059395076,64.91479337233196,US
FUMB,First Trust Ultra Short Duration Municipal ETF,ETF,ETF,20.09000015258789,0.0,-0.0005226689000589,58.773750086019696,US
FUN,Six Flags Entertainment Corporation,Consumer Cyclical,Leisure,17.530000686645508,-9.917772295103113,-0.042758243013824,34.27445996507545,US
FUSI,American Century Multisector Floating Income ETF,ETF,ETF,50.59000015258789,0.178218123936417,0.0018965885833872,81.93620962239015,US
FV,First Trust Dorsey Wright Focus 5 ETF,ETF,ETF,69.67960357666016,-4.547181396564113,-0.0584424625664689,40.70064677916513,US
FVD,FVD,ETF,ETF,49.59999847412109,1.245145488375063,0.0034886092901185,61.743049368084925,US
FVR,"FrontView REIT, Inc.",Real Estate,REIT - Diversified,21.920000076293945,5.232838005666006,0.0159560935933672,72.80691685237949,US
FVRR,Fiverr International Ltd.,Communication Services,Internet Content & Information,11.220000267028809,1.6304375525157957,-0.0213824142369833,54.82628457356769,US
FWD,AB Disruptors ETF,ETF,ETF,127.3499984741211,-7.824265273201454,-0.1927816928362038,37.455282842665845,US
FWONA,Formula One Group,Communication Services,Entertainment,93.87999725341795,6.451972621037369,0.0555198461307,70.77517637003108,US
FWRD,Forward Air Corporation,Industrials,Integrated Freight & Logistics,13.75,2.765320496221404,0.0507583410282777,54.96308756491904,US
FXB,Invesco CurrencyShares British Pound Sterling Trust,ETF,ETF,129.41000366210938,0.4892101947385496,-0.0240510892871087,59.01495685187176,US
FXC,Invesco CurrencyShares Canadian Dollar Trust,ETF,ETF,69.79000091552734,1.0863267526859524,0.0159490701168553,60.4093303568968,US
FXD,First Trust Consumer Discretionary AlphaDEX Fund,ETF,ETF,69.3499984741211,0.7408514865794023,0.0092833486561589,54.096832600764806,US
FXG,First Trust Consumer Staples AlphaDEX Fund,ETF,ETF,64.44000244140625,1.0823567708333337,0.010388904739897,58.481895312641214,US
FXH,First Trust Health Care AlphaDEX Fund,ETF,ETF,123.44000244140624,-0.3953827665318477,-0.0425567603604624,57.529624998804856,US
FXI,FXI,ETF,ETF,34.130001068115234,1.941462170747356,-0.0214628606527831,56.01104752847319,US
FXN,First Trust Energy AlphaDEX Fund,ETF,ETF,21.36000061035156,3.5887475315237447,0.0112096653605706,58.3962349642743,US
FXO,First Trust Financials AlphaDEX Fund,ETF,ETF,65.10800170898438,1.4933751524838228,-0.0005005441324619,70.01268584574129,US
FXP,ProShares UltraShort FTSE China 50,ETF,ETF,21.959999084472656,-3.810778984409952,0.0403061362459902,44.19623413749623,US
FXR,First Trust Industrials/Producer Durables AlphaDEX Fund,ETF,ETF,88.69999694824219,-0.2698510080682518,-0.0017292276178371,50.75415999550168,US
FXU,First Trust Utilities AlphaDEX Fund,ETF,ETF,49.63999938964844,0.040307251499798,-0.0229767519523409,53.60609888044559,US
FYEE,Fidelity Yield Enhanced Equity ETF,ETF,ETF,29.190000534057617,-0.8491847672040219,-0.023883599053598,54.98225534619532,US
FYLD,Cambria Foreign Shareholder Yield ETF,ETF,ETF,37.970001220703125,1.5512218254148011,8.49692899965726e-05,58.68392591903589,US
FYT,FYT,ETF,ETF,71.64209747314453,2.6244090798213278,0.0159017994754082,66.85914657067686,US
G,G,Technology,Information Technology Services,30.88999938964844,5.175343912093376,0.0090743500007112,54.937855472640464,US
GAA,Cambria Global Asset Allocation ETF,ETF,ETF,34.8734016418457,0.3926710195016613,-0.0044522730200932,55.16044588800474,US
GAB,GAB,Financial Services,Asset Management,5.630000114440918,-0.17730057236524,-0.0054692768880733,51.96088091894151,US
GABC,GABC,N/A,N/A,48.56999969482422,3.40642629878378,0.0115858857130762,63.3064773869583,US
GAIN,GAIN,Financial Services,Asset Management,16.540000915527344,0.4860378827733732,-0.0281429677820795,64.65568488104225,US
GAM,"General American Investors Company, Inc.",Financial Services,Asset Management,64.05000305175781,-0.7438334675640181,-0.0548392499393559,51.05663836842261,US
GAMI,"GAMCO Investors, Inc.",Financial Services,Asset Management,24.51000022888184,2.1250009536743164,0.0046826308107923,58.31057270286577,US
GAP,GAP,Consumer Cyclical,Apparel Retail,20.350000381469727,4.573490949992962,0.0091017573483528,51.61232530238888,US
GATX,GATX,N/A,N/A,178.47999572753906,-0.92150753177185,-0.0735724745957751,52.20858730262667,US
GAVA,Grayscale Avalanche Staking ETF,ETF,ETF,15.97410011291504,-2.478016292111739,-0.0223670737022027,43.29712125499032,US
GBCI,"Glacier Bancorp, Inc.",Financial Services,Banks - Regional,53.56999969482422,4.03961535939759,0.0049760915015486,64.19758664465004,US
GBFH,GBank Financial Holdings Inc.,Financial Services,Banks - Regional,30.739999771118164,1.8555316775339612,-0.0325058137255754,51.70827264750977,US
GBHI,Gabelli High Income ETF,EQUITY,EQUITY,25.209999084472656,0.099263923209847,0.0015784690905192,58.7915914682199,US
GBIL,Goldman Sachs Access Treasury 0-1 Year ETF,ETF,ETF,100.0500030517578,0.070013695212948,0.0004918813551525,99.96921062825992,US
GBND,Goldman Sachs Core Bond ETF,ETF,ETF,50.10499954223633,0.0299448784243266,0.0067804415598458,46.55059112641308,US
GBTC,Grayscale Bitcoin Trust ETF,ETF,ETF,49.709999084472656,0.3026588115925229,-0.0456176634528198,49.66416780261387,US
GBTG,"Global Business Travel Group, Inc.",Consumer Cyclical,Travel Services,9.40999984741211,0.1063854179538734,0.0024800087120877,69.23850609411626,US
GBX,"The Greenbrier Companies, Inc.",Industrials,Railroads,50.02000045776367,6.503521109028728,0.0864739492231706,58.04555540294167,US
GCAL,Goldman Sachs Dynamic California Municipal Income ETF,ETF,ETF,50.8224983215332,-0.3089470814385494,-0.003288956310197,44.398044098180506,US
GCBC,"Greene County Bancorp, Inc.",Financial Services,Banks - Regional,32.849998474121094,2.4321758238830262,-0.0174029349733744,59.73658556316889,US
GCC,WisdomTree Enhanced Commodity Strategy Fund,ETF,ETF,24.100000381469727,2.032174111691974,-0.0057661849005713,58.44007666834885,US
GCO,Genesco Inc.,Consumer Cyclical,Apparel Retail,36.970001220703125,8.352879185336267,0.0969867827216899,57.13957307862831,US
GCOR,Goldman Sachs Access U.S. Aggregate Bond ETF,ETF,ETF,40.821998596191406,0.0784449128361801,0.0058371718086351,48.044318991728765,US
GCOW,Pacer Global Cash Cows Dividend ETF,ETF,ETF,45.08000183105469,2.245410920935749,0.0276054204580189,61.07413662312164,US
GCT,GigaCloud Technology Inc.,Technology,Software - Infrastructure,38.0099983215332,10.462070590191647,0.004756193951712,64.3069143256627,US
GD,General Dynamics Corporation,Industrials,Aerospace & Defense,368.5799865722656,-1.7277265046949684,-0.3039668439003993,58.37444657829994,US
GDE,WisdomTree Efficient Gold Plus Equity Strategy Fund,ETF,ETF,60.93999862670898,-3.131459585886748,-0.0419014467440521,42.23115930708938,US
GDIV,Harbor Dividend Growth Leaders ETF,ETF,ETF,18.6564998626709,-0.216615712565619,-0.0097389528596956,56.27864692355375,US
GDMA,Gadsden Dynamic Multi-Asset ETF,ETF,ETF,41.45149993896485,-0.8811567636261407,-0.0025782660931829,45.24488291141684,US
GDMN,WisdomTree Efficient Gold Plus Gold Miners Strategy Fund,ETF,ETF,68.68000030517578,-7.138992488718636,-0.0839662797626838,37.042189222169725,US
GDOC,Goldman Sachs Future Health Care Equity ETF,ETF,ETF,35.9010009765625,-2.320837468931765,-0.0247615099707816,57.99362324383328,US
GDOG,Grayscale Dogecoin Trust ETF,ETF,ETF,8.530799865722656,-2.1697293063342893,-0.0017611332752612,37.47766062134917,US
GDX,GDX,ETF,ETF,71.31999969482422,-5.5739430061087685,-0.0716985851062181,37.2304097109043,US
GDXJ,VanEck Junior Gold Miners ETF,ETF,ETF,92.1999969482422,-6.755663926704727,-0.1483182727848144,38.03099303827194,US
GDXW,Roundhill Gold Miners Weeklypay ETF,ETF,ETF,33.30979919433594,-6.760540069267851,-0.0400112921842246,36.82082428682724,US
GDXY,YieldMax Gold Miners Option Income Strategy ETF,ETF,ETF,9.420000076293944,-5.332963901097074,-0.0133547034070433,35.817169567527884,US
GDYN,"Grid Dynamics Holdings, Inc.",Technology,Information Technology Services,5.789999961853027,-1.3628607370651624,-0.00261029739241,45.08304901905287,US
GE,GE,Industrials,Aerospace & Defense,348.8299865722656,-2.9058932726521056,-0.0750289430883004,47.99470824949629,US
GEHC,GE HealthCare Technologies Inc.,Healthcare,Medical Devices,63.06999969482422,-2.519315811903224,-0.0784428027603397,46.41110348106695,US
GEL,"Genesis Energy, L.P.",Energy,Oil & Gas Midstream,14.640000343322754,0.5494500096186173,-0.0123636783371747,48.33443112833448,US
GEMD,Goldman Sachs Access Emerging Markets USD Bond ETF,ETF,ETF,41.97460174560547,-0.4043153643549514,0.0036324256383855,46.17841903489427,US
GEMI,"Gemini Space Station, Inc.",Financial Services,Capital Markets,4.190000057220459,-2.7842201195411964,-0.0199299414440005,44.81078793600694,US
GENB,"Generate Biomedicines, Inc.",Healthcare,Biotechnology,13.5600004196167,-5.373339205784284,-0.0092007798089473,39.575347896258975,US
GEND,Genter Capital Dividend Income ETF,ETF,ETF,13.097200393676758,1.3009551717008412,0.002502233497296,64.71247756337684,US
GENI,Genius Sports Limited,Communication Services,Internet Content & Information,6.300000190734863,1.7770619143386317,-0.0044261685324584,52.195563071291,US
GENM,Genter Capital Municipal Quality Intermediate ETF,ETF,ETF,10.265000343322754,-0.1459084634052055,0.0001065338073919,48.91493039097948,US
GENW,Genter Capital International Dividend ETF,ETF,ETF,15.11400032043457,0.505387771533678,-0.0052258631215478,58.22286674631186,US
GEO,GEO,Industrials,Security & Protection Services,29.459999084472656,-3.314736631579672,-0.0198705541135253,57.47495002337367,US
GETY,"Getty Images Holdings, Inc.",Communication Services,Internet Content & Information,0.5160999894142151,-32.181339735441526,-0.003582630473172,33.670399313264184,US
GEV,GE Vernova Inc.,Industrials,Specialty Industrial Machinery,1057.8399658203125,-3.0900429774032863,0.573647192819827,50.09192548750927,US
GEVG,Leverage Shares 2X Long GEV Daily ETF,ETF,ETF,29.209999084472656,-6.357200841671908,0.0393119430817943,48.635129062046055,US
GFF,Griffon Corporation,Industrials,Building Products & Equipment,91.47000122070312,0.3951274370978992,0.0047650320101211,50.01242485330118,US
GFLW,VictoryShares Free Cash Flow Growth ETF,ETF,ETF,32.0359001159668,-4.115708033334045,-0.0374384888979519,44.16717943761096,US
GFS,GLOBALFOUNDRIES Inc.,Technology,Semiconductors,57.47999954223633,-16.659419276648897,0.0307462970135468,30.605070446096008,US
GGLL,Direxion Daily GOOGL Bull 2X Shares,ETF,ETF,106.04000091552734,-6.217386396277379,-0.581697232208013,41.17625579853263,US
GGM,GGM Macro Alignment ETF,ETF,ETF,30.428199768066406,-0.1732263726342504,-0.0130896793939512,60.86623546390423,US
GGOV,iShares Global Government Bond USD Hedged Active ETF,ETF,ETF,50.02999877929688,-0.2790500194498624,-0.0017286008995706,46.86280941339799,US
GGUS,Goldman Sachs MarketBeta Russell 1000 Growth Equity ETF,ETF,ETF,65.02790069580078,-3.891610079446686,-0.1050854851932565,42.61642933381677,US
GH,GH,N/A,N/A,155.8699951171875,-2.611688756556012,-0.3721627189157086,56.97407473191502,US
GHC,GHC,Industrials,Conglomerates,1177.8599853515625,1.8350732700569583,-0.8378178304035391,55.35242426990337,US
GHM,Graham Corporation,Industrials,Specialty Industrial Machinery,107.79000091552734,0.3257617890617322,0.1352161448194708,48.66458050501998,US
GHRS,GH Research PLC,Healthcare,Biotechnology,28.709999084472656,8.298750798176112,0.0413948979960037,64.45078731995059,US
GHY,"PGIM Global High Yield Fund, Inc",Financial Services,Asset Management,11.8100004196167,-0.5054714955421149,-0.0056757323152515,49.17092746832018,US
GHYG,iShares US & Intl High Yield Corp Bond ETF,ETF,ETF,45.21979904174805,0.1767825723938958,-0.0045533263865734,57.08003262436629,US
GIC,Global Industrial Company,Industrials,Industrial Distribution,34.45000076293945,2.958761821742589,0.0145101748907886,63.49820435552227,US
GIGB,Goldman Sachs Access Investment Grade Corporate Bond ETF,ETF,ETF,45.4296989440918,0.1956272283284919,0.0116861351289515,47.02472611058069,US
GIGL,Goldman Sachs Corporate Bond ETF,ETF,ETF,50.07929992675781,0.1125504633526952,0.010532418634585,47.13809435765942,US
GII,State Street SPDR S&P Global Infrastructure ETF,ETF,ETF,76.23999786376953,0.2762055607579983,0.001061751390774,54.041857189673735,US
GIII,"G-III Apparel Group, Ltd.",Consumer Cyclical,Apparel Manufacturing,35.41999816894531,1.928052284734712,0.008060139816399,60.11192442004253,US
GILD,"Gilead Sciences, Inc.",Healthcare,Drug Manufacturers - General,134.27999877929688,3.4275567168464525,-0.0406138235291435,56.90256798152669,US
GIND,Goldman Sachs India Equity ETF,ETF,ETF,24.26499938964844,-0.9793910603449948,0.0014465844967483,52.59738873471629,US
GINN,Goldman Sachs Innovate Equity ETF,ETF,ETF,77.9811019897461,-1.8488294712622928,-0.0776047927644081,47.52076473299678,US
GJUN,FT Vest U.S. Equity Moderate Buffer ETF - June,ETF,ETF,41.16999816894531,-0.6755189115569127,-0.0184203581730095,50.151322497261376,US
GK,AdvisorShares Gerber Kawasaki ETF,ETF,ETF,28.1210994720459,-3.1075396162735087,-0.0258878984119978,41.05170094246992,US
GKAT,Scharf Global Opportunity ETF,ETF,ETF,43.4900016784668,-1.3250433734199374,-0.0274835381061695,47.324962139780894,US
GLAD,Gladstone Capital Corporation,Financial Services,Asset Management,19.90999984741211,0.8101258096815664,-0.0151402705501461,59.1602428657804,US
GLBE,Global-E Online Ltd.,Consumer Cyclical,Internet Retail,38.119998931884766,-0.9355525328331136,-0.0908566895292815,62.76288263584151,US
GLDB,IDX Alternative FIAT ETF,ETF,ETF,19.334999084472656,-2.37314422348328,-0.0107668641701734,40.59711436269577,US
GLDI,UBS ETRACS Gold Shares Covered Call ETN,ETF,ETF,141.0673065185547,-1.6842903185635527,-0.0184448502843186,41.59205432404056,US
GLDM,SPDR Gold MiniShares,ETF,ETF,79.44999694824219,-2.2635059005562077,-0.0048361462948043,40.33528069155665,US
GLDN,Nicholas Gold Income ETF,EQUITY,EQUITY,13.624300003051758,-5.314482188812657,-0.011631422907176,36.11786865399929,US
GLDW,Roundhill Gold WeeklyPay ETF,ETF,ETF,40.36940002441406,-2.7852362772719044,-0.0036127502165093,39.43531238889344,US
GLGG,Leverage Shares 2X Long GLXY Daily ETF,ETF,ETF,4.649799823760986,-26.07631395929039,-0.0074530257291325,31.702518816726297,US
GLIX,Lazard Listed Infrastructure ETF,ETF,ETF,27.963699340820312,0.6975112706650609,0.006816855766224,56.12225101674741,US
GLNG,Golar LNG Limited,Energy,Oil & Gas Midstream,49.650001525878906,-3.1030446926313733,-0.0806198577264737,43.39794791846219,US
GLNK,Grayscale Chainlink Trust ETF,ETF,ETF,7.329999923706055,4.267421122963005,-0.0122318587105367,53.53221256698139,US
GLOB,Globant S.A.,Technology,Information Technology Services,32.22999954223633,7.57677078481669,0.0202860779856721,48.15343407629563,US
GLOF,iShares Global Equity Factor ETF,ETF,ETF,58.43999862670898,-1.5166860862228293,-0.0440401919661882,47.90414568256752,US
GLOO,"Gloo Holdings, Inc.",Technology,Software - Application,3.2699999809265137,10.847455188824682,0.0166899099870225,32.47350136851465,US
GLOW,VictoryShares WestEnd Global Equity ETF,ETF,ETF,34.05730056762695,-1.5144174393466356,-0.0216604443919982,48.45593854863717,US
GLP,Global Partners LP,Energy,Oil & Gas Midstream,47.79999923706055,-1.096632679317601,-0.0863555831368933,51.0250385303866,US
GLRE,"Greenlight Capital Re, Ltd.",Financial Services,Insurance - Reinsurance,17.06999969482422,3.0797116263844835,0.0193090463223375,57.503103221662194,US
GLRY,Inspire Growth ETF,ETF,ETF,40.93960189819336,-3.0097067373465647,-0.0224532502002695,43.68350071380288,US
GLUE,"Monte Rosa Therapeutics, Inc.",Healthcare,Biotechnology,24.559999465942383,6.597215668471032,0.0557174867679501,63.69882767541066,US
GLW,GLW,Technology,Electronic Components,154.61000061035156,-19.00570951610798,-0.6500498864608844,36.98316516781304,US
GM,GM,Consumer Cyclical,Auto Manufacturers,76.06999969482422,-2.2864467748044754,-0.0573157237933837,42.72416176281655,US
GMAY,FT Vest U.S. Equity Moderate Buffer ETF - May,ETF,ETF,43.0,-0.8073782847536533,-0.0218194539009263,49.329185589075294,US
GMEU,T-Rex 2X Long GME Daily Target ETF,ETF,ETF,8.0,1.2017683449745735,-0.0165859369173887,44.870902188190286,US
GMMA,Gammaroad Market Navigation ETF,ETF,ETF,21.61000061035156,-0.0370035163045751,-0.0054777127782657,54.8330717518596,US
GMMF,iShares Government Money Market ETF,ETF,ETF,100.29499816894533,0.0628500970001466,0.0009057875373877,99.10768879932432,US
GMOM,Cambria Global Momentum ETF,ETF,ETF,36.040000915527344,0.1111136542426215,-0.0111169678552036,50.24313971186188,US
GMOV,GMO U.S. Value ETF,ETF,ETF,31.049999237060547,1.0742185256579686,-0.0020921125508987,64.7452812826223,US
GNL,"Global Net Lease, Inc.",Real Estate,REIT - Diversified,9.260000228881836,4.279280512879168,0.0105105579370752,59.01495176755083,US
GNOM,Global X Genomics & Biotechnology ETF,ETF,ETF,54.9208984375,-3.052256031430142,-0.072061839012095,52.86694504994288,US
GNR,State Street SPDR S&P Global Natural Resources ETF,ETF,ETF,69.61000061035156,1.7095238562374198,0.0183066262222751,52.06617752065416,US
GNTX,Gentex Corporation,Consumer Cyclical,Auto Parts,24.350000381469727,0.6198331148814961,0.0180829144859973,49.45702203408266,US
GOAU,U.S. Global GO GOLD and Precious Metal Miners ETF,ETF,ETF,35.16749954223633,-5.691878040172474,-0.0335945109942144,37.74986437495807,US
GOGO,Gogo Inc.,Communication Services,Telecom Services,3.5799999237060547,-1.3774156792985162,-0.0015096622772449,49.707777170160654,US
GOLD,"Gold.com, Inc.",Financial Services,Capital Markets,38.310001373291016,-2.8897322372662364,-0.0075282387387874,38.55990782457687,US
GOLF,GOLF,Consumer Cyclical,Leisure,114.77999877929688,3.695000675472624,0.0265809332061284,61.2918483894786,US
GOLS,Gabelli Opportunities in Live and Sports ETF,EQUITY,EQUITY,26.331300735473636,1.2703407244653246,0.0086202371161473,53.23448969061023,US
GOLY,Strategy Shares - Strategy Shares Gold Enhanced Yield ETF,ETF,ETF,24.600000381469727,-3.071671508516927,-0.0061248596640504,37.63792295691824,US
GOOD,Gladstone Commercial Corporation,Real Estate,REIT - Diversified,13.100000381469728,4.883912101921138,0.0117776238792739,65.4242153780137,US
GOOP,Kurv Yield Premium Strategy Google ETF,ETF,ETF,39.2400016784668,-3.11110696674865,-0.1078569035918818,41.99617230120237,US
GOOW,Roundhill GOOGL WeeklyPay ETF,ETF,ETF,64.51599884033203,-3.4928520438994584,-0.1964053734992371,42.01369703207914,US
GOOY,YieldMax GOOGL Option Income Strategy ETF,ETF,ETF,12.789999961853027,-2.2851211205779154,-0.0264060060090972,42.07938499132596,US
GOP,Unusual Whales Subversive Republican Trading ETF,ETF,ETF,43.26490020751953,-2.137749143914958,-0.0249293044700112,44.62828924095831,US
GOTU,Gaotu Techedu Inc.,Consumer Defensive,Education & Training Services,1.7100000381469729,-7.567566696791175,-0.0074147689683547,45.76548062106081,US
GOVM,iShares 1-10 Year Treasury Bond,ETF,ETF,24.940000534057617,0.0802586585170119,0.0019642866687981,52.30943365866744,US
GPAT,GP-Act III Acquisition Corp.,Financial Services,Shell Companies,11.010000228881836,-0.9000848864591033,-0.0027366335551738,63.44847049677686,US
GPGI,"GPGI, Inc.",Industrials,Metal Fabrication,14.510000228881836,-0.5483202389950953,-0.0201436824604009,49.03792223608991,US
GPIQ,GPIQ,ETF,ETF,55.97999954223633,-3.7317316022370974,-0.0742385751535526,42.64088913363414,US
GPIX,Goldman Sachs S&P 500 Premium Income ETF,ETF,ETF,55.02999877929688,-1.202876076239429,-0.0417819948446224,50.40105487608271,US
GPRK,GPRK,N/A,N/A,9.68000030517578,-2.1233572381901324,-0.0127651264869691,47.79923010841678,US
GPT,Intelligent Alpha Atlas ETF,ETF,ETF,33.195701599121094,-2.20738872422902,-0.0281464223342052,45.14031483163756,US
GPZ,VanEck Alternative Asset Manager ETF,ETF,ETF,22.96999931335449,2.6821566902616856,-0.0007711507833417,57.29551668189197,US
GQGU,GQG US Equity ETF,ETF,ETF,25.940000534057617,-0.134744357644275,-0.0071734042666851,50.735438064892826,US
GQI,Natixis Gateway Quality Income ETF,ETF,ETF,59.43999862670898,-0.3520584975656924,-0.0344906764076884,58.97946795333427,US
GQQQ,Astoria US Quality Growth Kings ETF,ETF,ETF,34.65230178833008,-3.051501668176302,-0.0329672281755323,43.55696170196185,US
GRID,First Trust NASDAQ Clean Edge Smart Grid Infrastructure Index Fund,ETF,ETF,177.85000610351562,-3.776440869117765,-0.0864410149338077,39.231854963150646,US
GRMN,Garmin Ltd.,Technology,Scientific & Technical Instruments,249.55999755859372,2.6531187248771486,0.1218786696511191,61.07990476858777,US
GRNB,VanEck Green Bond ETF,ETF,ETF,23.899999618530277,-0.1253685176051544,-0.0009533173421313,45.6952927031312,US
GRNJ,Fundstrat Granny Shots US Small- & Mid-Cap ETF,EQUITY,EQUITY,28.459999084472656,-4.640644197509166,-0.0129610292416874,35.136612548902164,US
GRNT,"Granite Ridge Resources, Inc.",Energy,Oil & Gas E&P,4.670000076293945,2.188181638431195,0.0038142363096024,51.03647622259198,US
GRNY,Fundstrat Granny Shots US Large Cap ETF,ETF,ETF,27.309999465942383,-1.868488893960531,-0.0317992323302257,47.745533973328186,US
GRPM,GRPM,N/A,N/A,132.89999389648438,0.4459196952439999,-0.0252572355381344,61.76744602499723,US
GRPZ,Invesco S&P Smallcap 600 GARP ETF,ETF,ETF,32.41469955444336,0.4701951581261339,-0.0182507244335621,63.89708296472144,US
GRRR,Gorilla Technology Group Inc.,Technology,Software - Infrastructure,12.039999961853027,-32.924794149806026,-0.0515863885216671,31.840764049531657,US
GRVY,"Gravity Co., Ltd.",Communication Services,Electronic Gaming & Multimedia,61.97999954223633,-2.852664132583572,-0.0295466601411103,44.69989736287336,US
GRW,TCW Durable Growth ETF,ETF,ETF,31.286300659179688,-2.178342077907347,-0.0218218800653925,44.70954802305664,US
GS,GS,Financial Services,Capital Markets,1065.219970703125,0.9514885120201388,-3.1723095694771644,51.41665116193302,US
GSG,iShares S&P GSCI Commodity-Indexed Trust,ETF,ETF,31.399999618530277,6.58520228902561,0.0107347601083994,60.855089703913805,US
GSGO,Goldman Sachs Growth Opportunities ETF,ETF,ETF,42.97679901123047,-3.6718650803660022,-0.0624815378104448,43.329269113749305,US
GSHD,"Goosehead Insurance, Inc.",Financial Services,Insurance Brokers,54.27999877929688,1.3821401776534554,-0.0882344333985867,62.39786774529377,US
GSIB,Themes Global Systemically Important Banks ETF,ETF,ETF,61.95970153808594,0.2178742797965799,-0.0634857452157825,59.4075213454648,US
GSID,Goldman Sachs MarketBeta International Equity ETF,ETF,ETF,74.94000244140625,-0.733834252133621,-0.0327201349540575,50.44270792031816,US
GSIE,Goldman Sachs ActiveBeta International Equity ETF,ETF,ETF,45.9900016784668,-0.1736444907474339,-0.0180324783734922,53.78563840184913,US
GSJY,Goldman Sachs ActiveBeta Japan Equity ETF,ETF,ETF,51.15499877929688,-3.715490180577937,-0.0817323423847776,42.7996032339318,US
GSL,GSL,Industrials,Marine Shipping,40.15999984741211,0.2496217441164772,-0.1061676598610596,55.34286146304882,US
GSLC,Goldman Sachs ActiveBeta U.S. Large Cap Equity ETF,ETF,ETF,141.82000732421875,-1.3288725110247488,-0.1216451993798652,50.37662768604719,US
GSM,GSM,Basic Materials,Other Industrial Metals & Mining,3.3499999046325684,2.446480861549966,0.0017505116300976,41.17740138968423,US
GSOL,Grayscale Solana Staking ETF,ETF,ETF,5.670000076293945,-3.0769201927009027,-0.0133429216775797,48.90668700377879,US
GSPY,Gotham Enhanced 500 ETF,ETF,ETF,40.71670150756836,-1.1874478448525658,-0.0330359253682047,51.834144086591536,US
GSSC,Goldman Sachs ActiveBeta U.S. Small Cap Equity ETF,ETF,ETF,90.12999725341795,-0.2986772875038537,-0.018920069483773,56.433186481405805,US
GSUI,Grayscale Sui Staking ETF,ETF,ETF,10.699999809265137,-0.1865714297152277,-0.0187949851666105,46.05659414120476,US
GSUS,Goldman Sachs MarketBeta US Equity ETF,ETF,ETF,102.66999816894533,-1.609966775028198,-0.0989461616504612,48.73000464627603,US
GSY,GSY,ETF,ETF,50.2400016784668,0.0796830974490238,-0.0003256928042369,81.02704706815322,US
GT,GT,Consumer Cyclical,Auto Parts,7.289999961853027,7.048458489084385,0.0214808067906786,64.78884782089025,US
GTEK,Goldman Sachs Future Tech Leaders Equity ETF,ETF,ETF,54.02999877929688,-9.009771290979488,-0.0937483050023969,37.13227833928915,US
GTEN,"Gores Holdings X, Inc.",Financial Services,Shell Companies,10.479999542236328,0.0,-0.0015160343824051,54.71850019956325,US
GTES,Gates Industrial Corporation plc,Industrials,Specialty Industrial Machinery,26.61000061035156,1.0250586795731071,0.0239726747544968,49.39677766839427,US
GTLB,GitLab Inc.,Technology,Software - Infrastructure,32.720001220703125,0.9253641847678497,-0.0374272807860347,58.66834006676132,US
GTN,GTN,Communication Services,Broadcasting,3.9600000381469727,4.761906564010437,-0.0020551985057041,50.35341506631599,US
GTND,Goaltender ETF,EQUITY,EQUITY,25.030000686645508,-1.067187978486313,-0.0177123112158651,47.605485890249625,US
GTOP,Goldman Sachs Technology Opportunities ETF,ETF,ETF,47.36489868164063,-4.061373898368025,-0.0731183598134662,45.21912438278105,US
GTOQ,Invesco High Yield Systematic Bond ETF,ETF,ETF,22.364999771118164,0.0895075335791959,0.0005215365516488,57.08755770123621,US
GTPE,Goldman Sachs MSCI World Private Equity Return Tracker ETF,ETF,ETF,59.64500045776367,-2.198864660626052,-0.0295165021023947,46.35721685885948,US
GTR,WisdomTree Target Range Fund,ETF,ETF,27.05470085144043,-0.7349048449595993,-0.0092430176181506,50.21819480905306,US
GTX,Garrett Motion Inc.,Consumer Cyclical,Auto Parts,31.770000457763672,-1.6408631325562453,0.0497655716180371,46.41094125843959,US
GTY,GTY,Real Estate,REIT - Retail,36.25,5.469889806633578,0.0573045826891694,74.9275251524534,US
GUNR,FlexShares Morningstar Global Upstream Natural Resources Index Fund,ETF,ETF,50.91999816894531,1.5961677057251742,0.0056434157424173,51.2442507486931,US
GURU,Global X Guru Index ETF,ETF,ETF,67.64530181884766,-2.766563007646173,-0.0499771696210553,45.98372950981903,US
GUSH,Direxion Daily S&P Oil & Gas Exp. & Prod. Bull 2X Shares,ETF,ETF,37.18000030517578,14.682302298184618,0.0807638262551261,63.98847491385163,US
GUT,GUT,Financial Services,Asset Management,6.460000038146973,-5.693428787084271,-0.0317666177366273,43.665145672344096,US
GVA,Granite Construction Incorporated,Industrials,Engineering & Construction,124.02999877929688,1.2820510424316076,0.429622770456266,35.491206050116105,US
GVAL,Cambria Global Value ETF,ETF,ETF,36.59000015258789,-0.9474783084264434,-0.0278424282198098,53.37560041695595,US
GVI,iShares Intermediate Government/Credit Bond ETF,ETF,ETF,105.70999908447266,0.1990512649029917,0.0114064866822011,53.17409416554885,US
GVIP,Goldman Sachs Hedge Industry VIP ETF,ETF,ETF,172.53900146484375,-4.866951898544187,-0.2044593676093964,41.69818098520523,US
GVLU,Gotham 1000 Value ETF,ETF,ETF,27.206199645996094,0.9993665537849368,0.0007200510085821,62.39479906327791,US
GVUS,Goldman Sachs MarketBeta Russell 1000 Value Equity ETF,ETF,ETF,63.68399810791016,0.4875709789509369,-0.0115424736650638,61.88417671094462,US
GWW,GWW,Industrials,Industrial Distribution,1395.010009765625,1.3992265993601194,0.2752903336299965,62.9262257406316,US
GWX,State Street SPDR S&P International Small Cap ETF,ETF,ETF,42.9900016784668,-2.0728925188662406,-0.0350177396201568,40.77185129235921,US
GXDW,GXDW,N/A,N/A,22.980199813842773,-7.453584661017568,-0.0148067859449091,30.17084066206877,US
GXIG,Global X Investment Grade Corporate Bond ETF,ETF,ETF,24.655000686645508,0.1380951071368118,0.0056616268507281,45.47883911149949,US
GXLC,Global X U.S. 500 ETF,EQUITY,EQUITY,90.45700073242188,-0.2855093652588893,-0.0397053973529343,53.94023442698338,US
GXO,"GXO Logistics, Inc.",Industrials,Integrated Freight & Logistics,54.04999923706055,6.7970728812941,0.0928286578121192,60.22490442766709,US
GXPC,Global X Purecap MSCI Communication Services ETF,ETF,ETF,30.1299991607666,-2.175324976916746,-0.0746866373689935,45.840563964839966,US
GXPS,Global X Purecap MSCI Consumer Staples ETF,ETF,ETF,26.809999465942383,1.4377569291672934,0.0142621260548174,53.55372370538885,US
GXRP,Grayscale XRP Trust ETF,ETF,ETF,21.13999938964844,-1.3992590342179585,-0.019414124470659,44.56102149458964,US
GXUS,Goldman Sachs MarketBeta(R) Total International Equity ETF,ETF,ETF,62.34999847412109,-0.4724985390268448,-0.0192583792036415,48.86563243272283,US
GYLD,Arrow Dow Jones Global Yield ETF,ETF,ETF,14.289999961853027,1.2923294614735088,-0.0089955528850691,56.68904244561783,US
HAIL,State Street SPDR S&P Kensho Smart Mobility ETF,ETF,ETF,36.46799850463867,-3.623251597119021,-0.0097490246859871,39.50977024889405,US
HAKY,Amplify HACK Cybersecurity Covered Call ETF,ETF,ETF,30.838499069213867,-2.0533635972842896,-0.0365986111820253,60.944504743668105,US
HAL,Halliburton Company,Energy,Oil & Gas Equipment & Services,35.220001220703125,2.4134976614873747,0.004108671515308,46.71756175589972,US
HAPI,Harbor Human Capital Factor US Large Cap ETF,ETF,ETF,44.47309875488281,-1.1686966110663606,-0.0369622548471377,51.01448604999688,US
HAPS,Harbor Human Capital Factor US Small Cap ETF,ETF,ETF,37.91600036621094,1.1686848760661086,0.0120554817346689,70.46626937286453,US
HARD,Simplify Commodities Strategy No K-1 ETF,ETF,ETF,31.25,4.323151659463356,0.0154466645556823,53.06469064009666,US
HASI,"HA Sustainable Infrastructure Capital, Inc.",Financial Services,Asset Management,38.41999816894531,1.5864581675372285,-0.0021747453862889,50.1170278299313,US
HAUZ,Xtrackers International Real Estate ETF,ETF,ETF,22.959999084472656,0.9674552135832076,0.0015271813736146,57.74600147741111,US
HAWK,"HawkEye 360, Inc.",Industrials,Aerospace & Defense,18.690000534057617,-6.549997329711914,-0.0067098939053225,36.98934741856109,US
HBAN,Huntington Bancshares Incorporated,Financial Services,Banks - Regional,18.25,2.126464146170141,-0.0028850739231821,61.75328606785165,US
HBCP,"Home Bancorp, Inc.",Financial Services,Banks - Regional,69.30999755859375,2.1066593444857222,-0.038935618682515,55.28014896824711,US
HBDC,Hilton Bdc Corporate Bond ETF,ETF,ETF,24.80500030517578,0.2627345782496722,0.0003995850364133,64.7042067167067,US
HBNB,Hotel101 Global Holdings Corp.,Real Estate,Real Estate Services,5.75,8.082703279393671,0.0189850650193258,56.27529722300989,US
HBTA,Horizon Expedition Plus ETF,ETF,ETF,31.4148006439209,-4.427132142533434,-0.0557792524468566,41.71817488540064,US
HCA,"HCA Healthcare, Inc.",Healthcare,Medical Care Facilities,371.1799926757813,-8.709019892531348,-0.8164938382563276,40.84698874272224,US
HCC,"Warrior Met Coal, Inc.",Basic Materials,Coking Coal,78.91000366210938,-1.4733334120818218,-0.0765372125307006,39.248040695904784,US
HCMT,Direxion HCM Tactical Enhanced U.S. Equity Strategy ETF,ETF,ETF,39.02000045776367,-5.839764114725552,-0.0839424297559092,42.817249957727526,US
HCSG,"Healthcare Services Group, Inc.",Healthcare,Medical Care Facilities,25.309999465942383,6.389232836989766,0.0453323269995925,69.34081348021222,US
HD,HD,Consumer Cyclical,Home Improvement Retail,338.8699951171875,-1.290414457705373,-0.2503757045699268,51.07442403963688,US
HDG,ProShares Hedge Replication ETF,ETF,ETF,54.35499954223633,-0.3392030989833489,-0.0018684944385622,49.78458407755394,US
HDGE,AdvisorShares Ranger Equity Bear ETF,ETF,ETF,15.740699768066406,-1.8047467634865189,0.0064887963806354,38.87840545043997,US
HDLB,ETRACS Monthly Pay 2xLeveraged US High Dividend Low Volatility ETN,ETF,ETF,16.716400146484375,1.277084823785637,-0.0194368605795906,53.785409445750766,US
HDUS,Hartford Disciplined US Equity ETF,ETF,ETF,71.58000183105469,-0.6495596165606411,-0.0537186651194806,54.10572372493564,US
HDV,HDV,ETF,ETF,28.25,2.3075808316408866,0.0154186633362143,60.58380790080783,US
HEAL,Global X HealthTech ETF,ETF,ETF,27.440000534057617,-2.8156545390775767,-0.0694383479474499,49.81055283895993,US
HECO,State Street Galaxy Hedged Digital Asset Ecosystem ETF,ETF,ETF,63.57740020751953,-2.9500868045951525,-0.0442430831533202,42.81899365770837,US
HEFA,iShares Currency Hedged MSCI EAFE ETF,ETF,ETF,45.8849983215332,-0.9818770598974148,-0.022592785436333,50.88242883020856,US
HEGD,Swan Hedged Equity US Large Cap ETF,ETF,ETF,26.6200008392334,-0.9304056278069416,-0.0147446442357648,48.79336846279279,US
HEI,HEI,N/A,N/A,342.6600036621094,-2.3538155276304864,-0.2657802472158401,50.57057683592055,US
HELE,Helen of Troy Limited,Consumer Defensive,Household & Personal Products,28.100000381469727,6.681853525763616,0.0201556151747523,53.53158501793328,US
HELO,Jpmorgan Hedged Equity Laddered Overlay ETF,ETF,ETF,67.69999694824219,-0.922003316157054,-0.0420813105803605,49.08144713629518,US
HELS,Hedgeye 130/30 Equity ETF,EQUITY,EQUITY,24.5221004486084,0.3318213817676013,-0.0046113819810496,50.63832271491756,US
HELX,Franklin Genomic Advancements ETF,ETF,ETF,39.5369987487793,-1.6027500833554222,-0.0235155172015457,57.94214436579407,US
HEMI,Hartford Equity Premium Income ETF,ETF,ETF,41.95600128173828,-0.0333570134802326,-0.024378217124842,55.30132728227639,US
HEQQ,JPMorgan Nasdaq Hedged Equity Laddered Overlay ETF,ETF,ETF,59.997100830078125,-1.7407476569069102,-0.0361235188652791,41.34496251727301,US
HERO,Global X Video Games & Esports ETF,ETF,ETF,24.979999542236328,-1.9199824220474495,-0.0205701040944134,48.89814994174376,US
HESM,Hess Midstream LP,Energy,Oil & Gas Midstream,40.34000015258789,4.426608949498761,0.0181503132498495,64.5204449379865,US
HEWJ,iShares Currency Hedged MSCI Japan ETF,ETF,ETF,62.119998931884766,-3.9579489196232434,-0.1036955127424174,43.58516818654756,US
HEZU,iShares Currency Hedged MSCI Eurozone ETF,ETF,ETF,48.22999954223633,-1.1882848079001824,-0.0159351935267187,49.03155719734336,US
HF,DGA Core Plus Absolute Return ETF,ETF,ETF,22.209999084472656,-0.852640474431812,-0.0115644005013997,49.95561826582778,US
HFGM,Unlimited HFGM Global Macro ETF,ETF,ETF,30.5984001159668,-0.9247528009164462,-0.0237598916088209,42.466520060694,US
HFGO,Hartford Large Cap Growth ETF,ETF,ETF,28.31999969482422,-4.53396655720014,-0.053802788341352,42.00359100040829,US
HFMF,Unlimited HFMF Managed Futures ETF,ETF,ETF,21.76499938964844,0.9508345490911828,-0.0053077271399318,50.46881006056192,US
HFRO,Highland Funds I - Highland Opportunities and Income Fund,Financial Services,Asset Management,7.369999885559082,-3.026316078415872,-0.0162153463568325,54.27220293901728,US
HFSI,Hartford Funds Exchange-Traded Trust - Hartford Strategic Income ETF,ETF,ETF,35.08000183105469,0.014258212420393,0.0037419267259644,51.30567289807557,US
HFWA,Heritage Financial Corporation,Financial Services,Banks - Regional,30.520000457763672,3.738954380071825,-0.0023233261824672,61.07986450116381,US
HGER,HGER,N/A,N/A,31.8799991607666,4.2852452699375645,-0.000423751645204,63.37131518924257,US
HGTY,"Hagerty, Inc.",Financial Services,Insurance - Property & Casualty,12.020000457763672,-1.717081703457339,-0.0098526632105889,56.935472980154906,US
HGV,Hilton Grand Vacations Inc.,Consumer Cyclical,Resorts & Casinos,49.93999862670898,-0.9520023000158884,0.0050093188609441,46.57660174952773,US
HHH,Howard Hughes Holdings Inc.,Real Estate,Real Estate - Development,70.31999969482422,-2.401114897511981,-0.1519076831919978,50.125428560542375,US
HIBS,Direxion Daily S&P 500 High Beta Bear 3X Shares,ETF,ETF,22.899999618530277,18.89926971127436,0.0908620700584156,57.14469895382499,US
HIDV,AB US High Dividend ETF,ETF,ETF,89.67230224609375,0.3618431389157958,-0.0336806409587787,60.01234493553007,US
HIFS,Hingham Institution for Savings,Financial Services,Banks - Regional,295.1400146484375,1.5133880999705258,0.1914585366353156,51.014282631251774,US
HIG,"The Hartford Insurance Group, Inc.",Financial Services,Insurance - Diversified,140.25999450683594,1.0664330166861535,0.1160828219718019,60.70482766754513,US
HIGH,Simplify Enhanced Income ETF,ETF,ETF,21.45929908752441,-0.8808338769790945,-0.0088390401630274,44.38813412868736,US
HIMS,"Hims & Hers Health, Inc.",Healthcare,Drug Manufacturers - Specialty & Generic,32.84000015258789,-4.479350982206846,-0.1566849752450898,48.82090511368991,US
HKD,AMTD Digital Inc.,Technology,Software - Application,1.6100000143051147,4.545458064028705,0.0011019603696972,49.20222778243237,US
HKHC,HKHC,N/A,N/A,25.88999938964844,-9.947828209918478,-0.1351060898810945,35.55766894486047,US
HLAL,Wahed FTSE USA Shariah ETF,ETF,ETF,70.34220123291016,-2.363518605472239,-0.0792779499047177,47.01630815798304,US
HLF,Herbalife Ltd.,Consumer Defensive,Packaged Foods,11.989999771118164,-8.82129187119899,-0.0407255648350394,42.36816359755832,US
HLIT,Harmonic Inc.,Technology,Communication Equipment,12.029999732971191,-14.377227262215566,-0.0307698738351043,33.70007083548394,US
HLMN,Hillman Solutions Corp.,Industrials,Tools & Accessories,8.09000015258789,4.657181534619889,-0.0019866452421084,53.59352072508394,US
HLNE,Hamilton Lane Incorporated,Financial Services,Asset Management,85.8499984741211,5.870023863851477,0.0116177681657481,58.971158306399786,US
HLT,Hilton Worldwide Holdings Inc.,Consumer Cyclical,Lodging,321.32000732421875,-4.220818885893753,-0.1044245260212024,38.58541471969834,US
HLX,HLX,Energy,Oil & Gas Equipment & Services,9.579999923706056,3.904551477776234,-0.0018725081341407,59.47990927586525,US
HMAY,Corgi U.S. Equities 100% Struct,ETF,ETF,25.229999542236328,0.1190427713835346,0.0014124041735435,53.02595320595487,US
HMN,Horace Mann Educators Corporation,Financial Services,Insurance - Property & Casualty,52.61000061035156,0.1522974165501367,0.0237685266421563,61.2614309171862,US
HMOP,Hartford Municipal Opportunities ETF,ETF,ETF,38.959999084472656,-0.3580547189563144,-0.0026756941760914,43.01432444133898,US
HNDL,Strategy Shares Nasdaq 7 Handl Index ETF,ETF,ETF,22.637500762939453,-0.3616292828044083,-0.0071962868676484,50.0255023286382,US
HNGE,"Hinge Health, Inc.",Healthcare,Health Information Services,87.08999633789062,-1.9256831701576589,-0.1768216973008618,69.72423488008758,US
HNST,"The Honest Company, Inc.",Consumer Defensive,Household & Personal Products,3.829999923706055,-4.488785409021616,-0.0122784600101545,53.53209638793313,US
HODL,VanEck Bitcoin ETF,ETF,ETF,18.1299991607666,0.2765444539354731,-0.0170405004780427,49.71880195347659,US
HOLD,Harbor Alpha Layering ETF,EQUITY,EQUITY,31.75790023803711,-2.869155040333401,-0.01737118768409,37.623202442647006,US
HOMB,"Home BancShares, Inc.",Financial Services,Banks - Regional,30.84000015258789,7.381618697489385,0.0613829833441398,74.51049965567573,US
HON,HON,Industrials,Conglomerates,225.0200042724609,-0.618317245740704,0.2028326034915846,46.255933417132354,US
HOOD,"Robinhood Markets, Inc.",Financial Services,Capital Markets,99.95999908447266,-10.726089135747758,-0.826107804154419,46.60755513405928,US
HOOG,Leverage Shares 2X Long HOOD Daily ETF,ETF,ETF,28.850000381469727,-21.87923059013253,-0.5266351181969076,44.58689594807522,US
HOOZ,Defiance Daily Target 2X Short HOOD ETF,EQUITY,EQUITY,11.640000343322754,21.06084888620954,0.1496326326798138,45.681064053128814,US
HOPE,"Hope Bancorp, Inc.",Financial Services,Banks - Regional,13.739999771118164,2.2321443459919177,0.0025855970161212,59.94696808236926,US
HOYY,GraniteShares YieldBOOST HOOD ETF,ETF,ETF,5.449999809265137,-3.111114501953125,-0.0134018967021146,41.61579926574586,US
HPE,Hewlett Packard Enterprise Company,Technology,Communication Equipment,45.81999969482422,-5.6036282847144125,-0.0648796648093417,50.94233413917719,US
HPI,HPI,Financial Services,Asset Management,16.110000610351562,-0.7148972205207017,-0.0075252918593472,52.6975342191444,US
HPQ,HPQ,Technology,Computer Hardware,24.84000015258789,2.55987141540314,0.0304903654371589,59.28236402601748,US
HPS,John Hancock Preferred Income Fund III,Financial Services,Asset Management,14.34000015258789,-0.8984112787968281,-0.0022789754753006,49.88891202375232,US
HQH,HQH,Financial Services,Asset Management,20.8799991607666,-3.2885640889455234,-0.0135462482727638,49.87345158776426,US
HQL,HQL,Financial Services,Asset Management,19.739999771118164,-2.6627263177704785,-0.0320316688119065,57.84080299758728,US
HQY,"HealthEquity, Inc.",Healthcare,Health Information Services,97.66999816894533,3.463979438782071,-0.029257757354518,65.17363852933255,US
HR,Healthcare Realty Trust Incorporated,Real Estate,REIT - Healthcare Facilities,21.31999969482422,3.0449451160214607,0.0169675805880035,65.75570305426092,US
HRB,"H&R Block, Inc.",Consumer Cyclical,Personal Services,42.08000183105469,6.289471252512819,0.006126725787851,68.66611556031044,US
HRI,Herc Holdings Inc.,Industrials,Rental & Leasing Services,149.47000122070312,0.3760644314161971,-0.0338323167911118,55.6378494652817,US
HRMY,"Harmony Biosciences Holdings, Inc.",Healthcare,Biotechnology,33.77000045776367,-8.333332470435838,-0.0612823346885699,43.498745084638486,US
HROW,"Harrow, Inc.",Healthcare,Drug Manufacturers - Specialty & Generic,46.650001525878906,9.816388956163935,0.1936794737727618,66.68882334157523,US
HRTS,HRTS,N/A,N/A,36.44720077514648,-0.5506221040946404,-0.003552430296974,57.09335299720825,US
HSCZ,iShares Currency Hedged MSCI EAFE Small-Cap ETF,ETF,ETF,42.4380989074707,-1.1757489617801862,-0.0291351594341054,47.05852239144656,US
HSY,The Hershey Company,Consumer Defensive,Confectioners,171.4199981689453,-1.2898799066723767,-0.0311028231025591,42.73387181737933,US
HTAX,Nomura National High-Yield Municipal Bond ETF,ETF,ETF,24.715999603271484,-0.3869122615026297,-0.0033471312088288,46.91154449863191,US
HTEC,Robo Global Healthcare Technology and Innovation ETF,ETF,ETF,38.1349983215332,-0.3787890866968706,-0.0212566568611969,58.771202027007234,US
HTLD,"Heartland Express, Inc.",Industrials,Trucking,15.390000343322754,3.986487466109928,0.033766724457657,57.19238049289748,US
HTT,High Templar Tech Limited,Financial Services,Credit Services,2.509999990463257,-7.0370390320347145,-0.0072367552738202,38.1447015558967,US
HTUS,Hull Tactical US ETF,ETF,ETF,43.76580047607422,-1.3550614102884104,-0.0320841704921239,49.563593296462365,US
HUBB,Hubbell Incorporated,Industrials,Electrical Equipment & Parts,488.6700134277344,-0.4623760545857737,0.8486051257161438,48.58739964181721,US
HULL,Corgi Shipping & Global Logistics ETF,ETF,ETF,26.299999237060547,3.9114966100664152,0.0193490925758483,65.88229641375787,US
HUM,HUM,Healthcare,Healthcare Plans,400.0,1.983580326113724,-0.0477865862176614,61.66265286388926,US
HUMN,Roundhill Humanoid Robotics ETF,ETF,ETF,30.1200008392334,-9.359009165949663,-0.0583465582631915,35.79727255730553,US
HUN,Huntsman Corporation,Basic Materials,Chemicals,11.789999961853027,5.929917705533307,0.0020146468506199,46.95683666655773,US
HURN,Huron Consulting Group Inc.,Industrials,Consulting Services,114.8000030517578,8.455365806948855,-0.1734576773658447,59.62376362213617,US
HUSV,First Trust Horizon Managed Volatility Domestic ETF,ETF,ETF,40.41999816894531,0.8936096346481385,0.0043757385585251,59.76719803723603,US
HUTG,Leverage Shares 2X Long HUT Daily ETF,ETF,ETF,18.061599731445312,-21.74350177144592,-0.0241742513175289,36.90158899480112,US
HUYA,HUYA Inc.,Communication Services,Entertainment,2.400000095367432,-2.040814340536656,-0.0026280484693005,50.024521456189824,US
HVT,"Haverty Furniture Companies, Inc.",Consumer Cyclical,Home Improvement Retail,25.6299991607666,2.11154888941018,-0.0083201525115089,60.516727713730205,US
HWAY,Themes US Infrastructure ETF,ETF,ETF,37.415000915527344,-1.0106621174642525,0.0097588189871567,44.95769183079938,US
HWC,Hancock Whitney Corporation,Financial Services,Banks - Regional,78.45999908447266,4.044550158132119,0.0229242121662924,70.85952358638426,US
HWM,Howmet Aerospace Inc.,Industrials,Aerospace & Defense,272.42999267578125,0.5833437462289638,-0.1371233991315597,52.28172976540675,US
HWSM,Hotchkis & Wiley SMID Cap Diversified Value Fund,ETF,ETF,31.3218994140625,1.2801487788645596,0.0061964959161026,65.93245791145897,US
HXL,Hexcel Corporation,Industrials,Aerospace & Defense,103.80999755859376,4.699945497730072,0.1061301661407148,65.11054292972428,US
HY,"Hyster-Yale, Inc.",Industrials,Farm & Heavy Construction Machinery,33.0,0.9791912234882628,0.0421819049611734,45.0180485392841,US
HYBI,NEOS Enhanced Income Credit Select ETF,ETF,ETF,49.04499816894531,-0.009962566105048,-0.0043602299162427,55.37958950942733,US
HYBL,State Street Blackstone High Income ETF,ETF,ETF,27.940000534057617,0.1613195036941503,-0.0009135789619588,63.913820394193806,US
HYBX,TCW High Yield Bond ETF,ETF,ETF,29.665000915527344,-0.2354117820325517,-0.002140306964906,53.14637859874515,US
HYD,VanEck High Yield Muni ETF,ETF,ETF,51.04999923706055,-0.4291032157964626,-0.0027173051148217,43.84543793959891,US
HYDW,Xtrackers Low Beta High Yield Bond ETF,ETF,ETF,46.709999084472656,0.1286121256833541,0.000781585679017,60.6239550230305,US
HYEM,VanEck Emerging Markets High Yield Bond ETF,ETF,ETF,20.030000686645508,-0.0499013394459856,-0.0009714032726782,53.650729275144165,US
HYG,HYG,ETF,ETF,79.6500015258789,-0.0752698021363262,-0.0079650770630681,52.04721423995535,US
HYGH,iShares Interest Rate Hedged High Yield Bond ETF,ETF,ETF,86.4000015258789,-0.05783160685733,-0.0106695615940657,57.89487278837336,US
HYGV,FlexShares High Yield Value-Scored Bond Index Fund,ETF,ETF,40.150001525878906,0.1496666826207094,0.0001781211051736,59.06422427169473,US
HYHG,ProShares High Yield—Interest Rate Hedged,ETF,ETF,64.58999633789062,-0.1237077985462269,-0.0170072889729132,50.70643859555647,US
HYLB,Xtrackers USD High Yield Corporate Bond ETF,ETF,ETF,36.369998931884766,0.0550218943692967,-0.0017009595230365,54.30954836342821,US
HYMB,State Street SPDR Nuveen ICE High Yield Municipal Bond ETF,ETF,ETF,25.170000076293945,-0.3562951376579405,-0.0012182769514815,48.0471810856739,US
HYMC,Hycroft Mining Holding Corporation,Basic Materials,Gold,19.049999237060547,-10.898035618175909,-0.0344286268315192,34.11055319771492,US
HYP,Golden Eagle Dynamic Hypergrowth ETF,ETF,ETF,26.40180015563965,-9.12538941510447,-0.031269515409957,39.08994062283683,US
HYT,"BlackRock Corporate High Yield Fund, Inc.",Financial Services,Asset Management,8.40999984741211,-0.379063494575681,-0.0015577140112182,46.27585236925076,US
HYTI,HYTI,N/A,N/A,19.030000686645508,0.1578983507658306,-0.0020957301798913,53.24738465844443,US
HYXF,iShares ESG Advanced High Yield Corporate Bond ETF,ETF,ETF,46.45890045166016,-0.0131275172876431,5.456697049426029e-05,51.98692810868373,US
HYZD,WisdomTree Interest Rate Hedged High Yield Bond Fund,ETF,ETF,22.604900360107425,0.1102765123361447,-0.0012693501201478,63.61061097062941,US
IACO,Idea Acquisition Corp.,Financial Services,Shell Companies,9.9399995803833,0.0,-0.0003222975686493,66.27498589418784,US
IAGG,iShares Core International Aggregate Bond ETF,ETF,ETF,49.84999847412109,-0.2800624117722515,-0.0002952368833882,45.54364551316719,US
IALT,iShares Systematic Alternatives Active ETF,ETF,ETF,28.3799991607666,-0.2109752889039593,-0.0081840581147472,54.567615879244016,US
IAPR,Innovator International Developed Power Buffer ETF - April,ETF,ETF,33.233699798583984,-0.2889349750379409,-0.0083711452869825,51.366519182444335,US
IART,Integra LifeSciences Holdings Corporation,Healthcare,Medical Devices,19.25,2.4481057054793998,0.0053223326122506,62.25244543841671,US
IAT,iShares U.S. Regional Banks ETF,ETF,ETF,64.26000213623047,1.5005540077909962,-0.0221331228446943,63.06025624764416,US
IAUM,iShares Gold Trust Micro,ETF,ETF,40.0,-2.2721727296400203,-0.0029662323274343,40.1183981161841,US
IBAT,iShares Energy Storage & Materials ETF,ETF,ETF,38.45790100097656,-7.285676409380293,-0.0442416843919724,33.04110366088419,US
IBB,IBB,ETF,ETF,189.75999450683597,-1.1975440388392833,-0.133403473219678,58.74301315752845,US
IBBQ,Invesco Nasdaq Biotechnology ETF,ETF,ETF,32.619998931884766,-1.4203723739371676,-0.023562122059226,58.23602483483548,US
IBCB,iShares iBonds Dec 2036 Term Corporate ETF,EQUITY,EQUITY,24.875,0.1006020850966074,0.0056731646992828,46.745071684192624,US
IBD,Inspire Corporate Bond ETF,ETF,ETF,23.71999931335449,0.0,0.0022323529804046,50.32112142342572,US
IBDR,iShares iBonds Dec 2026 Term Corporate ETF,ETF,ETF,24.21999931335449,0.1240131402834782,0.0007204721466436,74.61999001914462,US
IBDS,iShares iBonds Dec 2027 Term Corporate ETF,ETF,ETF,24.170000076293945,0.0828176317995696,0.000257838903658,74.16888055295443,US
IBDT,IBDT,N/A,N/A,25.200000762939453,0.1988117104078973,0.0012435236526254,61.41582365894637,US
IBDU,iShares iBonds Dec 2029 Term Corporate ETF,ETF,ETF,23.09000015258789,0.1300983839562365,0.0008984952708064,55.26842350475956,US
IBDV,iShares iBonds Dec 2030 Term Corporate ETF,ETF,ETF,21.690000534057617,0.1847617377928584,0.0017757242226755,52.1558472352379,US
IBDW,IBDW,N/A,N/A,20.71999931335449,0.1934187987835764,0.0018371139327562,50.9562310478705,US
IBDY,iShares iBonds Dec 2033 Term Corporate ETF,ETF,ETF,25.540000915527344,0.1176036314242824,0.0042553533309419,48.64783890520479,US
IBDZ,iShares iBonds Dec 2034 Term Corporate ETF,ETF,ETF,25.81999969482422,0.1940210949646441,0.0054679615071607,49.31977970878495,US
IBEX,IBEX Limited,Technology,Information Technology Services,35.38999938964844,6.950738067254646,-0.0078099755490659,72.61966261326411,US
IBGK,iShares iBonds Dec 2054 Term Treasury ETF,ETF,ETF,22.86000061035156,0.070043546563011,0.0139636043471906,43.91984161519364,US
IBGL,iShares iBonds Dec 2055 Term Treasury ETF,ETF,ETF,23.496299743652344,0.0566364694840866,0.0141331927857473,43.7751918694827,US
IBGM,iShares iBonds Dec 2056 Term Treasury ETF,ETF,ETF,24.41819953918457,0.0745898399132562,0.014774468329736,43.76340485788226,US
IBHF,iShares iBonds 2026 Term High Yield and Income ETF,ETF,ETF,22.545000076293945,0.1021255564229514,0.0010516830406844,48.5701760827186,US
IBHG,iShares iBonds 2027 Term High Yield and Income ETF,ETF,ETF,21.989999771118164,0.1138156993244,-0.002011790928908,56.11401742150295,US
IBHI,iShares iBonds 2029 Term High Yield and Income ETF,ETF,ETF,23.270000457763672,-0.0429563083628796,-0.0009680696473768,52.359236144979775,US
IBHJ,iShares iBonds 2030 Term High Yield and Income ETF,ETF,ETF,26.347999572753903,0.2206110886527488,0.0002033955278449,56.58276887947363,US
IBHK,iShares iBonds 2031 Term High Y,ETF,ETF,25.60420036315918,-0.026549911599593,-0.0012704207847195,52.59809085710147,US
IBHL,iShares iBonds 2032 Term High Yield and Income ETF,ETF,ETF,25.352500915527344,0.183755473471076,0.0011058235938721,55.93710562703749,US
IBIC,iShares iBonds Oct 2026 Term TIPS ETF,ETF,ETF,25.56999969482422,0.0195547062865955,9.41833007477369e-06,59.30089817235839,US
IBIE,iShares iBonds Oct 2028 Term TIPS ETF,ETF,ETF,25.73500061035156,0.0972443670525282,0.0013519218204684,59.56263708270299,US
IBIH,iShares iBonds Oct 2031 Term TIPS ETF,ETF,ETF,25.70170021057129,0.1625111590302105,0.0016603091961788,53.165382836766426,US
IBIK,iShares iBonds Oct 2034 Term TIPS ETF,ETF,ETF,25.18000030517578,0.2787721749212601,0.0048198642047817,52.32437661423318,US
IBKR,"Interactive Brokers Group, Inc.",Financial Services,Capital Markets,90.52999877929688,-3.783608988366085,-0.2794358164983763,47.57183331598422,US
IBLC,iShares Blockchain and Tech ETF,ETF,ETF,41.928199768066406,-9.12239888782854,-0.0558794137797045,32.91580623270595,US
IBM,International Business Machines Corporation,Technology,Information Technology Services,212.6699981689453,-26.043260545788783,-0.7668628795701107,31.461859398580856,US
IBMO,iShares iBonds Dec 2026 Term Muni Bond ETF,ETF,ETF,25.649999618530277,0.1366380937921106,0.0010501642154953,65.70304751695315,US
IBMP,iShares iBonds Dec 2027 Term Muni Bond ETF,ETF,ETF,25.399999618530277,0.019685610066895,-0.0009139547280015,59.9761511376278,US
IBMQ,iShares iBonds Dec 2028 Term Muni Bond ETF,ETF,ETF,25.53499984741211,-0.0782643612789199,-0.0008795916509533,59.41282226212779,US
IBMV,iShares iBonds Dec 2033 Term Mu,ETF,ETF,25.104999542236328,-0.5742592386680074,-0.0041048276129292,34.65492045584901,US
IBMW,iShares iBonds Dec 2034 Term Muni Bond ETF,ETF,ETF,25.03009986877441,-0.5558212439232153,-0.002723069519643,33.561689873163175,US
IBMX,iShares iBonds Dec 2035 Term Muni Bond ETF,ETF,ETF,24.84510040283203,-0.619598388671875,-0.0032656105521256,29.734039489514657,US
IBOC,International Bancshares Corporation,Financial Services,Banks - Regional,76.52999877929688,1.47175899933741,0.0139626367327203,55.187960645554256,US
IBOT,Vaneck Robotics ETF,ETF,ETF,63.3134994506836,-4.337149068187658,-0.0552001132707071,42.00163497960968,US
IBP,IBP,Consumer Cyclical,Residential Construction,228.6499938964844,1.5635361512580892,-0.1807829260158553,53.91059556746022,US
IBRN,iShares Neuroscience and Healthcare ETF,ETF,ETF,37.870601654052734,-3.0251883147881458,-0.0170633584721177,52.51164474021517,US
IBTK,iShares iBonds Dec 2030 Term Treasury ETF,ETF,ETF,19.46999931335449,0.1800866908869362,0.0012241331155316,52.9375052381703,US
IBTL,iShares iBonds Dec 2031 Term Treasury ETF,ETF,ETF,20.084999084472656,0.1495825422108467,0.0013880696564604,50.89777354546034,US
IBTM,iShares iBonds Dec 2032 Term Treasury ETF,ETF,ETF,22.575000762939453,0.199734020960855,0.0031139130431913,51.08252591074892,US
IBTO,Ishares Ibonds Dec 2033 Term Treasury ETF,ETF,ETF,23.974899291992188,0.2085686793015396,0.0041797658151826,50.69300749734099,US
IBTP,iShares iBonds Dec 2034 Term Treasury ETF,ETF,ETF,25.20499992370605,0.1987646022490108,0.0050950591114223,50.26433572658963,US
IBTQ,iShares iBonds Dec 2035 Term Treasury ETF,ETF,ETF,24.875,0.2014067896231017,0.0059050608849287,49.79212506535588,US
IBX,Tradr 2X Long IBM Daily ETF,ETF,ETF,14.779999732971191,-51.66775745635787,-0.1476075440210638,30.017948084236096,US
ICE,ICE,Financial Services,Financial Data & Stock Exchanges,139.64999389648438,3.245600745183063,-0.1458004316066219,55.20010574080249,US
ICFI,"ICF International, Inc.",Industrials,Consulting Services,78.86000061035156,2.642195406633909,-0.1127972397875642,59.78441601828114,US
ICLN,iShares Global Clean Energy ETF,ETF,ETF,18.3700008392334,-4.571424211774554,-0.002016863823362,36.21569786655038,US
ICLO,Invesco AAA CLO Floating Rate Note ETF,ETF,ETF,25.645000457763672,0.1249349429042768,0.0007054602827446,69.05845614023954,US
ICOI,Bitwise COIN Option Income Strategy ETF,ETF,ETF,10.380000114440918,-1.3308016847036812,-0.0282482383748013,47.97012228426726,US
ICPY,"Tweedy, Browne International Insider + Value ETF",EQUITY,EQUITY,12.676799774169922,0.8095424767305358,-0.0032016787477573,65.79105132645782,US
ICSH,iShares Ultra Short Duration Bond Active ETF,ETF,ETF,50.52000045776367,0.1387506318446688,0.0012372246216401,82.46383958468849,US
ICVT,iShares Convertible Bond ETF,ETF,ETF,113.73999786376952,-3.5447764332450618,-0.0292821268163983,37.180498892145465,US
IDCC,"InterDigital, Inc.",Technology,Software - Application,260.45001220703125,-1.6724526555868782,-0.2055600287269916,39.57691550192028,US
IDEF,iShares Defense Industrials Act,ETF,ETF,31.09000015258789,-2.752577978314215,-0.0180579902097393,40.406673003699375,US
IDGT,iShares U.S. Digital Infrastructure and Real Estate ETF,ETF,ETF,113.43000030517578,-6.170898438362835,-0.0816665656194328,37.34363811987027,US
IDHQ,Invesco S&P International Developed Quality ETF,ETF,ETF,43.04999923706055,-0.9206018845921088,-0.0114121813464549,53.06645282917473,US
IDMO,Invesco S&P International Developed Momentum ETF,ETF,ETF,58.970001220703125,-1.945457567042639,-0.0424502330884553,46.16981878318981,US
IDMY,Corgi U.S. Equities 30% Structured Buffer ETF - July Series,ETF,ETF,25.190000534057617,0.0,-6.70985237964522e-05,51.848820455589866,US
IDNA,iShares Genomics Immunology and Healthcare ETF,ETF,ETF,32.79999923706055,-2.235469499419609,-0.0257993467614588,53.93917371101353,US
IDOG,ALPS International Sector Dividend Dogs ETF,ETF,ETF,42.244998931884766,1.2826656896553932,0.0083916307922639,55.7543874321816,US
IDR,"Idaho Strategic Resources, Inc.",Basic Materials,Gold,28.399999618530277,-7.672303617656219,-0.0504611779437014,35.0202685839693,US
IDT,IDT,N/A,N/A,63.15999984741211,3.371524426737145,-0.056651133018166,70.77327469427183,US
IDUB,Aptus International Enhanced Yield ETF,ETF,ETF,26.96999931335449,-2.034149507168977,-0.0156489044079481,45.27111063358089,US
IDV,iShares International Select Dividend ETF,ETF,ETF,43.0099983215332,2.2100676093416567,0.0161817129702741,60.20299919073095,US
IDVZ,Polen International Dividend Income ETF,ETF,ETF,34.68000030517578,0.8432710691313229,-0.0042559538414181,54.62857416434621,US
IDX,VanEck Indonesia Index ETF,ETF,ETF,10.899999618530272,5.620154465672529,0.0166725653460147,56.09088987619013,US
IDXX,"IDEXX Laboratories, Inc.",Healthcare,Diagnostics & Research,567.4400024414062,0.6866928805459147,0.130936932899039,53.56712151208799,US
IE,Ivanhoe Electric Inc.,Basic Materials,Copper,8.130000114440918,-10.952902381877305,-0.0169774857084816,29.77953720892512,US
IEAG,Infinite Eagle Acquisition Corp.,Financial Services,Shell Companies,10.210000038146973,-0.4873312828406481,-0.0040849666180186,62.500507876185175,US
IEDI,iShares U.S. Consumer Focused ETF,ETF,ETF,55.210899353027344,0.591950145245675,0.0019089356946264,52.25548184695639,US
IEI,IEI,ETF,ETF,116.9800033569336,0.1798464673328029,0.0110682481187459,51.92466948250073,US
IEO,iShares U.S. Oil & Gas Exploration & Production ETF,ETF,ETF,121.51000213623048,6.775042950540206,0.1085810972551479,66.76766145101291,US
IEP,Icahn Enterprises L.P.,Energy,Oil & Gas Refining & Marketing,7.489999771118164,0.0,-0.0051548138366249,56.90299398483533,US
IETC,iShares U.S. Tech Independence Focused ETF,ETF,ETF,101.97000122070312,-5.13535840800958,-0.168797732634555,40.87734785108351,US
IEUR,iShares Core MSCI Europe ETF,ETF,ETF,75.11000061035156,-0.0266160572307175,-0.0104521506147207,52.70077376346392,US
IEUS,iShares MSCI Europe Small-Cap ETF,ETF,ETF,70.37950134277344,0.7724871608993946,-0.0036366724328326,51.642075612341294,US
IFEB,Innovator International Developed Power Buffer ETF - February,ETF,ETF,31.243600845336918,-0.5297644154204127,-0.0077684043458027,50.42618775277563,US
IFF,IFF,N/A,N/A,78.19999694824219,0.8641792589892632,0.136424152049567,52.993416705264494,US
IFGL,iShares International Developed Real Estate ETF,ETF,ETF,22.774900436401367,0.9078455664495936,0.0029257568233859,57.01283907961084,US
IFLO,VictoryShares International Free Cash Flow ETF,ETF,ETF,33.466400146484375,-0.3115754719425265,-0.0015474412480478,52.250514925315706,US
IFLR,Innovator International Developed Managed Floor ETF,EQUITY,EQUITY,52.92490005493164,-0.8934129217957779,-0.0250444619205105,50.69201109307438,US
IFN,"Aberdeen India Fund, Inc.",Financial Services,Asset Management,11.5,-0.8620722256998448,-0.0015515808542358,50.94100885494248,US
IFRA,IFRA,N/A,N/A,61.40999984741211,-0.534502465311372,-0.0086488679652759,46.22495122521923,US
IFS,Intercorp Financial Services Inc.,Financial Services,Banks - Regional,59.459999084472656,-2.010549134092644,-0.040899093092269,61.56267401801172,US
IFV,First Trust Dorsey Wright International Focus 5 ETF,ETF,ETF,25.245500564575195,-2.658565319319291,-0.003652453489764,35.574233504257336,US
IG,IG,ETF,ETF,20.40999984741211,0.0490207307295842,0.0045803134169916,44.13111152124255,US
IGBH,iShares Interest Rate Hedged Long-Term Corporate Bond ETF,ETF,ETF,24.411699295043945,-0.0135229177128504,0.0015409172106524,43.92843509956735,US
IGD,Voya Global Equity Dividend and Premium Opportunity Fund,Financial Services,Asset Management,6.320000171661377,0.3174600050953454,-0.0018938651485328,61.17002584772765,US
IGE,iShares North American Natural Resources ETF,ETF,ETF,58.400001525878906,1.8308684911850888,0.0091408444478993,53.65172411281232,US
IGF,iShares Global Infrastructure ETF,ETF,ETF,66.94000244140625,0.0448345204827168,-0.007244247354427,53.46167535089452,US
IGGY,AB International Growth ETF,EQUITY,EQUITY,28.57999992370605,-0.5497979722424965,-0.0029229855129706,50.53378122934727,US
IGIB,iShares 5-10 Year Investment Grade Corporate Bond ETF,ETF,ETF,52.70000076293945,0.1139843730750779,0.0082224958417106,48.495011316766586,US
IGLB,iShares 10+ Year Investment Grade Corporate Bond ETF,ETF,ETF,48.970001220703125,0.0204292001991496,0.0225735579143543,41.26943856470984,US
IGLD,FT Vest Gold Strategy Target Income ETF,ETF,ETF,20.600000381469727,-1.9980973698733653,-0.0027098731177065,40.1412150336646,US
IGM,IGM,ETF,ETF,153.3000030517578,-5.136140308337058,-0.2590557207460036,42.627171495937255,US
IGR,CBRE Global Real Estate Income Fund,Financial Services,Asset Management,4.760000228881836,3.478267990573966,0.0047987609681015,68.15183819545686,US
IGSB,iShares 1-5 Year Investment Grade Corporate Bond ETF,ETF,ETF,52.20500183105469,0.1438725520865691,0.0025242357589924,54.30490585168808,US
IGTR,Innovator Gradient Tactical Rotation Strategy ETF,ETF,ETF,33.30099868774414,-0.236675787426973,0.0073567650661657,50.76917658652199,US
IGV,iShares Expanded Tech-Software Sector ETF,ETF,ETF,92.8000030517578,0.4220315703854342,-0.0986475476027667,51.54917489389522,US
IHAK,iShares Cybersecurity and Tech ETF,ETF,ETF,63.68000030517578,1.9369282228725997,-0.0907297243447184,63.10036992968944,US
IHE,iShares U.S. Pharmaceuticals ETF,ETF,ETF,100.91999816894533,0.4079156541645858,0.0279457713013511,61.69228454144434,US
IHF,IHF,ETF,ETF,56.63999938964844,-0.5967008692863645,-0.0350100599772267,62.05958077857142,US
IHI,iShares U.S. Medical Devices ETF,ETF,ETF,50.5099983215332,-1.6166767210514892,-0.0433945495353262,49.93963175614057,US
IHRT,"iHeartMedia, Inc.",Communication Services,Broadcasting,3.829999923706055,-7.038834221076064,-0.0041722574722429,41.95168732384748,US
IIGD,Invesco Investment Grade Defensive ETF,ETF,ETF,24.44499969482422,0.1433832348664269,0.0011089989008259,52.10022076585858,US
IIIN,Insteel Industries Inc.,Industrials,Metal Fabrication,31.0,5.9104868984635,0.0908875296104494,63.773264936185406,US
IIIV,"i3 Verticals, Inc.",Technology,Software - Infrastructure,20.709999084472656,-1.5216433272684546,-0.0273046015884804,48.77163388135525,US
IIM,Invesco Value Municipal Income Trust,Financial Services,Asset Management,12.739999771118164,-0.9562248402856738,-0.0094586107650634,56.2350055117962,US
IIPR,"Innovative Industrial Properties, Inc.",Real Estate,REIT - Industrial,64.47000122070312,0.0465530387342119,-0.0259572178198503,67.78128328088496,US
IJAN,Innovator International Developed Power Buffer ETF - January,ETF,ETF,38.05490112304688,-0.2492802071515521,-0.0079528813810557,51.83965016150607,US
IJK,IJK,ETF,ETF,112.4000015258789,-1.4985532164807758,-0.0240291209068472,43.783161333241885,US
IJS,iShares S&P Small-Cap 600 Value ETF,ETF,ETF,136.94000244140625,1.4445491287434136,0.0195540159559179,59.98550665486136,US
IJT,IJT,ETF,ETF,172.8800048828125,-0.8089898775803652,-0.0514339709971989,52.97697814495339,US
IJUL,Innovator International Developed Power Buffer ETF - July,ETF,ETF,35.95500183105469,-0.511891427000795,-0.0097107693136841,53.13419904653097,US
IJUN,Innovator International Developed Power Buffer ETF - June,ETF,ETF,31.12360000610352,-0.5762868753652746,-0.0085799997594796,49.89394414443061,US
ILCG,iShares Morningstar Growth ETF,ETF,ETF,112.56999969482422,-3.3899734483705326,-0.1627478730966712,43.59328072442994,US
ILF,iShares Latin America 40 ETF,ETF,ETF,34.06999969482422,-1.274988838334537,-0.029651313584505,50.03907553792378,US
ILIT,Ishares Lithium Miners And Producers ETF,ETF,ETF,13.975000381469728,-8.868598978116362,0.0020720413003941,23.08275110606681,US
ILLU,ILLU,N/A,N/A,9.970000267028809,0.0,-0.0009902121891125,81.45573786391174,US
ILMN,"Illumina, Inc.",Healthcare,Diagnostics & Research,186.6499938964844,-1.8664579961711831,-0.4063535825529172,58.349009139675424,US
ILPT,Industrial Logistics Properties Trust,Real Estate,REIT - Industrial,8.859999656677246,-1.5555593702528212,-0.002148439657352,52.4801380263085,US
ILS,Brookmont Catastrophic Bond ETF,ETF,ETF,19.790000915527344,0.2025362811511075,0.0002122748502688,76.29235742145164,US
ILTB,iShares Core 10+ Year USD Bond ETF,ETF,ETF,48.2599983215332,-0.0621300340139225,0.0214324418833388,42.8391857144049,US
IMAY,Innovator International Developed Power Buffer ETF - May,ETF,ETF,31.65999984741211,-0.5184631942554077,-0.009527739993902,49.51157749486473,US
IMCG,iShares Morningstar Mid-Cap Growth ETF,ETF,ETF,95.18000030517578,-2.118467301366818,-0.064740277511037,47.107104094821935,US
IMCR,Immunocore Holdings plc,Healthcare,Biotechnology,34.959999084472656,9.420964787658672,0.0110339432863827,68.91183521832704,US
IMCV,iShares Morningstar Mid-Cap Value ETF,ETF,ETF,94.39450073242188,0.9458866174581202,-0.0062843268368755,65.63997923740834,US
IMFL,Invesco International Developed Dynamic Multifactor ETF,ETF,ETF,33.52000045776367,-1.643196429586826,0.0019216548201011,44.76337550359654,US
IMKTA,"Ingles Markets, Incorporated",Consumer Defensive,Grocery Stores,90.1500015258789,-0.6611553433841254,-0.1062014147008773,50.38173136999168,US
IMOM,Alpha Architect International Quantitative Momentum ETF,ETF,ETF,40.55950164794922,-3.894266998804964,-0.0594920033021024,35.490045220201154,US
IMST,Bitwise MSTR Option Income Strategy ETF,ETF,ETF,7.269999980926514,0.1377376271270154,-0.0021971397902318,41.15404063400922,US
IMTM,iShares MSCI Intl Momentum Factor ETF,ETF,ETF,51.65999984741211,-1.9548278727317336,-0.032221563675025,44.82400319907295,US
IMTX,Immatics N.V.,Healthcare,Biotechnology,9.59000015258789,-0.9297536131250802,0.0111567451055795,46.35471385652059,US
IMVT,"Immunovant, Inc.",Healthcare,Biotechnology,40.2599983215332,1.3850396619011929,0.0367498571274038,63.476876035384514,US
IMXI,"International Money Express, Inc.",Technology,Software - Infrastructure,13.420000076293944,-7.448275335903825,-0.0246842863004617,34.99178206354233,US
INBX,"Inhibrx Biosciences, Inc.",Healthcare,Biotechnology,87.38999938964844,-6.042363850664675,-0.2548071700972638,38.6647659909181,US
INCO,Columbia India Consumer ETF,ETF,ETF,58.82849884033203,-1.6081318957558544,0.0093098114160504,47.555202114799584,US
INCY,Incyte Corporation,Healthcare,Biotechnology,117.25,0.462686076397362,-0.0076899824255067,63.9955923015185,US
IND,Xtrackers Nifty 500 India ETF,ETF,ETF,22.57999992370605,-1.1167031792876048,-0.013723561630505,45.63747836642334,US
INDA,iShares MSCI India ETF,ETF,ETF,48.90999984741211,-0.7910738249165352,0.015955008882453,49.67427388816409,US
INDB,Independent Bank Corp.,Financial Services,Banks - Regional,84.51000213623047,0.9556839810146468,-0.0795806921505042,55.68085866110809,US
INDH,WisdomTree India Hedged Equity Fund ETF,ETF,ETF,39.46329879760742,0.4180742821027807,0.016682918900399,54.76773285923208,US
INDL,Direxion Daily MSCI India Bull 2x Shares,ETF,ETF,44.18999862670898,-1.5374385583436598,0.0328743021963204,48.81661583717831,US
INDP,INDP,N/A,N/A,2.5299999713897705,-3.802286642577023,0.0063337399863444,44.80309907421686,US
INDV,"Indivior Pharmaceuticals, Inc.",Healthcare,Drug Manufacturers - Specialty & Generic,40.540000915527344,0.098767692660108,-0.0095145070987896,56.381217755473656,US
INDY,iShares India 50 ETF,ETF,ETF,43.369998931884766,-0.1611411073599334,0.0301572562981841,53.24635898031005,US
INDZ,VanEck India Select ETF,ETF,ETF,24.959999084472656,-0.8343305172218728,-0.0111989644616206,50.13096116466599,US
INEQ,Columbia International Equity Income ETF,ETF,ETF,39.7400016784668,0.594862938862779,-0.0056650745971012,58.26044860167447,US
INFO,Harbor PanAgora Dynamic Large Cap Core ETF,ETF,ETF,27.306699752807617,-0.9118978395356306,-0.0216555053385285,53.610328832713485,US
INGM,Ingram Micro Holding Corporation,Technology,Information Technology Services,29.280000686645508,0.7570585848116106,0.0242847046436514,57.45167278390297,US
INGR,Ingredion Incorporated,Consumer Defensive,Packaged Foods,102.55999755859376,3.858225375791139,0.1084757493314836,61.80782780939635,US
INKM,State Street Income Allocation ETF,ETF,ETF,34.51029968261719,0.2041261867347552,0.0011158732303399,58.44023089381145,US
INMU,iShares Intermediate Muni Income Active ETF,ETF,ETF,24.030000686645508,-0.4144155723125057,-0.0015795834478988,37.43577770985444,US
INNV,InnovAge Holding Corp.,Healthcare,Medical Care Facilities,11.5,-0.1736150778552527,-0.0291439112794591,62.348153038450825,US
INOV,Innovator International Developed Power Buffer ETF - November,ETF,ETF,36.675899505615234,-0.5938499781271392,-0.0113279642924163,50.55247190915974,US
INRO,iShares U.S. Industry Rotation Active ETF,ETF,ETF,35.78219985961914,-1.7809006082406091,-0.0269292717798247,46.70651413972191,US
INSM,Insmed Incorporated,Healthcare,Biotechnology,108.31999969482422,-6.305683658023099,-0.244815653191235,49.647579285499866,US
INSP,"Inspire Medical Systems, Inc.",Healthcare,Medical Devices,50.59999847412109,-2.2411126063146063,-0.1327365879213171,61.2771106189601,US
INSW,INSW,N/A,N/A,86.76000213623047,-1.943943439699632,-0.1604420511504927,55.58126012625275,US
INTA,"Intapp, Inc.",Technology,Software - Application,29.1200008392334,3.7406524967037593,-0.0370648564324269,66.22922627749492,US
INTC,Intel Corporation,Technology,Semiconductors,95.04000091552734,-13.474140491443048,-0.0594106013318569,36.096080158851606,US
INTF,iShares International Equity Factor ETF,ETF,ETF,41.040000915527344,-0.6535958576322892,-0.0222948572211443,50.45816741227221,US
INTL,Main International ETF,ETF,ETF,29.95240020751953,-2.1163404113627364,-0.0196738214143534,44.49964750817648,US
INTU,Intuit Inc.,Technology,Software - Application,291.0899963378906,5.866309784726538,-0.1019268820441627,52.69832697841532,US
INTW,GraniteShares 2x Long INTC Daily ETF,ETF,ETF,22.3700008392334,-26.34178392799128,0.0185132770987879,35.86798463949306,US
INV,"Innventure, Inc.",Financial Services,Asset Management,3.369999885559082,-32.73453629539613,-0.0430002569389421,28.11216626503635,US
INVA,"Innoviva, Inc.",Healthcare,Biotechnology,21.709999084472656,-2.383096637140212,-0.0104760713887285,42.28694533835254,US
INVG,GMO Systematic Investment Grade Credit ETF,ETF,ETF,25.2367000579834,0.1217991127340231,0.0052039508285352,47.08309408669548,US
INVX,"Innovex International, Inc.",Energy,Oil & Gas Equipment & Services,25.780000686645508,1.2171236028596002,0.0055468611188851,49.4842595851212,US
IOCT,Innovator International Developed Power Buffer ETF- October,ETF,ETF,37.049598693847656,-0.3373249382285828,-0.0064759601658807,53.49627584665394,US
IONL,GraniteShares 2x Long IONQ Daily ETF,ETF,ETF,11.079999923706056,-35.69355648242837,0.0890433012342315,28.07563857151399,US
IONX,Defiance Daily Target 2X Long IONQ ETF,ETF,ETF,20.59000015258789,-35.95645668628003,0.1699401383885277,27.81871155604378,US
IOO,iShares Global 100 ETF,ETF,ETF,138.13999938964844,-0.9180883632962094,-0.129334239018597,50.19576766998336,US
IOPP,Simplify Tara India Opportunities ETF,ETF,ETF,26.045000076293945,-1.7169808441737913,-0.0099139961337985,54.02366344022569,US
IOSP,Innospec Inc.,Basic Materials,Specialty Chemicals,84.25,3.2222459751486645,0.0598756654315611,58.27976122038109,US
IOVA,"Iovance Biotherapeutics, Inc.",Healthcare,Biotechnology,5.0,18.20330915968104,0.0317690613547508,64.92578245048442,US
IOYY,GraniteShares YieldBOOST IONQ ETF,ETF,ETF,7.070000171661377,-5.9214863969428615,-0.0079129827973023,19.635593564647596,US
IP,IP,Consumer Cyclical,Packaging & Containers,37.560001373291016,-0.975478325620464,0.0298002350991458,54.98233009035143,US
IPAC,IPAC,N/A,N/A,81.05000305175781,-2.7010803332167708,-0.1006785898404551,44.78503535321548,US
IPAV,Global X Infrastructure Development ex-U.S. ETF,ETF,ETF,31.229400634765625,-1.496971458414789,0.0028073931181397,40.14541994745516,US
IPAY,Amplify Digital Payments ETF,ETF,ETF,49.280799865722656,2.072910339125648,-0.0616714543984452,62.8691771801589,US
IPGP,IPG Photonics Corporation,Technology,Semiconductor Equipment & Materials,104.33000183105467,-3.1560395618052115,0.0135325300951754,45.50820843906117,US
IPI,IPI,Basic Materials,Agricultural Inputs,34.20000076293945,-1.7241335841241066,-0.0605914477994959,44.91552820569901,US
IPKW,Invesco International BuyBack Achievers ETF,ETF,ETF,58.46099853515625,0.2847591927695926,-0.0328855755901061,58.74768306408587,US
IPO,IPO,ETF,ETF,52.77999877929688,-8.320307349173019,-0.0757456471975851,38.19320463563397,US
IPSC,"Century Therapeutics, Inc.",Healthcare,Biotechnology,2.25,0.0,0.004034670892215,48.129823711755286,US
IQDF,FlexShares International Quality Dividend Index Fund,ETF,ETF,34.2400016784668,-1.325645747431648,-0.0195483338563625,48.59085120858526,US
IQDG,WisdomTree International Quality Dividend Growth Fund,ETF,ETF,42.900001525878906,-0.6254265798431989,-0.0180405985292,50.10511964071371,US
IQI,IQI,Financial Services,Asset Management,10.130000114440918,-0.3669195370536862,-0.0084845168862739,57.73527357197919,US
IQLT,iShares MSCI Intl Quality Factor ETF,ETF,ETF,49.470001220703125,-0.1815983658071359,-0.0086261709293273,53.41302355924035,US
IQMM,Proshares Genius Money Market ETF,EQUITY,EQUITY,100.12999725341795,0.0819537618202687,0.0014573042766749,93.1497405531266,US
IQRA,NYLI CBRE Real Assets ETF,ETF,ETF,30.948999404907227,1.7724418290024624,0.016722539247172,62.58211546156247,US
IQSI,IQSI,N/A,N/A,37.84999847412109,-1.2831896926960913,-0.0183556612279627,48.6006554886832,US
IQSZ,Invesco Global Equity Net Zero ETF,EQUITY,EQUITY,31.527000427246094,-0.2404841694834605,-0.0103018396416367,51.73840439238564,US
IQV,IQVIA Holdings Inc.,Healthcare,Diagnostics & Research,206.25999450683597,-0.7649802982867431,-0.4609420922207761,62.67295574471176,US
IR,IR,Industrials,Specialty Industrial Machinery,82.23999786376953,4.299301782182089,0.0590375651299766,59.50530876178647,US
IRDM,Iridium Communications Inc.,Communication Services,Telecom Services,46.68000030517578,-6.751899671178592,-0.0941071126573407,45.72401629232108,US
IREG,Leverage Shares 2X Long IREN Daily ETF,ETF,ETF,6.599999904632568,-34.52380997433595,0.0055815819294147,31.29367189598732,US
IREX,Tradr 2X Long IREN Daily ETF,ETF,ETF,11.770000457763672,-34.245806097228964,0.0145348175836819,31.208858478682345,US
IRM,Iron Mountain Incorporated,Real Estate,REIT - Specialty,123.81999969482422,1.9010760579231207,0.2003249846647226,50.97935485842442,US
IRMD,IRADIMED CORPORATION,Healthcare,Medical Devices,97.02999877929688,-0.1748952410315758,0.0749829457890731,53.48136799109349,US
IRT,"Independence Realty Trust, Inc.",Real Estate,REIT - Residential,16.6200008392334,-0.7168395073206754,-0.0095753943952256,49.78173729085616,US
IRTC,IRTC,N/A,N/A,110.87999725341795,-4.520795766957172,-0.2847884944476067,42.7707054290225,US
IRTR,Ishares Lifepath Retirement ETF,ETF,ETF,31.74659919738769,-0.5743849233799005,-0.0062236218436407,47.17512513510969,US
IRWD,"Ironwood Pharmaceuticals, Inc.",Healthcare,Drug Manufacturers - Specialty & Generic,3.859999895095825,-13.64653073215629,-0.014430752039654,44.6937424432801,US
ISBG,IncomeSTKd 1x Bitcoin & 1x Gold Premium ETF,ETF,ETF,11.624799728393556,-1.409547047948767,-0.016205114381629,42.30398220055469,US
ISCF,iShares MSCI Intl Small-Cap Multifactor ETF,ETF,ETF,43.5,-0.7529131126361777,-0.0272940317886279,48.5410647810669,US
ISCG,iShares Morningstar Small-Cap Growth ETF,ETF,ETF,63.09000015258789,-1.1128512428887734,-0.0106455117301448,47.65841008884623,US
ISCV,iShares Morningstar Small-Cap Value ETF,ETF,ETF,79.31990051269531,1.2637541918812647,0.0083107391473824,65.2105761370814,US
ISD,"PGIM High Yield Bond Fund, Inc.",Financial Services,Asset Management,12.649999618530272,-1.7094037994177622,-0.0080871674730562,42.34020976937683,US
ISEP,Innovator International Developed Power Buffer ETF - September,ETF,ETF,34.684898376464844,-0.3164241939197263,-0.0073524829793494,54.37224598018239,US
ISHG,iShares 1-3 Year International Treasury Bond ETF,ETF,ETF,74.37000274658203,0.0538153027606028,-0.0020284783010994,47.67823386943922,US
ISHP,First Trust S-Network Global E-Commerce ETF,ETF,ETF,34.93769836425781,1.14555772526449,-0.0277300273598132,59.66979713573524,US
ISMCF,iShares VII Public Limited Company - iShares MSCI USA UCITS ETF,MUTUALFUND,MUTUALFUND,770.2672729492188,-1.537805326951473,-0.7590422468146452,48.565450172590296,US
ISMF,iShares Managed Futures Active ETF,ETF,ETF,28.03030014038086,-0.1414305481830108,-0.0023791258984139,50.10396217532204,US
ISMJF,iShares VII Public Limited Company - iShares Core MSCI Pacific ex Japan UCITS ETF,MUTUALFUND,MUTUALFUND,241.69630432128903,0.2784342802415929,-0.0819616578705314,59.5778775245026,US
ISRA,VanEck Israel ETF,ETF,ETF,65.00399780273438,1.1892901064302948,-0.0244919303214292,49.75809331071962,US
ISRG,"Intuitive Surgical, Inc.",Healthcare,Medical Instruments & Supplies,345.4200134277344,-15.08431720726123,-3.17782183286814,30.15966255453964,US
ISTB,iShares Core 1-5 Year USD Bond ETF,ETF,ETF,48.11000061035156,0.1665663816114272,0.0025458808027191,56.188061573551146,US
ISTM,iShares Strategic Metals ETF,ETF,ETF,28.549999237060547,-1.991074289103382,-0.0148959350686487,39.85887170709675,US
ISTR,Investar Holding Corporation,Financial Services,Banks - Regional,29.8700008392334,1.0829157713531077,0.0199286310670536,55.61596607900735,US
ISUL,GraniteShares 2x Long ISRG Daily ETF,ETF,ETF,12.270000457763672,-30.501274536653668,-0.2744966744747947,29.585129538341064,US
ISVAF,iShares VII Public Limited Company -  iShares NASDAQ 100 UCITS ETF,EQUITY,EQUITY,1648.2088623046875,-4.045466755925858,-1.881769409744793,43.306436876073896,US
ITA,iShares U.S. Aerospace & Defense ETF,ETF,ETF,230.72999572753903,-3.4844816849849582,-0.1617032608356368,41.75964209090628,US
ITAN,Sparkline Intangible Value ETF,ETF,ETF,41.76620101928711,-1.1076386975799788,-0.0149746100028943,50.6917671570749,US
ITB,iShares U.S. Home Construction ETF,ETF,ETF,97.33000183105467,-0.4398530030477776,-0.0154833743287288,47.974704201940575,US
ITDB,Ishares Lifepath Target Date 2030 ETF,ETF,ETF,34.80329895019531,-0.7406690162872333,-0.0096760696897744,47.45294526350834,US
ITDE,Ishares Lifepath Target Date 2045 ETF,ETF,ETF,39.62960052490234,-1.2567856683566698,-0.0223670180325866,47.2587214285231,US
ITDF,Ishares Lifepath Target Date 2050 ETF,ETF,ETF,40.99530029296875,-1.4654470760145717,-0.0250852796967097,47.124886777078906,US
ITDG,Ishares Lifepath Target Date 2055 ETF,ETF,ETF,41.64929962158203,-1.5499366005524615,-0.0291172661726842,46.984828530291686,US
ITDI,Ishares Lifepath Target Date 2065 ETF,ETF,ETF,41.62620162963867,-1.6277845194955245,-0.0292609176636942,46.91539984597257,US
ITIC,Investors Title Company,Financial Services,Insurance - Specialty,289.2200012207031,4.789855514747509,0.5067442816689383,71.129288300474,US
ITRN,ITRN,N/A,N/A,55.7400016784668,-0.464282717023577,0.1018805367077397,37.54439824806634,US
ITW,Illinois Tool Works Inc.,Industrials,Specialty Industrial Machinery,276.04998779296875,2.6933485733903426,-0.0899741029628256,60.08980320710813,US
ITWO,ProShares Russell 2000 High Income ETF,ETF,ETF,45.83000183105469,-0.3912116866874025,-0.0027758060384776,52.27571153353709,US
IUS,Invesco RAFI Strategic US ETF,ETF,ETF,66.94000244140625,0.0448345204827168,-0.0253198074467787,62.00529785813631,US
IUSV,iShares Core S&P U.S. Value ETF,ETF,ETF,112.12000274658205,0.3670250339894276,-0.0135811787913616,60.73810905434326,US
IVAL,Alpha Architect International Quantitative Value ETF,ETF,ETF,35.04719924926758,0.2781072509480259,-0.0059508804531321,54.3303785570798,US
IVEP,Dan IVES Wedbush AI Power & Infrastructure ETF,ETF,ETF,25.604999542236328,-4.636874568138271,-0.0197441280954792,36.42036273213957,US
IVES,Dan IVES Wedbush AI Revolution ETF,ETF,ETF,36.400001525878906,-4.00843015944872,-0.0554686093434906,43.278767263351774,US
IVLU,iShares Edge MSCI Intl Value Factor ETF,ETF,ETF,42.119998931884766,-1.0338402894939245,-0.0248174438351045,50.07498970893659,US
IVOO,Vanguard S&P Mid-Cap 400 Index Fund ETF Shares,ETF,ETF,127.8499984741211,-0.1561925598360797,-0.0036103565273326,51.01196997944496,US
IVRS,IVRS,N/A,N/A,32.000999450683594,-1.1246785382538154,-0.0342452711829515,50.25851913022782,US
IVSI,Applied Finance IVS International Large ETF,ETF,ETF,28.91900062561035,-0.2449090930264399,-0.0068121006571648,54.12530580888384,US
IVSS,Applied Finance IVS US SMID ETF,ETF,ETF,30.41889953613281,1.0359689824456393,-0.006943475436297,65.70870765214954,US
IVSX,Applied Finance IVS International SMID ETF,ETF,ETF,24.59469985961914,-0.9077350442194424,-0.0128918118729667,49.83925068218314,US
IVVM,iShares Large Cap Moderate Quarterly Laddered ETF,ETF,ETF,37.02000045776367,-0.6441166789608584,-0.0171599815674001,53.0162596570682,US
IWDL,ETRACS 2x Leveraged US Value Factor TR ETN,ETF,ETF,65.49400329589844,2.0060461459176637,0.0408677930928615,64.69196621090173,US
IWFG,NYLI Winslow Focused Large Cap Growth ETF,ETF,ETF,52.92570114135742,-3.039842394331451,-0.0699337129739227,45.360550247992855,US
IWFL,ETRACS 2x Leveraged US Growth Factor TR ETN,ETF,ETF,56.259498596191406,-7.04750569541693,-0.1957537847836201,43.577562248735205,US
IWL,IWL,N/A,N/A,183.78500366210935,-1.7822742315643618,-0.1998225619877706,47.76968942521196,US
IWMI,NEOS Russell 2000 High Income ETF,ETF,ETF,52.869998931884766,-0.4143929554922048,-0.0069406392481095,53.42718862901385,US
IWML,ETRACS 2x Leveraged US Size Factor TR ETN,ETF,ETF,32.175899505615234,-1.63583826084036,-0.0142425354636676,50.461056888240655,US
IWMW,iShares Russell 2000 BuyWrite ETF,ETF,ETF,39.49150085449219,0.1559740016241728,-0.0058832251327811,63.96072984171908,US
IWN,IWN,ETF,ETF,222.33999633789065,1.0774174223918862,0.0204729731656909,60.43231593841029,US
IWO,IWO,ETF,ETF,376.7200012207031,-2.0692501836941184,-0.1045017103739494,44.88852911806992,US
IWP,IWP,ETF,ETF,137.58999633789062,-3.479485519243576,-0.1272310959063609,40.33450534320598,US
IWS,iShares Russell Mid-Cap Value ETF,ETF,ETF,166.1199951171875,0.4170963380011474,-0.012565391803301,58.61980490845139,US
IWV,IWV,ETF,ETF,423.4100036621094,-1.4339929597226515,-0.3699534334611409,48.89168980343313,US
IWX,iShares Russell Top 200 Value ETF,ETF,ETF,108.1500015258789,0.4458097567536122,-0.0300468256471688,61.18774263899376,US
IWY,IWY,ETF,ETF,279.45001220703125,-3.7971627520408,-0.5000682509216061,42.95731969778849,US
IXG,iShares Global Financials ETF,ETF,ETF,129.89999389648438,0.5106688140424301,-0.1425758173582867,63.32353710172518,US
IXJ,iShares Global Healthcare ETF,ETF,ETF,99.20999908447266,0.0,-0.0051291736832792,56.61393314461419,US
IXN,IXN,ETF,ETF,132.6199951171875,-5.762808822969742,-0.1952323118512127,42.42492862781501,US
IXP,iShares Global Comm Services ETF,ETF,ETF,116.5500030517578,-1.3542094400825202,-0.1944511909394156,47.69243901309766,US
IYC,IYC,N/A,N/A,100.37999725341795,-0.8396780354916438,-0.0689669352483628,46.88466912676201,US
IYF,IYF,ETF,ETF,133.6300048828125,0.5114764574496692,-0.1017945104935127,64.96408223305741,US
IYH,IYH,ETF,ETF,67.80000305175781,-0.1325619954333763,-0.0098811330969879,57.7255449065423,US
IYR,iShares U.S. Real Estate ETF,ETF,ETF,106.08999633789062,2.6809878544794152,0.0751404015101535,62.53420754002264,US
IYW,IYW,ETF,ETF,239.2400054931641,-4.334611427751727,-0.3974160314019523,44.31876210281841,US
IYY,iShares Dow Jones U.S. ETF,ETF,ETF,181.1499938964844,-1.5114439678129383,-0.1598108112625873,48.73901222238825,US
IYZ,iShares U.S. Telecommunications ETF,ETF,ETF,40.11000061035156,-5.04261596466998,-0.0289455521314151,38.77668334939995,US
JA,JA,N/A,N/A,50.18000030517578,0.0398733210217578,-0.0006853138614912,85.04726408005882,US
JAAA,Janus Henderson AAA CLO ETF,ETF,ETF,50.59000015258789,0.0791313870050807,0.0010227909877373,76.78638766106917,US
JADE,JPMorgan Active Developing Markets Equity ETF,ETF,ETF,74.83979797363281,-5.117147808154716,-0.0865882923182428,40.60551848239931,US
JAJL,Innovator Equity Defined Protection ETF - 6 Mo Jan/Jul,ETF,ETF,29.940000534057617,-0.2664887491211393,-0.0065466501584515,53.6769970561477,US
JAN,"Janus Living, Inc.",Real Estate,REIT - Residential,30.350000381469727,5.74912743786729,0.0357831530454471,67.40648693164951,US
JANB,Aptus January Buffer ETF,ETF,ETF,27.279600143432617,-0.5374262664445101,-0.0115055865886624,53.320411756022175,US
JANI,AllianzIM International Equity Buffer15 Uncapped Jan ETF,ETF,ETF,25.559999465942383,-0.8533794214252658,-0.0099081182135617,47.93284619536531,US
JANT,AllianzIM U.S. Equity Buffer10 Jan ETF,ETF,ETF,44.05139923095703,-0.617262328873286,-0.01932685505171,52.89804718764548,US
JANU,AllianzIM U.S. Equity Buffer15 Uncapped Jan ETF,ETF,ETF,29.96109962463379,-1.2651168146566845,-0.0207936269749903,48.25347910696583,US
JAPN,Horizon Kinetics Japan Owner Operator ETF,ETF,ETF,23.88999938964844,-1.5048434704073923,-0.0676628859862207,56.45565729002393,US
JAVA,JPMorgan Active Value ETF,ETF,ETF,80.22000122070312,-0.2362920442146211,-0.0347045742407405,57.02308017723757,US
JBHT,"J.B. Hunt Transport Services, Inc.",Industrials,Integrated Freight & Logistics,291.4100036621094,4.089874466533729,0.30707818620921,58.31241372415792,US
JBIO,"Jade Biosciences, Inc.",Healthcare,Biotechnology,20.86000061035156,-0.4295949847748974,-0.0437268839030743,50.41986196657202,US
JBL,Jabil Inc.,Technology,Electronic Components,301.010009765625,-8.864936274726753,-0.2275520834835003,31.916313000248024,US
JBLU,JetBlue Airways Corporation,Industrials,Airlines,5.420000076293945,-5.90278019231769,-0.0097113955005352,47.7827032633211,US
JBND,Jpmorgan Active Bond ETF,ETF,ETF,53.11000061035156,0.169747551510464,0.0093218075142008,49.658840669641954,US
JBTM,JBT Marel Corporation,Industrials,Specialty Industrial Machinery,134.0,-1.8243134243911885,-0.2194523879992167,47.07923371909299,US
JCI,JCI,Industrials,Building Products & Equipment,140.4600067138672,-1.6455366465239107,-0.1223414342936358,46.82005967085879,US
JD,JD,Consumer Cyclical,Internet Retail,29.6200008392334,5.035461127221367,-0.0122803081571146,64.79977366871753,US
JDST,Direxion Daily Junior Gold Miners Index Bear 2X Shares,ETF,ETF,45.97999954223633,13.58695667538575,0.1421867194121782,60.04733188901732,US
JDVI,John Hancock Disciplined Value International Select ETF,ETF,ETF,38.34000015258789,-1.712467384914871,-0.0191563359540435,44.310063894610266,US
JDVL,John Hancock Disciplined Value Select ETF,EQUITY,EQUITY,31.34000015258789,-1.0732327945474875,-0.0174649635527844,50.93604887089554,US
JELM,Janus Henderson Equity Linked Moderate Income ETF,ETF,ETF,25.354999542236328,0.0197205549955566,-0.0023289521232949,59.49828417781637,US
JETS,U.S. Global Jets ETF,ETF,ETF,30.459999084472656,-5.079467311824812,-0.0381919240981426,45.01081983000277,US
JFR,JFR,Financial Services,Asset Management,7.690000057220459,0.496597332104973,0.0004003885359599,71.21086343604581,US
JGLO,Jpmorgan Global Select Equity ETF,ETF,ETF,71.05000305175781,-1.3742335524542575,-0.0729377007655409,49.28310441547989,US
JGRO,JPMorgan Active Growth ETF,ETF,ETF,92.66000366210938,-4.306514603005964,-0.1484961021681432,40.68976721008707,US
JGRW,Jensen Quality Growth ETF,ETF,ETF,27.39459991455078,-0.3397880975148611,-0.0235636825054042,55.52985217875688,US
JHAC,John Hancock Fundamental All Cap Core ETF,ETF,ETF,15.315999984741213,1.4842299032505877,0.0012109999702625,65.40083585750001,US
JHAI,Janus Henderson Global Artificial Intelligence ETF,ETF,ETF,32.4015998840332,-6.808942030186017,-0.0549891039664183,40.956283614263846,US
JHDG,John Hancock Hedged Equity ETF,ETF,ETF,27.17040061950684,-1.2703482283489944,-0.0130019035849969,45.92663465086971,US
JHEM,John Hancock Multifactor Emerging Markets ETF,ETF,ETF,38.04999923706055,-3.938402800436538,-0.0212208760118814,41.70034272704089,US
JHG,JHG,N/A,N/A,51.95000076293945,0.05778620002357,-0.0015553904353431,61.553520676947294,US
JHHY,John Hancock High Yield ETF,ETF,ETF,25.645000457763672,0.0585302282024016,-0.0006562171939327,56.53537808682985,US
JHLN,JHancock Global Senior Loan ETF,EQUITY,EQUITY,24.690000534057617,0.2639615596248413,0.0010864820276247,62.47903247275229,US
JHMB,John Hancock Mortgage Backed Securities ETF,ETF,ETF,21.850000381469727,0.114545785367049,0.0015653733222069,49.48242095610237,US
JHMD,John Hancock Multifactor Developed International ETF,ETF,ETF,44.52999877929688,-0.3580215984085653,-0.0196178374790878,50.989958022386624,US
JHML,John Hancock Multifactor Large Cap ETF,ETF,ETF,88.52559661865234,-1.1880787618562618,-0.0569817829722798,49.871767283206935,US
JHMM,John Hancock Multifactor Mid Cap ETF,ETF,ETF,73.69999694824219,-0.6470792059299876,-0.0115114484634754,49.75409820333427,US
JHPI,John Hancock Preferred Income ETF,ETF,ETF,22.75,0.0879914569576102,-0.0001687376573386,52.73467973144022,US
JHSC,John Hancock Multifactor Small Cap ETF,ETF,ETF,48.28779983520508,0.3695681201368755,-0.0022216015989969,55.777266855969096,US
JIDE,JPMorgan International Dynamic ETF,EQUITY,EQUITY,50.41999816894531,0.2983841452471582,-0.0023591780429516,52.649759036841736,US
JIG,JPMorgan International Growth ETF,ETF,ETF,81.29000091552734,-3.719056470802769,-0.0698523077775111,40.34733161949454,US
JIII,Janus Henderson Income ETF,ETF,ETF,49.790000915527344,-0.040153497715815,-4.209711989064391e-05,53.19081642718333,US
JIRE,JPMorgan International Research Enhanced Equity ETF,ETF,ETF,81.8499984741211,-0.9079903315433812,-0.0430635706890313,49.68687534241299,US
JIVE,Jpmorgan International Value ETF,ETF,ETF,92.78720092773438,-0.661418403336497,-0.0468365799223666,50.50920217297148,US
JJSF,J&J Snack Foods Corp.,Consumer Defensive,Packaged Foods,76.68000030517578,0.2484016821972577,-0.0371672845579605,52.83081149799752,US
JMBS,Janus Henderson Mortgage-Backed Securities ETF,ETF,ETF,44.79999923706055,0.1564938420312781,0.0058881192550077,48.65777880992015,US
JMEE,JPMorgan Small & Mid Cap Enhanced Equity ETF,ETF,ETF,76.44999694824219,0.0523403798142266,0.0028890953836865,52.61049156672654,US
JMID,Janus Henderson Mid Cap Growth Alpha ETF,ETF,ETF,30.441200256347656,-2.6909205135055743,-0.0227751822882549,41.54353323662925,US
JMMF,Jpmorgan 100% U.S. Treasury Securities Money Market ETF,EQUITY,EQUITY,100.0999984741211,0.0,-0.0040252041706165,71.16075160077611,US
JMOM,JPMorgan U.S. Momentum Factor ETF,ETF,ETF,81.0999984741211,-3.233503356897278,-0.0714848707991131,43.4218223756756,US
JMTG,JPMorgan Mortgage-Backed Securities ETF,ETF,ETF,50.31999969482422,-0.039730746331044,0.0052482831807377,49.72518477169708,US
JNJ,Johnson & Johnson,Healthcare,Drug Manufacturers - General,253.0399932861328,-1.533200066835132,-0.0136248233518516,54.50224890639053,US
JNK,JNK,ETF,ETF,95.9800033569336,0.0521245195441896,-0.0033378269816361,55.12304649443993,US
JOBX,Tradr 2X Long JOBY Daily ETF,ETF,ETF,11.619999885559082,-12.697223747392531,0.0094267503258969,31.853133526922264,US
JOET,JOET,ETF,ETF,45.0,-2.046144220305832,-0.0275355622872215,46.57449272134139,US
JOJO,ATAC Credit Rotation ETF,ETF,ETF,15.26010036468506,0.0924837629538256,0.0086396547770394,41.34385151181597,US
JOUT,Johnson Outdoors Inc.,Consumer Cyclical,Leisure,46.25,5.275670743657212,0.0500794324040807,56.78262295706372,US
JOYT,JPMorgan Equity And Options Total Return ETF,ETF,ETF,57.50469970703125,-0.4764608481858731,-0.035840591728564,57.73719636749226,US
JPHY,JPHY,N/A,N/A,50.25979995727539,0.0951926930301551,0.0013637983451819,56.37390392492978,US
JPIE,JPMorgan Income ETF,ETF,ETF,45.91999816894531,0.1090020453996388,0.0008105559194442,60.02917492723343,US
JPM,JPM,Financial Services,Banks - Diversified,341.1000061035156,1.376052802928933,-0.2499374606992406,60.93119983466755,US
JPMB,JPMorgan USD Emerging Markets Sovereign Bond ETF,ETF,ETF,39.85969924926758,-0.3756537829813772,0.0029658267683672,47.615860797898925,US
JPRE,JPMorgan Realty Income ETF,ETF,ETF,54.09000015258789,2.3462662521626845,0.0345599104574042,62.68563411069293,US
JPSE,JPMorgan Diversified Return U.S. Small Cap Equity ETF,ETF,ETF,59.70600128173828,0.2518663551847241,-0.0015423223881347,56.00004723750119,US
JPSV,Jpmorgan Active Small Cap Value ETF,ETF,ETF,70.13400268554688,2.767968148494876,0.0890616300409975,72.03472990119539,US
JPY,Lazard Japanese Equity ETF,ETF,ETF,36.5884017944336,-3.3076066414040426,-0.0635613840594822,45.46809972872792,US
JQUA,JPMorgan U.S. Quality Factor ETF,ETF,ETF,71.63999938964844,-1.1589458173014828,-0.041425912963744,52.64389247066531,US
JRE,Janus Henderson U.S. Real Estate ETF,ETF,ETF,28.272300720214844,2.647865054751703,0.0228179564281462,65.95931038802613,US
JSMD,Janus Henderson Small/Mid Cap Growth Alpha ETF,ETF,ETF,95.54509735107422,-2.025122395379616,-0.0226243697589272,46.16380123950072,US
JTEK,JPMorgan U.S. Tech Leaders ETF,ETF,ETF,97.87999725341795,-6.406582960727368,-0.1621478105979453,40.50292063868895,US
JTKWY,JTKWY,N/A,N/A,3.900000095367432,11.42857415335519,-0.0017149803943985,49.2125894514292,US
JUCY,JUCY,N/A,N/A,22.059999465942383,0.4553751622896661,0.0010916965174853,60.67873642923215,US
JUDO,Janus Henderson U.S. Equity Enhanced Income ETF,ETF,ETF,27.672100067138672,-1.2063554408498236,-0.0195818637267109,50.090513122145474,US
JULM,FT Vest U.S. Equity Max Buffer ETF - July,ETF,ETF,34.724998474121094,0.1586394810515053,0.0017608143823934,84.10512806197758,US
JULP,PGIM S&P 500 Buffer 12 ETF - Jul,ETF,ETF,32.5099983215332,-0.944550201625698,-0.0208170330710417,47.750721659504855,US
JULU,AllianzIM U.S. Equity Buffer15 Uncapped Jul ETF,ETF,ETF,31.90730094909668,-1.1637703619194368,-0.0213689320757796,49.230048396078274,US
JULW,AllianzIM U.S. Equity Buffer20 Jul ETF,ETF,ETF,40.75,-0.5126930887854044,-0.0132401989381264,49.48992090891569,US
JULZ,Trueshares Structured Outcome (July) ETF,ETF,ETF,45.17399978637695,-1.1423305516718854,-0.0291502867312361,49.03820951755033,US
JUNM,FT Vest U.S. Equity Max Buffer ETF - June,ETF,ETF,35.099998474121094,-0.1138330000629631,-0.0061261383384862,53.50701504126442,US
JUNZ,TrueShares Structured Outcome (June) ETF,ETF,ETF,35.305999755859375,-0.0424659268177727,-0.0103601927955545,53.90914619847474,US
JUST,Goldman Sachs JUST U.S. Large Cap Equity ETF,ETF,ETF,106.4499969482422,-1.1523757064598457,-0.0804935301893072,50.051167200242105,US
JVAL,JPMorgan U.S. Value Factor ETF,ETF,ETF,57.459999084472656,-1.440823608199833,-0.0243098296623951,48.754204365517616,US
JXN,Jackson Financial Inc.,Financial Services,Insurance - Life,125.66000366210938,7.622474617202194,-0.0480518132321035,76.78443282057619,US
JXX,Janus Henderson Transformational Growth ETF,ETF,ETF,30.53300094604492,-4.518730583104224,-0.0272581481682293,40.194910595093766,US
KAPR,Innovator Russell 2000 Power Buffer ETF - April,ETF,ETF,39.71500015258789,-0.0880499305965015,-0.0029384667230567,57.64789198580446,US
KARO,Karooooo Ltd.,Technology,Software - Application,62.68999862670898,8.591718558466,-0.0363929543697985,73.15042019498023,US
KARS,KraneShares Electric Vehicles and Future Mobility Index ETF,ETF,ETF,29.529600143432617,-3.3211120396821427,0.0001094516914299,33.416053946404645,US
KAT,Scharf ETF,ETF,ETF,55.94990158081055,0.03737010495277,-0.0190601734958674,60.48179764404587,US
KAUG,Innovator U.S. Small Cap Power Buffer ETF - August,ETF,ETF,28.73500061035156,0.1638346537219427,0.0007509545286755,69.50791778973708,US
KBA,KBA,ETF,ETF,32.45000076293945,-2.6694642638727,-0.0595172859743861,42.24027315247096,US
KBON,Karbon Capital Partners Corp.,Financial Services,Shell Companies,10.06999969482422,-0.494073036564081,-0.0018004936816265,37.071144778891245,US
KBR,"KBR, Inc.",Industrials,Engineering & Construction,35.06999969482422,-1.127717823830898,-0.0830611139057048,49.79371910598272,US
KBUF,KraneShares 90% KWEB Defined Outcome January 2027 ETF,ETF,ETF,26.92530059814453,0.5425687370182957,-0.0174055351899062,55.16427863267796,US
KBWB,Invesco KBW Bank ETF,ETF,ETF,96.91999816894533,0.905773128105672,-0.0917630861106519,61.601040409770754,US
KBWP,Invesco KBW Property & Casualty Insurance ETF,ETF,ETF,133.4871063232422,0.9354301120923914,0.06455430970174,61.74368915017681,US
KCOP,Kurv Copper & Mining Enhanced Income ETF,ETF,ETF,21.459999084472656,-3.227457302348032,-0.0348714216503074,42.41821098911778,US
KCSH,Kraneshares Sustainable Ultra Short Duration Index ETF,ETF,ETF,25.09000015258789,0.0797784523619321,0.0002994921952994,74.13976901306151,US
KDEC,Innovator U.S. Small Cap Power Buffer ETF - December,ETF,ETF,28.377500534057617,-0.0721888252262734,-0.0011453070376351,59.772436963694325,US
KDP,Keurig Dr Pepper Inc.,Consumer Defensive,Beverages - Non-Alcoholic,30.90999984741211,-2.3997481119386594,0.0226544318100165,48.33573944991318,US
KE,"Kimball Electronics, Inc.",Industrials,Electrical Equipment & Parts,23.96999931335449,-5.481077537631025,-0.0418684871442122,41.45475769172492,US
KELYA,"Kelly Services, Inc.",Industrials,Staffing & Employment Services,15.31999969482422,13.062726783573297,0.0150460706554622,76.83592396285276,US
KEX,Kirby Corporation,Industrials,Marine Shipping,144.16000366210938,0.2852199388586957,-0.0259255213093361,57.26398927149585,US
KEY,KEY,Financial Services,Banks - Regional,23.549999237060547,1.0729614085238022,-0.0084793192791549,58.9291739530551,US
KEYS,"Keysight Technologies, Inc.",Technology,Scientific & Technical Instruments,315.8999938964844,-1.909639537213063,0.1855360143938256,42.79466131853826,US
KFII,K&F Growth Acquisition Corp. II,Financial Services,Shell Companies,10.579999923706056,0.0946095474982153,-0.0002573384768002,58.674826827286175,US
KGRN,KGRN,N/A,N/A,23.459999084472656,-0.424449846080362,-0.0073191000156997,37.50197481849743,US
KGS,"Kodiak Gas Services, Inc.",Energy,Oil & Gas Equipment & Services,65.19000244140625,-3.906241213937501,-0.0633207765752064,41.94895783980722,US
KHC,The Kraft Heinz Company,Consumer Defensive,Packaged Foods,25.8799991607666,4.14486423937816,-0.0065695275894309,62.83043994494384,US
KIDS,OrthoPediatrics Corp.,Healthcare,Medical Devices,19.21500015258789,-5.484504551414211,-0.0648734567744789,49.333908871831625,US
KIO,KKR Income Opportunities Fund,Financial Services,Asset Management,11.149999618530272,-1.762121200154134,-0.0075050459063799,48.56588380032302,US
KIQQ,KraneShares InspereX Nasdaq Dynamic Buffered High Income Index ETF,ETF,ETF,24.925800323486328,-4.26409204385935,-0.0400371856591715,41.45850481607077,US
KJUN,KJUN,N/A,N/A,29.618000030517575,-0.1416042384039183,-0.0017476640084085,52.49350347534635,US
KKR,KKR & Co. Inc.,Financial Services,Asset Management,100.94000244140624,4.126263564329631,-0.0332563804453138,61.07785145469171,US
KLAC,KLAC,N/A,N/A,212.75,-8.107292642570847,-0.1586488942513551,43.99102636135236,US
KLAG,Leverage Shares 2X Long KLAC Daily ETF,ETF,ETF,35.49530029296875,-15.26545521569022,0.0258084642017917,42.77251428100464,US
KLAR,Klarna Group plc,Financial Services,Credit Services,18.75,-4.434254852291798,-0.047603535594657,50.02180900357156,US
KLC,"KinderCare Learning Companies, Inc.",Consumer Defensive,Education & Training Services,5.21999979019165,3.571425192480429,-0.0102955928216545,69.78223441655038,US
KLIC,"Kulicke and Soffa Industries, Inc.",Technology,Semiconductor Equipment & Materials,97.22000122070312,-14.275638760794235,-0.199947746653704,37.86097042625224,US
KLMN,KLMN,N/A,N/A,30.58429908752441,-1.4490600742903494,-0.0237807403760222,49.61145409407323,US
KMAR,Innovator U.S. Small Cap Power Buffer ETF - March,ETF,ETF,32.03779983520508,-0.0723651419895226,-0.0026957372371424,55.989520262876205,US
KMAY,Innovator U.S. Small Cap Power Buffer ETF - May,ETF,ETF,30.226600646972656,-0.2093108835866263,-0.0027272185384601,53.66979484210418,US
KMB,Kimberly-Clark Corporation,Consumer Defensive,Household & Personal Products,108.3499984741211,-3.611782809110261,-0.0267122269630233,53.03056448600263,US
KMCA,PLUS Korea Manufacturing Core Alliance Index ETF,ETF,ETF,17.560199737548828,-6.1453736140374335,0.037374497828639,34.84597625743693,US
KMDA,Kamada Ltd.,Healthcare,Drug Manufacturers - Specialty & Generic,7.050000190734863,-0.9831417970412254,-0.0003298760275715,39.93422744149985,US
KMI,KMI,Energy,Oil & Gas Midstream,32.29999923706055,0.5603994743508511,-0.0100313827032605,51.04112065251339,US
KMLI,KraneShares 2x Long MELI Daily ETF,ETF,ETF,9.470000267028809,-4.43995547081872,-0.0552494832638046,57.01333882916856,US
KMPR,Kemper Corporation,Financial Services,Insurance - Property & Casualty,28.020000457763672,-4.791028993513589,-0.0594316766507055,51.62180822383202,US
KMTS,"Kestra Medical Technologies, Ltd.",Healthcare,Medical Instruments & Supplies,24.420000076293945,-6.040783796269626,-0.0321412426046627,52.56126702049949,US
KMX,KMX,Consumer Cyclical,Auto & Truck Dealerships,57.33000183105469,7.178912006154863,-0.0359428515342874,66.24078445721813,US
KNCT,Invesco Next Gen Connectivity E,ETF,ETF,187.3780059814453,-7.003821096326054,-0.1884327882237495,40.1944125162116,US
KNF,Knife River Corporation,Basic Materials,Building Materials,81.70999908447266,0.7645859841928798,0.0639656339827211,49.220915879619184,US
KNG,FT Cboe Vest S&P 500 Dividend Aristocrats Target Income ETF,ETF,ETF,51.060001373291016,0.1372812169444971,-0.0001539646324466,57.72795807998284,US
KNGZ,First Trust S&P 500 Diversified Dividend Aristocrats ETF,ETF,ETF,40.58470153808594,-1.239354187951483,-0.0099277029174089,52.23215587545091,US
KNOW,Fundamentals First ETF,ETF,ETF,13.005000114440918,0.5023225360544546,0.0038954967575532,55.7513357769821,US
KNRG,Simplify Kayne Anderson Energy and Infrastructure Credit ETF,ETF,ETF,25.808900833129883,0.1703917893321725,0.0004557884200086,65.56174813627567,US
KNSA,"Kiniksa Pharmaceuticals International, plc",Healthcare,Drug Manufacturers - Specialty & Generic,63.95000076293945,0.8039125902751074,0.0884823974799182,59.946721823930126,US
KNSL,"Kinsale Capital Group, Inc.",Financial Services,Insurance - Property & Casualty,343.989990234375,1.004193803507913,0.4360509268065442,57.614802148488806,US
KNTK,Kinetik Holdings Inc.,Energy,Oil & Gas Midstream,50.27999877929688,4.056289521629697,0.0137527904207008,58.704681549757794,US
KO,KO,Consumer Defensive,Beverages - Non-Alcoholic,81.55999755859375,-2.311654514981494,-0.1721052770625997,48.57683466464958,US
KOD,Kodiak Sciences Inc.,Healthcare,Biotechnology,42.63999938964844,3.219554519834347,-0.03927423814299,61.75894118824949,US
KOID,KraneShares Global Humanoid Robotics and Physical AI Index ETF,ETF,ETF,36.54999923706055,-8.602156281625188,-0.0661179609779373,36.0548388301297,US
KOKU,Xtrackers MSCI Kokusai Equity ETF,ETF,ETF,129.68699645996094,0.2295363410723229,-0.0199625860895765,53.24464529291171,US
KOMP,State Street SPDR S&P Kensho New Economies Composite ETF,ETF,ETF,65.845703125,-3.776555850724313,-0.0406990296706814,38.54700519381269,US
KONG,Formidable Fortress ETF,ETF,ETF,31.69599914550781,0.485051775298205,-0.0106289475821041,61.298390304311205,US
KOOL,North Shore Equity Rotation ETF,ETF,ETF,14.20359992980957,-1.5211842250383043,-0.0106603831589352,46.14153383170321,US
KORP,American Century Diversified Corporate Bond ETF,ETF,ETF,46.36000061035156,0.151219903736788,0.0109672292887892,47.49179458348741,US
KOS,KOS,Energy,Oil & Gas E&P,2.240000009536743,6.666671964857554,-0.0031116418985563,45.55892573582714,US
KPDD,KraneShares 2x Long PDD Daily ETF,ETF,ETF,5.511899948120117,-2.616606065099226,-0.0290233884463491,48.94158168559222,US
KPRO,KraneShares 100% KWEB Defined Outcome January 2027 ETF,ETF,ETF,27.07999992370605,0.6878581996416355,0.0058539981812836,64.36172531114562,US
KR,KR,Consumer Defensive,Grocery Stores,58.81999969482422,-2.841098768900048,0.0166518913121056,47.00005332000394,US
KRAQ,KRAKacquisition Corp.,Financial Services,Shell Companies,9.989999771118164,-0.299408036675914,-0.0011862969753057,49.75520367343031,US
KRC,KRC,Real Estate,REIT - Office,40.25,4.817704168251984,0.0083318211106375,69.46804838897845,US
KRE,State Street SPDR S&P Regional Banking ETF,ETF,ETF,76.69000244140625,2.226080875856972,0.0008289672229089,62.19053465137792,US
KREF,KKR Real Estate Finance Trust Inc.,Real Estate,REIT - Mortgage,7.289999961853027,-0.9510892716241276,-0.0180369397823945,56.13223990929421,US
KRG,KRG,Real Estate,REIT - Retail,29.6200008392334,4.7383314004680015,0.0446345524343027,68.1193832125285,US
KRMN,Karman Holdings Inc.,Industrials,Aerospace & Defense,46.16999816894531,-7.678464869962755,-0.0965844677066818,41.22988321289923,US
KRNY,Kearny Financial Corp.,Financial Services,Banks - Regional,9.5,1.8220801466675471,-0.0064833637163655,62.25553168567542,US
KRP,"Kimbell Royalty Partners, LP",Energy,Oil & Gas E&P,14.979999542236328,1.9047601129539664,0.0140386335962465,54.24317847575727,US
KRSP,Rice Acquisition Corporation 3,Financial Services,Shell Companies,10.539999961853027,-0.0947888976401939,-0.0016302931624503,56.44151583514704,US
KRT,Karat Packaging Inc.,Consumer Cyclical,Packaging & Containers,38.09000015258789,11.439437719431586,0.0619808462190822,82.08112296753808,US
KRYP,ProShares CoinDesk 20 Crypto ETF,EQUITY,EQUITY,17.969999313354492,1.4680984885526769,-0.0188208327176063,48.61365584360768,US
KSA,iShares MSCI Saudi Arabia ETF,ETF,ETF,36.790000915527344,-1.2348968710675337,0.0005044743269354,35.286894529246254,US
KSEP,Innovator U.S. Small Cap Power Buffer ETF - September,ETF,ETF,30.933399200439453,0.0918897044587891,-0.0009634546402651,64.9574503640406,US
KSLV,Kurv Silver Enhanced Income ETF,ETF,ETF,23.96999931335449,-5.852316672025623,-0.0088505784083328,35.30660177174906,US
KSS,KSS,Consumer Cyclical,Department Stores,17.299999237060547,2.976190611348407,0.0400050157470586,53.460590537017865,US
KTB,"Kontoor Brands, Inc.",Consumer Cyclical,Apparel Manufacturing,85.56999969482422,-0.1050711690839774,-0.0725573554012886,58.9444788581974,US
KURE,KraneShares MSCI All China Health Care Index ETF,ETF,ETF,16.856700897216797,-0.77289831535136,-0.0749087397778818,55.199909444167055,US
KVUE,Kenvue Inc.,Consumer Defensive,Household & Personal Products,18.979999542236328,-2.56673517325247,-0.0014674461605964,53.60900756941978,US
KVYO,"Klaviyo, Inc.",Technology,Software - Application,17.670000076293945,4.494383416556599,-0.0423782854867159,64.03284166362292,US
KWEB,KWEB,N/A,N/A,26.809999465942383,1.6300239532050291,-0.0378724893874857,56.32664763845622,US
KWIN,KraneShares Wahed Alternative Income Index ETF,ETF,ETF,25.6560001373291,0.1444266242913982,0.0012282632282257,51.92110488091416,US
KWT,KWT,ETF,ETF,36.16490173339844,-1.0806882523292765,-6.084834058675548e-05,40.415463419298966,US
KXI,iShares Global Consumer Staples ETF,ETF,ETF,69.26000213623047,1.6884473874224657,0.042557374631769,57.85054876178993,US
KYTX,"Kyverna Therapeutics, Inc.",Healthcare,Biotechnology,7.449999809265137,-12.19799515958282,-0.0196973845781357,38.35813197716625,US
L,Loews Corporation,Financial Services,Insurance - Property & Casualty,114.4499969482422,-0.4696068576043382,-0.0193442684905238,56.781377816526,US
LABD,Direxion Daily S&P Biotech Bear 3X Shares,ETF,ETF,8.1899995803833,9.054584963743867,0.0246484206687225,40.56804470582815,US
LABU,Direxion Daily S&P Biotech Bull 3X Shares,ETF,ETF,265.5599975585937,-9.624285029862754,-0.7769658605635144,52.69574048918006,US
LAC,Lithium Americas Corp.,Basic Materials,Other Industrial Metals & Mining,2.950000047683716,-11.144575090327969,0.0036499414919226,20.960595432352264,US
LAD,LAD,Consumer Cyclical,Auto & Truck Dealerships,335.2799987792969,6.865560405235788,0.0386402405210519,69.65461228136576,US
LADR,Ladder Capital Corp,Real Estate,REIT - Mortgage,10.039999961853027,1.928929675380893,0.0073280204676153,54.28766215919419,US
LAR,LAR,N/A,N/A,6.360000133514404,-13.23328513353132,-0.015234508856929,25.90373844519125,US
LAUR,"Laureate Education, Inc.",Consumer Defensive,Education & Training Services,36.45000076293945,-9.911019308629005,-0.1359484556892105,44.94732692823973,US
LAZ,LAZ,N/A,N/A,43.15999984741211,4.226032374905612,-0.0302570672588383,50.327858546594825,US
LB,LandBridge Company LLC,Energy,Oil & Gas Equipment & Services,77.66999816894531,1.277866340254471,-0.1655350161289921,58.65656956112924,US
LBAY,Leatherback Long/Short Alternative Yield ETF,ETF,ETF,25.94700050354004,3.527114822191088,0.0360379866437182,57.74565891973193,US
LBO,WHITEWOLF Publicly Listed Private Equity ETF,ETF,ETF,25.45599937438965,4.332141478222932,0.0328852922681324,62.68515583013389,US
LBRDA,Liberty Broadband Corporation,Communication Services,Telecom Services,30.86000061035156,0.6194996204270508,0.0001858132613793,44.528180383255815,US
LBRT,Liberty Energy Inc.,Energy,Oil & Gas Equipment & Services,23.84000015258789,-2.654143015945793,-0.0143556722826312,36.45517861602625,US
LCDL,GraniteShares 2x Long LCID Daily ETF,ETF,ETF,0.2876000106334686,-67.61261183254209,-0.026647937674613,32.011345312390546,US
LCF,Touchstone US Large Cap Focused ETF,ETF,ETF,44.24860000610352,-0.3836167339993373,-0.0419785112058382,55.4430436524118,US
LCO,Logiq Contrarian Opportunities ETF,ETF,ETF,25.641000747680664,-3.347275070322204,-0.0331089686314691,36.34641204890606,US
LCOW,Pacer S&P 500 Quality FCF Aristocrats ETF,ETF,ETF,25.853700637817383,-0.2750187129851121,-0.0185283769842759,59.505621212821886,US
LCR,LCR,ETF,ETF,39.369998931884766,-1.0256949753557014,-0.0128633459883877,45.62215394538719,US
LCTD,iShares World ex U.S. Carbon Transition Readiness Aware Active ETF,ETF,ETF,57.71760177612305,-0.519483661775306,-0.0248469402475157,50.75113280620057,US
LDEM,iShares ESG MSCI EM Leaders ETF,ETF,ETF,58.662200927734375,-2.8675034779409327,-0.0390788644421877,43.36223783886509,US
LDI,"loanDepot, Inc.",Financial Services,Mortgage Finance,1.090000033378601,-2.678568862682713,-0.0007139926271282,40.49009168543273,US
LDP,LDP,Financial Services,Asset Management,21.01000022888184,-0.3745960936477572,-0.0127406533681713,56.87654239308146,US
LDRC,iShares iBonds 1-5 Year Corporate Ladder ETF,ETF,ETF,25.100000381469727,0.1796051716058025,0.0031422982143122,56.19574473995424,US
LDRH,iShares iBonds 1-5 Year High Yield and Income Ladder ETF,ETF,ETF,24.55500030517578,0.0815180676097761,0.0008483994118355,55.08724924482362,US
LDRI,iShares iBonds 1-5 Year TIPS Ladder ETF,ETF,ETF,25.01000022888184,0.2404788140588178,0.0028645478210859,58.55785010574496,US
LDRX,SGI Enhanced Market Leaders ETF,ETF,ETF,35.46070098876953,-1.3830001440669353,-0.0380723184750748,50.11659344515127,US
LDSF,First Trust Low Duration Strategic Focus ETF,ETF,ETF,18.91990089416504,0.1582927765100264,0.0013985206372787,57.49322985163639,US
LEA,LEA,Consumer Cyclical,Auto Parts,141.72000122070312,4.098723267277295,0.1193375250188411,57.81774940512369,US
LEAD,Siren DIVCON Leaders Dividend ETF,ETF,ETF,85.92369842529297,-0.2681255976881583,0.0333756994217369,44.89147005259394,US
LEG,LEG,N/A,N/A,11.029999732971191,0.8226705305297399,0.0045365734525253,50.47093491473229,US
LEGH,Legacy Housing Corporation,Consumer Cyclical,Residential Construction,26.790000915527344,1.6698312246213154,0.0028582593304109,60.78286462539504,US
LEGN,Legend Biotech Corporation,Healthcare,Biotechnology,22.26000022888184,-17.799112660280148,-0.0248223560756601,28.15807821225464,US
LEMB,iShares J.P. Morgan EM Local Currency Bond ETF,ETF,ETF,42.27999877929688,-0.7278736139478015,-0.0125743004939772,47.950080912383314,US
LEN,Lennar Corporation,Consumer Cyclical,Residential Construction,83.88999938964844,-0.4509282883058406,0.0049266999982029,42.85306325053879,US
LEND,SEI High Yield Bond & Alternative Credit ETF,ETF,ETF,25.035400390625,0.2619186186181828,0.0029058765271577,60.0516936774911,US
LEO,"BNY Mellon Strategic Municipals, Inc.",Financial Services,Asset Management,6.380000114440918,0.3129985255751164,-0.0006311813582356,50.30022956666237,US
LEUX,Tradr 2X Long LEU Daily ETF,ETF,ETF,10.390000343322754,-18.188972445945627,0.0224002393201252,42.33942212789536,US
LEXI,Alexis Practical Tactical ETF,ETF,ETF,39.96879959106445,-1.255531744392955,-0.0165767855931576,46.52392867475942,US
LFAI,LifeX 2050 Longevity Income ETF,ETF,ETF,147.9429931640625,-0.1053389019532206,0.0332329341926235,43.77468710251432,US
LFAO,LifeX 2055 Longevity Income ETF,ETF,ETF,161.2830047607422,-0.1807161955841068,0.0398670551762681,42.46192282522348,US
LFAW,LifeX 2060 Longevity Income ETF,ETF,ETF,172.0959930419922,-0.232468385228421,0.0473619920502156,41.477196620194086,US
LFBE,LifeX 2065 Longevity Income ETF,ETF,ETF,181.3029937744141,-0.2964119834555055,0.0555174220788992,40.49328313182435,US
LFEQ,VanEck Long/Flat Trend ETF,ETF,ETF,59.1973991394043,-1.4641219265564256,-0.0517345452733498,48.94221674587248,US
LFST,"LifeStance Health Group, Inc.",Healthcare,Medical Care Facilities,11.579999923706056,8.173750642093198,0.0202363650822164,73.93861809994874,US
LGH,HCM Defender 500 Index ETF,ETF,ETF,63.43000030517578,-2.170053710647346,-0.0951546208011446,47.82894287456209,US
LGHT,Langar Global Healthtech ETF,ETF,ETF,8.505999565124512,-2.4541364145762112,-0.0166292452459487,48.01335271312932,US
LGIH,"LGI Homes, Inc.",Consumer Cyclical,Residential Construction,58.47999954223633,-1.5322442444253006,-0.0571556658420897,52.551175212464216,US
LGLV,State Street SPDR US Large Cap Low Volatility Index ETF,ETF,ETF,185.83999633789065,1.0714098401142431,0.0089927652666295,59.95648951111006,US
LGND,Ligand Pharmaceuticals Incorporated,Healthcare,Biotechnology,303.3900146484375,-4.0633619980869575,-0.0051839458686089,59.11484585906659,US
LGOV,First Trust Long Duration Opportunities ETF,ETF,ETF,21.290000915527344,0.3298850350518018,0.0089641493069713,49.7032909954119,US
LH,LH,Healthcare,Diagnostics & Research,283.3599853515625,2.366239605049772,0.2846190004479121,62.60085323007984,US
LHX,"L3Harris Technologies, Inc.",Industrials,Aerospace & Defense,282.010009765625,-3.0126834195515912,-0.2408120860127978,36.511163011849305,US
LIAE,LifeX 2050 Inflation-Protected Longevity Income ETF,ETF,ETF,204.5989990234375,-0.3608636055655717,0.0101581970573224,38.12429219017765,US
LIAM,LifeX 2055 Inflation-Protected Longevity Income ETF,ETF,ETF,231.8679962158203,-0.4431076460752283,0.0132519191779887,37.26158073049202,US
LIAU,LifeX 2060 Inflation-Protected Longevity Income ETF,ETF,ETF,256.2659912109375,-0.5522176639306259,0.016901105862738,36.42988433031013,US
LIBD,LifeX 2065 Inflation-Protected Longevity Income ETF,ETF,ETF,271.7380065917969,-0.6580394058299779,0.0249244426294339,35.373896099415816,US
LIF,"Life360, Inc.",Technology,Software - Application,53.790000915527344,-1.4293545604891311,-0.0821067769994021,54.91245707616662,US
LIFE,Ethos Technologies Inc.,Financial Services,Insurance Brokers,18.649999618530277,-7.167747750724251,-0.037118129694919,50.3151182006582,US
LIFT,LIFT,N/A,N/A,23.381999969482425,0.0385092992327599,-0.0003094127851628,58.06768531289669,US
LII,LII,N/A,N/A,543.9299926757812,-1.4673181151776888,-0.7094931481489315,50.1012185668808,US
LILA,Liberty Latin America Ltd.,Communication Services,Telecom Services,7.340000152587891,0.6858736762208961,-0.0178754360517187,60.75201823992422,US
LIMI,Themes Lithium & Battery Metal Miners ETF,ETF,ETF,40.81600189208984,-6.50968663789115,0.0100039221038641,25.5460134531493,US
LIN,Linde plc,Basic Materials,Specialty Chemicals,513.219970703125,-3.1276558658049085,-0.4767448830182115,45.49769705236782,US
LINC,Lincoln Educational Services Corporation,Consumer Defensive,Education & Training Services,42.95000076293945,-20.814897798960537,-0.3185808231045866,33.2646245500314,US
LIND,"Lindblad Expeditions Holdings, Inc.",Consumer Cyclical,Travel Services,27.670000076293945,4.33634841131239,0.0662160984365378,64.45265485914578,US
LION,Lionsgate Studios Corp.,EQUITY,EQUITY,13.880000114440918,3.0437998462085147,0.0469043007688545,47.45112124653018,US
LITE,Lumentum Holdings Inc.,Technology,Communication Equipment,732.8200073242188,-8.627074674744515,0.1291852549707428,43.07226109826216,US
LITL,Simplify Piper Sandler US Small-Cap PLUS Income ETF,ETF,ETF,34.36989974975586,0.2593317708515318,0.0040073589767171,66.01947300136511,US
LITU,T-Rex 2X Long Lite Daily Target ETF,ETF,ETF,14.970000267028809,-19.03731502251115,1.002201121380608e-05,40.09058666338576,US
LITZ,Tradr 2X Short LITE Daily ETF,ETF,ETF,19.059999465942383,14.131728114888626,-0.0097858861322289,51.84535798665768,US
LIVN,LivaNova PLC,Healthcare,Medical Devices,80.69999694824219,-2.2529077826480064,-0.0065437952756606,52.68791102892016,US
LKFN,Lakeland Financial Corporation,Financial Services,Banks - Regional,62.68000030517578,3.7748323206912335,0.0503824167567868,56.566433060128176,US
LKOR,FlexShares Credit-Scored US Long Corporate Bond Index Fund,ETF,ETF,41.0093002319336,0.1081412893462531,0.0213817935804324,41.58364736569987,US
LKQ,LKQ Corporation,Consumer Cyclical,Auto Parts,25.3799991607666,0.0,0.0066150108285103,45.88046998671811,US
LLY,LLY,Healthcare,Drug Manufacturers - General,1179.1099853515625,-0.7967466265003446,0.6947724810057991,54.8659692181801,US
LLYX,Defiance Daily Target 2X Long LLY ETF,ETF,ETF,26.530000686645508,-1.7043315612210508,0.0288966957797469,53.2129559150092,US
LMAT,"LeMaitre Vascular, Inc.",Healthcare,Medical Instruments & Supplies,101.62999725341795,-1.0803977354792176,-0.0723228059096303,55.410937429656784,US
LMBS,First Trust Low Duration Opportunities ETF,ETF,ETF,49.783599853515625,0.1883703549879528,0.0025501277247867,56.13144548081157,US
LMND,"Lemonade, Inc.",Financial Services,Insurance - Property & Casualty,67.18000030517578,-4.722736817708332,-0.1075360573999471,53.86919849800347,US
LMNX,Defiance Daily Target 2X Long LMND ETF,ETF,ETF,16.884899139404297,-9.19167869145666,-0.0415347823224676,51.54195238890093,US
LMRI,LMRI,N/A,N/A,11.140000343322754,-7.166663805643718,-0.0154413036886269,54.20626707409898,US
LMT,Lockheed Martin Corporation,Industrials,Aerospace & Defense,508.7699890136719,-2.761741236679982,-0.5111213791160492,43.74766517280498,US
LMTL,Direxion Daily LMT Bull 2X ETF,ETF,ETF,30.247100830078125,-5.572242076542364,-0.0583219282432513,42.391413554847546,US
LNC,Lincoln National Corporation,Financial Services,Insurance - Life,42.2400016784668,6.317649547320346,0.0015337932801925,73.80084309288816,US
LNG,LNG,Energy,Oil & Gas Midstream,262.6000061035156,1.5310822884312143,-0.1850078691485936,62.72451669305608,US
LNN,Lindsay Corporation,Industrials,Farm & Heavy Construction Machinery,115.54000091552734,1.5111590452598984,0.0410849699088906,48.59724790173835,US
LNOK,Defiance Daily Target 2x Long NOK ETF,ETF,ETF,35.97999954223633,-35.35752849286218,-0.2135088544754255,31.87455524562296,US
LNT,Alliant Energy Corporation,Utilities,Utilities - Regulated Electric,74.81999969482422,-2.0680651825896823,-0.0616725252354823,48.513757825463294,US
LNTH,"Lantheus Holdings, Inc.",Healthcare,Drug Manufacturers - Specialty & Generic,107.58999633789062,1.845888829523475,0.2500745764810355,57.29690253475811,US
LOAR,Loar Holdings Inc.,Industrials,Aerospace & Defense,69.98999786376953,-4.241344410239109,0.024981447240775,44.686664050681365,US
LOB,"Live Oak Bancshares, Inc.",Financial Services,Banks - Regional,42.47999954223633,1.9927922831928564,-0.0277816517461074,61.06841857074686,US
LOCO,"El Pollo Loco Holdings, Inc.",Consumer Cyclical,Restaurants,16.59000015258789,-0.360357161063281,-0.0001324463281983,59.7892961973723,US
LODI,AAM SLC Low Duration Income ETF,ETF,ETF,25.21999931335449,0.1190900304123288,0.0001791466961583,65.90864328798116,US
LOGC,ContextLogic Holdings Inc.,Consumer Cyclical,Internet Retail,9.199999809265137,1.657454313468842,0.006447668575864,55.1055911951099,US
LOGO,Alpha Brands Consumption Leaders ETF,ETF,ETF,20.201499938964844,-2.4317796986066726,-0.0235722088687367,41.97628831801937,US
LONZ,PIMCO Senior Loan Active Exchange-Traded Fund,ETF,ETF,49.20000076293945,0.0610180905255546,-0.0029637141536539,66.78600594384697,US
LOUP,Innovator Deepwater Frontier Tech ETF,ETF,ETF,86.95999908447266,-7.822766101225588,-0.2427147813824761,36.86285563520847,US
LOW,LOW,Consumer Cyclical,Home Improvement Retail,208.72999572753903,-1.37032041221153,-0.0803980184181323,41.79392727637338,US
LOWV,AB US Low Volatility Equity ETF,ETF,ETF,81.10459899902344,-0.0645645885605612,-0.044841456047352,59.794821235524125,US
LPG,Dorian LPG Ltd.,Energy,Oil & Gas Midstream,41.02999877929688,2.4469402269787777,-0.0511238738067371,54.64729130699998,US
LPLA,LPL Financial Holdings Inc.,Financial Services,Capital Markets,324.8999938964844,2.4824133827998605,-0.6364757309735127,63.92692543329907,US
LPRE,Long Pond Real Estate Select ETF,ETF,ETF,30.34000015258789,0.7806032683105155,0.0092444569271696,57.69261764061629,US
LPX,Louisiana-Pacific Corporation,Industrials,Building Products & Equipment,73.9800033569336,1.120830581982199,0.0071208866686663,47.34517569468059,US
LQ,Simplify Tax Aware Alternatives ETF,ETF,ETF,23.82029914855957,0.3805293218085427,0.0006747383224996,43.353337778067655,US
LQAI,LQAI,N/A,N/A,45.03499984741211,-2.405462345520056,-0.0253755045899835,43.3498791324984,US
LQDA,Liquidia Corporation,Healthcare,Drug Manufacturers - Specialty & Generic,79.94000244140625,2.57924050860933,0.2541059992773702,59.32374545640799,US
LQDB,iShares BBB Rated Corporate Bond ETF,ETF,ETF,85.54879760742188,0.1261639177267314,0.0169186052780357,46.07411607636293,US
LQDH,iShares Interest Rate Hedged Corporate Bond ETF,ETF,ETF,92.58000183105467,0.0702615163325863,0.0094159721901281,47.504306577565984,US
LQDI,iShares Inflation Hedged Corporate Bond ETF,ETF,ETF,26.0442008972168,0.123795817486117,0.0046920892640506,43.699730885867446,US
LQDT,"Liquidity Services, Inc.",Consumer Cyclical,Internet Retail,39.52000045776367,1.333334507086338,-0.0344804203260166,58.16327748702587,US
LQID,Kurv Enhanced Short Maturity ETF,ETF,ETF,25.06999969482422,0.0798421491928907,0.0002215124643903,69.79709804748579,US
LRCU,Tradr 2X Long LRCX Daily ETF,ETF,ETF,55.380001068115234,-21.31286838686864,-0.0502732683793265,40.98845836331006,US
LRCX,Lam Research Corporation,Technology,Semiconductor Equipment & Materials,313.29998779296875,-10.570034024666162,-0.3605486556280226,42.12106953962682,US
LRGF,iShares U.S. Equity Factor ETF,ETF,ETF,75.61000061035156,-1.0987526114086248,-0.0558502953528585,51.154526895660624,US
LRGG,Nomura Focused Large Growth ETF,ETF,ETF,28.415599822998047,-0.1209171846006374,-0.0378821957636051,55.76306435930256,US
LSAK,"Lesaka Technologies, Inc.",Technology,Software - Infrastructure,4.769999980926514,-1.6494829954458607,-0.0061609209924832,46.8126086525911,US
LSAT,LeaderShares AlphaFactor Tactical Focused ETF,ETF,ETF,45.81069946289063,2.2468944496002585,0.0049984986965284,67.9704978949234,US
LSGR,Natixis Loomis Sayles Focused Growth ETF,ETF,ETF,42.650001525878906,-2.1564547451674594,-0.0779605801071753,45.6079054896122,US
LST,Leuthold Select Industries ETF,ETF,ETF,45.61000061035156,-2.354952891632052,-0.0180718954165138,43.68391323631047,US
LSTR,"Landstar System, Inc.",Industrials,Integrated Freight & Logistics,211.55999755859372,1.0701271526832346,0.124407364033128,55.71658829552947,US
LSVD,LSV Disciplined Value ETF,ETF,ETF,34.539100646972656,-1.1615368476070729,-0.0224577225181213,51.25499623600248,US
LTAX,Nomura Tax-Free USA ETF,ETF,ETF,25.07999992370605,-0.3971420979259137,-0.0044730503902528,43.67965641201498,US
LTC,"LTC Properties, Inc.",Real Estate,REIT - Healthcare Facilities,41.75,7.436951477758333,0.0417003907611012,76.16911931917079,US
LTCC,LTCC,N/A,N/A,10.993599891662598,1.0905737164376796,-0.006367742012343,50.75086787161607,US
LTL,LTL,ETF,ETF,24.21220016479492,-1.736198195821544,-0.0703137842332386,48.37947447506928,US
LTPZ,PIMCO 15+ Year U.S. TIPS Index Exchange-Traded Fund,ETF,ETF,49.18999862670898,-0.0406430768863449,0.0350609161686431,43.28391741277969,US
LUCK,Lucky Strike Entertainment Corporation,Consumer Cyclical,Leisure,7.409999847412109,1.506844572646139,0.0196147032975553,45.85911188421668,US
LULG,Leverage Shares 2X Long LULU Daily ETF,ETF,ETF,6.230000019073486,-5.030486685739668,-0.0228703952663542,44.8024878510044,US
LUNL,Defiance Daily Target 2X Long LUNR ETF,ETF,ETF,3.670000076293945,-32.16265841394614,0.0327706178686737,29.95050482893862,US
LUNR,"Intuitive Machines, Inc.",Industrials,Aerospace & Defense,13.520000457763672,-16.232955582173876,0.0319008131573976,26.13343922948505,US
LUV,Southwest Airlines Co.,Industrials,Airlines,48.08000183105469,-0.7226893906991964,-0.027617176213903,51.19367087945792,US
LVHD,Franklin U.S. Low Volatility High Dividend Index ETF,ETF,ETF,44.970001220703125,0.942765411527065,0.0043064373541233,58.31677485901675,US
LVHI,Franklin International Low Volatility High Dividend Index ETF,ETF,ETF,41.83000183105469,1.185296750503574,0.0005862075101786,70.05503219800259,US
LVS,Las Vegas Sands Corp.,Consumer Cyclical,Resorts & Casinos,45.36000061035156,-2.8485715473904456,0.0217089728185035,37.08276772188719,US
LW,"Lamb Weston Holdings, Inc.",Consumer Defensive,Packaged Foods,46.790000915527344,0.7319701765412301,-0.0001611002987244,57.58611805685952,US
LWAY,"Lifeway Foods, Inc.",Consumer Defensive,Packaged Foods,31.950000762939453,0.788643514142358,-0.044782174338475,66.72339453655835,US
LWLG,"Lightwave Logic, Inc.",Basic Materials,Specialty Chemicals,6.230000019073486,-8.784771761856769,0.0069964628693479,34.03738842224409,US
LXFR,Luxfer Holdings PLC,Industrials,Specialty Industrial Machinery,16.510000228881836,-3.2239112208563325,-0.0179324439810697,38.82494120421246,US
LYFT,"Lyft, Inc.",Technology,Software - Application,15.520000457763672,-0.5765483721524406,-0.0456758954792056,56.361334500799366,US
LYLD,Cambria LargeCap Shareholder Yield ETF,ETF,ETF,31.56999969482422,3.732666356692745,0.0333867704220846,71.52441506396892,US
LYV,LYV,Communication Services,Entertainment,180.22000122070312,0.2391723403014771,-0.0544903020607616,55.60284927640375,US
LZB,La-Z-Boy Incorporated,Consumer Cyclical,"Furnishings, Fixtures & Appliances",39.869998931884766,1.7610990845700267,0.018727617700797,54.91644637706262,US
M,"Macy's, Inc.",Consumer Cyclical,Department Stores,23.68000030517578,4.593643743660424,0.0283219128009782,53.4111764617919,US
MA,MA,Financial Services,Credit Services,543.5999755859375,3.2008174173486585,-0.3963881822535704,64.11591995669352,US
MAAS,Maase Inc.,Financial Services,Asset Management,19.76000022888184,27.813713972346527,0.1510425872427042,60.89199169671957,US
MAAY,GraniteShares YieldBOOST MARA ETF,ETF,ETF,5.900000095367432,-4.220775300082301,-0.0101610693569151,33.24070534761945,US
MAC,The Macerich Company,Real Estate,REIT - Retail,25.920000076293945,4.981772035766687,0.041375904397768,64.2376245982189,US
MADE,iShares U.S. Manufacturing ETF,ETF,ETF,36.515899658203125,-2.934873219110762,-0.0076697414890397,41.501985952135854,US
MAGA,Point Bridge America First ETF,ETF,ETF,56.65679931640625,0.5408825237492858,-0.0048004333905571,59.560890703291264,US
MAGG,Madison Aggregate Bond ETF,ETF,ETF,20.130199432373047,0.1253414111439253,0.0036719260971594,49.1919065048737,US
MAGN,Magnera Corporation,Consumer Defensive,Household & Personal Products,13.609999656677246,5.503876427461977,-0.0003007803909688,63.64290881916208,US
MAGS,Roundhill Magnificent Seven ETF,ETF,ETF,66.91000366210938,-1.137701890653687,-0.1289572414983009,52.40226227160611,US
MAIN,Main Street Capital Corporation,Financial Services,Asset Management,55.369998931884766,4.788037040103918,0.0487714294490489,71.37020610311129,US
MAKX,ProShares S&P Kensho Smart Factories ETF,ETF,ETF,64.55000305175781,-6.481801821000597,-0.0615830521007878,40.93531710666194,US
MAMB,Monarch Ambassador Income ETF,ETF,ETF,23.808900833129883,-0.1932454830897209,0.0042910770603598,41.28256137569378,US
MAN,ManpowerGroup Inc.,Industrials,Staffing & Employment Services,52.34000015258789,35.210543504204054,0.4352879273670842,80.12601527533465,US
MANE,"Veradermics, Incorporated",Healthcare,Biotechnology,111.31999969482422,-6.92307599074802,-0.1249451106837726,49.62048551776509,US
MANH,"Manhattan Associates, Inc.",Technology,Software - Application,163.19000244140625,5.351845623997811,-0.0685092098822086,67.56077115078297,US
MANI,Man Active Income ETF,EQUITY,EQUITY,25.72470092773437,0.1740678427857509,0.000159539370882,75.56992765989992,US
MANU,MANU,N/A,N/A,22.229999542236328,0.8620626988047398,0.0108457440720648,51.95024880003548,US
MAR,MAR,Consumer Cyclical,Lodging,366.239990234375,-2.6242310764394325,0.0865944825862343,42.80424631933546,US
MARA,"MARA Holdings, Inc.",Financial Services,Capital Markets,10.6899995803833,-15.158736057622516,-0.0516701504069176,34.543191248858506,US
MARO,YieldMax MARA Option Income Strategy ETF,ETF,ETF,4.71999979019165,-11.94319525911334,-0.0197748301855367,35.700864114857694,US
MARS,Roundhill Space & Technology ETF,ETF,ETF,24.399999618530277,-12.607451461837211,-0.0365611898578148,28.71223812297396,US
MART,Allianzim U.S. Equity Buffer10 Mar ETF,ETF,ETF,42.12900161743164,0.0688910792440411,-0.0075408318257711,58.20178632273044,US
MARU,AllianzIM U.S. Equity Buffer15 Uncapped Mar ETF,ETF,ETF,29.74799919128418,-0.0739041523049574,-0.0083720063899065,53.461261034668325,US
MARW,Allianzim U.S. Equity Buffer20 Mar ETF,ETF,ETF,36.17660140991211,-0.2849982713995271,-0.0087652822777665,55.5407528317067,US
MAT,"Mattel, Inc.",Consumer Cyclical,Leisure,14.300000190734863,7.276821249666786,0.01455532635741,55.257160654648494,US
MATV,"Mativ Holdings, Inc.",Basic Materials,Specialty Chemicals,8.020000457763672,2.6888670489463884,0.0042007060832805,52.69878945511355,US
MATX,"Matson, Inc.",Industrials,Marine Shipping,222.17999267578125,8.502216164509669,0.3274860608778311,71.93355160025884,US
MAVF,MAVF,N/A,N/A,138.82000732421875,1.6229589024814983,0.0350013593096781,61.20746618041297,US
MAXI,Simplify Bitcoin Strategy ETF,ETF,ETF,9.219900131225586,-0.0010860715870122,-0.0125528469339617,50.95875575121983,US
MAYC,Corgi U.S. Equities 10% Structured Buffer ETF - May Series,ETF,ETF,25.76000022888184,0.0388358403178094,-0.0033082994799984,55.07223512625179,US
MAYP,PGIM S&P 500 Buffer 12 ETF - May,ETF,ETF,32.369998931884766,-0.7968192697502935,-0.0200780014856274,48.71076179017562,US
MAYT,AllianzIM U.S. Equity Buffer10 May ETF,ETF,ETF,38.98109817504883,-0.6344669133108821,-0.0176781161177306,51.45233838458762,US
MAZE,"Maze Therapeutics, Inc.",Healthcare,Biotechnology,28.1200008392334,-8.014389532380752,-0.0797896120417771,48.18607786077815,US
MBAV,M3-Brigade Acquisition V Corp.,Financial Services,Shell Companies,10.875,0.2304112225928513,-0.0008584621765809,54.68881145069092,US
MBBA,iShares Mortgage-Backed Securities Active ETF,ETF,ETF,49.30500030517578,0.0608803213960731,0.0062412964849421,48.28271955785783,US
MBBB,VanEck Moody's Analytics BBB Corporate Bond ETF,ETF,ETF,21.16160011291504,0.0785039242941817,0.0047259446412145,46.291600039780654,US
MBC,"MasterBrand, Inc.",Consumer Cyclical,"Furnishings, Fixtures & Appliances",8.670000076293945,-4.51541685965968,-0.0129822256396538,45.22533638422035,US
MBCE,MBCE,N/A,N/A,36.7599983215332,-7.46381439012375,-0.0945378532118467,38.37427707846122,US
MBLY,Mobileye Global Inc.,Consumer Cyclical,Auto Parts,9.220000267028809,-3.455496514295478,-0.0230012860201867,49.11036616021113,US
MBND,State Street Nuveen Municipal Bond ETF,ETF,ETF,27.09000015258789,-0.3677836686485835,-0.0013691007567069,39.01703792967828,US
MBS,Angel Oak Mortgage-Backed Securities ETF,ETF,ETF,8.609999656677246,0.1745129631464527,0.0003434124517614,52.58306911255549,US
MBSD,FlexShares Disciplined Duration MBS Index Fund,ETF,ETF,20.5,0.0243920983747007,0.0013827074402384,47.56697647622124,US
MBSF,Regan Floating Rate MBS ETF,ETF,ETF,25.75,0.1945495547714068,0.0026184211383549,62.4498874493364,US
MBSX,MBSX,N/A,N/A,26.59499931335449,-4.591930714423347,-0.0318551646777044,47.69244275775237,US
MBUU,MBUU,N/A,N/A,28.170000076293945,5.347794754734151,0.0216892541929946,55.953809525133664,US
MBVI,M3-Brigade Acquisition Vi Corp.,Financial Services,Shell Companies,10.18000030517578,-0.0981283181480111,-0.0001552622855799,61.50330982288419,US
MC,MC,Financial Services,Capital Markets,67.51000213623047,5.89804256663603,-0.0344491752103249,51.368225395394745,US
MCB,Metropolitan Bank Holding Corp.,Financial Services,Banks - Regional,98.4499969482422,0.9432976319698312,-0.0450891206144681,54.65037056833329,US
MCCK,"Mestek, Inc.",Industrials,Building Products & Equipment,66.01000213623047,-7.028166005309198,-0.2997096476092376,38.88853770082643,US
MCD,MCD,Consumer Cyclical,Restaurants,267.7099914550781,-2.5091094301870407,-0.1663140196321402,42.92098712663358,US
MCDIF,Mcdermott International Ltd.,Industrials,Engineering & Construction,6.0,-78.87323915284438,-0.7202684367942052,29.467452474020007,US
MCFT,"MasterCraft Boat Holdings, Inc.",Consumer Cyclical,Recreational Vehicles,24.979999542236328,3.436852740441439,0.0230571680939958,57.00377013327344,US
MCH,Matthews China Active ETF,ETF,ETF,27.101999282836918,-4.1654928401924485,-0.0625583996864657,38.322718696919054,US
MCHI,iShares MSCI China ETF,ETF,ETF,52.95000076293945,-0.338792210722925,-0.0775905712705351,48.82269198125898,US
MCHP,Microchip Technology Incorporated,Technology,Semiconductors,80.95999908447266,-8.612707493875988,-0.1229459749712016,39.485127749077385,US
MCHS,Matthews China Innovators Active ETF,ETF,ETF,40.77999877929688,-13.92811712542897,-0.1818482331699763,34.240399203399875,US
MCK,MCK,Healthcare,Medical Distribution,841.3900146484375,4.395998772875025,0.8269677044502473,65.51564139861716,US
MCO,Moody's Corporation,Financial Services,Financial Data & Stock Exchanges,510.8599853515625,4.839104135473797,-0.3495479640292931,66.95829849602092,US
MCY,MCY,Financial Services,Insurance - Property & Casualty,106.25,-2.754898478289848,-0.1106993294714304,50.72642342930648,US
MD,MD,Healthcare,Medical Care Facilities,26.1299991607666,-0.5329322213837084,-0.0002212353507357,57.12833573414763,US
MDB,"MongoDB, Inc.",Technology,Software - Infrastructure,312.3299865722656,-8.696796412471562,-1.5270643994485091,40.92494420418358,US
MDLN,Medline Inc.,Healthcare,Medical Instruments & Supplies,39.790000915527344,-3.045808898915172,-0.0663210406281294,51.5189806542324,US
MDLZ,"Mondelez International, Inc.",Consumer Defensive,Confectioners,61.0,3.688591027375818,0.0850550607381627,53.78797162422044,US
MDPL,Monarch Dividend Plus ETF,ETF,ETF,26.61000061035156,2.1497174268409136,-0.0103115321707327,60.22794506545187,US
MDRX,MDRX,N/A,N/A,4.900000095367432,3.157896744577508,0.0079900430469806,50.526448080991685,US
MDST,Westwood Salient Enhanced Midstream Income ETF,ETF,ETF,29.780000686645508,1.9513920576459407,-0.0066603886037326,59.76677355360599,US
MDT,MDT,Healthcare,Medical Devices,83.19999694824219,-0.7988622587318904,0.0400018998947336,56.13470899321749,US
MDU,"MDU Resources Group, Inc.",Utilities,Utilities - Regulated Gas,21.13999938964844,0.7626303665545955,0.001606563340994,49.95434171503439,US
MDXG,"MiMedx Group, Inc.",Healthcare,Biotechnology,4.300000190734863,4.622872288278797,-0.0055449371110151,64.46043695283407,US
MDY,State Street SPDR S&P MIDCAP 400 ETF Trust,ETF,ETF,688.75,-0.155113988121229,0.0004669423779786,50.75545378306081,US
MDYG,State Street SPDR S&P 400 Mid Cap Growth ETF,ETF,ETF,107.33999633789062,-1.3600471982026543,-0.0180476240802017,44.27491209417772,US
MDYV,State Street SPDR S&P 400 Mid Cap Value ETF,ETF,ETF,95.20999908447266,1.2011024993889512,0.0153416888754951,60.73063263055746,US
MEDX,Horizon Kinetics Medical ETF,ETF,ETF,35.3588981628418,-0.9360452278825476,0.009951845841881,49.12392222474574,US
MEI,"Methode Electronics, Inc.",Technology,Electronic Components,14.989999771118164,-5.126584872395662,-0.0566662543086256,50.46739567417093,US
MELI,"MercadoLibre, Inc.",Consumer Cyclical,Internet Retail,1813.9100341796875,-2.068325421893307,-5.621992264898076,58.359276820177456,US
MEM,Matthews Emerging Markets Equity Active ETF,ETF,ETF,41.88359832763672,-4.710379727895797,-0.0422585852690035,39.06381728416293,US
MEME,Roundhill ETF Trust - Roundhill Meme Stock ETF,ETF,ETF,6.900000095367432,-16.867470640907044,-0.0070583115142094,31.756395194562074,US
MEMS,Matthews Emerging Markets Discovery Active ETF,ETF,ETF,29.58799934387207,-5.809699031401093,-0.0421441043905898,36.95714344140193,US
MESH,Meshflow Acquisition Corp.,Financial Services,Shell Companies,10.010000228881836,0.1000022888183593,-0.0006549388174573,53.34498079290935,US
MET,"MetLife, Inc.",Financial Services,Insurance - Life,94.0,2.564100856515024,-0.0045768699106409,68.80202047669724,US
META,"Meta Platforms, Inc.",Communication Services,Internet Content & Information,646.010009765625,-3.466775966481147,-2.6974442271885533,56.821986868013816,US
METD,Direxion Daily META Bear 1X ETF,ETF,ETF,14.989999771118164,3.379308766332166,0.0674729360182662,41.238327851076846,US
METL,Sprott Active Metals & Miners ETF,ETF,ETF,23.949899673461918,-4.941853687015858,-0.0163882041766108,35.17466372625837,US
METV,Roundhill Ball Metaverse ETF,ETF,ETF,18.76000022888184,-2.240751918753908,-0.0331869438761801,51.26207987946716,US
METW,Roundhill META WeeklyPay ETF,ETF,ETF,28.11000061035156,-4.264017261108038,-0.1366058465454551,56.478611635763016,US
MEVO,M Evo Global Acquisition Corp II,Financial Services,Shell Companies,9.949999809265137,0.1006059286116218,2.315536263150335e-05,65.71517823937307,US
MEXX,Direxion Daily MSCI Mexico Bull 3X Shares,ETF,ETF,28.070199966430664,0.6208574802978409,0.0150126931265515,46.08234208462706,US
MFEM,PIMCO RAFI Dynamic Multi-Factor Emerging Markets Equity ETF,ETF,ETF,26.709999084472656,-3.6818065798195216,-0.0187367263298821,40.04698303281647,US
MFI,mF International Limited,Technology,Software - Application,8.300000190734863,-2.1803120026857985,-0.0137569563675576,43.24916288754181,US
MFLX,First Trust Flexible Municipal High Income ETF,ETF,ETF,17.264999389648438,-0.2311523537816975,-0.0007741916283869,47.92545858616121,US
MFM,Aberdeen Municipal Income Fund,Financial Services,Asset Management,5.579999923706055,0.904153924063556,0.0005222379856411,59.677406583108784,US
MFSB,MFS Active Core Plus Bond ETF,ETF,ETF,24.82999992370605,0.0402910113005412,0.004694986214147,49.00543096086434,US
MFSI,MFS Active International ETF,ETF,ETF,32.310001373291016,-0.980691646795286,-0.019053725323408,49.068216125526064,US
MFSV,MFS Active Value ETF,ETF,ETF,29.170000076293945,0.275008330307409,-0.0085417004734282,65.82877222117722,US
MFUL,Mindful Conservative ETF,ETF,ETF,22.30929946899414,-0.2713516672417702,7.836923234322626e-05,47.93888579569276,US
MFVL,Motley Fool Value Factor ETF,ETF,ETF,21.134700775146484,2.446445152260144,0.000872889276033,62.79069216930559,US
MG,"Mistras Group, Inc.",Industrials,Security & Protection Services,15.710000038146973,-3.441920122070309,0.0075473990960545,30.885839533541173,US
MGC,Vanguard Mega Cap Index Fund,ETF,ETF,272.0400085449219,-1.7161024073703497,-0.2864786762232674,48.21142900385761,US
MGMT,Ballast Small/Mid Cap ETF,ETF,ETF,50.59099960327149,0.8793580537879144,-0.0008257411223051,56.71702277774133,US
MGNR,American Beacon GLG Natural Resources ETF,ETF,ETF,47.790000915527344,-0.973886080298827,-0.0073286301011827,38.48780804489866,US
MGV,MGV,ETF,ETF,161.8300018310547,-1.0819096616298365,-0.0436284637286017,50.69941064767805,US
MGY,Magnolia Oil & Gas Corporation,Energy,Oil & Gas E&P,27.26000022888184,5.69988081105283,0.031965796430092,55.597909911877245,US
MH,"McGraw Hill, Inc.",Consumer Defensive,Education & Training Services,9.699999809265137,-1.2219947992700022,-0.0115257608428435,42.8770310418675,US
MHD,MHD,Financial Services,Asset Management,11.770000457763672,-0.1747262188492399,-0.0070711039096877,51.69275116860034,US
MHK,MHK,Consumer Cyclical,"Furnishings, Fixtures & Appliances",111.5,1.39128740775974,0.0591583771443835,50.089996369064615,US
MHO,"M/I Homes, Inc.",Consumer Cyclical,Residential Construction,149.52999877929688,1.5001298840655244,0.0669643282464429,52.42498502898375,US
MHY,Man Active High Yield ETF,EQUITY,EQUITY,25.631200790405277,0.4632943983923637,-0.0009181213539089,77.36522997722719,US
MIDD,The Middleby Corporation,Industrials,Specialty Industrial Machinery,133.22000122070312,-1.8058502110328685,-0.136345223419422,49.318432582874735,US
MIDE,Xtrackers S&P MidCap 400 Scored & Screened ETF,ETF,ETF,37.94359970092773,0.2817292473451525,0.0039613411559048,53.972070593267546,US
MIDU,Direxion Daily Mid Cap Bull 3X Shares,ETF,ETF,69.79000091552734,-0.7536956507351701,0.001534664263925,49.24252207690847,US
MIG,VanEck Moody's Analytics IG Corporate Bond ETF,ETF,ETF,21.123300552368164,0.2054109526509748,0.0050993996633515,46.68634024739973,US
MIGO,Mig Core ETF,ETF,ETF,29.18000030517578,-2.927475636729901,-0.0352014133875369,46.66973614595069,US
MILK,Pacer US Cash Cows Bond ETF,ETF,ETF,24.415000915527344,0.0983976348283366,0.0056452724567222,46.88708292855744,US
MINO,PIMCO Municipal Income Opportunities Active Exchange-Traded Fund,ETF,ETF,45.310001373291016,-0.2641402841265099,8.96811488378807e-05,44.02715382006962,US
MINT,PIMCO Enhanced Short Maturity Active Exchange-Traded Fund,ETF,ETF,100.63999938964844,0.0696029581750324,0.0017820483507574,88.54940362292261,US
MINV,Matthews Asia Innovators Active ETF,ETF,ETF,48.18600082397461,-9.443532069524403,-0.0672765449580217,35.84226651363642,US
MINY,YieldMax Strategic Metals & Mining Portfolio Option Income ETF,EQUITY,EQUITY,35.11470031738281,-4.543044463545982,-0.0254764761914623,32.6466431691515,US
MIR,"Mirion Technologies, Inc.",Industrials,Specialty Industrial Machinery,15.970000267028809,-6.058821958654067,0.0003372611943077,38.46490994086341,US
MIRM,"Mirum Pharmaceuticals, Inc.",Healthcare,Biotechnology,118.86000061035156,-2.677472133468742,-0.1656270885675317,54.64447051855302,US
MISL,First Trust Indxx Aerospace & Defense ETF,ETF,ETF,42.52999877929688,-4.491354266395917,-0.0331627739933791,34.46931539227742,US
MJSC,MUFG Japan Small Cap Active ETF,EQUITY,EQUITY,59.84590148925781,-4.102324797831308,-0.0929949929909929,41.77694021043825,US
MKL,Markel Group Inc.,Financial Services,Insurance - Property & Casualty,1972.4300537109373,1.163228809382613,0.8636584861611176,61.127595721834936,US
MKOR,Matthews Korea Active ETF,ETF,ETF,56.34000015258789,-8.266440365766718,-0.0226231235254894,38.71670931263074,US
MKSI,MKS Inc.,Technology,Scientific & Technical Instruments,324.69000244140625,-11.907858736180753,-0.7310345927960675,41.20825603797488,US
MKTX,MarketAxess Holdings Inc.,Financial Services,Capital Markets,113.8000030517578,-0.0526941491938612,-0.1403647943422266,40.18161073143342,US
MLAA,Mountain Lake Acquisition Corp. II,EQUITY,EQUITY,9.9399995803833,-0.1005048148093835,-0.0007512285869894,46.75006714239507,US
MLAB,"Mesa Laboratories, Inc.",Technology,Scientific & Technical Instruments,97.94000244140624,2.436985478695229,0.1522264474741224,49.05589649423967,US
MLCO,Melco Resorts & Entertainment Limited,Consumer Cyclical,Resorts & Casinos,5.449999809265137,-0.7285967854399462,0.0076865969785027,52.088996526891655,US
MLKN,"MillerKnoll, Inc.",Consumer Cyclical,"Furnishings, Fixtures & Appliances",21.81999969482422,8.234126289565422,0.0034274767808764,71.66721060984298,US
MLM,"Martin Marietta Materials, Inc.",Basic Materials,Building Materials,562.5900268554688,-2.6189061508886504,-0.3327712078365246,42.6291222605945,US
MLN,VanEck Long Muni ETF,ETF,ETF,17.610000610351562,-0.3959258688684891,-0.0014591097983389,47.81825397137364,US
MLP,"Maui Land & Pineapple Company, Inc.",Real Estate,Real Estate Services,16.84000015258789,3.1230877603463734,0.0319790099104025,46.50678865080835,US
MLPA,MLPA,N/A,N/A,55.36000061035156,2.3290243470768206,-0.0084398559069336,61.42751501888596,US
MLPB,UBS ETRACS Alerian MLP Infrastructure Index ETN Series B,ETF,ETF,29.832300186157227,2.980001923873219,-0.0007769087554051,62.83300154877619,US
MLPD,Global X MLP & Energy Infrastructure Covered Call ETF,ETF,ETF,25.100000381469727,-0.0079631161831568,-0.0084942358053966,54.84405541977553,US
MLPI,Neos Mlp & Energy Infrastructure High Income ETF,ETF,ETF,56.25,1.3878883635849326,-0.0161638805623554,56.03093662094788,US
MLPX,Global X MLP & Energy Infrastructure ETF,ETF,ETF,76.36000061035156,2.318107223103725,-0.0034505862581661,59.59972754677838,US
MLR,MLR,Consumer Cyclical,Auto Parts,49.63999938964844,1.3267966705690937,0.0257645954451223,52.158661139629885,US
MLTX,MoonLake Immunotherapeutics,Healthcare,Biotechnology,19.68000030517578,-3.339883520583251,0.0068476794844453,52.42785399538983,US
MMAX,iShares Large Cap Max Buffer Mar ETF,ETF,ETF,27.100000381469727,-0.1473802840023906,-0.0044972564001309,55.300899196829576,US
MMAY,Pacer Swan SOS Moderate (May) ETF,ETF,ETF,32.84000015258789,0.1219540135907897,-0.0038132678236578,58.90954111608352,US
MMCA,MMCA,N/A,N/A,21.57999992370605,-0.4382898117572229,-0.0029997727648941,31.2954724367183,US
MMED,"MiniMed Group, Inc.",Healthcare,Medical Instruments & Supplies,16.93000030517578,10.725966954966552,0.0760931894220325,67.09465985094289,US
MMI,MMI,Real Estate,Real Estate Services,31.200000762939453,1.6949167294367553,0.0132480800504816,55.79723436973079,US
MMK,State Street Prime Money Market ETF,ETF,ETF,100.18800354003906,0.0679192884454377,0.0004149151849014,99.3706994783026,US
MMKT,Texas Capital Government Money Market ETF,ETF,ETF,100.18000030517578,-0.0199567302150073,-0.0046104179656373,75.96480398339668,US
MMM,3M Company,Industrials,Conglomerates,159.83999633789062,1.4728237699999158,0.0790439487982457,53.29322138755043,US
MMMA,NYLI MacKay Muni Allocation ETF,EQUITY,EQUITY,25.33359909057617,-0.2849761724064176,0.0004529189123255,46.27398294072658,US
MMSC,First Trust Multi-Manager Small Cap Opportunities ETF,ETF,ETF,27.97769927978516,-2.699799812634868,-0.0121786604626016,45.79014341867131,US
MMSD,NYLI MacKay Muni Short Duration ETF,ETF,ETF,25.313899993896484,-0.1424078383826406,-0.0005141155618838,51.09307980522129,US
MMSI,"Merit Medical Systems, Inc.",Healthcare,Medical Instruments & Supplies,73.98999786376953,0.748904417319556,-0.0388884054951859,61.27153448106469,US
MMT,MMT,N/A,N/A,4.440000057220459,0.9090900224102624,0.0005132419017224,50.21311178226234,US
MMTM,State Street SPDR S&P 1500 Momentum Tilt ETF,ETF,ETF,302.3800048828125,-2.712265609857685,-0.296605273316628,40.84585452442072,US
MMU,Western Asset Managed Municipals Fund Inc.,Financial Services,Asset Management,10.380000114440918,0.5813994320832314,-0.001473097911415,52.78920176276976,US
MMYT,MakeMyTrip Limited,Consumer Cyclical,Travel Services,54.619998931884766,-6.823609813858779,-0.1336894071832683,55.88865410279462,US
MNA,NYLI Merger Arbitrage ETF,ETF,ETF,36.578399658203125,-0.059013160706115,-0.0009535183797721,54.54251536759166,US
MNBD,ALPS Intermediate Municipal Bond ETF,ETF,ETF,25.875,-0.2618448300846512,-0.0020070937711242,45.52896664900608,US
MNKD,MannKind Corporation,Healthcare,Biotechnology,4.03000020980835,-1.466991211273596,0.0002888036285462,52.42518919993428,US
MNPR,Monopar Therapeutics Inc.,Healthcare,Biotechnology,111.12000274658205,4.240154162439545,-0.0240650883599276,76.66416840323734,US
MNR,Mach Natural Resources LP,Energy,Oil & Gas E&P,13.149999618530272,2.7343704889063467,0.0047030907432992,56.19550797219642,US
MNRO,"Monro, Inc.",Consumer Cyclical,Auto Parts,16.959999084472656,0.8923237554776706,-0.0292199107843865,53.82091182850498,US
MNST,Monster Beverage Corporation,Consumer Defensive,Beverages - Non-Alcoholic,97.5,0.1129485686835874,-0.0880998860278063,59.0150503023573,US
MNVT,Moonvest ETF,ETF,ETF,27.06999969482422,-4.481300109124032,-0.0186039899072638,38.07388413293035,US
MNZL,Manzil Russell Halal USA Broad Market ETF,ETF,ETF,59.70209884643555,-2.374170942403772,-0.0368514196234267,46.83472687343296,US
MO,MO,Consumer Defensive,Tobacco,74.20999908447266,3.3709404347171343,0.1662666334573097,60.348351985919216,US
MOAT,VanEck Morningstar Wide Moat ETF,ETF,ETF,106.26000213623048,0.0,-0.070225482973489,58.39012402584037,US
MOBI,"Mobia Medical, Inc.",Healthcare,Medical Devices,12.149999618530272,-0.3281375162423885,0.0409140137741969,45.693942337085176,US
MODL,Victoryshares Westend U.S. Sector ETF,ETF,ETF,51.0099983215332,-1.296443459145021,-0.0482355968728387,51.32606168002463,US
MOO,VanEck Agribusiness ETF,ETF,ETF,82.52999877929688,1.926636451865183,0.0022974922965457,67.57407893837888,US
MORN,"Morningstar, Inc.",Financial Services,Financial Data & Stock Exchanges,172.47999572753906,4.419423280933552,-0.0950317170935048,54.82281406877255,US
MOS,The Mosaic Company,Basic Materials,Agricultural Inputs,22.1299991607666,2.8823752918992662,-0.038082633770317,51.12864480708462,US
MOTI,VanEck Morningstar International Moat ETF,ETF,ETF,34.599998474121094,0.9040465159432982,-0.0091706974244529,57.049645588448,US
MOV,MOV,Consumer Cyclical,Luxury Goods,38.650001525878906,0.3114527650764206,0.0024140690106857,56.605364459360366,US
MPC,Marathon Petroleum Corporation,Energy,Oil & Gas Refining & Marketing,312.6000061035156,10.171289512381271,0.1552829568196756,77.73289214252682,US
MPG,MPG,ETF,ETF,3.754199981689453,-26.15657159718216,-0.017658714192132,31.37332605423319,US
MPL,Defiance Daily Target 2X Long MP ETF,EQUITY,EQUITY,10.178299903869627,-26.388224842847546,-0.0479337545515086,31.690654125938597,US
MPLT,"MapLight Therapeutics, Inc.",Healthcare,Biotechnology,37.869998931884766,-3.6876927115803615,-0.0630761122230825,61.06082570239387,US
MPLX,MPLX LP,Energy,Oil & Gas Midstream,57.060001373291016,0.1931529567654475,0.0076461052643848,54.05134407339034,US
MPRO,Monarch ProCap ETF,ETF,ETF,32.678199768066406,0.0955689942353633,0.0016416061499004,55.04024170559708,US
MPTI,"M-tron Industries, Inc.",Technology,Electronic Components,75.94999694824219,-13.526135301311127,-0.0359386024146317,32.31953068475791,US
MPWR,"Monolithic Power Systems, Inc.",Technology,Semiconductors,1312.0,-3.011664512654528,-0.0122873111136811,43.95020792448632,US
MQ,"Marqeta, Inc.",Technology,Software - Infrastructure,17.489999771118164,10.20793886100278,0.0142937381609061,59.22740177946775,US
MQQQ,Tradr 2X Long Innovation 100 Monthly ETF,ETF,ETF,217.83160400390625,-8.264049051748406,-0.62421714506253,41.50289595572183,US
MQY,"BlackRock MuniYield Quality Fund, Inc.",Financial Services,Asset Management,11.529999732971191,0.1533271723020001,-0.003490864249427,56.20778697535817,US
MRAL,GraniteShares 2x Long MARA Daily ETF,ETF,ETF,40.16999816894531,-28.76396771814941,-0.3553909375552333,34.09670405236564,US
MRAM,"Everspin Technologies, Inc.",Technology,Semiconductors,14.550000190734863,-21.009771278663944,-0.0025165837561167,32.105087740272126,US
MRCP,PGIM S&P 500 Buffer 12 ETF - Mar,ETF,ETF,34.33000183105469,-0.6655079082666893,-0.0192056485084707,50.63475635585176,US
MRCY,"Mercury Systems, Inc.",Industrials,Aerospace & Defense,96.08000183105467,-11.020560433345072,-0.0483258754377522,38.23471417646083,US
MRK,MRK,Healthcare,Drug Manufacturers - General,127.5,3.205438768921797,0.1575863528878969,58.20842014298261,US
MRLN,"Merlin, Inc.",Industrials,Aerospace & Defense,3.5899999141693115,-16.51163360632814,0.0020022018127954,27.84843281913075,US
MRNA,"Moderna, Inc.",Healthcare,Biotechnology,61.81999969482422,-9.447776864505322,-0.3443686971539446,46.06632624199896,US
MRNX,Defiance Daily Target 2X Long MRNA ETF,EQUITY,EQUITY,31.5,-19.21005733786192,-0.3608462157001026,43.56128938438049,US
MRP,"Millrose Properties, Inc.",Real Estate,REIT - Residential,29.420000076293945,3.701089904828214,0.0360595516295108,60.19654008282486,US
MRSH,MRSH,N/A,N/A,182.17999267578125,2.1703747238938726,-0.0240342735841196,63.32068928234202,US
MRTN,"Marten Transport, Ltd.",Industrials,Trucking,17.649999618530273,2.9154519598925166,0.0130436241250277,56.576309721520445,US
MRVI,"Maravai LifeSciences Holdings, Inc.",Healthcare,Biotechnology,7.239999771118164,18.88340869813593,0.0174861726746745,80.92795905242744,US
MRVL,"Marvell Technology, Inc.",Technology,Semiconductors,188.67999267578125,-19.98643203034753,0.0348309805516606,35.72319413666368,US
MRVU,Direxion Daily MRVL Bull 2X ETF,ETF,ETF,86.7300033569336,-37.8635891824173,0.3608615055031343,35.988031818866745,US
MRX,MRX,Financial Services,Capital Markets,60.15999984741211,-8.543628817538933,-0.3193559606506775,44.38699012907853,US
MS,Morgan Stanley,Financial Services,Capital Markets,215.5,-3.0502064137712974,-0.5408604928070089,48.35003770771138,US
MSA,MSA Safety Incorporated,Industrials,Security & Protection Services,171.02999877929688,0.2461744138343491,-0.0130926531087245,54.75961387035979,US
MSBI,"Midland States Bancorp, Inc.",Financial Services,Banks - Regional,31.1200008392334,1.9325258411997663,0.0054598832723848,60.275234534836,US
MSCI,MSCI Inc.,Financial Services,Financial Data & Stock Exchanges,628.6599731445312,3.960567925391184,-0.2799957166881102,60.905556776403216,US
MSDL,Morgan Stanley Direct Lending Fund,Financial Services,Asset Management,15.460000038146973,-0.7064846424744131,-0.0184743801519637,55.79146924989728,US
MSFO,YieldMax MSFT Option Income Strategy ETF,ETF,ETF,10.6899995803833,1.593986480693269,-0.0083008518834012,49.96283455567865,US
MSFT,Microsoft Corporation,Technology,Software - Infrastructure,393.8200073242188,2.264347203972563,-0.2719876882817233,51.88615822985804,US
MSFU,Direxion Daily MSFT Bull 2X Shares,ETF,ETF,24.440000534057617,4.132940984583633,-0.0342715099519865,50.36770583550104,US
MSFW,Roundhill MSFT WeeklyPay ETF,ETF,ETF,25.76000022888184,2.417301969258564,-0.0214033983163156,51.37000788542396,US
MSFX,T-Rex 2X Long Microsoft Daily Target ETF,ETF,ETF,16.149999618530273,3.858517173221046,-0.0263598778290924,50.03741348760809,US
MSI,"Motorola Solutions, Inc.",Technology,Communication Equipment,413.30999755859375,-2.26305505432227,-0.1630222951094215,50.54372175780488,US
MSIF,"MSC Income Fund, Inc.",Financial Services,Asset Management,11.31999969482422,-3.3304896844771386,-0.0129488031101741,43.60278027437104,US
MSLC,Morgan Stanley Pathway Large Cap Equity ETF,ETF,ETF,58.65999984741211,-1.362033557532587,-0.0548459478898152,49.17655707201929,US
MSM,MSM,Industrials,Industrial Distribution,124.7699966430664,1.422532960293844,-0.0469986948565295,66.26123776604626,US
MSMR,McElhenny Sheffield Managed Risk ETF,ETF,ETF,34.52000045776367,-2.2926728879448666,-0.0198821847244643,31.26538835211133,US
MSOS,AdvisorShares Pure US Cannabis ETF,ETF,ETF,4.460000038146973,-0.6681455345312957,0.0011296075952567,44.05301859764694,US
MSOX,AdvisorShares MSOS Daily Leveraged ETF,ETF,ETF,2.5199999809265137,-2.3255792462719835,0.0007593123180384,41.94929825609791,US
MSSM,Morgan Stanley Pathway Small-Mid Cap Equity ETF,ETF,ETF,59.90409851074219,-0.9849611392691116,-0.0055170300855046,48.7093432065073,US
MSTB,LHA Market State Tactical Beta ETF,ETF,ETF,42.67679977416992,-1.5165917412956695,-0.037278777299097,47.81116982279223,US
MSTP,GraniteShares 2x Long MSTR Daily ETF,ETF,ETF,12.948399543762209,-1.0061191185891103,-0.0152427135876997,36.37074632199143,US
MSTR,Strategy Inc,Technology,Software - Application,94.8499984741211,0.2218925251764378,-0.0170958172517217,40.09635352055513,US
MSTU,T-Rex 2X Long MSTR Daily Target ETF,ETF,ETF,1.8600000143051147,-0.7999992370605469,-0.0015901509846877,36.27483480658158,US
MSTW,Roundhill MSTR WeeklyPay ETF,ETF,ETF,3.390000104904175,0.2958576959962891,0.000390112624914,39.0239211450444,US
MSTY,Yieldmax MSTR Option Income Strategy ETF,ETF,ETF,12.81999969482422,1.5115334793572672,0.0046295284138397,41.24066368057623,US
MSTZ,T-Rex 2X Inverse MSTR Daily Target ETF,ETF,ETF,12.220000267028809,-2.4351246370517217,0.0180072922954881,52.16932206888621,US
MTB,M&T Bank Corporation,Financial Services,Banks - Regional,249.2400054931641,2.847243236586036,-0.0757636408391828,66.39062190684179,US
MTD,MTD,Healthcare,Diagnostics & Research,1310.02001953125,1.0685307572593348,-1.9625516096664557,61.71840524824509,US
MTDR,Matador Resources Company,Energy,Oil & Gas E&P,53.79999923706055,4.791583710871211,0.0291573756583166,56.5491724545366,US
MTG,MTG,Financial Services,Insurance - Specialty,29.46999931335449,4.7263679905952936,0.0321497710355564,75.38797318763483,US
MTGP,WisdomTree Mortgage Plus Bond Fund,ETF,ETF,43.96879959106445,-0.0004598215718783,0.0034356864358281,49.41640527361377,US
MTH,Meritage Homes Corporation,Consumer Cyclical,Residential Construction,74.16999816894531,-1.7615918292115067,-0.017436796518236,47.198965500791424,US
MTN,"Vail Resorts, Inc.",Consumer Cyclical,Resorts & Casinos,147.86000061035156,-1.5185818493176788,-0.2242234997254262,60.99016980583118,US
MTRA,Invesco International Growth Focus ETF,ETF,ETF,26.59199905395508,-1.0419793441068623,-0.0070024525354864,47.92037859986264,US
MTRN,Materion Corporation,Basic Materials,Other Industrial Metals & Mining,245.1199951171875,-4.866882079752903,0.2296893140404305,46.04788056020696,US
MTRX,Matrix Service Company,Industrials,Engineering & Construction,12.149999618530272,-2.7221790137587183,0.0039684885932341,38.39474499515655,US
MTSI,"MACOM Technology Solutions Holdings, Inc.",Technology,Semiconductors,267.3599853515625,-13.341114069690116,-0.2103574365955776,30.88046041234307,US
MTUM,iShares MSCI USA Momentum Factor ETF,ETF,ETF,302.0899963378906,-6.116167867645685,-0.2831551736614082,41.126083634182784,US
MTW,"The Manitowoc Company, Inc.",Industrials,Farm & Heavy Construction Machinery,13.029999732971191,1.9561815745193143,0.0093669676229281,52.05292399702807,US
MTZ,MTZ,Industrials,Engineering & Construction,329.5899963378906,-11.612007994199132,-1.1543250603712103,36.27668836252894,US
MU,MU,Technology,Semiconductors,848.9500122070312,-13.3105256010168,-0.8644500227785166,41.00649542282581,US
MUA,MUA,Financial Services,Asset Management,10.800000190734863,-0.7717717304606508,-0.0051707085249678,51.73819727307573,US
MUC,"BlackRock MuniHoldings California Quality Fund, Inc.",Financial Services,Asset Management,10.850000381469728,-0.7877212765495452,-0.0072551397705643,49.41034885391407,US
MUD,Direxion Daily MU Bear 1X Shares,ETF,ETF,12.90999984741211,13.9452774434727,0.0025757267056603,51.102376552356354,US
MUEL,Paul Mueller Company,Industrials,Metal Fabrication,443.0,-0.4650970162343063,0.0763302067547333,46.58719682258685,US
MUJ,MUJ,Financial Services,Asset Management,12.239999771118164,-0.6163772042647727,-0.0042770522295875,50.05924237856205,US
MUNC,Northern Trust 2045 Tax-Exempt Distributing Ladder ETF,EQUITY,EQUITY,101.80999755859376,-0.4205793370112727,-0.0137723565286093,34.56979150891141,US
MUND,Northern Trust 2055 Tax-Exempt Distributing Ladder ETF,EQUITY,EQUITY,102.43499755859376,-0.374442849030517,-0.0181297736711636,41.85658661826393,US
MUNI,PIMCO Intermediate Municipal Bond Active Exchange-Traded Fund,ETF,ETF,52.16999816894531,-0.2485680114945656,-0.0001387968099236,41.553187233877416,US
MUNX,AMG GW&K Muni Income ETF,EQUITY,EQUITY,24.998899459838867,-0.2278907111146297,0.0003922529970216,46.44332578765351,US
MUR,MUR,Energy,Oil & Gas E&P,36.83000183105469,9.125931351273149,0.1159779921420659,57.70058030145631,US
MUSI,American Century Multisector Income ETF,ETF,ETF,43.435001373291016,0.1037151054980523,0.0051822994291865,50.60133325309899,US
MUSQ,MUSQ Global Music Industry Index ETF,ETF,ETF,25.50300025939941,-0.8359909368680073,-0.0186146204430581,50.96426906413912,US
MUST,Columbia Multi-Sector Municipal Income ETF,ETF,ETF,20.3799991607666,-1.2118274850705817,-0.0055640461883588,36.9825216714633,US
MUU,Direxion Daily MU Bull 2X Shares,ETF,ETF,27.239999771118164,-26.91074676130218,-0.0183382673238954,39.55230209157962,US
MVFG,Monarch Volume Factor Global Unconstrained ETF,ETF,ETF,34.68080139160156,-0.1071407184724069,-0.0041443877914422,52.01772354076702,US
MVLL,GraniteShares 2x Long MRVL Daily ETF,ETF,ETF,21.51000022888184,-37.74240027823552,0.0925461255899358,35.94529381164381,US
MVPA,Miller Value Partners Appreciat,ETF,ETF,35.415000915527344,2.34070621010235,-0.0100414888392153,69.41081505144722,US
MVPL,Miller Value Ptnrs Leverage ETF,ETF,ETF,41.96329879760742,-3.026598683311005,-0.0732661341178598,47.95540796801206,US
MVV,MVV,ETF,ETF,88.0363998413086,-0.4225809357826096,0.0022061302349212,49.844823302129065,US
MWA,MWA,Industrials,Specialty Industrial Machinery,25.459999084472656,2.1669302027507,0.0273912315515933,49.96118259084549,US
MWH,"SOLV Energy, Inc.",Utilities,Utilities - Renewable,28.40999984741211,-1.7634862639571325,0.0412145483501928,39.05226348773608,US
MYCG,State Street My2027 Corporate Bond ETF,ETF,ETF,24.95499992370605,0.100279254810451,0.0005230545832815,74.59082508093533,US
MYCH,State Street My2028 Corporate Bond ETF,ETF,ETF,24.854999542236328,0.120841000503248,0.0001955154030264,60.03021559931064,US
MYCK,State Street My2031 Corporate Bond ETF,ETF,ETF,24.665000915527344,0.1421102555963415,0.0021781610605666,50.74722069354293,US
MYCO,State Street My2035 Corporate Bond ETF,ETF,ETF,24.241500854492188,0.1094391977588516,0.0040576289554852,46.81219014261642,US
MYE,"Myers Industries, Inc.",Consumer Cyclical,Packaging & Containers,31.11000061035156,0.8754878613092848,0.0072474183451598,58.98172451000156,US
MYGN,"Myriad Genetics, Inc.",Healthcare,Diagnostics & Research,6.179999828338623,6.003428974490929,-0.0093752903098257,66.63304586685092,US
MYHA,State Street My2027 High Yield Corporate Bond ETF,ETF,ETF,24.932600021362305,0.0104280631957461,-0.0003306040849523,65.35992014891829,US
MYHB,State Street My2028 High Yield Corporate Bond ETF,ETF,ETF,24.97150039672852,0.20666260143218,0.0001060041194327,64.90023998017804,US
MYHC,State Street My2029 High Yield Corporate Bond ETF,ETF,ETF,25.094900131225582,0.0195296078433459,-0.0015017557806681,58.90822533765992,US
MYHD,State Street My2030 High Yield Corporate Bond ETF,ETF,ETF,25.03499984741211,0.1399993896484375,0.0015169705983467,63.42959020484025,US
MYHE,State Street My2031 High Yield Corporate Bond ETF,ETF,ETF,24.90999984741211,0.0401615623897194,0.0005787080981592,58.51012650733774,US
MYI,MYI,Financial Services,Asset Management,10.90999984741211,-0.3138989265149917,-0.0039445273729307,48.35888740236456,US
MYLD,Cambria Micro And Smallcap Shareholder Yield ETF,ETF,ETF,33.216800689697266,3.276443581842358,0.0153064516342573,69.36311329834004,US
MYMH,State Street My2028 Municipal Bond ETF,ETF,ETF,24.4950008392334,-0.1223191835412259,-0.0023982376735576,47.47680765894328,US
MYRG,MYR Group Inc.,Industrials,Engineering & Construction,391.510009765625,-6.6366163054575695,-0.281278342149716,36.38777135106759,US
MYY,MYY,ETF,ETF,15.3100004196167,0.2619512812960677,5.66949368907485e-05,50.74712535369576,US
MZZ,ProShares UltraShort MidCap400,ETF,ETF,6.0,0.671140295251806,-0.0004447679815068,49.56929474870759,US
NABL,"N-able, Inc.",Technology,Information Technology Services,4.769999980926514,12.765956487425871,-0.0073198996694354,70.98755160301266,US
NAC,NAC,Financial Services,Asset Management,11.9399995803833,-0.7486109162284781,-0.0047058027518892,47.676675670327086,US
NACP,Impact Shares NAACP Minority Empowerment ETF,ETF,ETF,58.3932991027832,-2.9205359576589545,-0.0554320252356934,44.99083584196282,US
NAIL,Direxion Daily Homebuilders & Supplies Bull 3X Shares,ETF,ETF,41.2599983215332,-1.9952498409334607,-0.0110623516720833,45.702014672258144,US
NANC,Unusual Whales Subversive Democratic Trading ETF,ETF,ETF,49.54999923706055,-2.0983171676754373,-0.0632893705249592,47.11358531834634,US
NANR,State Street SPDR S&P North American Natural Resources ETF,ETF,ETF,77.80999755859375,1.500122412664038,0.0259404691777513,50.5892151935642,US
NAPR,Innovator Nasdaq-100 Power Buffer ETF - April,ETF,ETF,58.82519912719727,-0.8625354463649544,-0.0252537501767858,46.736193446632655,US
NAT,NAT,Energy,Oil & Gas Midstream,6.050000190734863,-1.9448927726944345,-0.0129228389642741,55.0982344270477,US
NATH,"Nathan's Famous, Inc.",Consumer Cyclical,Restaurants,96.0500030517578,-4.4468700165012605,-0.2615094774525902,17.53332706322341,US
NAVN,"Navan, Inc.",Technology,Software - Application,25.959999084472656,0.1543171607290752,-0.0282530292551683,62.36670350668492,US
NB,NioCorp Developments Ltd.,Basic Materials,Other Industrial Metals & Mining,4.260000228881836,-7.792200553998094,-0.0154350193340511,38.94373030493531,US
NBB,NBB,Financial Services,Asset Management,15.399999618530272,-0.2150360359464072,-0.0028843322008818,43.36457028337168,US
NBCE,Neuberger China Equity ETF,ETF,ETF,37.8759994506836,-8.08803953681175,-0.082003395073917,34.45832676160731,US
NBCR,Neuberger Core Equity ETF,ETF,ETF,33.59000015258789,-1.0370666910025657,-0.0304249361677729,50.72884819081092,US
NBFC,Neuberger Flexible Credit Income ETF,ETF,ETF,50.51399993896485,-0.2389619563133335,-0.004570277466678,48.18028284669595,US
NBHC,National Bank Holdings Corporation,Financial Services,Banks - Regional,46.4900016784668,4.872546262560619,0.0274979579624596,65.41528303435794,US
NBIE,Neuberger International Core Equity ETF,ETF,ETF,26.40780067443848,-0.3103023684028435,-0.0075658063307667,52.64734760243112,US
NBIL,GraniteShares 2x Long NBIS Daily ETF,ETF,ETF,21.13999938964844,-37.21413561243852,0.0992750534164206,36.51496751561269,US
NBIS,Nebius Group N.V.,Communication Services,Internet Content & Information,177.7100067138672,-19.09400789803002,0.1058005413534886,37.63617013113304,US
NBR,Nabors Industries Ltd.,Energy,Oil & Gas Drilling,83.88999938964844,2.1927191278567246,0.1160495980406968,46.61416638002467,US
NBSD,Neuberger Short Duration Income ETF,ETF,ETF,50.68999862670898,0.2174709206648584,0.0006080006397152,64.24969404587921,US
NBTR,Neuberger Total Return Bond ETF,ETF,ETF,49.65499877929688,0.100794753597316,0.0097563796081033,47.714625577311125,US
NC,NC,N/A,N/A,47.970001220703125,1.3522065600861946,0.0338426901439724,43.42737034390655,US
NCDL,Nuveen Churchill Direct Lending Corp.,Financial Services,Asset Management,12.6899995803833,-1.475159412806143,-0.0211904430544041,52.2784950339725,US
NCIQ,Hashdex Nasdaq CME Crypto Index ETF,ETF,ETF,15.960000038146973,0.4026178288142593,-0.0183265438362463,49.815072911908025,US
NCNO,"nCino, Inc.",Technology,Software - Application,17.850000381469727,5.061804720053644,-0.0275618962948985,61.1177086037542,US
NCPB,Nuveen Core Plus Bond ETF,ETF,ETF,24.78499984741211,0.1414135248974116,0.0045575374498109,49.34557662286262,US
NCV,NCV,Financial Services,Asset Management,16.600000381469727,-4.454933483222051,0.0058761616030813,42.290143800198805,US
NDAA,Ned Davis Research 360 Dynamic Allocation ETF,ETF,ETF,23.7052001953125,-0.9725103713776272,-0.0146519693506855,48.21329721291042,US
NDAQ,"Nasdaq, Inc.",Financial Services,Financial Data & Stock Exchanges,91.63999938964844,4.041777343990232,-0.1028823402815972,59.82304306604768,US
NDEC,Innovator Growth-100 Power Buffer ETF - December,ETF,ETF,29.72369956970215,-1.1516465867529655,-0.0140483855760082,46.75609922510751,US
NDIA,Global X Funds - Global X India Active ETF,ETF,ETF,27.23789978027344,-0.8232628744987689,0.0075306647366914,53.77022821573307,US
NDIV,Amplify Energy & Natural Resources Covered Call ETF,ETF,ETF,33.224998474121094,2.577953381312859,0.0202482794231782,55.10881639784974,US
NDMO,Nuveen Dynamic Municipal Opportunities Fund,Financial Services,Asset Management,10.289999961853027,0.4740037754177691,-0.00074884763732,49.85163721711625,US
NDOW,Anydrus Advantage ETF,ETF,ETF,29.14800071716309,-0.4134011626296766,-0.0044467780999635,45.79812467400323,US
NE,Noble Corporation plc,Energy,Oil & Gas Drilling,41.5,3.827867732224103,0.0359738963575875,50.09792710718693,US
NEAR,NEAR,N/A,N/A,50.54999923706055,0.1188305735773782,0.0017968888615687,60.13883937487847,US
NEE,NEE,Utilities,Utilities - Regulated Electric,88.80000305175781,0.9549840564214376,-0.0492760545386581,54.03182805657278,US
NEHI,NEOS Ethereum High Income ETF,ETF,ETF,26.899999618530277,2.671751279415938,-0.052846613928035,53.36125844842484,US
NEM,Newmont Corporation,Basic Materials,Gold,89.69999694824219,-5.866306971956671,-0.1805830748174841,36.62031548070757,US
NEO,"NeoGenomics, Inc.",Healthcare,Diagnostics & Research,14.609999656677246,3.543586195364548,-0.0122894129938302,65.33091570605887,US
NEOG,Neogen Corporation,Healthcare,Medical Devices,10.270000457763672,6.756762785208849,0.0082078124914473,65.18494420597035,US
NET,"Cloudflare, Inc.",Technology,Software - Infrastructure,277.6600036621094,3.4500782325637345,-0.3119667482918054,64.91322732591946,US
NETG,Leverage Shares 2X Long NET Daily ETF,ETF,ETF,16.89459991455078,6.322212394728973,-0.0356635343331714,63.463847123029566,US
NETL,Colterpoint Net Lease Real Estate ETF,ETF,ETF,28.24029922485352,4.574338465011258,0.0333567420716539,72.25992388322653,US
NEU,NewMarket Corporation,Basic Materials,Specialty Chemicals,770.22998046875,0.8273235782226145,1.390385072083702,49.41096129530206,US
NEWT,"NewtekOne, Inc.",Financial Services,Banks - Regional,15.199999809265137,2.841678510703962,-0.0065141986714193,61.39796350826392,US
NEWZ,Stocksnips AI-Powered Sentiment US ALL Cap ETF,ETF,ETF,29.707300186157227,-1.559743250568845,-0.0215345980356884,50.95167744458827,US
NEXA,Nexa Resources S.A.,Basic Materials,Other Industrial Metals & Mining,12.1899995803833,-17.690754659014434,-0.0985213430892346,42.30484352977951,US
NEXN,Nexxen International Ltd.,Communication Services,Advertising Agencies,10.15999984741211,5.230451873720677,-0.0140028215311531,68.03052931649727,US
NEXT,NextDecade Corporation,Energy,Oil & Gas Equipment & Services,7.679999828338623,-3.8798492072567097,-0.01234750376445,47.10302215554781,US
NFBK,"Northfield Bancorp, Inc.",Financial Services,Banks - Regional,14.859999656677246,2.2008232163945407,0.0116945177588571,57.89750385002343,US
NFEB,Innovator Growth-100 Power Buffer ETF - February,ETF,ETF,30.02560043334961,-1.0068871693621355,-0.0129038961625015,46.40827366755498,US
NFG,National Fuel Gas Company,Energy,Oil & Gas Integrated,80.94000244140625,2.326174466219673,-0.0397443062142298,59.16330199868304,US
NFJ,"Virtus Dividend, Interest & Premium Strategy Fund",Financial Services,Asset Management,15.010000228881836,-0.9240884037858416,-0.0047164714034437,52.3564393232808,US
NFLP,Kurv Yield Premium Strategy Netflix ETF,ETF,ETF,16.905000686645508,-6.78246223717951,-0.0869411945697913,29.701173316950403,US
NFLW,Roundhill NFLX WeeklyPay ETF,ETF,ETF,15.374099731445312,-6.891359221461737,-0.0805926239503428,30.030637923576307,US
NFLX,"Netflix, Inc.",Communication Services,Entertainment,68.94999694824219,-6.024268274333343,-0.3260512357566418,30.723158692333485,US
NFRA,FlexShares STOXX Global Broad Infrastructure Index Fund,ETF,ETF,65.45999908447266,0.1223643842391032,-0.0061510463565618,57.71503914009793,US
NFXS,Direxion Daily NFLX Bear 1X Shares,ETF,ETF,22.209999084472656,5.913208448836167,0.0917806691656087,68.2391645338098,US
NGHT,Nicholas Bitcoin And Treasuries Afterdark ETF,ETF,ETF,21.170000076293945,-3.3333313011505843,-0.03552018271191,38.13215029013861,US
NGL,NGL,Energy,Oil & Gas Midstream,15.15999984741211,4.19243744797805,-0.000344315817424,44.63302885463009,US
NGNE,Neurogene Inc.,Healthcare,Biotechnology,37.310001373291016,-5.854149967941335,-0.1697957953026576,57.10495919093184,US
NGS,NGS,Energy,Oil & Gas Equipment & Services,38.77000045776367,-4.342458363043988,-0.0775433073853713,41.14065576446167,US
NI,NiSource Inc.,Utilities,Utilities - Regulated Gas,45.97999954223633,-1.9616246347773167,-0.005964936205418,43.0068802676558,US
NIHI,NEOS MSCI EAFE High Income ETF,ETF,ETF,51.41999816894531,-0.7719056893758693,-0.0247614842404483,50.280957273525104,US
NIKA,NIKA PHARMACEUTICALS INC.,Healthcare,Drug Manufacturers - Specialty & Generic,0.7689999938011169,0.0,-0.0052106139832433,71.17924673544911,US
NIKL,Sprott Nickel Miners ETF,ETF,ETF,12.989999771118164,0.1773715082535448,-0.0025068378101015,43.21468183108198,US
NINE,"Nine Energy Service, Inc.",Energy,Oil & Gas Equipment & Services,11.31999969482422,3.5681553408901334,-0.0053058862969434,49.36188814454233,US
NIOG,Leverage Shares 2X Long NIO Daily ETF,ETF,ETF,11.800100326538086,4.011459222543197,-0.0333478769065704,41.47841637881962,US
NISM,NYLI International Small-Mid Cap Equity ETF,EQUITY,EQUITY,24.479999542236328,0.575182369641655,-0.0017874435271097,49.29729184806741,US
NITE,The Nightview ETF,ETF,ETF,37.07099914550781,-1.3780668459490115,-0.0290877691264953,47.64817038669327,US
NJR,New Jersey Resources Corporation,Utilities,Utilities - Regulated Gas,58.59999847412109,0.3940372562019874,-0.0467773219615536,58.31005527377914,US
NJUL,Innovator Nasdaq-100 Power Buffer ETF - July,ETF,ETF,75.40699768066406,-1.890453965845804,-0.0450490756059033,36.397291367525966,US
NJUN,Innovator Growth-100 Power Buffer ETF - June,ETF,ETF,32.0099983215332,-2.0621705586680728,-0.0272502636580682,41.44774441247545,US
NKE,"NIKE, Inc.",Consumer Cyclical,Footwear & Accessories,43.7599983215332,-1.374804203371773,-0.0065780735283502,51.60723751371717,US
NKLR,Terra Innovatum Global N.V.,Utilities,Utilities - Regulated Electric,4.590000152587891,-7.085018230333774,-0.0139327515767306,41.542052751233456,US
NKTR,Nektar Therapeutics,Healthcare,Biotechnology,68.26000213623047,-2.984648174963398,-0.0700062969108459,51.198867851431984,US
NKX,Nuveen California AMT-Free Quality Municipal Income Fund,Financial Services,Asset Management,12.489999771118164,-0.3051428049448876,-0.0077971981999571,54.065733180666165,US
NLR,NLR,ETF,ETF,104.1999969482422,-8.963832097061683,-0.1388986434634889,30.108220698056115,US
NLSI,Neos Long/Short Equity Income ETF,ETF,ETF,52.312801361083984,-1.5881259486598611,-0.0582097618120813,54.28874843583609,US
NMAI,Nuveen Multi-Asset Income Fund,Financial Services,Asset Management,13.829999923706056,-0.1170069635260339,-0.0215831485531961,49.61406328892129,US
NMAY,Innovator Growth-100 Power Buffer ETF - May,ETF,ETF,29.083200454711918,-1.3627273098939157,-0.0172864199783242,44.39606919418615,US
NMBL,NovaTide Flexible Allocation ETF,ETF,ETF,20.348499298095703,-1.5315828860855578,-0.0111227277642394,43.72875128020703,US
NMCO,Nuveen Municipal Credit Opportunities Fund,Financial Services,Asset Management,10.8100004196167,0.5428820879512624,-0.0030749505898169,58.28275987074529,US
NMFC,New Mountain Finance Corporation,Financial Services,Asset Management,7.110000133514404,0.5657703095023796,0.0007372714292626,45.546998430825965,US
NML,Neuberger Berman Income Funds - Neuberger Energy Infrastructure and Income Fund Inc.,Financial Services,Asset Management,10.300000190734863,-0.2942889498736684,-0.0066831686024163,58.57959898645085,US
NMM,Navios Maritime Partners L.P.,Industrials,Marine Shipping,71.37000274658203,-5.782174591970915,-0.2703158677945352,44.5430360368308,US
NMZ,Nuveen Municipal High Income Opportunity Fund,Financial Services,Asset Management,10.3100004196167,-0.1392771425776543,-0.0034648653932924,48.76521183613174,US
NNI,"Nelnet, Inc.",Financial Services,Credit Services,134.27999877929688,0.5767390488668711,0.0533252523842552,56.03111332334343,US
NNNN,Anbio Biotechnology,Healthcare,Medical Instruments & Supplies,9.489999771118164,1.0649565936014045,0.0622761039243942,26.639382166884104,US
NNOV,NNOV,N/A,N/A,30.99970054626465,-1.3690733526345928,-0.0181938787924436,45.52658215130316,US
NOBL,ProShares S&P 500 Dividend Aristocrats ETF,ETF,ETF,56.93000030517578,0.2465211963223605,0.0027670338872802,57.886901304583056,US
NOC,NOC,Industrials,Aerospace & Defense,521.5700073242188,-3.346737096747559,-0.55010778823529,44.029853674443984,US
NOCT,Innovator Growth-100 Power Buffer ETF - October,ETF,ETF,62.07989883422852,-0.9415978170703172,-0.0262083611730471,48.29071361185371,US
NODE,VanEck Onchain Economy ETF,ETF,ETF,37.24800109863281,-9.72807871171181,-0.0592604020270871,33.160276085922305,US
NOEQ,NORTHERN TRUST US EQUITY ETF,ETF,ETF,28.75,-0.450135611302943,-0.0116340953107829,52.798951255627216,US
NOG,"Northern Oil and Gas, Inc.",Energy,Oil & Gas E&P,21.190000534057617,14.416846707877207,0.0413180727519834,59.78024727025144,US
NOMD,NOMD,Consumer Defensive,Packaged Foods,11.510000228881836,-0.1734562406984701,-0.0180223418248633,63.531083351832905,US
NORW,Global X MSCI Norway ETF,ETF,ETF,33.584999084472656,2.487026595435704,0.0106886932055147,52.04229578642577,US
NOV,NOV,N/A,N/A,19.520000457763672,3.3351036975706294,0.0089637285927171,54.62051888423321,US
NOVM,FT Vest U.S. Equity Max Buffer ETF – November,ETF,ETF,33.85499954223633,0.1479048561135248,-0.0011999887990319,68.11201966032387,US
NOVP,PGIM S&P 500 Buffer 12 ETF - Nov,ETF,ETF,32.4900016784668,-0.8846769726337936,-0.022682028775022,50.2102819956589,US
NOVT,Novanta Inc.,Technology,Scientific & Technical Instruments,148.7100067138672,-5.068616337044991,0.1441979643626414,44.96214096165437,US
NOW,"ServiceNow, Inc.",Technology,Software - Application,103.23999786376952,-4.150033663260438,-0.2438973977910391,48.52083821541754,US
NOWL,GraniteShares 2x Long NOW Daily ETF,ETF,ETF,4.639999866485596,-8.840869795917449,-0.0217698162322143,46.44796437497628,US
NP,NP,Financial Services,Insurance Brokers,31.030000686645508,-2.788218632585199,-0.0482946313908856,53.01141939862644,US
NPAC,New Providence Acquisition Corp. III,Financial Services,Shell Companies,10.3951997756958,0.1464321877389641,0.0009049585533275,66.54214344710664,US
NPB,"Northpointe Bancshares, Inc.",Financial Services,Banks - Regional,18.790000915527344,0.6163090723150754,-0.0003571939571994,55.31937163597467,US
NPCE,"NeuroPace, Inc.",Healthcare,Medical Devices,16.079999923706055,-6.019875218603772,-0.0313583261474703,47.42891290588243,US
NPFE,NPF Core Equity ETF,ETF,ETF,27.211599349975582,-0.7600318225328269,-0.0138452684664474,51.87833395095534,US
NPFI,Nuveen Preferred And Income ETF,ETF,ETF,26.01959991455078,-0.0975241377184068,0.0010222430026427,59.486678355149415,US
NPKI,NPK International Inc.,Industrials,Building Products & Equipment,14.34000015258789,-0.0696880042926641,0.0089239404720442,45.23229716162711,US
NPO,NPO,Industrials,Specialty Industrial Machinery,322.67999267578125,-2.4900339712311066,0.3626910262851668,42.690766783245685,US
NRC,NRC Health,Healthcare,Health Information Services,21.780000686645508,0.6004668379022337,-0.0233796726482307,58.31076788989748,US
NRDS,"NerdWallet, Inc.",Communication Services,Internet Content & Information,9.260000228881836,-2.217529379361461,-0.0260403656267234,53.31523161328724,US
NRES,Xtrackers RREEF Global Natural Resources ETF,ETF,ETF,31.704700469970703,1.2218247885776357,0.0041684051086145,49.51623413730952,US
NRG,NRG,Utilities,Utilities - Independent Power Producers,129.11000061035156,-8.054406570342074,-0.4459494205903574,37.9206294447987,US
NRIM,"Northrim BanCorp, Inc.",Financial Services,Banks - Regional,27.84000015258789,2.277740098726666,-0.0078027249302617,60.5280288531136,US
NRP,NRP,Energy,Thermal Coal,96.4000015258789,-2.645925273691632,-0.1114415139305309,34.7708164486191,US
NRSH,Aztlan North America Nearshoring Stock Selection ETF,ETF,ETF,31.881999969482425,-4.350176200281444,-0.0384938872396431,44.54526637297072,US
NSA,National Storage Affiliates Trust,Real Estate,REIT - Industrial,44.5,-0.5808720538046195,-0.0189901318324762,50.015897618242754,US
NSC,NSC,Industrials,Railroads,340.1600036621094,3.87516486826335,0.2838016042958426,74.00738097834405,US
NSCI,Nuveen Securitized Income ETF,EQUITY,EQUITY,25.200000762939453,0.2386689528549535,0.0023079531045091,74.31748984744166,US
NSP,NSP,Industrials,Staffing & Employment Services,49.54999923706055,8.877172191886908,-0.0221835220723036,71.48814969147281,US
NSSC,"Napco Security Technologies, Inc.",Industrials,Security & Protection Services,36.119998931884766,0.1386172372707876,0.0119349246287618,44.09145080472605,US
NTAP,"NetApp, Inc.",Technology,Software - Infrastructure,163.8800048828125,-2.9549300519089794,-0.0902669794003703,54.11194247195717,US
NTCT,NTCT,N/A,N/A,41.29999923706055,-5.448720355968542,-0.0612821830531988,48.31441243940838,US
NTES,"NetEase, Inc.",Communication Services,Electronic Gaming & Multimedia,131.2899932861328,2.5462739497917544,-0.007452186180906,58.03968351739731,US
NTGR,"NETGEAR, Inc.",Technology,Communication Equipment,22.43000030517578,-2.3933822803158464,-0.0032033476759534,43.51598170214224,US
NTRA,NTRA,N/A,N/A,271.3900146484375,0.5334329973291043,-0.3983789597065232,60.29059670580048,US
NTRL,First Trust Equity Market Neutral ETF,EQUITY,EQUITY,21.030000686645508,0.7666499328132588,0.0108589970786714,57.31143657371352,US
NTRS,Northern Trust Corporation,Financial Services,Asset Management,184.67999267578125,0.6156304032884166,-0.3669248386311778,60.60856121548623,US
NTSE,WisdomTree Emerging Markets Efficient Core Fund,ETF,ETF,44.81689834594727,-4.56570400138288,-0.0292934529817675,40.31362606400185,US
NTSI,WisdomTree International Efficient Core Fund,ETF,ETF,46.6880989074707,-0.5345241120582681,-0.0149531729885696,50.54569751104172,US
NTSK,"Netskope, Inc.",Technology,Software - Infrastructure,13.59000015258789,10.308445529403825,-0.0349143257500643,67.02429219104434,US
NTST,NETSTREIT Corp.,Real Estate,REIT - Retail,22.26000022888184,3.534884785496911,0.0201999015440222,65.68470742112123,US
NU,Nu Holdings Ltd.,Financial Services,Banks - Regional,13.59000015258789,-1.2354656501903258,-0.0308045041795153,54.55542513261336,US
NUAI,"New Era Energy & Digital, Inc.",Technology,Software - Infrastructure,4.074999809265137,-8.013544759134257,0.0172354915977082,39.19011903440474,US
NUDM,Nuveen ESG International Developed Markets Equity ETF,ETF,ETF,39.77000045776367,-1.266132912087704,-0.0260954016172648,50.80744903644402,US
NUE,NUE,Basic Materials,Steel,236.6100006103516,4.063863170864618,0.2774482845155379,51.98869016607665,US
NUGO,Nuveen Growth Opportunities ETF,ETF,ETF,42.06999969482422,-3.2428699683918816,-0.0695738011073957,45.43653954235058,US
NUGT,Direxion Daily Gold Miners Index Bull 2X Shares,ETF,ETF,103.47000122070312,-11.23026476670128,-0.2196014225842635,36.36172364993069,US
NUGY,Graniteshares YieldBOOST Gold Miners ETF,ETF,ETF,13.100000381469728,-3.199583323320681,-0.0203136369100226,34.25676259262599,US
NUKX,Nicholas Nuclear Income ETF,EQUITY,EQUITY,34.478599548339844,-8.397279391420415,-0.0391138738605247,33.02074611333238,US
NUKZ,Range Nuclear Renaissance ETF,ETF,ETF,62.43000030517578,-5.049429193649003,-0.0310813612199254,31.917301294063208,US
NULC,Nuveen ESG Large-Cap ETF,ETF,ETF,53.59000015258789,-2.480299500215159,-0.0600990516394677,47.14912685467591,US
NULG,Nuveen ESG Large-Cap Growth ETF,ETF,ETF,112.33799743652344,-3.3310692024407444,-0.1364943114085294,46.14800929379903,US
NULV,NULV,N/A,N/A,51.209999084472656,-0.3502632950255278,-0.0263707570420609,57.69767317295574,US
NUMI,Nuveen Municipal Income ETF,ETF,ETF,25.024999618530277,-0.3186613231020532,-0.004428457168182,42.26416429826728,US
NUSA,Nuveen ESG 1-5 Year U.S. Aggregate Bond ETF,ETF,ETF,23.104999542236328,0.1951434403127654,0.0012514302097757,55.85501966923797,US
NUSB,NUSB,ETF,ETF,25.229999542236328,0.0793354164617584,0.0002074180358159,90.8853337847805,US
NUV,"Nuveen Municipal Value Fund, Inc.",Financial Services,Asset Management,9.130000114440918,0.2501778083456409,-0.0030416497860894,49.907993149472034,US
NUVB,Nuvation Bio Inc.,Healthcare,Biotechnology,5.800000190734863,-0.1721127735483899,-0.0018871767371378,54.84034672431833,US
NVAX,"Novavax, Inc.",Healthcare,Biotechnology,8.210000038146973,-12.00428611701635,-0.0113139171057946,35.85454735458134,US
NVBT,Allianzim U.S. Equity Buffer10 Nov ETF,ETF,ETF,39.810001373291016,0.0377012314010134,-0.0097144671795722,57.41586637767532,US
NVCR,NovoCure Limited,Healthcare,Medical Devices,15.920000076293944,-2.331283304005409,-0.0235096766682473,47.43836749458361,US
NVD,Graniteshares 2x Short NVDA Daily ETF,ETF,ETF,4.96999979019165,6.881713726049572,0.0241564834776963,49.41429476347772,US
NVDA,NVIDIA Corporation,Technology,Semiconductors,202.80999755859372,-3.863295836128596,-0.5211879489165965,48.22224430543179,US
NVDD,Direxion Daily NVDA Bear 1X Shares,ETF,ETF,33.470001220703125,3.622297248540288,0.0839643577140037,50.76365571490869,US
NVDL,GraniteShares 2x Long NVDA Daily ETF,ETF,ETF,30.280000686645508,-8.325758989658393,-0.1643089668814241,46.7184267022206,US
NVDQ,T-Rex 2X Inverse NVIDIA Daily Target ETF,ETF,ETF,11.34000015258789,6.880306498890692,0.0564974700975631,49.1499058298924,US
NVDS,Tradr 1.5X Short NVDA Daily ETF,ETF,ETF,22.1200008392334,5.6351493556869,0.0836936449236938,50.17890321462931,US
NVDU,Direxion Daily Nvda Bull 2X Shares,ETF,ETF,120.51000213623048,-8.378314259363453,-0.6498537662713146,46.76300985111506,US
NVEC,NVE Corporation,Technology,Semiconductors,86.30999755859375,-4.923993479632592,0.0857412504118038,39.54232842934296,US
NVGS,NVGS,N/A,N/A,20.709999084472656,0.1935123755736464,-0.0261619741021917,48.00096802536885,US
NVIR,Horizon Kinetics Energy Remediation ETF,ETF,ETF,39.02370071411133,1.9028661183144928,0.0101402113243132,54.936309512728826,US
NVIT,YieldMax NVDA Performance & Distribution Target 25 ETF,ETF,ETF,48.83209991455078,-1.4608320216374395,-0.0799282481305898,51.375915060167664,US
NVOH,Novo Nordisk A/S (B Shares) ADRhedged,ETF,ETF,27.3523006439209,1.6322986488533124,-0.0232143024145864,64.07420425058868,US
NVRI,Enviri Corporation,Industrials,Waste Management,22.90999984741211,-1.589350637114234,-0.0074355632218683,58.13969774751197,US
NVST,Envista Holdings Corporation,Healthcare,Medical Instruments & Supplies,26.739999771118164,3.203396096464876,0.005303655060925,57.30797328196059,US
NVT,nVent Electric plc,Industrials,Electrical Equipment & Parts,154.9199981689453,-3.608762448796377,-0.0068899229280012,44.35752064833414,US
NVTS,Navitas Semiconductor Corporation,Technology,Semiconductors,11.460000038146973,-14.922050401155625,0.0288392226445761,30.90470775136092,US
NWAX,New America Acquisition I Corp.,Financial Services,Shell Companies,10.119999885559082,-0.1972431665334438,-0.0013597281080143,45.893627417186565,US
NWBI,"Northwest Bancshares, Inc.",Financial Services,Banks - Regional,15.529999732971191,3.2579772098469664,0.0101902434928055,66.20987922395977,US
NWE,NWE,Utilities,Utilities - Regulated Electric,72.05999755859375,-0.8939644258883167,-0.0599706194264106,52.95082864151709,US
NWN,NWN,Utilities,Utilities - Regulated Gas,51.20000076293945,1.5873000254767275,0.0017590737535439,57.00056490465734,US
NWPX,"NWPX Infrastructure, Inc.",Basic Materials,Steel,138.1999969482422,3.2190586139676785,0.2234402093220806,55.11550433782493,US
NXPI,NXP Semiconductors N.V.,Technology,Semiconductors,266.5299987792969,-8.803808296236646,-0.495180653747294,40.25704116541979,US
NXST,"Nexstar Media Group, Inc.",Communication Services,Broadcasting,183.7100067138672,5.550131279938415,-0.0002616860845532,57.18915763689296,US
NXTE,Axs Green Alpha ETF,ETF,ETF,46.15589904785156,-7.936769536048034,-0.0468590867660069,37.80123620881997,US
NXTG,First Trust IndXX NextG ETF,ETF,ETF,144.2899932861328,-5.078614235694847,-0.0854597727488204,40.00959504346298,US
NXUS,Nuveen International Aggregate Bond ETF,EQUITY,EQUITY,24.780000686645508,-0.3218017769184735,0.0013981311698357,43.79279750482177,US
NYSX,Global X NYSE 100 ETF,EQUITY,EQUITY,121.4540023803711,-4.36692725955032,-0.1887407151665132,43.326441525573685,US
NZAC,State Street SPDR MSCI ACWI Climate Paris Aligned ETF,ETF,ETF,45.412200927734375,-1.6924260992214362,-0.0323190138494672,46.995592122813015,US
O,O,Real Estate,REIT - Retail,65.70999908447266,3.790866623159074,0.0502297292605511,65.72748558908447,US
OACP,OneAscent Core Plus Bond ETF,ETF,ETF,22.614999771118164,0.110666747947806,0.004072080546686,49.71662415591904,US
OAKI,Oakmark International Large Cap ETF,EQUITY,EQUITY,26.06679916381836,-0.3143562029166846,-0.0077532983725812,54.61956873951269,US
OAKM,Oakmark U.S. Large Cap ETF,ETF,ETF,29.270000457763672,0.4806086544129717,-0.0182063695913737,59.28893864775068,US
OALC,OneAscent Large Cap Core ETF,ETF,ETF,39.80120086669922,-2.5745961316675148,-0.0371854682198828,43.95803840150974,US
OARK,YieldMax Innovation Option Income Strategy ETF,ETF,ETF,28.92300033569336,-5.265203081870791,-0.065054413999834,40.62899301196484,US
OASC,OneAscent Enhanced Small and Mid Cap ETF,ETF,ETF,34.30839920043945,-1.7626863752806217,-0.0097607313734497,45.44936819425633,US
OBDC,Blue Owl Capital Corporation,Financial Services,Asset Management,10.989999771118164,0.2737201903902869,-0.0104766939160475,54.7279007322066,US
OBK,"Origin Bancorp, Inc.",Financial Services,Banks - Regional,52.27000045776367,2.010145873452857,0.0122434675481533,60.84641401765239,US
OBND,State Street Loomis Sayles Opportunistic Bond ETF,ETF,ETF,25.604999542236328,0.0,0.0010007447574095,50.38796102334735,US
OBOR,KraneShares MSCI One Belt One Road Index ETF,ETF,ETF,25.704700469970703,-0.872697882917288,-0.0043106544019357,40.99576848919887,US
OBT,"Orange County Bancorp, Inc.",Financial Services,Banks - Regional,37.560001373291016,1.4586734436792723,-0.0059396297338762,57.43766469581382,US
OBTC,Osprey Bitcoin Trust,ETF,ETF,20.6299991607666,0.4675112602675341,-0.0169775384396624,50.06652514306183,US
OCFC,OceanFirst Financial Corp.,Financial Services,Banks - Regional,19.915000915527344,4.212455674856056,0.0065998703266464,63.17891181484577,US
OCGN,"Ocugen, Inc.",Healthcare,Biotechnology,1.3600000143051147,-7.482994024776393,-0.0039497089530244,44.1628695006552,US
OCIO,ClearShares OCIO ETF,ETF,ETF,37.04800033569336,-1.1921552444992611,-0.0184874048458,46.479785757968415,US
OCS,Oculis Holding AG,Healthcare,Biotechnology,12.1899995803833,-10.564934130352237,-0.0847664195569837,34.36510057764251,US
OCTH,Innovator Premium Income 20 Barrier ETF - October,ETF,ETF,24.030000686645508,-0.0831540584176889,-0.0019216957446212,61.46396390581087,US
OCTJ,Innovator Premium Income 30 Barrier ETF - October,ETF,ETF,23.9950008392334,-0.0208298365275065,-0.0014586923844682,62.757911680358426,US
OCTM,FT Vest U.S. Equity Max Buffer ETF – October,ETF,ETF,33.69499969482422,-0.0889511657647504,-0.0040307486350433,62.39935800449848,US
OCTP,PGIM S&P 500 Buffer 12 ETF - Oct,ETF,ETF,32.290000915527344,-0.6461510291466346,-0.0201244522646549,51.48866930203578,US
OCTT,OCTT,N/A,N/A,46.88899993896485,0.0618850367809751,-0.0088014425427544,59.54177228552871,US
OCTU,AllianzIM U.S. Equity Buffer15 Uncapped Oct ETF,ETF,ETF,30.24180030822754,-1.2996053830060712,-0.0235350732706072,48.14070941747432,US
OCTV,Octave Intelligence plc,Technology,Software - Application,16.450000762939453,-3.2352896297679226,-0.0350286253972641,42.65069657299206,US
OCUL,"Ocular Therapeutix, Inc.",Healthcare,Biotechnology,8.970000267028809,-12.058819267026475,-0.0463160970845995,41.61730437111674,US
ODC,ODC,Basic Materials,Specialty Chemicals,97.20999908447266,-6.89589534058183,-0.4262860753174893,49.56183999812857,US
ODD,Oddity Tech Ltd.,Consumer Defensive,Household & Personal Products,16.325000762939453,-4.420369813460632,-0.0742824959474177,56.77868928740636,US
ODDS,Pacer BlueStar Digital Entertainment ETF,ETF,ETF,24.82999992370605,-1.9468468641502736,-0.0294789519682071,51.954624820884135,US
ODFL,"Old Dominion Freight Line, Inc.",Industrials,Trucking,233.83999633789065,2.72810759648102,0.1018546905058772,58.38484139775224,US
ODHY,Obra Defensive High Yield ETF,ETF,ETF,9.975000381469728,0.1003535246232675,0.0002983786787728,58.59388138254827,US
OEC,Orion S.A.,Basic Materials,Specialty Chemicals,6.849999904632568,20.38664034704359,0.047238388663281,55.27817892969925,US
OEF,iShares S&P 100 ETF,ETF,ETF,366.8900146484375,-1.4557715198886807,-0.4054402296706056,49.4146637585345,US
OFG,OFG,Financial Services,Banks - Regional,50.06999969482422,1.4589690840227487,-0.041852871176049,59.70310924365653,US
OFIX,Orthofix Medical Inc.,Healthcare,Medical Devices,11.579999923706056,-0.4299242497235943,-0.0318182056580805,59.1120907231009,US
OGS,OGS,Utilities,Utilities - Regulated Gas,79.73999786376953,0.7199693166695096,-0.0027420061347074,54.23216472630047,US
OGSP,Obra High Grade Structured Products ETF,ETF,ETF,10.010000228881836,0.1000022888183593,-0.0002403339666723,68.76357405937958,US
OI,OI,Consumer Cyclical,Packaging & Containers,9.100000381469728,-5.991734560131528,-0.0166242478718017,47.53076985790281,US
OII,"Oceaneering International, Inc.",Energy,Oil & Gas Equipment & Services,42.27999877929688,0.4275541845599533,-0.0801248379018571,61.06720918886673,US
OILK,ProShares K-1 Free Crude Oil ETF,ETF,ETF,52.93000030517578,9.08903504906391,0.0518876993494384,59.64020540405805,US
OIS,"Oil States International, Inc.",Energy,Oil & Gas Equipment & Services,8.430000305175781,1.2004847825405014,-0.0095866020898698,53.64276440141439,US
OKE,"ONEOK, Inc.",Energy,Oil & Gas Midstream,93.5199966430664,4.003557103456866,0.0412291104587632,61.61259712646166,US
OKLL,Defiance Daily Target 2X Long OKLO ETF,ETF,ETF,2.9200000762939453,-30.310261660688376,-0.0125849695389286,29.393660401854333,US
OKLS,Defiance Daily Target 2X Short OKLO ETF,ETF,ETF,36.84000015258789,35.19266111041428,0.169680097107201,70.64550173222057,US
OKTA,"Okta, Inc.",Technology,Software - Infrastructure,149.35000610351562,7.732814573414331,-0.2156943265601896,64.76277360806154,US
OKTG,Leverage Shares 2X Long OKTA Daily ETF,ETF,ETF,33.5369987487793,14.899955681654964,-0.0864072210504947,62.3860162525142,US
OLED,OLED,Technology,Electronic Components,80.18000030517578,-1.0612050846939038,0.1527816691545314,41.42643018943562,US
OLLI,"Ollie's Bargain Outlet Holdings, Inc.",Consumer Defensive,Discount Stores,66.51000213623047,2.480740481507653,0.1718359649926748,39.4823745960135,US
OLP,"One Liberty Properties, Inc.",Real Estate,REIT - Diversified,25.239999771118164,2.6016234948131363,0.0155900547634715,61.920623387166046,US
OMAH,VistaShares Target 15 Berkshire Select Income ETF,ETF,ETF,19.059999465942383,0.9533914892847511,-0.0060845578123373,64.94023619264746,US
OMC,Omnicom Group Inc.,Communication Services,Advertising Agencies,81.7300033569336,-0.2441071005702816,-0.1496629782850036,59.31174071179127,US
OMCL,"Omnicell, Inc.",Healthcare,Health Information Services,45.869998931884766,2.1148726662153345,-0.1365612176095969,60.83853697366582,US
OMDA,"Omada Health, Inc.",Healthcare,Health Information Services,23.700000762939453,1.8041239858505544,-0.0468297248672628,78.11102450090871,US
OMER,Omeros Corporation,Healthcare,Biotechnology,9.6899995803833,-5.739301244294537,-0.0220659070742724,45.31437112366995,US
OMF,"OneMain Holdings, Inc.",Financial Services,Credit Services,60.29999923706055,1.772150611072653,-0.0158792413880268,57.07611079311909,US
OMFL,Invesco Russell 1000 Dynamic Multifactor ETF,ETF,ETF,68.66999816894531,-0.7228567489314767,-0.0432388304981,52.95005352041773,US
ON,ON Semiconductor Corporation,Technology,Semiconductors,87.37000274658203,-8.951642788500795,0.0105114707513847,39.071847859714175,US
OND,ProShares On-Demand ETF,ETF,ETF,34.691001892089844,-1.55229322441415,-0.0137852645739547,50.22196165308672,US
ONDG,Leverage Shares 2X Long ONDS Daily ETF,ETF,ETF,2.0,-20.31872479685265,-0.0034720809253576,33.232605076903795,US
ONDS,Ondas Inc.,Technology,Communication Equipment,6.525000095367432,-10.123968462017622,-0.0096149156649392,33.45616473637324,US
ONDU,Tradr 2X Long ONDS Daily ETF,ETF,ETF,3.2100000381469727,-20.740743531557083,-0.0063259399335224,33.091236514148946,US
ONEQ,Fidelity Nasdaq Composite Index ETF,ETF,ETF,100.4499969482422,-2.9749849003867683,-0.1404653590836738,44.18382355528164,US
ONEV,State Street SPDR Russell 1000 Low Volatility Focus ETF,ETF,ETF,146.4600067138672,0.8913976719010335,0.0192141532017149,61.07929683643679,US
ONEY,State Street SPDR Russell 1000 Yield Focus ETF,ETF,ETF,131.45599365234375,0.994920301689368,0.0325506554959589,59.50957345443688,US
ONLN,ProShares Online Retail ETF,ETF,ETF,57.56999969482422,0.3311234283238142,-0.0819700513511106,56.83820663254096,US
OOMA,"Ooma, Inc.",Technology,Software - Application,20.670000076293945,2.428145508959624,-0.0208676268923796,64.59066239411081,US
OOSP,Obra Opportunistic Structured Products ETF,ETF,ETF,10.125,0.0,-0.0004368774858297,54.50145703714754,US
OPEN,Opendoor Technologies Inc.,Real Estate,Real Estate Services,4.5,-5.561382453532893,-0.0119340948985632,46.33455767652508,US
OPFI,OppFi Inc.,Financial Services,Credit Services,9.380000114440918,-0.6355875912014246,0.0023182983253365,54.795005828894986,US
OPK,OPK,N/A,N/A,1.190000057220459,-11.851849170051697,0.0019078245951312,25.535936930616217,US
OPLN,"OPENLANE, Inc.",Consumer Cyclical,Auto & Truck Dealerships,39.459999084472656,-1.0779651836429145,-0.0740687546784212,50.132055625481016,US
OPPE,WisdomTree European Opportunities Fund,ETF,ETF,57.220001220703125,0.8139853505353836,-0.003513798057926,57.73862468026173,US
OPRA,Opera Limited,Communication Services,Internet Content & Information,19.36000061035156,0.8333325054910776,-0.0438447251460946,53.78293593150182,US
OPTU,"Optimum Communications, Inc.",Communication Services,Telecom Services,0.8607000112533569,-19.560750555019485,-0.0015990393302551,37.19459063631661,US
OPTX,"Syntec Optics Holdings, Inc.",Technology,Electronic Components,7.489999771118164,-17.60176407713494,0.0200946486908627,36.15020007060283,US
ORA,"Ormat Technologies, Inc.",Utilities,Utilities - Renewable,104.6999969482422,-4.618748155117544,0.0544528216709414,30.466624648247706,US
ORC,ORC,Real Estate,REIT - Mortgage,6.849999904632568,0.5873709572558546,-0.0051817959054273,53.76055096865058,US
ORCL,Oracle Corporation,Technology,Software - Infrastructure,126.41000366210938,-10.118028860419944,0.2722983230626887,29.39521382109521,US
ORCX,Defiance Daily Target 2X Long ORCL ETF,ETF,ETF,16.940000534057617,-20.58133804665144,0.0959569138478988,29.24394760964084,US
ORKA,"Oruka Therapeutics, Inc.",Healthcare,Biotechnology,92.6999969482422,6.809535626652476,0.451929274216666,63.49011800095619,US
ORLY,"O'Reilly Automotive, Inc.",Consumer Cyclical,Auto Parts,86.05000305175781,-0.2665689972103368,0.0972415560651491,46.45371764276931,US
ORN,ORN,Industrials,Engineering & Construction,12.800000190734863,-6.773484213459686,-0.0101023964746988,34.17105511479589,US
ORO,Arrow Valtoro ETF,ETF,ETF,18.121999740600582,-0.7992112505589812,-0.0094148246407615,44.82806893268276,US
OSBC,"Old Second Bancorp, Inc.",Financial Services,Banks - Regional,23.63999938964844,3.2765400611551483,0.0125280019760372,63.99519851525015,US
OSCR,"Oscar Health, Inc.",Healthcare,Healthcare Plans,29.100000381469727,-4.715129308740403,-0.0730307167675452,50.68289986838776,US
OSCV,Opus Small Cap Value Plus ETF,ETF,ETF,42.4900016784668,1.7602696480657507,0.0096152737723056,63.01859126292052,US
OSEA,Harbor International Compounders ETF,ETF,ETF,29.649999618530277,-0.9355184891096956,-0.0090291648525551,43.17800215218042,US
OSPN,OneSpan Inc.,Technology,Software - Infrastructure,15.470000267028809,1.9775885908113573,-0.0126038541374551,65.45923257608396,US
OSS,"One Stop Systems, Inc.",Technology,Computer Hardware,12.619999885559082,-8.08448429486583,0.0426377966704265,36.11030726245681,US
OTCM,OTC Markets Group Inc.,Financial Services,Financial Data & Stock Exchanges,52.5,-1.5378839075721455,-0.0528732408589902,52.72194116492081,US
OTF,Blue Owl Technology Finance Corp.,Financial Services,Asset Management,10.100000381469728,-2.2265202704262177,-0.0122939849864219,43.48459712197134,US
OTGL,OTG Latin America ETF,ETF,ETF,10.635000228881836,-0.8391622320442028,-0.0061771451676495,52.06979687290179,US
OTIS,Otis Worldwide Corporation,Industrials,Specialty Industrial Machinery,73.44999694824219,0.4925442993420077,-0.0203326722505023,52.8212654209083,US
OUNZ,OUNZ,N/A,N/A,38.59999847412109,-2.2784848756428007,-0.0024034539125816,40.43171584561903,US
OUT,OUTFRONT Media Inc.,Real Estate,REIT - Specialty,33.209999084472656,0.5145222888460056,-0.0228188309920522,58.08583868435056,US
OVID,Ovid Therapeutics Inc.,Healthcare,Biotechnology,2.440000057220459,-3.174600171093715,-0.0024714036348155,45.78985562069053,US
OVS,Overlay Shares Small Cap Equity ETF,ETF,ETF,41.85749816894531,-0.0752029651350748,-0.0157317876800533,54.91610294629245,US
OVT,Overlay Shares Short Term Bond ETF,ETF,ETF,21.809999465942383,-0.1602190364488266,-0.0038019709060587,50.12767157635716,US
OWLS,Obook Holdings Inc.,Technology,Software - Infrastructure,5.550000190734863,-2.6315723429754274,-0.0064735152802093,41.64399538057927,US
OXM,"Oxford Industries, Inc.",Consumer Cyclical,Apparel Manufacturing,40.43000030517578,10.01360627258716,0.0726442157160497,58.5390016728875,US
OXY,Occidental Petroleum Corporation,Energy,Oil & Gas E&P,54.86000061035156,3.724714016708216,0.0190496439904339,56.3639473710636,US
OZK,Bank OZK,Financial Services,Banks - Regional,52.0099983215332,3.626219853801096,0.0177813478267085,59.01054889747999,US
P,P,Technology,Computer Hardware,69.37999725341797,-12.54254928523356,-0.1960878694896584,42.74653543775179,US
PAAA,PGIM AAA CLO ETF,ETF,ETF,51.400001525878906,0.0778834015809602,0.0006543498121498,88.85599190361869,US
PAB,PGIM Active Aggregate Bond ETF,ETF,ETF,41.89500045776367,0.0238799967322109,0.0066275516832661,47.6275001750336,US
PACB,"Pacific Biosciences of California, Inc.",Healthcare,Medical Devices,1.440000057220459,-7.692300638503319,-0.0042858592284946,45.144477907549216,US
PACK,Ranpak Holdings Corp.,Consumer Cyclical,Packaging & Containers,6.809999942779541,-0.4385995488172487,0.0021151642283533,49.75419802550204,US
PACS,"PACS Group, Inc.",Healthcare,Medical Care Facilities,46.130001068115234,6.732993441051013,0.0074663888504644,69.72981070612711,US
PAGP,"Plains GP Holdings, L.P.",Energy,Oil & Gas Midstream,25.61000061035156,3.4747499408143936,0.0036633952149424,65.21080722511073,US
PAHC,Phibro Animal Health Corporation,Healthcare,Drug Manufacturers - Specialty & Generic,33.310001373291016,3.866547210060999,-0.0676649971425427,50.32112901892765,US
PALC,PALC,N/A,N/A,55.566200256347656,-4.4433382660899206,-0.0575483746354243,39.80130136900938,US
PALL,abrdn Physical Palladium Shares ETF,ETF,ETF,22.700000762939453,-1.6038098690039224,-0.051238439420164,46.42307002533432,US
PALU,Direxion Daily PANW Bull 2X Shares,ETF,ETF,56.04999923706055,20.459919852823024,0.0714309496612948,65.70575875058574,US
PAMC,Pacer Lunt MidCap Multi-Factor Alternator ETF,ETF,ETF,53.77840042114258,-0.642203438400666,0.0026340650444727,45.94491778974626,US
PANG,Leverage Shares 2X Long PANW Daily ETF,ETF,ETF,34.52629852294922,20.4559829546396,0.0414134042502083,65.60049734772608,US
PANL,Pangaea Logistics Solutions Ltd.,Industrials,Marine Shipping,7.03000020980835,1.1510849314925635,-0.0118210408450367,47.25351047679245,US
PANW,"Palo Alto Networks, Inc.",Technology,Software - Infrastructure,358.67999267578125,10.054919654337,0.1837241399440543,67.38168064614618,US
PAPR,Innovator U.S. Equity Power Buffer ETF - April,ETF,ETF,42.25,-0.3302651372121158,-0.0145264495167258,52.57010719166057,US
PATH,"UiPath, Inc.",Technology,Software - Infrastructure,12.149999618530272,4.023966618786991,-0.0050233281511685,64.65734899636396,US
PATN,Pacer Nasdaq International Patent Leaders ETF,ETF,ETF,34.247798919677734,-5.31697337199883,-0.0284702773503649,39.83513945981925,US
PATX,Tradr 2X Long PATH Daily ETF,ETF,ETF,9.550000190734863,7.062781491619321,-0.0106331767146073,62.43773407119634,US
PAUG,Innovator U.S. Equity Power Buffer ETF - August,ETF,ETF,45.77999877929688,-0.0436691224821852,-0.0058503139966737,64.96726693542651,US
PAVE,Global X U.S. Infrastructure Development ETF,ETF,ETF,56.29999923706055,-0.6879509597742216,0.0069122874785043,45.20069486507033,US
PAWZ,ProShares Pet Care ETF,ETF,ETF,49.52330017089844,1.98372893403017,0.0055241190929136,59.663149676837314,US
PAX,Patria Investments Limited,Financial Services,Asset Management,11.010000228881836,-0.361990598756426,-0.0054154389540609,45.30749225006749,US
PAYC,"Paycom Software, Inc.",Technology,Software - Application,147.94000244140625,6.370434637406832,-0.1348331764319059,62.01037499224049,US
PAYH,TrueShares S&P Autocallable High Income ETF,ETF,ETF,25.157899856567383,0.0712031318756354,-0.0067184526757204,57.13195795007204,US
PAYS,"Paysign, Inc.",Technology,Software - Infrastructure,8.550000190734863,-5.629141338421842,-0.0246476186694643,58.80938307905021,US
PAYX,"Paychex, Inc.",Technology,Software - Application,114.38999938964844,6.369721420684909,0.0322191566813225,71.60436992286647,US
PB,PB,N/A,N/A,73.48999786376953,2.0836227872079243,0.0114947732608613,57.636040814976056,US
PBAM,"Private Bancorp of America, Inc.",Financial Services,Banks - Regional,79.5,6.854836518178212,0.0520460186618011,73.84833361171431,US
PBAP,PGIM S&P 500 Buffer 20 ETF - April,ETF,ETF,31.020000457763672,-0.3661602029457122,-0.0089279590204919,52.9179786891679,US
PBAU,PGIM S&P 500 Buffer 20 ETF - August,ETF,ETF,31.479999542236328,-0.2376826563590658,-0.0067619310303385,57.69819583518461,US
PBD,Invesco Global Clean Energy ETF,ETF,ETF,18.149999618530277,-2.5764871919434738,7.915552796622372e-05,35.760396819047585,US
PBDC,Putnam BDC Income ETF,ETF,ETF,26.899999618530277,0.6736538540471376,-0.0125371032920834,55.976411187755815,US
PBE,PBE,N/A,N/A,91.02749633789062,-0.1563034264743761,-0.0058755302231316,61.83608904420208,US
PBEU,Portfolio Building Block European Banks Index ETF,ETF,ETF,33.46760177612305,-0.2664047219171227,-0.0225705393966347,57.78490302133849,US
PBF,PBF Energy Inc.,Energy,Oil & Gas Refining & Marketing,62.75,17.995486348075126,-0.0048457299355679,78.20775923568831,US
PBFR,PGIM Laddered S&P 500 Buffer 20 ETF,ETF,ETF,30.637800216674805,-0.4619898206577997,-0.010742340256344,52.50477995106343,US
PBFS,"Pioneer Bancorp, Inc.",Financial Services,Banks - Regional,17.170000076293945,1.8386681774617013,0.0044815076221131,57.6056936829626,US
PBJ,PBJ,ETF,ETF,48.61000061035156,0.392404891762491,-0.0042307440363973,56.62816657162759,US
PBJA,PGIM S&P 500 Buffer 20 ETF - January,ETF,ETF,32.290000915527344,-0.4900008946298813,-0.0118949391252163,52.008539561904456,US
PBL,PGIM Portfolio Ballast ETF,ETF,ETF,33.109901428222656,-1.1497164231748191,-0.0216668221566531,49.81971319619751,US
PBMR,PGIM S&P 500 Buffer 20 ETF - March,ETF,ETF,32.06999969482422,-0.4964314293657837,-0.0114042680243713,51.24922638180402,US
PBMY,PGIM S&P 500 Buffer 20 ETF - May,ETF,ETF,31.1200008392334,-0.6227037889146471,-0.0139274963238175,49.62973106424001,US
PBNV,PGIM S&P 500 Buffer 20 ETF - November,ETF,ETF,30.959999084472656,-0.5460972723320784,-0.0145753982856594,51.553106924817065,US
PBOG,Portfolio Building Block Integrated Oil And Gas And Exploration And Production Index ETF,ETF,ETF,32.15169906616211,5.449981330003157,0.0260791834542999,61.20985796269745,US
PBPH,Portfolio Building Block World Pharma And Biotech Index ETF,ETF,ETF,27.19219970703125,0.3772593350598276,0.0086937287391689,56.58725126463799,US
PBQQ,PGIM Laddered Nasdaq-100 Buffer 12 ETF,ETF,ETF,31.01499938964844,-1.414493667432597,-0.0164819482090208,43.119236589683815,US
PBSE,PGIM S&P 500 Buffer 20 ETF - September,ETF,ETF,30.88999938964844,-0.3709071899078893,-0.0088851616213098,54.77271941780701,US
PBTP,Invesco 0-5 Yr US TIPS ETF,ETF,ETF,25.69499969482422,0.1168859467241464,0.0013352934006677,56.54030988579096,US
PBUS,Invesco MSCI USA ETF,ETF,ETF,74.5999984741211,-1.4661215477140486,-0.0674449370249574,49.22797342430836,US
PBW,Invesco WilderHill Clean Energy ETF,ETF,ETF,33.38999938964844,-5.195916432788112,0.0064491666711026,34.80046376962045,US
PBYI,"Puma Biotechnology, Inc.",Healthcare,Biotechnology,8.529999732971191,6.624996662139893,0.0080157681928188,65.89579911442895,US
PCAR,PACCAR Inc,Industrials,Farm & Heavy Construction Machinery,126.1999969482422,1.3084990426356191,0.018812586323661,60.86536187298306,US
PCB,PCB Bancorp,Financial Services,Banks - Regional,29.809999465942383,3.471017072326384,-0.0250463593310471,67.67374083282795,US
PCEF,Invesco CEF Income Composite ETF,ETF,ETF,20.18000030517578,-0.8840879164034227,-0.0106127838294675,50.3467202809836,US
PCFI,Polen Floating Rate Income ETF,ETF,ETF,22.565000534057617,0.0887134961010816,-0.0030655815963161,54.64454516202762,US
PCG,PG&E Corporation,Utilities,Utilities - Regulated Electric,17.31999969482422,0.8736145478378476,-0.0168666329821755,56.05248595348875,US
PCGG,Polen Capital Global Growth ETF,ETF,ETF,10.95479965209961,-1.5298907676439606,-0.0133188742239808,48.44678938535449,US
PCHI,Polen High Income ETF,ETF,ETF,24.350000381469727,-2.208832311191058,-0.0052317242350188,50.14143715803189,US
PCI,PGIM Corporate Bond 5-10 Year E,ETF,ETF,49.6349983215332,-0.0905837024278152,0.008760651904386,47.58896406378087,US
PCIG,Polen Capital International Gro,ETF,ETF,8.666000366210938,-1.0391641382735195,-0.0058055016586406,50.064211812196426,US
PCL,PGIM Corporate Bond 10+ Year ETF,ETF,ETF,48.76800155639648,-0.4307938805648266,0.0198242586755931,38.58566469929991,US
PCLG,Polen Focus Growth ETF,ETF,ETF,21.69499969482422,-2.032064816606,-0.0266908325248605,43.081148657945,US
PCLN,PCLN,N/A,N/A,30.515600204467773,-4.626828578682511,-0.0305064362354626,40.86181446377632,US
PCLO,Virtus SEIX AAA Private Credit CLO ETF,ETF,ETF,24.975000381469727,0.1001988688008686,-5.424262180667161e-05,81.83863929794624,US
PCMM,BondBloxx Private Credit CLO ETF,ETF,ETF,49.73360061645508,0.0374141884946152,0.0060724992759744,56.33880228269718,US
PCOR,"Procore Technologies, Inc.",Technology,Software - Application,45.95000076293945,6.046616250099043,0.0609223760432289,57.468505753854345,US
PCPI,PIMCO Inflation Plus Active Exchange-Traded Fund,ETF,ETF,50.040000915527344,0.05999319136394,0.0011820429651065,56.257575810623074,US
PCQ,PCQ,Financial Services,Asset Management,8.850000381469727,0.1811268773372254,-0.0030932070788515,50.537579984245,US
PCR,Simplify VettaFi Private Credit Strategy ETF,EQUITY,EQUITY,19.38500022888184,-0.594837316390425,-0.014254985530642,49.30366450902496,US
PCS,PGIM Corporate Bond 0-5 Year ETF,ETF,ETF,49.914798736572266,0.1199462338481752,0.0021222031535598,55.78888094272837,US
PCSG,Polen 5Perspectives Small-Mid Growth ETF,ETF,ETF,22.520000457763672,-7.248765152835731,-0.0315491485603383,34.707397510608985,US
PCT,"PureCycle Technologies, Inc.",Industrials,Pollution & Treatment Controls,6.045000076293945,-17.191781940413648,-0.0144766018367444,29.14109467910464,US
PCTY,Paylocity Holding Corporation,Technology,Software - Application,126.0,6.329113924050633,-0.1371919092388163,66.65789210548024,US
PCVX,"Vaxcyte, Inc.",Healthcare,Biotechnology,56.20000076293945,-3.4530121167264616,-0.0838475001564478,53.02077188433236,US
PDBC,Invesco Optimum Yield Diversified Commodity Strategy No K-1 ETF,ETF,ETF,17.25,4.927003890689436,0.0055516997716923,59.546669516197646,US
PDD,PDD Holdings Inc.,Consumer Cyclical,Internet Retail,84.13999938964844,-1.162924815823112,-0.2210574713941251,50.8891316353593,US
PDDL,GraniteShares 2x Long PDD Daily ETF,ETF,ETF,13.268500328063965,-2.8660287241680624,-0.0727786679621741,48.26075117449327,US
PDEC,Innovator U.S. Equity Power Buffer ETF - December,ETF,ETF,45.9828987121582,-0.4699178510737258,-0.0186494534361872,53.91121548465404,US
PDI,PIMCO Dynamic Income Fund,Financial Services,Asset Management,16.350000381469727,-1.2024859959877563,-0.0050482214479162,48.79076657897468,US
PDLB,"Ponce Financial Group, Inc.",Financial Services,Banks - Regional,20.25,1.75879592049749,0.0056779181445177,59.80384194436387,US
PDM,PDM,Real Estate,REIT - Office,9.800000190734863,5.037516300880263,0.0036720763275667,64.92065483981241,US
PDO,Pimco Dynamic Income Opportunities Fund,Financial Services,Asset Management,13.18000030517578,0.0607377306562201,0.0004379250086648,60.67530262729565,US
PEB,Pebblebrook Hotel Trust,Real Estate,REIT - Hotel & Motel,19.01000022888184,4.5654560493585725,0.0329554940009677,61.64593877628696,US
PEBO,Peoples Bancorp Inc.,Financial Services,Banks - Regional,39.38999938964844,2.872808691093613,0.0078865239903994,64.29440200654373,US
PECO,"Phillips Edison & Company, Inc.",Real Estate,REIT - Retail,44.0099983215332,5.379094415983265,0.0682324183990438,72.56534818347042,US
PEG,Public Service Enterprise Group Incorporated,Utilities,Utilities - Regulated Electric,78.63999938964844,-2.3712024701998984,-0.0728461756434282,41.96029823811339,US
PEGA,Pegasystems Inc.,Technology,Software - Application,32.15999984741211,2.944942647357184,-0.0055942400325503,50.94029407005812,US
PEO,"Adams Natural Resources Fund, Inc.",Financial Services,Asset Management,26.26000022888184,3.958828150985596,0.0023457741062805,63.79486694989489,US
PEP,"PepsiCo, Inc.",Consumer Defensive,Beverages - Non-Alcoholic,137.1199951171875,-0.189263179781361,0.0164440110730588,43.37311563019162,US
PEPS,Parametric Equity Plus ETF,ETF,ETF,32.06019973754883,-1.4744965103844403,-0.031102613712332,50.25086037740613,US
PEVC,PEVC,N/A,N/A,29.860200881958008,-2.2579324789826405,-0.0437688981352595,49.11136522808067,US
PEXL,PEXL,N/A,N/A,70.54239654541016,-5.121186290321504,-0.0908116905058262,41.38069113963336,US
PEY,Invesco High Yield Equity Dividend Achievers ETF,ETF,ETF,24.559999465942383,3.5849869856232086,0.0164640537511126,70.38705167514625,US
PEZ,Invesco Dorsey Wright Consumer Cyclicals Momentum ETF,ETF,ETF,100.41290283203124,-0.4630198593417317,0.0267004217664196,46.23802962650782,US
PFBC,Preferred Bank,Financial Services,Banks - Regional,107.38999938964844,1.5604327210264284,-0.0489021245033063,63.40312845007511,US
PFE,PFE,Healthcare,Drug Manufacturers - General,25.049999237060547,3.640873636693568,0.0194379893235432,53.815392753152736,US
PFEB,Innovator U.S. Equity Power Buffer ETF - February,ETF,ETF,43.09999847412109,-0.438906069272222,-0.0159712176359863,52.94470938498313,US
PFF,iShares Preferred and Income Securities ETF,ETF,ETF,30.350000381469727,-0.6221366351073548,-0.0061934047064585,42.85961798834889,US
PFFL,ETRACS 2xMonthly Pay Leveraged Preferred Stock Index ETN,ETF,ETF,7.520100116729736,-0.0626462270729922,0.0001711566113888,44.56460375138725,US
PFG,PFG,Financial Services,Asset Management,113.9499969482422,1.5325612936483373,0.0185560607230874,64.20831295016849,US
PFI,Invesco Dorsey Wright Financial Momentum ETF,ETF,ETF,62.70500183105469,0.2317782202376636,-0.0496296063076028,59.28004918898693,US
PFIS,Peoples Financial Services Corp.,Financial Services,Banks - Regional,68.7300033569336,3.3223193406422755,0.0043543179702494,64.9230983379439,US
PFIX,Simplify Interest Rate Hedge ETF,ETF,ETF,46.70000076293945,0.1501172919167769,-0.0716427704988677,56.6807860651687,US
PFM,Invesco Dividend Achievers ETF,ETF,ETF,55.9567985534668,-0.0771454402378627,-0.0074301924143611,58.85417866669589,US
PFN,PIMCO Income Strategy Fund II,Financial Services,Asset Management,7.139999866485596,1.449271925633459,-0.0020383602480272,70.78530591534228,US
PFOE,Pathfinder Focused Opportunities ETF,ETF,ETF,22.700300216674805,-1.878971289848313,-0.026316544269008,43.3411116780666,US
PFSI,"PennyMac Financial Services, Inc.",Financial Services,Mortgage Finance,85.29000091552734,3.570130535375979,0.028518815014428,54.48224953333023,US
PG,PG,Consumer Defensive,Household & Personal Products,149.97999572753906,1.999457682023384,0.0822672799541957,53.16233017157426,US
PGEN,"Precigen, Inc.",Healthcare,Biotechnology,4.949999809265137,-6.954893805589732,-0.0064033173305723,46.50411292219325,US
PGF,Invesco Financial Preferred ETF,ETF,ETF,13.739999771118164,0.1457689774060517,0.000718074603908,52.01084196569657,US
PGHY,Invesco Global ex-US High Yield Corporate Bond ETF,ETF,ETF,19.729999542236328,-0.2527863633641732,-0.0029617236861637,48.68705888883393,US
PGJ,Invesco Golden Dragon China ETF,ETF,ETF,24.250900268554688,2.5841831416195102,-0.0142948523991504,54.92271005911372,US
PGNY,"Progyny, Inc.",Healthcare,Healthcare Plans,31.93000030517578,4.176185000249231,-0.0563261405914305,75.75740947638091,US
PGR,The Progressive Corporation,Financial Services,Insurance - Property & Casualty,207.9499969482422,-9.869107208732853,-0.4784181024641629,42.5236349093412,US
PGRI,Putnam International Stock ETF,EQUITY,EQUITY,26.25,-2.2783095928944554,-0.0103826845349803,42.32934101424107,US
PGX,Invesco Preferred ETF,ETF,ETF,10.859999656677246,0.0921592152623043,-0.0004645689940755,47.45187196033675,US
PGY,Pagaya Technologies Ltd.,Technology,Software - Infrastructure,17.149999618530273,-4.669261607976556,-0.0618467369141306,52.559154315478665,US
PH,Parker-Hannifin Corporation,Industrials,Specialty Industrial Machinery,953.2100219726562,-0.8384738309558533,-0.2205966325616497,53.13164006469566,US
PHDG,Invesco S&P 500 Downside Hedged ETF,ETF,ETF,40.79199981689453,-1.1582278545364533,-0.0277307402574582,44.35271765891606,US
PHM,PHM,Consumer Cyclical,Residential Construction,126.08000183105467,1.0661337323083668,0.0771846282510628,49.3589629419314,US
PHR,"Phreesia, Inc.",Healthcare,Health Information Services,10.710000038146973,-0.0932857148576138,-0.0235477918340706,57.15366534091206,US
PI,"Impinj, Inc.",Technology,Semiconductors,138.3699951171875,-3.929739436283988,-0.4641720813036301,49.18009685144008,US
PICS,PICS,N/A,N/A,11.520000457763672,-2.7848093931042186,-0.019930719509937,55.43740296510493,US
PID,Invesco International Dividend Achievers ETF,ETF,ETF,22.940000534057617,1.4146758751184187,-0.0010116842124516,63.554634388552365,US
PIE,PIE,ETF,ETF,30.545000076293945,-6.903386779010912,-0.0878502411739243,40.44194920377066,US
PII,Polaris Inc.,Consumer Cyclical,Recreational Vehicles,73.19999694824219,8.60533425972745,0.165345983773175,62.2842293714016,US
PILL,Direxion Daily Pharmaceutical & Medical Bull 3X Shares ETF,ETF,ETF,19.479999542236328,0.8803732832503672,0.0094725936125656,63.22792848761724,US
PIO,Invesco Global Water ETF,ETF,ETF,44.388301849365234,-2.4432926387577267,-0.0379306214200277,46.820607165540345,US
PIPE,Invesco SteelPath MLP & Energy Infrastructure ETF,ETF,ETF,30.91220092773437,2.463456815646467,-0.0001552023683399,59.87817539955958,US
PIPR,Piper Sandler Companies,Financial Services,Capital Markets,76.31999969482422,5.8529837864252015,0.0346100862658953,50.9646249134115,US
PIT,VanEck Commodity Strategy ETF,ETF,ETF,72.31999969482422,5.746454657478224,0.0043887036083148,63.48885448058202,US
PIZ,Invesco Dorsey Wright Developed Markets Momentum ETF,ETF,ETF,51.93999862670898,-3.832623142294993,-0.036102799331925,38.409670265638255,US
PJFM,PGIM Jennison Focused Mid-Cap ETF,ETF,ETF,66.57929992675781,-2.4750579840266496,-0.0241643451890196,43.28400541085432,US
PJIO,PGIM Jennison International Opportunities ETF,ETF,ETF,60.89400100708008,-6.532617680919406,-0.0451315890049842,37.44043018934949,US
PJT,PJT,N/A,N/A,166.6199951171875,6.181491882123811,-0.0339802811694855,57.86171477093715,US
PJUL,Innovator U.S. Equity Power Buffer ETF - July,ETF,ETF,48.76499938964844,-0.7126178903742333,-0.0180240559123062,49.99773332068383,US
PJUN,Innovator U.S. Equity Power Buffer ETF - June,ETF,ETF,43.15999984741211,-0.8386023335341546,-0.0233541519079758,47.91774956228551,US
PJUS,PGIM Jennison U.S. Core Equity ETF,ETF,ETF,51.7599983215332,-0.0193203325130911,-0.0217930105148173,57.689185869363484,US
PKB,Invesco Building & Construction ETF,ETF,ETF,102.15399932861328,-1.746659489052916,-0.0047116502202708,40.7210353772533,US
PKBK,PKBK,N/A,N/A,33.08000183105469,1.0076391787929388,-0.0372688346250322,55.01960450977744,US
PKG,Packaging Corporation of America,Consumer Cyclical,Packaging & Containers,233.07000732421875,1.879618381541221,0.3462061064796424,55.12814014365148,US
PKOH,Park-Ohio Holdings Corp.,Industrials,Specialty Industrial Machinery,37.7599983215332,4.194251028331389,0.0242299502464664,60.129671566241385,US
PLAB,"Photronics, Inc.",Technology,Semiconductor Equipment & Materials,28.850000381469727,-3.5117031787847206,-0.0174704225857889,41.18276125569066,US
PLAY,"Dave & Buster's Entertainment, Inc.",Communication Services,Entertainment,10.1899995803833,-2.4880405131808287,0.0166181144968832,43.81500316977757,US
PLBC,Plumas Bancorp,Financial Services,Banks - Regional,61.34999847412109,5.3399668716083895,0.0513877694852444,68.89844856581722,US
PLD,PLD,Real Estate,REIT - Industrial,149.7899932861328,6.332078141640389,0.239625876558533,64.92181820395984,US
PLGO,Pelagos Insurance Capital Limit,Financial Services,Insurance - Diversified,25.399999618530277,1.316314031604014,-0.0008879408961042,62.75138066274019,US
PLNT,"Planet Fitness, Inc.",Consumer Cyclical,Leisure,52.36000061035156,2.0066213570125475,0.0154236512514828,50.22570811262755,US
PLOW,"Douglas Dynamics, Inc.",Consumer Cyclical,Auto Parts,44.619998931884766,3.7433170731966903,0.1415982083585257,42.28282035115063,US
PLPC,Preformed Line Products Company,Industrials,Electrical Equipment & Parts,327.42999267578125,-5.473605234232688,0.0835266101514449,38.45611042488066,US
PLSE,"Pulse Biosciences, Inc.",Healthcare,Medical Instruments & Supplies,28.68000030517578,9.090906452714732,0.1473583285828106,59.04499729342119,US
PLTA,ProShares Ultra PLTR,EQUITY,EQUITY,12.210000038146973,8.340723533296348,-0.0405234478299166,50.762686444793374,US
PLTG,Leverage Shares 2X Long PLTR Daily ETF,ETF,ETF,11.416399955749512,8.831269826925837,-0.0339692272313335,51.092151719179896,US
PLTK,Playtika Holding Corp.,Communication Services,Electronic Gaming & Multimedia,4.014999866485596,4.830285808479285,-0.0070590786629182,58.12971596314409,US
PLTM,GraniteShares Platinum Trust,ETF,ETF,15.359999656677246,-1.664534127956108,-0.0233395896697329,41.85341783096085,US
PLTR,Palantir Technologies Inc.,Technology,Software - Infrastructure,132.3800048828125,4.408868149633854,-0.2221216152519776,53.03599303336196,US
PLTW,Roundhill PLTR WeeklyPay ETF,ETF,ETF,18.84000015258789,4.829735280558119,-0.0394673769622166,52.28264341605862,US
PLTZ,Defiance Daily Target 2X Short PLTR ETF,ETF,ETF,27.1299991607666,-8.837369112527224,0.1237548507516151,43.49495591431724,US
PLU,Defiance Daily Target 2X Long PL ETF,ETF,ETF,10.01930046081543,-26.165801870747824,-0.0406120028891638,30.03355750962399,US
PLUL,Leverage Shares 2X Long PLUG Daily ETF,ETF,ETF,8.402700424194336,-6.915918616414819,0.0351267130336458,29.86463662697375,US
PLUS,ePlus inc.,Technology,Software - Application,89.2699966430664,-0.4016519261221266,-0.0040388533491799,61.876648439180855,US
PLWN,Pinelawn Cemetery,Consumer Cyclical,Personal Services,575.0,0.0,-0.1282236674664782,98.0736336925704,US
PLXS,Plexus Corp.,Technology,Electronic Components,250.6300048828125,-6.22590818829576,0.2684884727983103,37.83285368798793,US
PLYY,GraniteShares YieldBoost PLTR ETF,ETF,ETF,8.774999618530273,1.094462096940771,-0.0078243652457628,44.61361908147837,US
PM,PM,Consumer Defensive,Tobacco,192.97999572753903,6.254818255568005,0.5653570634377734,63.37380611371497,US
PMAP,PGIM S&P 500 Max Buffer ETF - April,ETF,ETF,27.354999542236328,0.1097850995765092,-0.0003512418414461,70.6955275434602,US
PMAR,Innovator U.S. Equity Power Buffer ETF - March,ETF,ETF,47.8650016784668,-0.4264572865797092,-0.0160687830363504,53.88451906314288,US
PMAU,PGIM S&P 500 Max Buffer ETF - August,ETF,ETF,26.690000534057617,0.0937544259213427,-0.0010763257904916,77.38244662604944,US
PMAY,Innovator U.S. Equity Power Buffer ETF - May,ETF,ETF,41.3484992980957,-0.6284578428744464,-0.0174944474770459,51.39391788195914,US
PMDE,PGIM S&P 500 Max Buffer ETF - December,ETF,ETF,25.90999984741211,0.1546154112142511,-0.001016493219275,70.63344473876562,US
PMFB,PGIM S&P 500 Max Buffer ETF - February,ETF,ETF,27.354999542236328,0.1097850995765092,-0.0013092021362163,65.32469125637121,US
PMJA,PGIM S&P 500 Max Buffer ETF - January,ETF,ETF,27.5049991607666,0.1091857284089699,-0.0007214941152043,67.9486712531549,US
PMJL,PGIM S&P 500 Max Buffer ETF - July,ETF,ETF,26.709999084472656,0.0936841635023453,-0.0012434305873431,63.97008422373787,US
PMJN,PGIM S&P 500 Max Buffer ETF - June,ETF,ETF,26.684999465942383,-0.2056855110192895,-0.0053273692643336,50.63704355869815,US
PMMF,iShares Prime Money Market ETF,ETF,ETF,100.3000030517578,0.089792495131989,0.000786955457719,99.10778297544664,US
PMMR,PGIM S&P 500 Max Buffer ETF - March,ETF,ETF,27.155000686645508,0.0921545398168003,-0.0008717693970922,64.45782735698808,US
PMMY,PGIM S&P 500 Max Buffer ETF - May,ETF,ETF,26.850000381469727,0.0931952202022379,-0.000846602100906,62.036010736018525,US
PMNV,PGIM S&P 500 Max Buffer ETF - November,ETF,ETF,26.045000076293945,0.1499636880608603,-0.0013232451719861,69.34919981190633,US
PMOC,PGIM S&P 500 Max Buffer ETF - October,ETF,ETF,26.13999938964844,0.1340733500319803,-0.0009550717278736,73.79219405873441,US
PMSE,PGIM S&P 500 Max Buffer ETF - September,ETF,ETF,26.40999984741211,0.1137251235781919,-0.0008766347215998,73.81304858584348,US
PNC,PNC,N/A,N/A,252.8600006103516,0.3771175953442613,-0.2045617937849506,63.25599847409263,US
PNOV,Innovator U.S. Equity Power Buffer ETF - November,ETF,ETF,44.38999938964844,-0.6268161870925054,-0.0206167231398302,52.35273570256449,US
PNQI,Invesco NASDAQ Internet ETF,ETF,ETF,48.4297981262207,0.3934420421851414,-0.0710346099525647,57.19760230263218,US
PNTG,"The Pennant Group, Inc.",Healthcare,Medical Care Facilities,41.95000076293945,3.580248797381365,0.0076561521444105,76.35917305844066,US
POCT,Innovator U.S. Equity Power Buffer ETF October,ETF,ETF,46.4900016784668,-0.4070236192520284,-0.0157010840207777,54.68444555165026,US
POET,POET Technologies Inc.,Technology,Semiconductors,7.389999866485596,-11.071004893806476,-0.0080700399807595,35.83703475510913,US
PONX,Tradr 2X Long PONY Daily ETF,ETF,ETF,2.8499999046325684,0.7067131259962189,-0.0137159867936504,36.23794614938019,US
POOL,Pool Corporation,Industrials,Industrial Distribution,201.1699981689453,-4.405058052136273,-0.4336112319949237,47.28344378753776,US
POR,Portland General Electric Company,Utilities,Utilities - Regulated Electric,52.43000030517578,-0.6631270977944428,-0.0395429501076786,56.02901213693841,US
POST,"Post Holdings, Inc.",Consumer Defensive,Packaged Foods,86.86000061035156,0.6722320807378831,0.0708561545714219,43.98487904695018,US
POW,VistaShares Electrification Supercycle ETF,EQUITY,EQUITY,27.059999465942383,-4.550267718410758,0.0238293743909416,38.05263695404717,US
POWA,Invesco Bloomberg Pricing Power,ETF,ETF,89.16100311279297,-0.0325141022754568,-0.0127646121775695,54.63391717657571,US
POWI,"Power Integrations, Inc.",Technology,Semiconductors,70.44999694824219,-2.2478184451808363,0.1846756470055692,43.75262582996773,US
PPA,Invesco Aerospace & Defense ETF,ETF,ETF,168.50999450683594,-3.3218637082883764,-0.1099867378654785,39.68103330937544,US
PPC,Pilgrim's Pride Corporation,Consumer Defensive,Packaged Foods,29.11000061035156,3.044249948147124,0.0285170947543338,54.11317657713936,US
PPG,PPG,Basic Materials,Specialty Chemicals,117.36000061035156,0.5138732983415346,0.1466618093033748,50.30556147543124,US
PPH,VanEck Pharmaceutical ETF,ETF,ETF,110.04000091552734,1.139703886937986,0.0667406903914811,58.36046558453676,US
PPI,Astoria Real Asset ETF,ETF,ETF,20.9192008972168,-0.3135559267141869,-0.0003033766685689,44.00358938004919,US
PPL,PPL,Utilities,Utilities - Regulated Electric,35.849998474121094,0.1956391761106548,-0.0113691602747075,48.16313132929694,US
PPTY,Vident U.S. Diversified Real Estate ETF,ETF,ETF,35.165000915527344,2.900959924379472,0.0263069093674295,67.32353802197596,US
PQAP,PGIM Nasdaq-100 Buffer 12 ETF - April,ETF,ETF,31.704599380493164,-1.1085526437124071,-0.0155170468700986,45.69799759400748,US
PQDI,Principal Spectrum Preferred and Income ETF,ETF,ETF,19.36000061035156,-0.0258154444910324,0.0008446549791156,54.49862723749319,US
PQJA,PGIM Nasdaq-100 Buffer 12 ETF - January,ETF,ETF,31.34000015258789,-1.1668210109345034,-0.0171641622273353,46.24067616661133,US
PQJL,PGIM Nasdaq-100 Buffer 12 ETF - July,ETF,ETF,30.20199966430664,-2.589903300097708,-0.0223820901595018,36.02867037527004,US
PQOC,PGIM Nasdaq-100 Buffer 12 ETF - October,ETF,ETF,30.9822998046875,-1.0782244362298803,-0.0157366929112695,47.53202566940967,US
PQUS,Pictet AI Enhanced US Equity ETF,EQUITY,EQUITY,27.606800079345703,-1.3338079663913986,-0.0252131327687588,49.26997996878274,US
PRAB,State Street IG Public & Private ABS ETF,EQUITY,EQUITY,24.950000762939453,0.1203879877755179,0.0021936655783845,48.63523493787465,US
PRAE,PlanRock Alternative Growth ETF,ETF,ETF,39.8759994506836,0.4357361900855532,-0.0077469427466888,50.933252472866,US
PRAY,FIS Christian Stock Fund ETF,ETF,ETF,35.013999938964844,-1.2382568103801774,-0.0197534863613749,46.303654469056845,US
PRCH,"Porch Group, Inc.",Financial Services,Insurance - Property & Casualty,13.68000030517578,-7.878788190159956,-0.0197794803585236,54.4194524255764,US
PRCS,Parnassus Core Select ETF,ETF,ETF,28.420000076293945,-0.9065558790629252,-0.0269245479148504,52.72633402427514,US
PRCT,PROCEPT BioRobotics Corporation,Healthcare,Medical Devices,19.21999931335449,-7.994256223489771,0.0180335832222056,35.79705721391389,US
PRDO,Perdoceo Education Corporation,Consumer Defensive,Education & Training Services,31.65999984741211,-11.341359117596726,-0.1633452607746797,38.06368756985674,US
PRF,Invesco RAFI US 1000 ETF,ETF,ETF,54.380001068115234,-0.183550798387156,-0.0178555845022439,57.92034042130543,US
PRFD,PIMCO Preferred And Capital Securities Active Exchange-Traded Fund,ETF,ETF,51.0,0.1079601639125518,0.0055055538884024,54.89852101491585,US
PRFZ,Invesco RAFI US 1500 Small-Mid ETF,ETF,ETF,54.30559921264648,-0.5027530399459875,-0.0136711349052904,54.84621200855328,US
PRG,"PROG Holdings, Inc.",Industrials,Rental & Leasing Services,46.41999816894531,4.927659149569152,-0.0329026901956592,66.32697052665497,US
PRGO,Perrigo Company plc,Healthcare,Drug Manufacturers - Specialty & Generic,10.720000267028809,4.892367778238441,0.010238424374119,52.70928047688954,US
PRGS,Progress Software Corporation,Technology,Software - Infrastructure,40.54999923706055,7.105120399743188,0.0030059711666512,69.184623424161,US
PRIM,Primoris Services Corporation,Industrials,Engineering & Construction,85.95999908447266,-0.7390293313223212,-0.081687360191629,39.46965721876602,US
PRIV,State Street IG Public & Private Credit ETF,ETF,ETF,24.989999771118164,0.1603166611446568,0.0049157308084723,49.1742592627199,US
PRKS,United Parks & Resorts Inc.,Consumer Cyclical,Leisure,45.11000061035156,-3.755063711631344,-0.1136801297432836,48.48729541791083,US
PRLB,"Proto Labs, Inc.",Industrials,Metal Fabrication,77.62000274658203,4.327958541214676,0.1286089281267066,53.50308060354065,US
PRM,"Perimeter Solutions, Inc.",Basic Materials,Specialty Chemicals,34.41999816894531,0.2913708479320717,0.0517536778405868,51.81546925032417,US
PRME,"Prime Medicine, Inc.",Healthcare,Biotechnology,3.130000114440918,-17.195763541497353,-0.023304562335931,41.98025039031255,US
PRMR,PeakShares RMR Prime Equity ETF,ETF,ETF,27.57379913330078,-2.610816936431457,-0.0304181612465782,46.83954085934157,US
PRN,Invesco Dorsey Wright Industrials Momentum ETF,ETF,ETF,220.9900054931641,-4.07170630847646,0.1218574690821991,37.95280574562912,US
PRNT,PRNT,N/A,N/A,23.82999992370605,-1.528929039539651,-0.0078868527670426,43.00762031649878,US
PROK,ProKidney Corp.,Healthcare,Biotechnology,1.6200000047683716,-7.954544684857372,0.0029761518030778,41.3414739019328,US
PRSU,"Pursuit Attractions and Hospitality, Inc.",Consumer Cyclical,Travel Services,53.150001525878906,-1.2815724828258914,0.0306993147413332,58.48635502899402,US
PRTA,Prothena Corporation plc,Healthcare,Biotechnology,8.65999984741211,-6.277055606851675,0.0081366374596766,41.6034706236578,US
PRTH,"Priority Technology Holdings, Inc.",Technology,Software - Infrastructure,6.690000057220459,-5.907173957904602,-0.0118631474604741,48.425218738828505,US
PRU,PRU,Financial Services,Insurance - Life,119.06999969482422,3.2070701743584764,0.074328235639391,71.69221997357187,US
PRVS,Parnassus Value Select ETF,ETF,ETF,32.20000076293945,-1.2663606923699735,-0.0249680925519417,50.51298571128832,US
PRXG,Praxis Impact Large Cap Growth ETF,ETF,ETF,39.25699996948242,-0.2338027808541727,-0.0270263550993539,53.03128591932266,US
PRXV,Praxis Impact Large Cap Value ETF,ETF,ETF,35.06769943237305,-0.225623604301262,-0.008434619586124,58.54028378106467,US
PSA,Public Storage,Real Estate,REIT - Industrial,318.0400085449219,-0.7861208612628771,-0.1118835351393423,49.780614653201,US
PSAI,Pacer S&P 500 3AI TOP 100 ETF,ETF,ETF,27.537599563598636,-2.001426370947537,-0.0199676838631478,48.97645156067866,US
PSCD,Invesco S&P SmallCap Consumer Discretionary ETF,ETF,ETF,117.9894027709961,0.6477858844295471,-0.0134619905567452,58.39629819542774,US
PSCF,Invesco S&P SmallCap Financials ETF,ETF,ETF,67.4480972290039,2.645104502736121,0.0113318487973115,67.7494441863011,US
PSCH,Invesco S&P SmallCap Health Care ETF,ETF,ETF,53.63999938964844,0.0746285758695624,-0.0219923075192807,69.16355665318238,US
PSCI,Invesco S&P SmallCap Industrials ETF,ETF,ETF,178.98660278320312,0.9740541181730668,0.0080607815300275,51.709822385611886,US
PSCM,Invesco S&P SmallCap Materials ETF,ETF,ETF,96.72869873046876,-0.7707269189495823,0.0333777633204548,33.651049230676875,US
PSCT,Invesco S&P SmallCap Information Technology ETF,ETF,ETF,79.53700256347656,-5.279264728810781,-0.0321351448948635,41.60491143188386,US
PSCW,Pacer Swan SOS Conservative (April) ETF,ETF,ETF,30.1299991607666,0.0331949576846612,-0.0028442163981496,60.06500109493624,US
PSDM,PGIM Short Duration Multi-Secto,ETF,ETF,50.984901428222656,0.1766400818359176,0.0014049881719025,58.84105591107709,US
PSEC,PSEC,N/A,N/A,2.25,-0.4424774559935741,-0.0029494915345737,48.69812093803797,US
PSEP,Innovator U.S. Equity Power Buffer ETF - September,ETF,ETF,46.15999984741211,-0.2592889694250522,-0.0111764905712634,57.752399771113055,US
PSET,Principal Quality ETF,ETF,ETF,76.76409912109375,-0.2921187398561624,-0.0674463651901581,56.00077127243996,US
PSFD,Pacer Swan SOS Flex (January) ETF,ETF,ETF,40.08000183105469,0.2476247233149368,-0.0026261027496078,61.25982013364288,US
PSFF,Pacer Swan SOS Fund of Funds ETF,ETF,ETF,34.244998931884766,-0.5864071545814574,-0.0144607717451585,50.64576504690132,US
PSFM,Pacer Swan SOS Flex (April) ETF,ETF,ETF,35.0,0.0571768382658852,-0.0045161961006567,59.56496218020166,US
PSH,PSH,ETF,ETF,49.9109001159668,-0.0182252670517432,-0.0021437875360452,55.498801631877626,US
PSI,PSI,ETF,ETF,143.22000122070312,-10.161834860312972,-0.193610752668067,41.11284932843604,US
PSK,State Street SPDR ICE Preferred Securities ETF,ETF,ETF,30.450000762939453,0.1644774507783268,-0.001154786434865,48.14505410689495,US
PSL,Invesco Dorsey Wright Consumer Staples Momentum ETF,ETF,ETF,114.04049682617188,-0.3316739633338307,-0.008631893417327,55.14599135463462,US
PSMD,Pacer Swan SOS Moderate (January) ETF,ETF,ETF,34.459999084472656,0.0871297677344642,-0.0050987907763481,59.01954644748932,US
PSMJ,Pacer Swan SOS Moderate (July) ETF,ETF,ETF,33.75960159301758,-0.6632308762275838,-0.0135196709388438,49.2811281900436,US
PSMR,Pacer Swan SOS Moderate (April) ETF,ETF,ETF,32.310001373291016,0.0309663667700414,-0.0034210838515566,60.0884004946287,US
PSMT,"PriceSmart, Inc.",Consumer Defensive,Discount Stores,186.0,-5.247072283051388,-0.2782027860076317,49.09916157523945,US
PSN,Parsons Corporation,Technology,Information Technology Services,56.04999923706055,0.7731037638141323,-0.0766329946286591,53.423479886880095,US
PSNL,"Personalis, Inc.",Healthcare,Diagnostics & Research,15.390000343322754,9.381667925580054,-0.040862928543488,70.33152774865968,US
PSP,Invesco Global Listed Private Equity ETF,ETF,ETF,58.5099983215332,1.4741562198586151,-0.0257468342720991,57.00430285210902,US
PSQ,ProShares Short QQQ,ETF,ETF,26.540000915527344,4.323900779786183,0.037077407436128,58.02563774009349,US
PSQO,Palmer Square Credit Opportunities ETF,ETF,ETF,20.739999771118164,0.2222843647185301,-0.0001464203764235,64.18898956628357,US
PSR,PSR,ETF,ETF,106.98400115966795,3.186729209844774,0.1013978785031665,66.04805896649336,US
PSTR,PSTR,N/A,N/A,30.66200065612793,-0.9561325835868209,-0.0165303453912096,50.81852019781762,US
PSX,Phillips 66,Energy,Oil & Gas Refining & Marketing,206.8600006103516,9.821618146131662,0.1749389436301065,72.9606874049939,US
PTBD,Pacer Trendpilot US Bond ETF,ETF,ETF,19.1299991607666,0.0889357518029897,0.0013212095834569,53.28116609625077,US
PTCT,"PTC Therapeutics, Inc.",Healthcare,Biotechnology,78.58999633789062,-7.377728048091532,-0.0617194034031607,46.41258396552745,US
PTF,Invesco Dorsey Wright Technology Momentum ETF,ETF,ETF,100.25,-13.383444055357474,-0.12818410788485,35.934485075894685,US
PTGX,"Protagonist Therapeutics, Inc.",Healthcare,Biotechnology,140.91000366210938,7.221127397189815,0.31870787717724,69.08916270403344,US
PTIN,Pacer Trendpilot International ETF,ETF,ETF,35.89580154418945,-1.9240354078964237,-0.0156717712445914,45.16775503951705,US
PTIR,GraniteShares 2x Long PLTR Daily ETF,ETF,ETF,11.890000343322754,8.485404214770588,-0.0388751220389936,50.97572661514332,US
PTL,Inspire 500 ETF,ETF,ETF,277.4100036621094,-2.2619114307436523,-0.1644441390441636,43.35194123680924,US
PTLC,PTLC,N/A,N/A,57.93999862670898,-1.613178422118378,-0.0546329133821703,48.20405309706908,US
PTRB,PGIM Total Return Bond ETF,ETF,ETF,41.27999877929688,0.1455544803904946,0.0082506048253731,49.07625930051872,US
PTRN,Pattern Group Inc.,Technology,Software - Application,28.11000061035156,-2.901554854752276,-0.1253317803038194,66.48196856140251,US
PUBM,"PubMatic, Inc.",Technology,Software - Application,12.729999542236328,-6.051665217386714,-0.0777858055864509,50.946787312564055,US
PUI,PUI,ETF,ETF,46.556400299072266,-1.2589633247007102,-0.0257363764553677,44.68910021702844,US
PULS,PGIM Ultra Short Bond ETF,ETF,ETF,49.63999938964844,0.1008252407878599,0.0006910209181026,86.4305247364559,US
PUMP,ProPetro Holding Corp.,Energy,Oil & Gas Equipment & Services,13.0,1.010101908289727,0.0086574839194951,41.951842596791536,US
PURR,Hyperliquid Strategies Inc.,Financial Services,Capital Markets,6.679999828338623,-11.52318331678824,-0.0116850135238472,38.54827675921706,US
PVAL,Putnam Focused Large Cap Value ETF,ETF,ETF,51.95000076293945,0.2508704532628912,-0.0088793146557631,59.54478350750098,US
PVEX,TrueShares ConVequity ETF,ETF,ETF,30.284799575805664,-1.9338138535940383,-0.0291824305533533,46.04518344925386,US
PVI,Invesco Floating Rate Municipal Income ETF,ETF,ETF,24.850000381469727,0.0402585701304598,0.0014582967524647,51.93915525739707,US
PVLA,"Palvella Therapeutics, Inc.",Healthcare,Biotechnology,157.24000549316406,8.62117398445935,0.2746898590017013,64.3281570953028,US
PWP,Perella Weinberg Partners,Financial Services,Capital Markets,15.890000343322754,6.57277334634407,0.0057365196066065,48.569110421624245,US
PWR,"Quanta Services, Inc.",Industrials,Engineering & Construction,628.530029296875,-4.559944177150983,-0.2279504933006428,37.16066826391649,US
PWRL,Powerlaw Corp.,Financial Services,Asset Management,12.380000114440918,-16.067795834298863,-0.0341752882789698,28.347001491742915,US
PWS,Pacer WealthShield ETF,ETF,ETF,32.42890167236328,-1.1675563790324652,-0.0082429630832971,49.988270224288655,US
PWZ,Invesco California AMT-Free Municipal Bond ETF,ETF,ETF,24.315000534057617,-0.5114566173016653,-0.002820470440929,44.23855430565333,US
PXE,Invesco Dynamic Energy Exploration & Production ETF,ETF,ETF,37.0099983215332,6.41172978868463,0.0357541689789196,63.5119976406799,US
PXED,"Phoenix Education Partners, Inc.",Consumer Defensive,Education & Training Services,30.15999984741211,-10.344826413127638,-0.10732306617276,40.61274596339583,US
PXF,PXF,ETF,ETF,75.37999725341797,-0.9070625005578876,-0.0220117855861987,48.06783818263928,US
PXI,Invesco DWA Energy Momentum ETF,ETF,ETF,59.08219909667969,4.10960193247522,0.0249339321288694,61.24162628158201,US
PY,Principal Value ETF,ETF,ETF,55.68949890136719,1.0900509935046483,-0.0045078753243905,67.31834150620945,US
PYLD,PIMCO ETF Trust - PIMCO Multisector Bond Active Exchange-Traded Fund,ETF,ETF,26.280000686645508,-0.076040117852392,-0.0010123939152252,49.115146402893934,US
PYPG,Leverage Shares 2X Long PYPL Daily ETF,ETF,ETF,8.5,45.175063574894175,0.0325054533861896,80.24367784294022,US
PYPL,"PayPal Holdings, Inc.",Financial Services,Credit Services,56.560001373291016,22.10708494372251,0.1178391316110389,80.61207477843914,US
PYZ,Invesco DWA Basic Materials Momentum ETF,ETF,ETF,118.20950317382812,-1.6805290914840083,0.0180539031410349,33.7396138939319,US
PZA,Invesco National AMT-Free Municipal Bond ETF,ETF,ETF,23.32999992370605,-0.5117306410627015,-0.0015194338488963,45.1182078963669,US
PZLV,Pzena U.S. Large Cap Value ETF,EQUITY,EQUITY,29.84239959716797,2.4455903087043525,0.0094204338541598,67.02453952019422,US
PZZA,"Papa John's International, Inc.",Consumer Cyclical,Restaurants,32.86000061035156,-1.8811616498673056,0.0137458571666294,43.89847748460445,US
Q,"Qnity Electronics, Inc.",Technology,Semiconductor Equipment & Materials,136.35000610351562,-5.180804443766748,0.115925426248344,40.136697071079965,US
QABA,First Trust NASDAQ ABA Community Bank Index Fund,ETF,ETF,68.78839874267578,2.4094098821618006,0.0008627783852874,62.464153514875,US
QAI,NYLI Hedge Multi-Strategy Tracker ETF,ETF,ETF,35.970001220703125,-1.018158861670827,-0.0091794630931772,42.173833224101,US
QALT,SEI DBi Multi-Strategy Alternative ETF,ETF,ETF,26.34510040283203,-0.1322924906929987,-0.0053730312195066,54.71449523240292,US
QARP,Xtrackers Russell 1000 US QARP ETF,ETF,ETF,65.84390258789062,0.0682365755697754,-0.0210199101350759,58.617351574036135,US
QAT,QAT,ETF,ETF,17.69879913330078,-0.2153711420735505,0.0054945793301099,40.75333576197248,US
QB,QB,N/A,N/A,47.345001220703125,0.0105641489208169,-0.0173674456030924,61.87201213881611,US
QBER,TrueShares Quarterly Bear Hedge,ETF,ETF,23.940000534057617,0.4194646846882309,0.0053779493716564,58.19122881289704,US
QBIF,AllianzIM International Equity Buffer15 ETF,ETF,ETF,26.13999938964844,0.0,-0.0022396940809145,58.81652894195189,US
QBIG,Invesco Top QQQ ETF,ETF,ETF,39.83549880981445,-1.2359320387284367,-0.0632967589660388,49.856443379158144,US
QBIV,AllianzIM International Equity Buffer5 ETF,ETF,ETF,26.6697998046875,-0.3743020222740126,-0.0060782967361581,51.93758049816618,US
QBKF,Allianzim U.S. Small Cap Buffer15 ETF,ETF,ETF,26.06999969482422,-0.0383444360087822,0.0016329470733607,54.36423716165925,US
QBKV,Allianzim U.S. Small Cap Buffer5 ETF,ETF,ETF,27.29210090637207,-0.3574241893315492,-0.0002665260223618,48.16474835877238,US
QBQF,AllianzIM Growth-100 Buffer15 ETF,ETF,ETF,25.649999618530277,-1.1179680399257914,-0.0103283413489989,38.46727322246191,US
QBQV,AllianzIM Growth-100 Buffer5 ETF,ETF,ETF,26.157100677490234,-2.6531452902012758,-0.0226533926771811,35.61103322621946,US
QBSV,AllianzIM U.S. Equity Buffer5 ETF,ETF,ETF,26.659900665283203,-0.6710114988107496,-0.0101435520468433,51.08468292820053,US
QBUF,Innovator Nasdaq-100 10 Buffer ETF - Quarterly,ETF,ETF,30.194599151611328,-1.8061816207761687,-0.0177703436117099,36.95468298425782,US
QBUL,TrueShares Quarterly Bull Hedge,ETF,ETF,24.065000534057617,-0.5044021135949236,-0.0036106232913522,44.77956323622333,US
QBY,GraniteShares YieldBOOST QBTS ETF,ETF,ETF,7.045000076293945,-6.37873771415612,-0.0114596657306544,21.386799601574666,US
QCJA,FT Vest Nasdaq-100 Conservative Buffer ETF - January,ETF,ETF,23.204599380493164,-0.7502129451217926,-0.0086075321969129,47.57393209883186,US
QCJL,FT Vest NASDAQ-100 Conservative Buffer ETF - July,ETF,ETF,25.25,0.5775760223366065,0.0069676758101174,80.55457200691123,US
QCLN,First Trust NASDAQ Clean Edge Green Energy Index Fund,ETF,ETF,52.2400016784668,-6.211847463339356,0.0012899645281843,37.24002253423649,US
QCLR,Global X NASDAQ 100 Collar 95-110 ETF,ETF,ETF,27.90660095214844,-2.219341075894295,-0.0174487592200323,36.62049238918255,US
QCML,GraniteShares 2x Long QCOM Daily ETF,ETF,ETF,16.809999465942383,-18.079926457397438,0.0100066953694857,37.4795197628471,US
QCOC,FT Vest Nasdaq-100 Conservative Buffer ETF – October,ETF,ETF,23.792200088500977,-0.6173786226377739,-0.0080517061513946,48.63861192588444,US
QCOM,QUALCOMM Incorporated,Technology,Semiconductors,171.77999877929688,-9.187991407453058,0.0053296950238781,38.08160466796788,US
QCRH,QCRH,N/A,N/A,98.5999984741211,2.176164221887144,0.034412511007245,58.35870218841025,US
QDEC,FT Vest Nasdaq-100 Buffer ETF – December,ETF,ETF,35.150001525878906,-1.4439909615261612,-0.0217521799011709,45.87913668336461,US
QDEF,FlexShares Quality Dividend Defensive Index Fund,ETF,ETF,88.30480194091797,0.2097131055106616,-0.0192870905059608,61.37719740479445,US
QDIV,Global X S&P 500 Quality Dividend ETF,ETF,ETF,38.510501861572266,1.31676811928592,0.0108038653246913,60.61754422477678,US
QDTE,Roundhill Innovation-100 0DTE Covered Call Strategy ETF,ETF,ETF,29.1299991607666,-3.812238829677319,-0.0448252097662316,43.36458379583913,US
QDVO,Amplify CWP Growth & Income ETF,ETF,ETF,29.479999542236328,-1.9620889876146024,-0.0342768292284041,47.00404998161566,US
QEFA,State Street SPDR MSCI EAFE StrategicFactors ETF,ETF,ETF,97.26000213623048,0.2411736620212697,-0.0125394134864386,56.29204830276219,US
QEMM,State Street SPDR MSCI Emerging Markets StrategicFactors ETF,ETF,ETF,76.27999877929688,-3.650371929378229,-0.065577789783881,39.60458517558716,US
QEW,Invesco QQQ Equal Weight ETF,ETF,ETF,28.959999084472656,-3.0789829388681342,-0.0255136075731257,42.57616664722979,US
QFIN,"Qfin Holdings, Inc.",Financial Services,Credit Services,12.729999542236328,-3.5606081350009826,0.0298441611826265,36.77007496624902,US
QFLR,Innovator Nasdaq-100 Managed Floor ETF,ETF,ETF,35.241798400878906,-3.0220191169448243,-0.037467957747225,43.90267454484479,US
QGEN,Qiagen N.V.,Healthcare,Diagnostics & Research,41.150001525878906,-0.8672532166004677,-0.0653246090256411,62.26113224154975,US
QHDG,Innovator Hedged Nasdaq-100 ETF,ETF,ETF,30.239999771118164,-0.0826024088367372,-0.0003108579668782,72.05578810276256,US
QHY,WisdomTree U.S. High Yield Corporate Bond Fund,ETF,ETF,45.944801330566406,0.1958385982478597,0.0012620636552753,58.2601931852908,US
QID,ProShares UltraShort QQQ,ETF,ETF,15.15999984741211,8.829860124118689,0.0417831280113731,57.46477060611935,US
QIG,WisdomTree U.S. Corporate Bond Fund,ETF,ETF,44.06999969482422,0.0908492315156555,0.0089054900479162,45.73311748130111,US
QINT,American Century Quality Diversified International ETF,ETF,ETF,69.5999984741211,-0.4006851607069571,-0.0219088837724561,50.64738453938673,US
QJUN,FT Vest Nasdaq-100 Buffer ETF - June,ETF,ETF,32.61000061035156,-2.772809420959907,-0.033724127263082,38.44216105705078,US
QKIE,QKIE,N/A,N/A,2.400000095367432,4.803499360122004,0.0033835454721223,82.66395428659928,US
QLC,FlexShares US Quality Large Cap Index Fund,ETF,ETF,90.00180053710938,-1.194638099165884,-0.0741239892827723,52.10111365635123,US
QLD,ProShares Ultra QQQ,ETF,ETF,85.91000366210938,-8.313760448077531,-0.2478527268560219,41.28400035546452,US
QLTY,GMO U.S. Quality ETF,ETF,ETF,41.25,-1.6686549468620409,-0.0439575273853742,48.57443077263061,US
QLV,FlexShares US Quality Low Volatility Index Fund,ETF,ETF,77.1759033203125,0.1114372635916843,-0.0251415217262248,61.49557545600885,US
QLYS,"Qualys, Inc.",Technology,Software - Infrastructure,159.42999267578125,4.414166040085974,-0.4137778637299227,70.0777022755792,US
QMAG,QMAG,N/A,N/A,25.2898006439209,-0.5317545612452852,-0.0077991623860855,51.578063965236886,US
QMAR,FT Vest Nasdaq-100 Buffer ETF – March,ETF,ETF,36.81999969482422,-1.1543632353712248,-0.0196404338356926,45.60698850157782,US
QMCO,Quantum Corporation,Technology,Computer Hardware,10.630000114440918,6.087820646800546,0.0936867453115157,47.41244805831159,US
QMNV,FT Vest Nasdaq-100 Moderate Buffer ETF – November,ETF,ETF,24.909799575805664,-0.8762419113197464,-0.009779231643661,47.78287487078601,US
QMOM,Alpha Architect U.S. Quantitative Momentum ETF,ETF,ETF,74.13050079345703,-2.4855247738053023,-0.0012789436342128,41.00235593665332,US
QMY,Corgi Growth & Technology 10% Structured Buffer ETF May Series,ETF,ETF,25.51000022888184,-1.1623372462925126,-0.0131117017584811,45.10326656897604,US
QNXT,iShares Nasdaq-100 ex Top 30 ETF,ETF,ETF,30.162900924682617,-3.1781817389230147,-0.0220367560172707,39.09211518999796,US
QPX,AdvisorShares Q Dynamic Growth ETF,ETF,ETF,47.41640090942383,-2.699658491744803,-0.040347374170333,43.718028847186446,US
QQA,Invesco QQQ Income Advantage ETF,ETF,ETF,55.40999984741211,-3.197068094676731,-0.0667697849948757,43.390658296866846,US
QQH,HCM Defender 100 Index ETF,ETF,ETF,81.30999755859375,-4.666436058402034,-0.154124572128602,43.38577101363451,US
QQMG,Invesco ESG NASDAQ 100 ETF,ETF,ETF,48.44770050048828,-3.8869620027950886,-0.0659392740893254,43.08910297594897,US
QQMY,Corgi Technology Leaders 15% Structured Buffer ETF - May Series,ETF,ETF,25.56999969482422,-0.621841625568109,-0.0067236601717832,46.40645194173522,US
QQQA,ProShares Nasdaq-100 Dorsey Wright Momentum ETF,ETF,ETF,71.1697006225586,-8.955222860895159,-0.0505088449497312,39.8272015750476,US
QQQG,Pacer Nasdaq 100 Top 50 Cash Cows Growth Leaders ETF,ETF,ETF,29.982500076293945,-6.15218442702496,-0.0437008674566958,42.925545351413824,US
QQQI,NEOS NASDAQ-100(R) High Income ETF,ETF,ETF,54.209999084472656,-3.8147649087924576,-0.0806639635491767,42.32473345331593,US
QQQJ,Invesco NASDAQ Next Gen 100 ETF,ETF,ETF,43.81999969482422,-2.7302986971517296,-0.0298563648732344,43.22825239041065,US
QQQP,Tradr 2X Long Innovation 100 Quarterly ETF,ETF,ETF,207.10769653320312,-8.292065468863143,-0.5783125990878055,40.60097003840603,US
QQQS,Invesco NASDAQ Future Gen 200 ETF,ETF,ETF,42.87300109863281,-2.6365973739282587,-0.0328959503999804,48.18727605707546,US
QQQU,Direxion Daily Magnificent 7 Bull 2X Shares,ETF,ETF,55.09999847412109,-2.304969887565183,-0.2125264305821383,51.36010368298042,US
QQQX,Nuveen Nasdaq 100 Dynamic Overwrite Fund,Financial Services,Asset Management,29.61000061035156,-2.854327247214038,-0.0623210538086227,45.62579220532276,US
QQQY,Defiance Nasdaq 100 Target 30 Weekly Distribution ETF,ETF,ETF,22.414600372314453,-3.675456856311858,-0.027328609348738,41.60834155164782,US
QQUP,ProShares Ultra QQQ Mega,ETF,ETF,59.08980178833008,-1.8034025134845668,-0.1796538973090086,49.8967253016901,US
QQXL,ProShares Ultra QQQ TOP 30,ETF,ETF,52.68740081787109,-8.235682594015385,-0.1617653072533991,42.36520984329776,US
QQXT,First Trust NASDAQ-100 Ex-Technology Sector Index Fund,ETF,ETF,98.9822006225586,-0.1591676095030519,-0.0459547353551418,52.655031674176,US
QRVO,"Qorvo, Inc.",Technology,Semiconductors,85.5,-0.3612604211788655,0.3063088576288009,40.291553144591774,US
QS,QuantumScape Corporation,Consumer Cyclical,Auto Parts,5.860000133514404,-10.942246178418264,-0.0091387158055777,33.567745838106134,US
QSIG,WisdomTree U.S. Short-Term Corporate Bond Fund,ETF,ETF,48.34980010986328,0.1549426859039611,0.0024163121836389,55.49866519520164,US
QSIX,Pacer Metarus Nasdaq 100 Dividend Multiplier 600 ETF,ETF,ETF,41.31940078735352,-3.6978453085338585,-0.0502447628306462,42.07541258568827,US
QSOL,Invesco Galaxy Solana ETF,ETF,ETF,7.549799919128418,-3.442893671652936,-0.018606967519799,48.66826820494481,US
QSPT,FT Vest Nasdaq-100 Buffer ETF – September,ETF,ETF,34.46049880981445,-1.228184040528575,-0.0191004088297714,47.62972306296328,US
QSR,QSR,Consumer Cyclical,Restaurants,75.01000213623047,-0.3321817604355992,-0.0774354962178283,52.59200169249658,US
QTAC,Q3 All-Season Tactical Advantage ETF,ETF,ETF,23.3484001159668,-6.235086989608431,-0.0560694625100207,40.86586219113669,US
QTAP,Innovator Growth-100 Accelerated Plus ETF – April,ETF,ETF,50.69039916992188,-1.203709954525191,-0.0295944683815809,46.19427202892035,US
QTEC,First Trust NASDAQ-100-Technology Sector Index Fund,ETF,ETF,300.2699890136719,-6.469604715433383,-0.4301932439523046,41.7292048380089,US
QTJA,Innovator Growth Accelerated Plus ETF - January,ETF,ETF,32.56760025024414,-1.4148618111907871,-0.020768848753567,46.95465125267998,US
QTJL,Innovator Growth Accelerated Plus ETF - July,ETF,ETF,40.55979919433594,-3.256291156990195,-0.0389015080411142,35.07971328227893,US
QTOC,Innovator Growth Accelerated Plus ETF - October,ETF,ETF,37.71839904785156,-1.0924329146919218,-0.0209819931392831,49.05466734648596,US
QTPI,North Square RCIM Tax-Advantaged Preferred and Income Securities ETF,ETF,ETF,25.524599075317383,0.037623695467694,1.5926863950826986e-05,53.46339865594371,US
QTR,Global X NASDAQ 100 Tail Risk ETF,ETF,ETF,33.65729904174805,-3.105426696774837,-0.0287910087977935,42.01992512647968,US
QTUM,Defiance Quantum ETF,ETF,ETF,141.69000244140625,-8.26751503132912,-0.1254547875375169,36.32867410643326,US
QUAD,"Quad/Graphics, Inc.",Industrials,Specialty Business Services,8.640000343322754,3.971118014952832,0.0031090903303873,66.76137395456054,US
QUBT,Quantum Computing Inc.,Technology,Computer Hardware,7.800000190734863,-9.930712145846538,0.011909762842494,38.00884973510735,US
QUBX,Tradr 2X Long QUBT Daily ETF,ETF,ETF,6.820000171661377,-19.67019604803643,0.0300419736983703,36.75054008873927,US
QUIZ,Zacks Quality International ETF,EQUITY,EQUITY,28.700000762939453,-1.3915093134055974,-0.0086353883683309,46.25431139703277,US
QULL,ETRACS 2x Leveraged MSCI US Quality Factor TR ETN,ETF,ETF,67.73400115966797,1.8311418915315163,0.029719434275639,62.04464663799979,US
QUSA,VistaShares Target 15 USA Quality Income ETF,ETF,ETF,18.18160057067871,-1.8801948357070888,-0.0142625708732199,43.98985212603143,US
QVAL,Alpha Architect U.S. Quantitative Value ETF,ETF,ETF,57.12110137939453,1.1709215473644738,0.0028395253786832,63.32379330540629,US
QVMS,Invesco S&P SmallCap 600 QVM Multi-factor ETF,ETF,ETF,34.3745002746582,0.2815228340981721,-8.747008906800913e-05,56.3033920002932,US
QVOL,Infrastructure Capital NASDAQ Option Income ETF,ETF,ETF,96.49759674072266,-4.825330583269811,-0.1528306969757353,40.46825665455726,US
QVOY,Q3 All-Season Active Rotation ETF,ETF,ETF,29.32200050354004,-1.939669304457539,0.0024068682963483,41.219533071780624,US
QWLD,QWLD,ETF,ETF,153.1219940185547,-0.3844849998535796,-0.0568121360100387,57.28906224066859,US
QXQ,SGI Enhanced Nasdaq-100 ETF,ETF,ETF,30.88050079345703,-4.035240456677776,-0.0411819670743873,41.855030695204384,US
QYLD,Global X NASDAQ 100 Covered Call ETF,ETF,ETF,17.809999465942383,-3.5211248687277057,-0.0269283311195205,44.15133704383688,US
QYLG,Global X Nasdaq 100 Covered Call & Growth ETF,ETF,ETF,29.021299362182617,-3.778720740148168,-0.0418708790617439,42.79419949959924,US
RAA,SMI 3Fourteen REAL Asset Allocation ETF,ETF,ETF,29.317699432373047,-0.8029127739889665,-0.0097884532757044,45.041162817218776,US
RAAX,VanEck Real Assets ETF,ETF,ETF,39.33000183105469,-0.3546982146405505,-0.0091410088886216,42.9474275541756,US
RAFE,PIMCO RAFI ESG U.S. ETF PIMCO RAFI ESG U.S. ETF,ETF,ETF,47.95000076293945,-0.5186721909602598,-0.0105548723608155,57.38614406807818,US
RAL,Ralliant Corporation,Technology,Electronic Components,70.16999816894531,1.3285172114733754,0.2329060962959483,58.14858775276861,US
RAPP,"Rapport Therapeutics, Inc.",Healthcare,Biotechnology,42.619998931884766,2.0838297769694982,0.1090720688898384,60.72537501375945,US
RAUS,RACWI US ETF,ETF,ETF,29.19389915466309,-1.3952821677045624,-0.0248388347749152,49.50970436835468,US
RAYJ,Rayliant SMDAM Japan Equity ETF,ETF,ETF,36.72499847412109,-5.39670591749759,-0.0427526347462336,37.46066813103628,US
RBB,RBB Bancorp,Financial Services,Banks - Regional,27.059999465942383,0.782119484130753,-0.0327990878238284,57.10315615708883,US
RBBN,RBBN,N/A,N/A,2.200000047683716,-5.172409009139551,0.0010254190800374,41.43505709043648,US
RBC,RBC,N/A,N/A,575.219970703125,-3.4039227969679318,-0.0419279246705528,37.524190560296994,US
RBCAA,"Republic Bancorp, Inc.",Financial Services,Banks - Regional,90.91000366210938,3.131029028309424,0.0478890595577372,61.4473719182081,US
RBLX,Roblox Corporation,Communication Services,Electronic Gaming & Multimedia,51.68000030517578,-6.630529846647098,-0.3059621097870608,48.99562655214398,US
RBUF,Innovator U.S. Small Cap 10 Buffer ETF - Quarterly,ETF,ETF,30.97590065002441,-0.1421657223999831,-0.0008727270716604,49.87972268958353,US
RCAT,"Red Cat Holdings, Inc.",Industrials,Aerospace & Defense,7.639999866485596,-13.476784456426156,-0.0055631441784109,33.26394790376307,US
RCBC,River City Bank,Financial Services,Banks - Regional,44.75,1.93621513571024,0.0156223299611625,81.82858425562439,US
RCGE,RockCreek Global Equality ETF,ETF,ETF,30.48579978942871,1.46713167587097,0.0033623106509338,68.29202279639681,US
RCL,RCL,Consumer Cyclical,Travel Services,286.9599914550781,0.5571701177755886,0.158631442762406,46.5152143821765,US
RCLO,Reckoner BBB-B CLO ETF,EQUITY,EQUITY,24.864999771118164,0.1934171607581282,0.0011176523755864,73.72370990250127,US
RCLY,Reckoner BBB-B CLO Annual ETF,EQUITY,EQUITY,101.3499984741211,0.1977231292389243,0.0045229364170591,72.24917115855432,US
RCTR,First Trust Bloomberg Nuclear Power ETF,ETF,ETF,32.03219985961914,-4.138264306512829,-0.0265067061863405,35.660096481365684,US
RDAG,RDAG,N/A,N/A,10.350000381469728,0.145141202393681,0.0004509557008982,59.16879470976518,US
RDDT,"Reddit, Inc.",Communication Services,Internet Content & Information,181.17999267578125,-7.248901365604624,-1.1555943042866508,48.47520289388277,US
RDFI,Rareview Dynamic Fixed Income ETF,ETF,ETF,23.56999969482422,-0.2496932412827127,-0.0118368903777055,53.66588979031388,US
RDN,RDN,Financial Services,Insurance - Specialty,39.380001068115234,4.0697698449190485,0.054919624977201,68.66067191990008,US
RDNT,"RadNet, Inc.",Healthcare,Diagnostics & Research,62.18999862670898,-5.198170620015089,-0.1033486890266073,52.24874935219504,US
RDTE,Roundhill Russell 2000 0DTE Covered Call Strategy ETF,ETF,ETF,28.68000030517578,-0.1451147104824725,-0.0090926803925837,55.98086133660353,US
RDTY,YieldMax Russell 2000 0DTE Covered Call Strategy ETF,ETF,ETF,38.09339904785156,0.031303745400478,-0.0117891011996977,57.83381962674523,US
RDVI,FT Vest Rising Dividend Achievers Target Income ETF,ETF,ETF,29.0,-0.2407970263470002,-0.0044869876559149,56.40690255805001,US
RDVY,First Trust Rising Dividend Achievers ETF,ETF,ETF,80.0,-0.3736027899830139,-0.0178936186492613,56.236185602282255,US
RDWR,Radware Ltd.,Technology,Software - Infrastructure,30.290000915527344,-3.68839370197742,-0.0415093895655501,53.21813902240182,US
REAL,"The RealReal, Inc.",Consumer Cyclical,Luxury Goods,11.210000038146973,5.754713535139209,0.0194295087729536,51.793581801691616,US
REAX,The Real Brokerage Inc.,Real Estate,Real Estate Services,2.0799999237060547,1.4634132725648945,-0.0089107272584256,54.993860638961465,US
RECS,Columbia Research Enhanced Core ETF,ETF,ETF,44.22999954223633,-0.4725452091855922,-0.0350889475590129,58.80478985614905,US
REET,iShares Global REIT ETF,ETF,ETF,28.520000457763672,2.5530420908162705,0.0201927429847532,66.64532124397955,US
REFA,Columbia Research Enhanced International Equity ETF,EQUITY,EQUITY,22.6560001373291,-0.0661611307899718,-0.0045135348020372,52.52091436474912,US
REGN,"Regeneron Pharmaceuticals, Inc.",Healthcare,Biotechnology,676.6900024414062,1.8313944730725964,-0.2603062148999102,61.98939049051222,US
REGS,Columbia ETF Trust I - Columbia Large Cap Growth ETF,ETF,ETF,11.136199951171877,-3.079197798033189,-0.0156453168959584,46.104465094255815,US
REIT,ALPS Active REIT ETF,ETF,ETF,31.44499969482422,2.9127782057252296,0.0267625634325036,65.37992505764996,US
RELY,"Remitly Global, Inc.",Technology,Software - Infrastructure,24.1299991607666,1.5145086077831698,-0.069343816707373,60.22299940865309,US
REM,iShares Mortgage Real Estate Capped ETF,ETF,ETF,22.290000915527344,0.5866474233320726,-0.0146917428527046,56.89490178445459,US
REMC,Columbia Research Enhanced Mid Cap ETF,EQUITY,EQUITY,22.609600067138672,0.2020957843400957,-0.0043599533692053,60.47322398877192,US
REMX,VanEck Rare Earth and Strategic Metals ETF,ETF,ETF,72.66999816894531,-8.889172238455304,-0.0227024999682559,27.150515462993454,US
RES,"RPC, Inc.",Energy,Oil & Gas Equipment & Services,5.909999847412109,4.60176544524057,0.0103114700095827,44.25031236676834,US
RESM,Columbia Research Enhanced Small Cap ETF,EQUITY,EQUITY,24.173200607299805,0.0339320979176631,-0.002011874643052,57.38418452153129,US
REW,REW,ETF,ETF,13.184100151062012,11.070768982075984,0.0306454656905476,55.76782964017629,US
REX,REX American Resources Corporation,Basic Materials,Chemicals,47.31999969482422,0.4670939019753977,0.0113881002293828,58.025316049328346,US
REXC,Sprott Rare Earths Ex-China ETF,ETF,ETF,16.584999084472656,-10.399789954651268,-0.0364367747261981,27.59562264551161,US
REXR,"Rexford Industrial Realty, Inc.",Real Estate,REIT - Industrial,37.459999084472656,9.788980823990286,0.0658559456551314,71.37997359127999,US
REYN,Reynolds Consumer Products Inc.,Consumer Cyclical,Packaging & Containers,26.239999771118164,-0.114201317558948,-0.0127891971374366,62.08006343255554,US
REZ,iShares Residential and Multisector Real Estate ETF,ETF,ETF,97.80999755859376,2.9578921669407894,0.04348004749924,63.39114798240399,US
REZI,"Resideo Technologies, Inc.",Industrials,Industrial Distribution,35.83000183105469,5.568660226339463,-0.0792255275648935,59.63584715630182,US
RF,RF,Financial Services,Banks - Regional,31.649999618530277,2.0309450401988167,-0.0209278989416226,64.05706868657988,US
RFDA,ALPS Dynamic US Dividend Advantage ETF,ETF,ETF,71.07160186767578,-0.5445681761306033,-0.0318804926826996,56.42749810663192,US
RFDI,First Trust RiverFront Dynamic Developed International ETF,ETF,ETF,88.50589752197266,0.5143448956238228,-0.0181280637060267,58.14174264905103,US
RFEM,First Trust RiverFront Dynamic Emerging Markets ETF,ETF,ETF,90.73059844970705,-3.841242942375696,-0.1183129312590826,42.55464158419353,US
RFFC,ALPS Active Equity Opportunity ETF,ETF,ETF,74.99800109863281,-0.2367795544898959,-0.0216005960868825,55.34002571455856,US
RFIX,Simplify Bond Bull ETF,ETF,ETF,37.84000015258789,1.041386867031472,0.0456096772141209,46.29227377247578,US
RFLR,Innovator U.S. Small Cap Managed Floor ETF,ETF,ETF,32.598201751708984,0.1296289352687255,-0.0066168274106607,61.3343314575259,US
RGEF,Rockefeller Global Equity ETF,ETF,ETF,34.16230010986328,-2.4045865291847104,-0.0342559667629542,46.67881223366543,US
RGEN,Repligen Corporation,Healthcare,Medical Instruments & Supplies,147.25,2.0867958903250248,-0.1319630796633708,63.48244516170803,US
RGNX,REGENXBIO Inc.,Healthcare,Biotechnology,9.890000343322754,-29.103939221890617,-0.185406255598729,42.55093331021977,US
RGR,"Sturm, Ruger & Company, Inc.",Industrials,Aerospace & Defense,37.84999847412109,-2.171104115801159,-0.0324124456435336,43.844370734499954,US
RGTI,"Rigetti Computing, Inc.",Technology,Computer Hardware,14.109999656677246,-14.691663387810774,0.0031185765138523,31.88737299595208,US
RGTX,Defiance Daily Target 2X Long RGTI ETF,ETF,ETF,9.350000381469728,-29.22028497752152,0.02410513603097,32.10281983008183,US
RGTZ,Defiance Daily Target 2X Short RGTI ETF,ETF,ETF,6.25,29.937631483386884,0.0032261650516047,60.187038959374746,US
RGYY,GraniteShares YieldBOOST RGTI ETF,ETF,ETF,6.784999847412109,-6.219768870739566,-0.0108436202265888,23.448407723394556,US
RHTX,RH Tactical Outlook ETF,ETF,ETF,19.613000869750977,-1.387697069037409,-0.0082150044792364,43.36302906672769,US
RIG,RIG,Energy,Oil & Gas Drilling,5.139999866485596,-1.1538450957754975,-0.0048527607929861,41.972440198124175,US
RIGS,ALPS Strategic Income Fund,ETF,ETF,22.504499435424805,-0.8480510733204171,-0.001242622946132,48.48511095085912,US
RINF,ProShares Inflation Expectations ETF,ETF,ETF,32.35960006713867,-0.1246958544368106,-0.0011527159016721,52.29002808222881,US
RING,RING,N/A,N/A,60.91999816894531,-6.118047862605526,-0.0921198419653892,36.06266024753226,US
RIOX,Defiance Daily Target 2X Long RIOT ETF,ETF,ETF,24.670000076293945,-25.24242401123047,0.1590828933582511,26.57941755207221,US
RISE,Pictet Emerging Markets Rising Economies ETF,EQUITY,EQUITY,17.963499069213867,-1.785138490814902,-0.0103350445893251,43.89078455674685,US
RISN,Inspire Capital Appreciation ETF,ETF,ETF,31.31489944458008,0.8206696169367157,-0.0098210812161899,59.85306230758179,US
RISR,FolioBeyond Alternative Income and Interest Rate Hedge ETF,ETF,ETF,36.52000045776367,0.1206237420864853,-0.0004070531084524,62.24401192671105,US
RITM,Rithm Capital Corp.,Real Estate,REIT - Mortgage,9.31999969482422,1.5250477668231053,-0.0007159188296885,56.70073460374774,US
RIVN,RIVN,N/A,N/A,17.454999923706055,-0.1430184163899301,-0.0131045732009894,53.14195380846444,US
RJF,"Raymond James Financial, Inc.",Financial Services,Asset Management,168.36000061035156,0.142758446427962,-0.2603430458525086,64.45002791187126,US
RKLB,Rocket Lab Corporation,Industrials,Aerospace & Defense,67.62000274658203,-16.559721146762758,-0.07121690766885,31.212748785724383,US
RKLX,Defiance Daily Target 2X Long RKLB ETF,ETF,ETF,18.540000915527344,-32.459014935407936,0.0095561325712694,31.619947601752955,US
RKLZ,Defiance Daily Target 2X Short RKLB ETF,ETF,ETF,5.039999961853027,35.120641717984185,0.0137496550554651,61.71227595778522,US
RKNG,Defiance Retail Kings ETF,ETF,ETF,21.98550033569336,-12.72824377418209,-0.030127674948035,34.070169177331124,US
RKT,RKT,Financial Services,Mortgage Finance,14.539999961853027,1.0423878731863705,-0.0010567007168472,50.67406978358405,US
RL,Ralph Lauren Corporation,Consumer Cyclical,Apparel Manufacturing,380.4500122070313,-3.659149636057203,0.4155159701345416,46.858117400464735,US
RLAY,"Relay Therapeutics, Inc.",Healthcare,Biotechnology,19.90999984741211,-0.4748778672323211,0.0064948942357181,62.54209433449837,US
RLGT,"Radiant Logistics, Inc.",Industrials,Integrated Freight & Logistics,9.210000038146973,-1.916936087268408,-0.0134796233572248,50.51567833729175,US
RLI,RLI,Financial Services,Insurance - Property & Casualty,61.56999969482422,1.516897190106015,0.076936779679861,63.48779580068244,US
RLJ,RLJ Lodging Trust,Real Estate,REIT - Hotel & Motel,11.90999984741211,3.8360904109837337,0.018581367592367,67.44585919014986,US
RLY,RLY,ETF,ETF,35.599998474121094,1.6852333072664156,0.0056991609171132,57.50888355251695,US
RMCA,Rockefeller California Municipal Bond ETF,ETF,ETF,24.315000534057617,-0.2870604640852552,-0.0007920066143905,45.59987074735661,US
RMD,ResMed Inc.,Healthcare,Medical Instruments & Supplies,198.9900054931641,-2.393677216315401,-0.1487554546682261,48.34919793967872,US
RMIF,LHA Risk-Managed Income ETF,ETF,ETF,24.193199157714844,0.0545858245346558,6.051358241635635e-05,55.83177519179166,US
RMIX,"Suncrete, Inc.",Basic Materials,Building Materials,19.57999992370605,-3.878256666567101,0.0148337897420812,46.69165378290927,US
RMME,Rareview Government Money Market ETF,ETF,ETF,100.20500183105467,0.059918308452443,-0.0006789806739026,88.22471393125014,US
RMNI,"Rimini Street, Inc.",Technology,Software - Application,4.639999866485596,-1.694913713180618,-0.0089344747134519,60.25987576436272,US
RMNY,Rockefeller New York Municipal Bond ETF,ETF,ETF,24.674999237060547,0.0608247759174725,-0.0022200148837422,52.18145408856176,US
RMR,The RMR Group Inc.,Real Estate,Real Estate Services,20.63999938964844,0.7320625681104523,-0.0004526202999484,54.59327482664187,US
RMRC,ARMOR Core Risk-Managed ETF,EQUITY,EQUITY,25.649999618530277,0.9842519832859188,0.0067325297050725,62.61034450962688,US
RND,First Trust Bloomberg R&D Leaders ETF,ETF,ETF,31.51000022888184,-2.246078379162007,-0.0450524555378131,47.14749099455786,US
RNIN,Bushido Capital US SMID Cap Equity ETF,ETF,ETF,34.29019927978516,2.769879875797687,-0.0118259431989805,67.60601230942171,US
RNRG,Global X Renewable Energy Producers ETF,ETF,ETF,35.06999969482422,0.4295576567707384,0.0058898132825325,39.16274544802052,US
RNST,Renasant Corporation,Financial Services,Banks - Regional,43.70000076293945,2.7751653162560737,0.0267595902527393,60.22405583932032,US
RNTY,YieldMax Target 12 Real Estate Option Income ETF,ETF,ETF,50.23210144042969,0.6171413656179203,0.0040210623445962,55.81117589596999,US
RNWZ,TrueShares Eagle Global Next Gen Power Infrastructure ETF,ETF,ETF,31.01580047607422,-0.3207397832082511,-0.0167123261413441,42.48629942887213,US
ROAD,"Construction Partners, Inc.",Industrials,Engineering & Construction,104.47000122070312,10.0959025109866,0.5577289347762182,44.8454595183524,US
ROBT,First Trust Nasdaq Artificial Intelligence and Robotics ETF,ETF,ETF,53.83489990234375,-4.165730959499425,-0.0858884836736035,41.60403621783651,US
ROCK,"Gibraltar Industries, Inc.",Industrials,Building Products & Equipment,43.18000030517578,2.273801650204378,-0.0235634831518061,54.29252588700675,US
ROCY,JPMorgan Equity Premium Yield ETF,ETF,ETF,54.16899871826172,-0.6620210326727813,-0.040093641269454,54.11846413458595,US
ROE,Astoria US Equal Weight Quality Kings ETF,ETF,ETF,41.55659866333008,-2.0122640583647784,-0.0121977999524032,46.51444634107357,US
ROIV,Roivant Sciences Ltd.,Healthcare,Biotechnology,34.5099983215332,-4.0589459261113205,-0.0336470335215099,55.99938002791323,US
ROK,"Rockwell Automation, Inc.",Industrials,Specialty Industrial Machinery,461.8500061035156,-2.175292112151002,-0.133399147055667,48.43036868125935,US
ROKT,State Street SPDR S&P Kensho Final Frontiers ETF,ETF,ETF,107.2699966430664,-4.877183793317212,-0.0451978311986593,33.819581964985986,US
ROKU,"Roku, Inc.",Communication Services,Entertainment,144.42999267578125,2.658319830460312,0.0300359980822957,65.90449508487984,US
ROL,ROL,Consumer Cyclical,Personal Services,45.11000061035156,1.4391710638192745,0.0051405212853581,49.38065235436703,US
ROMA,Roma Green Finance Limited,Industrials,Consulting Services,9.279999732971191,9.563157501841763,-0.027586498263884,59.58428579863104,US
ROMO,Strategy Shares Newfound/ReSolve Robust Momentum ETF,ETF,ETF,33.7859992980957,-0.1566281589562752,-0.0126223420683332,52.3631571576206,US
RONB,Baron First Principles ETF,ETF,ETF,22.489999771118164,-5.105489252613912,-0.0313467060619292,35.896733150281506,US
ROP,"Roper Technologies, Inc.",Technology,Software - Application,363.1400146484375,2.034285157661152,0.1555274939357067,61.93179084876902,US
ROSC,Hartford Multifactor Small Cap ETF,ETF,ETF,56.074100494384766,0.613834171274929,0.0065909359019008,62.97402329702459,US
ROST,"Ross Stores, Inc.",Consumer Cyclical,Apparel Retail,233.4600067138672,4.746949748416203,0.4248660708692184,61.611276045007294,US
ROUS,Hartford Multifactor US Equity ETF,ETF,ETF,66.06999969482422,-1.5936843976039563,-0.0209087580108455,46.38688342020912,US
RPAR,RPAR Risk Parity ETF,ETF,ETF,21.877199172973636,-0.7161364898171733,0.0030600284664304,41.12074497069892,US
RPD,"Rapid7, Inc.",Technology,Software - Infrastructure,12.199999809265137,9.221125567914331,-0.0676293216302588,74.07057497832577,US
RPRX,Royalty Pharma plc,Healthcare,Biotechnology,58.18000030517578,3.101187294942278,0.0475765487695311,59.75455226197021,US
RQI,RQI,Financial Services,Asset Management,12.369999885559082,1.2274927598405414,0.0075333314169509,48.14367973517481,US
RR,Richtech Robotics Inc.,Industrials,Specialty Industrial Machinery,1.600000023841858,-6.976744347227267,0.0020989777522073,31.894997810761552,US
RRBI,RRBI,N/A,N/A,97.7300033569336,2.041244374740559,-0.1074748390269513,60.41726206719149,US
RRR,"Red Rock Resorts, Inc.",Consumer Cyclical,Resorts & Casinos,64.75,0.8409919377462309,-0.0608037764508468,55.77373010841203,US
RS,RS,N/A,N/A,395.9299926757813,4.406410896389676,0.4356248160434645,58.296955923136935,US
RSBY,Return Stacked Bonds & Futures Yield ETF,ETF,ETF,18.374000549316406,0.734653398463434,0.0068374072216413,52.61806535219834,US
RSDE,FT Vest U.S. Equity Equal Weight Buffer ETF - December,ETF,ETF,23.549999237060547,-0.2287784031635935,-0.0046658509359918,59.77221872497983,US
RSEE,Rareview Systematic Equity ETF,ETF,ETF,38.26580047607422,-2.969799402660412,-0.0407582217278146,44.5902929105452,US
RSG,RSG,Industrials,Waste Management,222.30999755859372,1.4187959186358476,-0.0807972903731975,58.90329831367169,US
RSI,"Rush Street Interactive, Inc.",Consumer Cyclical,Gambling,32.5,-2.694615223839344,-0.0813246487130205,59.26057767282722,US
RSJN,FT Vest U.S. Equity Equal Weight Buffer ETF - June,ETF,ETF,37.30500030517578,-0.2913378826116533,-0.0076480260242613,56.43136365713754,US
RSMC,Rockefeller U.S. Small-Mid Cap ETF,ETF,ETF,27.959999084472656,-0.8616106022157788,-0.0012406649128158,45.46551139295767,US
RSPA,Invesco S&P 500 Equal Weight Income Advantage ETF,ETF,ETF,53.75,-0.2412788892689268,-0.0085474131804166,58.16749725314205,US
RSPC,Invesco S&P 500 Equal Weight Communication Services ETF,ETF,ETF,36.02949905395508,-0.1399744305338165,-0.0260124406245357,47.82171897924458,US
RSPE,Invesco ESG S&P 500 Equal Weight ETF,ETF,ETF,33.97999954223633,-0.4686580265746073,-0.008317211440058,56.347794395142046,US
RSPG,Invesco S&P 500 Equal Weight Energy ETF,ETF,ETF,104.56999969482422,3.905008276043383,0.0301482614873901,60.22580172687027,US
RSPH,Invesco S&P 500 Equal Weight Health Care ETF,ETF,ETF,33.9900016784668,0.0294353630524224,-0.0151791310621687,59.6315562562898,US
RSPM,Invesco S&P 500 Equal Weight Materials ETF,ETF,ETF,38.58879852294922,0.0746814020555242,0.0109586244819385,48.402738543228295,US
RSPN,Invesco S&P 500 Equal Weight Industrials ETF,ETF,ETF,62.84000015258789,-0.5538827056931717,-0.0108735862587537,51.458035224368295,US
RSPS,Invesco S&P 500 Equal Weight Consumer Staples ETF,ETF,ETF,30.850000381469727,1.2803719918556338,0.012523872174047,56.91807478656238,US
RSPT,RSPT,N/A,N/A,59.43000030517578,-5.381310291695883,-0.0586553563737599,41.68717569857591,US
RSPU,Invesco S&P 500 Equal Weight Utilities ETF,ETF,ETF,80.5999984741211,-0.6532710430660669,-0.0425667635993139,50.15408862315152,US
RSSB,Return Stacked Global Stocks & Bonds ETF,ETF,ETF,30.21500015258789,-1.8356092314928163,-0.019304595010668,45.53696353077269,US
RSSX,Return Stacked U.S. Stocks & Gold/Bitcoin ETF,ETF,ETF,23.541000366210938,-2.9237098300579896,-0.0277881811272637,44.69042150252963,US
RSSY,Return Stacked U.S. Stocks & Fu,ETF,ETF,25.3700008392334,-0.5488019929138747,-0.0178703614651882,51.68481063451839,US
RSVR,"Reservoir Media, Inc.",Communication Services,Entertainment,10.220000267028809,0.1960829229183369,0.0018802508228431,52.1200448022015,US
RTAI,Rareview Tax Advantaged Income ETF,ETF,ETF,21.541000366210938,0.2140010475997711,0.0001928927720873,57.02714637608787,US
RTH,VanEck Retail ETF,ETF,ETF,261.0213928222656,1.1122986611158523,0.0033387633096972,55.210065117724895,US
RTRE,Rareview Total Return Bond ETF,ETF,ETF,24.73500061035156,0.0606848600880266,0.0030558909560685,47.883788994396326,US
RTX,RTX Corporation,Industrials,Aerospace & Defense,193.50999450683597,-1.2351341088190866,-0.1981721045003941,54.63096689051913,US
RTXG,Leverage Shares 2X Long RTX Daily ETF,ETF,ETF,23.17970085144043,-2.430016916208168,-0.0443123009097449,53.34052355874322,US
RTYY,GraniteShares YieldBOOST RIOT ETF,ETF,ETF,9.929499626159668,-6.431406043178295,-0.0150387822570875,20.61027907347882,US
RUSC,Russell Investments U.S. Small Cap Equity ETF,ETF,ETF,38.04119873046875,-0.3870236160821623,-0.0009924607847324,52.1988853650066,US
RUSHA,"Rush Enterprises, Inc.",Consumer Cyclical,Auto & Truck Dealerships,76.88999938964844,1.868039175948608,-0.0933226429251712,60.762797209219855,US
RVI,Robinhood Ventures Fund I,Financial Services,Asset Management,26.18000030517578,-15.792858872029974,0.0334571197939501,32.606648068902885,US
RVLV,"Revolve Group, Inc.",Consumer Cyclical,Internet Retail,24.8799991607666,3.969907411097469,-0.0326009082171545,64.66435956480055,US
RVMD,"Revolution Medicines, Inc.",Healthcare,Biotechnology,186.16000366210935,-0.3852746157378466,0.0859346277771848,61.06650305274452,US
RVT,"Royce Small-Cap Trust, Inc.",Financial Services,Asset Management,17.920000076293945,-1.0491470328775918,-0.0069907932154739,46.34879975157114,US
RW,RW,N/A,N/A,24.99180030822754,-1.0147294489184022,-0.0043729861668473,48.0355707833116,US
RWEM,Rayliant NxtGen Multifactor Emerging Markets Equity ETF,EQUITY,EQUITY,32.880001068115234,-4.943622656632804,-0.1261889650905481,38.30930034814816,US
RWL,Invesco S&P 500 Revenue ETF,ETF,ETF,130.3300018310547,0.0383812190868385,-0.0470516575050741,62.476864517137415,US
RWLC,Rayliant NxtGen Multifactor US Equity ETF,EQUITY,EQUITY,37.4900016784668,-0.609754864244516,-0.0108495127725159,55.062957567979815,US
RWT,RWT,Real Estate,REIT - Mortgage,5.119999885559082,0.392156496088299,-0.0047358384549493,56.78545712728158,US
RWWI,"Rand Worldwide, Inc.",Technology,Software - Application,13.949999809265137,-2.447555082527173,-0.0184017097322616,42.5159022027976,US
RWX,State Street SPDR Dow Jones International Real Estate ETF,ETF,ETF,27.704099655151367,1.965769515486414,0.0082822658361409,62.41973149989466,US
RXD,ProShares UltraShort Health Care,ETF,ETF,16.488800048828125,-0.3697836317440912,0.0020754723757103,40.30369532404087,US
RXI,RXI,ETF,ETF,195.52999877929688,-0.2448832921743296,-0.1033440145894912,50.6374968161033,US
RXL,RXL,ETF,ETF,54.2599983215332,0.0184300857754896,-0.0005598997689757,57.43800249732077,US
RXO,"RXO, Inc.",Industrials,Trucking,29.290000915527344,11.580955868675597,0.1000481490300073,64.67099482418219,US
RXRX,"Recursion Pharmaceuticals, Inc.",Healthcare,Biotechnology,2.944999933242798,-17.275281444430856,-0.0174904283436208,35.66375096275756,US
RXT,"Rackspace Technology, Inc.",Technology,Software - Infrastructure,4.150000095367432,-22.2846446295279,0.009655795177062,40.52805084413373,US
RYAM,Rayonier Advanced Materials Inc.,Basic Materials,Chemicals,8.229999542236328,12.585493935133576,0.0433904372951027,55.84047915283902,US
RYLG,Global X Russell 2000 Covered Call & Growth ETF,ETF,ETF,24.60860061645508,-0.0381810628436431,-0.0002206028658305,57.22307120192996,US
RYN,RYN,Real Estate,REIT - Specialty,21.799999237060547,2.491766656748813,-0.0043918386518986,56.56530776338044,US
RYTM,"Rhythm Pharmaceuticals, Inc.",Healthcare,Biotechnology,106.5999984741211,-1.660519397066695,-0.1772473512822552,53.54501439381897,US
RYZ,Ryerson Holding Corporation,Industrials,Metal Fabrication,29.600000381469727,12.333965665843092,0.059549816030781,63.73193686918997,US
RZLT,"Rezolute, Inc.",Healthcare,Biotechnology,4.610000133514404,-2.947365610223067,0.0027815588137065,49.60440468816432,US
S,"SentinelOne, Inc.",Technology,Software - Infrastructure,19.56999969482422,9.45190499653893,-0.0392144465774113,66.66090877979812,US
SAA,ProShares Ultra SmallCap600,ETF,ETF,36.64590072631836,0.6755472256357706,-0.0053393703034343,56.18564581856935,US
SAEF,Schwab Ariel Opportunities ETF,ETF,ETF,24.270000457763672,-22.460060545218973,-0.4387357119367849,16.178489593282222,US
SAFE,SAFE,N/A,N/A,17.100000381469727,6.145249743082162,0.0115169927923042,66.3299601036745,US
SAGP,Strategas Global Policy Opportunities ETF,ETF,ETF,35.96900177001953,-0.1277179519878793,-0.0084153450614086,59.68695654048572,US
SAIC,Science Applications International Corporation,Technology,Information Technology Services,115.51000213623048,2.5661510559110225,-0.0017156550280881,60.30456618368106,US
SAIL,"SailPoint, Inc.",Technology,Software - Infrastructure,15.68000030517578,14.36907557656777,0.016649709029374,56.11136374187642,US
SAM,"The Boston Beer Company, Inc.",Consumer Defensive,Beverages - Brewers,178.8000030517578,1.1369477017694207,0.2574932345621397,49.84187159479005,US
SAMM,Strategas Macro Momentum ETF,ETF,ETF,30.895099639892575,-2.323425673009762,-0.007263187672563,40.45611058379087,US
SAMT,Strategas Macro Thematic Opportunities ETF,ETF,ETF,43.709999084472656,-1.6205294075121803,0.0127193514622256,39.65841314110374,US
SASS,M.D. Sass Concentrated Equities ETF,EQUITY,EQUITY,24.780000686645508,0.4866214110945814,0.0137228036611584,51.61523092600279,US
SATL,Satellogic Inc.,Industrials,Aerospace & Defense,3.819999933242798,-15.859031600439868,0.0107177863603306,30.58914072876705,US
SATO,Invesco Alerian Galaxy Crypto Economy ETF,ETF,ETF,15.550999641418455,-4.313322252121854,-0.017462603945249,37.99086849009679,US
SAWG,AAM Sawgrass U.S. Large Cap Quality Growth ETF,ETF,ETF,24.028200149536133,-1.7251558292082858,-0.0234630766164896,50.5886474906785,US
SAWS,AAM Sawgrass U.S. Small Cap Quality Growth ETF,ETF,ETF,24.53280067443848,-1.6760832656168896,0.0021963010955256,46.07116564018776,US
SB,"Safe Bulkers, Inc.",Industrials,Marine Shipping,6.820000171661377,-1.1594191681209625,-0.0214593128811966,52.273406925690246,US
SBB,SBB,ETF,ETF,22.290000915527344,-0.9773403425923486,-0.0136374659662454,40.30515120216314,US
SBH,"Sally Beauty Holdings, Inc.",Consumer Cyclical,Specialty Retail,14.880000114440918,-2.6814901794311097,-0.0139150918798717,58.26990924938103,US
SBIL,Simplify Government Money Market ETF,EQUITY,EQUITY,100.25,0.0698739215521865,5.963301547776134e-05,98.41488817383232,US
SBIO,ALPS Medical Breakthroughs ETF,ETF,ETF,65.19999694824219,-3.0050643198125906,-0.0659944902711688,60.4489510750935,US
SBIT,ProShares UltraShort Bitcoin ETF,ETF,ETF,57.060001373291016,-1.3144211787348636,0.1117443586386561,47.35436467592245,US
SBND,Columbia Short Duration Bond ETF,ETF,ETF,18.709999084472656,0.0,0.0003932063640533,52.235088322798745,US
SBRA,"Sabra Health Care REIT, Inc.",Real Estate,REIT - Healthcare Facilities,20.11000061035156,2.497450306619404,0.0035598166477798,58.4397061396983,US
SBUX,Starbucks Corporation,Consumer Cyclical,Restaurants,105.48999786376952,-0.4905237826452401,-0.1505868510544434,54.48321692732112,US
SCAP,Infrastructure Capital Small Cap Income ETF,ETF,ETF,37.95500183105469,-1.0377253491617124,-0.007642375447886,44.896063170884624,US
SCC,ProShares UltraShort Consumer Discretionary,ETF,ETF,14.973199844360352,3.334714153724931,0.0244121789453565,53.62515162328899,US
SCCO,Southern Copper Corporation,Basic Materials,Copper,172.47999572753906,-1.9052528400326472,-0.3397118336878029,45.77345866699926,US
SCDL,ETRACS 2x Leveraged US Dividend Factor TR ETN,ETF,ETF,56.49250030517578,3.0433732543832592,0.0478063617038075,61.33092135464508,US
SCDV,Bahl & Gaynor Small Cap Dividend ETF,ETF,ETF,27.500999450683597,-0.0036410370256014,-0.0024050645337118,54.79675311667387,US
SCEC,Sterling Capital Enhanced Core Bond ETF,ETF,ETF,24.815000534057617,0.0806632696194018,0.004832319034322,48.75518038592135,US
SCEP,Sterling Capital Hedged Equity Premium Income ETF,ETF,ETF,24.71949958801269,-1.5159393931242289,-0.022650456548468,47.993291180973245,US
SCHA,Schwab U.S. Small-Cap ETF,ETF,ETF,34.04999923706055,-2.463479272731405,-0.0115685957890787,44.80894529554711,US
SCHC,Schwab International Small-Cap Equity ETF,ETF,ETF,47.790000915527344,-1.0558971627102671,-0.0292294417616297,42.9568232161182,US
SCHE,Schwab Emerging Markets Equity ETF,ETF,ETF,35.36000061035156,-3.176341272924351,-0.0456901261399053,43.61051939474509,US
SCHH,Schwab U.S. REIT ETF,ETF,ETF,24.61000061035156,3.0138184976894653,0.0209556152054299,64.91390322959319,US
SCHI,Schwab 5-10 Year Corporate Bond ETF,ETF,ETF,22.450000762939453,0.2232193984852415,0.0047538410546041,49.13269452785129,US
SCHJ,Schwab 1-5 Year Corporate Bond ETF,ETF,ETF,24.559999465942383,0.0814936824325269,0.0008426926002659,52.66135014841744,US
SCHK,Schwab 1000 ETF,ETF,ETF,35.84000015258789,-1.538465246746975,-0.0329753542124695,48.58801315476438,US
SCHM,Schwab U.S. Mid-Cap ETF,ETF,ETF,34.9900016784668,-2.2898622266901607,-0.0122347676968419,43.44211117837411,US
SCHO,Schwab Short-Term U.S. Treasury ETF,ETF,ETF,24.100000381469727,0.1246393312250804,0.0005368775884417,58.98830859382834,US
SCHP,Schwab U.S. TIPS ETF,ETF,ETF,26.26000022888184,0.114375475291945,0.0049480433031048,50.71021977591533,US
SCHQ,Schwab Long-Term U.S. Treasury ETF,ETF,ETF,30.700000762939453,0.0978176934166248,0.0168091165031384,44.874220626553374,US
SCHR,Schwab Intermediate-Term U.S. Treasury ETF,ETF,ETF,24.549999237060547,0.204078518614477,0.0030510853768828,51.72110940379242,US
SCHV,Schwab U.S. Large-Cap Value ETF,ETF,ETF,33.810001373291016,-1.6865310458016587,-0.0087680657245672,44.71817961310662,US
SCHW,The Charles Schwab Corporation,Financial Services,Capital Markets,101.55999755859376,-1.5128056113632993,-0.2109067767678984,64.15405967296596,US
SCHZ,Schwab U.S. Aggregate Bond ETF,ETF,ETF,22.959999084472656,0.1308276445600554,0.0039471478615446,48.26437870839064,US
SCJ,SCJ,ETF,ETF,103.66000366210938,-3.688556808155563,-0.1697106132984941,43.26350124448289,US
SCL,SCL,Basic Materials,Specialty Chemicals,58.630001068115234,3.641508545879473,-0.0095955428851797,67.06783442774234,US
SCLZ,Swan Enhanced Dividend Income ETF,ETF,ETF,55.64879989624024,-1.5431432805856604,-0.0441622564124215,48.122225087800274,US
SCMB,Schwab Municipal Bond ETF,ETF,ETF,25.57999992370605,-0.3894095805348241,-0.0023744001569327,40.10785609690016,US
SCMC,Sterling Capital Multi-Strategy Income ETF,ETF,ETF,25.01499938964844,0.1200671545489023,0.0013176748979887,57.70762241533882,US
SCMY,Corgi U.S. Small-Cap 15% Structured Buffer ETF - May Series,ETF,ETF,25.6299991607666,-0.0390024536657099,0.0019491654442268,54.08899713648862,US
SCNM,Sterling Capital National Municipal Bond ETF,ETF,ETF,24.99489974975586,-0.2597754093131436,-0.0012451937093863,46.749758663670185,US
SCO,ProShares UltraShort Bloomberg Crude Oil,ETF,ETF,27.46999931335449,-17.13424419630949,-0.049048264571106,38.34273540993118,US
SCSB,Sterling Capital Short Duration Bond ETF,ETF,ETF,24.92989921569824,0.2408458964358043,0.0004843967504114,63.71388317372436,US
SCUB,Sterling Capital Ultra Short Bond ETF,ETF,ETF,25.05500030517578,0.139887477105337,0.0011883473863804,70.90600141298395,US
SCUS,SCUS,N/A,N/A,25.152000427246094,0.1273868906991321,0.0003551719486599,70.7420954017573,US
SCYB,Schwab High Yield Bond ETF,ETF,ETF,26.07999992370605,0.0383591446064394,-0.0010974535233179,54.81028466742035,US
SCZ,SCZ,N/A,N/A,82.48999786376953,-1.0792679367624836,-0.0548262157723814,46.15475038372479,US
SD,"SandRidge Energy, Inc.",Energy,Oil & Gas E&P,13.630000114440918,1.489201822192505,0.0026306858309262,44.75375717192473,US
SDCI,USCF SummerHaven Dynamic Commodity Strategy No K-1 Fund,ETF,ETF,28.496999740600582,4.155698482765544,-0.0034974937012493,66.7960416470594,US
SDFI,AB Short Duration Income ETF,ETF,ETF,35.474998474121094,0.1411411097737984,0.0014726546386528,58.55704171089486,US
SDG,iShares MSCI Global Sustainable Development Goals ETF,ETF,ETF,87.51419830322266,-1.3791168084578995,-0.0094951035406606,42.46883352359951,US
SDGR,"Schrödinger, Inc.",Healthcare,Health Information Services,15.31999969482422,-7.09520977885744,-0.0458683945321506,46.25647121088328,US
SDIV,Global X SuperDividend ETF,ETF,ETF,24.90999984741211,1.260160411118912,-0.0024334492587894,60.79238602388365,US
SDMF,Simplify DBi CTA Managed Future,EQUITY,EQUITY,25.654600143432617,-0.0989102859864245,-0.0095130778321087,52.77563196618767,US
SDOW,ProShares UltraPro Short Dow30,ETF,ETF,24.5,3.027751440557497,0.0454843056176936,47.8538745947376,US
SDP,SDP,N/A,N/A,21.79980087280273,1.915855515884764,0.0317284347318277,51.507942641862336,US
SDSI,American Century Short Duration Strategic Income ETF,ETF,ETF,51.21500015258789,0.1564522023676264,0.001496745628579,57.34896749030023,US
SDVD,FT Vest SMID Rising Dividend Achievers Target Income ETF,ETF,ETF,23.649999618530277,2.736746951515066,0.0239160839417297,70.45069171686526,US
SDVY,First Trust SMID Cap Rising Dividend Achievers ETF,ETF,ETF,43.38999938964844,0.930443581215292,0.0041520740829498,59.80826919412007,US
SDY,State Street SPDR S&P Dividend ETF,ETF,ETF,154.80999755859375,0.2915243239588392,0.0104358359580243,58.224452605808175,US
SE,SE,Consumer Cyclical,Internet Retail,104.0500030517578,-6.379338111235393,-0.5561866345148623,56.62368424287696,US
SEA,U.S. Global Sea to Sky Cargo ETF,ETF,ETF,17.721599578857422,2.377817016833922,-0.0083778791440643,62.83370302081942,US
SEB,Seaboard Corporation,Industrials,Conglomerates,4535.81005859375,-2.779765114269639,-4.858761475316527,40.39583518671024,US
SECR,NYLI MacKay Securitized Income ETF,ETF,ETF,25.28499984741211,0.075196307960172,0.0036740031424077,49.45078765285817,US
SECT,Main Sector Rotation ETF,ETF,ETF,70.0199966430664,-2.3839490225004907,-0.0610518921472316,45.278223312432175,US
SECU,iShares Securitized Income Active ETF,ETF,ETF,49.75,0.3024224405111017,0.0051983467293958,62.47773982916126,US
SEEM,SEI Select Emerging Markets Equity ETF,ETF,ETF,37.16329956054688,-4.870481337708202,-0.0399444018425925,40.53680848833264,US
SEI,"Solaris Energy Infrastructure, Inc.",Energy,Oil & Gas Equipment & Services,60.27999877929688,-15.774767309861833,-0.1810341480397646,36.48014616401077,US
SEIE,SEI Select International Equity ETF,ETF,ETF,35.44440078735352,-0.3559032953683133,-0.015280730865928,53.3551758580689,US
SEIQ,SEI QiM U.S. Large Cap Quality Active ETF,ETF,ETF,40.70000076293945,0.3204364532736722,-0.0195866395757992,60.21107884154633,US
SEIS,SEI Select Small Cap ETF,ETF,ETF,32.42369842529297,-0.6170163209410919,0.0015045132722778,49.734922175968016,US
SEIX,Virtus Seix Senior Loan ETF,ETF,ETF,23.26000022888184,0.3451247741709122,0.0004653308462627,73.05412879039838,US
SELV,SEI QiM U.S. Large Cap Low Volatility Active ETF,ETF,ETF,33.59000015258789,1.083360262746892,0.007893417998814,60.57445663565647,US
SEMG,Suncoast Select Growth ETF,ETF,ETF,26.868099212646484,-0.921531151227468,-0.0316044491686625,54.27152721426619,US
SEMUF,Siem Industries S.A.,Industrials,Marine Shipping,70.0,0.0,0.0115039768122102,97.563371979498,US
SEPI,Shelton Equity Premium Income ETF,ETF,ETF,27.899999618530277,-1.7259590759161052,-0.0288941260078709,50.31006322473326,US
SEPM,FT Vest U.S. Equity Max Buffer ,ETF,ETF,32.8849983215332,-0.2124215009313625,-0.006071926639588,57.18488583848424,US
SEPN,"Septerna, Inc.",Healthcare,Biotechnology,33.400001525878906,-7.041466066818887,0.0161023729251497,48.77394518205812,US
SEPP,PGIM S&P 500 Buffer 12 ETF - Sep,ETF,ETF,32.52000045776367,-0.4895956117441314,-0.0151502066605715,52.80125903527422,US
SEPT,AllianzIM U.S. Equity Buffer10 Sep ETF,ETF,ETF,37.744998931884766,0.1060790316608223,-0.0052416719861926,62.43862187102024,US
SEPU,AllianzIM U.S. Equity Buffer15 Uncapped Sep ETF,ETF,ETF,30.890100479125977,-1.4606963757454954,-0.0242097228941693,48.25881184326057,US
SERV,Serve Robotics Inc.,Industrials,Specialty Industrial Machinery,5.090000152587891,-14.020268800835108,-0.0234749993834103,27.909168452172665,US
SETH,ProShares Short Ether ETF,ETF,ETF,47.47999954223633,-3.10599443544005,0.1419673589864966,43.54447972082032,US
SETM,Sprott Critical Materials ETF,ETF,ETF,28.350000381469727,-6.774085749026034,-0.0360943470680585,32.77471151242037,US
SEZL,Sezzle Inc.,Financial Services,Credit Services,174.6699981689453,-2.625714452925897,-0.5642406283268571,57.13210137754928,US
SFBS,"ServisFirst Bancshares, Inc.",Financial Services,Banks - Regional,86.94000244140625,1.8629220805050863,0.002129717877787,58.38133826764977,US
SFGV,EA Series Trust - Sequoia Global Value ETF,EQUITY,EQUITY,35.38819885253906,-0.109518976846605,-0.0051541005458811,56.19128914801051,US
SFIX,"Stitch Fix, Inc.",Consumer Cyclical,Apparel Retail,3.7899999618530273,6.460674796918936,0.0054301387135429,48.92295363798162,US
SFL,SFL,Industrials,Marine Shipping,11.109999656677246,0.0,-0.0154205370307037,51.22833746960584,US
SFLO,Victoryshares Small Cap Free Cash Flow ETF,ETF,ETF,36.499698638916016,2.199971780170304,-0.0275579220502938,69.68744492628076,US
SFM,"Sprouts Farmers Market, Inc.",Consumer Defensive,Grocery Stores,75.77999877929688,-6.282465734243828,0.153644277398296,39.95353890233336,US
SFST,"Southern First Bancshares, Inc.",Financial Services,Banks - Regional,62.20000076293945,2.4036862761402373,-0.0277376656588913,57.52075275536806,US
SFTX,Horizon International Managed Risk ETF,ETF,ETF,29.84000015258789,-2.8013048500954483,-0.0204592595032137,42.017251219741006,US
SFTY,Horizon Managed Risk ETF,ETF,ETF,30.670000076293945,-1.446017836773742,-0.0261137554608089,49.5585048701907,US
SFY,SoFi Select 500 ETF,ETF,ETF,145.88499450683594,-2.5223901262199333,-0.1620346344353415,45.764020186750926,US
SGDJ,Sprott Junior Gold Miners ETF,ETF,ETF,71.73999786376953,-7.480014164658547,-0.1177536618997181,38.728352807566914,US
SGDM,Sprott Gold Miners ETF,ETF,ETF,59.290000915527344,-5.518457328677213,-0.0386374834213052,37.14118841075691,US
SGHC,Super Group (SGHC) Limited,Consumer Cyclical,Gambling,14.729999542236328,-1.0745520308747087,-0.0222189408886734,58.7394486128772,US
SGLC,SGI U.S. Large Cap Core ETF,ETF,ETF,43.40999984741211,-1.709500854668372,-0.053336241104632,48.89959947981186,US
SGML,Sigma Lithium Corporation,Basic Materials,Other Industrial Metals & Mining,10.260000228881836,-13.853901256672115,-0.0371554322706407,30.904504718876552,US
SGMT,Sagimet Biosciences Inc.,Healthcare,Biotechnology,7.820000171661377,6.105838440839518,0.0015774612875928,58.69831331127216,US
SGOL,abrdn Physical Gold Shares ETF,ETF,ETF,38.220001220703125,-2.3006077089846166,-0.0033467022055253,40.1616033359511,US
SGRT,SMART Earnings Growth 30 ETF,EQUITY,EQUITY,31.649999618530277,-9.051723240199545,-0.0366496061089729,38.26087462968273,US
SGRW,Harbor Active Small Cap Growth ETF,EQUITY,EQUITY,24.85700035095215,-4.729597451546502,-0.0360136897872253,49.67198651306307,US
SGRY,"Surgery Partners, Inc.",Healthcare,Medical Care Facilities,15.989999771118164,-2.4999991277368854,-0.0148801864406555,52.52935740950854,US
SGU,"Star Group, L.P.",Energy,Oil & Gas Refining & Marketing,13.09000015258789,1.788495350318476,-0.0031375741052176,59.44182937077299,US
SGVT,Schwab Government Money Market ETF,ETF,ETF,100.6500015258789,0.0546749883278114,-0.0001012280474917,92.98804173445454,US
SH,ProShares Short S&P500,ETF,ETF,33.27000045776367,1.649865331744051,0.0312148377606255,52.9987221428732,US
SHAZ,SharonAI Holdings Inc.,Technology,Information Technology Services,63.63999938964844,-14.714557696041538,-0.1665453216545529,42.7540356239317,US
SHC,Sotera Health Company,Healthcare,Diagnostics & Research,17.75,-3.6373511048798406,-0.0441557411474139,55.95138429072731,US
SHDG,Soundwatch Hedged Equity ETF,ETF,ETF,32.68009948730469,-0.957385473235324,-0.0178397906405095,48.39445148626964,US
SHLD,Global X Defense Tech ETF,ETF,ETF,60.060001373291016,-1.846702531097514,-0.016557027590151,41.70671598687506,US
SHLS,"Shoals Technologies Group, Inc.",Technology,Solar,10.300000190734863,2.794408385024002,-0.0268498167517272,50.76141498679058,US
SHM,SHM,ETF,ETF,47.810001373291016,-0.1253343637611561,0.0014877179141202,50.93168997618007,US
SHMD,SCHMID Group N.V.,Industrials,Specialty Industrial Machinery,4.25,-4.494377928932187,0.0140733492736768,34.23525317976895,US
SHO,"Sunstone Hotel Investors, Inc.",Real Estate,REIT - Hotel & Motel,11.729999542236328,4.5454479774497685,0.0234913154785685,62.34089600695403,US
SHOC,Strive U.S. Semiconductor ETF,ETF,ETF,103.38800048828124,-8.663003105031596,-0.1975793364171145,41.85528922398313,US
SHOE,Shoe Station Group Inc.,Consumer Cyclical,Apparel Retail,14.489999771118164,-5.664061881543589,-0.0266139980940349,40.99583871490092,US
SHOP,Shopify Inc.,Technology,Software - Application,123.55999755859376,0.8323785175826288,-0.2224864783717963,58.20618793282691,US
SHUS,Stratified LargeCap Hedged ETF,ETF,ETF,50.97499847412109,0.4473030869670978,0.0146982564593223,58.84107793690895,US
SHV,iShares 0–1 Year Treasury Bond ETF,ETF,ETF,110.25,0.0726167127024954,0.0009125145445458,92.06288433819007,US
SHW,The Sherwin-Williams Company,Basic Materials,Specialty Chemicals,331.32000732421875,-0.7994200389905726,-0.1405474558388633,51.11149086823159,US
SHY,SHY,ETF,ETF,81.98999786376953,0.1343436908175649,0.0009662793981363,57.79772127180296,US
SHYG,iShares 0-5 Year High Yield Corporate Bond ETF,ETF,ETF,42.22999954223633,0.0236814809192859,-0.0019276369008992,55.25358412562035,US
SHYL,Xtrackers Short Duration High Yield Bond ETF,ETF,ETF,44.209999084472656,0.1268282753790895,0.0001305301123582,57.24445580705736,US
SHYM,BlackRock ETF Trust II - iShares Short Duration High Yield Muni Active ETF,ETF,ETF,22.280000686645508,-0.3131977343600188,-0.0011127981593877,48.531625884023725,US
SI,SI,N/A,N/A,21.59000015258789,7.093255535710467,-0.0464228588312802,57.790350071078045,US
SIFI,Harbor Ares Systematic Multi-Sector Income ETF,ETF,ETF,43.53300094604492,0.0758642437814296,0.00463919004694,56.388605069715,US
SIGI,"Selective Insurance Group, Inc.",Financial Services,Insurance - Property & Casualty,96.45999908447266,0.5524849135941049,0.0739215592643207,56.08634640288817,US
SIJ,ProShares UltraShort Industrials,ETF,ETF,16.518600463867188,3.1123594997269945,0.007991273458592,50.68930500458168,US
SIL,SIL,ETF,ETF,71.73999786376953,-6.037983893233641,-0.0820758168076203,36.44844936035674,US
SILJ,Amplify Junior Silver Miners ETF,ETF,ETF,23.790000915527344,-6.449073417095663,-0.0340642841138714,37.34330416269916,US
SIO,SIO,N/A,N/A,25.559999465942383,0.1371198743787666,0.0044212907325041,48.73875018080578,US
SION,"Sionna Therapeutics, Inc.",Healthcare,Biotechnology,49.40999984741211,9.096928347537864,0.2526189011790953,67.98069536965542,US
SITE,"SiteOne Landscape Supply, Inc.",Industrials,Industrial Distribution,103.7300033569336,-3.0107467818506723,-0.1279187062727502,40.50415335979112,US
SIVR,abrdn Physical Silver Shares ETF,ETF,ETF,53.369998931884766,-5.889614188871308,-0.0302701449035067,34.81836356637113,US
SIXA,ETC 6 Meridian Mega Cap Equity ETF,ETF,ETF,56.533199310302734,0.0251212919012451,0.0015417961068572,57.509088478135,US
SIXH,ETC 6 Meridian Hedged Equity-Index Option Strategy ETF,ETF,ETF,43.470001220703125,0.8327367937642516,0.0142251821082325,63.453658927647126,US
SIXJ,AllianzIM U.S. Equity 6 Month Buffer10 Jan/Jul ETF,ETF,ETF,36.47930145263672,-0.6555004359060238,-0.0159229972964345,52.49908769224616,US
SIXL,ETC 6 Meridian Low Beta Equity Strategy ETF,ETF,ETF,40.011600494384766,0.7772747305581154,0.0005310843338715,60.891457278891856,US
SIXZ,SIXZ,N/A,N/A,31.56889915466309,-0.4763561222014003,-0.0124692774262448,53.99733124007092,US
SJB,ProShares Short High Yield,ETF,ETF,15.15999984741211,0.1320971178060502,0.0005774913377913,51.90101375625115,US
SJCP,SanJac Alpha Core Plus Bond ETF,ETF,ETF,25.04910087585449,0.1563400504391134,0.0004736205150506,57.87671483076276,US
SJLD,SanJac Alpha Low Duration ETF,ETF,ETF,25.215599060058597,0.1811640191753327,3.4011480555914964e-05,71.78348118519945,US
SJNK,State Street SPDR Bloomberg Short Term High Yield Bond ETF,ETF,ETF,24.920000076293945,0.0401454393540466,-0.0008776442186458,54.96728687292005,US
SKOR,FlexShares Credit-Scored US Corporate Bond Index Fund,ETF,ETF,48.244998931884766,0.1557001573394398,0.0055218894435332,51.21681951228243,US
SKRE,Tuttle Capital Daily 2X Inverse Regional Banks ETF,ETF,ETF,5.960000038146973,-4.410586840074786,-0.0017098700357008,36.5591594243941,US
SKT,Tanger Inc.,Real Estate,REIT - Retail,41.77999877929688,5.425177020526113,0.0722375109472605,68.5934538412164,US
SKY,"Champion Homes, Inc.",Consumer Cyclical,Residential Construction,82.69999694824219,1.8096682636454904,-0.0216965174713321,51.72233737484389,US
SKYT,"SkyWater Technology, Inc.",Technology,Semiconductors,31.36000061035156,-3.6263069206390592,0.0208738476640065,33.02592503608204,US
SKYU,ProShares Ultra Cloud Computing,ETF,ETF,36.8114013671875,-5.210757731404836,-0.0977126452933712,49.38792577263151,US
SKYW,SKYW,N/A,N/A,97.2300033569336,-2.4969894036188363,-0.1739189253389876,54.22701359068763,US
SKYY,First Trust Cloud Computing ETF,ETF,ETF,136.10000610351562,-2.6257409005949475,-0.1843064872722903,50.4774564363959,US
SLAB,Silicon Laboratories Inc.,Technology,Semiconductors,217.47000122070312,-0.5305784367205895,-0.0439188000377891,44.0866696466611,US
SLB,SLB,N/A,N/A,46.9900016784668,-1.6122208335992414,-0.0129445375754726,38.71958131871047,US
SLDE,"Slide Insurance Holdings, Inc.",Financial Services,Insurance - Property & Casualty,20.5,-3.4839914269886427,-0.0395005843733118,58.05595409454234,US
SLDP,"Solid Power, Inc.",Consumer Cyclical,Auto Parts,2.309999942779541,-0.4310340840949625,0.0013524158797925,36.35118886316784,US
SLG,SL Green Realty Corp.,Real Estate,REIT - Office,51.540000915527344,5.875103928558275,0.0873993819386655,58.94838664573045,US
SLGN,Silgan Holdings Inc.,Consumer Cyclical,Packaging & Containers,47.18000030517578,4.891064440482369,0.0584187100247013,70.42456752146265,US
SLJY,Amplify SILJ Junior Silver Miners Covered Call ETF,EQUITY,EQUITY,26.059999465942383,-5.063756861069841,-0.0328644505015996,37.62229216554744,US
SLM,SLM,Financial Services,Credit Services,25.34000015258789,1.5224402325865023,-0.0141768627931744,59.0736318983354,US
SLN,Silence Therapeutics plc,Healthcare,Biotechnology,10.5,15.511549216098611,-0.0018567287303454,62.67514132751529,US
SLNZ,TCW Senior Loan ETF,ETF,ETF,45.7400016784668,0.3070245812072948,1.5764928427794422e-05,67.39151719663545,US
SLRC,SLR Investment Corp.,Financial Services,Asset Management,13.119999885559082,1.1565120697151352,-0.013923319941898,57.55151452086661,US
SLTY,YieldmaxTM Ultra Short Option Income Strategy ETF,EQUITY,EQUITY,22.23240089416504,-0.0275914759921567,0.009022616351409,45.298796675762574,US
SLV,SLV,ETF,ETF,50.77999877929688,-5.875814529775108,-0.029492642050966,34.72105346421887,US
SLVM,Sylvamo Corporation,Basic Materials,Paper & Paper Products,38.34000015258789,-2.143951368159955,-0.023131466261721,48.34975723487327,US
SLVP,iShares MSCI Global Silver and Metals Miners ETF,ETF,ETF,29.0,-6.179229559498109,-0.0369339232544044,38.420548909647145,US
SLVR,Sprott Silver Miners & Physical Silver ETF,ETF,ETF,47.06499862670898,-6.450015221634967,-0.0612174030617094,38.50721140888454,US
SLVX,Nicholas Silver Income ETF,EQUITY,EQUITY,12.609999656677246,-8.217487716905545,-0.0183049641925929,34.081516197656555,US
SLX,VanEck Steel ETF,ETF,ETF,100.22000122070312,1.1097643700973616,0.0144319508229535,45.729976751002056,US
SLYG,State Street SPDR S&P 600 Small Cap Growth ETF,ETF,ETF,115.27999877929688,-0.8855634089219115,-0.0374435477882089,52.64945345029087,US
SLYV,State Street SPDR S&P 600 Small Cap Value ETF,ETF,ETF,109.26000213623048,1.4673122460780144,0.0177894316247756,60.12700563357964,US
SM,SM Energy Company,Energy,Oil & Gas E&P,31.31999969482422,12.621360288698927,0.0608622968927983,61.93560153084645,US
SMA,"SmartStop Self Storage REIT, Inc.",Real Estate,REIT - Industrial,34.290000915527344,3.9405855438591297,0.0194093658284933,62.8531020156917,US
SMAX,SMAX,N/A,N/A,27.929800033569336,-0.1615740742950293,-0.0041449932707742,59.48773464317554,US
SMBS,Schwab Mortgage-Backed Securities ETF,ETF,ETF,25.20499992370605,0.0,0.0029540761217235,48.20745968900362,US
SMC,Summit Midstream Corporation,Energy,Oil & Gas Midstream,29.440000534057617,-3.189737975079402,-0.1000873013565152,46.48778768906217,US
SMCF,Themes US Small Cap Cash Flow Champions ETF,ETF,ETF,39.88769912719727,1.5186652297595122,-0.0009861751866497,73.98899336149799,US
SMCI,SMCI,N/A,N/A,24.18000030517578,-14.588481945169557,-0.0785366015859247,34.77007037980924,US
SMCP,SMART Mid Cap ETF,EQUITY,EQUITY,24.436599731445312,-2.83658011095688,-0.022177031040888,45.81050747066074,US
SMCX,Defiance Daily Target 2X Long SMCI ETF,ETF,ETF,5.849999904632568,-28.308823357541392,-0.0316374597064461,34.23929586933623,US
SMDV,ProShares Russell 2000 Dividend Growers ETF,ETF,ETF,78.20999908447266,2.148496820496141,0.0268348468068515,64.34374216719746,US
SMG,The Scotts Miracle-Gro Company,Basic Materials,Agricultural Inputs,70.9800033569336,8.399510870546727,0.1304297116568287,62.60422200507338,US
SMHB,ETRACS 2xMonthly Pay Leveraged US Small Cap High Dividend ETN,ETF,ETF,4.28879976272583,6.224521599235452,0.001761340978003,69.98932239558455,US
SMIN,iShares MSCI India Small-Cap ETF,ETF,ETF,69.69999694824219,-1.803333823830216,-0.0249774808475102,52.16008536208586,US
SMLF,iShares U.S. Small-Cap Equity Factor ETF,ETF,ETF,86.4800033569336,-1.2221583752448946,-0.0230450823045527,48.13625133851893,US
SMLV,State Street SPDR US Small Cap Low Volatility Index ETF,ETF,ETF,159.54299926757812,1.548595664040917,0.0128895040283256,65.22599191852802,US
SMMD,iShares Russell 2500 ETF,ETF,ETF,89.66000366210938,-0.5104295056072915,-0.0023014486060798,50.94159044190775,US
SMMU,PIMCO Short Term Municipal Bond Active Exchange-Traded Fund,ETF,ETF,50.36000061035156,-0.0396992007535503,0.0010002621059654,55.98787147717743,US
SMN,ProShares UltraShort Materials,ETF,ETF,20.537500381469727,1.923080745783742,0.0018631635720037,53.97135318498381,US
SMOM,Symmetry Panoramic Sector Momentum ETF,ETF,ETF,27.921600341796875,-0.2122888980397752,-0.0040014109974188,53.78682881358824,US
SMOX,Horizon Small/Mid Cap Core Equity ETF,ETF,ETF,30.11199951171875,-0.1061557489662358,0.0010101868014524,52.95691222904833,US
SMPL,The Simply Good Foods Company,Consumer Defensive,Packaged Foods,11.079999923706056,-13.234146229260013,-0.0720868845662776,36.56022926559006,US
SMRI,Bushido Capital US Equity ETF,ETF,ETF,42.75339889526367,0.9883071213871208,-0.0039101102005177,63.916330355992045,US
SMST,Defiance Daily Target 2X Short MSTR ETF,ETF,ETF,62.07720184326172,-2.2560171880616973,0.105605810257968,51.978739776610624,US
SMTH,ALPS Smith Core Plus Bond ETF,ETF,ETF,25.524999618530277,0.1175230284238298,0.0053054368450126,48.71966414678519,US
SMU,Tradr 2X Long SMR Daily ETF,ETF,ETF,4.769999980926514,-29.017855210521127,-0.0025855696827967,31.758165160030543,US
SMWB,Similarweb Ltd.,Technology,Software - Application,6.960000038146973,4.504507471594538,-0.0223330735865342,65.13012267885782,US
SN,SN,N/A,N/A,154.52999877929688,1.231578747449788,0.0818139506118145,67.68319355889099,US
SNA,SNA,Industrials,Tools & Accessories,410.989990234375,2.251576787082304,0.0833683774808609,62.08363943695778,US
SNAP,Snap Inc.,Communication Services,Internet Content & Information,4.53000020980835,-3.2051201716287787,-0.0116229526268419,38.918560268362505,US
SNAV,Mohr Sector Nav ETF,ETF,ETF,38.25429916381836,-1.0954605321166175,-0.0192527121299808,48.12267560256007,US
SNDA,"Sonida Senior Living, Inc.",Healthcare,Medical Care Facilities,40.84000015258789,0.914254807819196,0.0232904706367507,60.74997163546711,US
SNDG,Leverage Shares 2X Long SNDK Daily ETF,ETF,ETF,8.270000457763672,-52.71583438542859,-0.0795300402693852,37.88696149916384,US
SNDK,Sandisk Corporation,Technology,Computer Hardware,1354.8199462890625,-29.28619591560919,-8.496822309261148,38.68137188199338,US
SNDR,"Schneider National, Inc.",Industrials,Trucking,38.18999862670898,4.917574246686401,0.0522576363645141,62.533674760213664,US
SNDX,"Syndax Pharmaceuticals, Inc.",Healthcare,Biotechnology,22.799999237060547,-3.4307554102132416,-0.0867737600464545,56.44268463253563,US
SNOU,T-Rex 2X Long SNOW Daily Target ETF,ETF,ETF,45.1870002746582,5.350652977441951,-0.1473282975251151,61.71226311555112,US
SNOW,Snowflake Inc.,Technology,Software - Application,268.8999938964844,2.8494860744369745,-0.4089585272533966,64.79398574025043,US
SNPD,Xtrackers S&P Dividend Aristocrats Screened ETF,ETF,ETF,30.61549949645996,2.187918664947591,0.0116729182122109,66.1860465845177,US
SNPE,SNPE,N/A,N/A,67.5999984741211,-1.7584640712162591,-0.0612082321276827,45.65786843632539,US
SNPS,"Synopsys, Inc.",Technology,Software - Infrastructure,384.2749938964844,-13.742986779689254,-2.2403619809227617,23.86092998871183,US
SNSR,Global X Internet of Things ETF,ETF,ETF,45.99570083618164,-5.552977175342831,-0.0239739974690155,38.99136276410915,US
SNTH,SNTH,N/A,N/A,29.46999931335449,-1.864806395226128,-0.0271586875737321,46.07633516905201,US
SNX,SNX,Technology,Electronics & Computer Distribution,242.6199951171875,-3.538489584960581,0.0839013493560978,38.96316477979376,US
SNXX,Tradr 2X Long Sndk Daily ETF,ETF,ETF,13.199999809265137,-52.95794704028224,-0.1167930857005226,38.06084668413392,US
SO,SO,Utilities,Utilities - Regulated Electric,95.3000030517578,-0.3242313111753991,-0.0314638903577566,50.50070791139599,US
SOCL,Global X Social Media ETF,ETF,ETF,45.75189971923828,-1.3116930179192028,-0.0899792222471709,50.89221899967119,US
SOEZ,Franklin Solana ETF,ETF,ETF,13.114999771118164,-3.4454863114071324,-0.0308475306637443,48.95045758128672,US
SOFA,Direxion Daily SOFI Bull 2X ETF,ETF,ETF,13.744999885559082,-15.932724373896786,-0.0742610052627569,44.97927366054397,US
SOFI,"SoFi Technologies, Inc.",Financial Services,Credit Services,17.280000686645508,-7.987220155250861,-0.0439945464248381,46.43169581947205,US
SOFX,Defiance Daily Target 2X Long SOFI ETF,ETF,ETF,9.338600158691406,-16.095237532165086,-0.0499865091929539,44.59041272133933,US
SOLR,Guinness Atkinson Sustainable Energy ETF,ETF,ETF,34.904998779296875,0.0,0.0121434294026747,46.66200613332708,US
SOLZ,Solana ETF,ETF,ETF,7.539999961853027,-3.209242634457368,-0.0174482159134125,48.63066215199832,US
SON,Sonoco Products Company,Consumer Cyclical,Packaging & Containers,56.56999969482422,1.2166761721270054,0.1006964413243056,61.77607654996709,US
SONO,"Sonos, Inc.",Technology,Consumer Electronics,15.109999656677246,4.206894183981008,0.0402199902633919,56.34487878235807,US
SOPH,SOPHiA GENETICS SA,Healthcare,Health Information Services,5.869999885559082,3.893801530588175,0.0034272485446433,60.736363343796505,US
SOVF,Sovereign's Capital Flourish Fund,ETF,ETF,30.42230033874512,-0.0384427827686336,-0.0244317251402107,62.14968433874674,US
SOXL,Direxion Daily Semiconductor Bull 3X Shares,ETF,ETF,135.47000122070312,-29.53812280698552,-0.4578400552821655,39.35215615605849,US
SOXQ,Invesco PHLX Semiconductor ETF,ETF,ETF,91.86000061035156,-9.994118354143854,-0.1426910523931925,40.72820973920971,US
SOXY,YieldMax Target 12 Semiconductor Option Income ETF,ETF,ETF,91.04000091552734,-11.490487085125393,-0.1935810287577406,40.03448019649527,US
SPAB,State Street SPDR Portfolio Aggregate Bond ETF,ETF,ETF,25.309999465942383,0.1186660541220722,0.0037574958218535,48.00355582995383,US
SPAM,Themes Cybersecurity ETF,ETF,ETF,42.62590026855469,0.7156827107234153,-0.057826994877042,58.8353106065096,US
SPB,"Spectrum Brands Holdings, Inc.",Consumer Defensive,Household & Personal Products,88.69000244140625,6.457814236555012,0.0931236013519944,61.570147927780425,US
SPBU,AllianzIM Buffer15 Uncapped Allocation ETF,ETF,ETF,30.033300399780277,-1.2224972158230951,-0.0218365638607646,47.69778739704135,US
SPBW,AllianzIM Buffer20 Allocation ETF,ETF,ETF,28.780000686645508,-0.208042529906155,-0.0064300567963026,56.127724110605214,US
SPBX,AllianzIM 6 Month Buffer10 Allocation ETF,ETF,ETF,29.222000122070312,-0.4700289012684647,-0.0108067890752972,54.61616214338856,US
SPCK,SPAC and New Issue ETF,ETF,ETF,22.2539005279541,0.1300344026471681,-0.0024412531744668,52.352371484597526,US
SPCL,Tidal Trust II - Defiance Daily 2X Space ETF,ETF,ETF,24.38999938964844,-25.34435030108904,-0.0256042233051139,36.12660720797217,US
SPCT,Liberty One Spectrum ETF,ETF,ETF,27.745800018310547,0.335587967998093,-0.0038214849296072,60.13077576691845,US
SPDF,Defender Risk Adaptive 500 ETF,ETF,ETF,27.276599884033203,-1.4929600651901305,-0.0250196224484246,48.28540694672408,US
SPDN,Direxion Daily S&P 500 Bear 1X Shares,ETF,ETF,8.75,1.862629156809812,0.0088211797472889,53.42756383189832,US
SPEM,State Street SPDR Portfolio Emerging Markets ETF,ETF,ETF,50.18999862670898,-3.425057826023384,-0.0656795929754166,42.37788756140545,US
SPEU,State Street SPDR Portfolio Europe ETF,ETF,ETF,54.91999816894531,0.0,-0.0059877827324558,52.79995307881891,US
SPG,SPG,Real Estate,REIT - Retail,228.6999969482422,4.539010139349004,0.3082299887664197,65.30912010420678,US
SPGI,S&P Global Inc.,Financial Services,Financial Data & Stock Exchanges,450.8399963378906,4.72473782529399,-0.4514028312311779,65.73777499429886,US
SPHB,Invesco S&P 500 High Beta ETF,ETF,ETF,140.94000244140625,-5.694208551762724,-0.1915358372435394,40.8396389405647,US
SPHD,Invesco S&P 500 High Dividend Low Volatility ETF,ETF,ETF,52.869998931884766,2.026243232813876,0.0089504806396771,62.93426946067099,US
SPHQ,Invesco S&P 500 Quality ETF,ETF,ETF,84.77999877929688,-3.790290357673312,-0.0667731276823088,41.72169454142165,US
SPHR,Sphere Entertainment Co.,Communication Services,Entertainment,142.6199951171875,-3.7651834992975504,0.3813246476279932,43.948917674817366,US
SPHY,State Street SPDR Portfolio High Yield Bond ETF,ETF,ETF,23.32999992370605,0.0,-0.001303025451065,54.96174136979637,US
SPIB,State Street SPDR Portfolio Intermediate Term Corporate Bond ETF,ETF,ETF,33.27000045776367,0.1505094377581982,0.0030120446824083,50.637124926624814,US
SPIP,State Street SPDR Portfolio TIPS ETF,ETF,ETF,25.3799991607666,0.1183383780885598,0.004666744789242,49.844022067410165,US
SPIR,"Spire Global, Inc.",Industrials,Specialty Business Services,12.140000343322754,-17.41496257931148,-0.0266443475451012,31.1891439658595,US
SPIT,F/m Emerald Special Situations ETF,ETF,ETF,32.40829849243164,-3.741537372431753,-0.0189682955072101,42.2689387139319,US
SPLB,State Street SPDR Portfolio Long Term Corporate Bond ETF,ETF,ETF,21.88999938964844,0.0,0.0104167168662526,40.740583848601375,US
SPLV,Invesco S&P 500 Low Volatility ETF,ETF,ETF,76.56999969482422,0.9625572154318192,0.001410104704227,58.53156447963045,US
SPMB,State Street SPDR Portfolio Mortgage Backed Bond ETF,ETF,ETF,22.13999938964844,0.0904093564931896,0.0033775153436664,48.52239324015137,US
SPMD,State Street SPDR Portfolio S&P 400 Mid Cap ETF,ETF,ETF,66.18000030517578,-0.1659384655790473,-0.0014053329619806,50.857216940200615,US
SPMO,Invesco S&P 500 Momentum ETF,ETF,ETF,143.88999938964844,-6.413008527057927,-0.2117781902543474,41.33325783755391,US
SPOG,Leverage Shares 2X Long SPOT Daily ETF,ETF,ETF,6.722400188446045,-0.9518194951849424,-0.0092858487048254,49.061094560494034,US
SPOT,Spotify Technology S.A.,Communication Services,Internet Content & Information,478.1400146484375,-0.3397407929965219,-0.3639493220581984,50.44078006967028,US
SPRE,SP Funds S&P Global REIT Sharia ETF,ETF,ETF,21.709999084472656,2.1406725084511566,0.0178660489763549,62.81579864287063,US
SPRX,Spear Alpha ETF,ETF,ETF,44.09999847412109,-13.614105517741107,-0.0624620388312076,35.67973452232076,US
SPSB,State Street SPDR Portfolio Short Term Corporate Bond ETF,ETF,ETF,29.93000030517578,0.1338270871333538,0.000669467050322,57.49471910852511,US
SPSC,"SPS Commerce, Inc.",Technology,Software - Application,65.58999633789062,7.789643356828359,-0.0133221955722762,73.05256029807808,US
SPSK,SP Funds Dow Jones Global Sukuk ETF,ETF,ETF,17.920000076293945,-0.2227116381831675,0.0004037150908867,43.98198202084809,US
SPSM,State Street SPDR Portfolio S&P 600 Small Cap ETF,ETF,ETF,56.7599983215332,0.2826852503984876,-0.0058324467953974,56.79375034297417,US
SPT,"Sprout Social, Inc.",Technology,Software - Application,8.619999885559082,4.106282168512645,-0.0172274066827642,65.56053511798729,US
SPTE,SP Funds S&P Global Technology ETF,ETF,ETF,44.93999862670898,-5.687309155064997,-0.0673641330803877,42.036231084014425,US
SPTI,State Street SPDR Portfolio Intermediate Term Treasury ETF,ETF,ETF,28.25,0.2128395346069423,0.0044016752395196,51.99415486855247,US
SPTL,State Street SPDR Portfolio Long Term Treasury ETF,ETF,ETF,25.729999542236328,0.1556987440528997,0.0137859484624618,44.99793768186407,US
SPTM,State Street SPDR Portfolio S&P 1500 Composite Stock Market ETF,ETF,ETF,90.29000091552734,-1.4408903897278915,-0.0793160810072466,48.93709434239756,US
SPTS,State Street SPDR Portfolio Short Term Treasury ETF,ETF,ETF,28.96999931335449,0.1728880944973849,0.0010857930558716,59.559518453887605,US
SPUC,Simplify US Equity Income ETF,ETF,ETF,49.040000915527344,-1.4172239049050284,-0.0444478126205721,50.33023711647218,US
SPUS,SP Funds S&P 500 Sharia Industry Exclusions ETF,ETF,ETF,56.45000076293945,-2.301831160359894,-0.055092582395977,46.50591557151915,US
SPUU,Direxion Daily S&P 500 Bull 2X Shares,ETF,ETF,212.38999938964844,-3.2700312861802923,-0.4101471149209434,47.45099231053365,US
SPWO,SPWO,N/A,N/A,31.76000022888184,-4.824689105592356,-0.0272614264019976,39.115728985269016,US
SPXD,Xtrackers S&P 500 Diversified Sector Weight ETF,ETF,ETF,28.687599182128903,-0.3522191702552987,-0.004175391749677,55.16389629785823,US
SPXE,ProShares S&P 500 ex-Energy ETF,ETF,ETF,80.87999725341797,-0.258970395802732,-0.0319159951315872,53.98802692010264,US
SPXL,Direxion Daily S&P500 Bull 3X Shares,ETF,ETF,265.7300109863281,-4.81767391729712,-0.7747338292099424,47.184513642757565,US
SPXN,ProShares S&P 500 ex-Financials ETF,ETF,ETF,81.2261962890625,-1.890065430091207,-0.0734455129851541,46.533829349061584,US
SPXT,ProShares S&P 500 ex-Technology ETF,ETF,ETF,109.83100128173828,-0.1826708622605534,-0.0783036199786294,55.73083536317072,US
SPYD,State Street SPDR Portfolio S&P 500 High Dividend ETF,ETF,ETF,49.38999938964844,2.172112606011928,0.0209635848439381,64.3261106362636,US
SPYH,NEOS S&P 500 Hedged Equity Income ETF,ETF,ETF,55.88240051269531,-0.7734654544277189,-0.0321593695579759,52.2995425604161,US
SPYI,Neos S&P 500(R) High Income ETF,ETF,ETF,53.06999969482422,-1.1731863299153316,-0.0442013931770024,50.49886275718082,US
SPYT,SPYT,N/A,N/A,17.200000762939453,-1.4326646938088012,-0.0148096565395301,48.87229159972379,US
SPYX,State Street SPDR S&P 500 Fossil Fuel Reserves Free ETF,ETF,ETF,61.0099983215332,-1.4696380399256872,-0.0593707315384155,49.38203459744301,US
SQLT,Ishares MSCI USA Small-Cap Quality Factor ETF,ETF,ETF,28.56999969482422,0.8115721277274782,0.021517685807543,57.66614519669294,US
SQLV,Royce Quant Small-Cap Quality Value ETF,ETF,ETF,53.10559844970703,1.1535208565848214,-0.0158580942543419,64.86175317860247,US
SR,SR,Utilities,Utilities - Regulated Gas,81.41000366210938,0.8423142287871324,-0.0435994462277054,52.848725024616165,US
SRAD,Sportradar Group AG,Technology,Software - Application,14.380000114440918,-6.925564453292457,-0.045753721444866,42.41852208576677,US
SRCE,1st Source Corporation,Financial Services,Banks - Regional,83.4800033569336,2.5049126404374387,0.0073574571772871,64.00717581835039,US
SRE,SRE,Utilities,Utilities - Diversified,92.25,-2.070060521672421,-0.0966011557047838,47.980717805578486,US
SRET,Global X SuperDividend REIT ETF,ETF,ETF,23.170000076293945,2.295807799211848,0.0062870698676071,68.67433286080151,US
SRHQ,SRH U.S. Quality GARP ETF,ETF,ETF,47.3026008605957,1.4511247327314707,-0.0103270759619913,65.549159752778,US
SRHR,SRH REIT Covered Call ETF,ETF,ETF,61.61299896240234,3.107635095189004,0.0968568379535971,69.99809745693327,US
SRLN,State Street Blackstone Senior Loan ETF,ETF,ETF,40.36000061035156,0.0247884426486006,-0.0026849135965422,67.96165759231259,US
SROI,Calamos Antetokounmpo Global Sustainable Equities ETF,ETF,ETF,36.701698303222656,-1.501042000674055,-0.0267426662414423,46.86245563051575,US
SRPT,"Sarepta Therapeutics, Inc.",Healthcare,Biotechnology,17.219999313354492,-9.12929488091804,-0.0631212109841706,44.44669859703575,US
SRRK,Scholar Rock Holding Corporation,Healthcare,Biotechnology,52.86000061035156,-6.788923534254179,-0.0857203113961915,51.48334004116228,US
SRTA,"Strata Critical Medical, Inc.",Healthcare,Medical Care Facilities,5.150000095367432,0.782778098002071,-0.0016836793320712,43.03432740532905,US
SRTY,ProShares UltraPro Short Russell2000,ETF,ETF,22.8700008392334,1.961660847396805,0.0072779860081676,48.83333493384923,US
SSCP,SMART Small Cap ETF,EQUITY,EQUITY,25.36479949951172,-1.5723746645486734,-0.0227170610782503,45.80803792413519,US
SSFI,Day Hagan Smart Sector Fixed Income ETF,ETF,ETF,21.173999786376957,-0.028331060964913,0.0035071070185756,46.42878266414564,US
SSII,"SS Innovations International, Inc.",Healthcare,Medical Devices,3.640000104904175,-3.9577799065600474,-4.500347591801512e-05,48.76083817810706,US
SSK,REX-Osprey SOL + Staking ETF,ETF,ETF,10.1697998046875,-3.512335469690484,-0.0246164192278847,48.74643810792408,US
SSMG,Virtus Silvant Small/Mid Growth ETF,ETF,ETF,25.920000076293945,-4.740900593836649,-0.0244772952083579,39.04025056115938,US
SSO,ProShares Ultra S&P500,ETF,ETF,66.5199966430664,-3.201403577644187,-0.1284094453134762,47.44774304585009,US
SSRM,SSR Mining Inc.,Basic Materials,Gold,25.56999969482422,-10.531841276826428,-0.0727739577460323,36.224314018207664,US
SSTK,"Shutterstock, Inc.",Communication Services,Internet Content & Information,7.409999847412109,-12.720847500845275,0.0491631402415435,23.36347699294176,US
SSUS,Day Hagan Smart Sector ETF,ETF,ETF,54.40999984741211,-1.946299870943756,-0.0479038291003882,46.58528779288872,US
ST,Sensata Technologies Holding plc,Technology,Scientific & Technical Instruments,45.04999923706055,-0.5957644739227731,0.096684766688339,44.12748756784343,US
STAA,STAAR Surgical Company,Healthcare,Medical Instruments & Supplies,26.440000534057617,-4.755042089123887,-0.1062403431653734,40.45553336755735,US
STAG,"STAG Industrial, Inc.",Real Estate,REIT - Industrial,41.68000030517578,6.926631079135593,0.0558016204740083,72.25995846506231,US
STBA,"S&T Bancorp, Inc.",Financial Services,Banks - Regional,49.970001220703125,2.5025666065705128,0.0090184122685832,62.26180216848903,US
STBF,Performance Trust Short Term Bond ETF,ETF,ETF,25.26499938964844,0.1624541802687889,0.0023058900401162,61.53064260478985,US
STC,Stewart Information Services Corporation,Financial Services,Insurance - Property & Casualty,72.0,5.17090412338356,0.0798834409245863,64.7938656786859,US
STE,STERIS plc,Healthcare,Medical Devices,217.83999633789065,0.8518501564308448,0.0457334204690542,55.120847177293385,US
STEP,StepStone Group Inc.,Financial Services,Asset Management,43.54999923706055,1.3733709617352825,-0.0331779175286859,48.95135018674577,US
STEW,"SRH Total Return Fund, Inc.",Financial Services,Asset Management,18.229999542236328,0.6070568317235431,-0.00580061126411,61.47044909510773,US
STGW,Stagwell Inc.,Communication Services,Advertising Agencies,7.510000228881836,-3.8412255582032255,-0.0195693551097266,56.19980640236266,US
STHH,STMicroelectronics NV ADRhedged,ETF,ETF,12.601400375366213,-12.84374084600538,-0.031902098680598,39.47617068888555,US
STIP,iShares 0-5 Year TIPS Bond ETF,ETF,ETF,101.44000244140624,0.0986837449472386,0.0047837435055494,58.33669171492021,US
STLD,"Steel Dynamics, Inc.",Basic Materials,Steel,235.50999450683597,3.1039297761690205,0.3510751402483487,47.27796107302912,US
STLU,2x Stellar ETF,ETF,ETF,19.41819953918457,-3.295818660537821,0.0500959547183755,46.65754116801448,US
STOK,"Stoke Therapeutics, Inc.",Healthcare,Biotechnology,29.049999237060547,-7.425111491459751,-0.0238896102422741,38.57284993842968,US
STOT,State Street DoubleLine Short Duration Total Return Tactical ETF,ETF,ETF,46.93999862670898,0.1600276230794345,0.0019626312259125,62.972312566288586,US
STOX,Horizon Core Equity ETF,ETF,ETF,30.89080047607422,-1.527575232194001,-0.0256433766705405,50.2403833650974,US
STPZ,PIMCO 1-5 Year U.S. TIPS Index Exchange-Traded Fund,ETF,ETF,52.9900016784668,0.0944523102661835,0.0038033496352509,56.54737557976079,US
STRA,"Strategic Education, Inc.",Consumer Defensive,Education & Training Services,76.52999877929688,-9.087671059807002,-0.2595168334885427,42.86813187400837,US
STRL,"Sterling Infrastructure, Inc.",Industrials,Engineering & Construction,638.5599975585938,-6.4092954428531055,1.4139337176929772,37.16164779475375,US
STRN,SMART Trend 25 ETF,EQUITY,EQUITY,26.07889938354492,-5.346619700145024,-0.0308051691479724,41.30689832317477,US
STRO,"Sutro Biopharma, Inc.",Healthcare,Biotechnology,23.56999969482422,-20.71981144386101,-0.0953223801467858,33.39847630816152,US
STRZ,Starz Entertainment Corp.,Communication Services,Entertainment,26.770000457763672,-3.877917087658797,-0.0074963758275441,47.39215211388678,US
STT,State Street Corporation,Financial Services,Asset Management,182.5,1.265119722480035,-0.2938379627396488,65.03505117155379,US
STTK,"Shattuck Labs, Inc.",Healthcare,Biotechnology,7.53000020980835,13.403619897869234,0.0332682236473764,64.63425892679939,US
STUB,"StubHub Holdings, Inc.",Communication Services,Internet Content & Information,9.25,-16.666669530553406,-0.0201094088110291,35.348474733087755,US
STVN,Stevanato Group S.p.A.,Healthcare,Medical Instruments & Supplies,19.170000076293945,-2.143951368159955,-0.0604871506665486,54.20174866122217,US
STWD,"Starwood Property Trust, Inc.",Real Estate,REIT - Mortgage,17.0,2.1634652857951124,0.0075508244298088,60.7535659267419,US
STX,STX,Technology,Computer Hardware,787.6599731445312,-13.476289088891722,0.571613639315288,42.13138872697181,US
STXD,Strive 1000 Dividend Growth ETF,ETF,ETF,39.23550033569336,-0.952966542793888,-0.0215698881117357,50.25690857747685,US
STXE,Strive Emerging Markets Ex-China ETF,ETF,ETF,46.89939880371094,-6.753225969762898,-0.0241683982782063,39.25727195281615,US
STXF,Strive 500 ETF,EQUITY,EQUITY,47.9900016784668,-1.63967866785989,-0.0452963980459121,47.70649468309385,US
STXG,STXG,N/A,N/A,54.52310180664063,-2.061934576549154,-0.061333449994698,47.05768290454144,US
STXK,Strive Small-Cap ETF,ETF,ETF,38.366798400878906,0.0829511338611981,-0.0008345953463449,56.72689891755071,US
STXU,Leverage Shares 2X Long STX Daily ETF,ETF,ETF,11.510000228881836,-27.1057615155872,0.0191739532905054,39.99541616690709,US
STXV,Strive 1000 Value ETF,ETF,ETF,38.37580108642578,0.2869446752243649,8.621137367131881e-05,60.68150872856516,US
STXX,Tradr 2X Long STX Daily ETF,ETF,ETF,37.88999938964844,-27.06448732782553,0.086853343839921,40.62450632275313,US
STZ,"Constellation Brands, Inc.",Consumer Defensive,Beverages - Brewers,132.8699951171875,-0.8876640780827512,0.0699956903993599,42.29037618367195,US
SUB,SUB,ETF,ETF,106.20999908447266,-0.1034618234267333,-0.0012473939687732,50.30210034315125,US
SUIS,Canary Staked SUI ETF,ETF,ETF,19.184999465942383,0.3399509615899705,-0.0310769654127973,46.21187578321431,US
SUJA,"Suja Life, Inc.",Consumer Defensive,Beverages - Non-Alcoholic,9.31999969482422,-0.5336199716706816,-0.0039179118436472,38.31620357011681,US
SUNB,"Sunbelt Rentals Holdings, Inc.",Industrials,Rental & Leasing Services,73.41000366210938,-1.910733225219656,0.0638792420884946,47.75117634639252,US
SUPL,SUPL,N/A,N/A,48.63850021362305,3.078242199560258,0.0300141805534628,71.29624633463045,US
SURE,AdvisorShares Insider Advantage ETF,ETF,ETF,148.43299865722656,-0.0787643164776532,-0.0592637150189383,59.62836776508179,US
SURI,Simplify Propel Opportunities ETF,ETF,ETF,17.882200241088867,-0.3610645825657053,-0.020454814934411,57.70746529062816,US
SUSA,iShares ESG Optimized MSCI USA ETF,ETF,ETF,153.00999450683594,-1.759233061421549,-0.1436394552580979,49.00596735605976,US
SUSL,iShares ESG MSCI USA Leaders ETF,ETF,ETF,131.09129333496094,-1.7858869897380003,-0.1346006822705474,47.06850759588621,US
SVAL,iShares US Small Cap Value Factor ETF,ETF,ETF,42.41749954223633,1.2834251681294986,-0.0089208448873978,63.63239435753904,US
SVCO,"Silvaco Group, Inc.",Technology,Software - Application,7.940000057220459,-26.88765830357492,-0.0854078381401394,32.44018922971837,US
SVIX,-1x Short VIX Futures ETF,ETF,ETF,23.26000022888184,-6.47366528356414,-0.1050081412261154,49.54121658584393,US
SVOL,Simplify Volatility Premium ETF,ETF,ETF,16.06999969482422,-0.8636606881893107,-0.0126920717485534,53.99022942486846,US
SVRA,Savara Inc.,Healthcare,Biotechnology,5.519999980926514,-8.457714944226264,-0.0119161404364889,43.08846549065092,US
SVV,"Savers Value Village, Inc.",Consumer Cyclical,Specialty Retail,9.9399995803833,1.7400114089507552,0.0130906961192302,56.36376895917566,US
SVXY,ProShares Short VIX Short-Term Futures ETF,ETF,ETF,56.59999847412109,-3.313977470218449,-0.1302939813152681,50.23009591836314,US
SW,Smurfit Westrock Plc,Consumer Cyclical,Packaging & Containers,44.29999923706055,0.1582629336393601,0.0581861378028202,52.2782721716895,US
SWAN,Amplify BlackSwan Growth & Treasury Core ETF,ETF,ETF,33.031700134277344,-0.7460897059106719,-0.0122304361472854,47.44955950419825,US
SWBI,"Smith & Wesson Brands, Inc.",Industrials,Aerospace & Defense,14.859999656677246,-4.743594273699388,-0.0248513214869922,45.870529519662526,US
SWMR,"Swarmer, Inc",Technology,Software - Infrastructure,36.540000915527344,-12.99999782017299,-0.0393021617073319,42.076288363717936,US
SWP,SWP Growth & Income ETF,ETF,ETF,27.949899673461918,-1.4286717521225687,-0.0124103714165777,46.89877610204522,US
SWRD,Stewards Inc.,Financial Services,Credit Services,2.900000095367432,-3.3333301544189453,-0.007669242288817,51.010559997955866,US
SWX,"Southwest Gas Holdings, Inc.",Utilities,Utilities - Regulated Gas,92.05999755859376,0.9651209151926448,-0.0507905552490374,58.3774611052518,US
SXI,Standex International Corporation,Industrials,Specialty Industrial Machinery,302.7200012207031,-4.075031972478284,0.0502482618945361,45.97305482309604,US
SXQG,ETC 6 Meridian Quality Growth ETF,ETF,ETF,32.400001525878906,0.3748635328926205,0.0027353743428078,59.522538943266696,US
SXT,Sensient Technologies Corporation,Basic Materials,Specialty Chemicals,109.0500030517578,-5.861527538663987,-0.1524379390989045,35.00961634298744,US
SYF,Synchrony Financial,Financial Services,Credit Services,73.62000274658203,1.6289346568289187,0.0366861011384596,48.89722574127504,US
SYFI,AB Short Duration High Yield ETF,ETF,ETF,35.63999938964844,0.1123621270838588,0.000111498552242,58.34659622132515,US
SYK,Stryker Corporation,Healthcare,Medical Devices,319.8699951171875,-3.005034780396606,-0.4005454262865018,50.62210171955573,US
SYLD,Cambria Shareholder Yield ETF,ETF,ETF,82.9800033569336,3.144818526617341,0.03144433346962,69.25428044060668,US
SYM,Symbotic Inc.,Industrials,Specialty Industrial Machinery,41.25,-5.476625625744976,-0.1164557912266803,43.436584463438905,US
SYNA,Synaptics Incorporated,Technology,Semiconductors,114.04499816894533,-10.030769764124958,-0.215538545867949,41.39592199713926,US
SYRE,"Spyre Therapeutics, Inc.",Healthcare,Biotechnology,100.2300033569336,2.5475808753696145,0.0701163694507149,60.71565308842733,US
SYSB,iShares Systematic Bond ETF,ETF,ETF,87.94999694824219,0.1138286577780093,0.015392973708054,48.768821876123525,US
SYY,SYY,Consumer Defensive,Food Distribution,81.69000244140625,-2.552784615180192,-0.0530708510918442,53.07703962238485,US
SYZ,Lazard US Systematic Small Cap Equity ETF,ETF,ETF,30.046300888061523,-0.7291747079535876,-0.0047300921790382,49.35287529675868,US
SZK,SZK,ETF,ETF,20.93589973449707,-2.804555038782754,-0.0246753298667721,44.65799412716096,US
T,AT&T Inc.,Communication Services,Telecom Services,21.809999465942383,3.218174785536104,0.0155871644977741,49.494437015822,US
TABD,Transamerica Bond Active ETF,EQUITY,EQUITY,24.84499931335449,-0.0442612910990988,0.0026722163725768,47.44146101459923,US
TACN,T. Rowe Price Active Core International Equity ETF,EQUITY,EQUITY,28.270000457763672,-0.8174571080772663,-0.0117520783140406,50.62653826346988,US
TACO,Berto Acquisition Corp.,Financial Services,Shell Companies,10.5,-0.1901184115340195,0.0005175626765668,56.99676326354736,US
TAFL,AB Tax-Aware Long Municipal ETF,ETF,ETF,25.075000762939453,-0.2783841461518284,-0.0034045726153864,47.74277319251859,US
TAFM,AB Tax-Aware Intermediate Municipal ETF,ETF,ETF,25.440000534057617,-0.3525270276822547,-0.0017664810386331,44.67574485569785,US
TAGS,Teucrium Agricultural Fund,ETF,ETF,25.40999984741211,2.3358837111888544,0.0051378998589876,66.23817207075157,US
TAIL,Cambria Tail Risk ETF,ETF,ETF,10.625,0.8064519777477198,0.0070448161282361,48.38045541822541,US
TAL,TAL,Consumer Defensive,Education & Training Services,10.239999771118164,-0.6789587356887578,-0.0202384476274119,57.36440305673949,US
TALO,Talos Energy Inc.,Energy,Oil & Gas E&P,14.920000076293944,10.518519083658855,0.0493096782905156,58.62886129011463,US
TALV,Transamerica Large Value Active ETF,EQUITY,EQUITY,28.16629981994629,0.5472435261948079,-0.0038725975864594,62.47965423776908,US
TAOZ,Thornburg American Opportunities Fund ETF Class,ETF,ETF,87.51640319824219,-0.8537368001400206,-0.0939399913701186,54.094320413517146,US
TAP,Molson Coors Beverage Company,Consumer Defensive,Beverages - Brewers,40.93000030517578,4.493240282114259,0.0417662382915032,55.09623681347952,US
TARK,Tradr 2X Long Innovation ETF,ETF,ETF,41.46009826660156,-11.9462693580598,-0.2179394948993867,40.327901316398616,US
TASK,"TaskUs, Inc.",Technology,Information Technology Services,5.829999923706055,7.763402738261696,-0.013722280585759,60.299555067551104,US
TATT,TAT Technologies Ltd.,Industrials,Aerospace & Defense,40.20000076293945,-7.116446634076036,-0.0497509002183907,41.118607517267804,US
TAX,Cambria Tax Aware ETF,ETF,ETF,30.61969947814941,-1.4810181682322,-0.0102551019494175,46.96317305212894,US
TAXE,T. Rowe Price Intermediate Municipal Income ETF,ETF,ETF,50.970001220703125,-0.4103147386097597,-0.0007687274096392,38.72426023005833,US
TAXF,American Century Diversified Municipal Bond ETF,ETF,ETF,50.47600173950195,-0.1463847649365398,-0.000775796783221,48.76342191731103,US
TAXS,Northern Trust Short-Term Tax-Exempt Bond ETF,ETF,ETF,50.26499938964844,-0.0497147055552883,7.62678562463287e-05,54.97341078844193,US
TAXT,Northern Trust Tax-Exempt Bond ETF,ETF,ETF,51.27999877929688,-0.3981777772640636,-0.0040339246811042,40.16693611247919,US
TBBB,BBB Foods Inc.,Consumer Defensive,Discount Stores,40.7400016784668,-4.321277767644273,0.0407816967113744,49.82511576516513,US
TBF,TBF,N/A,N/A,24.7450008392334,0.1011388615427657,-0.0136306676906809,60.0919827256748,US
TBG,TBG Dividend Focus ETF,ETF,ETF,37.540000915527344,1.240558418978838,0.0012159651069368,59.34631574615248,US
TBIL,F/m US Treasury 3 Month Bill Fund - ETF Class Shares,ETF,ETF,49.959999084472656,0.0600816725686366,0.0005486728311939,98.30358406569783,US
TBJL,Innovator 20+ Year Treasury Bond Buffer ETF – July,ETF,ETF,19.269800186157227,0.0249197854185692,0.011453045561535,31.044385800408165,US
TBLA,Taboola.com Ltd.,Communication Services,Internet Content & Information,5.28000020980835,-4.347821955569661,-0.0207756919262509,54.94605710887146,US
TBLD,Thornburg Income Builder Opportunities Trust,Financial Services,Asset Management,22.049999237060547,1.397953384947348,0.0081120994943881,56.18945356985634,US
TBLL,Invesco Short Term Treasury ETF,ETF,ETF,105.77999877929688,0.0756876379985722,0.0008437406099113,93.5366984690568,US
TBLU,Tortoise Global Water Fund,ETF,ETF,51.6797981262207,0.4720295706709801,-0.0005732198883267,56.829123653483286,US
TBRG,"TruBridge, Inc.",Healthcare,Health Information Services,26.239999771118164,-0.0380961100260416,0.0016573457117548,79.09804336268209,US
TBUX,T. Rowe Price Ultra Short-Term Bond ETF,ETF,ETF,49.88999938964844,0.1003194962027918,0.0003643394916611,77.56640811968123,US
TBX,ProShares Short 7-10 Year Treasury,ETF,ETF,28.48600006103516,-0.0841815771799486,-0.0060812703833346,54.14008396101909,US
TBXU,Direxion Daily Biotech Top 5 Bull 2X ETF,ETF,ETF,33.09700012207031,-1.3090386009470087,0.0479957780677298,57.5851948854671,US
TCAF,T. Rowe Price Capital Appreciation Equity ETF,ETF,ETF,41.119998931884766,-1.908395209933938,-0.0524867630662962,51.68279149596712,US
TCAL,T. Rowe Price Capital Appreciation Premium Income ETF,ETF,ETF,22.56999969482422,-0.9218656079514498,-0.0213050747926192,56.65206856509461,US
TCAN,TCAN,N/A,N/A,21.64550018310547,-3.797776963975694,-0.0197182428597765,35.82013642467042,US
TCBI,"Texas Capital Bancshares, Inc.",Financial Services,Banks - Regional,105.06999969482422,2.6475176517326013,0.0065449622866141,57.02071328118042,US
TCBK,TriCo Bancshares,Financial Services,Banks - Regional,60.52000045776367,12.826251205071696,-0.0186365327246182,69.58905669809906,US
TCBX,"Third Coast Bancshares, Inc.",Financial Services,Banks - Regional,40.619998931884766,1.932247144911979,-0.0264259236243867,53.82083141768745,US
TCHP,TCHP,N/A,N/A,49.040000915527344,-2.94873916438726,-0.0894484792513053,44.02033199905132,US
TCI,TCI,Real Estate,Real Estate Services,45.61000061035156,1.423169607017482,0.0284361857818651,57.27473239129271,US
TCMD,"Tactile Systems Technology, Inc.",Healthcare,Medical Devices,28.739999771118164,-3.654040078363064,-0.0212284912821993,51.4947573478651,US
TCPB,TCPB,N/A,N/A,50.4651985168457,0.1094994437625007,0.0085403307678306,48.73661451140153,US
TCV,Towle Value ETF,EQUITY,EQUITY,33.13800048828125,2.230447485218416,-0.0090006222253626,65.67937440697048,US
TDAQ,TappAlpha Innovation 100 Growth & Daily Income ETF,ETF,ETF,26.43000030517578,-4.008238553963643,-0.0385942063229604,41.793782910268135,US
TDAY,"USA TODAY Co., Inc.",Communication Services,Publishing,8.5,-0.1175114995637304,-0.0092552060831696,55.36542588125247,US
TDG,TDG,Industrials,Aerospace & Defense,1214.4300537109375,-5.9565511541593,-0.2275266385165935,37.96666389237148,US
TDIV,First Trust NASDAQ Technology Dividend Index Fund,ETF,ETF,107.94000244140624,-5.778627145833855,-0.1042808331399179,36.46986702424834,US
TDOC,"Teladoc Health, Inc.",Healthcare,Health Information Services,9.43000030517578,1.6163855228535005,-0.022284822875621,62.93479311107368,US
TDOG,21Shares Dogecoin ETF,ETF,ETF,14.60949993133545,-2.048273759966025,-0.0013418271351521,37.04130677520383,US
TDOT,21Shares Polkadot ETF,ETF,ETF,10.220000267028809,-2.573875214303988,0.0052047128028429,40.6067063345307,US
TDS,TDS,Communication Services,Telecom Services,34.31999969482422,0.5272416766075251,0.0638427793632694,31.298338336815647,US
TDTF,FlexShares iBoxx 5-Year Target Duration TIPS Index Fund,ETF,ETF,23.56999969482422,0.1274374601960501,0.0028632662461959,53.19589213808384,US
TDTT,TDTT,N/A,N/A,23.729999542236328,0.0843545277771431,0.0003463273565891,53.98746789466595,US
TDVI,FT Vest Technology Dividend Target Income ETF,ETF,ETF,29.850000381469727,-5.5080714235945365,-0.0281931596135304,36.10034712391317,US
TDY,TDY,Technology,Scientific & Technical Instruments,635.52001953125,0.1449801419331929,0.5571876395164925,52.23067093348433,US
TEAM,Atlassian Corporation,Technology,Software - Application,93.29000091552734,4.98537055452115,-0.0242851245527886,56.40994118047659,US
TEC,Harbor Transformative Technologies ETF,ETF,ETF,32.024600982666016,-3.959814633976693,-0.0557305809904234,45.36059226175945,US
TECL,Direxion Daily Technology Bull 3X Shares,ETF,ETF,177.64999389648438,-16.084082920455867,-0.7062977711768021,41.16935430562457,US
TECS,Direxion Daily Technology Bear 3X Shares,ETF,ETF,77.11000061035156,17.725191771529104,0.2936968852775257,55.29097490410192,US
TECX,"Tectonic Therapeutic, Inc.",Healthcare,Biotechnology,32.599998474121094,-5.149841468635185,-0.0233096503958001,50.28194347354261,US
TEKY,Lazard Next Gen Technologies ETF,ETF,ETF,42.55009841918945,-6.047611908115065,-0.077139712012328,40.6561169333071,US
TEL,TEL,Technology,Electronic Components,203.30999755859372,1.47234824279082,0.1875450932073685,50.24514993756257,US
TEMR,T. Rowe Price Emerging Markets Equity Research ETF,EQUITY,EQUITY,26.859100341796875,-5.62508360567449,-0.0315878848475846,38.83892552670336,US
TEMT,Tradr 2X Long TEM Daily ETF,ETF,ETF,19.540000915527344,-19.91802778272203,-0.2133671114612985,43.988695820728175,US
TEND,Ishares Large Cap 10% Target Buffer Dec ETF,ETF,ETF,27.249399185180664,-0.7669333806026111,-0.0146358936173987,52.39951622787784,US
TER,TER,Technology,Semiconductor Equipment & Materials,322.3550109863281,-10.35733995690368,0.4048155805662752,39.29788353330143,US
TEST,YieldMax TSLA Performance & Distribution Target 25 ETF,ETF,ETF,42.27439880371094,-5.207611700525653,-0.0783480870585014,44.482177057139765,US
TEX,TEX,Industrials,Farm & Heavy Construction Machinery,65.38999938964844,-3.082854295868073,0.0435948869810396,48.25570792805445,US
TEXU,Direxion Daily Energy Top 5 Bull 2X ETF,EQUITY,EQUITY,35.791500091552734,5.331078792584309,0.0170099012628095,53.37100528756748,US
TEXX,Horizon Kinetics Texas ETF,ETF,ETF,29.2096004486084,1.882108025387229,-0.0014934616207199,60.127255869071895,US
TFC,Truist Financial Corporation,Financial Services,Banks - Regional,52.5,1.606351578223076,-0.0390352841129936,60.28333682933967,US
TFGZ,Thornburg Focus Growth Fund ETF Class,ETF,ETF,35.15650177001953,-3.3896610066440096,-0.0579634436795198,43.72273733267433,US
TFI,State Street SPDR Nuveen ICE Municipal Bond ETF,ETF,ETF,45.38999938964844,-0.3293841081758996,-0.0047722882060455,41.17314804749879,US
TFIN,"Triumph Financial, Inc.",Financial Services,Banks - Regional,80.61000061035156,2.766443270531864,0.0837340069621062,64.87821053891841,US
TFJL,Innovator 20+ Year Treasury Bond 5 Floor ETF – Quarterly,ETF,ETF,19.059999465942383,-0.2094288729237487,0.006230790951552,36.18904411027857,US
TFLO,iShares Treasury Floating Rate Bond ETF,ETF,ETF,50.59000015258789,0.0791313870050807,0.0002609873494787,90.1102506824571,US
TFLR,T. Rowe Price Floating Rate ETF,ETF,ETF,50.68510055541992,0.0890623347454141,-0.0024430008205788,67.17306757151101,US
TFPN,Blueprint Chesapeake Multi-Asset Trend ETF,ETF,ETF,29.741300582885746,-2.6503224000365098,-0.0112515484346887,35.539535723558714,US
TFSL,TFS Financial Corporation,Financial Services,Banks - Regional,18.280000686645508,3.452182273445141,0.0098483774611163,71.45420070620627,US
TFX,TFX,Healthcare,Medical Instruments & Supplies,134.61000061035156,-0.8251640407001484,-0.0134711666698923,55.508155136649066,US
TGLB,T. Rowe Price Global Equity ETF,ETF,ETF,29.095199584960938,-1.3956023484169464,-0.0288694285257171,51.941868828199794,US
TGLS,Tecnoglass Inc.,Basic Materials,Building Materials,46.47999954223633,5.876988443466275,0.0809879391705357,58.39512664150815,US
TGRW,T. Rowe Price Growth Stock ETF,ETF,ETF,46.12810134887695,-3.426982229013135,-0.0751691875016859,43.08759472388545,US
TGT,TGT,Consumer Defensive,Discount Stores,139.60000610351562,3.300286172865573,0.1014411100528296,61.62393258616439,US
TH,TH,N/A,N/A,16.360000610351562,-8.908677926962563,-0.0079148908356493,36.02623261278864,US
THG,"The Hanover Insurance Group, Inc.",Financial Services,Insurance - Property & Casualty,213.22999572753903,-0.3551613374996051,0.1833748670885029,57.03575661053749,US
THIR,THOR Index Rotation ETF,ETF,ETF,33.70000076293945,-2.26217746418881,-0.0337818689942049,44.43351845724902,US
THLV,THOR Equal Weight Low Volatility ETF,ETF,ETF,33.00189971923828,-1.0140984757115117,-0.0134234764292537,48.79490341062343,US
THMZ,THMZ,N/A,N/A,33.037498474121094,-2.616067156664588,-0.0387479237203062,45.212351416438544,US
THNR,Amplify Weight Loss Drug & Treatment ETF,ETF,ETF,25.720800399780277,-0.8067871304797103,-0.0160611139139627,54.30014508223199,US
THO,"THOR Industries, Inc.",Consumer Cyclical,Recreational Vehicles,76.2699966430664,4.680203134983737,0.1013130941973426,53.35934152230279,US
THRO,iShares U.S. Thematic Rotation Active ETF,ETF,ETF,42.2599983215332,-2.2438150149768563,-0.0422503006614587,45.04939750144117,US
THRV,Prospera Income ETF,ETF,ETF,24.31839942932129,0.2407221759624228,0.0006746413341393,64.43842673310527,US
THVB,"Thomasville Bancshares, Inc.",Financial Services,Banks - Regional,105.0,0.0,0.0465236177514308,56.650981169533246,US
THW,Abrdn World Healthcare Fund,Financial Services,Asset Management,13.279999732971191,-2.2810920981311917,-0.0117159019496849,54.6833106599062,US
THY,Toews Agility Shares Dynamic Tactical Income ETF,ETF,ETF,21.783300399780277,0.0880140359733162,6.63618529278577e-05,54.67078832623519,US
THYF,T. Rowe Price U.S. High Yield ETF,ETF,ETF,51.709999084472656,0.2054084813810262,0.0017034027848693,57.80139258162325,US
THYM,T. Rowe Price High Income Municipal ETF,ETF,ETF,50.81999969482422,-0.2942937459024,-0.0018646682307152,49.03944258790723,US
THYP,21Shares Hyperliquid ETF,ETF,ETF,34.79999923706055,-10.67761792907757,-0.1498881114402468,44.56531472819611,US
TIC,"TIC Solutions, Inc.",Industrials,Specialty Business Services,6.849999904632568,-9.03054828989292,-0.0013435012818492,26.337927824742025,US
TIER,T. Rowe Price International Equity Research ETF,ETF,ETF,31.453100204467773,-2.4710071179293847,-0.0223375061517021,43.51900012154574,US
TIIV,AAM Todd International Intrinsic Value ETF,EQUITY,EQUITY,29.92099952697754,0.7475003418250884,-0.0091218421098597,60.77504627920288,US
TILE,"Interface, Inc.",Consumer Cyclical,"Furnishings, Fixtures & Appliances",33.060001373291016,-0.6013137652887535,-0.004358002530398,51.053040977704704,US
TINS,Templeton International Insights ETF,EQUITY,EQUITY,29.15999984741211,0.1752055941555937,0.0049210513367917,50.0873788349674,US
TIP,TIP,ETF,ETF,108.2699966430664,0.1294732203870579,0.0215303586450312,50.51047550287664,US
TIPA,Northern Trust 2030 Inflation-Linked Distributing Ladder ETF,EQUITY,EQUITY,99.26200103759766,-0.0513553116141976,-0.0032114048991714,53.03582125741426,US
TIPB,Northern Trust 2035 Inflation-Linked Distributing Ladder ETF,EQUITY,EQUITY,98.31900024414062,-0.0630167024505788,-0.0017775291328771,48.31900274427331,US
TIPC,Northern Trust 2045 Inflation-Linked Distributing Ladder ETF,EQUITY,EQUITY,97.16400146484376,-0.2330783934770325,0.0029433482290447,41.145331553784864,US
TIPT,Tiptree Inc.,Financial Services,Insurance - Specialty,17.799999237060547,-3.0501163108637424,-0.0030794028688915,49.81319589703047,US
TIPZ,PIMCO Broad U.S. TIPS Index Exchange-Traded Fund,ETF,ETF,51.70500183105469,0.145265855874194,0.0117754602110333,50.23620511642695,US
TITN,Titan Machinery Inc.,Industrials,Industrial Distribution,19.13999938964844,4.761898796313754,0.0481067469501091,46.807581204596026,US
TJAN,Innovator Equity Defined Protec,ETF,ETF,28.19499969482422,-0.2300089650784446,-0.0058524184536241,55.28472471243615,US
TJUN,FT Vest Emerging Markets Buffer ETF - June,ETF,ETF,21.86479949951172,-3.772557952440017,-0.0155632926223762,33.14265382705443,US
TJX,"The TJX Companies, Inc.",Consumer Cyclical,Apparel Retail,154.4600067138672,2.0615900961241223,0.2533107393325433,48.37719345314972,US
TKO,"TKO Group Holdings, Inc.",Communication Services,Entertainment,185.1300048828125,0.3958844959278726,0.3158380853694695,40.03304537119339,US
TLDR,The Laddered T-Bill ETF,ETF,ETF,25.024999618530277,0.0519846356690705,0.0001518292566774,82.25273537557246,US
TLH,iShares 10-20 Year Treasury Bond ETF,ETF,ETF,98.68000030517578,0.1827414265743972,0.0457615806935202,45.99167093779057,US
TLRY,"Tilray Brands, Inc.",Healthcare,Drug Manufacturers - Specialty & Generic,4.300000190734863,-2.7149294906731947,-0.0027435576405879,34.517649618113,US
TLTD,FlexShares Morningstar Developed Markets ex-US Factor Tilt Index Fund,ETF,ETF,98.82019805908205,-0.5032235574686911,-0.0440609048450383,49.837980514637565,US
TLTP,Amplify TLT U.S. Treasury 12% Option Income ETF,ETF,ETF,20.6299991607666,0.2186061612598712,0.0120388919547834,46.01522250238091,US
TMAT,Main Thematic Innovation ETF,ETF,ETF,28.31999969482422,-4.388930140363985,-0.0227348913887418,42.772295362593546,US
TMB,Thornburg Multi Sector Bond ETF,ETF,ETF,25.395000457763672,0.1577634243720268,0.0026649480594131,53.633711719004346,US
TMC,TMC the metals company Inc.,Basic Materials,Other Industrial Metals & Mining,3.740000009536743,-11.163896065357273,-0.0066117343829187,31.740751277437283,US
TMDV,ProShares Russell US Dividend Growers ETF,ETF,ETF,52.733001708984375,3.098856135239031,0.0714480429581555,66.287909727195,US
TMED,T. Rowe Price Health Care ETF,ETF,ETF,34.37139892578125,-1.3053502700662376,-0.0287134105380569,59.3051653319356,US
TMFE,Motley Fool Capital Efficiency 100 Index ETF,ETF,ETF,30.02560043334961,-0.167574743700822,-0.0294143868426607,55.39396611051054,US
TMFS,Motley Fool Small-Cap Growth ETF,ETF,ETF,35.39640045166016,-1.016772614483327,-0.0301572911723263,50.86346515659987,US
TMFX,Motley Fool Next Index ETF,ETF,ETF,23.08340072631836,-0.2445923285347935,-0.0139827012544955,57.9163042993134,US
TMHC,Taylor Morrison Home Corporation,Consumer Cyclical,Residential Construction,72.12999725341797,0.3896990747991802,0.023200260263916,71.65386334964462,US
TMNL,T. Rowe Price Long Municipal Income ETF,ETF,ETF,50.22100067138672,-0.3096616181640687,0.0020764353968792,46.2292343416583,US
TMNS,T. Rowe Price Short Municipal Income ETF,ETF,ETF,50.005001068115234,-0.2095380980990003,-0.0025509522101271,49.12817599689672,US
TMO,TMO,Healthcare,Diagnostics & Research,532.47998046875,1.0302614176160865,-0.8365641726963293,62.9455883727931,US
TMP,Tompkins Financial Corporation,Financial Services,Banks - Regional,94.04000091552734,2.7984231139621167,0.0580659282834867,58.20290288122876,US
TMSF,T. Rowe Price Multi-Sector Income ETF,ETF,ETF,50.2400016784668,0.1095951054512733,0.0018178721139796,59.00522393883806,US
TMSL,T. Rowe Price Small-Mid Cap ETF,ETF,ETF,42.79999923706055,-0.81112926174162,-0.0009838868459243,51.32063074345754,US
TMUS,"T-Mobile US, Inc.",Communication Services,Telecom Services,192.42999267578125,2.5691551888219224,0.0555410669311129,60.24819595756232,US
TMV,TMV,ETF,ETF,39.52999877929688,0.3299422547803286,-0.06591042593396,59.03909600265983,US
TNC,Tennant Company,Industrials,Specialty Industrial Machinery,86.11000061035156,0.6545850831296302,0.0071685924246658,48.88840376283247,US
TNGX,"Tango Therapeutics, Inc.",Healthcare,Biotechnology,28.559999465942383,-8.048937678641225,-0.0105935815847371,49.17306767313061,US
TNGY,Tortoise Energy Fund,ETF,ETF,10.34000015258789,3.4000015258789062,0.003566887245343,64.41848401721927,US
TNL,Travel + Leisure Co.,Consumer Cyclical,Travel Services,73.2699966430664,-1.319869840988005,-0.0468791420987166,48.28674994918054,US
TNXT,T. Rowe Price Innovation Leaders ETF,ETF,ETF,27.263900756835938,-2.594137264093374,-0.034791507116521,47.54438773207636,US
TOAK,Twin Oak Short Horizon Absolute Return ETF,ETF,ETF,28.915000915527344,0.0172987483280185,-0.0023305045503286,58.44627479002288,US
TOCT,Innovator Equity Defined Protection ETF - 2 Yr To October 2027,ETF,ETF,27.059999465942383,-0.2763986080959164,-0.0055256366663746,50.627723748672736,US
TOGA,Tremblant Global ETF,ETF,ETF,30.53700065612793,-3.097133935298436,-0.0555974818303789,46.42475901094247,US
TOI,"The Oncology Institute, Inc.",Healthcare,Medical Care Facilities,5.349999904632568,-9.168081054223023,-0.0283999367789911,49.51224554485836,US
TOK,iShares MSCI Kokusai ETF,ETF,ETF,150.12399291992188,-0.9540241039929158,-0.0923403319940582,51.41362561105744,US
TOLZ,ProShares DJ Brookfield Global Infrastructure ETF,ETF,ETF,60.49520111083984,1.094921384661156,0.0046102352525537,56.69724051336947,US
TOPC,iShares S&P 500 3% Capped ETF,ETF,ETF,34.049598693847656,-1.8036065089353028,-0.0265626207239342,47.2177148996478,US
TOPT,iShares Top 20 U.S. Stocks ETF,ETF,ETF,32.93000030517578,-1.9648700339802192,-0.045438185478275,48.1386217701607,US
TOS,Twin Oak Strategic Solutions ETF,ETF,ETF,28.16279983520508,-5.589004669007873,-0.0551269489096426,38.82006923222171,US
TOTL,State Street DoubleLine Total Return Tactical ETF,ETF,ETF,39.15499877929688,-0.0127708583624135,0.00398962795387,48.999089739010216,US
TOTR,T. Rowe Price Total Return ETF,ETF,ETF,39.92499923706055,0.137949101201998,0.0063516495443059,49.77497118185702,US
TOV,JLens 500 Jewish Advocacy U.S. ETF,ETF,ETF,31.300199508666992,-1.6768239343556666,-0.0280449970585327,48.10400133803365,US
TPB,"Turning Point Brands, Inc.",Consumer Defensive,Tobacco,82.83999633789062,-5.487741134343407,0.0492190113852098,47.5087173387272,US
TPC,TPC,Industrials,Engineering & Construction,78.62000274658203,3.5973163511528137,0.0613261522590589,52.04463040119992,US
TPFG,Timothy Plan Free Cash Flow Growth ETF,EQUITY,EQUITY,25.207399368286133,-5.837135086878054,-0.028549806872483,40.33916122724616,US
TPFI,Timothy Plan Fixed Income ETF,EQUITY,EQUITY,24.815000534057617,0.2626284204348169,0.0045955016436054,51.06885508183554,US
TPIF,Timothy Plan International ETF,ETF,ETF,37.34999847412109,-0.6120365772402058,-0.0109888136113184,50.064374006078125,US
TPL,Texas Pacific Land Corporation,Energy,Oil & Gas E&P,415.7000122070313,4.494496142382427,-0.1395121237952468,57.7454190858574,US
TPLS,Thornburg Core Plus Bond ETF,ETF,ETF,25.01000022888184,0.1401395270371151,0.0055828456941052,48.236204467773405,US
TPOR,Direxion Daily Transportation Bull 3X Shares,ETF,ETF,45.54560089111328,3.4422033927674103,0.0228546286461903,60.97314886932271,US
TPR,"Tapestry, Inc.",Consumer Cyclical,Luxury Goods,141.4600067138672,0.5187316197617643,0.1708518614143451,48.28601150383268,US
TPRY,VistaShares Target 15 TEPRTantrum Contrarian Distribution ETF,EQUITY,EQUITY,18.76729965209961,-6.069569158763771,-0.0330333042352394,40.38499417555672,US
TPYP,Tortoise North American Pipeline Fund,ETF,ETF,43.65999984741211,2.224305275822,0.0018734754476962,60.82498660572064,US
TQQY,GraniteShares YieldBOOST QQQ ETF,ETF,ETF,12.509599685668944,-2.875779700938696,-0.022145739927483,39.43524887694527,US
TRAX,"First Tracks Biotherapeutics, Inc.",Healthcare,Biotechnology,36.51499938964844,0.7588236712059526,-0.1896865190102614,78.83212681760703,US
TRBF,Angel Oak Total Return ETF,ETF,ETF,49.13999938964844,0.0407175451925532,0.0042306977496824,48.65543739760127,US
TRC,TRC,Industrials,Conglomerates,18.18000030517578,-0.7099899757419832,-0.0122518324454571,41.41871986466845,US
TREE,"LendingTree, Inc.",Financial Services,Financial Conglomerates,46.25,2.097131962338411,-0.0788272820802429,65.3614277136099,US
TREX,"Trex Company, Inc.",Industrials,Building Products & Equipment,45.130001068115234,-4.304492760528011,0.0491008476677541,47.981473151820296,US
TRFK,Pacer Data and Digital Revolution ETF,ETF,ETF,90.26000213623048,-10.135404278902218,-0.12482604531284,40.44257026484811,US
TRFM,AAM Transformers ETF,ETF,ETF,57.84000015258789,-5.366490243156372,-0.085335787045699,41.019247981388034,US
TRGP,Targa Resources Corp.,Energy,Oil & Gas Midstream,282.9100036621094,3.4973467514661216,0.0665389785265317,61.8973820258503,US
TRIN,Trinity Capital Inc.,Financial Services,Asset Management,17.780000686645508,2.005221373270631,-5.5682812265089865e-05,65.2037493938241,US
TRIP,"Tripadvisor, Inc.",Consumer Cyclical,Travel Services,14.579999923706056,4.291848362777176,-0.009114631591983,63.09823183997047,US
TRLV,Trulieve Cannabis Corp.,Healthcare,Drug Manufacturers - Specialty & Generic,8.789999961853027,1.972158683885172,0.0205466074604148,46.92660232730047,US
TRND,Pacer Trendpilot Fund of Funds ETF,ETF,ETF,36.35979843139648,-1.5413426031710875,-0.0181438560117263,45.3629101029322,US
TRNO,Terreno Realty Corporation,Real Estate,REIT - Industrial,75.05999755859375,8.155613700677312,0.0732003183009881,78.05473814843612,US
TROW,"T. Rowe Price Group, Inc.",Financial Services,Asset Management,117.3499984741211,-1.0122349614051112,-0.120080311956964,60.17788166875768,US
TRS,TRS,Consumer Cyclical,Packaging & Containers,40.68000030517578,-1.7628581138039994,0.0393314692883437,44.36656751269869,US
TRSY,Xtrackers US 0-1 Year Treasury ETF,ETF,ETF,30.155000686645508,0.0663695291580025,0.0001212270951302,86.69950986645875,US
TRTX,"TPG RE Finance Trust, Inc.",Real Estate,REIT - Mortgage,8.75,2.6995249985784437,0.0066525275754341,65.03613738321863,US
TRUD,VanEck Consumer Disc TruSector ETF,ETF,ETF,25.697999954223636,-1.2109350253521258,-0.0271778005329395,47.46348808258588,US
TRUT,Vaneck Technology Trusector ETF,ETF,ETF,30.11529922485352,-3.677275506922215,-0.037218174658367,44.82890252466932,US
TRV,TRV,Financial Services,Insurance - Property & Casualty,368.9800109863281,8.869348627298825,1.8799679854884737,75.55553133895104,US
TSAT,TSAT,N/A,N/A,36.380001068115234,-12.019341207754415,-0.033067920539286,35.68611662526797,US
TSCV,Thrivent Small Cap Value ETF,ETF,ETF,32.19459915161133,0.163651494594243,0.0057012510591673,55.039018266654175,US
TSEC,Touchstone Securitized Income ETF,ETF,ETF,25.78499984741211,0.2332340721192048,0.003322787140167,62.054525298131615,US
TSEL,Touchstone Sands Capital US Select Growth ETF,ETF,ETF,27.70709991455078,-4.858525646084718,-0.0479006493304193,41.00383915364578,US
TSEM,Tower Semiconductor Ltd.,Technology,Semiconductors,234.1000061035156,5.0954011688061165,-0.0622397439967556,46.457301412903554,US
TSES,Truth Social American Energy Security ETF,EQUITY,EQUITY,30.515100479125977,0.9063895518591524,0.0025559299761065,52.63140977011838,US
TSHA,"Taysha Gene Therapies, Inc.",Healthcare,Biotechnology,5.960000038146973,-5.993692512543674,0.006109401456196,46.83506122677724,US
TSIC,TSIC,N/A,N/A,25.093299865722656,-0.4629084608808153,-0.0073373120764778,47.69213328684788,US
TSLA,"Tesla, Inc.",Consumer Cyclical,Auto Manufacturers,380.8399963378906,-6.601925834563237,-0.8526150914599586,42.62419219803025,US
TSLI,ProShares Ultra TSLA,EQUITY,EQUITY,21.300899505615234,-12.794157919186237,-0.0865205923736258,41.47330816707844,US
TSLL,Direxion Daily TSLA Bull 2X Shares,ETF,ETF,11.385000228881836,-13.025209349359528,-0.0485967988909911,41.30367656674903,US
TSLP,Kurv Yield Premium Strategy Tesla ETF,ETF,ETF,16.749799728393555,-6.738304107851438,-0.0369560002229542,42.45803215382381,US
TSLR,Graniteshares 2x Long TSLA Daily ETF,ETF,ETF,19.57999992370605,-13.016438362432334,-0.0830004175982573,41.41674402184543,US
TSLS,Direxion Daily TSLA Bear 1X Shares,ETF,ETF,55.81999969482422,6.9984110607138605,0.1336739157959608,55.96481941553517,US
TSLT,T-Rex 2X Long Tesla Daily Target ETF,ETF,ETF,15.949999809265137,-12.984179620005786,-0.0670964658506121,41.35686226642592,US
TSLW,Roundhill ETF Trust - Roundhill TSLA WeeklyPay ETF,ETF,ETF,20.72010040283203,-7.775406078810756,-0.0548308569691317,42.20527653130036,US
TSLX,"Sixth Street Specialty Lending, Inc.",Financial Services,Asset Management,17.440000534057617,1.454333869883765,-0.0065381411989044,56.04379442645894,US
TSLY,YieldMax TSLA Option Income Strategy ETF,ETF,ETF,25.729999542236328,-5.24768306906384,-0.0504499487257984,43.172237340968266,US
TSME,Thrivent Small-Mid Cap Equity ETF,ETF,ETF,48.560001373291016,-2.7048657147833928,-0.0154555999452528,43.79686504947056,US
TSMG,Leverage Shares 2X Long TSM Daily ETF,ETF,ETF,34.65840148925781,-16.664500458480944,-0.1458764940533364,38.31044930311643,US
TSMU,GraniteShares 2x Long TSM Daily ETF,ETF,ETF,62.52640151977539,-16.780153745484856,-0.2651076047174987,38.06361512490502,US
TSMX,Direxion Daily TSM Bull 2X Shares,ETF,ETF,71.7300033569336,-16.55420646707463,-0.30411345496604,38.18715179653032,US
TSMZ,Direxion Daily TSM Bear 1X Shares,ETF,ETF,8.420000076293945,9.138041604180296,0.018969021416359,60.32365343903157,US
TSN,TSN,N/A,N/A,57.77000045776367,-0.103754749076966,-0.0088966762412986,45.47879905890304,US
TSOL,21Shares Solana ETF,ETF,ETF,7.279799938201904,-3.4509287130974524,-0.0175355247405019,48.659226707301045,US
TSPA,T. Rowe Price US Equity Research ETF,ETF,ETF,47.02000045776367,-1.4875321418018814,-0.0414352578836527,48.42466385350325,US
TSPX,Twin Oak Active Opportunities ETF,ETF,ETF,29.93199920654297,-0.0801180676589218,-0.0088250657129958,54.89108073210943,US
TSRS,Truth Social American Red State REITs ETF,EQUITY,EQUITY,28.695600509643555,3.545632695974347,0.0229652504489591,67.66951213619754,US
TSSD,Truth Social American Security & Defense ETF,EQUITY,EQUITY,28.530000686645508,0.599436081224534,-0.0301624097498229,57.18484323136138,US
TSYW,TSYW,N/A,N/A,42.810001373291016,-0.4949633842539524,0.0173098677532642,38.09910143696652,US
TSYY,GraniteShares YieldBOOST TSLA ETF,ETF,ETF,21.81719970703125,-4.394390890462688,-0.0335452500340257,38.85700638393895,US
TT,Trane Technologies plc,Industrials,Building Products & Equipment,469.9800109863281,-2.0262666194196632,-0.4854425294870834,46.79105446516374,US
TTAN,"ServiceTitan, Inc.",Technology,Software - Application,76.0,-2.1753152121224977,-0.2543259227358168,55.06554289986955,US
TTEK,"Tetra Tech, Inc.",Industrials,Engineering & Construction,31.59000015258789,1.9361096673156823,-0.0386387181020597,66.04485293186843,US
TTI,TTI,Industrials,Conglomerates,9.260000228881836,-2.01057761077432,0.0180556382110307,42.780798057173136,US
TTMI,TTMI,N/A,N/A,132.0,-9.860695302285318,0.513212447273542,32.81052142103532,US
TTWO,"Take-Two Interactive Software, Inc.",Communication Services,Electronic Gaming & Multimedia,236.67999267578125,-2.6809228430412047,-0.3376704406045299,47.7469492154824,US
TTXU,Direxion Daily Technology Top 5 Bull 2X ETF,EQUITY,EQUITY,30.489999771118164,-4.629338673830072,-0.0347978729436375,49.37426735873508,US
TUA,Simplify Short Term Treasury Futures Strategy ETF,ETF,ETF,20.420000076293945,0.3686447061722066,0.0010792741805952,49.29223670028513,US
TUG,STF Tactical Growth ETF,ETF,ETF,45.28990173339844,-3.309347596370174,-0.0563932021069231,44.15730358427834,US
TUGN,STF Tactical Growth & Income ETF,ETF,ETF,27.245399475097656,-3.1033521391025465,-0.0294703880520086,44.90878343613761,US
TUR,iShares MSCI Turkey ETF,ETF,ETF,38.93000030517578,-0.0256762246682393,0.0097347451806971,48.09352842387878,US
TURF,T. Rowe Price Natural Resources ETF,ETF,ETF,31.895700454711918,1.0572846370628983,0.0021894354176195,47.56326407748687,US
TUSB,Thrivent Ultra Short Bond ETF,ETF,ETF,50.41400146484375,0.0575630530450007,-0.0006128277899853,60.85195193405985,US
TUSI,Touchstone Ultra Short Income ETF,ETF,ETF,25.334999084472656,-0.0591767131018898,-0.0001034295581997,63.04431115548993,US
TVAL,T. Rowe Price Value ETF,ETF,ETF,42.040000915527344,-0.2609741550875751,-0.0124497732859167,58.83488121153817,US
TVTX,"Travere Therapeutics, Inc.",Healthcare,Biotechnology,56.709999084472656,0.2120497111878484,0.0342264659753803,58.23888635678429,US
TW,TW,Financial Services,Capital Markets,99.9000015258789,2.084611590848032,-0.0615874641095453,49.45171410891786,US
TWFG,"TWFG, Inc.",Financial Services,Insurance Brokers,26.350000381469727,1.5414243035458162,-0.0272707870936581,68.72752074139255,US
TWI,"Titan International, Inc.",Industrials,Farm & Heavy Construction Machinery,7.659999847412109,4.359668776183816,0.0028200819580166,53.09184310306959,US
TWLO,Twilio Inc.,Technology,Software - Infrastructure,206.77999877929688,-3.6260248265393695,-0.5362358194892209,51.60314489886863,US
TWN,"The Taiwan Fund, Inc.",Financial Services,Asset Management,86.16999816894531,-9.16087116328561,-0.2790322715514767,35.158147983458775,US
TWO,Two Harbors Investment Corp.,Real Estate,REIT - Mortgage,12.09000015258789,0.0827833521936641,-0.0007541716223178,57.19403281208757,US
TWST,Twist Bioscience Corporation,Healthcare,Diagnostics & Research,93.8499984741211,3.541481802833347,0.1763153424195955,58.866250052508455,US
TXG,"10x Genomics, Inc.",Healthcare,Health Information Services,43.7400016784668,2.363683938803078,-0.1669396716725328,66.70139553969547,US
TXN,Texas Instruments Incorporated,Technology,Semiconductors,284.0199890136719,-8.81012110518982,-0.8856328958920763,43.29709143681063,US
TXNM,"TXNM Energy, Inc.",Utilities,Utilities - Regulated Electric,57.40999984741211,0.9495356526630536,0.0105815061381495,51.96657129013885,US
TXUE,Thornburg International Equity ETF,ETF,ETF,34.64929962158203,-0.3614720310028743,-0.0137190572332647,51.18171256893408,US
TXUG,Thornburg International Growth ETF,ETF,ETF,26.70680046081543,-2.894956154144948,-0.0340395993210937,45.49042528206191,US
TXXD,21Shares 2x Long Dogecoin ETF,ETF,ETF,3.20959997177124,-5.153666900928417,-0.0018193128394229,35.11444847793666,US
TXXH,21Shares 2x Long HYPE ETF,ETF,ETF,40.4192008972168,-21.683393878685976,-0.3604181221514642,42.15674475022829,US
TXXI,BondBloxx IR+M Tax-Aware Intermediate Duration ETF,ETF,ETF,50.40499877929688,-0.3578060354656908,-0.0028966741318547,40.48055051397743,US
TY,TY,N/A,N/A,35.0,-1.4084507042253522,-0.0165574117415034,54.107820409694014,US
TYA,Simplify Intermediate Term Treasury Futures Strategy ETF,ETF,ETF,12.59000015258789,0.3187247907976737,0.0069325051341506,47.86096969076743,US
TYIDY,Toyota Industries Corporation,Industrials,Farm & Heavy Construction Machinery,121.28500366210938,-5.209060918406203,-0.2213961331002137,39.94290549262341,US
TYLD,Cambria Tactical Yield ETF,ETF,ETF,25.274999618530277,-0.0790688187521136,-0.0001004114557321,56.657729661679575,US
TYRA,"Tyra Biosciences, Inc.",Healthcare,Biotechnology,32.130001068115234,-1.8931265095718035,-0.0526462274615989,54.17385109897904,US
TZA,TZA,ETF,ETF,40.619998931884766,1.8045047079481271,0.013682505612883,48.88069060163758,US
UAL,"United Airlines Holdings, Inc.",Industrials,Airlines,115.41000366210938,-8.404758998325892,-0.2248700073179219,41.20955992612418,US
UAN,UAN,N/A,N/A,119.0199966430664,2.312382678303728,0.0144986654080273,58.470266941537865,US
UAPR,Innovator U.S. Equity Ultra Buffer ETF - April,ETF,ETF,35.174800872802734,-0.2416263550371154,-0.0082501935449196,55.648127771181606,US
UAUG,Innovator U.S. Equity Ultra Buffer ETF - August,ETF,ETF,42.209999084472656,0.0,-0.0045747097000156,65.90770665891279,US
UBER,"Uber Technologies, Inc.",Technology,Software - Application,72.45999908447266,-2.790450503766233,-0.0788457399989241,48.37974284050447,US
UBEW,Roundhill UBER WeeklyPay ETF,ETF,ETF,27.18610000610352,-3.307366771361902,-0.0331393219441358,48.23978491225823,US
UBOT,"Direxion Daily Robotics, Artificial Intelligence & Automation Index Bull 2X Shares",ETF,ETF,21.25,-13.26530612244898,-0.0905280475297658,34.083365106762216,US
UBR,ProShares Ultra MSCI Brazil Capped,ETF,ETF,30.50160026550293,-4.473535941186042,-0.1017240487166034,49.736650766778986,US
UBRL,GraniteShares 2x Long UBER Daily ETF,ETF,ETF,15.018799781799316,-5.660805842812668,-0.0277908994220324,47.40601628708615,US
UBSI,"United Bankshares, Inc.",Financial Services,Banks - Regional,47.58000183105469,3.18803123236809,0.0200986215424032,64.11001922348149,US
UBT,UBT,ETF,ETF,15.6899995803833,0.1915691779278593,0.0197624177861085,43.84648321085698,US
UCB,"United Community Banks, Inc.",Financial Services,Banks - Regional,36.45000076293945,2.531649916157137,-0.005276246158383,62.22128309855943,US
UCIB,UBS ETRACS UBS Bloomberg Constant Maturity Commodity Index (CMCI) Total Return ETN Series B,ETF,ETF,34.27000045776367,1.609983836144128,-0.0614063025095327,53.9948243300998,US
UCON,First Trust Smith Unconstrained Plus Bond ETF,ETF,ETF,24.780000686645508,-0.0806393186704364,0.0005641044840812,46.61667083490161,US
UCOP,ProShares Ultra Copper K-1 Free ETF,ETF,ETF,39.61470031738281,-0.4655751839944501,-0.048178487115005,47.4304346354758,US
UCRD,VictoryShares ESG Corporate Bond ETF,ETF,ETF,21.30500030517578,0.1363096316538128,0.0044551447101337,46.76750546090777,US
UCTT,"Ultra Clean Holdings, Inc.",Technology,Semiconductor Equipment & Materials,92.43000030517578,-13.023427848949328,-0.0936363005552087,43.4319271196415,US
UCYB,ProShares Ultra Nasdaq Cybersecurity,ETF,ETF,79.97560119628906,0.6691517931055412,-0.1849903478968668,57.89619940829896,US
UDEC,Innovator U.S. Equity Ultra Buffer ETF - December,ETF,ETF,41.72999954223633,-0.5718410090214816,-0.018840890724447,51.91319797818344,US
UDI,USCF Dividend Income ETF,ETF,ETF,36.73149871826172,1.202646566572593,-0.0049515422956691,66.04501414171057,US
UDOW,ProShares UltraPro Dow30,ETF,ETF,69.18000030517578,-2.9188910590800554,-0.1344307255284142,50.86733293518831,US
UEC,UEC,Energy,Uranium,9.279999732971191,-11.870845505209662,-0.0269791566577219,34.87381823845527,US
UEVM,VictoryShares Emerging Markets Value Momentum ETF,ETF,ETF,57.97119903564453,-1.2970606833863063,-0.0372983761597875,46.4901370956632,US
UFCS,"United Fire Group, Inc.",Financial Services,Insurance - Property & Casualty,51.09000015258789,-1.1416411553867614,0.0433860831548778,54.21879684136977,US
UFEB,Innovator U.S. Equity Ultra Buffer ETF - February,ETF,ETF,38.70249938964844,-0.456537226312894,-0.0130164782877037,53.28605475414238,US
UFIV,F/m US Treasury 5 Year Note ETF,ETF,ETF,48.19279861450195,0.2033421173024733,0.0054967732410967,51.6687548202238,US
UFO,Procure Space ETF,ETF,ETF,43.630001068115234,-7.031747742598244,-0.0304422521521621,31.140688723822464,US
UFOD,Tuttle Capital UFO Disclosure ETF,ETF,ETF,23.03179931640625,-5.491183737149366,-0.010742077978527,34.088398428778234,US
UFOX,Defiance Space and Connective Tech ETF,ETF,ETF,80.95999908447266,-9.067422536573886,-0.0998385918192441,33.90855240165024,US
UFPI,"UFP Industries, Inc.",Basic Materials,Lumber & Wood Production,85.93000030517578,1.3086543437223046,0.0221825629437382,50.1324036202939,US
UFPT,"UFP Technologies, Inc.",Healthcare,Medical Devices,242.0500030517578,2.1695999789773808,-0.1349198629276156,48.77764891192541,US
UGI,UGI,Utilities,Utilities - Regulated Gas,36.619998931884766,2.1763358704688893,-0.0150762835954109,64.03391361699869,US
UGL,ProShares Ultra Gold,ETF,ETF,43.56999969482422,-4.785836335309568,-0.0068106499440396,39.05800232139396,US
UHT,Universal Health Realty Income Trust,Real Estate,REIT - Healthcare Facilities,43.84000015258789,1.811423024665038,0.0190913486604726,59.27236619469132,US
UI,Ubiquiti Inc.,Technology,Communication Equipment,545.9500122070312,-0.9147131738636288,-0.1424929073166545,43.58892463581578,US
UITB,VictoryShares Core Intermediate Bond ETF,ETF,ETF,46.47380065917969,0.1266826295217702,0.0081417676886344,49.81352661261871,US
UJB,ProShares Ultra High Yield,ETF,ETF,78.5884017944336,-0.0274759136881682,-0.0096516033847227,51.14722113291779,US
UJUN,Innovator U.S. Equity Ultra Buffer ETF - June,ETF,ETF,38.5,-0.619519019278203,-0.0167252244061759,49.70093572886545,US
ULCC,"Frontier Group Holdings, Inc.",Industrials,Airlines,6.230000019073486,-10.230548015749369,-0.0096789274661631,42.89729332038068,US
ULE,ProShares Ultra Euro,ETF,ETF,12.387399673461914,0.3841128062229644,0.0002268356651206,45.637885106182594,US
ULH,"Universal Logistics Holdings, Inc.",Industrials,Trucking,14.289999961853027,0.2103768056779601,0.0015107738972185,44.73240493095432,US
ULS,UL Solutions Inc.,Industrials,Specialty Business Services,87.76000213623047,0.5614821954997673,0.0875285994794532,39.54492623246809,US
ULST,State Street Ultra Short Term Bond ETF,ETF,ETF,40.3650016784668,0.0619770098768885,3.449622535219715e-05,76.06816515088207,US
ULTA,"Ulta Beauty, Inc.",Consumer Cyclical,Specialty Retail,479.5700073242188,2.210143829367978,0.3483180516233402,54.2912432151591,US
ULTY,YieldMax Ultra Option Income Strategy ETF,ETF,ETF,27.1200008392334,-4.240779699978004,-0.0475116976016651,39.21822015422057,US
ULVM,VictoryShares US Value Momentum ETF,ETF,ETF,107.70339965820312,0.6856113201184643,0.00093986349758,64.22977696622252,US
UMAR,Innovator U.S. Equity Ultra Buffer ETF - March,ETF,ETF,42.29090118408203,-0.3043304819324347,-0.0117922441620866,54.15427025600606,US
UMDD,ProShares UltraPro MidCap400,ETF,ETF,35.14339828491211,-0.6406577716019777,0.0039377474827522,49.45004481613205,US
UMH,"UMH Properties, Inc.",Real Estate,REIT - Residential,15.6899995803833,2.683245121578186,0.0068234398934497,57.81823952281747,US
UMI,USCF Midstream Energy Income Fund,ETF,ETF,61.35829925537109,2.657351155166528,-0.0027120022118555,61.15281023811496,US
UNF,UniFirst Corporation,Industrials,Specialty Business Services,291.44000244140625,7.233793417621796,0.352842452773201,73.5794863110677,US
UNH,UnitedHealth Group Incorporated,Healthcare,Healthcare Plans,426.0899963378906,0.3461921806808534,0.0728217324908921,58.11835415068328,US
UNHU,Direxion Daily Unh Bull 2X ETF,EQUITY,EQUITY,58.057498931884766,0.6021484195545708,0.0387404332403114,57.42797994831272,US
UNHW,Roundhill UNH WeeklyPay ETF,ETF,ETF,54.5,0.3239796102877167,0.0238212591504656,57.92636026253553,US
UNL,"United States 12 Month Natural Gas Fund, LP",ETF,ETF,6.014999866485596,-0.7425755234133735,0.0034678965164997,32.29596620390808,US
UNP,Union Pacific Corporation,Industrials,Railroads,301.75,5.154031567232313,0.2760013497839004,77.56885038574035,US
UNPA,UNB Corp.,Financial Services,Banks - Regional,88.0,0.0,-0.0204214292665103,23.09368631066866,US
UNTY,"Unity Bancorp, Inc.",Financial Services,Banks - Regional,57.25,1.0234724718458237,-0.0052679389056129,52.10321371156007,US
UNX,Tradr 2X Long U Daily ETF,ETF,ETF,47.20610046386719,-12.158356923196177,-0.5228572517025998,47.63442392970367,US
UOCT,Innovator U.S. Equity Ultra Buffer ETF October,ETF,ETF,41.23649978637695,-0.3708615741363706,-0.0125161663649913,56.26146063210308,US
UPAL,ProShares Ultra Palladium K-1 Free ETF,ETF,ETF,23.43219947814941,-4.00573689215471,-0.1035510512865818,44.21834832806604,US
UPAR,UPAR Ultra Risk Parity ETF,ETF,ETF,15.81879997253418,-0.9281645583040116,0.0032455049536061,41.38056474866586,US
UPBD,"Upbound Group, Inc.",Technology,Software - Application,22.15999984741211,4.725897954684064,-0.0126139114975383,64.70868319598479,US
UPGR,Xtrackers US Green Infrastructure Select Equity ETF,ETF,ETF,25.219900131225582,-2.248446213136605,0.0123790424177276,39.97387844453869,US
UPLT,UPLT,N/A,N/A,22.09000015258789,0.0,-0.04141085514064,41.16426923526448,US
UPRO,ProShares UltraPro S&P500,ETF,ETF,139.0500030517578,-4.8645323154126086,-0.4089358780607841,47.05736990598236,US
UPS,UPS,Industrials,Integrated Freight & Logistics,117.72000122070312,4.667911392387889,0.1269257996178556,69.64850553739484,US
UPSX,Tradr 2X Long UPST Daily ETF,ETF,ETF,15.619999885559082,-18.683949277175525,-0.10111249162632,37.9823367262992,US
UPW,ProShares Ultra Utilities,ETF,ETF,23.57999992370605,-1.5448886323458604,-0.0295291110775186,48.44772224250647,US
URA,URA,ETF,ETF,38.72999954223633,-9.867352939296511,-0.0623909399779709,30.93328251929752,US
URAN,Themes Uranium & Nuclear ETF,ETF,ETF,35.9900016784668,-6.809936111227172,-0.0441945086436688,32.53576087040456,US
URBN,URBN,N/A,N/A,72.9800033569336,6.029349724652355,0.0400461568888955,53.58081786752129,US
URE,ProShares Ultra Real Estate,ETF,ETF,72.95179748535156,4.216853550502233,0.0963752704113062,59.18906395635816,US
URGN,UroGen Pharma Ltd.,Healthcare,Biotechnology,40.22999954223633,4.330907960242072,-0.0295420380559336,72.51658696771634,US
URI,"United Rentals, Inc.",Industrials,Rental & Leasing Services,1045.2099609375,-4.59496012477679,-0.786744175259301,45.6341989740028,US
URTH,iShares MSCI World ETF,ETF,ETF,201.8999938964844,-1.3341205694108973,-0.1662154881671105,49.46563284101365,US
USA,USA,Financial Services,Asset Management,5.75,-0.3711227365408625,-0.0056130444478217,56.88144880123949,US
USAF,Atlas America Fund,ETF,ETF,27.655000686645508,0.1811307561613131,-0.0026465277219416,61.31638313933379,US
USAR,"USA Rare Earth, Inc.",Basic Materials,Other Industrial Metals & Mining,15.649999618530272,-15.313852780342586,-0.0261252471635098,33.032613909701595,US
USAX,USAX,N/A,N/A,9.699999809265137,-29.68467012962089,-0.0199627319106161,33.30367668194896,US
USB,U.S. Bancorp,Financial Services,Banks - Regional,63.13999938964844,1.1696836148391665,-0.0388518023179418,64.27970543054332,US
USCA,Xtrackers MSCI USA Climate Action Equity ETF,ETF,ETF,44.560001373291016,0.4055887806300713,-0.0143307070530659,58.51950504732029,US
USCL,USCL,N/A,N/A,83.74659729003906,-1.1816252839146966,-0.0830054374167326,51.50295556293375,US
USD,ProShares Ultra Semiconductors,ETF,ETF,82.26000213623047,-15.16088808482288,-0.3729694746052694,41.89128679834139,US
USE,USCF Energy Commodity Strategy Absolute Return Fund,ETF,ETF,31.007699966430664,14.758325096627466,0.0481584952326621,61.79149546454352,US
USEP,Innovator U.S. Equity Ultra Buffer ETF - September,ETF,ETF,41.47760009765625,-0.234277001793894,-0.0081447906418222,59.061223555679,US
USEW,Cambria US EW ETF,ETF,ETF,55.24819946289063,-1.462155452245186,-0.0349173313473572,49.07028348016453,US
USFD,US Foods Holding Corp.,Consumer Defensive,Food Distribution,97.2699966430664,-3.674001377038425,-0.1628859408873628,50.968155220588265,US
USFR,WisdomTree Floating Rate Treasury Fund,ETF,ETF,50.459999084472656,0.0991851561434069,0.0002358800187359,99.77423255708992,US
USHY,iShares Broad USD High Yield Corporate Bond ETF,ETF,ETF,36.869998931884766,0.0,-0.0024600294917904,54.48763978694775,US
USIG,iShares Broad USD Investment Grade Corporate Bond ETF,ETF,ETF,50.7400016784668,0.0591650454265683,0.0096425051824886,45.91022800768019,US
USIN,Wisdomtree 7-10 Year Laddered Treasury Fund ETF,ETF,ETF,49.38249969482422,0.2018926341117664,0.0106705580531921,49.78631636738057,US
USLN,iShares Broad USD Floating Rate Loan ETF,ETF,ETF,50.59999847412109,0.2575733114201769,0.00044420451263,74.57560018657773,US
USLV,Direxion Daily Silver Bull 2X ETF,EQUITY,EQUITY,12.56999969482422,-11.54117057649646,-0.008198381686971,31.99937300160407,US
USMC,Principal U.S. Mega-Cap ETF,ETF,ETF,73.76809692382812,-1.1548979784403914,-0.0659471947375426,50.72029217769091,US
USML,ETRACS 2x Leveraged MSCI US Minimum Volatility Factor TR ETN,ETF,ETF,43.75199890136719,-1.0583498562112794,-0.0119991720103017,53.97355121635562,US
USMV,iShares MSCI USA Min Vol Factor ETF,ETF,ETF,96.5999984741211,-1.1865830981600096,-0.0428881891343759,50.924855526503485,US
USNG,Amplify Samsung U.S. Natural Gas Infrastructure ETF,ETF,ETF,35.13890075683594,-1.975337860415304,-0.0169240151211605,41.10972573603484,US
USOI,UBS ETRACS Crude Oil Shares Covered Call ETN,ETF,ETF,46.79999923706055,5.121291005960164,0.0161909479790869,53.21506045990873,US
USOY,USOY,N/A,N/A,7.275000095367432,10.907720427987677,0.0099876663547164,58.60522742346846,US
USRT,iShares Core U.S. REIT ETF,ETF,ETF,68.83000183105469,3.116107612066948,0.0591502189312505,66.30681542102965,US
USSG,Xtrackers MSCI USA Selection Equity ETF,ETF,ETF,68.70010375976562,-1.7882413454504642,-0.0734629575478222,47.05161536522196,US
USSH,Wisdomtree 1-3 Year Laddered Treasury Fund ETF,ETF,ETF,50.310001373291016,0.1293709678337765,0.0005473197274371,57.77052467636776,US
USTB,USTB,N/A,N/A,50.470001220703125,0.1289603074704344,0.0009876646129899,62.1142360455481,US
USVN,F/m US Treasury 7 Year Note ETF,ETF,ETF,47.44499969482422,0.1942834724515348,0.0081696471079047,50.38204292782276,US
UTHR,United Therapeutics Corporation,Healthcare,Drug Manufacturers - Specialty & Generic,535.6699829101562,-2.082041220207762,0.341334089847376,44.2852179517386,US
UTHY,UTHY,N/A,N/A,39.92910003662109,0.0654090137865605,0.0243108393265656,43.90426839135008,US
UTWO,UTWO,N/A,N/A,48.01499938964844,0.1459999901340606,0.0009066282611773,57.26290381605716,US
UVSP,Univest Financial Corporation,Financial Services,Banks - Regional,44.58000183105469,2.600692861389005,0.011285140157824,61.104003852560815,US
UVV,UVV,Consumer Defensive,Tobacco,53.13999938964844,4.626899828627776,0.1101431889442677,59.12796990978244,US
UVXY,ProShares Ultra VIX Short-Term Futures ETF,ETF,ETF,25.440000534057617,9.749785155857865,0.1628886801856861,47.20816189745408,US
UX,Roundhill Uranium ETF,ETF,ETF,27.489999771118164,-3.313166367871962,-0.041722681462065,43.9509370874737,US
UXAP,FT Vest U.S. Equity Uncapped Ac,ETF,ETF,43.14099884033203,-0.0625473214052168,-0.0160785666183548,53.95470835024886,US
UXI,ProShares Ultra Industrials,ETF,ETF,59.42789840698242,-3.022357064635216,-0.023081456277839,48.17560861913276,US
UXJL,FT Vest U.S. Equity Uncapped Accelerator ETF - July,ETF,ETF,36.17829895019531,-1.836116131993185,-0.0378489151526443,48.54359214824275,US
UXOC,FT Vest U.S. Equity Uncapped Accelerator ETF - October,ETF,ETF,38.90850067138672,-1.621993876229227,-0.0379860652848124,48.4120202731248,US
UXRP,ProShares Ultra XRP ETF,EQUITY,EQUITY,10.649999618530272,-3.967543083892037,-0.0216551503534967,42.57168498899847,US
UYG,ProShares Ultra Financials,ETF,ETF,93.73410034179688,1.851680522768143,-0.1346786787336236,65.1899233066259,US
V,V,Financial Services,Credit Services,358.5599975585937,2.748086169110425,-0.3015495477816285,62.324262144045335,US
VAL,Valaris Limited,Energy,Oil & Gas Drilling,76.54000091552734,-1.3278313566444433,-0.057141310638741,41.80924826097526,US
VAW,VAW,ETF,ETF,223.6100006103516,-1.3804378614195922,-0.0358789834003454,41.483399592572674,US
VBCH,Vanguard Target Maturity 2034 Corporate Bond ETF,ETF,ETF,75.01499938964844,0.2070515335735142,0.0167833718959566,50.16698630458981,US
VBIL,Vanguard 0-3 Month Treasury Bill ETF,ETF,ETF,75.62000274658203,0.0661678602087346,0.0007419874464537,99.9371966153106,US
VBK,Vanguard Small-Cap Growth Index Fund ETF Shares,ETF,ETF,344.5799865722656,-2.7132374722322696,-0.1772188022605119,41.856660283551896,US
VBND,Vident U.S. Bond Strategy ETF,ETF,ETF,43.30500030517578,0.1892291785903878,0.0072754923012866,49.477138635456456,US
VCEB,VCEB,N/A,N/A,62.05500030517578,0.0403055398531633,0.0138940454936925,43.74192081452253,US
VCLN,VCLN,N/A,N/A,28.0,-5.190806545009177,-0.0163655541183018,33.23082246198605,US
VCLT,Vanguard Long-Term Corporate Bond Index Fund ETF Shares,ETF,ETF,73.54000091552734,0.0272092945788022,0.0364051999142036,41.01602393725829,US
VCR,VCR,ETF,ETF,391.5499877929688,-1.0612791426484522,-0.2953588252277792,48.85570644102504,US
VCRB,Vanguard Core Bond ETF,ETF,ETF,76.58489990234375,0.1109802645016339,0.0130053224482882,48.28926119121387,US
VCTR,"Victory Capital Holdings, Inc.",Financial Services,Asset Management,98.5199966430664,6.808324940089318,-0.1089726187700543,69.4081114229673,US
VCV,Invesco California Value Municipal Income Trust,Financial Services,Asset Management,10.779999732971191,0.1371169873312514,-0.0032931588599696,58.99057087969438,US
VCYT,"Veracyte, Inc.",Healthcare,Diagnostics & Research,59.130001068115234,3.7914688452335104,0.0248338681231445,61.820858839003925,US
VDC,Vanguard Consumer Staples Index Fund ETF Shares,ETF,ETF,230.32000732421875,0.9555570879295916,0.0698729436200671,53.99673588418669,US
VDE,Vanguard Energy Index Fund ETF Shares,ETF,ETF,162.77999877929688,4.681671240705386,0.081216932912016,61.588932739138784,US
VDG,Vanguard Developed Markets ex US Growth Index ETF,ETF,ETF,78.31719970703125,-2.6510843034376754,-0.0455518986992333,44.26197551393191,US
VDIG,Vanguard Wellington Dividend Growth Active ETF,ETF,ETF,62.79399871826172,-1.0759841503499223,-0.0368534066726581,52.87355472602302,US
VDV,Vanguard Developed Markets ex US Value Index ETF,ETF,ETF,75.54660034179688,-0.9614557541118516,-0.0134682246529933,46.3375585133602,US
VECO,Veeco Instruments Inc.,Technology,Semiconductor Equipment & Materials,52.27000045776367,-8.937283853210985,0.0260746168520489,38.22985936518411,US
VEEV,Veeva Systems Inc.,Healthcare,Health Information Services,195.3800048828125,2.76667888739572,-0.3538315095623723,65.36558108416217,US
VEFA,VanEck MSCI EAFE Analyst Sentiment ETF,EQUITY,EQUITY,79.41200256347656,-1.0318984575482275,-0.0460439490580618,49.82534990622336,US
VEGA,AdvisorShares STAR Global Buy-Write ETF,ETF,ETF,51.94179916381836,-1.251329523567505,-0.0261954809483121,46.035791817224464,US
VEGI,iShares MSCI Agriculture Producers ETF,ETF,ETF,44.93000030517578,2.090438579254478,0.0123760602909133,60.614492406862425,US
VEGN,US Vegan Climate ETF,ETF,ETF,75.3499984741211,-5.054121777484244,-0.0820300853601939,42.74569208896202,US
VELO,"Velo3D, Inc.",Technology,Computer Hardware,10.59000015258789,-20.015103204994027,0.0716212686413704,35.76991129653793,US
VEM,Virtus Emerging Markets Dividend ETF,EQUITY,EQUITY,26.09000015258789,-3.1910967940832133,-0.0288996742258465,43.04399361727044,US
VEMY,Virtus Stone Harbor Emerging Markets High Yield Bond ETF,ETF,ETF,28.770000457763672,-0.5358644196549561,-0.0043260257525475,49.74070092124795,US
VERS,ProShares Metaverse ETF,ETF,ETF,68.97090148925781,-6.440809244235729,-0.0879268499821209,38.18036809470672,US
VERX,"Vertex, Inc.",Technology,Software - Application,12.800000190734863,3.392569244034393,-0.0232115049441566,53.03956084362692,US
VEXC,Vanguard Emerging Markets Ex-China ETF,ETF,ETF,91.58000183105467,-4.124785333415016,-0.1143280444924311,41.29007898836292,US
VFC,V.F. Corporation,Consumer Cyclical,Apparel Manufacturing,16.979999542236328,1.252230642459149,-0.0108991991676985,50.5534360758365,US
VFDEF,Vanguard Funds Public Limited Company - Vanguard FTSE Developed Europe UCITS ETF,MUTUALFUND,MUTUALFUND,56.21039962768555,0.0719271142197955,-0.0601470543546233,51.30328515878878,US
VFH,VFH,ETF,ETF,137.94000244140625,1.091979132640983,-0.1013691896658115,66.11113258200663,US
VFLO,Victoryshares Free Cash Flow ETF,ETF,ETF,47.79999923706055,0.8651611156206662,-0.0116287919182163,64.13309544206558,US
VFMF,Vanguard U.S. Multifactor ETF Shares,ETF,ETF,180.47999572753903,0.4843801092539827,-0.0246364442983477,66.70525672311311,US
VFPAF,Vanguard Funds Public Limited Company - Vanguard FTSE Developed Asia Pacific ex Japan UCITS ETF,ETF,ETF,55.48799896240234,-4.957009024344553,0.0390613349564453,38.07557959332845,US
VFQY,VFQY,N/A,N/A,171.1529998779297,-0.1668205549126486,-0.0435195645408201,60.86158262009004,US
VFS,VinFast Auto Ltd.,Consumer Cyclical,Auto Manufacturers,3.150000095367432,3.278693266050828,0.0023734973484552,48.81233165450695,US
VFVA,Vanguard U.S. Value Factor ETF Shares,ETF,ETF,154.19000244140625,1.7487193299987664,-0.0181973438921194,65.77979980471076,US
VG,"Venture Global, Inc.",Energy,Oil & Gas Midstream,13.800000190734863,12.745101705783677,0.0338235282337888,63.56916395718654,US
VGK,VGK,ETF,ETF,88.58999633789062,0.0225772193014637,-0.0113591658456049,52.744166294368085,US
VGLT,Vanguard Long-Term Treasury Index Fund ETF Shares,ETF,ETF,54.09999847412109,0.0925055277822535,0.0283297593516444,44.709438129764926,US
VGM,Invesco Trust for Investment Grade Municipals,Financial Services,Asset Management,10.479999542236328,-0.334022467996958,-0.0078152517101418,56.216962892104895,US
VGMS,Vanguard Multi-Sector Income Bond ETF,ETF,ETF,51.07500076293945,0.0293760071386984,-7.972133889699862e-06,52.8426452805221,US
VGRO,Virtus Silvant Growth Opportunities ETF,EQUITY,EQUITY,25.275999069213867,-1.8712647014612047,-0.0262999533548434,45.6432428933042,US
VGSH,Vanguard Short-Term Treasury Index Fund ETF Shares,ETF,ETF,58.130001068115234,0.1550657325434552,0.001376999560182,59.782375385271486,US
VGSR,Vert Global Sustainable Real Estate ETF,ETF,ETF,11.65999984741211,2.2358625200466027,0.0113067884444127,65.5344845146366,US
VGUS,Vanguard Ultra-Short Treasury ETF,ETF,ETF,75.58499908447266,0.0794406585654839,0.0004739192568626,96.51601995779892,US
VHI,"Valhi, Inc.",Basic Materials,Chemicals,13.890000343322754,2.28277188039997,0.0035646468405858,48.84954244296166,US
VHT,VHT,ETF,ETF,303.25,-0.0691990578630232,-0.0433015331269528,59.73431889534285,US
VIA,"Via Transportation, Inc.",Technology,Software - Application,17.959999084472656,0.167310534223557,-0.0618167267043887,55.29647172389564,US
VICE,AdvisorShares Vice ETF,ETF,ETF,33.70500183105469,1.049324819732535,0.0180540362984287,55.135968538612985,US
VICI,VICI Properties Inc.,Real Estate,REIT - Diversified,26.8700008392334,3.306422924966401,0.0225423133032605,50.91694318900604,US
VIGI,Vanguard International Dividend Appreciation Index Fund ETF Shares,ETF,ETF,95.11000061035156,0.1790585259887997,-0.0332258357034646,58.35872277297372,US
VIK,Viking Holdings Ltd,Consumer Cyclical,Travel Services,97.04000091552734,-2.118215137229829,-0.0271577792401642,49.24290747770068,US
VINP,Vinci Compass Investments Ltd.,Financial Services,Asset Management,9.710000038146973,-2.948526465963264,-0.0169916370872568,44.900912173722766,US
VIOG,Vanguard S&P Small-Cap 600 Growth Index Fund ETF Shares,ETF,ETF,148.5330047607422,-0.8722581480856146,-0.0486463900624913,52.79750712784892,US
VIOO,Vanguard S&P Small-Cap 600 Index Fund ETF Shares,ETF,ETF,135.41000366210938,0.3111327889875383,-0.0082867801475752,57.05538082758523,US
VIPS,Vipshop Holdings Limited,Consumer Cyclical,Internet Retail,14.5,4.0172197738423545,0.0032607845944021,63.2712068050992,US
VIR,"Vir Biotechnology, Inc.",Healthcare,Biotechnology,9.43000030517578,-5.321282439169511,-0.0103984159869924,46.42850286159604,US
VIS,Vanguard Industrials Index Fund ETF Shares,ETF,ETF,345.29998779296875,-1.4498593010588043,-0.0469992533300884,46.24716200772454,US
VITL,"Vital Farms, Inc.",Consumer Defensive,Farm Products,13.550000190734863,4.633207647157288,-0.0086743483711865,65.46375816428578,US
VIXY,ProShares VIX Short-Term Futures ETF,ETF,ETF,21.649999618530277,6.440508633800131,0.091949148505077,47.96543983634091,US
VKI,Invesco Advantage Municipal Income Trust II,Financial Services,Asset Management,9.199999809265137,-1.5442115718350016,-0.0096047359960275,46.54268409654068,US
VKQ,VKQ,Financial Services,Asset Management,9.920000076293944,-0.2727050124454498,-0.004152735718868,54.61942584492141,US
VKTX,"Viking Therapeutics, Inc.",Healthcare,Biotechnology,37.08000183105469,-4.580542334893112,-0.0723870009748288,53.017497784347576,US
VLGEA,"Village Super Market, Inc.",Consumer Defensive,Grocery Stores,44.4900016784668,3.344953465566132,0.0068092450001597,63.021445530817005,US
VLLU,Harbor AlphaEdge Large Cap Value ETF,ETF,ETF,26.169300079345703,-0.7799049124333531,-0.0009873190142604,50.5492424721055,US
VLO,Valero Energy Corporation,Energy,Oil & Gas Refining & Marketing,309.6499938964844,10.317428908471186,0.2921368177782337,72.50394279908441,US
VLTO,Veralto Corporation,Industrials,Pollution & Treatment Controls,93.80999755859376,1.1974117010719176,-0.0185424163692726,64.08756144266651,US
VLU,State Street SPDR S&P 1500 Value Tilt ETF,ETF,ETF,241.13699340820312,-0.0053910381962649,-0.0671110383940054,61.05525339278151,US
VLUE,iShares MSCI USA Value Factor ETF,ETF,ETF,189.3500061035156,-3.0813273092733326,-0.0430117959187388,43.39370230093433,US
VLY,VLY,Financial Services,Banks - Regional,14.949999809265137,2.117482641206169,0.0017612993454089,60.3567962168094,US
VMBS,Vanguard Mortgage-Backed Securities Index Fund ETF Shares,ETF,ETF,46.5,0.1292019273586005,0.0071776776018686,50.05480639294707,US
VMC,VMC,N/A,N/A,288.3299865722656,-2.3437810085467823,-0.082034536771987,46.42445031084482,US
VMD,"Viemed Healthcare, Inc.",Healthcare,Medical Devices,12.149999618530272,-1.2997627589959724,-0.0062056404947762,67.78974023092266,US
VMO,VMO,Financial Services,Asset Management,9.8100004196167,0.0286475971171532,-0.0033120161769255,55.26068702513594,US
VNET,"VNET Group, Inc.",Technology,Information Technology Services,7.389999866485596,-7.740328897378694,-0.0197546824901282,38.7402093417327,US
VNGLF,Vanguard Funds Public Limited Company - Vanguard FTSE Developed Europe UCITS ETF,MUTUALFUND,MUTUALFUND,68.36199951171875,0.208147593777134,0.0127318830397065,53.59333082399165,US
VNLA,Janus Henderson Short Duration Income ETF,ETF,ETF,48.95000076293945,0.1022479253586244,0.0009400480255545,72.20709508749118,US
VNM,VanEck Vietnam ETF,ETF,ETF,17.34000015258789,-3.559507263306833,-0.0032135665012766,35.76874624324755,US
VNO,VNO,Real Estate,REIT - Office,40.34000015258789,5.189052823065083,0.0374348580598999,63.92677628119127,US
VNQI,Vanguard Global ex-U.S. Real Estate Index Fund ETF Shares,ETF,ETF,45.720001220703125,0.3952575791767458,0.0010846574099637,55.1881724661236,US
VNT,Vontier Corporation,Technology,Scientific & Technical Instruments,30.350000381469727,3.1611159169409966,0.0217830475569438,58.147893553399406,US
VOE,Vanguard Mid-Cap Value Index Fund ETF Shares,ETF,ETF,202.8000030517578,0.7201375238581977,-0.0154033781632216,64.84855544017205,US
VOLT,Tema Electrification ETF,ETF,ETF,37.709999084472656,-3.034199855220024,-0.0016553505386284,40.82465761667765,US
VONE,Vanguard Russell 1000 Index Fund ETF Shares,ETF,ETF,336.6000061035156,-1.455046144020951,-0.3008074958209279,48.993196607660295,US
VONV,Vanguard Russell 1000 Value Index Fund ETF Shares,ETF,ETF,108.7699966430664,0.4618084561767832,-0.0225624479160688,61.25858108037647,US
VOOG,Vanguard S&P 500 Growth Index Fund ETF Shares,ETF,ETF,80.75,-3.072857560454551,-0.1292853276815013,45.28064751940343,US
VOOV,Vanguard S&P 500 Value Index Fund ETF Shares,ETF,ETF,223.1499938964844,0.2966373261834408,-0.0423340212154814,59.926331250319,US
VOT,VOT,ETF,ETF,293.3099975585937,-2.9610308733765893,-0.254954107062715,42.38045952853361,US
VOTE,TCW Transform 500 ETF,ETF,ETF,87.64309692382812,-1.530139173772677,-0.0780754812941513,48.94662220551327,US
VOX,VOX,ETF,ETF,188.0800018310547,-1.7961582939985845,-0.3800812504233777,48.25610229842123,US
VOXP,Advisors Series Trust - Vox Populi ETF,ETF,ETF,38.81600189208984,-0.0952275195454999,-0.0154014969275309,54.9062099707989,US
VOYA,"Voya Financial, Inc.",Financial Services,Financial Conglomerates,99.7300033569336,2.224278241742017,-0.0602572016944984,74.52877421113295,US
VOYG,"Voyager Technologies, Inc.",Industrials,Aerospace & Defense,25.899999618530277,-16.8806169917831,-0.004373350042393,34.85431330295384,US
VPC,Virtus Private Credit ETF,ETF,ETF,14.890000343322754,-0.8391013080187079,-0.0132008443018161,46.72088080170986,US
VPG,VPG,Technology,Scientific & Technical Instruments,103.88999938964844,-7.817211887449978,0.4027118521255266,40.914894008806506,US
VPL,Vanguard FTSE Pacific Index Fund ETF Shares,ETF,ETF,108.0,-5.0799778883005136,-0.1109759654692523,39.72358004940403,US
VPU,VPU,ETF,ETF,195.22000122070312,-0.484272292965019,-0.1004378053276738,49.93541307206883,US
VRAI,Virtus Real Asset Income ETF,ETF,ETF,28.51000022888184,2.2633542284898187,0.0095895467750554,63.39155467669697,US
VRDN,"Viridian Therapeutics, Inc.",Healthcare,Biotechnology,18.030000686645508,-8.662609444274548,-0.068483488034588,48.0782672309243,US
VREX,Varex Imaging Corporation,Healthcare,Medical Devices,10.550000190734863,-4.52488679972365,-0.0191214346211535,48.92360805435595,US
VRNS,"Varonis Systems, Inc.",Technology,Software - Infrastructure,47.540000915527344,6.75949296820977,-0.0819160486440262,74.52823971426837,US
VRP,Invesco Variable Rate Preferred ETF,ETF,ETF,24.3799991607666,0.1231982703363897,0.0003732395791222,58.588753734177565,US
VRRM,Verra Mobility Corporation,Technology,Information Technology Services,4.119999885559082,0.0,-0.0225774757752182,31.623459235102004,US
VRSK,"Verisk Analytics, Inc.",Industrials,Consulting Services,200.67999267578125,8.24747469468224,0.1699636254912859,66.34335300177432,US
VRSN,"VeriSign, Inc.",Technology,Software - Infrastructure,277.6600036621094,2.7951644589222147,0.1646114730479881,60.19544526656809,US
VRT,Vertiv Holdings Co,Industrials,Electrical Equipment & Parts,289.5599975585937,-9.188982355582729,-0.6614939675925,42.20717886608275,US
VRTL,GraniteShares 2x Long VRT Daily ETF,ETF,ETF,37.900001525878906,-18.31896491481633,-0.1666180489752022,40.86563925361036,US
VRTX,Vertex Pharmaceuticals Incorporated,Healthcare,Biotechnology,485.6499938964844,0.0535608974641093,0.2038127729110375,53.4389313716329,US
VSDA,VictoryShares Dividend Accelerator ETF,ETF,ETF,58.64139938354492,0.4976737937411928,0.0110479048789905,60.28299583674495,US
VSDB,Vanguard Short Duration Bond ETF Shares,ETF,ETF,76.05000305175781,0.0921291020419926,0.0018172995648565,55.46505385307619,US
VSDM,Vanguard Short Duration Tax-Exe,ETF,ETF,76.30000305175781,-0.1112771906729318,-0.0023882526313577,48.146084245780806,US
VSEC,VSE Corporation,Industrials,Aerospace & Defense,199.6100006103516,-5.487107327601716,-0.0414470562782378,44.97304045202776,US
VSGX,Vanguard ESG International Stock ETF,ETF,ETF,79.27999877929688,-2.997680750038623,-0.0682540003300034,43.0054557137897,US
VSH,VSH,N/A,N/A,37.810001373291016,-15.35705636187687,0.1621254387008694,33.66512636061991,US
VSHY,Virtus Newfleet Short Duration High Yield Bond ETF,ETF,ETF,21.76000022888184,-0.0229688072905675,0.0004220240053691,57.369869737154005,US
VSLU,Applied Finance Valuation Large Cap US ETF,ETF,ETF,47.2599983215332,-0.2322157754525957,-0.0314107885038056,59.07233629430232,US
VSMV,VictoryShares US Multi-Factor Minimum Volatility ETF,ETF,ETF,60.221900939941406,0.560897946308612,0.0123466006184375,58.43168684535433,US
VSNT,"Versant Media Group, Inc.",Communication Services,Entertainment,35.900001525878906,1.4410911133828508,0.0213313507007703,42.7195826034862,US
VSS,Vanguard FTSE All-World ex-US Small-Cap Index Fund ETF Shares,ETF,ETF,150.72999572753906,-2.5347548164594045,-0.1295459869315157,40.06072197657856,US
VST,Vistra Corp.,Utilities,Utilities - Independent Power Producers,155.44000244140625,-2.152837816823262,-0.0419797378007223,48.538713987537385,US
VSTS,Vestis Corporation,Industrials,Rental & Leasing Services,16.5,13.55815762720575,0.0426687044527401,77.80121670267772,US
VSXY,VSXY,N/A,N/A,81.44999694824219,3.9433337338213703,0.0101324492701215,57.52424278869879,US
VTEC,Vanguard California Tax-Exempt Bond ETF,ETF,ETF,99.6230010986328,-0.466575338539626,-0.0105788907227297,39.670760237701046,US
VTES,VTES,N/A,N/A,100.93000030517578,-0.1878979788819995,-0.0048315282678699,45.40972175053072,US
VTEX,VTEX,Technology,Software - Application,4.199999809265137,3.448272622135791,0.0085066066557792,60.88521222596175,US
VTG,VTG,ETF,ETF,74.75460052490234,0.1401192188685705,0.0130330915046219,49.1101562590548,US
VTHR,Vanguard Russell 3000 Index Fund ETF Shares,ETF,ETF,328.6300048828125,-1.463225912242315,-0.2862322870924509,48.74754453840777,US
VTIP,Vanguard Short-Term Inflation-Protected Securities Index Fund ETF Shares,ETF,ETF,49.70000076293945,0.1208730339016238,0.0034134902784961,59.311121124980886,US
VTOL,Bristow Group Inc.,Energy,Oil & Gas Equipment & Services,44.16999816894531,1.2376738198723254,-0.0152495210298915,58.95309994003087,US
VTP,Vanguard Total Inflation-Protected Securities ETF,ETF,ETF,75.52999877929688,0.0662366456541614,0.0126229118812528,49.38787254507685,US
VTR,VTR,Real Estate,REIT - Healthcare Facilities,96.0999984741211,6.000435244064876,0.0850798890676702,71.350094147924,US
VTS,"Vitesse Energy, Inc.",Energy,Oil & Gas E&P,15.90999984741211,2.8442118473719185,0.0175798914340436,48.34735675269506,US
VTWG,VTWG,N/A,N/A,275.1199951171875,-2.1169146660916462,-0.0682914299459516,44.882257818970025,US
VTWO,Vanguard Russell 2000 Index Fund ETF Shares,ETF,ETF,118.88999938964844,-0.6185721648074256,-0.0160900502705654,50.81484007885016,US
VUS,Virtus U.S. Dividend ETF,ETF,ETF,29.871000289916992,0.2382585727322616,-0.0044366287311443,55.57517510684061,US
VUSB,Vanguard Ultra-Short Bond ETF,ETF,ETF,49.68999862670898,0.0704860502920849,-0.0007297946430299,70.71678028545256,US
VUSE,Vident U.S. Equity Strategy ETF,ETF,ETF,71.11270141601562,-1.672101440293251,-0.0410395267912208,47.02987051939693,US
VUSG,Vanguard Wellington U.S. Growth Active ETF,ETF,ETF,62.29999923706055,-3.5827574142922542,-0.1040223963935699,43.43418340178411,US
VUSV,Vanguard Wellington U.S. Value Active ETF,ETF,ETF,68.96540069580078,0.1385188694848491,-0.0190703596925793,58.05885511437507,US
VVR,Invesco Senior Income Trust,Financial Services,Asset Management,2.9600000381469727,-1.0235634607193145,-0.0006970666068996,48.94407457675539,US
VVV,Valvoline Inc.,Consumer Cyclical,Auto & Truck Dealerships,39.970001220703125,3.442033778631456,0.0336402193932571,61.88811125947652,US
VWOB,Vanguard Emerging Markets Government Bond Index Fund,ETF,ETF,66.4800033569336,-0.479041437432686,0.0011343837734695,45.88147754054889,US
VXX,iPath Series B S&P 500 VIX Short-Term Futures ETN,ETF,ETF,22.479999542236328,6.389022409316311,0.0917021569178164,47.98430540048398,US
VYMI,Vanguard International High Dividend Yield Index Fund ETF Shares,ETF,ETF,100.88999938964844,0.3181860353935025,-0.0327470402807511,59.61506729404628,US
VZ,Verizon Communications Inc.,Communication Services,Telecom Services,43.59000015258789,3.490031476687281,0.0555697524279734,49.56521288672688,US
WAB,WAB,Industrials,Railroads,262.0799865722656,0.3330634913087228,0.1512662778058064,47.5599354060916,US
WABC,Westamerica Bancorporation,Financial Services,Banks - Regional,61.36000061035156,5.158529931351138,0.0704266296237488,66.13451159243147,US
WAGN,Pabrai Wagons ETF,ETF,ETF,13.770000457763672,-1.148599023021273,-0.0003631323375342,35.22401795975233,US
WAMA,Wisdomtree U.S. Adaptive Moving Average Fund,ETF,ETF,26.100799560546875,-1.4320241247913117,-0.0240252562107039,49.16579367244149,US
WAT,Waters Corporation,Healthcare,Diagnostics & Research,368.9800109863281,-1.9791147980787456,-0.5277901024355938,49.97555302925219,US
WBD,"Warner Bros. Discovery, Inc.",Communication Services,Entertainment,26.8700008392334,1.0530300302320854,-0.0279029330498746,50.51137472373714,US
WBIF,WBI BullBear Value 3000 ETF,ETF,ETF,35.619998931884766,0.3436752196637117,-2.7569659657444845e-06,58.3012190725833,US
WBIG,WBI BullBear Yield 3000 ETF,ETF,ETF,26.132699966430664,0.6419947843570672,0.0025719949861347,63.856801161778975,US
WBIL,WBI BullBear Quality 3000 ETF,ETF,ETF,39.11000061035156,-1.4687732634252488,-0.0182627499131014,46.74742347910366,US
WBIY,WBI Power Factor High Dividend ETF,ETF,ETF,37.020599365234375,3.853339778377931,0.0291658545918276,71.60880908468863,US
WBTN,WEBTOON Entertainment Inc.,Communication Services,Internet Content & Information,10.43000030517578,-9.618714561061475,-0.0342550094664158,35.73049920998993,US
WCAP,Warcap Unconstrained Equity ETF,EQUITY,EQUITY,9.05500030517578,-1.949099709725692,-0.0053003908454881,41.59269098148248,US
WCBR,WisdomTree Cybersecurity Fund,ETF,ETF,39.27999877929688,4.025425120045275,-0.0669368243078918,65.77207471854545,US
WCCB,West Coast Community Bancorp,Financial Services,Banks - Regional,54.09999847412109,6.057636256152331,0.0897272584528774,92.76929917502903,US
WCEO,WCEO,N/A,N/A,38.51340103149414,-0.2992585391731541,-0.0076962406838766,62.15295399639019,US
WCLD,WisdomTree Cloud Computing Fund,ETF,ETF,34.790000915527344,2.7466045139156456,-0.0496867446495163,64.28478468373319,US
WCPB,Weitz Core Plus Bond ETF,EQUITY,EQUITY,25.280000686645508,0.2379118751967756,0.0040034485588723,52.775257150642766,US
WD,WD,Financial Services,Mortgage Finance,50.08000183105469,-0.2986217649783447,0.0625443924367951,46.07537496729341,US
WDAF,WisdomTree Asia Defense Fund,ETF,ETF,29.33720016479492,-4.048407415397003,0.0045429377271898,37.22288516706095,US
WDAY,"Workday, Inc.",Technology,Software - Application,144.77999877929688,4.195755278228843,-0.1453075370272971,60.49293618302296,US
WDC,WDC,Technology,Computer Hardware,477.2200012207031,-18.086479475713077,-0.5912922850836502,39.763543666153126,US
WDE,Principal Securitized Debt ETF,ETF,ETF,25.21999931335449,0.0,0.0018274388239004,52.73989593377737,US
WDEF,WisdomTree Trust,EQUITY,EQUITY,27.920000076293945,0.0,0.0185071270292671,46.722411477355486,US
WDGF,WisdomTree Global Defense Fund,ETF,ETF,30.008699417114254,-2.3631077885604013,-0.0018366698748439,40.041004976395584,US
WDH,Waterdrop Inc.,Financial Services,Insurance - Diversified,1.1799999475479126,1.72413633637985,0.0010341793504076,40.70638687412489,US
WDIG,WisdomTree Efficient Rare Earth Plus Strategic Metals Fund,ETF,ETF,38.94459915161133,-6.786500025200011,-0.0465937020627746,33.36973077056621,US
WDIV,WDIV,N/A,N/A,82.77059936523438,1.7712990307958116,0.0140964748380957,73.80214938669917,US
WDNA,WisdomTree BioRevolution Fund,ETF,ETF,19.82999992370605,-6.471086512232778,-0.0490551467491192,50.272369887834536,US
WDTE,Defiance S&P 500 Target 30 Weekly Distribution ETF,ETF,ETF,29.309999465942383,-1.7680670296381853,-0.0300840859627371,46.586347379454914,US
WEAV,"Weave Communications, Inc.",Healthcare,Health Information Services,7.230000019073486,4.329007188543963,-0.0269461464203524,70.88929277509557,US
WEBL,Direxion Daily Dow Jones Internet Bull 3X Shares,ETF,ETF,24.209999084472656,-6.956192703489979,-0.1324628950622712,48.35185261484807,US
WEC,WEC,Utilities,Utilities - Regulated Electric,113.3499984741211,-1.400487668035325,-0.0507249704368161,45.46177601228605,US
WEED,Roundhill Cannabis ETF,ETF,ETF,19.561599731445312,-0.0990738142288543,0.0027996459963561,44.35959623358368,US
WEEI,Westwood Salient Enhanced Energy Income ETF,ETF,ETF,23.54840087890625,3.4639747016520435,0.0067057260716147,61.27502492608973,US
WEEK,Roundhill Weekly T-Bill ETF,ETF,ETF,100.02999877929688,0.0669955948373857,-0.0009070908826634,84.53818019730016,US
WEEUF,WisdomTree Issuer ICAV - WisdomTree Europe Equity UCITS ETF,EQUITY,EQUITY,43.02000045776367,0.3967374321967583,0.0074939853620372,52.30486870457872,US
WELL,WELL,N/A,N/A,243.25,5.034761365554576,0.1880713985224869,69.1486606700825,US
WEN,WEN,Consumer Cyclical,Restaurants,7.760000228881836,2.781457388632632,0.0092375563103664,53.47523300568038,US
WENN,WENN,N/A,N/A,10.31999969482422,0.1941699390194728,9.219898657675946e-05,64.38106904015467,US
WEPN,Nicholas Defense and Rare Earth,EQUITY,EQUITY,40.497100830078125,-3.165038729617113,-0.0668483782216117,39.03195349891379,US
WEX,WEX,N/A,N/A,164.3000030517578,4.317462255084326,-0.0622780886821709,68.6531430125979,US
WFC,Wells Fargo & Company,Financial Services,Banks - Diversified,87.51000213623047,0.4015585812477963,-0.0277222332990185,59.44742957845137,US
WFHG,World Financial Holding Group,Financial Services,Shell Companies,8.40999984741211,0.0,-0.0134671676429972,99.7754635604884,US
WFRD,Weatherford International plc,Energy,Oil & Gas Equipment & Services,80.69999694824219,-4.3385533850509095,0.0236665387170456,33.14137187270029,US
WGS,GeneDx Holdings Corp.,Healthcare,Diagnostics & Research,63.47999954223633,-3.2906762149555195,-0.0063118359214491,50.95893168096972,US
WH,"Wyndham Hotels & Resorts, Inc.",Consumer Cyclical,Lodging,76.55999755859375,-2.521012648144937,-0.0427583666873779,39.63366553157801,US
WHD,"Cactus, Inc.",Energy,Oil & Gas Equipment & Services,54.5,1.319946221208752,0.0669985725179138,52.28166723154843,US
WILC,WILC,N/A,N/A,30.790000915527344,-2.408869540131281,-0.0066546919408097,38.73383020408067,US
WIMA,Wisdomtree International Adaptive Moving Average Fund,ETF,ETF,42.13460159301758,-0.6727878082198187,-0.0196213214652793,51.3658708390537,US
WINA,Winmark Corporation,Consumer Cyclical,Specialty Retail,388.1000061035156,0.6901213276413216,0.7573340514831308,45.36458972907083,US
WING,Wingstop Inc.,Consumer Cyclical,Restaurants,142.3300018310547,-7.149841434606944,-0.0313697802769152,38.25869996619519,US
WINN,Harbor Long-Term Growers ETF,ETF,ETF,32.41999816894531,-2.172604809787726,-0.0534678464460993,48.02419633541217,US
WIP,State Street SPDR FTSE International Government Inflation-Protected Bond ETF,ETF,ETF,39.02999877929688,-0.1023826870739465,-0.0019520934938517,47.39435370177967,US
WISE,Themes Generative Artificial Intelligence ETF,ETF,ETF,33.87350082397461,-8.558735568479916,-0.0591899130194516,32.02141186248146,US
WIW,WIW,Financial Services,Asset Management,8.380000114440918,-0.2380893452094552,0.0009633868950075,50.18110915750392,US
WKC,World Kinect Corporation,Energy,Oil & Gas Refining & Marketing,36.5,3.34088424510575,-0.0549521658025231,78.69042302449697,US
WLDN,"Willdan Group, Inc.",Industrials,Engineering & Construction,72.69999694824219,0.8601485869002622,0.1213720576120565,33.86352325190836,US
WLDR,Affinity World Leaders Equity ETF,ETF,ETF,44.31589889526367,-3.4301601989993507,-0.0162600878738317,44.1602127444934,US
WLDU,Leverage Shares 2x Long World S,ETF,ETF,16.819700241088867,-3.667232972269815,-0.0252140521601613,44.49791458301689,US
WLFC,Willis Lease Finance Corporation,Industrials,Rental & Leasing Services,191.6499938964844,-13.28446737255742,-0.933779150009733,37.33396791220384,US
WLTG,WealthTrust DBS Long Term Growth ETF,ETF,ETF,37.1884994506836,-1.497860206921603,-0.0320698501836773,47.95046582797077,US
WLTH,Wealthfront Corporation,Technology,Software - Application,9.260000228881836,-0.9625684376041008,-0.0170664154707251,48.44325412314572,US
WM,"Waste Management, Inc.",Industrials,Waste Management,239.30999755859372,2.562891904431968,-0.0743516349168067,63.12443739626376,US
WMB,"The Williams Companies, Inc.",Energy,Oil & Gas Midstream,73.37999725341797,-2.1860829952463234,-0.10617276352464,46.580146524995534,US
WMK,WMK,Consumer Defensive,Grocery Stores,78.05000305175781,-2.156191129109312,-0.0162827836806351,49.25522920877413,US
WMT,Walmart Inc.,Consumer Defensive,Discount Stores,114.23999786376952,0.2985042434906161,0.0403879380529188,46.4445942887286,US
WMTI,REX WMT Growth & Income ETF,ETF,ETF,21.892099380493164,0.7510752312042247,0.0155489009920483,45.61096920501508,US
WNC,WNC,Industrials,Farm & Heavy Construction Machinery,13.4399995803833,4.186046339701758,0.0381396572036836,65.01638618500002,US
WNTR,YieldMax MSTR Short Option Income Strategy ETF,ETF,ETF,27.82999992370605,2.060582329178216,0.0365748298429449,58.59883079925911,US
WOMN,Impact Shares Women’s Empowerment ETF,ETF,ETF,42.91880035400391,-0.948999445359064,-0.0258007424304607,52.45976877211871,US
WOOD,iShares Global Timber & Forestry ETF,ETF,ETF,69.18620300292969,2.1500067530219917,0.0471295744302689,61.59971671721256,US
WR,Corgi U.S. War Machine ETF,ETF,ETF,24.90999984741211,1.260160411118912,-0.0067994817885929,54.36784702726177,US
WRB,WRB,Financial Services,Insurance - Property & Casualty,71.61000061035156,-0.8034378881278635,0.0198137657436396,56.61195007095511,US
WS,"Worthington Steel, Inc.",Basic Materials,Steel,35.33000183105469,6.898646434573785,0.1231050719683859,47.45296997426183,US
WSC,WillScot Holdings Corporation,Industrials,Rental & Leasing Services,27.225000381469727,3.7538133343878015,0.0560282729171399,53.08362682283578,US
WSDB,Weitz Short Duration Bond ETF,EQUITY,EQUITY,24.98500061035156,0.1001663733812371,0.0003029021658151,57.00259014911851,US
WSFS,WSFS Financial Corporation,Financial Services,Banks - Regional,79.83999633789062,2.8733355366597277,0.0468412912621938,65.64291109710767,US
WSGE,Warren Street Global Equity ETF,ETF,ETF,27.695899963378903,-1.5571934410367667,-0.0161554892177316,47.046647393759,US
WSM,"Williams-Sonoma, Inc.",Consumer Cyclical,Specialty Retail,228.41000366210935,3.003383838606257,0.4727332998852596,58.49233906502798,US
WSML,iShares MSCI World Small-Cap ETF,ETF,ETF,34.34600067138672,-1.3726183748474488,-0.0117816224125666,46.04757970076612,US
WSR,Whitestone REIT,Real Estate,REIT - Retail,18.989999771118164,0.0526882461697765,0.0010029708749699,65.64847529937907,US
WST,"West Pharmaceutical Services, Inc.",Healthcare,Medical Instruments & Supplies,358.239990234375,1.2807098721360812,-0.2591474909905429,61.47337976245594,US
WTAI,WisdomTree Artificial Intelligence and Innovation Fund,ETF,ETF,39.5099983215332,-9.773926705894423,-0.0597591107696514,40.21392631138699,US
WTBA,"West Bancorporation, Inc.",Financial Services,Banks - Regional,27.040000915527344,2.7355669796786204,-0.0058612962311117,60.20430290985488,US
WTI,"W&T Offshore, Inc.",Energy,Oil & Gas E&P,3.490000009536743,3.560834660317893,0.0013519021467417,50.70725761121945,US
WTIP,WisdomTree Inflation Plus Fund,ETF,ETF,35.435001373291016,0.5676195813111342,0.0018165777809227,48.07773102109732,US
WTM,"White Mountains Insurance Group, Ltd.",Financial Services,Insurance - Property & Casualty,2211.52001953125,1.390528974539727,0.4235738842188503,66.12712095743049,US
WTMF,WisdomTree Managed Futures Strategy Fund,ETF,ETF,40.83000183105469,-0.5359254813511481,-0.0168392381768217,48.09153173300396,US
WTMU,WTMU,N/A,N/A,25.559999465942383,-0.3314524870501851,-0.0004069697717674,44.60547935357256,US
WTMY,Wisdomtree High Income Laddered Municipal Fund,ETF,ETF,25.34000015258789,-0.1772703403120177,0.0001645844627155,49.4183716917914,US
WTPI,WisdomTree Equity Premium Income Fund,ETF,ETF,32.810001373291016,-0.8761242120805821,-0.0208335969363222,49.90976626852666,US
WTV,WisdomTree U.S. Value Fund,ETF,ETF,104.9499969482422,0.4690770324182076,-0.0332827721043885,63.34769010023766,US
WTW,Willis Towers Watson Public Limited Company,Financial Services,Insurance Brokers,293.42999267578125,1.305022910046315,-0.2607989575397464,63.98008031179706,US
WULX,Tradr 2X Long WULF Daily ETF,ETF,ETF,23.18000030517578,-33.33333333333333,0.1373172779754172,32.48927496930165,US
WWD,WWD,N/A,N/A,392.8800048828125,-3.3267690001775936,0.0519582966512413,44.46959236150282,US
WWJD,Inspire International ETF,ETF,ETF,38.77999877929688,0.1290969213826638,-0.0142021738308059,53.63581318700644,US
WWW,WWW,Consumer Cyclical,Footwear & Accessories,18.3700008392334,3.7267181754933154,-0.0056646710377964,59.34198841113544,US
WXET,Teucrium 2x Daily Wheat ETF,ETF,ETF,22.915000915527344,13.778558142882575,0.0373189180142264,70.7166844268205,US
WYFI,"WhiteFiber, Inc.",Technology,Information Technology Services,25.149999618530277,-34.67532566615513,-0.2256727471930828,39.13483229301696,US
XA,Corgi AI Cybersecurity ETF,ETF,ETF,38.400001525878906,3.448282949422888,-0.0491061199010427,63.608657145468015,US
XAGG,Eaton Vance Income Opportunities ETF,ETF,ETF,49.88999938964844,-0.1501066000408458,-0.0029395000943767,51.92120181462352,US
XAIX,Xtrackers Artificial Intelligence and Big Data ETF,ETF,ETF,52.411399841308594,-5.870331260690299,-0.0497469047458735,40.94457333228372,US
XAPR,FT Vest U.S. Equity Enhance & Moderate Buffer ETF - April,ETF,ETF,37.77980041503906,-0.369719833006388,-0.0112266229991795,52.97856783461268,US
XAR,State Street SPDR S&P Aerospace & Defense ETF,ETF,ETF,258.57000732421875,-4.744890146841878,-0.1317145260434506,35.25109876615436,US
XAUG,FT Vest U.S. Equity Enhance & Moderate Buffer ETF - August,ETF,ETF,39.2400016784668,0.1250281544520632,-0.0020689173235104,67.47826797056254,US
XB,BondBloxx B Rated USD High Yield Corporate Bond ETF,ETF,ETF,39.07500076293945,0.0512110039876796,0.0001697867325521,54.0436318097605,US
XBB,BondBloxx BB Rated USD High Yield Corporate Bond ETF,ETF,ETF,40.81999969482422,0.0563737758059163,-0.0022587445640749,53.36920095592413,US
XBCI,NEOS Boosted Bitcoin High Income ETF,ETF,ETF,32.09000015258789,0.5640874523237556,-0.0257221710378399,48.32006601035866,US
XBI,State Street SPDR S&P Biotech ETF,ETF,ETF,154.25999450683594,-2.9994367786424925,-0.1417852309440306,55.37922634312504,US
XBIL,F/m US Treasury 6 Month Bill ETF,ETF,ETF,50.1150016784668,0.0998762671115635,6.794819221306314e-07,89.76526225759788,US
XBJA,Innovator U.S. Equity Accelerated 9 Buffer ETF - January,ETF,ETF,33.86949920654297,-0.354523289124073,-0.0098087591332022,55.631400979607626,US
XBJL,Innovator U.S. Equity Accelerated 9 Buffer ETF - July,ETF,ETF,39.91210174560547,-0.6667460366738802,-0.0143859679471234,47.96061159434933,US
XBOC,Innovator U.S. Equity Accelerated 9 Buffer ETF - October,ETF,ETF,35.619998931884766,-0.293910557651637,-0.0098985475613695,57.51758136426479,US
XC,WisdomTree True Emerging Markets Fund,ETF,ETF,31.74169921875,-1.1562288034420538,-0.0072162817163326,50.38370807704356,US
XCHG,Ab US Equity ETF,ETF,ETF,26.83989906311035,-0.8573486854040839,-0.023463799007779,54.20819716441854,US
XCLR,Global X S&P 500 Collar 95-110 ETF,ETF,ETF,27.44890022277832,-1.049385547014047,-0.0168317100717809,48.04915862424075,US
XCOR,Fundx ETF,ETF,ETF,86.677001953125,-2.435813848998091,-0.0942920795427915,43.531181499958095,US
XDAT,Franklin Exponential Data ETF,ETF,ETF,24.809999465942383,-2.5645049473986594,-0.0463993250586078,48.87086289439583,US
XDEC,FT Vest U.S. Equity Enhance & Moderate Buffer ETF - December,ETF,ETF,42.93519973754883,-0.1739097579711521,-0.0103623688723143,56.62540454820361,US
XDEF,Xtrackers Europe Defense Technologies ETF,ETF,ETF,21.04669952392578,-1.5589319453877355,-0.033485646497684,35.485168601359604,US
XDIV,Roundhill S&P 500 No Dividend Target ETF,ETF,ETF,30.290000915527344,-1.4959319820248984,-0.0282783337083971,47.83857509383181,US
XDQQ,Innovator Growth-100 Accelerated ETF – Quarterly,ETF,ETF,38.709999084472656,-4.085834703072911,-0.0544179457070262,33.068232231151185,US
XDSQ,Innovator U.S. Equity Accelerated ETF – Quarterly,ETF,ETF,42.970001220703125,-1.022712095544043,-0.0255642604109281,49.58539626650409,US
XE,"X-Energy, Inc.",Industrials,Specialty Industrial Machinery,14.020000457763672,-12.1553858129473,0.0028992730394952,29.119122031434728,US
XEL,Xcel Energy Inc.,Utilities,Utilities - Regulated Electric,78.7699966430664,-1.611292724038902,-0.0648381271850341,45.80116026449972,US
XEMD,BondBloxx JP Morgan USD Emerging Markets 1-10 Year Bond ETF,ETF,ETF,44.65999984741211,-0.1118301008373563,0.0005106563333227,50.25425701242996,US
XEML,Xtrackers Europe Market Leaders ETF,ETF,ETF,25.707000732421875,0.3082584369550505,0.0122336574382434,53.01564200052652,US
XENE,Xenon Pharmaceuticals Inc.,Healthcare,Biotechnology,68.26000213623047,-0.95762630622389,-0.1276637846225901,70.45212060764771,US
XERS,"Xeris Biopharma Holdings, Inc.",Healthcare,Drug Manufacturers - Specialty & Generic,8.800000190734863,5.515587886461073,0.0007162410713008,71.45238752909083,US
XES,State Street SPDR S&P Oil & Gas Equipment & Services ETF,ETF,ETF,112.31999969482422,0.2499096545955763,-0.013765068776876,46.484489359774,US
XFEB,FT Vest U.S. Equity Enhance & Moderate Buffer ETF - February,ETF,ETF,37.540000915527344,0.1333668573540369,-0.0034117591839332,61.93529962767656,US
XHR,"Xenia Hotels & Resorts, Inc.",Real Estate,REIT - Hotel & Motel,21.0,4.115021916542102,0.0304857417744403,69.84882922716166,US
XIDE,FT Vest U.S. Equity Buffer & Premium Income ETF - December,ETF,ETF,30.280000686645508,-0.1319228515214628,-0.003554737479032,57.66936410907057,US
XIMR,FT Vest U.S. Equity Buffer & Premium Income ETF - March,ETF,ETF,31.38500022888184,-0.0477687574224867,-0.003122667222543,60.47647140021293,US
XITK,State Street SPDR FactSet Innovative Technology ETF,ETF,ETF,181.54400634765625,-4.932865852279705,-0.2728863965885069,41.28714152864952,US
XJR,iShares ESG Select Screened S&P Small-Cap ETF,ETF,ETF,51.725399017333984,0.1110934244978166,-0.0047671675081271,56.0208650880486,US
XLB,State Street Materials Select Sector SPDR ETF,ETF,ETF,50.52999877929688,-0.7074093430325142,0.0011969743038144,46.23485302478132,US
XLBI,State Street Materials Select Sector SPDR Premium Income ETF,EQUITY,EQUITY,23.598100662231445,-0.7064717670919209,0.0012901009565042,48.60811977848724,US
XLC,State Street Communication Services Select Sector SPDR ETF,ETF,ETF,110.6500015258789,-0.8867770236313047,-0.1726940455219272,49.15688305135893,US
XLCI,XLCI,N/A,N/A,23.600000381469727,-0.6483090447623109,-0.0274403412813759,51.805145628812646,US
XLFI,State Street Financial Select Sector SPDR Premium Income ETF,EQUITY,EQUITY,23.944599151611328,0.929852521371847,-0.0113633375075325,67.85121119401481,US
XLG,Invesco S&P 500 Top 50 ETF,ETF,ETF,60.709999084472656,-2.0490488337261583,-0.0771034890105604,45.17978749592197,US
XLII,State Street Industrial Select Sector SPDR Premium Income ETF,EQUITY,EQUITY,25.80870056152344,-1.0288725936152936,-0.0025240946457664,54.200435539780216,US
XLP,State Street Consumer Staples Select Sector SPDR ETF,ETF,ETF,85.19000244140625,1.2719919875034658,0.0390827546287678,55.22108236559318,US
XLRE,State Street Real Estate Select Sector SPDR ETF,ETF,ETF,45.41999816894531,2.182221348384324,0.0317511004072721,59.72947183387574,US
XLRI,State Street Real Estate Select Sector SPDR Premium Income ETF,EQUITY,EQUITY,23.827600479125977,1.0286258387562903,0.0063192978312359,57.039731824642296,US
XLSI,State Street Consumer Staples Select Sector SPDR Premium Income ETF,EQUITY,EQUITY,23.500999450683597,0.534736494427598,0.0056885497057908,54.66529555301097,US
XLSR,State Street US Sector Rotation ETF,ETF,ETF,64.0,-2.007314341091927,-0.0625431287553205,45.23009218547932,US
XLU,State Street Utilities Select Sector SPDR ETF,ETF,ETF,45.16999816894531,-0.5285216456138668,-0.0236581679698876,50.10382747480109,US
XLUI,State Street Utilities Select Sector SPDR Premium Income ETF,EQUITY,EQUITY,24.459999084472656,-0.16326904296875,-0.0103291572085353,54.44322360404823,US
XLY,XLY,ETF,ETF,115.44000244140624,-1.5353083036173705,-0.1012877451397726,46.37466636886074,US
XMAG,Defiance Large Cap ex-Mag 7 ETF,ETF,ETF,25.290000915527344,-1.9387358753406083,-0.0100152966955056,46.049402734530965,US
XMAR,FT Vest U.S. Equity Enhance & Moderate Buffer ETF - March,ETF,ETF,42.7859992980957,-0.1493563087616967,-0.0078282069197258,57.381947576006574,US
XMAX,XMax Inc.,Consumer Cyclical,"Furnishings, Fixtures & Appliances",8.510000228881836,-1.046513355764639,-0.0031660907622153,48.0197167436376,US
XMAY,FT Vest U.S. Equity Enhance & Moderate Buffer ETF - May,ETF,ETF,36.22999954223633,0.0690449106957341,-0.0055563199381858,57.89533368404166,US
XME,XME,ETF,ETF,98.3499984741211,-5.149969950384288,-0.087959577674185,31.371517832468896,US
XMHQ,Invesco S&P MidCap Quality ETF,ETF,ETF,112.62000274658205,-0.6264881964187018,-0.0415359813136868,53.29455719092184,US
XMLV,Invesco S&P MidCap Low Volatility ETF,ETF,ETF,68.72579956054688,2.4229524938853984,0.0222164003202365,68.5067836832985,US
XMMO,Invesco S&P MidCap Momentum ETF,ETF,ETF,157.0800018310547,-2.742859777382848,-0.0149350144799307,37.93143846788622,US
XMPT,VanEck CEF Municipal Income ETF,ETF,ETF,22.07999992370605,0.0,-0.0051252874030196,53.23160701595408,US
XMTR,"Xometry, Inc.",Industrials,Industrial Distribution,98.54000091552734,2.571043227385579,0.0642140213812711,62.52625880785103,US
XMVM,Invesco S&P MidCap Value with Momentum ETF,ETF,ETF,73.55619812011719,2.488785788766431,0.0176633900278904,71.01191902507951,US
XNAV,FundX Aggressive ETF,ETF,ETF,89.31680297851562,-4.852563692544964,-0.0818920037190069,37.79178498646602,US
XNTK,XNTK,N/A,N/A,341.3399963378906,-7.460822563185437,-0.5458356374481692,40.15798744816264,US
XOCT,FT Vest U.S. Equity Enhance & Moderate Buffer ETF - October,ETF,ETF,39.619998931884766,-0.1637959913238109,-0.0074348745182392,59.30785335388767,US
XOEF,iShares S&P 500 ex S&P 100 ETF,ETF,ETF,29.43409919738769,-1.7553401306928569,-0.0149293017634654,46.987190611091066,US
XOEX,DBX ETF Trust - Xtrackers S&P 100 Ex Top 20 ETF,ETF,ETF,40.07569885253906,-1.0623158562891508,-0.0147837238797389,49.42352535133533,US
XOM,XOM,Energy,Oil & Gas Integrated,147.36000061035156,6.105987492364013,0.0945618162569739,59.49122230381786,US
XOMO,Yieldmax XOM Option Income Strategy ETF,ETF,ETF,11.010000228881836,4.966811519160035,0.0071152338819926,60.81172117709875,US
XOMX,Direxion Daily XOM Bull 2X Shares,ETF,ETF,40.18840026855469,12.629340177736973,0.0661472017321727,58.38901478343503,US
XONE,Bondbloxx Bloomberg One Year Target Duration US Treasury ETF,ETF,ETF,49.310001373291016,0.0811871628895847,-0.0007145109410852,70.61462452255614,US
XOP,State Street SPDR S&P Oil & Gas Exploration & Production ETF,ETF,ETF,170.17999267578125,7.321678006752089,0.1834507476650253,64.62979437377678,US
XPAY,Roundhill S&P 500 Target 20 Managed Distribution ETF,ETF,ETF,52.25,-1.5080098936206396,-0.0478571059312179,48.09825467512432,US
XPEL,"XPEL, Inc.",Consumer Cyclical,Auto Parts,43.25,-2.787146845775371,-0.076489275216587,39.59511925176615,US
XPER,XPER,N/A,N/A,7.300000190734863,-6.290112625387055,-0.0216592734940626,38.14877157162698,US
XPO,XPO,Industrials,Trucking,215.0200042724609,3.4346734760148987,0.1458709102295527,55.722729015696906,US
XPRO,Expro Ltd,Energy,Oil & Gas Equipment & Services,16.479999542236328,6.597668186109604,-0.0164536605713389,61.42909199589859,US
XQQI,NEOS Boosted Nasdaq-100 High Income ETF,ETF,ETF,48.150001525878906,-5.6807007924034245,-0.0975578472149238,40.85708477959714,US
XRAY,DENTSPLY SIRONA Inc.,Healthcare,Medical Instruments & Supplies,14.050000190734863,14.600325680550846,0.0146998354235222,77.87321305293055,US
XRN,Chiron Real Estate Inc.,Real Estate,REIT - Healthcare Facilities,37.900001525878906,4.350225342319718,0.0414816377084773,60.45452717163315,US
XRPC,Canary XRP ETF,ETF,ETF,11.56999969482422,-1.364022622814232,-0.010370398904045,44.51865034218815,US
XRPI,XRP ETF,ETF,ETF,6.010000228881836,-1.1513107845822232,-0.004876800083877,44.46462824491172,US
XRPZ,Franklin XRP ETF,EQUITY,EQUITY,11.859999656677246,-1.084237839220529,-0.0098216317990562,44.72139699661963,US
XRT,State Street SPDR S&P Retail ETF,ETF,ETF,89.41999816894531,1.5213400431812634,0.0065547076409649,59.9768319948257,US
XRX,Xerox Holdings Corporation,Industrials,Business Equipment & Supplies,2.7699999809265137,-1.773047996451114,0.0113701856635541,44.85872719112022,US
XSD,XSD,ETF,ETF,500.1900024414063,-11.224107884999594,-0.8243923938914328,38.28833295345638,US
XSHD,Invesco S&P SmallCap High Dividend Low Volatility ETF,ETF,ETF,14.670000076293944,3.67491499492834,0.0113780832616434,70.60373691085888,US
XSHQ,Invesco S&P SmallCap Quality ETF,ETF,ETF,47.72639846801758,0.2444819495354258,-0.0099280516936278,54.652378999975255,US
XSLV,Invesco S&P SmallCap Low Volatility ETF,ETF,ETF,53.86539840698242,2.4251725626431098,0.0183626471866457,67.07057765985267,US
XSMO,Invesco S&P SmallCap Momentum ETF,ETF,ETF,87.76000213623047,-1.5260329538126296,-0.0006764961667748,45.04448869645245,US
XSPI,NEOS Boosted S&P 500 High Income ETF,ETF,ETF,48.839599609375,-1.6520343144541154,-0.0522820336223106,49.79737532237379,US
XSVM,Invesco S&P SmallCap Value with Momentum ETF,ETF,ETF,71.24749755859375,1.8257772125243756,0.0082021819218223,63.21725076693883,US
XT,iShares Future Exponential Technologies ETF,ETF,ETF,80.04000091552734,-2.8640783575839746,-0.0778107369543793,44.11361023197152,US
XTAP,Innovator U.S. Equity Accelerated Plus ETF – April,ETF,ETF,45.56600189208984,0.0570948090465116,-0.0082030612977024,60.31556293903383,US
XTEN,Bondbloxx Bloomberg Ten Year Target Duration US Treasury ETF,ETF,ETF,45.0099983215332,0.2449817191896937,0.0162525229327037,47.77586357997563,US
XTJA,Innovator U.S. Equity Accelerated Plus ETF - January,ETF,ETF,34.150001525878906,-0.4373111210439058,-0.0123503152924397,56.47170752710576,US
XTL,State Street SPDR S&P Telecom ETF,ETF,ETF,208.5200042724609,-5.44168318860249,-0.1580503665429264,38.36960756661132,US
XTOC,Innovator U.S. Equity Accelerated Plus ETF - October,ETF,ETF,36.3759994506836,0.112839871319712,-0.005237606254744,61.85070571708947,US
XTR,Global X S&P 500 Tail Risk ETF,ETF,ETF,28.25469970703125,-1.3108608618111552,-0.0203962958137135,48.539499022022255,US
XTRE,Bondbloxx Bloomberg Three Year Target Duration US Treasury ETF,ETF,ETF,48.88999938964844,0.1433832348664269,0.0015962272971475,53.5431653310069,US
XTWO,Bondbloxx Bloomberg Two Year Target Duration US Treasury ETF,ETF,ETF,48.869998931884766,0.1249786439781958,0.0008732579477283,56.617748503351685,US
XTWY,Bondbloxx Bloomberg Twenty Year Target Duration US Treasury ETF,ETF,ETF,36.48529815673828,0.0419438868197036,0.0268546430487171,42.83180835653747,US
XUDV,Franklin U.S. Dividend Booster Index ETF,ETF,ETF,32.48649978637695,1.040368731916909,0.0037471487533322,66.34324295563029,US
XV,Simplify Target 15 Distribution ETF,ETF,ETF,24.59000015258789,-0.4453465868576424,-0.0180415019538513,50.44907207475235,US
XVV,iShares ESG Select Screened S&P 500 ETF,ETF,ETF,56.81999969482422,-1.3370384714768415,-0.0589051539770532,49.89872475093876,US
XXRP,Teucrium 2x Long Daily XRP ETF,ETF,ETF,22.100000381469727,-3.619711786565944,-0.0421252518920467,42.54254627658072,US
XYL,Xylem Inc.,Industrials,Specialty Industrial Machinery,122.77999877929688,1.2869143234485618,-0.1201316291075831,64.21605926697947,US
XYLD,Global X S&P 500 Covered Call ETF,ETF,ETF,41.150001525878906,-0.1698197301097137,-0.0162156752975631,62.77483717564478,US
XYLG,Global X S&P 500 Covered Call & Growth ETF,ETF,ETF,28.95439910888672,-0.5686872444164368,-0.0148324328382131,54.700082330532,US
XYZ,"Block, Inc.",Technology,Software - Infrastructure,79.94000244140625,3.415264276096821,-0.1105816916699073,59.37313922369548,US
XYZG,Leverage Shares 2X Long XYZ Daily ETF,ETF,ETF,17.929500579833984,6.596319293342061,-0.0467016835974094,58.45506718084336,US
XZO,"Exzeo Group, Inc.",Financial Services,Insurance - Diversified,16.100000381469727,-5.516434762635848,-0.0581852218879515,50.92705912131866,US
YALL,Truth Social God Bless America ETF,ETF,ETF,42.02479934692383,-1.7124695911340786,-0.0384384547445078,40.83684027086857,US
YB,Yuanbao Inc.,Technology,Software - Application,13.84000015258789,-4.022190850467175,-0.0084030096629265,46.50824322266653,US
YBTY,GraniteShares YieldBOOST TopYielders ETF,ETF,ETF,11.520000457763672,-3.5660441811617147,-0.0051113845921298,25.494834471377857,US
YCL,ProShares Ultra Yen,ETF,ETF,17.299999237060547,-1.1993203259638074,-0.0024506269834164,37.21142962139277,US
YCS,ProShares UltraShort Yen,ETF,ETF,56.68000030517578,0.9618826530071422,0.0015205910750392,63.55985553324859,US
YDEC,FT Vest International Equity Moderate Buffer ETF – December,ETF,ETF,27.540000915527344,-0.4698198785983283,-0.007421752729249,51.25224797906444,US
YELP,Yelp Inc.,Communication Services,Internet Content & Information,26.21999931335449,1.5885310185810937,-0.0689434280854063,56.252957698546375,US
YEXT,"Yext, Inc.",Technology,Software - Infrastructure,5.340000152587891,4.911591208359658,-0.0178332399104946,70.49920116543633,US
YFFI,Indexperts Yield Focused Fixed Income ETF,ETF,ETF,9.954999923706056,0.0,0.001001926656567,47.77584011018615,US
YFYA,Yields for You Strategy A ETF,ETF,ETF,9.78499984741211,-0.153064724804144,-0.0013427944205915,51.34008651572392,US
YINN,Direxion Daily FTSE China Bull 3X Shares,ETF,ETF,26.790000915527344,5.638802329492362,-0.045265698511598,53.75144426746009,US
YLD,Principal Active High Yield ETF,ETF,ETF,18.95499992370605,0.1320634872015195,0.0015266858277214,55.489618779321766,US
YLDE,Franklin ClearBridge Enhanced Income ETF,ETF,ETF,57.028900146484375,0.5765237277575505,-0.0189890996668673,64.4464350232345,US
YLDW,Westwood Enhanced Income Opport,EQUITY,EQUITY,25.38969993591309,-0.956896004597577,-0.0072908722901729,46.5843143278896,US
YMAR,FT Vest International Equity Moderate Buffer ETF - March,ETF,ETF,28.6299991607666,-0.4173942234205163,-0.0079962861158997,50.45728521971678,US
YMM,Full Truck Alliance Co. Ltd.,Technology,Software - Application,9.140000343322754,6.651116322008534,-0.0075839055597178,63.61360221027771,US
YOKE,Yoke Core ETF,ETF,ETF,31.27359962463379,-2.59873564201632,-0.0170368100074363,42.67865423472409,US
YOLO,AdvisorShares Pure Cannabis ETF,ETF,ETF,2.6700000762939453,-2.0183423949895176,0.0035244868854775,42.99764216026158,US
YORW,The York Water Company,Utilities,Utilities - Regulated Water,31.450000762939453,2.777778989782159,0.0272361664819285,61.48308447137121,US
YOU,"Clear Secure, Inc.",Technology,Software - Application,56.02999877929688,1.46685537973162,0.0952226583999907,54.97913739144242,US
YSWY,"Yesway, Inc.",Consumer Defensive,Grocery Stores,20.88999938964844,2.5024546117923,0.0655659033297102,49.63631109107148,US
YUM,"Yum! Brands, Inc.",Consumer Cyclical,Restaurants,147.9199981689453,-9.551177545824189,-0.5056548436056099,35.55477335823521,US
YXI,ProShares Short FTSE China 50,ETF,ETF,22.836200714111328,-1.0991746938040494,0.0231694578820452,47.28890199580585,US
YYY,Amplify CEF High Income ETF,ETF,ETF,11.460000038146973,-0.8650551716246593,-0.0048536741863509,52.7989443414442,US
Z,Z,N/A,N/A,33.904998779296875,5.327742235953079,0.0069057838342778,53.285007477806616,US
ZALT,Innovator U.S. Equity 10 Buffer ETF - Quarterly,ETF,ETF,33.86000061035156,-0.6163753635271048,-0.0124982604845971,48.77372582829176,US
ZAP,Global X U.S. Electrification ETF,ETF,ETF,33.16999816894531,-1.5434861352336844,-0.0146160867320426,41.45084152166692,US
ZAPR,Innovator Equity Defined Protec,ETF,ETF,26.70499992370605,-0.0561354417435965,-0.0029580273457131,59.888167840206485,US
ZBIO,ZBIO,Healthcare,Biotechnology,29.530000686645508,2.748785392549806,-0.0307338514307611,66.78245773335144,US
ZD,"Ziff Davis, Inc.",Communication Services,Advertising Agencies,53.97999954223633,3.4495960646477872,0.0353791412515602,67.98413134664585,US
ZETA,Zeta Global Holdings Corp.,Technology,Software - Infrastructure,21.68000030517578,0.8841346490518418,-0.0476968713539114,55.72953545612344,US
ZETX,Defiance Daily Target 2X Long ZETA ETF,EQUITY,EQUITY,21.96999931335449,0.7798168910251194,-0.0923915201900849,53.30068239003491,US
ZFEB,Innovator Equity Defined Protection ETF - 1 Yr February,ETF,ETF,26.020000457763672,-0.1534881389041674,-0.0044495294683139,54.22436108515949,US
ZGN,Ermenegildo Zegna N.V.,Consumer Cyclical,Apparel Manufacturing,13.899999618530272,3.422619438309936,0.0104511848741369,55.16193808333855,US
ZIG,The Acquirers Fund ETF,ETF,ETF,39.67160034179688,1.9023415544986992,0.0155998786713332,57.48126739308795,US
ZJUN,Innovator Equity Defined Protection ETF - 1 Yr June,ETF,ETF,27.42480087280273,-0.2734513716264204,-0.0051736423817263,51.60466613643641,US
ZKP,Lafayette Digital Acquisition Corp. I,Financial Services,Shell Companies,9.960000038146973,-0.3002976342194008,-0.0018323472502808,50.79622798077422,US
ZM,"Zoom Communications, Inc.",Technology,Software - Application,91.12999725341795,1.5262868589377172,-0.1230233599317005,50.38870545359838,US
ZMUN,F/m Ultrashort Tax Free Municipal ETF,ETF,ETF,50.14500045776367,0.1497918182476162,0.0025041623432363,77.0755491427173,US
ZNOG,"Zion Oil & Gas, Inc.",Energy,Oil & Gas E&P,0.3707999885082245,-17.600000370873357,-0.0008774799976417,34.25350799291705,US
ZS,"Zscaler, Inc.",Technology,Software - Infrastructure,149.94000244140625,7.661375631231443,-0.0394017081637083,56.9890608143858,US
ZSC,USCF Sustainable Commodity Strategy Fund,ETF,ETF,30.350000381469727,0.2808557526366976,-0.0140101034817316,56.85761325327569,US
ZSQR,Z Squared Inc.,Technology,Software - Infrastructure,5.054999828338623,-40.94626658248486,0.0421730523953687,31.39040260309829,US
ZTAX,X-Square Municipal Income Tax Free ETF,ETF,ETF,25.13999938964844,-2.7842273925349947,-0.0003870999252335,47.86089929804768,US
ZTEN,F/M 10-Year Investment Grade Corporate Bond ETF,ETF,ETF,50.14879989624024,0.1773841800104229,0.011670017298309,48.68137476836782,US
ZTS,ZTS,Healthcare,Drug Manufacturers - Specialty & Generic,76.55999755859375,1.3234516044346616,0.0520917275716685,47.61942640864915,US
ZTWO,F/M 2-Year Investment Grade Corporate Bond ETF,ETF,ETF,50.459999084472656,0.1488553447215256,0.0006906000710099,60.666811264365634,US
ZURA,Zura Bio Limited,Healthcare,Biotechnology,5.449999809265137,6.653613833017603,0.0022975610131674,58.88293693315294,US
ZYME,Zymeworks Inc.,Healthcare,Biotechnology,24.190000534057617,-6.530134008933733,-0.0468776072776752,44.92601979897742,US
