ticker,name,sector,industry,close,velocity,acceleration,rsi,region
A,"Agilent Technologies, Inc.",Healthcare,Diagnostics & Research,145.97000122070312,5.492524659756671,0.2694681860055108,69.87923088822166,US
AAAD,PGIM AAA CLO Aggregate Duration ETF,EQUITY,EQUITY,49.52000045776367,-0.6420539603622034,0.0016371563819885,39.75647265632757,US
AAEQ,Alpha Architect US Equity 2 ETF,ETF,ETF,55.21730041503906,3.51173249636544,0.0187711642156845,66.36838959130856,US
AALG,Leverage Shares 2X Long AAL Daily ETF,ETF,ETF,15.271200180053713,8.099386541749528,-0.0330051132015457,50.36701878701113,US
AAOG,Leverage Shares 2X Long AAOI Daily ETF,ETF,ETF,4.510000228881836,95.23810998259648,0.0443355836828009,50.81370211971844,US
AAPL,Apple Inc.,Technology,Consumer Electronics,313.3299865722656,1.4308319114815384,0.2955452122246189,47.58548891445589,US
AAPR,Innovator Equity Defined Protection ETF - 2 Yr To April 2028,ETF,ETF,29.739999771118164,0.5443026996214514,0.0014205497870132,67.11487180682099,US
AAPY,Kurv Yield Premium Strategy Apple ETF,ETF,ETF,26.309999465942383,2.012326363313117,0.0349718731615339,47.475249900071205,US
AAT,"American Assets Trust, Inc.",Real Estate,REIT - Diversified,22.82999992370605,-3.221705061322188,0.0180891857736451,34.87502929843777,US
AAUS,Alpha Architect US Equity ETF,ETF,ETF,62.02000045776367,3.4666829075448558,0.0210967105143024,66.46589657584335,US
AAVM,Alpha Architect Global Factor Equity ETF,ETF,ETF,34.536399841308594,2.946224799466297,0.020854647424481,62.36433263008926,US
AAXJ,iShares MSCI All Country Asia ex Japan ETF,ETF,ETF,113.52999877929688,2.5379312930032003,0.0613858645299347,51.93447460802194,US
ABBV,AbbVie Inc.,Healthcare,Drug Manufacturers - General,246.0399932861328,-1.9526616352917168,0.1431176208350817,47.74348746233938,US
ABCB,Ameris Bancorp,Financial Services,Banks - Regional,87.7300033569336,0.5962668018804301,-0.0124324242436432,46.02950663336766,US
ABFL,Abacus FCF Leaders ETF,ETF,ETF,83.55789947509766,2.7646070397235216,0.0491207731490407,54.89293601609257,US
ABI,ABI,ETF,ETF,24.7549991607666,-0.342194006840348,-0.0073089732513767,41.939498917213854,US
ABIG,Argent Large Cap ETF,ETF,ETF,36.189300537109375,3.021242982370598,-0.0050488350418356,67.38850591012215,US
ABLD,Abacus FCF ETF Trust - Abacus FCF Real Assets Leaders ETF,ETF,ETF,32.00859832763672,3.270196679976569,0.022009373333779,75.36366004652321,US
ABLG,ABLG,N/A,N/A,31.43000030517578,2.877155225561405,0.0224469271857757,53.10173200843403,US
ABNB,"Airbnb, Inc.",Consumer Cyclical,Travel Services,178.07000732421875,17.522440801952463,1.6092751363875497,79.06834877647702,US
ABOT,Abacus FCF ETF Trust - Abacus FCF Innovation Leaders ETF,ETF,ETF,42.82099914550781,5.780490133153961,0.065896051973882,65.31773629960124,US
ABSI,Absci Corporation,Healthcare,Biotechnology,8.930000305175781,14.781491829750998,0.0654830058011042,55.51975290535415,US
ABT,Abbott Laboratories,Healthcare,Medical Devices,107.80999755859376,1.9962163398971149,-0.0616753848515334,67.7373187666532,US
ABUF,Aptus Laddered Buffer ETF,ETF,ETF,27.59499931335449,1.266052526071531,0.0027157916623438,68.16241250104505,US
ACA,"Arcosa, Inc.",Industrials,Engineering & Construction,144.83999633789062,-0.2479343098608245,0.007422499797022,61.61856590366716,US
ACAD,ACADIA Pharmaceuticals Inc.,Healthcare,Biotechnology,29.209999084472656,12.910700181246035,0.0677315912732208,73.19946820189617,US
ACCO,ACCO,N/A,N/A,4.409999847412109,4.502371248028668,-0.0016464531626879,63.008829807959145,US
ACDC,ACDC,N/A,N/A,4.320000171661377,6.930698328024783,0.006049773000553,42.896602030444086,US
ACGL,Arch Capital Group Ltd.,Financial Services,Insurance - Diversified,98.4800033569336,-2.0391877521692128,-0.0545754104905165,45.58022224677306,US
ACGO,Hartford Alpha Capture Growth ETF,ETF,ETF,38.27999877929688,5.687458556506807,0.0299261590269693,56.71318558339421,US
ACHV,"Achieve Life Sciences, Inc.",Healthcare,Biotechnology,6.650000095367432,3.5825547716544226,0.0066292126981461,61.4728288001609,US
ACI,"Albertsons Companies, Inc.",Consumer Defensive,Grocery Stores,12.010000228881836,3.713301450853242,0.0347215329157382,40.170408391287104,US
ACIC,American Coastal Insurance Corporation,Financial Services,Insurance - Property & Casualty,10.4399995803833,-1.694918146096621,-0.0186130524182771,45.9706456648476,US
ACIW,"ACI Worldwide, Inc.",Technology,Software - Infrastructure,53.66999816894531,-6.384098282248464,-0.1915318891771744,44.741476265804266,US
ACLO,TCW AAA CLO ETF,ETF,ETF,50.40999984741211,0.1291064159955871,0.0020812852521197,82.47818991593508,US
ACLS,"Axcelis Technologies, Inc.",Technology,Semiconductor Equipment & Materials,140.27000427246094,7.5855184992037055,0.4053340383129189,50.49168951934299,US
ACMR,"ACM Research, Inc.",Technology,Semiconductor Equipment & Materials,83.80000305175781,6.792406968445984,0.5024532855275465,48.83745606812438,US
ACN,Accenture plc,Technology,Information Technology Services,175.72000122070312,5.906462849510835,-0.1174399200283051,68.12002924416194,US
ACNB,ACNB Corporation,Financial Services,Banks - Regional,64.37999725341797,-0.1550963063107087,-0.0925772268562405,61.99508852807681,US
ACOM,Harbor Active Commodity ETF,EQUITY,EQUITY,21.84499931335449,0.4829785802289713,0.0204250605483162,61.00399297029464,US
ACP,Abrdn Income Credit Strategies Fund,Financial Services,Asset Management,5.079999923706055,0.3952565445193929,0.0039086146937407,48.16408818094367,US
ACSG,American Century Small Cap Growth Insights ETF,ETF,ETF,50.32429885864258,5.526011717901656,0.056303611726147,61.344753995510494,US
ACT,"Enact Holdings, Inc.",Financial Services,Insurance - Specialty,48.959999084472656,3.465763736739453,0.0246528008597628,70.37209574458453,US
ACTG,Acacia Research Corporation,Industrials,Business Equipment & Supplies,4.820000171661377,8.803619829236318,0.0131125607456293,62.83096469565136,US
ACVA,ACV Auctions Inc.,Consumer Cyclical,Auto & Truck Dealerships,7.460000038146973,-0.400530492495767,-0.0157199274394384,50.09664611817267,US
ACVF,American Conservative Values ETF,ETF,ETF,56.27790069580078,4.216405748557612,0.0358212927788381,70.36403091892393,US
ACVT,Advent Convertible Bond ETF,ETF,ETF,28.393999099731445,1.1362362533328496,0.0006327415335653,62.32969411783624,US
ACVU,Hartford Funds Exchange-Traded Trust - Hartford Alpha Capture Value ETF,ETF,ETF,32.48659896850586,1.851639897648046,0.0006411489351848,68.93164055347776,US
ACWV,iShares MSCI Global Min Vol Factor ETF,ETF,ETF,126.6999969482422,1.7834138266714137,0.0269853493380135,74.39269445755109,US
ACWX,iShares MSCI ACWI ex U.S. ETF,ETF,ETF,77.41000366210938,2.8704367602782392,0.0396713209521605,61.88453102267197,US
ACYN,FT Vest Laddered Autocallable Barrier & Income ETF,EQUITY,EQUITY,20.700000762939453,0.9657591767309802,0.0036349015652993,65.50956197710096,US
ADBE,Adobe Inc.,Technology,Software - Application,265.2099914550781,5.910302135109229,-0.0250872386147689,65.97337323308315,US
ADBG,Leverage Shares 2X Long ADBE Daily ETF,ETF,ETF,4.800000190734863,12.14953166906032,0.0010834042080594,64.74655383262672,US
ADBU,Direxion Daily Adbe Bull 2X ETF,EQUITY,EQUITY,26.899999618530277,11.38716374094651,-0.0020563542460492,64.52546708385333,US
ADDS,Hedgeye Index Adds ETF,EQUITY,EQUITY,25.14299964904785,3.6397337668397616,0.0487877204107807,52.36311673729831,US
ADI,"Analog Devices, Inc.",Technology,Semiconductors,389.9299926757813,6.129389180808072,1.086762140959756,54.35522897214578,US
ADIV,Guinness Atkinson Asia Pacific Dividend Builder ETF,ETF,ETF,19.78499984741211,1.1761674182917414,-0.0005800406500797,64.9662525463657,US
ADM,Archer-Daniels-Midland Company,Consumer Defensive,Farm Products,76.58999633789062,-3.380850786765103,-0.0272523970708952,36.856907697178,US
ADMA,"ADMA Biologics, Inc.",Healthcare,Biotechnology,9.899999618530272,17.021271558985827,0.0272971779186474,68.40747173421835,US
ADNT,Adient plc,Consumer Cyclical,Auto Parts,19.420000076293945,-7.699623425576238,-0.0603621015263144,43.21337548261047,US
ADP,"Automatic Data Processing, Inc.",Technology,Software - Application,271.32000732421875,1.823919547021364,-0.2985171178659218,65.91002927315502,US
ADPV,Adaptiv Select ETF,ETF,ETF,45.1880989074707,1.0241434605913966,0.0054171119512908,46.79265658130696,US
ADSK,"Autodesk, Inc.",Technology,Software - Application,249.0800018310547,6.35354614718503,0.1501592121584334,69.0252434426101,US
ADT,ADT Inc.,Industrials,Security & Protection Services,7.639999866485596,0.0,-0.0171526259134133,66.09908955551458,US
ADUS,Addus HomeCare Corporation,Healthcare,Medical Care Facilities,119.68000030517578,3.636990670376538,0.1080169614613497,67.29586953918036,US
ADV,Advantage Solutions Inc.,Communication Services,Advertising Agencies,28.170000076293945,-28.211012050612595,-0.2627834143489254,36.68266041079071,US
AEE,Ameren Corporation,Utilities,Utilities - Regulated Electric,108.83999633789062,-0.7024945426268142,0.0518949224798954,43.10269607510407,US
AEP,"American Electric Power Company, Inc.",Utilities,Utilities - Regulated Electric,125.7300033569336,-1.658189395768058,0.045341820211586,35.11703222538246,US
AER,AerCap Holdings N.V.,Industrials,Rental & Leasing Services,151.72000122070312,0.543411104960856,-0.2461142546565018,52.49406914248065,US
AESI,Atlas Energy Solutions Inc.,Energy,Oil & Gas Equipment & Services,11.270000457763672,4.448568096456335,0.0700046836629686,36.47913676783911,US
AESR,Anfield U.S. Equity Sector Rotation ETF,ETF,ETF,20.190000534057617,3.644769037503684,0.0204732902734484,55.58161849237343,US
AETH,Bitwise Trendwise Ethereum & Treasuries Rotation Strategy ETF,ETF,ETF,30.420000076293945,-2.8673628405766456,-0.0153841849169023,47.51603393168354,US
AEVA,"Aeva Technologies, Inc.",Technology,Software - Infrastructure,26.6200008392334,51.76738568849193,0.302423130277579,66.87180711368357,US
AEXA,American Exceptionalism Acquisi,Financial Services,Shell Companies,11.59000015258789,2.6572204760718554,0.0096735366850203,53.388310991120015,US
AFGR,First Trust Active Factor Large Cap Growth ETF,EQUITY,EQUITY,37.77999877929688,3.560757167392969,0.0104437307091306,63.6008175126664,US
AFIF,Anfield Universal Fixed Income ETF,ETF,ETF,9.414999961853027,0.3731326970692206,-9.32961347606372e-05,57.47516093559697,US
AFIX,Allspring Broad Market Core Bond ETF,ETF,ETF,24.49099922180176,0.6617316013175679,0.0046175483790253,47.16497093267392,US
AFL,AFLAC Incorporated,Financial Services,Insurance - Life,124.61000061035156,-2.251335637751952,-0.1463558035216186,51.955851011189154,US
AFLG,First Trust Active Factor Large Cap ETF,ETF,ETF,45.08000183105469,2.4778361241151035,0.0037060270290615,66.24049926955742,US
AFMC,First Trust Active Factor Mid Cap ETF,ETF,ETF,41.76150131225586,2.911531364932086,0.0144904698953617,63.68193928970617,US
AFRM,"Affirm Holdings, Inc.",Financial Services,Credit Services,75.25,5.230034613402236,-0.0439084392371869,49.43096400771194,US
AFRU,T-REX 2X Long AFRM Daily Target ETF,ETF,ETF,10.706100463867188,10.031870170124527,-0.0169247178356001,47.27003841991988,US
AFYA,Afya Limited,Consumer Defensive,Education & Training Services,13.899999618530272,-2.5928579352784635,0.0009924970412958,44.36415382278955,US
AGCC,Agencia Comercial Spirits Ltd,Consumer Defensive,Beverages - Wineries & Distilleries,15.220000267028809,0.1315819606226614,0.0121350210532944,50.252727379970096,US
AGGA,EA Astoria Beacon Dynamic Core US Fixed Income ETF,ETF,ETF,24.895000457763672,0.5188846567525934,0.0025318357557665,53.07597818506285,US
AGGH,Simplify Aggregate Bond ETF,ETF,ETF,19.924999237060547,0.7840099934646538,0.0028441304008635,52.000539021087626,US
AGGY,WisdomTree Yield Enhanced U.S. Aggregate Bond Fund,ETF,ETF,42.86000061035156,0.6103336749845576,0.0046710889134961,49.431303208118905,US
AGIX,KraneShares Artificial Intelligence and Technology Public and Private ETF,ETF,ETF,45.34000015258789,7.212104920860142,0.0751178169172838,56.92025467140964,US
AGL,"agilon health, inc.",Healthcare,Medical Care Facilities,95.51000213623048,4.257178801326437,0.4150821255440187,45.5183319408629,US
AGM,Federal Agricultural Mortgage Corporation,Financial Services,Credit Services,235.5399932861328,3.488570724820619,-0.4902307685626308,75.20205521551831,US
AGMB,AgomAb Therapeutics NV,Healthcare,Biotechnology,14.5,12.66511366693854,0.0248759802049778,60.44141738110729,US
AGNG,Global X Aging Population ETF,ETF,ETF,37.918399810791016,1.958594275286987,0.0351863711691322,66.20093098592397,US
AGQI,First Trust Active Global Quality Income ETF,ETF,ETF,18.783700942993164,1.3417917325517474,-0.002632582846314,65.70908589057333,US
AGRH,iShares Interest Rate Hedged U.S. Aggregate Bond ETF,ETF,ETF,26.229999542236328,0.2252578242986055,0.0008215154373132,69.21311253337441,US
AGRO,Adecoagro S.A.,Consumer Defensive,Farm Products,9.449999809265137,-5.215651392541425,0.0138744147798754,41.26995749162566,US
AGZ,iShares Agency Bond ETF,ETF,ETF,108.65499877929688,0.5013271503855133,0.013617120084843,59.51867245889658,US
AHCO,AdaptHealth Corp.,Healthcare,Medical Devices,5.690000057220459,-47.3148152154496,-0.0616191458618711,17.526553226716686,US
AHG,Akso Health Group,Healthcare,Medical Distribution,1.350100040435791,-14.006369724182363,-0.0018808864224862,42.96000245719407,US
AHYB,American Century Select High Yield ETF,ETF,ETF,45.900001525878906,0.6574130587835324,0.00773457278474,57.76249182202313,US
AI,"C3.ai, Inc.",Technology,Software - Infrastructure,10.220000267028809,11.32897524269868,0.0102208837795177,66.15032837292719,US
AIA,iShares Asia 50 ETF,ETF,ETF,135.24000549316406,1.3337319719405678,0.025662703303656,51.114752680319,US
AIBD,Direxion Daily AI And Big Data Bear 2X Shares,ETF,ETF,47.10290145874024,-15.857624430308212,-0.1274749761410567,36.525125259669615,US
AIBU,Direxion Daily AI And Big Data Bull 2X Shares,ETF,ETF,67.63629913330078,17.95657299147774,0.1772006063218285,63.11882786899675,US
AIG,"American International Group, I",Financial Services,Insurance - Diversified,78.77999877929688,0.254513799417028,-0.0596122495580317,50.210631057146784,US
AIIR,AIIR,N/A,N/A,6.199999809265137,-1.5873075943202797,-0.0022317745086868,46.86597874591417,US
AIMS,Acuitas Small Cap Active ETF,ETF,ETF,28.920000076293945,3.655915669211052,0.0072891510649083,57.42793848177431,US
AIN,Albany International Corp.,Consumer Cyclical,Textile Manufacturing,62.709999084472656,-15.83680407119471,0.012952513354745,30.1666801297593,US
AINP,Allspring Income Plus ETF,ETF,ETF,24.8700008392334,0.7086501177234591,0.0047366709644237,52.292500053224,US
AINT,FINQ DOLLAR NEUTRAL U.S. Large Cap AI-Managed Equity ETF,EQUITY,EQUITY,30.940000534057617,6.359575014664094,0.0017096838353276,62.19667025342002,US
AIOT,"PowerFleet, Inc.",Technology,Software - Infrastructure,4.409999847412109,12.499993917893509,0.0176815438559199,61.292921346551786,US
AIP,"Arteris, Inc.",Technology,Semiconductors,29.780000686645508,-0.3346669241289503,-0.0458704502233984,43.05742354051368,US
AIPO,Defiance AI & Power Infrastructure ETF,ETF,ETF,30.13999938964844,5.274188868824975,0.0316895141244594,50.74022824863601,US
AIQ,Global X Artificial Intelligence & Technology ETF,ETF,ETF,63.34999847412109,7.573440534381507,0.0948073825638822,57.22158057495734,US
AIR,AAR Corp.,Industrials,Aerospace & Defense,143.05999755859375,2.156529860930797,-0.3076344253148981,55.99815318937687,US
AIRR,First Trust RBA American Industrial RenaissanceTM ETF,ETF,ETF,123.54000091552734,5.544637073524679,0.2074721210871741,52.72242076880445,US
AIS,VistaShares Artificial Intelligence Supercycle ETF,ETF,ETF,68.93000030517578,8.176395142283656,0.1438018573896737,49.3819813832113,US
AIUP,FINQ FIRST U.S. Large Cap AI-Managed Equity ETF,ETF,ETF,29.10540008544922,3.651709987639593,-0.0285423382948309,60.626264798787965,US
AIV,Apartment Investment and Manage,Real Estate,REIT - Residential,2.6600000858306885,-1.1152405483875372,0.0010608907914101,38.75384258426415,US
AIVI,WisdomTree International Al Enhanced Value Fund,ETF,ETF,60.826698303222656,3.481965917710528,0.0085752671762818,77.2901732432965,US
AIYY,YieldMax AI Option Income Strategy ETF,ETF,ETF,7.840000152587891,3.842751073058957,-0.0090192994453343,56.0251976317298,US
AJG,Arthur J. Gallagher & Co.,Financial Services,Insurance Brokers,248.1199951171875,-0.5212104327245051,-0.1375051178303721,50.92486999201182,US
AJUL,Innovator Equity Defined Protection ETF - 2 Yr to July 2028,ETF,ETF,30.399999618530277,1.0235297562749122,0.0051509742863252,67.94480657242288,US
AKAF,The Frontier Economic Fund,ETF,ETF,32.78300094604492,2.3860829973924145,0.0004253279649272,66.27922484255029,US
AKRE,Akre Focus ETF,ETF,ETF,58.88999938964844,2.4352020704602237,-0.0047764618630992,63.4148338888419,US
AKTS,"Aktis Oncology, Inc.",Healthcare,Biotechnology,24.1299991607666,9.333935180912064,0.1322450386199772,50.19223276310564,US
ALAB,"Astera Labs, Inc.",Technology,Semiconductors,334.1700134277344,7.370755271545446,0.7838558255540793,50.52165640095279,US
ALF,Centurion Acquisition Corp.,Financial Services,Shell Companies,10.8100004196167,0.5581434382948764,0.0018539478684375,43.73331987152537,US
ALG,"Alamo Group, Inc.",Industrials,Farm & Heavy Construction Machinery,168.74000549316406,6.072418626426999,0.1464099322616852,58.29005004413784,US
ALH,Alliance Laundry Holdings Inc.,Consumer Cyclical,"Furnishings, Fixtures & Appliances",27.770000457763672,5.309061713973661,-0.0094028344703291,63.08954765795089,US
ALHC,"Alignment Healthcare, Inc.",Healthcare,Healthcare Plans,14.369999885559082,-3.2323264887562124,0.1319332616810944,31.88972176768829,US
ALIL,Argent Focused Small Cap ETF,ETF,ETF,32.285400390625,3.615006834477106,0.0110052219460069,57.78965425928049,US
ALK,"Alaska Air Group, Inc.",Industrials,Airlines,49.959999084472656,5.289775092045146,-0.1053056048696555,54.86453046534593,US
ALKT,"Alkami Technology, Inc.",Technology,Software - Application,19.729999542236328,8.585577652130473,0.0222859899205594,66.15201779266653,US
ALL,The Allstate Corporation,Financial Services,Insurance - Property & Casualty,267.0,1.1057306786613728,-0.2755976074744399,59.99723422473891,US
ALMR,"Alamar Biosciences, Inc.",Healthcare,Medical Devices,28.459999084472656,12.223968452334034,0.0422783897529106,63.74016784700378,US
ALNT,Allient Inc.,Technology,Electronic Components,112.80999755859376,28.98467726901868,0.7918677027730008,72.55500045921646,US
ALNY,"Alnylam Pharmaceuticals, Inc.",Healthcare,Biotechnology,219.1999969482422,6.656282790674468,0.846315685799512,34.1957919591765,US
ALRG,Allspring LT Large Core ETF,ETF,ETF,31.68790054321289,3.1574325093344777,0.0022786147011032,71.89724579404648,US
ALT,"Altimmune, Inc.",Healthcare,Biotechnology,3.0799999237060547,8.45070481655075,0.0031075256197896,57.14424073181259,US
ALTI,"AlTi Global, Inc.",Financial Services,Asset Management,4.449999809265137,23.611109087496573,0.0092062003797561,67.0285055951573,US
ALTO,"Alto Ingredients, Inc.",Basic Materials,Specialty Chemicals,4.389999866485596,-7.773116483298079,-0.0203499271100391,40.06891355339516,US
ALVO,Alvotech,Healthcare,Drug Manufacturers - Specialty & Generic,3.809999942779541,-7.52427066481518,-0.0065450923836551,57.25130422092904,US
ALX,"Alexander's, Inc.",Real Estate,REIT - Retail,276.8900146484375,8.58431946997549,0.5087449091357477,55.54925958939363,US
AMAL,Amalgamated Financial Corp.,Financial Services,Banks - Regional,49.79999923706055,1.197178584022379,-0.044331052582428,63.60212869298921,US
AMAT,"Applied Materials, Inc.",Technology,Semiconductor Equipment & Materials,539.1400146484375,6.198908816422108,1.5449101303486046,50.10495900705241,US
AMAU,Leverage Shares 2X Long AMAT Daily ETF,ETF,ETF,17.989999771118164,11.669764677467477,0.113074396347151,47.33719071389625,US
AMAX,Adaptive Hedged Multi-Asset Income ETF,ETF,ETF,7.579999923706055,2.294198107889525,0.0062471035022262,60.71219761013497,US
AMBQ,"Ambiq Micro, Inc.",Technology,Semiconductors,67.48999786376953,6.13303617207638,0.3992771469803942,45.91970328366268,US
AMBZ,American Business Bank,Financial Services,Banks - Regional,72.87000274658203,0.3719067191952943,0.0104321305554996,59.41222967396233,US
AMC,"AMC Entertainment Holdings, Inc",Communication Services,Entertainment,2.5899999141693115,-8.156029238234867,-0.0136708964469302,57.82428035255713,US
AMCR,AMCR,N/A,N/A,47.86000061035156,6.639927520753679,0.017742812450197,65.5643791275956,US
AMCX,AMC Global Media Inc.,Communication Services,Entertainment,11.859999656677246,5.89285588082,0.0005452005963713,65.53400878182754,US
AMD,"Advanced Micro Devices, Inc.",Technology,Semiconductors,483.3599853515625,1.5142269342642452,0.3122643919588119,46.88627502239305,US
AMDD,Direxion Daily AMD Bear 1X Shares,ETF,ETF,29.714399337768555,-2.3195290491641365,-0.0057251838730627,49.48983065577331,US
AME,"AMETEK, Inc.",Industrials,Specialty Industrial Machinery,253.66000366210935,4.943939686530405,0.0120690914996628,66.13151174918056,US
AMGN,Amgen Inc.,Healthcare,Drug Manufacturers - General,410.9450073242188,6.694621304638337,0.3886888730331748,72.10419889215228,US
AMLP,Alerian MLP ETF,ETF,ETF,54.36000061035156,-1.7353562721774105,-0.0479681620005817,52.74724752008474,US
AMLX,"Amylyx Pharmaceuticals, Inc.",Healthcare,Drug Manufacturers - Specialty & Generic,22.81999969482422,12.358445568109582,-0.0274351229681748,68.08781528591405,US
AMN,"AMN Healthcare Services, Inc.",Healthcare,Medical Care Facilities,36.0,7.047275815080996,0.2553938627128683,60.0152392363182,US
AMOM,QRAFT AI-Enhanced U.S. Large Cap Momentum ETF,ETF,ETF,57.5973014831543,2.264306876086476,0.023110522776501,49.02561110893691,US
AMP,"Ameriprise Financial, Inc.",Financial Services,Asset Management,551.97998046875,1.4407993548090394,-0.7769115204472854,67.17966714689118,US
AMPU,Defiance Daily Target 2X Long AMPX ETF,ETF,ETF,3.4800000190734863,46.83545093305166,0.0205797847804711,46.97491921975515,US
AMPX,"Amprius Technologies, Inc.",Industrials,Electrical Equipment & Parts,11.850000381469728,23.43749906867746,0.0495227930484438,53.308140451407645,US
AMR,"Alpha Metallurgical Resources, Inc.",Basic Materials,Coking Coal,151.9499969482422,10.783021938791745,0.3802807266548429,51.22752414725409,US
AMRC,"Ameresco, Inc.",Industrials,Engineering & Construction,25.649999618530277,21.737066872531173,0.0168374349322228,54.3415870839726,US
AMRX,"Amneal Pharmaceuticals, Inc.",Healthcare,Drug Manufacturers - Specialty & Generic,18.13999938964844,-0.9825344332654932,-0.0226783775737992,55.47009389159566,US
AMRZ,Amrize Ltd,Basic Materials,Building Materials,46.63999938964844,-4.641178623687484,-0.3322604530844596,38.06283800311637,US
AMSC,American Superconductor Corporation,Industrials,Specialty Industrial Machinery,32.76499938964844,11.55940910250125,0.0466762950903367,46.53211309399124,US
AMSF,"AMERISAFE, Inc.",Financial Services,Insurance - Specialty,29.1200008392334,0.2754818222587578,0.0162940802698975,35.8818308967069,US
AMT,American Tower Corporation,Real Estate,REIT - Specialty,172.5399932861328,-0.4730083764027087,-0.0432884947692993,51.711073186739526,US
AMTD,AMTD IDEA Group,Financial Services,Asset Management,0.7652999758720398,1.904126363753899,0.0027658750702526,38.6633159798528,US
AMTM,"Amentum Holdings, Inc.",Industrials,Specialty Business Services,24.770000457763672,11.576574804062894,0.0439839497761839,65.81319003783203,US
AMUN,abrdn Ultra Short Municipal Income Active ETF,ETF,ETF,26.020000457763672,0.0923298841694309,0.0007226680435366,65.29903438956885,US
AMZN,"Amazon.com, Inc.",Consumer Cyclical,Internet Retail,274.4800109863281,1.067834360942802,-0.2711221007114401,64.21346991251909,US
AMZP,Kurv Yield Premium Strategy Amazon ETF,ETF,ETF,28.68630027770996,1.0970934897267346,-0.0159391803444964,63.64989918854677,US
AMZW,Roundhill AMZN WeeklyPay ETF,ETF,ETF,40.90999984741211,1.222286907969674,-0.0365994814022037,63.91081841226239,US
AMZY,YieldMax AMZN Option Income Strategy ETF,ETF,ETF,11.539999961853027,1.5364514303843746,-0.0051751408294743,66.54427256154867,US
AN,"AutoNation, Inc.",Consumer Cyclical,Auto & Truck Dealerships,209.22999572753903,-1.4924662241234563,-0.5252067254051385,52.56013184172869,US
ANAB,"AnaptysBio, Inc.",Healthcare,Biotechnology,56.61000061035156,6.090704578008413,0.1855670869420609,50.58015707351757,US
ANDG,Andersen Group Inc.,Consumer Cyclical,Personal Services,49.68000030517578,4.965134974026531,-0.0267054712202479,68.9819778206821,US
ANEL,Defiance Daily Target 2X Long ANET ETF,ETF,ETF,24.690000534057617,8.028882207720828,-0.0853402076686055,56.46632515182195,US
ANET,"Arista Networks, Inc.",Technology,Computer Hardware,188.6699981689453,4.613247454316278,-0.3029143758559014,58.456190958300645,US
ANEW,ProShares MSCI Transformational Changes ETF,ETF,ETF,53.03300094604492,2.491112936316509,0.0072162958733103,64.99110269295323,US
ANF,Abercrombie & Fitch Co.,Consumer Cyclical,Apparel Retail,112.62000274658205,13.140447770494571,0.0373639739452311,70.93668504640121,US
ANGL,VanEck Fallen Angel High Yield Bond ETF,ETF,ETF,29.020000457763672,0.9321078238374656,0.0054574260331332,63.34990283938906,US
ANGO,"AngioDynamics, Inc.",Healthcare,Medical Instruments & Supplies,15.6899995803833,6.085190134223051,0.019158337828034,72.4709418375035,US
ANGX,"Angel Studios, Inc.",Communication Services,Entertainment,4.289999961853027,5.665025180173393,-3.054527713416966e-05,58.454347209516,US
ANIP,"ANI Pharmaceuticals, Inc.",Healthcare,Drug Manufacturers - Specialty & Generic,78.25,-1.2493663433352795,-0.1634615294871844,44.37910999813802,US
ANL,Adlai Nortye Ltd.,Healthcare,Biotechnology,13.279999732971191,2.153844099778396,-0.0293572755617282,58.72199999659747,US
ANSC,Agriculture & Natural Solutions Acquisition Corporation,Financial Services,Shell Companies,11.449999809265137,-0.0872620318372435,-0.0001643931610827,56.363404495461936,US
ANV,Graniteshares Autocallable Nvda ETF,ETF,ETF,25.695899963378903,1.5648250523993164,0.005645235817024,72.25656048254208,US
AOA,iShares Core 80/20 Aggressive A,ETF,ETF,99.38999938964844,2.7286815396883077,0.0369226473310013,65.03819705466506,US
AOK,iShares Core 30/70 Conservative Allocation ETF,ETF,ETF,41.43000030517578,1.4560059427746377,0.0091984153327977,61.967356209603984,US
AON,Aon plc,Financial Services,Insurance Brokers,358.29998779296875,-0.3975267977888351,-0.0948646764751357,51.732196891949854,US
AOR,iShares Core 60/40 Balanced All,ETF,ETF,70.12000274658203,2.320157588804016,0.0238444327461773,64.38281167971869,US
AOSL,Alpha and Omega Semiconductor Limited,Technology,Semiconductors,36.08000183105469,13.67360457225243,0.2351436708003014,53.20060301826946,US
APCB,ActivePassive Core Bond ETF,ETF,ETF,29.00069999694824,0.5258381963592512,0.0011125768576047,49.66850342111117,US
APD,"Air Products and Chemicals, Inc",Basic Materials,Specialty Chemicals,303.44000244140625,2.8993819282629456,0.4579928349548134,59.647466324166096,US
APDB,Aptus April Deep Buffer ETF,ETF,ETF,26.07999992370605,1.5180980207898769,0.0029928801893676,64.25626764495178,US
APH,Amphenol Corporation,Technology,Electronic Components,169.17999267578125,5.27691094497673,-0.1290712499875732,60.28122565495507,US
APHU,T-Rex 2x Long Aph Daily Target ETF,ETF,ETF,27.61000061035156,9.737681946732817,-0.0425570639807267,58.32812254219888,US
APIE,ActivePassive International Equity ETF,ETF,ETF,39.99700164794922,2.3726694659990084,0.0166464080504843,66.57267348459463,US
APLE,"Apple Hospitality REIT, Inc.",Real Estate,REIT - Hotel & Motel,16.18000030517578,-1.9987881231447109,-0.0040353493715022,43.95933407475928,US
APLX,Tradr 2X Long APLD Daily ETF,ETF,ETF,10.925000190734863,12.05128400753706,-0.0109056705281354,42.43768199292094,US
APLZ,Tradr 2X Short Apld Daily ETF,ETF,ETF,20.700000762939453,-15.372029690385682,0.0969150346664178,44.57111578644584,US
APMU,ActivePassive Intermediate Municipal Bond ETF,ETF,ETF,24.739999771118164,0.4262209915193249,0.005209903303384,52.49737565196072,US
APO,"Apollo Global Management, Inc.",Financial Services,Asset Management,127.44000244140624,1.4730521199621027,-0.2326978117496971,54.95839721223072,US
APOC,Innovator Equity Defined Protection ETF - 6 Mo Apr/Oct,ETF,ETF,26.449800491333008,0.2076152021934039,0.0007302371381104,73.41104373655685,US
APOG,APOG,N/A,N/A,43.52000045776367,9.89899528961934,0.0375388994622586,62.69659528669005,US
APP,AppLovin Corporation,Communication Services,Advertising Agencies,346.79998779296875,-12.402123480798476,-1.6402445186902632,32.19732292262911,US
APPF,"AppFolio, Inc.",Technology,Software - Application,198.7400054931641,10.29469049360264,0.0969589199480909,64.57088426047561,US
APPN,Appian Corporation,Technology,Software - Infrastructure,34.63999938964844,28.48664898360105,0.2790419273098372,75.53510026536372,US
APPS,"Digital Turbine, Inc.",Technology,Software - Application,14.34000015258789,77.91562538491583,0.1292886287765745,75.11090237808588,US
APPX,Tradr 2X Long APP Daily ETF,ETF,ETF,16.139999389648438,-28.3685439163814,-0.2110964101754575,30.75730037701274,US
APRB,Aptus April Buffer ETF,ETF,ETF,27.28499984741211,0.7942377355438192,0.0015248099109498,69.3602919936709,US
APRH,Innovator Premium Income 20 Barrier ETF - April,ETF,ETF,25.18000030517578,0.3787172580043255,0.0002216089645694,72.2227441818545,US
APRJ,Innovator Premium Income 30 Barrier ETF - April,ETF,ETF,24.891000747680664,0.1649914107909264,-0.0011191776945653,68.82271509566982,US
APRP,PGIM S&P 500 Buffer 12 ETF - Apr,ETF,ETF,33.12289810180664,0.981370772051448,0.0041661262728704,64.05621408931492,US
APRW,AllianzIM U.S. Equity Buffer20 Apr ETF,ETF,ETF,37.59999847412109,0.6720379588381602,0.0022289779822538,69.35198298786396,US
APRZ,TrueShares Structured Outcome (April) ETF,ETF,ETF,40.766998291015625,3.040640835214697,0.0094399972466922,62.82549692690639,US
APXM,FT Vest U.S. Equity Max Buffer ,ETF,ETF,32.0,0.5214562044372908,0.0011441945255859,71.52936536723833,US
APXT,Apex Treasury Corporation,Financial Services,Shell Companies,10.100000381469728,0.0,-0.0003772698180606,52.9316341652646,US
AQEC,AQE Core ETF,ETF,ETF,26.11000061035156,3.160810593795849,-0.0002057745226417,63.92578394001585,US
AQLG,HCM Large Cap Growth ETF,EQUITY,EQUITY,26.65559959411621,2.167878260714452,-0.001835770483039,67.2544494898714,US
AQLT,iShares MSCI Global Quality Factor ETF,ETF,ETF,32.33760070800781,4.126741892785584,0.0213440182697316,66.48654627910626,US
AQST,"Aquestive Therapeutics, Inc.",Healthcare,Drug Manufacturers - Specialty & Generic,3.940000057220459,6.63058534246426,0.0117913116254989,50.381500000879214,US
AQWA,Global X Clean Water ETF,ETF,ETF,19.82999992370605,3.898142428752496,0.0054532515459977,64.50715710754741,US
ARCO,Arcos Dorados Holdings Inc.,Consumer Cyclical,Restaurants,8.239999771118164,0.8567894023321948,-0.0085718292019277,47.73714542619503,US
ARCX,Tradr 2X Long ACHR Daily ETF,ETF,ETF,13.508899688720703,40.3959681241636,0.1162493904792983,57.204260790815205,US
ARDT,"Ardent Health, Inc.",Healthcare,Medical Care Facilities,11.550000190734863,8.247423693989063,0.014048989086472,67.21924740640273,US
ARDX,"Ardelyx, Inc.",Healthcare,Biotechnology,4.0,-19.19191607819821,-0.0566332144668543,18.656913314655423,US
ARES,Ares Management Corporation,Financial Services,Asset Management,136.85000610351562,6.838949188909985,-0.3124976105933119,62.18554071458944,US
ARGT,Global X MSCI Argentina ETF,ETF,ETF,92.95999908447266,-2.301631535771035,-0.0524407753106952,47.22928274425938,US
ARHS,"Arhaus, Inc.",Consumer Cyclical,Specialty Retail,9.600000381469728,29.55466368629494,0.0527401420640491,71.32228093601431,US
ARI,"Apollo Commercial Real Estate Finance, Inc.",Real Estate,REIT - Mortgage,6.760000228881836,2.1148088480809752,0.0050484760928581,50.10520072518094,US
ARKF,ARK Blockchain & Fintech Innovation ETF,ETF,ETF,42.97999954223633,8.398481433056155,0.0764205151245534,60.10655394256473,US
ARKK,ARK Innovation ETF,ETF,ETF,79.43000030517578,11.496354136713745,0.3006625417213431,57.87184082360525,US
ARKX,ARK Space & Defense Innovation ETF,ETF,ETF,34.27000045776367,11.993464152099708,0.0972385411469401,63.34628413525138,US
ARLI,AllianzIM International Equity Buffer15 Uncapped Apr ETF,ETF,ETF,27.078399658203125,2.182640219634434,0.0103333734466595,66.8165843130648,US
ARLO,"Arlo Technologies, Inc.",Industrials,Building Products & Equipment,15.229999542236328,3.4646689263305395,-0.054022098852743,64.01587944380034,US
ARLU,AllianzIM U.S. Equity Buffer15 Uncapped Apr ETF,ETF,ETF,32.840301513671875,3.109265683959941,0.009939314469917,64.93951609212041,US
ARM,Arm Holdings plc,Technology,Semiconductors,282.57000732421875,17.889776146710496,0.9862453235318932,50.33679458304497,US
ARMH,Arm Holdings PLC ADRhedged,ETF,ETF,11.887100219726562,17.229781235207586,0.0394523401267822,49.9141624176952,US
ARMW,Roundhill ARM WeeklyPay ETF,ETF,ETF,49.59999847412109,21.85234306089683,0.2042036693060533,49.69891626815481,US
ARMY,Tema International Defense Innovation ETF,ETF,ETF,27.370100021362305,8.058350152876297,0.004955092942829,73.34586314224492,US
AROC,"Archrock, Inc.",Energy,Oil & Gas Equipment & Services,33.08000183105469,-6.884585719321752,-0.0268963229003207,34.1434263547456,US
AROW,Arrow Financial Corporation,Financial Services,Banks - Regional,39.400001525878906,-1.104414219437204,-0.0411077423050312,43.66623635213319,US
ARP,PMV Adaptive Risk Parity ETF,ETF,ETF,33.46099853515625,2.36477856188666,0.0218196842540042,62.78571847156488,US
ARQQ,Arqit Quantum Inc.,Technology,Software - Infrastructure,22.899999618530277,33.68360035287621,0.1305753069539584,59.78402139433289,US
ARR,"ARMOUR Residential REIT, Inc.",Real Estate,REIT - Mortgage,16.68000030517578,1.2750516124855718,0.0130897224643219,53.27193468378604,US
ARTY,iShares Future AI & Tech ETF,ETF,ETF,72.77999877929688,9.197294993365915,0.0865296693601007,56.83813684812836,US
ARVN,"Arvinas, Inc.",Healthcare,Biotechnology,8.75,8.966379713220741,0.008669002694759,58.09831528325002,US
ARVR,First Trust Indxx Metaverse ETF,ETF,ETF,57.21480178833008,6.142034915690122,0.0998340352540161,60.36312089407329,US
ASAN,"Asana, Inc.",Technology,Software - Application,9.260000228881836,11.29808375644991,0.0176143539001581,67.19815676296335,US
ASB,Associated Banc-Corp,Financial Services,Banks - Regional,31.280000686645508,1.295341764086292,-0.0067185172425198,56.279115242514905,US
ASC,Ardmore Shipping Corporation,Industrials,Marine Shipping,16.709999084472656,-3.910295164130701,-0.0314544295804517,52.24448872136984,US
ASCI,abrdn International Small Cap Active ETF,ETF,ETF,37.218299865722656,4.191649635211104,0.0176477673405346,61.19965657539189,US
ASEA,Global X FTSE Southeast Asia ETF,ETF,ETF,21.527299880981445,1.9284991740693076,0.0169638585841954,68.06296353206699,US
ASEC,American Century Securitized Credit ETF,EQUITY,EQUITY,49.834999084472656,0.0656204618801185,-0.0027070086158405,55.84471267872846,US
ASIA,Matthews Pacific Tiger Active ETF,ETF,ETF,40.85350036621094,0.8977492533359286,0.0125633220984172,47.96915031363942,US
ASIX,AdvanSix Inc.,Basic Materials,Chemicals,16.479999542236328,-17.846460712943358,-0.2250480121739057,25.04905843995633,US
ASLV,Allspring Special Large Value ETF,ETF,ETF,31.283300399780277,1.7045404867431553,-0.0079435332275392,64.73777553918046,US
ASMB,"Assembly Biosciences, Inc.",Healthcare,Biotechnology,26.68000030517578,6.252487680852499,0.0350899654846023,53.36499452875384,US
ASMF,Virtus AlphaSimplex Managed Fut,ETF,ETF,25.71739959716797,-0.4667534242843917,0.0013109691708811,48.51134641824712,US
ASMH,ASML Holding NV ADRhedged,ETF,ETF,11.84000015258789,6.666664375557277,0.0358578511018952,51.19563309433109,US
ASPN,"Aspen Aerogels, Inc.",Basic Materials,Specialty Chemicals,6.25,34.98919752736767,0.0377430477514317,61.23086211329474,US
ASTE,"Astec Industries, Inc.",Industrials,Farm & Heavy Construction Machinery,44.25,-12.652980392260217,-0.0774814545429196,26.4267872875558,US
ASTH,"Astrana Health, Inc.",Healthcare,Medical Care Facilities,35.7599983215332,0.5624210925717356,0.1911612140848064,34.98621664580325,US
ASTL,Algoma Steel Group Inc.,Basic Materials,Steel,4.074999809265137,5.84415351184383,-0.0081578068137706,49.20768319588605,US
ASTS,"AST SpaceMobile, Inc.",Technology,Communication Equipment,71.94000244140625,21.97355544211068,0.2905732233591687,54.89343003956851,US
ASTY,Defiance Daily Target 2X Long A,ETF,ETF,8.529999732971191,44.331640494142086,0.0585021280007165,49.46355352449327,US
ATAI,AtaiBeckley Inc.,Healthcare,Biotechnology,7.25,0.9749327762529244,-0.0062073704414239,73.7142406309666,US
ATAT,Atour Lifestyle Holdings Limited,Consumer Cyclical,Lodging,35.310001373291016,2.854644596464388,-0.0309600636482291,61.54350714662888,US
ATEC,"Alphatec Holdings, Inc.",Healthcare,Medical Devices,9.3100004196167,-2.205882647576084,-0.0338215513800853,51.96970430187926,US
ATEX,Anterix Inc.,Communication Services,Telecom Services,99.26000213623048,6.708240935664649,0.0684175450655764,53.69751596906716,US
ATFV,Alger 35 ETF,ETF,ETF,39.6598014831543,3.3884276645500866,0.0249438354489774,54.905132656696985,US
ATHM,Autohome Inc.,Communication Services,Internet Content & Information,22.71999931335449,-2.15331617048083,-0.0398710559415282,66.95715311335866,US
ATI,ATI Inc.,Industrials,Metal Fabrication,227.83999633789065,21.55356027009945,1.1518182564118855,72.40914380479711,US
ATLC,Atlanticus Holdings Corporation,Financial Services,Credit Services,100.01000213623048,-5.194801249892871,-0.8042953358788973,47.11754916030304,US
ATMU,Atmus Filtration Technologies Inc.,Consumer Cyclical,Auto Parts,51.16999816894531,-0.8909604680484939,-0.2206478532296578,46.38720937497299,US
ATNI,"ATN International, Inc.",Communication Services,Telecom Services,31.96999931335449,34.27131470155681,0.3026008754057285,76.3428552337237,US
ATO,Atmos Energy Corporation,Utilities,Utilities - Regulated Gas,170.19000244140625,-1.499013980894279,-0.077381506911617,37.495558422006994,US
ATR,"AptarGroup, Inc.",Healthcare,Medical Instruments & Supplies,135.4199981689453,1.0898711420615288,-0.1349350413726178,61.75058016666436,US
ATRC,"AtriCure, Inc.",Healthcare,Medical Instruments & Supplies,41.38999938964844,9.613350713644424,0.0684158190121051,70.8336542434745,US
ATTR,Arin Tactical Tail Risk ETF,ETF,ETF,95.28160095214844,0.5271077669913854,0.0020842453607861,65.15931533105542,US
AU,AngloGold Ashanti plc,Basic Materials,Gold,96.22000122070312,21.306103871533,0.599336023823646,68.42123742537456,US
AUAU,Global X Gold Miners ETF,EQUITY,EQUITY,38.660301208496094,20.407061015193207,0.1962069645517926,71.60516885417326,US
AUB,Atlantic Union Bankshares Corporation,Financial Services,Banks - Regional,41.77999877929688,-1.531938536893238,-0.0653847293834822,47.87276444285555,US
AUGM,FT Vest U.S. Equity Max Buffer ETF - August,ETF,ETF,35.30500030517578,0.2128889126141959,0.0005539243953461,66.65104955349676,US
AUGO,Aura Minerals Inc.,Basic Materials,Gold,74.12999725341797,35.843865984937786,0.6594532515343288,69.43981903349486,US
AUGP,PGIM S&P 500 Buffer 12 ETF - Aug,ETF,ETF,33.98630142211914,1.770627208414974,0.0047153017361624,77.10731986086402,US
AUGT,AllianzIM U.S. Equity Buffer10 Aug ETF,ETF,ETF,39.25199890136719,1.992979807331276,0.0024073661810722,76.90776928077474,US
AUMI,Themes Gold Miners ETF,ETF,ETF,94.48690032958984,22.96737874947587,0.5644201093107357,71.67849270921802,US
AUPH,Aurinia Pharmaceuticals Inc.,Healthcare,Biotechnology,15.850000381469728,6.518818948713792,0.0370509558031731,53.29974096258353,US
AUSF,Global X Adaptive U.S. Factor ETF,ETF,ETF,51.874298095703125,1.2793102970588748,-0.0072852805824208,64.38584496191889,US
AUSM,Allspring Ultra Short Municipal ETF,ETF,ETF,25.065000534057617,0.1598438207276704,0.0009904707723828,64.0280972252883,US
AUTL,Autolus Therapeutics plc,Healthcare,Biotechnology,2.109999895095825,41.61073030810561,0.0087380714628787,73.8176653441068,US
AVAH,Aveanna Healthcare Holdings Inc.,Healthcare,Medical Care Facilities,9.489999771118164,1.0649565936014045,0.0121044953961598,54.82478086143762,US
AVAV,"AeroVironment, Inc.",Industrials,Aerospace & Defense,186.72999572753903,25.011717099569395,1.064047697650965,65.31838022749496,US
AVB,"AvalonBay Communities, Inc.",Real Estate,REIT - Residential,187.5500030517578,1.0452036178152218,0.0291646636029319,47.56642520421521,US
AVBC,"Avidia Bancorp, Inc.",Financial Services,Banks - Regional,21.5,-3.587440647670613,-0.0279724772060765,54.3412478962083,US
AVBP,"ArriVent BioPharma, Inc.",Healthcare,Biotechnology,30.84000015258789,3.42052470892785,0.0302107133151203,48.40148540335061,US
AVDE,Avantis International Equity ETF,ETF,ETF,93.9499969482422,3.00405426079648,0.0525646620459376,67.82516919065728,US
AVDV,Avantis International Small Cap Value ETF,ETF,ETF,109.62999725341795,4.768728873160877,0.1056954793482375,66.69349286079279,US
AVEM,Avantis Emerging Markets Equity ETF,ETF,ETF,92.2699966430664,3.083448152124208,0.0531757617094044,52.58042131616895,US
AVEX,AEVEX Corp.,Industrials,Aerospace & Defense,22.170000076293945,33.313296422751975,0.0932869081094386,65.35899756345299,US
AVGB,Avantis Credit ETF,ETF,ETF,51.060001373291016,0.444587758449231,0.0013266056975015,54.82212190343641,US
AVGE,Avantis All Equity Markets ETF,ETF,ETF,101.48999786376952,2.733067034335673,0.0315556228472044,64.50502478670973,US
AVGO,Broadcom Inc.,Technology,Semiconductors,427.760009765625,9.884918595097009,0.5585981368516357,64.85705179269772,US
AVK,AVK,Financial Services,Asset Management,12.75,2.988690485773806,0.0080082136939481,55.85624350016731,US
AVL,Direxion Daily AVGO Bull 2X ETF,ETF,ETF,54.77999877929688,19.45049727481225,0.1318820731409891,63.356878956141706,US
AVLN,Avalyn Pharma Inc.,Healthcare,Biotechnology,33.91999816894531,17.81867693741962,0.12975130309845,67.34083584309167,US
AVLV,Avantis US Large Cap Value ETF,ETF,ETF,93.79000091552734,1.768660143931966,0.003020245332674,64.85763644241271,US
AVMA,Avantis Moderate Allocation ETF,ETF,ETF,73.91899871826172,1.8560879514499184,0.0134562443590975,63.35336558170944,US
AVMU,Avantis Core Municipal Fixed Income ETF,ETF,ETF,45.53030014038086,0.6027061722068209,0.0184525601782514,46.902721149604446,US
AVMV,Avantis U.S. Mid Cap Value ETF,ETF,ETF,83.06999969482422,2.089218251026293,0.0043157957346899,65.7581289216784,US
AVNM,Avantis All International Markets Equity ETF,ETF,ETF,84.87999725341797,3.398710001208212,0.0543025050492131,62.9224473101462,US
AVNV,Avantis All International Markets Value ETF,ETF,ETF,86.20179748535156,3.817564183964782,0.0563184156681865,64.8273664700553,US
AVRE,Avantis Real Estate ETF,ETF,ETF,48.58000183105469,-0.2464043737265902,-0.0039242097300244,51.61335255899126,US
AVRY,Avory Foundational ETF,ETF,ETF,25.670000076293945,3.616694528040542,0.0132915531353159,59.49271696242083,US
AVSC,Avantis US Small Cap Equity ETF,ETF,ETF,74.4000015258789,2.847671125619453,0.0168470256666803,60.74252040417339,US
AVSD,AVSD,N/A,N/A,83.71160125732422,3.11596422298673,0.0420150145157232,66.4088419315078,US
AVSE,Avantis Responsible Emerging Markets Equity ETF,ETF,ETF,77.36389923095703,3.0721583508521344,0.0324298707270643,51.63424731296899,US
AVSF,Avantis Short-Term Fixed Income ETF,ETF,ETF,46.34579849243164,0.3251306782054352,0.0016040818915922,60.72029200291436,US
AVSU,AVSU,N/A,N/A,90.40450286865234,3.4494833505640026,0.0284501419980965,63.57897343453725,US
AVT,"Avnet, Inc.",Technology,Electronics & Computer Distribution,96.52999877929688,8.656013910849783,0.0498148404567808,66.00178635045485,US
AVTM,Avantis Total Equity Markets ETF,ETF,ETF,56.02000045776367,3.798405022592733,0.0338254601142653,65.71976621107271,US
AVTR,"Avantor, Inc.",Healthcare,Medical Instruments & Supplies,13.59000015258789,-1.3788068509804956,-0.0275284289331281,68.42348796936278,US
AVUQ,Avantis U.S. Quality ETF,ETF,ETF,67.93479919433594,3.859953204205556,0.0276095087944606,62.25870461459208,US
AVUS,Avantis US Equity ETF,ETF,ETF,131.17999267578125,2.805638122626016,0.0305301426625019,63.84353545995536,US
AVUV,Avantis US Small Cap Value ETF,ETF,ETF,126.87999725341795,1.2771380026430057,-0.0283067296324956,57.72847260368523,US
AVXX,Defiance Daily Target 2X Long AVAV ETF,ETF,ETF,7.869999885559082,53.112842217641656,0.0828090670691387,62.89350405450233,US
AWAY,Amplify Travel Tech ETF,ETF,ETF,19.98500061035156,3.3350592175531304,-0.0128142326956027,68.49435709410348,US
AWI,"Armstrong World Industries, Inc.",Industrials,Building Products & Equipment,185.5200042724609,6.414689314689043,-0.2127101926942458,72.14808937340493,US
AWK,"American Water Works Company, I",Utilities,Utilities - Regulated Water,135.30999755859375,0.8496678879081174,0.0574263716857419,55.22736556953716,US
AX,"Axos Financial, Inc.",Financial Services,Banks - Regional,100.04000091552734,-1.350954242292288,-0.2451077848297547,54.08544382447764,US
AXG,Solowin Holdings,Financial Services,Capital Markets,2.5999999046325684,-13.90728738233609,-0.0118604646110617,11.429076104989434,US
AXON,"Axon Enterprise, Inc.",Industrials,Aerospace & Defense,571.010009765625,8.195012733004734,0.1056127961028625,55.454503591102416,US
AXP,American Express Company,Financial Services,Credit Services,340.9100036621094,1.3858746950511152,-0.0857258559653844,49.34659910579013,US
AXS,Axis Capital Holdings Limited,Financial Services,Insurance - Specialty,103.48999786376952,-1.7375634602708985,0.0865939435651623,38.37586765579901,US
AXTA,Axalta Coating Systems Ltd.,Basic Materials,Specialty Chemicals,38.18999862670898,6.646180290830975,-0.0100295537257771,70.21889536368091,US
AXTI,"AXT, Inc.",Technology,Semiconductor Equipment & Materials,88.58000183105469,46.582825390897575,1.015840035711852,65.47792331185634,US
AXTX,Tradr 2X Long AXTI Daily ETF,ETF,ETF,14.880000114440918,102.72479298511487,0.2831065858920571,58.66137365853614,US
AZO,"AutoZone, Inc.",Consumer Cyclical,Auto Parts,3127.2900390625,3.681393752590137,4.367816261956769,55.46775825213284,US
AZTA,AZTA,N/A,N/A,32.040000915527344,13.899757808077323,0.0425927075238876,70.52244443253689,US
AZYY,Graniteshares YieldBOOST AMZN ETF,ETF,ETF,14.43000030517578,-0.0346388243544695,0.0040061881289377,38.836111725331925,US
AZZ,AZZ Inc.,Industrials,Specialty Business Services,150.9199981689453,4.28413273628085,0.0255217432153417,53.71699324164515,US
BA,The Boeing Company,Industrials,Aerospace & Defense,234.4199981689453,8.457480721253466,-0.2096191627298012,59.42227688323998,US
BAB,Invesco Taxable Municipal Bond ETF,ETF,ETF,26.43000030517578,0.5707747892354413,0.0017105515804869,46.95709042499263,US
BABA,Alibaba Group Holding Limited,Consumer Cyclical,Internet Retail,128.41000366210938,5.038857801316462,-0.1150757686192278,68.00069886121472,US
BABU,Direxion Daily BABA Bull 2X ETF,ETF,ETF,12.979700088500977,9.625843929267008,-0.0225293586621001,66.32433221279204,US
BABX,GraniteShares 2x Long BABA Daily ETF,ETF,ETF,24.020000457763672,9.881060325264883,-0.0368417177154704,66.87127757082199,US
BAC,Bank of America Corporation,Financial Services,Banks - Diversified,63.16999816894531,1.9693258934319533,-0.0002617558094935,66.72895560380066,US
BAH,Booz Allen Hamilton Holding Cor,Industrials,Consulting Services,76.05000305175781,9.079176305543458,0.0939893259932714,64.67300598117038,US
BAI,iShares A.I. Innovation and Tech Active ETF,ETF,ETF,44.56999969482422,7.813254790310226,0.0767004955630838,50.38162047386801,US
BALT,BALT,N/A,N/A,34.665000915527344,0.6533167763945992,0.0015071171337369,71.70179189538692,US
BAM,Brookfield Asset Management Ltd.,Financial Services,Asset Management,52.4900016784668,8.450413271993423,-0.0360374531978542,67.95594246792612,US
BAMB,Brookstone Intermediate Bond ETF,ETF,ETF,25.888999938964844,0.5671441101432894,0.0033080140604846,52.53539534096767,US
BAMU,Brookstone Ultra-Short Bond ETF,ETF,ETF,25.315000534057617,0.0988517897400485,0.0006164896923392,88.09842787822905,US
BAND,Bandwidth Inc.,Technology,Software - Infrastructure,49.959999084472656,27.644353253837405,0.7407557627972747,44.89969309707856,US
BAP,Credicorp Ltd.,Financial Services,Banks - Regional,386.9299926757813,-3.4075576299471173,-0.441480971717648,49.54021302230764,US
BASG,Brown Advisory Sustainable Growth ETF,ETF,ETF,28.822799682617188,5.069993133210978,0.0211765828778392,72.57011781874725,US
BAUG,Innovator U.S. Equity Buffer ETF - August,ETF,ETF,55.40999984741211,2.194759498187913,0.0081101055379438,76.0848868923861,US
BBAG,JPMorgan BetaBuilders U.S. Aggregate Bond ETF,ETF,ETF,45.24449920654297,0.6171195730782997,0.0043481680968335,50.50325152312196,US
BBAI,"BigBear.ai Holdings, Inc.",Technology,Information Technology Services,3.2699999809265137,17.204301994136443,0.0170510371077065,54.93085495063428,US
BBAX,JPMorgan BetaBuilders Developed Asia Pacific ex-Japan ETF,ETF,ETF,65.38999938964844,2.685300056968861,0.0175529180889536,69.58408408932631,US
BBB,CYBER HORNET S&P 500 and Bitcoin 75/25 Strategy ETF,ETF,ETF,30.3656005859375,3.7714492806052,0.0135937926260686,63.30679329816588,US
BBBI,Bondbloxx BBB Rated 5-10 Year Corporate Bond ETF,ETF,ETF,50.709999084472656,0.6550178828127751,0.0057649225530392,52.42107959198459,US
BBBL,Bondbloxx BBB Rated 10+ Year Corporate Bond ETF,ETF,ETF,46.17990112304688,1.0943537971352693,0.0082275657313086,45.509619956619325,US
BBBS,Bondbloxx BBB Rated 1-5 Year Corporate Bond ETF,ETF,ETF,50.7599983215332,0.351899067917327,0.0032306807485086,61.195851623280056,US
BBBY,"Bed Bath & Beyond, Inc.",EQUITY,EQUITY,4.639999866485596,-8.118817995323786,-0.0093870248067775,40.71562265798758,US
BBCA,JPMorgan BetaBuilders Canada ETF,ETF,ETF,105.7699966430664,3.280922625530765,0.0714757287360688,69.15124543515108,US
BBCP,"Concrete Pumping Holdings, Inc.",Industrials,Engineering & Construction,9.75,0.2055545601708733,0.017218558338979,39.71966841258846,US
BBCQ,Bleichroeder Acquisition Corp. II,Financial Services,Shell Companies,10.170000076293944,-0.2941150346291306,-0.0004058168533073,36.847555392473424,US
BBEM,JPMorgan Betabuilders Emerging Markets Equity ETF,ETF,ETF,75.4800033569336,2.027574928272041,0.0242391158341246,51.43061175741248,US
BBEU,JPMorgan BetaBuilders Europe ETF,ETF,ETF,80.77999877929688,2.0593774125007744,0.0174685143400493,67.54382877650104,US
BBHL,BBH Select Large Cap ETF,ETF,ETF,17.700000762939453,2.763584570542605,0.005840210654187,65.51944410689167,US
BBHM,BBH Select Mid Cap ETF,ETF,ETF,12.1899995803833,3.3927024582229577,0.0013186005592843,60.70313264451846,US
BBHY,JPMorgan BetaBuilders USD High Yield Corporate Bond ETF,ETF,ETF,45.80500030517578,0.7699973690294908,0.0077778715316434,64.8503036870888,US
BBIB,Jpmorgan Betabuilders U.S. Treasury Bond 3-10 Year ETF,ETF,ETF,96.83100128173828,0.4596016010425394,0.0082271754039339,52.68875350967008,US
BBIN,JPMorgan BetaBuilders International Equity ETF,ETF,ETF,81.55500030517578,2.869578154525652,0.0444122521614833,67.51822858924868,US
BBJP,JPMorgan BetaBuilders Japan ETF,ETF,ETF,78.19999694824219,4.85384155043042,0.102164835473768,63.65329829395935,US
BBLB,Jpmorgan Betabuilders U.S. Treasury Bond 20+ Year ETF,ETF,ETF,78.22000122070312,1.2045795126225234,0.029613246440603,43.88161238842193,US
BBOT,"BridgeBio Oncology Therapeutics, Inc.",Healthcare,Biotechnology,9.329999923706056,15.327561776639817,0.0377214244437394,61.17216442963204,US
BBP,Virtus Biotech ETF,ETF,ETF,100.36499786376952,6.9225620532969305,0.2702178621342057,62.78071107830962,US
BBSB,Jpmorgan Betabuilders U.S. Treasury Bond 1-3 Year ETF,ETF,ETF,98.02570343017578,0.2154076404544861,0.0020449696944129,62.59964363345038,US
BBSC,JPMorgan BetaBuilders U.S. Small Cap Equity ETF,ETF,ETF,92.36979675292967,3.4584789235001114,0.044177002967688,61.234846514596505,US
BBUS,JPMorgan BetaBuilders U.S. Equity ETF,ETF,ETF,139.5,3.6404113479132985,0.0575062140638731,66.68704388762774,US
BBW,"Build-A-Bear Workshop, Inc.",Consumer Cyclical,Specialty Retail,36.86000061035156,8.667460495613772,0.1258934299872158,65.36039552752226,US
BBWI,"Bath & Body Works, Inc.",Consumer Cyclical,Specialty Retail,20.36000061035156,1.1928417550071453,-0.0085471180391143,49.75095440004012,US
BC,Brunswick Corporation,Consumer Cyclical,Recreational Vehicles,81.55000305175781,3.227851964250396,-0.0421178682629134,52.13326304271529,US
BCAL,California BanCorp,Financial Services,Banks - Regional,21.25,-0.234738210570222,-0.0142081859669572,54.89890394721886,US
BCAR,D. Boral ARC Acquisition I Corp.,Financial Services,Shell Companies,4.619999885559082,-9.05511899715512,0.0863556617248073,19.28857675138154,US
BCAX,Bicara Therapeutics Inc.,Healthcare,Biotechnology,28.059999465942383,3.542431996159965,0.1279669868417622,56.94347860320879,US
BCCC,Global X Bitcoin Covered Call ETF,ETF,ETF,12.005000114440918,2.083332319648918,0.0016957934162824,55.42596859969582,US
BCDF,Horizon Kinetics Blockchain Development ETF,ETF,ETF,32.82500076293945,2.370192324279142,-3.347327700664593e-05,73.85131554958855,US
BCHI,GMO Beyond China ETF,ETF,ETF,31.29319953918457,3.719465810881111,0.0095410672586841,52.40239157701748,US
BCHP,Principal Focused Blue Chip ETF,ETF,ETF,39.225399017333984,3.661202059089701,-0.0082281667621094,68.74238281482823,US
BCIL,Bancreek International Large Cap ETF,ETF,ETF,30.01000022888184,5.018197104348976,0.0251323893724675,57.416656012341775,US
BCKT,LifeX 2030 Income Bucket ETF,ETF,ETF,40.23400115966797,0.0552209925909384,-0.0012652507467586,55.838270315079775,US
BCLO,iShares BBB-B CLO Active ETF,ETF,ETF,49.525001525878906,0.4604673387151377,0.0036999529579588,73.60483347736583,US
BCOR,Grayscale Bitcoin Adopters ETF,ETF,ETF,21.25,-2.334770813971,-0.0175305629908432,43.23767925365678,US
BCPC,Balchem Corporation,Basic Materials,Specialty Chemicals,179.42999267578125,7.084026790485422,0.0022927253149664,71.40690462153832,US
BCSM,Baron SMID Cap ETF,ETF,ETF,25.53820037841797,6.187946730011263,0.0304909906871229,65.04848783913378,US
BCSS,Bain Capital GSS Investment Corp.,Financial Services,Shell Companies,10.210000038146973,-0.0978495951130071,-1.815784828776553e-05,46.74904393978132,US
BCTK,Baron Technology ETF,ETF,ETF,30.624099731445312,8.530675685559268,0.0774831987102621,57.32490206892847,US
BDBT,Bluemonte Core Bond ETF,ETF,ETF,24.88279914855957,0.5893990367415017,0.0035989581292868,46.927218567796686,US
BDC,Belden Inc,Technology,Communication Equipment,132.82000732421875,7.069733217823298,0.0605139918506267,72.65242219543873,US
BDCX,ETRACS Quarterly Pay 1.5X Leveraged Wells Fargo BDC Index ETN,ETF,ETF,21.13500022888184,11.872750407401464,0.0691688712713326,67.1726108357511,US
BDEC,Innovator U.S. Equity Buffer ETF - December,ETF,ETF,54.5884017944336,1.9886472769750112,0.0117829944703515,66.40297885631634,US
BDIV,AAM Brentview Dividend Growth ETF,ETF,ETF,25.27039909362793,2.0531458736619115,0.0048845358352269,68.8255771457421,US
BDJ,BlackRock Enhanced Equity Dividend Trust,Financial Services,Asset Management,9.760000228881836,-0.2044939124275371,-0.0034525554605642,60.90235350513022,US
BDN,Brandywine Realty Trust,Real Estate,REIT - Office,3.220000028610229,5.921054901838992,0.0024223077422734,58.42746492847998,US
BDRY,Breakwave Dry Bulk Shipping ETF,ETF,ETF,13.760000228881836,2.5335331643439507,-0.0242962059853613,63.69739543514796,US
BDX,"Becton, Dickinson and Company",Healthcare,Medical Instruments & Supplies,176.86000061035156,6.78662349024403,0.0441674015998181,73.60944104274282,US
BDYN,iShares Dynamic Equity Active ETF,ETF,ETF,28.44230079650879,3.614936269543027,0.0136456121512951,63.30472599025631,US
BE,Bloom Energy Corporation,Industrials,Electrical Equipment & Parts,219.33999633789065,6.574024070645502,-0.3448862496774953,47.9105465042044,US
BEDY,Bny Mellon Enhanced Dividend Income ETF,ETF,ETF,29.989999771118164,1.8232460946723108,0.0036518175427597,70.36119680410383,US
BEDZ,AdvisorShares Hotel ETF,ETF,ETF,37.1057014465332,-0.6008582199824318,-0.0392748067270436,50.71369003897752,US
BEEX,The BeeHive ETF,ETF,ETF,28.10650062561035,2.049599929085578,-0.0001374567779196,70.55799722384103,US
BEEZ,Honeytree U.S. Equity ETF,ETF,ETF,35.62760162353516,3.565595802890569,0.0099729681281203,73.35588489487975,US
BEG,Leverage Shares 2X Long BE Daily ETF,ETF,ETF,35.790000915527344,11.84375286102295,-0.05120190012736,43.48979018158052,US
BEGS,Rareview 2x Bull Cryptocurrency & Precious Metals ETF,ETF,ETF,14.82859992980957,10.859744927776784,0.0326615585907759,58.04064566945429,US
BELFA,Bel Fuse Inc.,Technology,Electronic Components,233.5500030517578,4.669922440246384,0.1577988712863263,50.66587841151935,US
BENJ,Horizon Landmark ETF,ETF,ETF,53.01499938964844,0.0377402739254297,0.0008972387001112,83.75325451968067,US
BEPC,Brookfield Renewable Corporation,Utilities,Utilities - Renewable,33.7400016784668,1.1694249540920894,0.0306827560054131,45.781125525564654,US
BESF,Bastion Energy ETF,ETF,ETF,38.71900177001953,-0.1727363721152371,0.0304137053992701,47.63036503334689,US
BESO,GSR Crypto Core3 ETF,ETF,ETF,25.597900390625,2.18723022056565,0.0130513202582061,53.2575599623763,US
BETE,Proshares Bitcoin & Ether Equal Weight ETF,ETF,ETF,30.93269920349121,3.084944296165026,0.0102509657225519,53.956788851369794,US
BETR,Better Home & Finance Holding Company,Financial Services,Mortgage Finance,15.460000038146973,-34.21276579511927,-0.1530815655919144,34.186858369182545,US
BETZ,Roundhill Sports Betting & iGaming ETF,ETF,ETF,19.06010055541992,-0.3080648955462475,0.0113185049940887,48.42913363876531,US
BFC,Bank First Corporation,Financial Services,Banks - Regional,153.4199981689453,0.4451961839242459,-0.2132585573466641,57.52088301798899,US
BFEB,Innovator U.S. Equity Buffer ETF - February,ETF,ETF,53.868900299072266,1.7065989689045815,0.0080036341302172,66.43284434413134,US
BFH,"Bread Financial Holdings, Inc.",Financial Services,Credit Services,108.31999969482422,0.2313315450226407,-0.3074300950090398,57.80868936733231,US
BFJL,FT Vest Bitcoin Strategy Floor15 ETF - July,ETF,ETF,17.354999542236328,-0.2471615884251416,0.0019227025994277,56.94747396928769,US
BFLB,BufferLABS US Equity Dynamic Buffer ETF,ETF,ETF,55.49100112915039,1.2979232670633545,0.0072223184720627,67.13902299336914,US
BFLX,iShares Flexible Equity Active ETF,EQUITY,EQUITY,26.39940071105957,3.48647775067746,0.0120152662210597,66.96455299947627,US
BFOC,FT Vest Bitcoin Strat Floor15 ETF - Oct,ETF,ETF,16.96500015258789,-0.4109169090180698,-0.0009558028876134,50.52415988577623,US
BFOR,Barron's 400 ETF,ETF,ETF,24.34410095214844,2.761082327332418,0.0030160815471334,65.24567914816012,US
BG,Bunge Limited,Consumer Defensive,Farm Products,108.37999725341795,2.023904573607496,0.215547108590711,40.93640753675312,US
BGB,BGB,Financial Services,Asset Management,11.260000228881836,0.8057309934929872,0.0028814659358544,61.0063164247065,US
BGC,"BGC Group, Inc.",Financial Services,Capital Markets,10.350000381469728,-10.156250258700704,-0.0345946851999532,32.743785237454006,US
BGDV,Bahl & Gaynor Dividend ETF,ETF,ETF,31.66659927368164,1.7891309945679497,0.0035906382558801,64.20797348284557,US
BGRN,iShares USD Green Bond ETF,ETF,ETF,46.93000030517578,0.5420275014210008,0.0050483193732632,52.89320643489366,US
BGY,BlackRock Enhanced International Dividend Trust,Financial Services,Asset Management,5.840000152587891,1.0380612560830766,0.0020327326149771,62.7971902227064,US
BH,Biglari Holdings Inc.,Consumer Cyclical,Restaurants,386.5499877929688,-2.7522711791951324,-0.3746489931732739,51.67892439123598,US
BHB,Bar Harbor Bankshares,Financial Services,Banks - Regional,39.7400016784668,0.0755542550638642,-0.0665108649895678,58.375162938234574,US
BHDG,Nicholas Bitcoin Tail ETF,ETF,ETF,23.57999992370605,-2.7227716734490066,-0.0150338912125257,42.90456856597405,US
BHK,BHK,Financial Services,Asset Management,9.229999542236328,3.707864470229608,0.0112007786169653,66.3965784242659,US
BHRB,Burke & Herbert Financial Services Corp.,Financial Services,Banks - Regional,73.41999816894531,0.2320794115294368,-0.068001335260498,59.73457722498351,US
BIB,ProShares Ultra Nasdaq Biotechn,ETF,ETF,106.43800354003906,10.172862920605809,0.3838352106815186,63.96628669554845,US
BIBL,Inspire 100 ETF,ETF,ETF,56.22999954223633,3.231133251497446,0.0310426717589684,56.15640767291981,US
BIDU,"Baidu, Inc.",Communication Services,Internet Content & Information,109.70999908447266,-1.2600139665092172,-0.0878794063229115,47.28180856478114,US
BIIB,Biogen Inc.,Healthcare,Drug Manufacturers - General,207.94000244140625,2.4587364218766905,0.0729129027596516,54.14451772032093,US
BILD,Nomura Global Listed Infrastructure ETF,ETF,ETF,29.757999420166016,-1.6264481977982956,-0.0115518881439965,46.6541127587271,US
BILI,Bilibili Inc.,Communication Services,Internet Content & Information,18.739999771118164,-1.8848199118405504,-0.0187736387328758,55.33680949216466,US
BILS,State Street SPDR Bloomberg 3-12 Month T-Bill ETF,ETF,ETF,99.20999908447266,0.0766602748472104,0.0002704212953522,97.12520770529837,US
BILT,iShares Infrastructure Active ETF,ETF,ETF,27.8799991607666,-1.1697977115061062,0.0040961557205009,40.324328713514426,US
BILZ,PIMCO Ultra Short Government Active Exchange-Traded Fund,ETF,ETF,100.7300033569336,0.0645730301644725,0.000803033623557,99.44589413281558,US
BINC,iShares Flexible Income Active ETF,ETF,ETF,52.060001373291016,0.579596647370608,0.0071237887970771,62.596576707463214,US
BINV,Brandes International ETF,ETF,ETF,45.94860076904297,2.221579508685671,0.0086707793491234,77.82408131655473,US
BIO,"Bio-Rad Laboratories, Inc.",Healthcare,Medical Devices,352.4700012207031,8.292364914387546,0.297605419597712,73.88573823411505,US
BIOA,BIOA,N/A,N/A,11.720000267028809,29.646021200053557,0.1727998854341879,33.16191576212745,US
BIRK,Birkenstock Holding plc,Consumer Cyclical,Footwear & Accessories,38.45000076293945,-0.6973152098438102,0.1223045845964589,38.21453418383047,US
BIS,ProShares UltraShort Nasdaq Biotechnology,ETF,ETF,12.699000358581545,-9.422254322756574,-0.0507651101207979,35.850833611694554,US
BITA,iShares Bitcoin Premium Income ETF,EQUITY,EQUITY,52.0099983215332,3.252558327876278,0.028477390209573,56.55715385309204,US
BITS,Global X Blockchain & Bitcoin Strategy ETF,ETF,ETF,56.2327995300293,1.3367904449091417,-0.0040197337987027,46.4116034981335,US
BITW,Bitwise 10 Crypto Index Fund,ETF,ETF,41.70000076293945,2.9375524332562137,0.0155143432372061,51.81292577573223,US
BITX,2x Bitcoin Strategy ETF,ETF,ETF,12.40999984741211,6.432247082459949,0.0106961238987436,50.83791492453816,US
BIV,Vanguard Intermediate-Term Bond Index Fund,ETF,ETF,75.69000244140625,0.5793773771524902,0.0071191462491178,51.73733924762703,US
BJRI,"BJ's Restaurants, Inc.",Consumer Cyclical,Restaurants,69.55000305175781,2.8694016031545813,0.003474606290871,60.997893528891886,US
BJUL,Innovator U.S. Equity Buffer ETF - July,ETF,ETF,55.60580062866211,1.991563026012079,0.0095300419756229,66.32812278195168,US
BKE,"Buckle, Inc. (The)",Consumer Cyclical,Apparel Retail,45.93999862670898,4.957729372288391,-0.0214637848282689,59.61600327075793,US
BKEM,BNY Mellon Emerging Markets Equity ETF,ETF,ETF,30.0408992767334,1.6474873389847748,0.0037268119894178,51.23209589815733,US
BKF,iShares MSCI BIC ETF,ETF,ETF,41.38999938964844,0.7055983608124581,-0.0103342812055091,65.47772985695116,US
BKFI,BNY Mellon Active Core Bond ETF,ETF,ETF,23.55699920654297,0.7182832443307978,0.0035713388547434,50.91167152440719,US
BKH,Black Hills Corporation,Utilities,Utilities - Regulated Gas,74.6500015258789,4.830785684080064,0.2021389445529822,55.25365856936272,US
BKHY,BNY Mellon High Yield ETF,ETF,ETF,47.3202018737793,0.2376751614951532,0.0096955590533735,54.26182056637887,US
BKLC,BNY Mellon US Large Cap Core Equity ETF,ETF,ETF,49.40999984741211,3.737137811001337,0.0236755398312789,66.63396076127412,US
BKLN,Invesco Senior Loan ETF,ETF,ETF,20.5,0.5394831468578044,0.0007305151803832,78.55530928445785,US
BKMC,BNY Mellon US Mid Cap Core Equity ETF,ETF,ETF,41.63150024414063,3.4914336450656016,0.0235711494943456,64.12012686377494,US
BKNG,Booking Holdings Inc.,Consumer Cyclical,Travel Services,214.4199981689453,11.156041966496476,0.4807251792534623,73.15378862565983,US
BKR,Baker Hughes Company,Energy,Oil & Gas Equipment & Services,61.54999923706055,1.752351676609537,-0.1023127859294015,59.24941142049504,US
BKSE,BNY Mellon US Small Cap Core Equity ETF,ETF,ETF,45.45159912109375,3.2052637970511806,0.0197037661324018,61.92541951415628,US
BKUI,BNY Mellon Ultra Short Income ETF,ETF,ETF,49.6150016784668,0.1291658945685117,7.63354768580013e-05,86.46685302536235,US
BL,"BlackLine, Inc.",Technology,Software - Application,29.549999237060547,-5.8917210316715245,-0.1298628305792273,47.719668199518246,US
BLCO,Bausch + Lomb Corporation,Healthcare,Medical Instruments & Supplies,16.780000686645508,-0.7687709162605139,0.0062587183093265,55.81596835763724,US
BLCR,iShares Large Cap Core Active ETF,ETF,ETF,50.25,3.2887942938089934,0.0054138209106637,57.4888074016736,US
BLDG,Cambria Global Real Estate ETF,ETF,ETF,27.125,-1.3528739284646798,-0.0081503601392853,46.439329134760506,US
BLES,Inspire Global Hope ETF,ETF,ETF,49.77000045776367,2.470662488118832,0.0041082116303894,66.40844115190843,US
BLFS,"BioLife Solutions, Inc.",Healthcare,Medical Instruments & Supplies,34.65999984741211,10.80562367829371,0.043912294029859,74.47819840366246,US
BLGR,Bluemonte Large Cap Growth ETF,ETF,ETF,32.83300018310547,4.637006538586547,0.0185635471191343,64.68504093776778,US
BLK,"BlackRock, Inc.",Financial Services,Asset Management,1136.3900146484375,4.218673995729067,-0.5397349683461066,65.69179530821434,US
BLKB,"Blackbaud, Inc.",Technology,Software - Application,45.869998931884766,7.172896611095974,-0.1758566257161669,76.46126397061607,US
BLLN,"BillionToOne, Inc.",Healthcare,Diagnostics & Research,93.38999938964844,-32.619051026665446,-1.985442587874064,33.90658762034508,US
BLND,"Blend Labs, Inc.",Technology,Software - Application,1.6299999952316284,-8.426965088152592,-0.0227473274998396,41.54942143322428,US
BLST,Bluemonte Short Term Bond ETF,ETF,ETF,24.88999938964844,0.3629038522444649,0.0022636513653085,49.61385971307681,US
BLTD,Bluemonte Long Term Bond ETF,ETF,ETF,24.530000686645508,0.9049824168500722,0.006845710824874,43.76839709866569,US
BLTE,"Belite Bio, Inc",Healthcare,Biotechnology,163.0500030517578,2.799320613026009,0.2049752059627447,59.93889437477728,US
BLUX,Bluemonte Dynamic Total Market ETF,ETF,ETF,32.87820053100586,3.234743067295486,0.0124877968658004,63.61527853205175,US
BLV,Vanguard Long-Term Bond Fund,ETF,ETF,66.3499984741211,0.9908724582815602,0.014999847007322,44.51711466902701,US
BLW,BlackRock Limited Duration Income Trust,Financial Services,Asset Management,12.619999885559082,0.6379579262313901,0.0059252350076748,57.917977477499775,US
BLX,"Bladex, Inc. Class E",Financial Services,Banks - Regional,56.9900016784668,-2.6643852756983715,-0.0947664835556821,41.99854631577868,US
BMAR,Innovator U.S. Equity Buffer ETF - March,ETF,ETF,58.875,1.498119976259254,0.0044170710060992,65.88562017389705,US
BMAY,Innovator U.S. Equity Buffer ETF- May,ETF,ETF,48.52320098876953,1.8325276703640545,0.008148374102149,66.77514578869294,US
BMBL,Bumble Inc.,Communication Services,Internet Content & Information,2.8299999237060547,-0.7017537402020417,-0.0105222185247121,44.02077721334242,US
BME,BME,Financial Services,Asset Management,44.11000061035156,1.4256125729048792,0.0347031979876036,67.53163789865911,US
BMI,"Badger Meter, Inc.",Technology,Scientific & Technical Instruments,138.86000061035156,3.356899368773398,0.1460947271545629,52.21967140479946,US
BMNG,Leverage Shares 2X Long BMNR Daily ETF,ETF,ETF,16.450000762939453,18.02267963193015,0.0246651366562961,58.12386864501615,US
BMNR,"Bitmine Immersion Technologies, Inc.",Financial Services,Capital Markets,18.81999969482422,8.91203094319821,0.0095226341290635,60.41173989170336,US
BMNU,T-REX 2X Long BMNR Daily Target ETF,ETF,ETF,11.970000267028809,17.352945988841075,0.015673281200921,58.24334796612577,US
BMRC,Bank of Marin Bancorp,Financial Services,Banks - Regional,28.3700008392334,-1.8672796784815224,-0.0370876243400247,50.72689081631184,US
BMY,Bristol-Myers Squibb Company,Healthcare,Drug Manufacturers - General,64.72000122070312,-0.9033782880810888,-0.0603687992940245,63.56976495530319,US
BN,Brookfield Corporation,Financial Services,Asset Management,44.08000183105469,3.6444935251499153,-0.0099612655091785,55.99620829737481,US
BNDC,FlexShares Core Select Bond Fund,ETF,ETF,21.770299911499023,0.2777560090709323,-0.0023388907770626,43.58737230622925,US
BNDI,Neos Enhanced Income Aggregate Bond ETF,ETF,ETF,46.595001220703125,0.682819198068673,0.0056825076820233,52.63042283840496,US
BNDS,Infrastructure Capital Bond Income ETF,ETF,ETF,50.22999954223633,0.540433272040605,0.0075827331155495,53.74878626149709,US
BNDY,Horizon Core Bond ETF,ETF,ETF,24.795000076293945,0.547446187012054,0.0049569905292039,47.1883578880508,US
BNED,"Barnes & Noble Education, Inc.",Consumer Cyclical,Specialty Retail,12.800000190734863,2.893895679218907,0.0027733497312328,56.3386719737428,US
BNGE,First Trust S-Network Streaming & Gaming ETF,ETF,ETF,32.50419998168945,2.84837326771597,0.0430694561510545,61.50614424996568,US
BNL,"Broadstone Net Lease, Inc.",Real Estate,REIT - Diversified,20.93000030517578,-2.241940895176359,-0.0017084622574513,36.24046526864377,US
BNO,"United States Brent Oil Fund, LP",ETF,ETF,46.93000030517578,-6.847956907096829,-0.0002167099359227,48.46990936990856,US
BNOV,Innovator U.S. Equity Buffer ETF - November,ETF,ETF,49.119998931884766,2.248122389207424,0.012076513961921,65.95516203087628,US
BNTC,Benitec Biopharma Inc.,Healthcare,Biotechnology,13.630000114440918,16.396243125869127,0.062412090842429,66.62096010563181,US
BNTX,BioNTech SE,Healthcare,Biotechnology,93.66999816894533,3.4113449717675346,0.1336169152774378,55.38516678366105,US
BNY,The Bank of New York Mellon Cor,Financial Services,Banks - Diversified,157.61000061035156,0.8187799937980973,-0.0181215555871867,57.86709607222985,US
BOAT,SonicShares Global Shipping ETF,ETF,ETF,44.38999938964844,0.7489741399723725,0.0114359986252978,64.65827985476024,US
BOBS,"Bob's Discount Furniture, Inc.",Consumer Cyclical,Specialty Retail,17.8700008392334,7.1985648317179605,-0.0438666248618812,61.20230157258023,US
BOC,Boston Omaha Corporation,Industrials,Conglomerates,14.4399995803833,1.833563255373262,0.0010011421338941,56.429752872307446,US
BOE,BOE,Financial Services,Asset Management,12.300000190734863,1.5689557344690273,0.000631299335436,62.8737766648506,US
BOEG,Leverage Shares 2X Long BA Daily ETF,ETF,ETF,15.295599937438965,16.404867106503573,-0.0268210606218852,57.84192372879709,US
BOEU,Direxion Daily BA Bull 2X Shares,ETF,ETF,38.601600646972656,16.074092027849492,-0.0686707026181849,58.01548882349102,US
BOND,PIMCO Active Bond Exchange-Traded Fund,ETF,ETF,90.77999877929688,0.7659035069979733,0.0128948838241939,51.73777182959762,US
BOOT,"Boot Barn Holdings, Inc.",Consumer Cyclical,Apparel Retail,163.60000610351562,9.806027298268605,0.0611151501763307,55.87834841715429,US
BORR,Borr Drilling Limited,Energy,Oil & Gas Drilling,3.859999895095825,-4.218369872507003,-0.0005197569966743,36.54950989247167,US
BOT,"Robostrategy, Inc.",Financial Services,Asset Management,28.649999618530277,10.27713673340625,0.0944139597480717,48.615513667499165,US
BOTT,Themes Humanoid Robotics ETF,ETF,ETF,45.17610168457031,9.767964883576465,0.0475202315348683,53.05328701218649,US
BOTZ,Global X Robotics & Artificial Intelligence ETF,ETF,ETF,37.61000061035156,6.785915124396818,0.0365648226918308,60.46641547204253,US
BOUT,BOUT,N/A,N/A,46.41630172729492,0.3812717180549433,-0.0013680479645589,48.19023620547095,US
BOXX,Alpha Architect 1-3 Month Box ETF,ETF,ETF,117.75,0.0424834775312704,3.570098477431727e-05,91.84127003554146,US
BPI,Grayscale Bitcoin Premium Income ETF,ETF,ETF,20.729999542236328,-0.917700672266977,-0.0087283503333426,49.7860776117946,US
BPRO,Bitwise Proficio Currency Debasement ETF,EQUITY,EQUITY,20.671600341796875,9.19444619082393,0.0479592191630166,64.82171064614145,US
BRAI,BRAI,N/A,N/A,5.670000076293945,2.346572478990331,-0.001957037867985,45.864523767787006,US
BRBR,"BellRing Brands, Inc.",Consumer Defensive,Packaged Foods,11.5600004196167,-6.698949965351374,-0.0574654609627938,41.58108978883915,US
BRC,Brady Corporation,Industrials,Security & Protection Services,97.0199966430664,2.9171529626889656,-0.0812999892621824,61.857515244614,US
BRCB,"Black Rock Coffee Bar, Inc.",Consumer Cyclical,Restaurants,7.349999904632568,-8.808938933254987,-0.0390415908871811,41.00595416401431,US
BRCE,MFS Blended Research Core Equity ETF,ETF,ETF,30.327999114990234,2.876525054008117,0.0097649783141322,67.20841883134514,US
BREE,MFS Blended Research Emerging Markets Equity ETF,ETF,ETF,26.59000015258789,3.7861018016403647,0.0044518602507655,51.91929366685967,US
BRES,Burney U.S. Equity Select ETF,ETF,ETF,27.464500427246094,2.5177285877874445,0.0004502064646665,56.95314778977863,US
BRF,VanEck Brazil Small-Cap ETF,ETF,ETF,15.859999656677246,-2.4000021127554083,-0.0123896153335156,40.5309069443427,US
BRIF,FIS Bright Portfolios Focused Equity ETF,ETF,ETF,37.92910003662109,3.5239356163904336,0.0217404044083522,64.43526918801027,US
BRLN,iShares Floating Rate Loan Active ETF,ETF,ETF,50.4900016784668,0.2163537018827103,-0.0073515100463532,50.9978228837001,US
BRNY,Burney U.S. Factor Rotation ETF,ETF,ETF,58.88819885253906,2.771727114528997,0.0077124520361147,57.28558591718415,US
BRO,"Brown & Brown, Inc.",Financial Services,Insurance Brokers,71.43000030517578,1.4630664161537688,-0.0265626559039564,58.57413832873888,US
BRSL,Brightstar Lottery PLC,Consumer Cyclical,Gambling,11.050000190734863,10.059763274096923,0.0033239874803689,55.37286797164455,US
BRSM,MFS Blended Research Small-Mid Cap ETF,EQUITY,EQUITY,26.23940086364746,3.467666530484786,0.0166654141728373,60.93826392901946,US
BRTR,iShares Total Return Active ETF,ETF,ETF,49.531700134277344,0.5474867577061543,0.0041179684214224,49.874869137788274,US
BRUN,"Boost Run, Inc.",Technology,Software - Infrastructure,18.200000762939453,-9.181637068500462,0.0165241427355047,38.51512946415848,US
BRZU,Direxion Daily MSCI Brazil Bull 2X Shares,ETF,ETF,92.26000213623048,-7.276379762582444,-0.2988857495384986,45.3817111683831,US
BSCA,Invesco Bulletshares 2036 Corporate Bond ETF,EQUITY,EQUITY,19.84499931335449,0.7360332223327474,0.0017526708086032,49.25071691564377,US
BSCQ,Invesco BulletShares 2026 Corporate Bond ETF,ETF,ETF,19.545000076293945,0.102435124990683,0.0002468071577054,79.69359087872003,US
BSCR,Invesco BulletShares 2027 Corporate Bond ETF,ETF,ETF,19.63500022888184,0.1530256941902772,0.000600316446918,80.04179925188637,US
BSCS,Invesco BulletShares 2028 Corporate Bond ETF,ETF,ETF,20.364999771118164,0.2214570717016666,0.0002333898732417,64.61408102753848,US
BSCT,Invesco BulletShares 2029 Corporate Bond ETF,ETF,ETF,18.55500030517578,0.3244091009453003,0.0009803570640358,60.92386745800654,US
BSCU,Invesco BulletShares 2030 Corporate Bond ETF,ETF,ETF,16.575000762939453,0.4241236336397379,0.0009898950308184,55.59862563772433,US
BSCX,Invesco Bulletshares 2033 Corporate Bond ETF,ETF,ETF,20.834999084472656,0.5792852087899906,0.0016846034181098,51.25796890532205,US
BSCY,Invesco BulletShares 2034 Corporate Bond ETF,ETF,ETF,20.40539932250977,0.6084199635326069,0.0017669552543505,50.40422686034878,US
BSCZ,Invesco Bulletshares 2035 Corporate Bond ETF,ETF,ETF,20.165000915527344,0.7393751096389569,0.0018215813436271,50.008668293819646,US
BSEP,Innovator U.S. Equity Buffer ETF - September,ETF,ETF,53.79999923706055,0.904006970311356,0.003536892674686,68.0596626812402,US
BSJQ,Invesco BulletShares 2026 High Yield Corporate Bond ETF,ETF,ETF,22.924999237060547,0.1966786623450102,0.0010442292013044,66.3534145702347,US
BSJR,Invesco BulletShares 2027 High Yield Corporate Bond ETF,ETF,ETF,22.401100158691406,0.3184067856170025,0.0010571683526264,68.90705496558802,US
BSJS,Invesco BulletShares 2028 High Yield Corporate Bond ETF,ETF,ETF,21.780000686645508,0.2301019119305229,-7.393758448780499e-05,64.67446915898965,US
BSJT,Invesco BulletShares 2029 High Yield Corporate Bond ETF,ETF,ETF,21.174999237060547,0.4506608809218176,0.0005585653016967,64.68869172569953,US
BSJV,Invesco BulletShares 2031 High Yield Corporate Bond ETF,ETF,ETF,26.149999618530277,0.9925461436132696,0.0056351906356045,60.90881161300924,US
BSJX,Invesco Bulletshares 2033 High Yield Corporate Bond ETF,ETF,ETF,25.17639923095703,0.806401787431936,0.0038093281183354,59.53094110820695,US
BSJY,Invesco Bulletshares 2034 High Yield Corporate Bond ETF,ETF,ETF,25.006799697875977,0.7932294887944227,0.0045785753763312,59.479321550461314,US
BSMC,Brandes U.S. Small-Mid Cap Value ETF,ETF,ETF,40.74789810180664,1.4209622167686606,-0.0279779363384656,59.75123816587573,US
BSMU,Invesco BulletShares 2030 Municipal Bond ETF,ETF,ETF,21.73500061035156,0.6483042438000569,0.0035496061054286,51.82275993996387,US
BSMV,Invesco BulletShares 2031 Municipal Bond ETF,ETF,ETF,20.84510040283203,0.7252993970584711,0.0045540750919215,55.94585430810727,US
BSMW,Invesco Bulletshares 2032 Municipal Bond ETF,ETF,ETF,24.86000061035156,0.7293367218396362,0.0087684076674879,54.16790811791529,US
BSOL,Bitwise Solana Staking ETF,EQUITY,EQUITY,10.109999656677246,1.4042064784232866,0.0086950048136165,48.0908090398299,US
BSRR,Sierra Bancorp,Financial Services,Banks - Regional,40.5,0.0247027334111535,0.0026120851325929,48.338426307825536,US
BST,BST,Financial Services,Asset Management,48.75,5.382623797692067,0.0246916500557847,60.20937036958304,US
BSTP,Innovator Buffer Step-Up Strategy ETF,ETF,ETF,40.09000015258789,2.12451503659849,0.006594363284162,64.16398352719867,US
BSTZ,BlackRock Science and Technology Term Trust,Financial Services,Asset Management,30.07999992370605,5.803727051771734,0.0311364832906882,58.44702208669831,US
BSVN,Bank7 Corp.,Financial Services,Banks - Regional,50.56999969482422,0.576771922370757,0.0178329385111224,55.61304327205436,US
BSX,Boston Scientific Corporation,Healthcare,Medical Devices,49.310001373291016,5.521082508727151,-0.0226042317098278,64.65080596770282,US
BTC,Grayscale Bitcoin Mini Trust (B,ETF,ETF,28.729999542236328,3.308162869332762,0.0139368891888662,52.36866328981232,US
BTCI,NEOS ETF Trust - NEOS Bitcoin High Income ETF,ETF,ETF,28.815000534057617,2.984278075347498,0.0093117149811481,53.23577231601412,US
BTCL,T-Rex 2X Long Bitcoin Daily Target ETF,ETF,ETF,12.683600425720217,6.067906267804632,0.010834191725675,50.47163220565557,US
BTCU,Direxion Daily Bitcoin Bull 2X ETF,EQUITY,EQUITY,17.256999969482422,6.262316580650018,0.014929527703232,50.9870513691517,US
BTCZ,T-Rex 2X Inverse Bitcoin Daily Target ETF,ETF,ETF,5.320000171661377,-6.007061570967862,-0.0042968497849072,46.27305884697924,US
BTDR,Bitdeer Technologies Group,Technology,Software - Application,10.880000114440918,3.422049819508985,0.018829679316989,43.199908477029645,US
BTGO,"BitGo Holdings, Inc.",Financial Services,Capital Markets,5.059999942779541,4.115222299809098,0.0035227327228191,47.67755190025319,US
BTOT,iShares Total USD Fixed Income Market ETF,EQUITY,EQUITY,48.935001373291016,0.5899497066600841,0.0059823112939844,51.37897950623454,US
BTR,Beacon Tactical Risk ETF,ETF,ETF,28.29540061950684,1.9139917940865872,0.0076882250353932,63.53245656878272,US
BTT,Blackrock Municipal 2030 Target Term Trust,Financial Services,Asset Management,22.600000381469727,0.8928605640421691,0.0095539750271144,52.49116205085778,US
BUCK,BUCK,N/A,N/A,23.399999618530277,0.2570671188951564,0.0035786903223353,62.64577244640686,US
BUFC,AB Conservative Buffer ETF,ETF,ETF,43.18999862670898,1.076524899135493,0.0034590695699468,67.27303147601079,US
BUFF,Innovator Laddered Allocation Power Buffer ETF,ETF,ETF,53.56999969482422,1.1136280817019166,0.001414181104815,67.01176967068115,US
BUFH,FT Vest Laddered Max Buffer ETF,ETF,ETF,21.584999084472656,0.4373917736479155,0.0004009249501438,69.22635872966367,US
BUFP,PGIM Laddered S&P 500 Buffer 12 ETF,ETF,ETF,32.70709991455078,1.3545071291808732,0.0029833706433598,68.6499781883467,US
BUFR,FT Vest Laddered Buffer ETF,ETF,ETF,37.33000183105469,1.5229844066340668,0.0048740433796871,68.05686345554454,US
BUFS,FT Vest Laddered Small Cap Mode,ETF,ETF,25.36000061035156,1.1971314876398709,0.0052248784748468,66.87298209573038,US
BUFT,BUFT,N/A,N/A,26.225000381469727,0.6099915476927528,-0.0005762975671364,70.32220818797906,US
BUFZ,FT Vest Laddered Moderate Buffer ETF,ETF,ETF,28.420000076293945,1.1028084639323164,0.0045812523803472,67.4954657470955,US
BULG,Leverage Shares 2X Long BULL Daily ETF,ETF,ETF,38.49440002441406,5.504576988486486,0.0575642166359984,48.23922579934338,US
BURL,"Burlington Stores, Inc.",Consumer Cyclical,Apparel Retail,368.9599914550781,0.1302595675312789,-0.4633694279764189,63.87413592806836,US
BUXX,Strive Enhanced Income Short Maturity ETF,ETF,ETF,20.21999931335449,0.0494815899794825,8.741486154123512e-06,66.35514455887423,US
BUYZ,Franklin Disruptive Commerce ETF,ETF,ETF,36.85660171508789,5.376829488952092,0.0359931061665129,65.94690546793731,US
BV,"BrightView Holdings, Inc.",Industrials,Specialty Business Services,11.449999809265137,-12.19325273956478,0.0186535052285688,32.99897574315408,US
BVAL,Bluemonte Large Cap Value ETF,ETF,ETF,32.17829895019531,2.1857706703079725,0.006079223278107,65.52798945586342,US
BW,"Babcock & Wilcox Enterprises, Inc.",Industrials,Specialty Industrial Machinery,9.369999885559082,0.5364827507733766,0.0010089816471519,39.71802555022583,US
BWB,"Bridgewater Bancshares, Inc.",Financial Services,Banks - Regional,21.63999938964844,5.664061881543589,0.0507340491058648,59.98944466895056,US
BWEL,JG Boswell Company,Basic Materials,Agricultural Inputs,539.0,-2.707581227436823,-0.3266973837064292,40.95161250450212,US
BWET,Breakwave Tanker Shipping ETF,ETF,ETF,287.2049865722656,6.970463338895279,1.1122474040048012,69.02796820001,US
BWFG,"Bankwell Financial Group, Inc.",Financial Services,Banks - Regional,66.9000015258789,-1.834189247267048,-0.1306424782621777,69.9861151870002,US
BWMN,Bowman Consulting Group Ltd.,Industrials,Engineering & Construction,27.229999542236328,1.4152668728781634,0.0003810390961066,48.60445902942103,US
BWMX,"Betterware de México, S.A.P.I. de C.V.",Consumer Cyclical,Specialty Retail,16.719999313354492,0.3434028590577369,0.0101318799211674,43.81204586644779,US
BWTG,Brendan Wood TopGun ETF,ETF,ETF,42.94820022583008,2.5751166024612493,0.02296727199077,60.076695918451215,US
BX,Blackstone Inc.,Financial Services,Asset Management,137.1300048828125,8.437455223459635,0.0429537661159451,64.26971984551089,US
BXC,BlueLinx Holdings Inc.,Industrials,Industrial Distribution,89.87999725341797,65.7690800993538,0.9303642876228224,79.46259567319872,US
BXDC,Blackstone Digital Infrastructure Trust Inc.,Real Estate,REIT - Specialty,20.0,-3.8923569761163455,-0.0021201563484538,43.21416670596912,US
BXSL,Blackstone Secured Lending Fund,Financial Services,Asset Management,24.540000915527344,6.23376844276051,0.0513259379820355,64.40354663263852,US
BY,"Byline Bancorp, Inc.",Financial Services,Banks - Regional,38.83000183105469,-0.7712198039317948,-0.0609677400699686,58.784283756800406,US
BYD,Boyd Gaming Corporation,Consumer Cyclical,Resorts & Casinos,83.41999816894531,-1.9280501254643472,-0.0549437741862317,39.62307206180866,US
BYRE,Principal Real Estate Active Opportunities ETF,ETF,ETF,27.65169906616211,-0.3183154494759226,0.0017036202168931,49.30521239217762,US
BZ,KANZHUN LIMITED - American Depo,Communication Services,Internet Content & Information,16.469999313354492,1.1670676824039714,-0.0059007898155259,65.97812342763444,US
BZQ,ProShares UltraShort MSCI Brazil Capped,ETF,ETF,21.91510009765625,8.222716531635802,0.0677765902253673,53.15286957615207,US
BZZ,Corgi Drones & Urban Air Mobility ETF,ETF,ETF,26.440200805664062,11.987294037051518,0.0469142129799445,63.09258902959548,US
C,Citigroup Inc.,Financial Services,Banks - Diversified,135.0,2.4434673323194773,8.654894944659652e-05,51.76640536799911,US
CAAP,Corporación América Airports S.A.,Industrials,Airports & Air Services,25.07999992370605,-2.6775340388080675,-0.0798930002155427,45.62808272322415,US
CABA,"Cabaletta Bio, Inc.",Healthcare,Biotechnology,2.789999961853028,4.104473595365428,0.0043765165123708,48.291259749559714,US
CABZ,Roundhill Robotaxi Autonomous Vehicles & Technology ETF,ETF,ETF,23.156700134277344,5.382266102638684,0.0407669493073458,58.320229379488175,US
CACC,Credit Acceptance Corporation,Financial Services,Credit Services,585.5800170898438,2.930172563713782,0.9164911798243088,48.11599699126192,US
CAFG,Pacer US Small Cap Cash Cows Growth Leaders ETF,ETF,ETF,34.40589904785156,2.701112241442409,0.0126495056667632,62.671688142528566,US
CAG,"ConAgra Brands, Inc.",Consumer Defensive,Packaged Foods,15.109999656677246,4.135075246939862,0.0023665637798347,59.05470865964129,US
CAGE,Calamos Autocallable Growth ETF,EQUITY,EQUITY,29.290000915527344,6.0079688931654855,0.012814496302379,64.66806062561668,US
CAH,"Cardinal Health, Inc.",Healthcare,Medical Distribution,236.3999938964844,2.76920190887764,-0.0373599999254512,58.03486747024996,US
CAI,"Caris Life Sciences, Inc.",Healthcare,Biotechnology,22.739999771118164,45.11805782005024,0.3179606899750677,78.61727873543069,US
CAIE,Calamos US Equity Autocallable Income ETF,ETF,ETF,27.36000061035156,3.062491800348233,0.0098119291535678,66.13962713483451,US
CAIQ,Calamos Nasdaq Autocallable Income ETF,ETF,ETF,25.970800399780277,3.103740717491438,0.01539029660016,59.20155346794643,US
CAKE,The Cheesecake Factory Incorporated,Consumer Cyclical,Restaurants,107.0500030517578,5.551178253261299,-0.216132059731005,84.71477064216819,US
CAL,"Caleres, Inc.",Consumer Cyclical,Apparel Retail,14.5,12.928347567640316,-0.0123205820056478,64.8750437753414,US
CALF,Pacer US Small Cap Cash Cows 100 ETF,ETF,ETF,56.27999877929688,3.799331450046463,0.0185915919084682,68.14846542825848,US
CAMT,Camtek Ltd.,Technology,Semiconductor Equipment & Materials,155.35000610351562,17.280687173068134,0.5826054082955991,53.50115440107831,US
CAMX,Cambiar Aggressive Value ETF,ETF,ETF,35.540000915527344,0.7741022421555708,-0.0307694219534176,57.28575618389068,US
CANC,Tema Oncology ETF,ETF,ETF,42.77479934692383,5.367027883297855,0.0808732262972938,65.0439520738871,US
CANE,Teucrium Sugar Fund,ETF,ETF,10.649999618530272,10.706858058463803,0.0399418122132653,76.54808878851117,US
CANQ,Calamos Nasdaq Equity & Income ETF,ETF,ETF,30.65760040283203,2.753720164036072,0.012985913521395,58.17799966974749,US
CAOS,Alpha Architect Tail Risk ETF,ETF,ETF,90.44000244140624,-0.0221055088091844,0.004918636710686,47.48041480942169,US
CAPE,DoubleLine Shiller CAPE U.S. Equities ETF,ETF,ETF,33.3932991027832,1.870958957672918,0.0089342862706909,59.78168027791733,US
CAPR,"Capricor Therapeutics, Inc.",Healthcare,Biotechnology,4.090000152587891,6.233772828579514,0.2288090610803452,14.281962603380292,US
CAR,"Avis Budget Group, Inc.",Industrials,Rental & Leasing Services,142.17999267578125,3.4487704817931477,0.4117694134870353,39.20093424660895,US
CARR,Carrier Global Corporation,Industrials,Building Products & Equipment,64.01000213623047,3.559295767772147,0.0599713100850465,43.75101986273192,US
CARS,Cars.com Inc.,Communication Services,Internet Content & Information,12.31999969482422,3.96623880358221,0.0256338605560103,59.36739286907418,US
CASH,"Pathward Financial, Inc.",Financial Services,Banks - Regional,86.8499984741211,-1.5752486664770846,-0.142058824445791,46.43205512592388,US
CASS,"Cass Information Systems, Inc.",Industrials,Specialty Business Services,57.9900016784668,3.7017231353756426,-0.0098160962420519,77.35124548766875,US
CASY,"Casey's General Stores, Inc.",Consumer Cyclical,Specialty Retail,833.9500122070312,-4.253729941787457,-0.9819244519109792,46.75333341370911,US
CAT,"Caterpillar, Inc.",Industrials,Farm & Heavy Construction Machinery,842.1900024414062,3.360293192873297,0.1149821722118993,42.9798689482904,US
CATF,American Century California Municipal Bond ETF,ETF,ETF,49.525001525878906,0.94552734580471,0.0182504933212353,50.95344439708019,US
CATG,Leverage Shares 2X Long CAT Daily ETF,ETF,ETF,11.468000411987305,6.977613118715103,0.0049389940317231,41.9605628058593,US
CATY,Cathay General Bancorp,Financial Services,Banks - Regional,63.40999984741211,0.3481582932178376,-0.0488820116584673,56.46238458769018,US
CAVG,ACC Aviation Holdings Ltd.,Industrials,Consulting Services,0.6075000166893005,-6.538455542727821,0.0029208332606916,24.694991552514324,US
CB,Chubb Limited,Financial Services,Insurance - Property & Casualty,350.3099975585937,-0.1055079060440087,-0.0860427610803604,50.98226694068423,US
CBAN,"Colony Bankcorp, Inc.",Financial Services,Banks - Regional,22.01000022888184,0.9570358772751596,-0.0187943919357865,62.32172086317213,US
CBC,"Central Bancompany, Inc.",Financial Services,Banks - Regional,33.5099983215332,2.164631405449644,0.0008266150244745,72.4271389006122,US
CBIO,"Crescent Biopharma, Inc.",Healthcare,Biotechnology,16.84000015258789,16.37871348875742,0.0622063709371986,53.22476930757465,US
CBK,"Commercial Bancgroup, Inc.",Financial Services,Banks - Regional,35.060001373291016,2.3948588044021872,-0.0206906096949219,65.27183315872051,US
CBL,"CBL & Associates Properties, In",Real Estate,REIT - Retail,56.54999923706055,-3.67910046175316,-0.0008518857105275,54.45131508996715,US
CBLS,Clough Hedged Equity ETF,ETF,ETF,30.78499984741211,1.792149642388687,0.0605471863399186,42.27269666364191,US
CBNK,"Capital Bancorp, Inc.",Financial Services,Banks - Regional,37.77999877929688,1.2054565394310717,-0.021036318155042,65.03743539105888,US
CBOA,Calamos Bitcoin Structured Alt ,ETF,ETF,24.239999771118164,-0.082442116961982,-0.0011417135834469,53.39691624757032,US
CBOE,"Cboe Global Markets, Inc.",Financial Services,Financial Data & Stock Exchanges,286.5799865722656,-7.623383804445909,-0.6152611610860532,51.06983757881813,US
CBOJ,Calamos Bitcoin Structured Alt Protection ETF - January,ETF,ETF,23.695199966430664,0.2759238594147595,0.0001403712238814,50.902788537850334,US
CBOL,Calamos Laddered Bitcoin 90 Series Structured Alt Protection ETF,ETF,ETF,23.52090072631836,0.302345249774819,0.001096339494656,58.96798350613366,US
CBON,VanEck China Bond ETF,ETF,ETF,23.95499992370605,0.1714492220858437,0.0012906879692472,58.826772212040375,US
CBOO,Calamos Bitcoin Structured Alt Protection ETF - October,ETF,ETF,24.575000762939453,0.1018392124475673,-7.402111351195728e-06,67.93019595170551,US
CBOT,Corgi Robots & Humanoids ETF,ETF,ETF,25.1299991607666,7.715384667582162,0.0062667407250142,56.28403500614248,US
CBOX,Calamos Tax-Aware Collateral ET,ETF,ETF,101.23999786376952,0.0790769066471663,0.0001639209766406,63.58843634019369,US
CBOY,Calamos Bitcoin Structured Alt Protection ETF - July,ETF,ETF,24.545000076293945,-0.0610724347499979,-0.000688611776957,54.89977101863028,US
CBRE,"CBRE Group, Inc.",Real Estate,Real Estate Services,148.17999267578125,0.9331756283428296,-0.2050525043611806,58.549092271208245,US
CBRL,CBRL,N/A,N/A,57.790000915527344,2.4827124331125736,-0.0691563427191392,64.37492840107862,US
CBRS,Cerebras Systems Inc.,Technology,Semiconductors,226.72999572753903,14.10094512956225,0.4855878533560043,55.8642672813327,US
CBRX,Tradr 2X Long CBRS Daily,ETF,ETF,15.149999618530272,27.417991430406364,0.0781431663271536,53.20391232293211,US
CBRZ,CBRZ,N/A,N/A,9.420000076293944,-28.03666946916259,0.0105553176911956,38.195739311164985,US
CBSE,Clough Select Equity ETF,ETF,ETF,47.98759841918945,3.622537240661756,0.0743473559521866,48.86322938534819,US
CBT,Cabot Corporation,Basic Materials,Specialty Chemicals,87.62000274658203,-0.4544352553277264,0.1350323690199266,49.42547798672026,US
CBTA,Calamos Bitcoin 80 Series Struc,ETF,ETF,21.024999618530277,-0.5487021666328491,-0.0008037106888983,50.697101638396695,US
CBTJ,Calamos Bitcoin 80 Series Structured Alt Protection ETF - January,ETF,ETF,17.80500030517578,1.279865656690481,0.0061115434157781,48.58339285152445,US
CBTL,Calamos Laddered Bitcoin Structured Alt Protection ETF,ETF,ETF,17.799999237060547,1.2629430722919677,0.0049872036277173,53.26232321257451,US
CBTO,Calamos Bitcoin 80 Series Structured Alt Protection ETF - October,ETF,ETF,19.774999618530277,0.1519310104928803,0.0011074842879602,55.43392207540428,US
CBXA,Calamos Bitcoin 90 Series Struc,ETF,ETF,21.4689998626709,-0.3527510482892512,-0.0001474040759221,50.71383024209207,US
CBXJ,Calamos Bitcoin 90 Series Structured Alt Protection ETF - January,ETF,ETF,20.055200576782227,0.6534571879907773,0.0029132002972819,47.44665054490973,US
CBXY,Calamos Bitcoin 90 Series Structured Alt Protection ETF - July,ETF,ETF,22.293399810791016,1.2002382778881235,0.0073561577379605,58.73841150098032,US
CBZ,"CBIZ, Inc.",Industrials,Specialty Business Services,54.5,-1.0530170874607276,-0.232171113519672,81.1958150175266,US
CCAP,"Crescent Capital BDC, Inc.",Financial Services,Asset Management,11.770000457763672,7.685271080826209,0.0131348311737653,63.05872210004363,US
CCB,CCB,N/A,N/A,45.34000015258789,10.61234031714195,0.5942782660973656,24.446475651324604,US
CCCC,"C4 Therapeutics, Inc.",Healthcare,Biotechnology,3.7300000190734863,7.183908006602824,0.012097614848573,50.10118171705729,US
CCEC,Capital Clean Energy Carriers Corp.,Industrials,Marine Shipping,22.3700008392334,1.0656583818030985,-0.0216944501693497,50.858934399046106,US
CCEF,Calamos CEF Income & Arbitrage ETF,ETF,ETF,29.63999938964844,1.191488918350815,0.0092388782272794,60.45654428734344,US
CCEP,Coca-Cola Europacific Partners PLC,Consumer Defensive,Beverages - Non-Alcoholic,108.29000091552734,-1.0688819465843404,-0.0270065366483547,56.40069624657844,US
CCI,Crown Castle Inc.,Real Estate,REIT - Specialty,75.58999633789062,-0.9305461146384976,0.0167603031502521,44.322592921571776,US
CCL,Carnival Corporation Ltd.,Consumer Cyclical,Travel Services,28.989999771118164,4.243079208328907,-0.0394110731306351,58.600820584017605,US
CCO,"Clear Channel Outdoor Holdings,",Communication Services,Advertising Agencies,2.4200000762939453,0.0,4.711329829405449e-05,53.69335313907645,US
CCOI,"Cogent Communications Holdings, Inc.",Communication Services,Telecom Services,9.920000076293944,-26.518517953378183,-0.1625441289761964,32.141056207848465,US
CCOR,Core Alternative ETF,ETF,ETF,26.46150016784668,0.9210559146322524,-0.00516646519983,58.111280645242246,US
CCRP,Columbia Corporate Bond ETF Shares,EQUITY,EQUITY,19.3799991607666,0.2646072789845869,-0.0002617865859049,45.801771883569,US
CCS,"Century Communities, Inc.",Real Estate,Real Estate - Development,71.30999755859375,6.179263952044328,0.0725553834446119,59.67414249719484,US
CCSB,Carbon Collective Short Duration Green Bond ETF,ETF,ETF,19.88999938964844,0.556110713773612,0.0025652082257022,54.953662220373744,US
CCSI,"Consensus Cloud Solutions, Inc.",Technology,Software - Infrastructure,35.13999938964844,-3.461544185196418,-0.1632212640692549,44.12744928395942,US
CCUP,T-REX 2X Long CRCL Daily Target ETF,ETF,ETF,1.565000057220459,13.405801639715143,0.0088575987350203,46.61562733670474,US
CDC,VictoryShares US EQ Income Enhanced Volatility Wtd ETF,ETF,ETF,76.47380065917969,0.4555568494980716,-0.0040700612193136,54.12123864437635,US
CDEI,"Calvert US Large-Cap Diversity, Equity And Inclusion Index ETF",ETF,ETF,94.48870086669922,3.1896514589525533,0.0194444654621902,65.87204657721321,US
CDNA,"CareDx, Inc.",Healthcare,Diagnostics & Research,46.68999862670898,6.817660957798853,-0.0492689955316376,73.1382909615155,US
CDNL,CDNL,N/A,N/A,64.0,3.409275539117998,0.2171050132588998,45.88467033299574,US
CDNS,"Cadence Design Systems, Inc.",Technology,Software - Application,339.239990234375,-0.2293979190927836,0.3129690775460787,43.791581474207526,US
CDP,COPT Defense Properties,Real Estate,REIT - Office,37.13999938964844,-2.1601678466837355,-0.0216620714361017,51.96948321021034,US
CDRE,"Cadre Holdings, Inc.",Industrials,Aerospace & Defense,32.81999969482422,6.454751138640118,-0.0155323868718023,58.66289252068729,US
CDRO,"Codere Online Luxembourg, S.A.",Consumer Cyclical,Gambling,8.970000267028809,-2.287582038843424,0.0008325603443066,39.86661903860857,US
CE,Celanese Corporation,Basic Materials,Chemicals,43.88999938964844,-1.8559968881897928,0.0182693299801806,41.55442884828331,US
CECO,CECO Environmental Corp.,Industrials,Pollution & Treatment Controls,70.91999816894531,7.63393356486676,0.3454065497298932,43.14875568164487,US
CEF,CEF,EQUITY,EQUITY,43.58000183105469,8.922778453604995,0.0976337547541218,62.63604639246294,US
CEFD,ETRACS Monthly Pay 1.5X Leveraged Closed-End Fund Index ETN,ETF,ETF,19.149099349975582,1.9328226628683491,0.0104928208873483,60.585112510160165,US
CEG,Constellation Energy Corporation,Utilities,Utilities - Independent Power Producers,269.8900146484375,2.7174175636298763,0.2132318454076842,54.8657211718584,US
CEGX,Tradr 2X Long CEG Daily ETF,ETF,ETF,13.399999618530272,4.7693483854308685,0.0216279922826683,53.61851269991792,US
CELC,Celcuity Inc.,Healthcare,Biotechnology,92.77999877929688,7.409124484112743,0.1209173511651058,49.448000001045216,US
CELH,"Celsius Holdings, Inc.",Consumer Defensive,Beverages - Non-Alcoholic,27.770000457763672,-4.92981400836282,0.0634534197715716,46.688901145953736,US
CENX,Century Aluminum Company,Basic Materials,Aluminum,51.22999954223633,14.429303145902498,0.2804603771276517,61.69528793297383,US
CEPF,"Cantor Equity Partners IV, Inc.",Financial Services,Shell Companies,10.390000343322754,-0.1921181977185838,0.0002833483179108,45.36299176135751,US
CERS,Cerus Corporation,Healthcare,Medical Devices,2.3499999046325684,9.302316297384026,0.0166789453747751,35.99428972353353,US
CERY,State Street SPDR Bloomberg Enhanced Roll Yield Commodity Strategy No K-1 ETF,ETF,ETF,35.90999984741211,-0.139041263441345,0.0208290794415975,54.51713414524868,US
CET,CET,Financial Services,Asset Management,55.68000030517578,4.191620015026082,0.0243781852578588,70.72721282543145,US
CEVA,CEVA,N/A,N/A,38.66999816894531,18.43796741722925,0.350539448258544,51.72296949497516,US
CFA,VictoryShares US 500 Volatility Wtd ETF,ETF,ETF,101.84130096435548,2.1784918584323605,0.012759804013341,65.25709159045061,US
CFG,"Citizens Financial Group, Inc.",Financial Services,Banks - Regional,72.66999816894531,1.4235821651699458,-0.0270869799152679,57.09787474320426,US
CGBL,Capital Group Core Balanced ETF,ETF,ETF,38.38999938964844,3.115766483145196,0.0171572395488233,65.42706689337084,US
CGCB,Capital Group Core Bond ETF,ETF,ETF,25.899999618530277,0.5825227904088289,0.0034659278428225,51.00861489275788,US
CGCP,Capital Group Core Plus Income ETF,ETF,ETF,22.040000915527344,0.5933412552286685,0.0022807381257263,51.600411871843406,US
CGDG,Capital Group Dividend Growers ETF,ETF,ETF,39.0,1.7214393447715215,0.0138899616763386,69.18922569925613,US
CGGE,Capital Group Global Equity ETF,ETF,ETF,35.779998779296875,2.845639085130576,0.0080823297392807,64.03994369860492,US
CGGG,Capital Group U.S. Large Growth ETF,ETF,ETF,29.209999084472656,4.478141831202035,0.0126804914639364,60.56618470846245,US
CGGO,Capital Group Global Growth Equity ETF,ETF,ETF,40.630001068115234,2.8607621977600872,0.0122408140832103,54.4565380620006,US
CGGR,Capital Group Growth ETF,ETF,ETF,46.959999084472656,4.704572312458504,0.0373581489526482,59.29120562349343,US
CGHM,Capital Group Municipal High-Income ETF,ETF,ETF,25.520000457763672,0.5516205737842963,0.0076699689478153,51.55615497090507,US
CGMM,Capital Group U.S. Small and Mid Cap ETF,ETF,ETF,33.13999938964844,3.7895367143999614,0.0190298883673616,62.48112615799759,US
CGMS,Capital Group U.S. Multi-Sector Income ETF,ETF,ETF,27.190000534057617,0.7037056816948785,0.003372730175379,58.339385507580886,US
CGMU,Capital Group Municipal Income ETF,ETF,ETF,27.149999618530277,0.5555541427047165,0.0063514426328524,51.33814271692562,US
CGNG,Capital Group New Geography Equity ETF,ETF,ETF,36.59999847412109,2.607233958272108,0.0092110271919963,55.332325006939065,US
CGNT,Cognyte Software Ltd.,Technology,Software - Infrastructure,9.199999809265137,2.9082801016271245,-0.0003561532207039,56.37813532139327,US
CGON,"CG Oncology, Inc.",Healthcare,Biotechnology,75.0999984741211,5.492338669229588,0.1510206071157216,58.368379582400905,US
CGOV,Corgi 0-3 Month T-Bill ETF,ETF,ETF,25.049999237060547,0.0559116110489997,-0.000198148400661,80.51460628025708,US
CGUS,Capital Group Core Equity ETF,ETF,ETF,46.27999877929688,3.557843368644963,0.0128391844794623,70.35537358174054,US
CGW,Invesco S&P Global Water Index ETF,ETF,ETF,66.73999786376953,2.7243290900576205,0.0204466741842515,62.23664740519381,US
CGXU,Capital Group International Focus Equity ETF,ETF,ETF,34.810001373291016,4.003585610146388,0.0300008158288584,58.8830023207184,US
CHCO,City Holding Company,Financial Services,Banks - Regional,144.94000244140625,-0.1171512426643774,-0.1703183392791167,69.374238480194,US
CHCT,Community Healthcare Trust Incorporated,Real Estate,REIT - Healthcare Facilities,15.850000381469728,-13.435276658791778,-0.0169030469576469,30.00334834387569,US
CHD,"Church & Dwight Company, Inc.",Consumer Defensive,Household & Personal Products,103.23999786376952,4.483352307086959,-0.0218595971450387,63.25933375165503,US
CHDN,Churchill Downs Incorporated,Consumer Cyclical,Gambling,87.86000061035156,4.223009999665139,0.1118009000810051,54.65686893901946,US
CHE,Chemed Corporation,Healthcare,Medical Care Facilities,552.719970703125,3.845931555307657,-0.0510719815170475,78.54991431819568,US
CHGX,Stance Sustainable Beta ETF,ETF,ETF,33.740699768066406,3.791990801918426,0.0204468688575526,64.6475500082152,US
CHH,"Choice Hotels International, Inc.",Consumer Cyclical,Lodging,106.66000366210938,-4.33222198780734,-0.2381442441229476,42.95730490359024,US
CHI,CHI,N/A,N/A,13.039999961853027,4.070233357945184,0.0188569333887392,56.12968513240138,US
CHPX,Global X AI Semiconductor & Quantum ETF,ETF,ETF,94.28250122070312,7.66284055643737,0.1514096058664602,52.167664068608026,US
CHRD,Chord Energy Corporation,Energy,Oil & Gas E&P,131.35000610351562,-6.432539154586159,-0.309484371131568,50.311564204190965,US
CHRI,Global X S&P 500 Christian Values ETF,ETF,ETF,91.87889862060548,3.460237904188839,0.029672933221544,65.94907229644531,US
CHRW,"C.H. Robinson Worldwide, Inc.",Industrials,Integrated Freight & Logistics,149.34500122070312,1.093214336878913,0.7036666394616873,32.16612989978705,US
CHW,CHW,Financial Services,Asset Management,8.529999732971191,2.771078758444757,0.0106566978020718,50.117056341281895,US
CHWY,"Chewy, Inc.",Consumer Cyclical,Internet Retail,23.530000686645508,4.115045528664284,-0.0414113822727577,61.30325717190129,US
CHYG,Corgi 0-5 Year High Yield Corporate Bond ETF,ETF,ETF,25.020000457763672,0.0479887950892178,-0.0003688468450208,54.62257619868605,US
CHYM,"Chime Financial, Inc.",Technology,Software - Application,29.100000381469727,26.57677542923434,0.0544667942769439,73.13561715576601,US
CI,The Cigna Group,Healthcare,Healthcare Plans,282.489990234375,1.2327549155667543,0.6274474840343098,48.27278010672615,US
CIBR,First Trust NASDAQ Cybersecurity ETF,ETF,ETF,97.8499984741211,6.555588068202116,0.0642696871018566,67.49924275142624,US
CIEG,Leverage Shares 2X Long CIEN Daily ETF,ETF,ETF,6.187900066375732,18.31548840934692,0.0244653700064323,47.02157568299096,US
CIEI,Corgi 3-7 Year Treasury Bond ETF,ETF,ETF,24.90999984741211,0.2495181733912579,-0.0009389885117981,51.0664698265598,US
CIEN,Ciena Corporation,Technology,Communication Equipment,412.3900146484375,9.37276965909181,0.8570304472445223,50.47114661192108,US
CIFG,Leverage Shares 2X Long CIFR Daily ETF,ETF,ETF,5.06440019607544,-44.2860273810488,-0.0843308238992168,38.957838292857055,US
CIFU,T-REX 2X LONG CIFR DAILY TARGET ETF,ETF,ETF,12.380000114440918,-44.359550047456544,-0.2070867483948015,38.87835177331666,US
CINF,Cincinnati Financial Corporation,Financial Services,Insurance - Property & Casualty,176.86000061035156,-0.4614993804766499,-0.0492072782522553,47.31164943516573,US
CINT,CI&T Inc.,Technology,Software - Infrastructure,3.559999942779541,6.268658033588979,0.0008486303819479,57.65808381262875,US
CIVB,"Civista Bancshares, Inc.",Financial Services,Banks - Regional,28.32999992370605,-1.9073642722275752,-0.0403884559209286,50.94271820461597,US
CIVG,Corgi 1-5 Year Investment Grade Corporate Bond ETF,ETF,ETF,24.920000076293945,0.1326031550537996,-0.0018737310244261,53.42919182225208,US
CL,Colgate-Palmolive Company,Consumer Defensive,Household & Personal Products,93.2699966430664,2.157714704775867,0.0443696976284055,55.29329553057567,US
CLB,Core Laboratories Inc.,Energy,Oil & Gas Equipment & Services,11.350000381469728,6.67293247403456,0.0267356653471921,50.8012390231144,US
CLBK,"Columbia Financial, Inc.",Financial Services,Banks - Regional,10.84000015258789,0.2775183330867543,-0.0012343421640851,63.54502603169141,US
CLBR,Colombier Acquisition Corp. III,Financial Services,Shell Companies,10.260000228881836,-0.0973732077516725,-0.0003075603019774,46.78706538194356,US
CLCG,Crossmark Large Cap Growth ETF,ETF,ETF,29.097299575805664,3.811410584686172,0.0192189358264136,57.77360623017926,US
CLDT,Chatham Lodging Trust,Real Estate,REIT - Hotel & Motel,12.59000015258789,-5.551386161691941,-0.0389398757397547,40.60036222748132,US
CLF,Cleveland-Cliffs Inc.,Basic Materials,Steel,12.260000228881836,6.423608869038336,-0.0312356895947743,60.38450593582825,US
CLFD,"Clearfield, Inc.",Technology,Communication Equipment,27.479999542236328,-9.187047804421756,-0.1927555858624423,37.25093976282217,US
CLIP,Global X 1-3 Month T-Bill ETF,ETF,ETF,100.13999938964844,0.0569519363315314,0.0005724172240081,99.36493246880212,US
CLIX,ProShares Long Online/Short Stores ETF,ETF,ETF,60.57400131225586,1.199549471091221,-0.0169865561706352,61.250177083263424,US
CLM,"Cornerstone Strategic Investment Fund, Inc.",Financial Services,Asset Management,7.550000190734863,1.4784964068333584,0.0065837269103245,59.2816385624829,US
CLMB,"Climb Global Solutions, Inc.",Technology,Electronics & Computer Distribution,27.809999465942383,3.729951584931333,0.0169208119409249,63.224911758748,US
CLNE,Clean Energy Fuels Corp.,Energy,Oil & Gas Refining & Marketing,1.5750000476837158,-18.81443292634218,-0.0142391047664072,23.983927923262343,US
CLNK,Bitwise Chainlink ETF,EQUITY,EQUITY,14.920000076293944,0.6883536078694287,-0.0001238967702393,49.31977155122845,US
CLOB,VanEck AA-BB CLO ETF,ETF,ETF,50.289100646972656,0.1794843171407865,0.0007835105186414,64.40352172465498,US
CLOC,AAM Crescent Clo ETF,EQUITY,EQUITY,24.979999542236328,0.1403080691132316,0.0008840575861048,74.50393231699236,US
CLOD,CLOD,N/A,N/A,34.182899475097656,5.45395190386516,0.0091947417379981,66.0213214547051,US
CLOU,Global X Cloud Computing ETF,ETF,ETF,27.280000686645508,8.426076518642969,0.0274138020272786,71.91756182765778,US
CLOZ,Eldridge BBB-B CLO ETF,ETF,ETF,26.30500030517578,0.1637391529620009,0.000721429379547,64.78877607313206,US
CLPT,"ClearPoint Neuro, Inc.",Healthcare,Medical Devices,14.210000038146973,-4.886208585941602,0.0747830526209692,45.630182499054456,US
CLSE,Convergence Long/Short Equity ETF,ETF,ETF,33.529998779296875,-1.3533476800659912,-0.0289021442265684,43.7375269679572,US
CLSK,"CleanSpark, Inc.",Financial Services,Capital Markets,12.300000190734863,-10.610465217017042,-0.072336675629589,41.765210781075375,US
CLSM,ETC Cabana Target Leading Sector Moderate ETF,ETF,ETF,27.58289909362793,4.346292947363051,0.0219683945819316,61.27232976229051,US
CLSX,Tradr 2X Long CLSK Daily ETF,ETF,ETF,12.699999809265137,-21.01990130894173,-0.1418299671368268,39.831803779235074,US
CLVT,Clarivate Plc,Technology,Information Technology Services,1.8200000524520876,-8.080806317177142,-0.0022485781734533,37.30439892002998,US
CMAY,Corgi U.S. Equities 15% Structured Buffer ETF - May Series,ETF,ETF,25.90999984741211,1.329683835141821,0.0030625702076621,64.9762628834728,US
CMBO,Wayfinder Dynamic U.S. Interest Rate ETF,ETF,ETF,103.16000366210938,0.0679089404458722,0.0002612489882015,99.38429688586156,US
CMBS,iShares CMBS ETF,ETF,ETF,48.18999862670898,0.0166025077783184,-0.0054032090377897,48.31265639961629,US
CMC,Commercial Metals Company,Industrials,Metal Fabrication,75.12999725341797,9.32770069681506,0.0225877175877307,64.08298070954882,US
CMCI,VanEck CMCI Commodity Strategy ETF,ETF,ETF,29.42799949645996,0.8084408933934399,0.0136399102173449,60.126107037965134,US
CMCO,Columbus McKinnon Corporation,Industrials,Farm & Heavy Construction Machinery,20.21999931335449,5.477304292549271,-0.1312758858765386,63.54576826041443,US
CMCSA,Comcast Corporation,Communication Services,Telecom Services,25.36000061035156,5.843078378021229,0.0124114819831998,61.66789333153494,US
CMDB,Costamare Bulkers Holdings Limited,Industrials,Marine Shipping,17.799999237060547,-8.99795642605372,-0.0715845725948329,41.06528670430456,US
CMDT,PIMCO Commodity Strategy Active Exchange-Traded Fund,ETF,ETF,32.435001373291016,-0.2306888714679286,0.0021033047483677,54.22805118580527,US
CMDY,iShares Bloomberg Roll Select Commodity Strategy ETF,ETF,ETF,59.02000045776367,0.1867265500534452,0.033767907460542,55.386081255501246,US
CME,CME Group Inc.,Financial Services,Financial Data & Stock Exchanges,263.6600036621094,-1.5422550323118909,-0.4231207782019388,60.16348162012665,US
CMF,iShares California Muni Bond ETF,ETF,ETF,56.83000183105469,0.7802845294710566,0.0211990883461128,52.89737112716367,US
CMG,"Chipotle Mexican Grill, Inc.",Consumer Cyclical,Restaurants,32.790000915527344,-11.90220354617198,-0.1382827891469694,45.32836285922348,US
CMI,Cummins Inc.,Industrials,Specialty Industrial Machinery,644.260009765625,1.5862499787069884,0.3985339488165458,46.91270275926935,US
CMP,Compass Minerals Intl Inc,Basic Materials,Other Industrial Metals & Mining,27.350000381469727,-6.782548605210689,-0.0369703574635723,40.9422772503359,US
CMPR,Cimpress plc,Industrials,Specialty Business Services,95.3499984741211,-3.394122165857631,-0.2080444468772446,45.32729163458508,US
CMPS,COMPASS Pathways plc,Healthcare,Medical Care Facilities,13.539999961853027,19.295149839455025,0.0529336132363827,61.18655051385654,US
CMRE,Costamare Inc.,Industrials,Marine Shipping,14.65999984741211,-5.90500693709312,-0.0279906009160314,41.74960771371173,US
CMS,CMS Energy Corporation,Utilities,Utilities - Regulated Electric,71.02999877929688,-1.3335173120706478,0.0093505659323244,34.17216956338855,US
CNBS,Amplify Seymour Cannabis ETF,ETF,ETF,25.617799758911133,2.9364754860052784,0.0564904769628877,48.70765562868631,US
CNC,Centene Corporation,Healthcare,Healthcare Plans,65.7699966430664,5.705553443772762,0.1184781071126313,53.67544290735499,US
CNEQ,Alger Concentrated Equity ETF,ETF,ETF,39.93999862670898,3.929217563211509,0.0237510707340289,54.510939726124754,US
CNND,Canandaigua National Corporation,Financial Services,Banks - Regional,218.0,0.0,-0.0038187448651796,56.54919967940333,US
CNNE,"Cannae Holdings, Inc.",Consumer Cyclical,Restaurants,14.779999732971191,1.5807528468816587,-0.0059274203144543,51.81102102215861,US
CNO,"CNO Financial Group, Inc.",Financial Services,Insurance - Life,55.15999984741211,0.1270642487390344,-0.040805530280114,65.96619173860397,US
CNOB,"ConnectOne Bancorp, Inc.",Financial Services,Banks - Regional,32.81999969482422,-0.3642954975337066,-0.0330467708348601,50.173522505406495,US
CNP,"CenterPoint Energy, Inc.",Utilities,Utilities - Regulated Electric,40.68000030517578,-3.2350156535064456,0.007770895752116,32.523706293483826,US
CNR,"Core Natural Resources, Inc.",Energy,Thermal Coal,89.5999984741211,12.22445213414739,0.301112729063321,61.92886693308084,US
CNRG,State Street SPDR S&P Kensho Clean Power ETF,ETF,ETF,95.6688995361328,5.026790407650401,0.1599773046049057,47.36437566995859,US
CNS,Cohen & Steers Inc,Financial Services,Asset Management,83.5999984741211,1.616630467149506,-0.0810161236844742,60.62429402293596,US
CNX,CNX Resources Corporation,Energy,Oil & Gas E&P,35.13999938964844,-1.8435750320599735,-0.0331756576944208,56.494508092581775,US
CNXC,Concentrix Corporation,Technology,Information Technology Services,25.71999931335449,4.5528411159229885,-0.0471008011516035,54.93623167897674,US
CNXN,"PC Connection, Inc.",Technology,Electronics & Computer Distribution,84.13999938964844,0.5016700463705335,-0.2176146192873531,63.11693771143933,US
CNYA,iShares MSCI China A ETF,ETF,ETF,36.47999954223633,3.7837779761637327,0.0561739550146058,55.09448418091657,US
COAG,"Hemab Therapeutics Holdings, Inc.",Healthcare,Biotechnology,49.65999984741211,4.437435634503701,-0.0401221499424715,60.63965673511879,US
COAL,Range Global Coal ETF,ETF,ETF,24.20499992370605,7.007069078987588,0.051309950637885,58.486596347696754,US
COCO,"The Vita Coco Company, Inc.",Consumer Defensive,Beverages - Non-Alcoholic,62.25,-5.5959998556038215,-0.0352079157995035,34.50234542009258,US
COF,Capital One Financial Corporation,Financial Services,Credit Services,217.75999450683597,4.1864026744968985,-0.2803786331088558,61.43076963363154,US
COFS,"ChoiceOne Financial Services, Inc.",Financial Services,Banks - Regional,34.08000183105469,0.1469381532515166,-0.0189006586508081,53.72079623113269,US
COGT,"Cogent Biosciences, Inc.",Healthcare,Biotechnology,42.38999938964844,8.887744817234553,0.0283281379518363,60.80313233685784,US
COHR,Coherent Corp.,Technology,Scientific & Technical Instruments,379.1300048828125,44.21620592544095,3.893900099233047,63.61738307343915,US
COHX,Tradr 2X Long COHR Daily ETF,ETF,ETF,45.11000061035156,101.20428392883532,0.8319436156411042,60.73868517565476,US
COIG,Leverage Shares 2X Long COIN Daily ETF,ETF,ETF,4.289999961853027,9.99999633202195,0.0275204468206037,44.73597604045968,US
COIN,"Coinbase Global, Inc.",Financial Services,Financial Data & Stock Exchanges,153.60000610351562,5.018468393513189,0.4971697331389388,46.80245887127755,US
COIW,Roundhill COIN WeeklyPay ETF,ETF,ETF,7.914999961853027,6.284408936108879,0.0299160009100454,46.53678429018746,US
COLD,"Americold Realty Trust, Inc.",Real Estate,REIT - Industrial,14.960000038146973,6.174591030073839,0.066910760092529,52.69891542234242,US
COLL,"Collegium Pharmaceutical, Inc.",Healthcare,Drug Manufacturers - Specialty & Generic,29.46999931335449,-16.727889738324052,-0.2151698955104226,27.01177228478437,US
COLO,Global X MSCI Colombia ETF,ETF,ETF,46.84000015258789,0.7962102908659388,-0.0098954519913752,68.2824785899084,US
COM,Direxion Auspice Broad Commodity Strategy ETF,ETF,ETF,33.75199890136719,-0.215822202293194,0.0003210423540841,53.20480755267513,US
COMD,Global X Commodity Strategy ETF,ETF,ETF,27.43000030517578,-0.5077961233155904,0.0078421256295899,52.41909781071798,US
CONL,GraniteShares 2x Long COIN Daily ETF,ETF,ETF,4.380000114440918,9.50000286102295,0.0295274108350459,44.753820333447855,US
CONX,Direxion Daily COIN Bull 2X ETF,ETF,ETF,5.309999942779541,8.234810316788595,0.0333905208717928,44.68747651420655,US
COP,ConocoPhillips,Energy,Oil & Gas E&P,117.61000061035156,-2.3821403275358253,-0.0323908470059433,54.6166341502417,US
COPJ,COPJ,N/A,N/A,45.04999923706055,14.66021427160838,0.1360685096834621,67.50461082195832,US
COPX,Global X Copper Miners ETF,ETF,ETF,88.02999877929688,11.628199464839485,0.119191187614513,66.11534610430493,US
COPZ,Defiance Daily Target 2X Long Copper Miners ETF,EQUITY,EQUITY,17.302099227905273,24.029386842097168,0.0498464325698814,64.52965562451979,US
COR,"Cencora, Inc.",Healthcare,Medical Distribution,320.4599914550781,2.9292719292287024,0.081807702749189,62.15031627800196,US
CORN,Teucrium Corn Fund,ETF,ETF,17.639999389648438,-0.0566585218015356,-0.0021810974948539,48.70547671765708,US
CORO,iShares International Country Rotation Active ETF,ETF,ETF,36.81999969482422,3.2529440616256537,0.0244881758655724,60.92864046147558,US
COST,Costco Wholesale Corporation,Consumer Defensive,Discount Stores,947.8200073242188,-0.4275711754074792,-0.4088866455273494,50.134548991460015,US
COTY,Coty Inc.,Consumer Defensive,Household & Personal Products,2.819999933242798,2.545452117919922,-0.0023001910734263,63.04905750994124,US
COUR,"Coursera, Inc.",Consumer Defensive,Education & Training Services,5.809999942779541,9.416195958342572,0.0024289568129533,52.74614482119815,US
COWZ,Pacer US Cash Cows 100 ETF,ETF,ETF,69.23999786376953,3.482280786332723,0.0336536310065466,72.4296069780135,US
COYY,GraniteShares YieldBOOST COIN ETF,ETF,ETF,16.679899215698242,-1.6515323342844583,-0.0092286485630346,35.09771346663025,US
CPA,"Copa Holdings, S.A.",Industrials,Airlines,142.1300048828125,0.6443872356913467,-0.2054199300188035,48.56334895145449,US
CPAY,"Corpay, Inc.",Technology,Software - Infrastructure,392.9400024414063,2.8342669663237223,-0.5452283764260955,62.45149317068275,US
CPB,The Campbell's Company,Consumer Defensive,Packaged Foods,23.049999237060547,4.868060587390499,0.0198952240315536,57.13980435735532,US
CPER,"United States Copper Index Fund, LP",ETF,ETF,39.900001525878906,0.85945434981062,-0.0611107412051733,57.371726059280455,US
CPHY,F/m Compoundr High Yield Bond ETF,ETF,ETF,51.73500061035156,0.5031448871268052,0.0026371069807992,59.93513240538799,US
CPLS,AB Core Plus Bond ETF,ETF,ETF,34.6349983215332,0.7006957823938983,0.0052610931892829,51.24970226801513,US
CPNG,"Coupang, Inc.",Consumer Cyclical,Internet Retail,16.229999542236328,-0.733950069930282,0.0055385112022079,46.55547475728016,US
CPNQ,Calamos Nasdaq-100 Structured Alt Protection ETF - December,ETF,ETF,27.559999465942383,0.6243365123173676,0.0022429628601166,65.05370783405023,US
CPNS,Calamos Nasdaq-100 Structured Alt Protection ETF - September,ETF,ETF,28.30900001525879,0.194663784738956,0.0003388000165044,69.21409721660324,US
CPRI,Capri Holdings Limited,Consumer Cyclical,Luxury Goods,15.3100004196167,-3.892026827881725,-0.0169967992538176,37.44460280255977,US
CPRJ,Calamos Russell 2000 Structured Alt Protection ETF - July,ETF,ETF,27.798099517822266,0.6812709283323266,0.0037010291773213,64.6665725211559,US
CPRO,Calamos Russell 2000 Structured Alt Protection ETF - October,ETF,ETF,28.3700008392334,0.1977878958738781,-0.0016449970998323,64.07158132939554,US
CPRT,"Copart, Inc.",Industrials,Specialty Business Services,29.65999984741211,1.85439214497264,0.0058440451308242,54.05932409323207,US
CPS,Cooper-Standard Holdings Inc.,Consumer Cyclical,Auto Parts,31.399999618530277,6.549034102967186,0.0957075825882468,58.65477037611108,US
CPSF,Calamos S&P 500 Structured Alt Protection ETF - February,ETF,ETF,26.47030067443848,0.4565475947899777,0.0011847185403031,71.94419756593283,US
CPSM,Calamos S&P 500 Structured Alt Protection ETF - May,ETF,ETF,29.479999542236328,0.4258218427840494,0.0011236462231223,71.76654066426988,US
CPSP,Calamos S&P 500 Structured Alt Protection ETF - April,ETF,ETF,27.07999992370605,0.1849768249737766,-0.0012533735169269,65.73028891603687,US
CPST,Calamos S&P 500 Structured Alt Protection ETF - September,ETF,ETF,28.016000747680664,0.3043249169892585,0.0005313938506328,74.21404978684768,US
CPSU,Calamos S&P 500 Structured Alt Protection ETF - June,ETF,ETF,27.91510009765625,0.7365293634014969,0.0024576458874387,68.58840482237953,US
CQP,"Cheniere Energy Partners, LP",Energy,Oil & Gas Midstream,64.70999908447266,-1.8057699754967933,-0.0827140399484203,51.74060790583629,US
CQQQ,Invesco China Technology ETF,ETF,ETF,53.08000183105469,5.526844207078758,0.115033035640134,54.859457444861775,US
CRC,California Resources Corporation,Energy,Oil & Gas E&P,52.08000183105469,-1.0262202808652476,-0.0034662854123995,47.117356827166205,US
CRCD,T-REX 2X Inverse CRCL Daily Target ETF,ETF,ETF,5.130000114440918,-13.63636254169616,-0.0367920342463138,44.40172948120227,US
CRCG,Leverage Shares 2X Long CRCL Daily ETF,ETF,ETF,9.0,12.359547351178591,0.0484559862973108,46.37752610393795,US
CRCO,YieldMax CRCL Option Income Strategy ETF,EQUITY,EQUITY,12.720000267028809,4.430373602082925,0.0246693993695759,50.03051384776441,US
CRDO,Credo Technology Group Holding Ltd,Technology,Semiconductors,249.88999938964844,20.72563542103059,1.704335038334002,57.013991868062725,US
CRH,CRH PLC,Basic Materials,Building Materials,100.4800033569336,5.757289861818908,0.1967953049922384,47.93762814634531,US
CRI,"Carter's, Inc.",Consumer Cyclical,Apparel Retail,39.959999084472656,3.603835625217711,-0.006581629229783,53.468653804517096,US
CRK,"Comstock Resources, Inc.",Energy,Oil & Gas E&P,13.40999984741211,1.131218823085362,0.0196169719533027,50.807329946041165,US
CRM,"Salesforce, Inc.",Technology,Software - Application,192.7400054931641,4.73861592123009,-0.0751394554491637,62.552939403221046,US
CRMD,CorMedix Inc.,Healthcare,Biotechnology,7.440000057220459,-1.1952211166031463,0.008603238432332,40.47335211083181,US
CRML,Critical Metals Corp.,Basic Materials,Other Industrial Metals & Mining,7.25,32.058293301592826,0.056655777260934,51.28710883725218,US
CRMU,Leverage Shares 2X Long CRML Daily ETF,ETF,ETF,2.619999885559082,70.12986691288803,0.0380788105668912,46.25212120892351,US
CRNC,Cerence Inc.,Technology,Software - Application,9.145000457763672,7.335680357041317,0.0142658102549953,48.18608338778066,US
CROX,"Crocs, Inc.",Consumer Cyclical,Footwear & Accessories,136.6199951171875,6.726037793784746,0.0682886838116014,55.72127072701626,US
CRPT,First Trust SkyBridge Crypto Industry and Digital Economy ETF,ETF,ETF,11.501399993896484,2.874773523681489,0.0131388903502975,46.211461304010896,US
CRS,Carpenter Technology Corporatio,Industrials,Metal Fabrication,570.6599731445312,9.814109732445289,1.4866821540775768,52.49093315005258,US
CRSP,CRISPR Therapeutics AG,Healthcare,Biotechnology,53.52000045776367,11.52323106039439,0.1222207510507095,57.9912076342681,US
CRUS,"Cirrus Logic, Inc.",Technology,Semiconductors,124.91999816894533,-3.4248223622232272,-0.0446362007946135,32.94932535984306,US
CRWD,"CrowdStrike Holdings, Inc.",Technology,Software - Infrastructure,214.4199981689453,12.344125266295288,0.457570630239549,66.5595255808347,US
CRWG,Leverage Shares 2X Long CRWV Daily ETF,ETF,ETF,22.13999938964844,52.79502925720156,0.0957885861821652,51.34176307123683,US
CRWU,T-REX 2X Long CRWV Daily Target ETF,ETF,ETF,4.25,53.70704660958015,0.0195211653790938,51.59585112530532,US
CRWV,"CoreWeave, Inc.",Technology,Software - Infrastructure,90.66999816894533,26.33412625038044,0.1979995577674707,55.368934691280856,US
CSB,VictoryShares US Small Cap High Div Volatility Wtd ETF,ETF,ETF,67.38050079345703,1.2783737107550035,0.004862451134066,57.42746573004506,US
CSCO,"Cisco Systems, Inc.",Technology,Communication Equipment,121.43000030517578,4.690061679107489,0.0134599839569921,61.12782068885889,US
CSD,Invesco S&P Spin-Off ETF,ETF,ETF,134.1199951171875,0.8648521365173332,-0.0418293905337778,44.40883743869744,US
CSEN,Cohen & Steers Future of Energy Active ETF,EQUITY,EQUITY,24.64609909057617,-0.0968827954757103,-0.0001474770211198,55.19779446582331,US
CSHP,iShares Dynamic Short-Term Active ETF,ETF,ETF,99.3740005493164,-0.0362091186349024,-0.0053323796506131,55.08842659803175,US
CSHR,CoinShares PLC,Financial Services,Capital Markets,4.860000133514404,-0.8163257362146623,-0.0209891136325122,58.55372573802851,US
CSIQ,CSIQ,N/A,N/A,15.90999984741211,5.503978301758998,0.0132316879823552,54.91484074327082,US
CSM,ProShares Large Cap Core Plus,ETF,ETF,89.51000213623047,3.491738174416131,0.0252784809128387,68.08035674765691,US
CSMD,Congress SMID Growth ETF,ETF,ETF,35.908199310302734,6.520914522488382,0.0529337090856189,60.74705475588805,US
CSNR,Cohen & Steers Natural Resources Active ETF,ETF,ETF,36.24860000610352,1.536692525042098,0.0082696558275687,65.57627797621512,US
CSTK,Invesco Comstock Contrarian Equity ETF,ETF,ETF,33.755401611328125,1.694335566014729,-0.0012796184063026,65.60358223117451,US
CSTM,Constellium SE,Basic Materials,Aluminum,29.440000534057617,5.975521261272358,0.02848698414847,49.41311007071327,US
CSV,"Carriage Services, Inc.",Consumer Cyclical,Personal Services,35.869998931884766,-10.897486253131891,-0.2607424992825359,36.880670728286034,US
CSW,"CSW Industrials, Inc.",Industrials,Specialty Industrial Machinery,350.67999267578125,9.955162803479729,-0.3404029466805358,70.20289152835143,US
CSWC,Capital Southwest Corporation,Financial Services,Asset Management,25.1299991607666,6.528185664338661,0.0359259838070962,68.68558277820216,US
CSX,CSX Corporation,Industrials,Railroads,50.27000045776367,-0.2579386194035781,-0.0307664424086039,51.95139772937506,US
CTAP,Simplify US Equity PLUS Managed Futures Strategy ETF,EQUITY,EQUITY,26.98660087585449,-1.400803623028478,0.0149570516244124,47.41467617941254,US
CTAS,Cintas Corporation,Industrials,Specialty Business Services,203.0500030517578,-0.7721261757089449,-0.1124901515153231,57.92223865168351,US
CTBI,"Community Trust Bancorp, Inc.",Financial Services,Banks - Regional,77.76000213623047,-0.879534530086657,-0.1222554625243554,61.44464707559952,US
CTEC,Global X ClimateTech ETF,ETF,ETF,58.400001525878906,9.063067138514038,0.1000552526074045,51.353349756648,US
CTEF,Castellan Targeted Equity ETF,ETF,ETF,89.64610290527344,0.203552294109997,-0.1233750209973092,48.84908128761243,US
CTEV,Claritev Corporation,Healthcare,Health Information Services,32.59000015258789,43.50507030566292,0.4836377273571373,64.55155628848307,US
CTEX,ProShares S&P Kensho Cleantech ETF,ETF,ETF,35.60309982299805,5.528190520943976,0.0587515254616965,46.68347703232923,US
CTGO,Contango Silver & Gold Inc.,Basic Materials,Gold,19.459999084472656,26.36363354877704,0.1077205489428179,66.43483075746144,US
CTIF,Castellan Targeted Income ETF,ETF,ETF,55.65299987792969,4.084606100005294,0.0112991056923594,72.53095509132548,US
CTKB,"Cytek Biosciences, Inc.",Healthcare,Medical Devices,4.199999809265137,-0.4739332208735816,0.0047803702230934,41.102556386081446,US
CTMA,Corgi U.S. Equities 30% Structured Buffer ETF - May Series,ETF,ETF,25.700000762939453,1.260841657818187,0.0017610797393995,62.47325828283475,US
CTNM,"Contineum Therapeutics, Inc.",Healthcare,Biotechnology,15.039999961853027,-2.9050988761419005,-0.0422985651598997,53.28971780930279,US
CTRN,"Citi Trends, Inc.",Consumer Cyclical,Apparel Retail,72.69000244140625,9.0295551789366,-0.0375963854008403,69.97963492118208,US
CTS,CTS Corporation,Technology,Electronic Components,66.2300033569336,3.290705739191563,-0.0797488566287745,59.763702206020525,US
CTVA,"Corteva, Inc.",Basic Materials,Agricultural Inputs,76.83000183105469,-2.3885113394555244,0.0355878183535511,35.539294189542815,US
CURE,Direxion Daily Healthcare Bull 3X Shares,ETF,ETF,125.18000030517578,5.619308007716684,0.2435126079229044,60.49311025188224,US
CUST,Corgi 1-3 Year Treasury Bond ETF,ETF,ETF,25.0,0.2084337256364461,0.0002007236144784,59.18464928112158,US
CUT,Invesco MSCI Global Timber ETF,ETF,ETF,30.7549991607666,3.204697812603888,-0.0040533886680159,66.80187862622648,US
CUZ,Cousins Properties Incorporated,Real Estate,REIT - Office,29.6200008392334,-6.117269237712232,-0.0521329720105129,39.15224039802909,US
CVBF,CVBF,N/A,N/A,22.65999984741211,1.296374596777391,-0.0108341092337812,53.85257842981303,US
CVCO,"Cavco Industries, Inc.",Consumer Cyclical,Residential Construction,592.22998046875,8.262791574709848,1.352783570472574,56.897041900222966,US
CVLC,Calvert US Large-Cap Core Responsible Index ETF,ETF,ETF,97.27999877929688,3.5664840447535915,0.0329733774095343,66.139508841946,US
CVLT,"Commvault Systems, Inc.",Technology,Software - Application,135.27000427246094,14.830221365127915,0.6287069652290374,51.02764707077236,US
CVNA,Carvana Co.,Consumer Cyclical,Auto & Truck Dealerships,70.8499984741211,13.614492913202792,0.1783880924961206,58.051519829179895,US
CVNY,YieldMax CVNA Option Income Strategy ETF,ETF,ETF,21.487499237060547,12.086097146329193,0.0485969769462723,59.79757282377634,US
CVRD,Madison Covered Call ETF,ETF,ETF,18.55299949645996,1.9451623887480365,0.0089993901509273,67.62896646360727,US
CVRT,Calamos Convertible Equity Alternative ETF,ETF,ETF,48.31209945678711,2.0232701849516745,-0.0015351240787724,49.2774042512343,US
CVS,CVS Health Corporation,Healthcare,Healthcare Plans,95.6999969482422,-8.359669952525046,-0.2014352239778869,32.05446431734978,US
CVSA,Covista Inc.,Consumer Defensive,Education & Training Services,140.97999572753906,12.919501362077629,0.8013875846588281,63.8895407401261,US
CVSB,Calvert Ultra-Short Investment Grade ETF,ETF,ETF,50.68000030517578,0.108642578125,0.0021723009194781,51.4156943880466,US
CVSM,Cresalta Small And Mid-Cap ETF,ETF,ETF,26.65570068359375,1.2369949139059917,-0.002932199236746,56.3607642406527,US
CVX,Chevron Corporation,Energy,Oil & Gas Integrated,186.55999755859372,-5.21770267587357,-0.2984251730725766,49.65835588638221,US
CW,Curtiss-Wright Corporation,Industrials,Aerospace & Defense,691.52001953125,-4.486185147617404,-2.5904767331501146,40.13169268232399,US
CWB,State Street SPDR Bloomberg Convertible Securities ETF,ETF,ETF,103.86000061035156,2.185185482659658,0.0208216876078577,51.78350205902092,US
CWCO,Consolidated Water Co. Ltd.,Utilities,Utilities - Regulated Water,30.489999771118164,4.41780470710115,0.0367379562742441,61.866187169661984,US
CWEB,Direxion Daily CSI China Internet Bull 2X Shares,ETF,ETF,25.530000686645508,0.8293878133980245,-0.0433487417096898,63.58919514426628,US
CWI,State Street SPDR MSCI ACWI ex-,ETF,ETF,41.27000045776367,2.534162627984278,0.0157339707267381,60.98635009839501,US
CWST,"Casella Waste Systems, Inc.",Industrials,Waste Management,89.41000366210938,-0.3344057802082907,-0.0063991568133974,43.91603016863951,US
CWVX,Tradr 2X Long CRWV Daily ETF,ETF,ETF,18.34000015258789,53.21637212578143,0.0798652995001809,51.453308136492325,US
CXII,Churchill Capital Corp XII,Financial Services,Shell Companies,10.721799850463867,1.1490515529326113,0.0038423962980959,56.55690077815515,US
CXM,"Sprinklr, Inc.",Technology,Software - Application,6.860000133514404,7.86163505508781,0.002920109591696,72.13916303592882,US
CXRN,Teucrium 2x Daily Corn ETF,ETF,ETF,16.420000076293945,-0.9650171782168822,-0.0051267910495521,45.98127182858538,US
CXSE,WisdomTree China ex-State-Owned Enterprises Fund,ETF,ETF,39.434600830078125,2.935524449161618,0.036353506259057,58.73636317205724,US
CYD,China Yuchai International Limi,Consumer Cyclical,Auto Manufacturers,47.31999969482422,0.3392702458222958,-0.1156514936385338,51.91899940977165,US
CYH,"Community Health Systems, Inc.",Healthcare,Medical Care Facilities,3.0,7.526883190618305,0.0105134788451276,48.46508116759799,US
CZA,Invesco Zacks Mid-Cap ETF,ETF,ETF,127.15599822998048,0.9976145265124488,-0.036324903185295,67.86341717647792,US
CZNC,Citizens & Northern Corporation,Financial Services,Banks - Regional,25.36000061035156,0.9956269225881516,-0.0237259693756912,72.78807034863223,US
CZR,"Caesars Entertainment, Inc.",Consumer Cyclical,Resorts & Casinos,30.149999618530277,1.3445365328748686,0.0111801159332489,58.21508148051069,US
D,"Dominion Energy, Inc.",Utilities,Utilities - Regulated Electric,67.38999938964844,-2.573368261409072,-0.004199763962321,39.2074207849258,US
DAC,Danaos Corporation,Industrials,Marine Shipping,140.72000122070312,-0.6425218038100967,-0.1846728328755795,62.06736310649883,US
DAL,"Delta Air Lines, Inc.",Industrials,Airlines,91.33999633789062,4.460194176112667,-0.1027663701745509,58.530233673942654,US
DAMD,Defiance Daily Target 2X Short AMD ETF,EQUITY,EQUITY,1.6299999952316284,-5.232559993113584,-0.0019974397872107,46.46360362283135,US
DAO,"Youdao, Inc.",Consumer Defensive,Education & Training Services,18.13999938964844,7.976191746675025,0.0312464762561078,75.34565789862067,US
DASH,"DoorDash, Inc.",Consumer Cyclical,Internet Retail,216.25999450683597,10.24673249871534,0.3473986967383924,71.25931760142936,US
DAT,ProShares Big Data Refiners ETF,ETF,ETF,48.67229843139648,8.66777726392782,0.0431254875720121,67.13819145379736,US
DAVE,Dave Inc.,Technology,Software - Application,317.92999267578125,-14.69317915879278,-4.555526862870018,35.40097521282706,US
DAX,DAX,ETF,ETF,47.14500045776367,2.8580809413276493,-0.0026746977103758,69.14411276634566,US
DBAW,Xtrackers MSCI All World ex US Hedged Equity ETF,ETF,ETF,48.46440124511719,2.0732976250456248,0.01742141851062,58.13804252878739,US
DBCA,D. Boral Acquisition I Corp.,Financial Services,Shell Companies,10.010000228881836,0.300608096408642,0.0009082333117792,61.96125019158666,US
DBE,Invesco DB Energy Fund,ETF,ETF,29.43000030517578,-5.793852366208254,0.0050958937223311,48.89622843386298,US
DBEF,Xtrackers MSCI EAFE Hedged Equity ETF,ETF,ETF,56.2599983215332,2.383980965250989,0.0266593044290542,65.68933104473028,US
DBEU,Xtrackers MSCI Europe Hedged Equity ETF,ETF,ETF,55.31999969482422,1.9535595394044671,0.0070896523156497,64.51050430129816,US
DBEZ,Xtrackers MSCI Eurozone Hedged Equity ETF,ETF,ETF,64.14330291748047,2.448973474175944,0.0121963897177906,64.4365138733601,US
DBIN,"Dacotah Banks, Inc.",Financial Services,Banks - Regional,50.70000076293945,1.4000015258789062,-0.0563458734624746,67.10727035294065,US
DBJP,Xtrackers MSCI Japan Hedged Equity ETF,ETF,ETF,115.58100128173828,3.790410064881368,0.1768757473421825,58.242578393529215,US
DBMF,iMGP DBi Managed Futures Strategy ETF,ETF,ETF,30.93000030517578,0.0323422666790451,0.0117841776767934,51.09213475919484,US
DBND,DoubleLine Opportunistic Core Bond ETF,ETF,ETF,45.005001068115234,0.6620623068078384,0.0050897665435436,53.01551611175636,US
DBO,Invesco DB Oil Fund,ETF,ETF,19.59000015258789,-9.010684961384827,-0.0026277761879856,46.47130344295351,US
DBP,Invesco DB Precious Metals Fund,ETF,ETF,99.9980010986328,7.605725567896481,0.1894127003835487,63.62400311226672,US
DBX,"Dropbox, Inc.",Technology,Software - Infrastructure,34.810001373291016,6.910319118861205,-0.0304575388085055,71.30513523350635,US
DC,Dakota Gold Corp.,Basic Materials,Gold,6.0,32.15859141882162,0.0388604487697015,75.49341512294586,US
DCH,Dauch Corporation,Consumer Cyclical,Auto Parts,6.349999904632568,12.389376946012495,0.0257547916118644,62.45677807520771,US
DCOM,"Dime Commercial Bancshares, Inc.",Financial Services,Banks - Regional,40.31999969482422,-1.0794863710201292,-0.0784915132043116,50.79534603694512,US
DCOR,Dimensional US Core Equity 1 ETF,ETF,ETF,85.19000244140625,3.2480914262381075,0.0276814450184231,67.5722672908267,US
DCTH,"Delcath Systems, Inc.",Healthcare,Medical Devices,15.109999656677246,23.64974898933547,0.0817734524428787,68.79412283509542,US
DDD,3D Systems Corporation,Technology,Computer Hardware,3.690000057220459,39.77272388609986,0.0130456982254962,70.01122956085425,US
DDDD,YieldMax U.S. Stocks Target Double Distribution ETF,EQUITY,EQUITY,33.2864990234375,1.545150283716665,0.0009399989959456,63.41447099063056,US
DDFF,Innovator Equity Dual Directional 15 Buffer ETF - February,ETF,ETF,20.20509910583496,0.6731410715745177,0.0009944171857713,67.6554854624926,US
DDFJ,Innovator Equity Dual Directional 15 Buffer ETF - January,ETF,ETF,20.0,0.5783242131983153,0.0021419166542849,67.27943264223623,US
DDFL,Innovator Equity Dual Directional 15 Buffer ETF - July,ETF,ETF,21.56999969482422,1.2913811577601682,0.0028283491353345,69.92403465076357,US
DDFY,Innovator Equity Dual Directional 15 Buffer ETF - May,ETF,ETF,20.356599807739254,1.0754738066285576,0.003492330396787,67.77696657787111,US
DDI,"DoubleDown Interactive Co., Ltd.",Communication Services,Electronic Gaming & Multimedia,11.859999656677246,2.4179597134365136,-0.0071619990876406,64.45861652721418,US
DDIV,First Trust Dorsey Wright Momentum & Dividend ETF,ETF,ETF,47.15800094604492,0.4515865130061791,-0.0071564320785164,55.16873175774423,US
DDL,Dingdong (Cayman) Limited,Consumer Defensive,Grocery Stores,2.299999952316284,-10.505836106611516,-0.0019730876018213,49.10178842848479,US
DDM,ProShares Ultra Dow30,ETF,ETF,69.41999816894531,5.726461006894109,-0.0030503798319901,62.88836029742372,US
DDNQ,Innovator Growth-100 Dual Directional 5 Buffer ETF,ETF,ETF,20.787599563598636,3.2257377076507616,0.0114088380317438,60.3332076786587,US
DDOG,"Datadog, Inc.",Technology,Software - Application,233.92999267578125,-12.702917636249191,-1.8191677679304936,41.21781777811744,US
DDSQ,Innovator Equity Dual Directional 5 Buffer ETF,ETF,ETF,21.3799991607666,0.8015091166052826,-0.0008571039316354,65.87388472866454,US
DDTD,Innovator Equity Dual Directional 10 Buffer ETF - December,ETF,ETF,20.725000381469727,1.196293187058565,0.0012849348225186,67.31661454614608,US
DDTF,Innovator Equity Dual Directional 10 Buffer ETF - February,ETF,ETF,20.60980033874512,1.1772188985375778,0.0028616176212229,65.25421657907617,US
DDTL,Innovator Equity Dual Directional 10 Buffer ETF - July,ETF,ETF,22.410600662231445,1.6584285991028322,0.0017985248059935,67.39026813131441,US
DDTO,Innovator Equity Dual Directional 10 Buffer ETF - October,ETF,ETF,23.32999992370605,0.9083005054061204,-0.0005546852891432,65.66309363141403,US
DDTS,Innovator Equity Dual Directional 10 Buffer ETF - September,ETF,ETF,22.88500022888184,0.5492091333170477,0.0010359761535896,70.02259309381445,US
DDTY,Innovator Equity Dual Directional 10 Buffer ETF - May,ETF,ETF,20.616600036621094,1.459647373284278,0.0026650358119863,66.79591450409089,US
DDTZ,Innovator Equity Dual Directional 10 Buffer ETF - June,ETF,ETF,19.815000534057617,2.2445892266685146,0.0045705306616136,67.84380523434587,US
DDX,EA Series Trust - Defined Duration 10 ETF,ETF,ETF,25.35890007019043,1.0314728477527748,0.0045142030854309,62.89119321302763,US
DDXX,Defined Duration 20 ETF,ETF,ETF,28.699800491333008,2.999569915614336,0.0131523446316186,66.97629926025652,US
DE,Deere & Company,Industrials,Farm & Heavy Construction Machinery,620.8300170898438,4.7513852551490405,0.4810903605240026,56.01575003210986,US
DECM,FT Vest U.S. Equity Max Buffer ETF - December,ETF,ETF,34.029998779296875,0.5763254029869526,0.0008679736609855,69.57340091744933,US
DECO,State Street Galaxy Digital Asset Ecosystem ETF,ETF,ETF,73.55580139160156,0.3818445484334732,-0.059619800221102,47.10739096487924,US
DECP,PGIM S&P 500 Buffer 12 ETF - Dec,ETF,ETF,33.2400016784668,1.4652117873219996,0.0075246240879833,64.84983020776761,US
DECW,Allianzim U.S. Equity Buffer20 Dec ETF,ETF,ETF,36.2400016784668,1.1160756812943915,0.0029199683619234,68.12662483352749,US
DEED,First Trust Securitized Plus ETF,ETF,ETF,21.13999938964844,0.6618729708138686,0.0041982654109917,49.63285521089966,US
DEEF,Xtrackers FTSE Developed ex US Multifactor ETF,ETF,ETF,40.669898986816406,2.6395579017779007,0.0233668776812055,68.98819720469453,US
DEEP,Acquirers Small and Micro Deep Value ETF,ETF,ETF,43.934200286865234,4.146494859857242,0.0194806468223009,61.46649633390504,US
DEI,"Douglas Emmett, Inc.",Real Estate,REIT - Office,11.6899995803833,-1.0998317918556533,0.0043316245029934,44.38822091170952,US
DELL,Dell Technologies Inc.,Technology,Computer Hardware,453.7699890136719,11.93970803944,0.4829784157364223,56.994895192843984,US
DEM,WisdomTree Emerging Markets High Dividend Fund,ETF,ETF,54.68999862670898,1.843571414719176,0.0132123872600414,58.45555277976312,US
DEMZ,Democratic Large Cap Core ETF,ETF,ETF,48.49129867553711,3.6714851817347647,0.020563853079061,66.0806876979459,US
DESK,Vaneck Office And Commercial REIT ETF,ETF,ETF,41.63240051269531,-1.4850871598783375,-0.0072440071706777,47.39900646714537,US
DFAE,Dimensional Emerging Core Equity Market ETF,ETF,ETF,38.83000183105469,3.49147483291128,0.0264925834553655,53.874290857445466,US
DFAI,Dimensional International Core Equity Market ETF,ETF,ETF,43.310001373291016,2.874116254217234,0.0249133576840171,68.53187854555492,US
DFAS,Dimensional U.S. Small Cap ETF,ETF,ETF,83.48999786376953,3.0359115408270063,0.0262913718890591,62.23354080490451,US
DFAT,Dimensional U.S. Targeted Value ETF,ETF,ETF,71.97000122070312,1.7531426621203117,-0.0103924557338647,61.1002061099059,US
DFAU,Dimensional US Core Equity Market ETF,ETF,ETF,53.52999877929688,3.3796833550712635,0.0197238715029539,66.65301138580065,US
DFAX,Dimensional World ex U.S. Core Equity 2 ETF,ETF,ETF,37.84999847412109,3.6702279216418727,0.0262972916350244,63.56248505661591,US
DFCA,Dimensional California Municipal Bond ETF,ETF,ETF,49.73500061035156,0.4341683170444785,0.0121280459092293,51.3891321899573,US
DFCF,Dimensional Core Fixed Income ETF,ETF,ETF,41.75,0.6024096385542169,0.0041514376163999,51.2303953675434,US
DFE,WisdomTree Europe SmallCap Dividend Fund,ETF,ETF,76.81680297851562,1.7845524526678314,0.0020248189206473,66.76108901645357,US
DFEM,Dimensional Emerging Markets Core Equity 2 ETF,ETF,ETF,39.2599983215332,4.137924474864434,0.0319682725282789,54.35783931251508,US
DFGP,Dimensional Global Core Plus Fixed Income ETF,ETF,ETF,53.64500045776367,0.7361127407726415,0.0053392330722229,52.90505223711225,US
DFGR,Dimensional Global Real Estate ETF,ETF,ETF,29.65999984741211,-0.4697966215862458,-0.0013103414378113,50.97519503409156,US
DFH,"Dream Finders Homes, Inc.",Consumer Cyclical,Residential Construction,15.029999732971191,17.513680827201743,0.0879232621182626,50.28961206015975,US
DFIC,Dimensional International Core Equity 2 ETF,ETF,ETF,39.22999954223633,2.9929099109520068,0.0222132585790243,69.06532817854807,US
DFIS,Dimensional International Small Cap ETF,ETF,ETF,37.2400016784668,3.8338210948015776,0.023560834391976,68.27430065025833,US
DFIV,Dimensional International Value ETF,ETF,ETF,57.97999954223633,1.2397399664703632,0.0047020384268132,71.3008190735815,US
DFLV,Dimensional US Large Cap Value ETF,ETF,ETF,41.5099983215332,2.040309759417135,0.0037647288910663,72.13132405287409,US
DFMC,DFA US Micro Cap Portfolio ETF Class,EQUITY,EQUITY,61.790000915527344,3.052037790188339,0.0122113235197377,62.26119513693665,US
DFP,Flaherty & Crumrine Dynamic Preferred and Income Fund Inc.,Financial Services,Asset Management,20.809999465942383,0.144363706956728,0.0062132460508961,55.489577482719305,US
DFSB,Dimensional Global Sustainability Fixed Income ETF,ETF,ETF,51.05569839477539,0.5825454748227342,0.0026709804390195,51.04030237518396,US
DFSD,Dimensional Short-Duration Fixed Income ETF,ETF,ETF,47.45000076293945,0.2959192255011739,0.001828949465917,58.16939054365616,US
DFSE,Dimensional Emerging Markets Sustainability Core 1 ETF,ETF,ETF,47.93000030517578,3.9673727178614393,0.028432766116601,55.11569243607384,US
DFSV,Dimensional US Small Cap Value ETF,ETF,ETF,40.290000915527344,1.5885049685806876,-0.0064284477910834,62.12892520564022,US
DFTX,"Definium Therapeutics, Inc.",Healthcare,Biotechnology,46.13999938964844,6.020218070602929,0.1539327680662179,61.88280044431142,US
DFUS,Dimensional U.S. Equity Market ETF,ETF,ETF,84.55000305175781,3.627903967060913,0.0355944405026379,65.69290646612983,US
DFUV,Dimensional US Marketwide Value ETF,ETF,ETF,56.88999938964844,2.3385487200795194,0.0150988492410054,68.65988313647472,US
DFVE,Doubleline Fortune 500 Equal Weight ETF,ETF,ETF,37.2140007019043,1.8891755401064927,-0.00243126495132,64.84726959171357,US
DFVX,Dimensional US Large Cap Vector ETF,ETF,ETF,85.73470306396484,2.333139547802192,-0.0056448105872998,68.1986161192348,US
DG,Dollar General Corporation,Consumer Defensive,Discount Stores,126.58999633789062,-0.3620674559762027,-0.1330402518712317,58.23809216166117,US
DGAP,FT Vest U.S. Equity Buffer & Digital Return ETF - April,ETF,ETF,30.8700008392334,0.8823544261364603,0.0017847653857253,68.46660665883618,US
DGCB,Dimensional Global Credit ETF,ETF,ETF,53.58000183105469,0.6310614400260216,0.0030814119333911,52.82611894638084,US
DGJA,FT Vest U.S. Equity Buffer & Digital Return ETF - January,ETF,ETF,31.934999465942383,0.5826754832830955,0.0005010589585002,69.86890430338647,US
DGLO,First Trust RBA Deglobalization ETF,ETF,ETF,24.4143009185791,1.8110983512649037,5.490833311186383e-05,59.49168426575875,US
DGOC,FT Vest U.S. Equity Buffer & Digital Return ETF October,ETF,ETF,32.75,0.2019394685801001,0.0002230468648095,74.20559859834137,US
DGP,DB Gold Double Long ETN due Feb,ETF,ETF,150.1300048828125,13.959312754547204,0.5290194971182167,64.03122071686215,US
DGRE,WisdomTree Emerging Markets Quality Dividend Growth Fund,ETF,ETF,39.56999969482422,3.5809644587682268,0.0120281892944744,55.36378786203168,US
DGRW,WisdomTree U.S. Quality Dividend Growth Fund,ETF,ETF,100.0199966430664,3.690646477692958,0.038689178407141,70.67472721279209,US
DGT,State Street SPDR Global Dow ETF,ETF,ETF,191.8710021972656,2.2385059249259767,0.0365635724310799,67.7166680780567,US
DGX,Quest Diagnostics Incorporated,Healthcare,Diagnostics & Research,238.3500061035156,2.291752166245824,-0.1780066116961585,74.62090472559794,US
DHI,"D.R. Horton, Inc.",Consumer Cyclical,Residential Construction,151.0800018310547,5.920768717768885,0.2350964549304686,52.93698580211001,US
DHLX,Diamond Hill Large Cap Concentrated ETF,ETF,ETF,13.920599937438965,2.0571817232656744,-0.002030229705097,68.53904684523404,US
DHR,Danaher Corporation,Healthcare,Diagnostics & Research,204.75999450683597,5.015898550415007,0.390135588432837,60.95758698545134,US
DIEM,Franklin Emerging Market Core Dividend Tilt Index ETF,ETF,ETF,41.60760116577149,1.156280260240035,0.0047563065967629,50.89323255712396,US
DIG,ProShares Ultra Energy,ETF,ETF,56.83000183105469,-7.155689134014474,-0.1312305578372981,48.61038660720542,US
DIHP,Dimensional International High Profitability ETF,ETF,ETF,35.619998931884766,3.186554054270588,0.0266853290662255,70.62113976852191,US
DIM,WisdomTree International MidCap Dividend Fund,ETF,ETF,89.48750305175781,1.9568263351723445,0.0212464383760372,67.86188378428272,US
DIN,"Dine Brands Global, Inc.",Consumer Cyclical,Restaurants,35.689998626708984,-0.6956038106640641,0.0079106401909461,53.61611760911969,US
DINE,Simplify Tax Aware Diversified Income Strategy ETF,EQUITY,EQUITY,25.160499572753903,0.5615472119091737,0.0080321315219357,52.38678355571174,US
DIOD,Diodes Incorporated,Technology,Semiconductors,105.16999816894533,27.757529833370203,1.0293935051499123,61.28273216520083,US
DIPR,Corgi Space & Satellite Communi,ETF,ETF,24.97030067443848,16.95690973434788,0.0969868544826959,59.3288539777073,US
DIPS,YieldMax Short NVDA Option Income Strategy ETF,ETF,ETF,34.06999969482422,-10.08924687548353,-0.0695291344157926,34.840916350083475,US
DIS,Walt Disney Company (The),Communication Services,Entertainment,104.91000366210938,9.065392451793397,0.167166577841695,66.55268268769942,US
DISV,Dimensional International Small Cap Value ETF,ETF,ETF,43.869998931884766,3.613601260706087,0.0249283059503171,73.97469984256385,US
DIV,Global X SuperDividend U.S. ETF,ETF,ETF,19.68000030517578,0.4378073344020234,0.0012086906798755,57.837450387946674,US
DIVD,Altrius Global Dividend ETF,ETF,ETF,44.87879943847656,0.5709906911608343,-0.0043209479282061,69.52256973512276,US
DIVI,Franklin International Core Dividend Tilt Index ETF,ETF,ETF,44.75,2.9208842482392336,0.0215015871959377,67.79819132469085,US
DIVL,Madison Dividend Value ETF,ETF,ETF,25.261999130249023,0.0673332955062051,-0.0128424894797617,56.34733959509003,US
DIVN,Horizon Dividend Income ETF,ETF,ETF,30.17200088500977,1.4389504144494742,0.011512500271766,62.1379835578157,US
DIVO,Amplify CWP Enhanced Dividend Income ETF,ETF,ETF,48.0,2.367243814886057,0.002225381182039,71.1221968970495,US
DIVP,Cullen Enhanced Equity Income ETF,ETF,ETF,27.522600173950195,0.4474472887839337,0.0015271476078772,56.103716104729,US
DIVY,Tidal ETF Trust - Sound Equity Income ETF,ETF,ETF,30.71999931335449,1.742064863750345,-0.0085255774379672,61.9388913274153,US
DIVZ,Polen Dividend Income ETF,ETF,ETF,38.310001373291016,-0.195380881911139,-0.0011085102969944,49.02323151901045,US
DJAN,DJAN,N/A,N/A,46.334999084472656,1.106310507273671,0.0035173720984791,67.26302134157504,US
DJIA,Global X Dow 30 Covered Call ETF,ETF,ETF,22.850000381469727,1.600714157471349,0.0011658312627508,71.22603841984488,US
DJP,iPath Bloomberg Commodity Index Total Return(SM) ETN,ETF,ETF,47.02000045776367,-0.7598155386995714,0.0276364242818369,52.54435698485016,US
DJT,Trump Media & Technology Group Corp.,Communication Services,Internet Content & Information,10.210000038146973,3.5496997328261,-0.0011278938034497,59.82563861767764,US
DJTU,T-Rex 2X Long DJT Daily Target ETF,ETF,ETF,15.545000076293944,5.719529218014326,-0.0055633277924533,57.46100487005678,US
DKNX,Defiance Daily Target 2X Long DKNG ETF,ETF,ETF,16.860000610351562,2.399030999714796,0.1518329756987739,46.238453276601305,US
DKS,"DICK'S Sporting Goods, Inc.",Consumer Cyclical,Specialty Retail,208.83999633789065,6.59996551175708,0.8021051487150332,49.15523235012371,US
DLB,"Dolby Laboratories, Inc.",Industrials,Specialty Business Services,61.77000045776367,5.033155951968675,-0.0698660277257501,76.24752644033431,US
DLFE,FT Vest U.S. Equity Dual Directional Buffer ETF - February,ETF,ETF,32.244998931884766,0.9865287306556142,0.0021265133533928,67.26797037443802,US
DLMY,FT Vest U.S. Equity Dual Directional Buffer ETF - May,ETF,ETF,30.43000030517578,1.8066273889398532,0.0037399851090578,64.74506381914159,US
DLN,WisdomTree U.S. LargeCap Divide,ETF,ETF,100.63999938964844,2.100030132122352,0.0133901427041777,69.71251603849828,US
DLNV,FT Vest U.S. Equity Dual Directional Buffer ETF November,ETF,ETF,33.45130157470703,0.8571826194170358,0.0012051865794651,67.91541683281177,US
DLR,"Digital Realty Trust, Inc.",Real Estate,REIT - Specialty,193.8000030517578,2.800763133691579,-0.1671593708125429,57.6769289032911,US
DLS,WisdomTree International SmallCap Dividend Fund,ETF,ETF,88.23999786376953,2.402227850540007,0.0273152141262074,66.526568000514,US
DLTR,"Dollar Tree, Inc.",Consumer Defensive,Discount Stores,130.89999389648438,2.900711295156453,0.0462232202522612,61.63004327385864,US
DLUX,DoubleLine Ultrashort Income ETF,EQUITY,EQUITY,50.27999877929688,0.2390874794910885,0.0028924719689958,70.25109443004692,US
DMBS,Doubleline Etf Trust - Mortgage ETF,ETF,ETF,48.345001220703125,0.7628360917317855,0.005014723249617,50.97360739670311,US
DMII,Drugs Made In America Acquisition II Corp.,Financial Services,Shell Companies,10.109999656677246,-0.0988164920446881,-0.0003662407853698,58.53320445153871,US
DMLP,"Dorchester Minerals, L.P.",Energy,Oil & Gas E&P,26.07999992370605,-0.975820553825582,0.0234409259502603,56.15471920029573,US
DMRA,"Damora Therapeutics, Inc.",Healthcare,Biotechnology,29.920000076293945,3.208003837593375,0.016437985044763,54.31060900350957,US
DNA,"Ginkgo Bioworks Holdings, Inc.",Healthcare,Biotechnology,7.96999979019165,-1.4833171833483043,-0.0609253182782726,44.28484813537672,US
DNL,WisdomTree Global ex-U.S. Quality Growth Fund,ETF,ETF,46.79899978637695,4.090304135569728,0.0473840361008439,63.39097525098639,US
DNLI,Denali Therapeutics Inc.,Healthcare,Biotechnology,24.82999992370605,7.862725586227983,0.0421448854891352,56.65034271066671,US
DNP,DNP Select Income Fund Inc.,Financial Services,Asset Management,10.850000381469728,0.9302361066951308,0.0103872434338132,51.46657398841297,US
DNTH,"Dianthus Therapeutics, Inc.",Healthcare,Biotechnology,108.91999816894533,1.8705574581471476,-0.1858248309894703,57.76639838744463,US
DNUT,"Krispy Kreme, Inc.",Consumer Defensive,Grocery Stores,3.3399999141693115,5.031441636894959,0.0141449593946501,52.67786507684997,US
DOGG,FT Vest DJIA Dogs 10 Target Income ETF,ETF,ETF,22.07999992370605,0.8219192160326677,-0.0012905291593949,59.87248055916448,US
DOL,WisdomTree True Developed International Fund,ETF,ETF,76.83209991455078,1.8723173957685284,0.0173985552660611,65.19731214344785,US
DOLE,Dole plc,Consumer Defensive,Farm Products,13.829999923706056,-2.1923650077072936,-0.0029090189900019,44.01040028934428,US
DON,WisdomTree U.S. MidCap Dividend,ETF,ETF,58.27999877929688,1.321276626364532,-0.0084570980354426,60.650138427286365,US
DORM,"Dorman Products, Inc.",Consumer Cyclical,Auto Parts,140.91000366210938,5.820065925850721,0.1415849534477966,54.07803150624828,US
DOV,Dover Corporation,Industrials,Specialty Industrial Machinery,211.1300048828125,3.181512032534585,0.1734705912666383,51.20389702073175,US
DOW,Dow Inc.,Basic Materials,Chemicals,29.34000015258789,-3.136351053896671,-0.0613304089659169,44.9835578750826,US
DOX,Amdocs Limited,Technology,Software - Infrastructure,58.54999923706055,5.078962588582855,0.0165635145555037,62.787632760486616,US
DPG,Duff & Phelps Utility and Infrastructure Fund Inc.,Financial Services,Asset Management,14.56999969482422,0.6215480347590588,0.0093847612835967,49.17500713551856,US
DPRE,Virtus Duff & Phelps Real Estat,EQUITY,EQUITY,26.37669944763184,-0.6153031735577958,-0.002985087245095,47.87049290381915,US
DRAI,Draco Evolution AI ETF,ETF,ETF,33.92250061035156,2.7861173354379303,0.0255648295482351,57.18157315530711,US
DRAM,Roundhill Memory ETF,ETF,ETF,50.59999847412109,0.4566201054468076,-0.0211545570647238,43.49355906854458,US
DRAY,YieldMax DKNG Option Income Strategy ETF,EQUITY,EQUITY,15.372900009155272,6.28613567162576,0.1078876456219188,56.29527601329261,US
DRGN,Themes China Generative Artificial Intelligence ETF,ETF,ETF,37.34999847412109,5.371549327181489,0.03998548231536,56.10685575003126,US
DRI,"Darden Restaurants, Inc.",Consumer Cyclical,Restaurants,213.75999450683597,5.0004875647016345,0.1978369006638942,62.56263923295366,US
DRLL,Strive U.S. Energy ETF,ETF,ETF,36.84999847412109,-4.409859394511051,-0.0463514397648344,50.06758829368026,US
DRMP,Tuttle Capital Memory Stack Income Blast ETF,ETF,ETF,21.176300048828125,2.6480897250856854,0.0278887987145242,43.27490298379547,US
DRNZ,REX Drone ETF,ETF,ETF,23.56399917602539,15.374066894295863,0.0626426462737477,61.51745586466833,US
DRV,Direxion Daily Real Estate Bear 3X Shares,ETF,ETF,17.950000762939453,0.5602262147486451,0.0059242963108622,50.27627000681531,US
DSCO,DoubleLine Securitized Credit ETF,ETF,ETF,24.789100646972656,0.3607360142110607,0.0014520234033968,62.00524097334148,US
DSGR,"Distribution Solutions Group, Inc.",Industrials,Industrial Distribution,34.880001068115234,0.8967352502968886,-0.0366773637780322,84.10648198091744,US
DSI,iShares ESG MSCI KLD 400 ETF,ETF,ETF,147.32000732421875,4.142514019672468,0.0447200900023524,66.53275835504613,US
DSL,DoubleLine Income Solutions Fund,Financial Services,Asset Management,10.84000015258789,1.5932528123560437,0.0107630032564676,57.43102917693052,US
DSPY,Tema S&P 500 Historical Weight ETF Strategy,ETF,ETF,67.20159912109375,3.069942126593192,0.023888426762994,64.93629423188834,US
DSU,"BlackRock Debt Strategies Fund, Inc.",Financial Services,Asset Management,9.489999771118164,0.7430965420093533,0.0047358480415684,50.346339645916345,US
DTAN,Sparkline International Intangible Value ETF,ETF,ETF,34.08390045166016,3.003627363218779,0.019884460177413,74.19566359888455,US
DTCR,DTCR,N/A,N/A,28.309999465942383,3.170549981604234,0.0179446609212676,49.26882167372591,US
DTE,DTE Energy Company,Utilities,Utilities - Regulated Electric,139.8699951171875,-1.4097413609889529,0.0799549981130844,34.369653016609774,US
DTEC,ALPS Disruptive Technologies ETF,ETF,ETF,52.238800048828125,4.97728981870951,0.0249777766581106,68.49475460226888,US
DTH,WisdomTree International High Dividend Fund,ETF,ETF,58.375301361083984,1.3988217309859836,6.301686432275133e-05,75.12117593673538,US
DUG,ProShares UltraShort Energy ETF,ETF,ETF,18.170000076293945,7.134440195395282,0.0408150603861229,49.41990565026111,US
DUHP,Dimensional US High Profitability ETF,ETF,ETF,42.52000045776367,3.279092418898069,0.0155739367030798,65.13592760735695,US
DUK,Duke Energy Corporation,Utilities,Utilities - Regulated Electric,124.8499984741211,-0.4624107706637342,0.0850028138017777,46.01396646994275,US
DUKH,Ocean Park High Income ETF,ETF,ETF,23.78499984741211,0.6528533559506885,0.003038317530439,56.479377639534846,US
DUKX,Ocean Park International ETF,ETF,ETF,28.9109001159668,2.8491621779627483,0.016979131478662,61.79439624687981,US
DUOG,Leverage Shares 2X Long DUOL Daily ETF,ETF,ETF,47.14300155639648,-7.295536227396251,-0.0808405697280707,49.26677508420326,US
DUOL,"Duolingo, Inc.",Technology,Software - Application,130.89999389648438,-2.900381079237045,-0.0710357722372307,51.25448224039717,US
DUSG,U.S. Small Cap Growth Portfolio: ETF Class Shares,EQUITY,EQUITY,53.68360137939453,3.576306160246425,0.0168762618311819,64.63828929316264,US
DUSL,Direxion Daily Industrials Bull 3X Shares,ETF,ETF,102.41300201416016,8.591882796447004,-0.0058131079105059,57.39147581373417,US
DUST,Direxion Daily Gold Miners Index Bear 2X Shares,ETF,ETF,41.75,-34.16902995048713,-0.545377997176439,30.395391814413003,US
DV,"DoubleVerify Holdings, Inc.",Communication Services,Advertising Agencies,13.210000038146973,17.422222561306423,0.0878355460189135,69.14517943530613,US
DVAL,BrandywineGLOBAL Dynamic U.S. Large Cap Value ETF,ETF,ETF,16.6387996673584,2.072259738259966,-0.0012339785263451,70.48031290752435,US
DVDN,Kingsbarn Dividend Opportunity ETF,ETF,ETF,15.715999603271484,2.6786871419827056,0.0238770505398185,51.97436263439431,US
DVN,Devon Energy Corporation,Energy,Oil & Gas E&P,42.97999954223633,-4.7640183359045,-0.0283511196815045,46.90467917228143,US
DVOL,First Trust Dorsey Wright Momentum & Low Volatility ETF,ETF,ETF,37.81829833984375,0.1809227545529801,-0.0141387288869557,56.7262352865327,US
DVVY,Invesco Diversified Dividend Op,ETF,ETF,27.51000022888184,1.7005582432366686,-0.0043054809659953,64.89681235374744,US
DVXK,WEBs Technology XLK Defined Volatility ETF,ETF,ETF,37.80149841308594,6.393188043430646,0.0413460514786704,59.18083819551515,US
DVY,iShares Select Dividend ETF,ETF,ETF,161.91000366210938,0.4342143285711892,0.0010013862020017,54.059939781314746,US
DVYA,iShares Asia/Pacific Dividend ETF,ETF,ETF,51.5609016418457,0.8624857573812192,0.000381472763868,66.89241132250683,US
DWAW,AdvisorShares Dorsey Wright FSM All Cap World ETF,ETF,ETF,51.16329956054688,3.0645447844644487,0.0273093910987567,57.7014944632512,US
DWLD,Davis Select Worldwide ETF,ETF,ETF,48.47999954223633,0.144597593565084,-0.0200286881792801,57.598987551481954,US
DWM,WisdomTree International Equity Fund,ETF,ETF,76.97930145263672,2.5433618830081586,0.0241461150129538,69.61709130672138,US
DWX,State Street SPDR S&P International Dividend ETF,ETF,ETF,48.23109817504883,0.7332855035531738,0.0175266118993033,63.29052477055635,US
DXC,DXC Technology Company,Technology,Information Technology Services,10.84000015258789,-3.5587155398178547,-0.0421756090857442,58.43977221998406,US
DXCM,"DexCom, Inc.",Healthcare,Medical Devices,84.75,1.5578227672843503,-0.0690814025358719,64.35151749280702,US
DXIV,Dimensional International Vector Equity ETF,ETF,ETF,74.36979675292969,2.504093991934733,0.0480556097041532,70.72372788578949,US
DXJ,WisdomTree Japan Hedged Equity Fund,ETF,ETF,179.3800048828125,3.3116396004716044,0.2591751215457826,59.52006630055266,US
DYFI,IDX Dynamic Fixed Income ETF,ETF,ETF,22.65999984741211,0.5100899123042641,0.002315082607299,57.33329004899952,US
DYLG,Global X Dow 30 Covered Call & Growth ETF,ETF,ETF,28.79199981689453,2.0269330880860528,-0.0025969408796464,65.86822729775307,US
DYNB,Hartford Dynamic Bond ETF,ETF,ETF,38.9900016784668,0.5778332684200406,0.0037046585212291,52.95096600954712,US
EA,Electronic Arts Inc.,Communication Services,Electronic Gaming & Multimedia,209.6999969482422,1.172380289328779,-0.016978948425619,82.3228909803144,US
EACO,EACO Corporation,Technology,Electronics & Computer Distribution,102.33000183105467,-2.552138130326853,-0.248823803298287,52.111528850912485,US
EAFG,Pacer Developed Markets Cash Cows Growth Leaders ETF,ETF,ETF,25.975000381469727,4.413713619244708,0.0196167287087132,58.04481833512946,US
EAGG,iShares ESG U.S. Aggregate Bond ETF,ETF,ETF,46.7400016784668,0.5420812288957908,0.0046811460028544,50.43795038051868,US
EAGL,Eagle Capital Select Equity ETF,ETF,ETF,34.84000015258789,2.681991863328381,0.0064751557652869,69.24381845884257,US
EALT,Innovator U.S. Equity 5 To 15 Buffer ETF - Quarterly,ETF,ETF,36.73600006103516,2.385727333995554,0.0082571817537545,69.23102568810214,US
EAOR,iShares ESG Aware 60/40 Balanced Allocation ETF,ETF,ETF,38.12689971923828,2.15115844698778,0.0105856304761096,63.14826936109843,US
EASG,Xtrackers MSCI EAFE Selection Equity ETF,ETF,ETF,39.4640998840332,2.442959020051645,0.0237965889140315,65.618330172106,US
EASY,Liberty One Defensive Dividend Growth ETF,ETF,ETF,27.447900772094727,0.8891472589416872,0.0062896558934222,55.23377805804371,US
EAT,"Brinker International, Inc.",Consumer Cyclical,Restaurants,225.1999969482422,5.381375837260906,-0.3814557395076967,72.83342644117269,US
EBAY,eBay Inc.,Consumer Cyclical,Internet Retail,111.9800033569336,-1.7805444621176578,0.1336879465656073,50.34142860302586,US
EBC,"Eastern Bankshares, Inc.",Financial Services,Banks - Regional,22.84000015258789,-0.5226434523942045,-0.0222381258341948,53.03560085904793,US
EBF,"Ennis, Inc.",Industrials,Business Equipment & Supplies,22.299999237060547,2.2935780619202384,-0.0027691054675663,65.45703720971188,US
EBI,Longview Advantage ETF,ETF,ETF,67.35430145263672,2.276665430532197,0.0046571454164479,66.8032593408028,US
EBIZ,Global X E-commerce ETF,ETF,ETF,31.347400665283203,3.833720141607524,-0.001959648198307,68.74623334069881,US
EBS,Emergent BioSolutions Inc.,Healthcare,Drug Manufacturers - Specialty & Generic,4.840000152587891,-32.96398485824034,-0.1050061930840131,17.737415178895887,US
EBUF,Innovator Emerging Markets 10 Buffer ETF - Quarterly,ETF,ETF,31.67679977416992,1.606361205792305,0.0067575217375566,57.081617246345374,US
ECC,ECC,Financial Services,Asset Management,3.880000114440918,0.258403854717201,-0.0017647720849471,60.44684998376544,US
ECG,"Everus Construction Group, Inc.",Industrials,Engineering & Construction,136.88999938964844,9.136569446376512,0.0349721342242794,51.06941275648329,US
ECH,iShares MSCI Chile ETF,ETF,ETF,41.25,4.881764758600381,0.0157634344863703,62.3447866200143,US
ECHO,EchoStar Corporation,Communication Services,Telecom Services,90.04000091552734,7.075757922177088,0.2147201219322676,45.67905912391437,US
ECL,Ecolab Inc.,Basic Materials,Specialty Chemicals,285.1700134277344,2.7158478594936124,-0.0133135411501461,60.930930508111054,US
ECNS,iShares MSCI China Small-Cap ETF,ETF,ETF,29.489999771118164,2.182949228839005,0.0134812132369737,57.04463287621729,US
ECO,Okeanis Eco Tankers Corp.,Industrials,Marine Shipping,61.86000061035156,2.5360496152170056,-0.0602261596962592,62.36808061435627,US
ECOW,Pacer Emerging Markets Cash Cows 100 ETF,ETF,ETF,27.746400833129883,0.9216920755502368,0.0062733293203177,60.94761360634288,US
ECPG,"Encore Capital Group, Inc.",Financial Services,Credit Services,100.1999969482422,6.505096724145005,0.2248811792536851,65.59688461371647,US
ECVT,Ecovyst Inc.,Basic Materials,Specialty Chemicals,10.380000114440918,-13.930350304491752,-0.0631932278883305,23.1060093607001,US
ECX,ECARX Holdings Inc.,Consumer Cyclical,Auto Parts,1.100000023841858,3.773592756753207,-0.0004726337316252,48.37447164626524,US
ED,"Consolidated Edison, Inc.",Utilities,Utilities - Regulated Electric,107.9800033569336,-0.7992605690245738,0.0070223966842739,41.80283828193887,US
EDC,Direxion Daily MSCI Emerging Markets Bull 3X Shares,ETF,ETF,75.4000015258789,6.995885085535396,0.1227654997034779,50.56436894935688,US
EDEN,iShares MSCI Denmark ETF,ETF,ETF,114.41000366210938,0.9618813715324614,0.165206022916996,56.00209027869052,US
EDGF,3EDGE Dynamic Fixed Income ETF,ETF,ETF,24.61000061035156,-0.0811959037615193,-0.0022745637450487,45.62250975421545,US
EDGH,3EDGE Dynamic Hard Assets ETF,ETF,ETF,34.0099983215332,3.0200158074267174,0.0337101850189743,65.56434773545425,US
EDGI,3EDGE Dynamic International Equity ETF,ETF,ETF,31.897199630737305,3.629626118158325,0.0237306951345648,63.10427178275566,US
EDGQ,Global X Nasdaq-100 Income Edge ETF,EQUITY,EQUITY,27.79840087890625,4.102160111708069,0.0205242096315962,57.4811845836476,US
EDGU,3EDGE Dynamic US Equity ETF,ETF,ETF,32.24470138549805,3.5475337748941467,0.0160485063827894,61.74008639785753,US
EDGX,Global X U.S. 500 Income Edge ETF,EQUITY,EQUITY,27.18510055541992,3.5070842925511445,0.0082843215487311,65.75625913164053,US
EDIT,"Editas Medicine, Inc.",Healthcare,Biotechnology,2.880000114440918,11.62791471342086,0.0106096358405905,51.26277540651221,US
EDOG,ALPS Emerging Sector Dividend Dogs ETF,ETF,ETF,24.82889938354492,0.9715300100634164,0.0037885249511595,63.84783016338519,US
EDU,New Oriental Education & Techno,Consumer Defensive,Education & Training Services,56.43000030517578,-4.177278162623091,-0.1723121349092027,63.81914064525521,US
EDV,Vanguard Extended Duration Treasury Index Fund ETF Shares,ETF,ETF,60.34999847412109,1.496803571059676,0.0315099962352928,41.31858579996256,US
EE,"Excelerate Energy, Inc.",Energy,Oil & Gas Midstream,34.869998931884766,-11.204485547717958,-0.2158940245951454,33.5325179306257,US
EEMO,Invesco S&P Emerging Markets Momentum ETF,ETF,ETF,20.88800048828125,5.282259715893502,0.0248069789962182,48.13500740871692,US
EEMV,iShares MSCI Emerging Markets Min Vol Factor ETF,ETF,ETF,73.80000305175781,3.3613466030655847,0.0524838258497045,55.98237344106504,US
EEMX,State Street SPDR MSCI Emerging Markets Fossil Fuel Reserves Free ETF,ETF,ETF,52.05590057373047,3.062625942827045,0.0251349506627243,53.45917487459475,US
EES,WisdomTree U.S. SmallCap Earnings Fund,ETF,ETF,68.97000122070312,2.132389260234551,-0.0024683252275747,59.06544210257304,US
EEV,ProShares UltraShort MSCI Emerging Markets,ETF,ETF,11.25,-4.983109332637409,-0.013509725051195,45.7713555547239,US
EFAA,Invesco MSCI EAFE Income Advantage ETF,ETF,ETF,57.24530029296875,1.9143709437005807,0.0196215300962042,67.97607200620433,US
EFAD,ProShares MSCI EAFE Dividend Growers ETF,ETF,ETF,45.11299896240234,3.1248585707868965,0.0197156229455112,70.32203567972152,US
EFAV,iShares MSCI EAFE Min Vol Factor ETF,ETF,ETF,94.25,1.4095088489153356,0.0426105529209116,70.96009048016134,US
EFAX,State Street SPDR MSCI EAFE Fossil Fuel Reserves Free ETF,ETF,ETF,56.3390007019043,3.088689493657597,0.0284443229309763,66.56609221859648,US
EFC,Ellington Financial Inc.,Real Estate,REIT - Mortgage,13.600000381469728,2.409643485941096,0.0257511360995925,59.517556646085936,US
EFG,iShares MSCI EAFE Growth ETF,ETF,ETF,126.1999969482422,3.928186305755195,0.1086091592896274,63.41707574330458,US
EFIV,State Street SPDR S&P 500 ESG ETF,ETF,ETF,75.41000366210938,3.727657259458403,0.0190222894029213,68.39090791379627,US
EFNL,iShares MSCI Finland ETF,ETF,ETF,52.755001068115234,1.5104864902319677,0.0041923232962555,53.94262565732152,US
EFO,ProShares Ultra MSCI EAFE,ETF,ETF,79.01860046386719,5.428423857621547,0.0521922335109856,66.94289051729783,US
EFRA,iShares Environmental Infrastructure and Industrials ETF,ETF,ETF,36.64419937133789,2.4869200857488014,0.0123511604546933,62.95706946917409,US
EFV,iShares MSCI EAFE Value ETF,ETF,ETF,82.26000213623047,1.7062375490550368,0.0120787511542203,71.24120656432106,US
EGGS,NestYield Total Return Guard ETF,ETF,ETF,38.0192985534668,5.606230753532258,0.0216453192741115,52.64020614918712,US
EGGY,NestYield Dynamic Income ETF,ETF,ETF,33.970001220703125,5.04020117632807,0.0017205515053664,48.23502472983739,US
EGUS,Ishares ESG Aware MSCI USA Growth ETF,ETF,ETF,59.483001708984375,4.209880520049882,0.042459497321729,60.62566405261038,US
EGY,"VAALCO Energy, Inc.",Energy,Oil & Gas E&P,5.550000190734863,4.127584806339698,0.0254938514870726,57.21932731701617,US
EH,EHang Holdings Limited,Industrials,Aerospace & Defense,5.739999771118164,11.89083124891364,0.0209234649935197,51.28703248579036,US
EHLS,Even Herd Long Short ETF,ETF,ETF,26.098899841308597,0.9277257276989972,0.0034360200219218,49.78550919421572,US
EHY,Amplify Ethereum Max Income Covered Call ETF,ETF,ETF,7.764900207519531,3.767211190118797,0.000458808743437,56.52745331352922,US
EIKN,"Eikon Therapeutics, Inc.",Healthcare,Biotechnology,9.289999961853027,0.8686202320814589,0.0083908747810935,44.77459365471383,US
EIM,Eaton Vance Municipal Bond Fund,Financial Services,Asset Management,9.720000267028809,1.6736384977954262,0.0103912300625221,52.63557560299004,US
EIPI,FT Energy Income Partners Enhanced Income ETF,ETF,ETF,22.13999938964844,-1.116569927713274,-0.0042806120722153,48.72946946988865,US
EIPX,FT Energy Income Partners Strategy ETF,ETF,ETF,32.12760162353516,-1.206638464652408,-0.0102482758840775,49.18748018974704,US
EIRL,iShares MSCI Ireland ETF,ETF,ETF,82.67739868164062,3.853031086260554,0.1075158815416132,69.60648294261594,US
EIS,iShares MSCI Israel ETF,ETF,ETF,123.63999938964844,3.594470859132481,0.1703769696433309,57.02080657043224,US
EIX,Edison International,Utilities,Utilities - Regulated Electric,68.62000274658203,-6.474035467064611,0.0562868616127985,33.30576886719575,US
EJAN,Innovator Emerging Markets Power Buffer ETF - January,ETF,ETF,36.3031005859375,1.2215220604150592,0.0066449058527069,61.4259211766325,US
EKG,First Trust Nasdaq Lux Digital Health Solutions ETF,ETF,ETF,20.637500762939453,5.143165326058174,0.0377873110621516,67.90996948319315,US
EL,"Estee Lauder Companies, Inc. (T",Consumer Defensive,Household & Personal Products,88.3499984741211,5.303929520036527,0.101160411294791,62.03857443083543,US
ELCV,Eventide High Dividend ETF,ETF,ETF,31.574199676513672,0.9373087110302504,0.0120046631026128,48.03395181154762,US
ELF,"e.l.f. Beauty, Inc.",Consumer Defensive,Household & Personal Products,98.48999786376952,18.820121352382674,0.5355986548236071,76.891934591825,US
ELFY,ALPS Electrification Infrastructure ETF,ETF,ETF,42.22999954223633,3.62427612669442,0.0502784590614215,51.92496483233597,US
ELIL,Direxion Daily LLY Bull 2X Shares,ETF,ETF,29.732799530029297,5.84457637657938,0.0919966060151066,52.21061296783639,US
ELM,Elm Market Navigator ETF,ETF,ETF,29.690000534057617,1.7652144317552274,0.0071326859125625,65.11672256731981,US
ELMT,The Elmet Group Co.,Industrials,Aerospace & Defense,16.860000610351562,21.207769915887432,0.0783476063784205,58.11204634446624,US
ELTP,"Elite Pharmaceuticals, Inc.",Healthcare,Drug Manufacturers - Specialty & Generic,0.3610000014305115,-4.999998431456697,0.0001113599041632,44.1567782080235,US
ELV,"Elevance Health, Inc.",Healthcare,Healthcare Plans,394.2000122070313,4.88506174117628,0.6558023353516722,53.11126493063744,US
EMAT,Evolution Metals & Technologies Corp.,Basic Materials,Other Industrial Metals & Mining,2.809999942779541,-23.224047079720982,0.0262153922243836,18.66946395812306,US
EMB,iShares J.P. Morgan USD Emergin,ETF,ETF,95.23999786376952,1.054682048394351,0.0214737221234891,54.44408884971463,US
EMBD,Global X Emerging Markets Bond ETF,ETF,ETF,23.64970016479492,0.8043123427429251,0.0032672228899852,54.84318654844695,US
EMBX,VanEck Emerging Markets Bond ETF,ETF,ETF,51.320098876953125,0.8233588580774662,0.0056550436250368,64.05931944921969,US
EMC,Global X Emerging Markets Great Consumer ETF,ETF,ETF,36.49409866333008,2.8669206500630158,0.0087625527214362,53.40198679549881,US
EMCR,Xtrackers Emerging Markets Carbon Reduction and Climate Improvers ETF,ETF,ETF,43.09249877929688,2.5694386939031677,0.0212533468062355,52.94306803555055,US
EMCS,Xtrackers MSCI Emerging Markets Select ETF,ETF,ETF,44.48419952392578,0.9169638749568596,0.0040940486270689,50.38429568462607,US
EMD,EMD,Financial Services,Asset Management,10.600000381469728,1.2416438502900782,0.0037358912050137,55.39378202744882,US
EMDV,ProShares MSCI Emerging Markets Dividend Growers ETF,ETF,ETF,47.5880012512207,0.7153465634300595,-0.0219818584761485,64.94289640527775,US
EME,"EMCOR Group, Inc.",Industrials,Engineering & Construction,816.9000244140625,2.441597621999323,-0.4310054717584677,56.24769592698486,US
EMEM,Sophus Capital Emerging Market ETF,ETF,ETF,25.35849952697754,2.999588393869184,0.0162119248047091,52.15207288941984,US
EMEQ,Nomura Focused Emerging Markets Equity ETF,ETF,ETF,62.415000915527344,0.98044431420679,-0.0043227646665078,45.8961544632613,US
EMFI,Pictet Emerging Markets Debt ETF,EQUITY,EQUITY,50.08000183105469,0.8457551045773217,0.0094178923432403,46.86858491505315,US
EMHC,State Street SPDR Bloomberg Emerging Markets USD Bond ETF,ETF,ETF,25.05500030517578,1.142422708567562,0.0072429623497101,55.21149478971675,US
EMHY,iShares J.P. Morgan EM High Yield Bond ETF,ETF,ETF,40.34000015258789,0.8323547963093542,0.0056290407342496,60.179412674941965,US
EMKT,Lazard Emerging Markets Opportunities ETF,ETF,ETF,31.09160041809082,2.211117323539531,-0.0001899211685646,53.39165780107477,US
EMLC,VanEck J.P. Morgan EM Local Currency Bond ETF,ETF,ETF,25.71999931335449,1.4996096859897254,0.0101027131169346,66.63243010840246,US
EMLP,First Trust North American Energy Infrastructure Fund,ETF,ETF,43.43000030517578,-1.2281121231197196,-0.0079570752791393,43.02479701589586,US
EMM,Global X Emerging Markets ex-China ETF,ETF,ETF,42.788700103759766,4.091034918210947,0.0293528031092422,53.34547730240025,US
EMMF,WisdomTree Emerging Markets Multifactor Fund,ETF,ETF,37.34510040283203,3.0493892747854523,0.0183581391248264,52.91238907915863,US
EMMY,Corgi Emerging Markets Equities,ETF,ETF,24.020000457763672,0.2922742905818074,-0.0083614179968554,46.97826555697512,US
EMN,Eastman Chemical Company,Basic Materials,Specialty Chemicals,73.63999938964844,5.275200289338938,-0.0252099496775219,64.3211861544753,US
EMNT,PIMCO Enhanced Short Maturity Active ESG Exchange-Traded Fund,ETF,ETF,98.875,0.1620864793042183,0.0022150316660315,87.71615440499573,US
EMO,EMO,Financial Services,Asset Management,51.0,-1.2010828064969277,0.0153049257399783,50.16539366289933,US
EMOT,First Trust S&P 500 Economic Moat ETF,ETF,ETF,27.333999633789062,2.7207779287154805,0.0068818095658244,65.62678921309958,US
EMPB,Efficient Market Portfolio Plus ETF,ETF,ETF,34.43980026245117,4.20514692125068,0.0510292346585978,69.11668558328236,US
EMQQ,EMQQ The Emerging Markets Internet ETF,ETF,ETF,34.76499938964844,1.1198321977082748,-0.0285158718072359,65.3699852496511,US
EMR,Emerson Electric Co.,Industrials,Specialty Industrial Machinery,158.25999450683594,5.633417948213412,-0.2083848838540309,64.01004204204949,US
EMTY,ProShares Decline of the Retail Store ETF,ETF,ETF,22.67169952392578,-3.717251998921056,-0.0020609563422592,34.46965883619053,US
EMXC,iShares MSCI Emerging Markets ex China ETF,ETF,ETF,94.72000122070312,2.8224038174136536,0.0622649670283932,50.94364382771246,US
EMXF,iShares ESG Advanced MSCI EM ETF,ETF,ETF,56.61909866333008,2.725289960799638,0.0225252565628758,54.13013055169645,US
ENFR,Alerian Energy Infrastructure ETF,ETF,ETF,38.49589920043945,-2.542027340659613,-0.0201283988627845,42.91197274435936,US
ENOR,iShares MSCI Norway ETF,ETF,ETF,34.91999816894531,0.028640279509896,-0.0030831110260968,62.91821131821208,US
ENOV,Enovis Corporation,Healthcare,Medical Devices,26.61000061035156,-8.713547311897962,-0.1938533479661683,48.32296027927598,US
ENPH,"Enphase Energy, Inc.",Technology,Solar,41.869998931884766,11.534357780386848,0.172538446844896,50.82148557585203,US
ENR,"Energizer Holdings, Inc.",Industrials,Electrical Equipment & Parts,22.56999969482422,7.629949613068349,0.0431480516882513,62.33856912261663,US
ENS,EnerSys,Industrials,Electrical Equipment & Parts,191.72000122070312,3.047566823940313,0.3344017359076403,45.46041045630712,US
ENTA,"Enanta Pharmaceuticals, Inc.",Healthcare,Biotechnology,13.770000457763672,9.285714610093294,0.0431455471547315,56.99430795455002,US
ENTG,"Entegris, Inc.",Technology,Semiconductor Equipment & Materials,152.0800018310547,27.74464337051453,0.8957312652486795,58.29752034795228,US
ENVA,"Enova International, Inc.",Financial Services,Credit Services,252.63999938964844,-0.5902258611798429,-0.6419842513177159,60.56998928396401,US
ENVX,Enovix Corporation,Industrials,Electrical Equipment & Parts,4.699999809265137,14.91441647725312,0.0344417047039706,48.95174260437861,US
ENZL,iShares MSCI New Zealand ETF,ETF,ETF,47.3583984375,1.149933246871207,-0.0307028341256417,59.61996608807826,US
EOG,"EOG Resources, Inc.",Energy,Oil & Gas E&P,134.74000549316406,-9.381933364174513,-0.3050858339889251,43.46081664482263,US
EOLS,"Evolus, Inc.",Healthcare,Drug Manufacturers - Specialty & Generic,7.590000152587891,29.96575264171045,0.0602188339824664,72.26475928171209,US
EOSE,"Eos Energy Enterprises, Inc.",Industrials,Electrical Equipment & Parts,4.150000095367432,22.78106375312589,0.0181018110196301,47.4193760312749,US
EPAC,Enerpac Tool Group Corp.,Industrials,Specialty Industrial Machinery,37.720001220703125,5.540009650948813,0.0132585951962323,61.60823697168256,US
EPAI,Harbor AI Inflection Strategy ETF,ETF,ETF,27.90780067443848,7.119338325057516,0.0550967923760589,53.55261306948766,US
EPAM,"EPAM Systems, Inc.",Technology,Information Technology Services,97.43000030517578,-7.701778553855316,-0.6587587328259579,51.50693550322384,US
EPC,Edgewell Personal Care Company,Consumer Defensive,Household & Personal Products,28.3799991607666,4.376603910759094,0.006677614806942,57.467598309812985,US
EPD,Enterprise Products Partners L.P.,Energy,Oil & Gas Midstream,37.75,-0.7884342787800869,-0.0187749186356386,51.73011152200466,US
EPEM,Harbor Emerging Markets Equity ETF,ETF,ETF,29.47900009155273,2.2937028242631574,0.0039488485411272,55.46676616025326,US
EPIN,Harbor International Equity ETF,ETF,ETF,28.698999404907227,2.496426446097238,0.0034364001137731,60.60046829760423,US
EPMB,Harbor Mid Cap Core ETF,ETF,ETF,26.614999771118164,2.1689080637430806,0.0020370902720146,55.70520005981005,US
EPMV,Harbor Mid Cap Value ETF,ETF,ETF,27.097999572753903,1.1572325843897455,-0.0074131324646481,55.99981793856146,US
EPOL,iShares MSCI Poland ETF,ETF,ETF,44.18999862670898,3.175336767481075,-0.0120142427312615,73.75706008793938,US
EPR,EPR Properties,Real Estate,REIT - Specialty,62.20000076293945,0.2094426756152774,0.0437074355986061,58.33104440463028,US
EPRF,Innovator S&P Investment Grade Preferred ETF,ETF,ETF,16.62689971923828,0.2526417671307173,-0.0041266688046727,52.28457762149469,US
EPRT,"Essential Properties Realty Trust, Inc.",Real Estate,REIT - Retail,30.6299991607666,-2.1093056422162744,0.0085851595418474,40.25701027025669,US
EPSB,Harbor SMID Cap Core ETF,ETF,ETF,27.711000442504883,1.175656300914976,-0.0004220623217462,56.87096265582696,US
EPSV,Harbor SMID Cap Value ETF,ETF,ETF,31.363399505615234,3.033505109582628,0.0078534535339891,60.04603387747708,US
EPU,iShares MSCI Peru ETF,ETF,ETF,90.73999786376952,5.536164597569863,0.0943225714947399,63.60527831227411,US
EQAL,Invesco Russell 1000 Equal Weight ETF,ETF,ETF,60.93190002441406,2.7519406548889656,0.0277849911355256,66.87231016890928,US
EQIX,"Equinix, Inc.",Real Estate,REIT - Specialty,1042.6199951171875,2.289848240862032,-0.625529625382355,50.21765520123702,US
EQL,ALPS Equal Sector Weight ETF,ETF,ETF,51.97999954223633,1.761937507673456,0.0078458278856706,65.23197795173884,US
EQPT,EquipmentShare.com Inc.,Industrials,Rental & Leasing Services,20.459999084472656,9.1199951171875,-0.0034965361169901,56.59493831559056,US
EQR,Equity Residential,Real Estate,REIT - Residential,67.06999969482422,0.93303653131083,0.0142729418897223,46.71082942783208,US
EQT,EQT Corporation,Energy,Oil & Gas E&P,51.68999862670898,-2.698202653545095,-0.0495575387399853,49.087286581715134,US
EQWL,Invesco S&P 100 Equal Weight ETF,ETF,ETF,133.92999267578125,2.8885262039843527,0.0450347485618141,66.85405192443682,US
EQX,Equinox Gold Corp.,Basic Materials,Gold,11.579999923706056,29.385476765243208,0.0813801691823132,68.4375031202101,US
ERAS,"Erasca, Inc.",Healthcare,Biotechnology,18.40999984741211,1.4325081782171951,0.0256942042235069,52.5772012330128,US
ERII,"Energy Recovery, Inc.",Industrials,Pollution & Treatment Controls,8.680000305175781,0.346828762642249,-0.0119304336310086,50.04013990340837,US
ERX,Direxion Energy Bull 2X ETF,ETF,ETF,88.23999786376953,-6.8313813570333535,-0.1934679425946559,48.96317722603936,US
ES,Eversource Energy,Utilities,Utilities - Regulated Electric,72.33000183105469,1.033671645506703,0.0346490136024936,46.05373362711261,US
ESAB,ESAB Corporation,Industrials,Metal Fabrication,91.86000061035156,6.159715597187714,-0.1266910886935703,52.54205455627724,US
ESBA,"Empire State Realty OP, L.P.",Real Estate,REIT - Office,4.790200233459473,-0.2041657684578192,0.004778052468484,37.43401059203923,US
ESEA,Euroseas Ltd.,Industrials,Marine Shipping,75.29000091552734,-4.623766674682009,-0.191970520671314,54.59415895599156,US
ESGD,iShares ESG Aware MSCI EAFE ETF,ETF,ETF,107.68000030517578,2.846230605342558,0.0577771468496027,68.13130237321552,US
ESGE,iShares ESG Aware MSCI EM ETF,ETF,ETF,52.68000030517578,2.251552478853494,0.0253783295872649,52.78874799480943,US
ESGU,iShares ESG Aware MSCI USA ETF,ETF,ETF,169.5399932861328,3.599144277007498,0.0683211467164596,66.10702842850708,US
ESGV,Vanguard ESG U.S. Stock ETF,ETF,ETF,137.11000061035156,3.8554735442864896,0.071557950365358,65.6342893855441,US
ESIM,Eventide International ETF,EQUITY,EQUITY,29.63999938964844,2.6315798163674957,0.0218858981602446,60.63189650350782,US
ESLG,Eventide Large Cap Growth ETF,EQUITY,EQUITY,29.007099151611328,4.548921514513826,0.0182073205083586,63.04224898693431,US
ESML,iShares ESG Aware MSCI USA Small-Cap ETF,ETF,ETF,55.58000183105469,3.462398674769087,0.0296612626403688,59.97337994288773,US
ESMV,iShares ESG Optimized MSCI USA Min Vol Factor ETF,ETF,ETF,31.582500457763672,2.7607900894326463,0.0120660921435936,73.0784810909643,US
ESNT,Essent Group Ltd.,Financial Services,Insurance - Specialty,68.72000122070312,4.184357450787455,0.1521854607406343,64.22792562522245,US
ESPO,VanEck Video Gaming and eSports ETF,ETF,ETF,99.33000183105467,5.4570540996067285,0.19722597577933,68.24751657599418,US
ESSC,Eventide Small Cap ETF,EQUITY,EQUITY,31.30649948120117,3.229794663952047,0.024608352032075,56.83401310989969,US
ESTC,Elastic N.V.,Technology,Software - Application,75.11000061035156,14.166286008706486,0.2412881175027508,75.73433415532922,US
ESUM,Strategy Shares - Eventide US Market ETF,EQUITY,EQUITY,31.190000534057617,4.185456952612864,0.0245480601487179,66.404883131068,US
ET,Energy Transfer LP,Energy,Oil & Gas Midstream,20.1299991607666,-1.1296730976914713,-0.0247020000835516,51.44869223340255,US
ETB,Eaton Vance Tax-Managed Buy-Write Income Fund,Financial Services,Asset Management,15.579999923706056,0.7761958943272108,0.0012949295371008,57.6494296354908,US
ETCO,Grayscale Ethereum Covered Call ETF,EQUITY,EQUITY,8.491299629211426,3.124841107369433,-0.0009806602902759,58.12129536962321,US
ETD,Ethan Allen Interiors Inc.,Consumer Cyclical,"Furnishings, Fixtures & Appliances",23.709999084472656,5.848212001122952,-0.0092872802709204,58.25776982683864,US
ETEC,iShares Breakthrough Environmental Solutions ETF,ETF,ETF,27.614999771118164,5.288238128558553,0.0381763944869598,51.35493539455046,US
ETFT,Fundsmith Equity ETF,EQUITY,EQUITY,10.153499603271484,3.102153165834752,0.0030424740207416,69.16586984185419,US
ETG,Eaton Vance Tax-Advantaged Global Dividend Income Fund,Financial Services,Asset Management,24.290000915527344,2.8801367539043694,0.0053508457248375,70.84391277279953,US
ETHA,iShares Ethereum Trust ETF,ETF,ETF,14.470000267028809,2.8429323445666723,0.0015759541781024,55.6446954363595,US
ETHB,iShares Staked Ethereum Trust ETF,ETF,ETF,24.709999084472656,2.915447100865854,0.0047119474606303,56.12065220074137,US
ETHD,Proshares UltraShort Ether ETF,ETF,ETF,56.400001525878906,-5.584569659414255,-0.0112538414461793,41.10030245228843,US
ETHO,Amplify Etho Climate Leadership U.S. ETF,ETF,ETF,82.99929809570312,4.664936824190087,0.0485933470804981,67.04078515554684,US
ETHU,2x Ether ETF,ETF,ETF,16.43000030517578,5.455714927035345,0.0055910574556503,54.34161789621608,US
ETHV,VanEck Ethereum ETF,ETF,ETF,28.059999465942383,2.8969526766318814,0.0066218021771181,56.18871616284847,US
ETHW,Bitwise Ethereum ETF,ETF,ETF,13.720000267028809,2.848576537438794,0.0018004638374484,55.81513181014344,US
ETJ,Eaton Vance Risk-Managed Diversified Equity Income Fund,Financial Services,Asset Management,8.539999961853027,1.3048594625756942,0.0032588187296086,61.02524714289692,US
ETN,"Eaton Corporation, PLC",Industrials,Specialty Industrial Machinery,448.6799926757813,8.06357887389846,0.0602744950658937,62.80194639576084,US
ETO,Eaton Vance Tax-Advantaged Global Dividend Opportunities Fund,Financial Services,Asset Management,31.739999771118164,2.685214907160684,0.0126080190938843,65.92142124543571,US
ETR,Entergy Corporation,Utilities,Utilities - Regulated Electric,107.18000030517578,-0.4088481975254588,0.1006436402173596,37.19968627388732,US
ETSY,"Etsy, Inc.",Consumer Cyclical,Internet Retail,85.55000305175781,4.738005303774225,0.0800684538363838,58.30277002422259,US
ETTY,ETTY,N/A,N/A,8.560099601745605,3.507849188927138,0.001191891543247,56.69684933005238,US
ETU,T-Rex 2X Long Ether Daily Target ETF,ETF,ETF,4.328000068664551,5.304134502879876,0.0011297017210854,53.81888086252187,US
ETV,Eaton Vance Tax-Managed Buy-Write Opportunities Fund,Financial Services,Asset Management,15.100000381469728,3.001367930677634,0.0125065114515866,59.54406367243631,US
ETY,ETY,Financial Services,Asset Management,14.649999618530272,1.7361111571023504,0.0047333851480892,59.397761309933166,US
EUDG,WisdomTree Europe Quality Dividend Growth Fund,ETF,ETF,40.37220001220703,1.9191167067024344,0.0070059148784858,67.85546654331617,US
EUDV,ProShares MSCI Europe Dividend Growers ETF,ETF,ETF,55.005001068115234,1.4347093898869263,-0.0042651315575722,67.49202708713518,US
EUFN,iShares MSCI Europe Financials ETF,ETF,ETF,42.459999084472656,1.8713982091790329,-0.0045733481955241,68.21141242478338,US
EUHY,"iShares, Inc. - iShares Euro High Yield Corporate Bond USD Hedged ETF",ETF,ETF,53.430301666259766,0.4744448000881474,0.0047192878324522,58.78340598621307,US
EUIG,iShares Euro Investment Grade Corporate Bond USD Hedged ETF,ETF,ETF,49.95000076293945,0.3779824368142183,0.0051185233280086,57.45078095619365,US
EUSB,iShares ESG Advanced Universal USD Bond ETF,ETF,ETF,42.880001068115234,0.5251379581531556,0.0032641134360612,50.68106265031432,US
EVAC,EQV Ventures Acquisition Corp. II,Financial Services,Shell Companies,10.25,0.0488054123647762,-0.0010833362802498,62.12768694724997,US
EVCM,EverCommerce Inc.,Technology,Software - Application,10.920000076293944,-11.50729383091741,-0.04212188592381,46.43571840559885,US
EVGO,"EVgo, Inc.",Consumer Cyclical,Specialty Retail,1.6200000047683716,2.531643086491392,0.0038199407580144,47.08284390239995,US
EVH,"Evolent Health, Inc.",Healthcare,Health Information Services,3.950000047683716,27.831720304290013,0.0796554580608171,44.2714670823002,US
EVHY,Eaton Vance High Yield ETF,ETF,ETF,52.2057991027832,0.5407797204592741,0.0088809086430742,52.32336982918241,US
EVIM,Eaton Vance Intermediate Municipal Income ETF,ETF,ETF,52.619998931884766,0.6118541099279066,0.0162240179432208,47.09587077887498,US
EVMO,Eaton Vance Mortgage Opportunities ETF,ETF,ETF,49.869998931884766,0.58490740242054,0.005727272834088,50.59196083429683,US
EVMT,Invesco Electric Vehicle Metals Commodity Strategy No K-1 ETF,ETF,ETF,17.84000015258789,0.4504500150622546,0.0018896158062121,52.52211358764968,US
EVN,Eaton Vance Municipal Income Trust,Financial Services,Asset Management,10.68000030517578,2.9893965577414856,0.0195989909548195,48.55365105538737,US
EVRG,EVRG,N/A,N/A,83.37999725341797,0.4457235365206818,0.0585750673670479,43.07184049389881,US
EVSB,Eaton Vance Ultra-Short Income ETF,ETF,ETF,50.82500076293945,0.1556819904803206,0.0032233077187872,51.44413071872826,US
EVSM,Eaton Vance Short Duration Municipal Income ETF,ETF,ETF,50.220001220703125,0.3998415855840135,0.0092668793094881,55.25859155465798,US
EVT,Eaton Vance Tax-Advantaged Dividend Income Fund,Financial Services,Asset Management,28.940000534057617,2.8429323445666723,-0.0001915307293246,71.66647095915289,US
EVTC,"EVERTEC, Inc.",Technology,Software - Infrastructure,29.850000381469727,-1.7768970681935832,-0.115153412460133,49.98043879006768,US
EVTR,Eaton Vance Total Return Bond ETF,ETF,ETF,50.2400016784668,0.7217333653621061,0.0091262972304971,48.27469545917179,US
EVYM,Eaton Vance High Income Municipal ETF,ETF,ETF,50.258399963378906,0.8597192787121988,0.0208875529057312,52.588176855337295,US
EW,Edwards Lifesciences Corporation,Healthcare,Medical Devices,89.72000122070312,4.240736073917283,0.044166909583876,57.84620371972776,US
EWC,iShares MSCI Canada Index Fund,ETF,ETF,61.29999923706055,3.2160294107445613,0.0411325043620479,69.25794905960615,US
EWI,iShares MSCI Italy ETF,ETF,ETF,63.34999847412109,2.840909161280574,-0.0024558599084658,68.42502563029613,US
EWJ,iShares MSCI Japan Index Fund,ETF,ETF,96.9000015258789,4.881483024163521,0.1287623534981795,63.8259628153676,US
EWJV,iShares MSCI Japan Value ETF,ETF,ETF,48.13999938964844,3.260404317006751,0.0502642155954792,67.04603318122084,US
EWK,iShares MSCI Belgium ETF,ETF,ETF,27.209999084472656,1.002221770833695,0.0034115405122264,59.41126632516588,US
EWN,iShares MSCI Netherlands ETF,ETF,ETF,69.20999908447266,3.576772524040529,0.0480063001679357,57.2338529597204,US
EWS,iShares MSCI Singapore ETF,ETF,ETF,33.25,3.004960524735973,0.0387026631322471,72.84057432427137,US
EWT,iShares MSCI Taiwan ETF,ETF,ETF,103.08999633789062,6.773685219488705,0.1772941045635967,55.44902503015759,US
EWTX,"Edgewise Therapeutics, Inc.",Healthcare,Biotechnology,43.52000045776367,13.244861077719964,-0.0164296065716241,56.726277030416014,US
EWU,iShares MSCI,ETF,ETF,48.63999938964844,0.4751075045678262,-0.0034881078864766,65.89421681581382,US
EWV,ProShares UltraShort MSCI Japan,ETF,ETF,16.326900482177734,-8.32733873238313,-0.0400171039350011,36.74615382492551,US
EWX,State Street SPDR S&P Emerging Markets Small Cap ETF,ETF,ETF,71.45999908447266,6.244419885291388,0.1061682979717701,55.37256088103474,US
EWY,iShares MSCI South Korea ETF,ETF,ETF,166.08999633789062,5.722463325972983,0.1654445438477614,47.54886147218936,US
EWZ,iShares MSCI Brazil ETF,ETF,ETF,35.34000015258789,-3.574355576400212,-0.0562872153427748,46.34474718363727,US
EWZS,iShares MSCI Brazil Small-Cap ETF,ETF,ETF,12.800000190734863,-3.103708147071451,-0.0166633402971164,42.32016742078401,US
EXC,Exelon Corporation,Utilities,Utilities - Regulated Electric,45.61000061035156,-0.4583131511813989,0.0163370513198522,44.36989274722167,US
EXCE,"EXCO Resources, Inc.",Energy,Oil & Gas E&P,23.549999237060547,4.434589950479984,0.0176123513780094,59.85639952104689,US
EXE,Expand Energy Corporation,Energy,Oil & Gas E&P,92.83999633789062,-1.2655561595819775,-0.0227430385762101,55.18789091012597,US
EXLS,EXLS,N/A,N/A,34.88999938964844,2.829351829761744,-0.0658415217776451,68.25602501753221,US
EXP,Eagle Materials Inc.,Basic Materials,Building Materials,214.2899932861328,4.562306398625026,-0.0272270317574628,51.61129718924516,US
EXPD,"Expeditors International of Washington, Inc.",Industrials,Integrated Freight & Logistics,178.7100067138672,6.444700317799796,0.0718859858880072,59.685065736291136,US
EXPE,"Expedia Group, Inc.",Consumer Cyclical,Travel Services,310.67999267578125,5.408157348696008,-0.4514162836630451,66.12929326855678,US
EXR,Extra Space Storage Inc.,Real Estate,REIT - Industrial,149.5399932861328,1.0132397109075713,-0.0523368569527158,54.48588513888911,US
EXTR,"Extreme Networks, Inc.",Technology,Communication Equipment,23.96999931335449,-20.47113537239496,-0.1657600533411319,31.87876221977683,US
EXUS,Nomura Focused International Core ETF,ETF,ETF,28.730199813842773,2.927667050851446,0.0171881692365195,59.30202820356399,US
EYE,"National Vision Holdings, Inc.",Consumer Cyclical,Specialty Retail,22.549999237060547,2.3139668799827757,-0.0466769313665879,65.99067172357668,US
EYEG,AB Corporate Bond ETF,ETF,ETF,34.63079833984375,0.5802869083125413,0.0029879417807482,48.4115729599289,US
EYES,Corgi Data & Surveillance ETF,ETF,ETF,29.595800399780277,11.42997362530322,-0.21419626301385,29.509095735282244,US
EYLD,Cambria Emerging Shareholder Yield ETF,ETF,ETF,46.97010040283203,3.52678313559042,0.0261879492469501,58.51170659459012,US
EZA,iShares MSCI South Africa ETF,ETF,ETF,69.6500015258789,9.478155761131353,0.1766363600904981,70.89586597411818,US
EZET,Franklin Ethereum ETF,ETF,ETF,14.53499984741211,2.7934900601037373,0.0031176061766229,55.90520521130289,US
EZM,WisdomTree U.S. MidCap Earnings Fund,ETF,ETF,77.05999755859375,1.6086514762838893,-0.0054904826193584,60.02775010037985,US
EZPW,"EZCORP, Inc.",Financial Services,Credit Services,27.899999618530277,-6.28149415679879,-0.0793248098589406,35.342639184699976,US
EZRO,Alphadroid Defensive Sector Rotation ETF,ETF,ETF,25.002599716186523,6.357837046475274,0.0234783663292349,56.4796462121585,US
EZU,iShares MSCI Eurozone ETF,ETF,ETF,71.56999969482422,2.874802369948542,0.0194515079953126,66.56866396213594,US
F,Ford Motor Company,Consumer Cyclical,Auto Manufacturers,13.979999542236328,-4.76839746857942,-0.0127750162790469,45.31438627350249,US
FAAA,Fidelity AAA CLO ETF,ETF,ETF,50.275001525878906,0.1095187252865048,0.0009382433753516,90.9234015823964,US
FAAR,First Trust Alternative Absolute Return Strategy ETF,ETF,ETF,30.739999771118164,-1.426967139474252,-0.0005692938105801,36.35609620400836,US
FAC,Factorial Energy Inc.,Industrials,Electrical Equipment & Parts,5.929999828338623,7.818178697065874,0.0047353559452538,40.6825714103934,US
FAD,First Trust Multi Cap Growth AlphaDEX Fund,ETF,ETF,191.69000244140625,4.429072233026883,0.1638160839390745,56.92783629349794,US
FAF,First American Corporation (New,Financial Services,Insurance - Specialty,74.22000122070312,-1.0267991265518095,-0.1335471492003599,53.99636554302925,US
FAI,First Trust Bloomberg Artificial Intelligence ETF,ETF,ETF,54.59999847412109,8.01186804784619,0.0669266860290425,61.11561643537664,US
FANG,"Diamondback Energy, Inc.",Energy,Oil & Gas E&P,188.0399932861328,-7.346639017645236,-0.2235169939843035,45.25563322121979,US
FAST,Fastenal Company,Industrials,Industrial Distribution,51.84000015258789,8.656468554532742,0.0820072611238958,72.48506216861567,US
FAX,Abrdn Asia-Pacific Income Fund Inc,Financial Services,Asset Management,14.529999732971191,0.2068947101461476,0.0075692461928123,56.59447048035854,US
FBAK,FBAK,N/A,N/A,333.0,2.467840710981229,-0.0791705248213496,64.14986293786822,US
FBCG,Fidelity Blue Chip Growth ETF,ETF,ETF,62.7400016784668,4.95149374307956,0.0426325693481838,59.5500411326657,US
FBCV,Fidelity Blue Chip Value ETF,ETF,ETF,42.52840042114258,1.6939281001621658,-0.0070539905540687,75.66220211527639,US
FBDC,FT Confluence BDC & Specialty Finance Income ETF,ETF,ETF,17.959999084472656,7.000293403289525,0.0327213154183566,67.60267688455816,US
FBIN,"Fortune Brands Innovations, Inc.",Industrials,Building Products & Equipment,50.77999877929688,3.085668919114089,-0.0245167850406571,53.582527412407245,US
FBIZ,"First Business Financial Services, Inc.",Financial Services,Banks - Regional,71.12000274658203,1.2961168978431556,-0.1168963521119361,69.48132611990269,US
FBL,GraniteShares 2x Long META Daily ETF,ETF,ETF,22.13999938964844,12.44285824854641,0.0975400032443619,45.73422954579717,US
FBND,Fidelity Total Bond ETF,ETF,ETF,45.0,0.6261153212295745,0.0046698286031996,50.81635338261814,US
FBOT,Fidelity Disruptive Automation ETF,ETF,ETF,40.28609848022461,6.576982257519721,0.0259145363028071,63.51589425424808,US
FBP,First BanCorp. New,Financial Services,Banks - Regional,28.670000076293945,-0.8987218324893003,-0.043995824407096,61.38203767785275,US
FBRT,"Franklin BSP Realty Trust, Inc.",Real Estate,REIT - Mortgage,7.909999847412109,4.216069675770843,0.0215103610668713,51.64195001699678,US
FBRX,"Forte Biosciences, Inc.",Healthcare,Biotechnology,76.79000091552734,0.2480449676124227,-0.4449427322344395,84.68197833905536,US
FBT,First Trust NYSE Arca Biotechnology Index Fund,ETF,ETF,255.92999267578125,4.435646464326961,0.5644160482113247,63.21265779087652,US
FBTC,Fidelity Wise Origin Bitcoin Fund,ETF,ETF,56.52999877929688,3.3266308266869564,0.0257623228505347,52.29988013964819,US
FBUF,Fidelity Dynamic Buffered Equity ETF,ETF,ETF,33.43600082397461,1.272116544690169,0.0024521710479698,66.50716698786917,US
FBY,YieldMax META Option Income Strategy ETF,ETF,ETF,8.739999771118164,5.246165132321481,0.0196120167313931,46.36432092184844,US
FBYD,"Falcon's Beyond Global, Inc.",Industrials,Conglomerates,10.06999969482422,1.3078482890228147,0.0632017626789689,36.99561562545936,US
FCAL,First Trust California Municipal High Income ETF,ETF,ETF,48.90999984741211,0.6068048107791736,0.0172456460402045,48.84417717814118,US
FCEF,First Trust Income Opportunity ETF,ETF,ETF,24.131000518798828,1.5400847403758549,0.0095246025820037,65.62592583161012,US
FCEL,"FuelCell Energy, Inc.",Industrials,Electrical Equipment & Parts,20.43000030517578,-5.4604362417766,-0.0338409407079644,47.65903020819359,US
FCF,First Commonwealth Financial Corporation,Financial Services,Banks - Regional,21.51000022888184,-0.0928957599898156,-0.0196400709775129,59.8965246202173,US
FCG,First Trust Natural Gas ETF,ETF,ETF,28.3700008392334,-3.339010321972793,-0.0106669301991888,51.41120884882893,US
FCLO,Fidelity CLO ETF,ETF,ETF,50.27999877929688,0.1992795406794357,0.0029966186689424,85.60518894845359,US
FCN,"FTI Consulting, Inc.",Industrials,Consulting Services,151.42999267578125,-4.988086311627775,-0.1677855940590762,41.39157158984911,US
FCNCA,"First Citizens BancShares, Inc.",Financial Services,Banks - Regional,2218.489990234375,1.4561127438140582,-2.2655817247106285,58.24147071787399,US
FCPI,Fidelity Stocks for Inflation ETF,ETF,ETF,56.50849914550781,3.383703937787333,0.0411588593586589,69.2494889442951,US
FCSH,Federated Hermes Short Duration Corporate ETF,ETF,ETF,24.049999237060547,0.2960888495630971,-2.6154912103225e-05,58.78501431775484,US
FCTE,SMI 3Fourteen Full-Cycle Trend ETF,ETF,ETF,30.323999404907227,4.202603277577528,0.0144925792807589,71.78645799039526,US
FCTR,First Trust Lunt U.S. Factor Rotation ETF,ETF,ETF,39.804298400878906,4.063525231055964,0.0217578233886313,54.3747410590713,US
FCX,"Freeport-McMoRan, Inc.",Basic Materials,Copper,69.62000274658203,11.160788055654988,0.0665617577613594,63.395377755420185,US
FCXG,Leverage Shares 2X Long FCX Daily ETF,ETF,ETF,15.286499977111816,22.88183675839649,0.0305090052618633,62.18274057618189,US
FDD,First Trust STOXX European Select Dividend Index Fund,ETF,ETF,20.493099212646484,1.905015368809701,-0.0029773323844276,78.09069098324815,US
FDEM,Fidelity Emerging Markets Multifactor ETF,ETF,ETF,35.59749984741211,2.2622764810498537,0.014932088301845,53.71421570927782,US
FDEV,Fidelity International Multifactor ETF,ETF,ETF,37.87080001831055,1.9402381233538528,0.0147615137940489,70.68953477020494,US
FDHY,Fidelity Enhanced High Yield ETF,ETF,ETF,49.08000183105469,0.6769268329326923,0.0089390572209232,64.7043478673423,US
FDIG,Fidelity Crypto Industry and Digital Payments ETF,ETF,ETF,41.24020004272461,0.7357308990484734,-0.0315861223701064,47.40913133357864,US
FDIV,MarketDesk Focused U.S. Dividend ETF,ETF,ETF,28.20389938354492,1.3143905751021454,0.004252433029104,55.465786669395335,US
FDL,First Trust Morningstar Dividend Leaders Index Fund,ETF,ETF,51.88999938964844,0.7964255071053925,-0.0039116742804182,59.35414939450252,US
FDLS,Inspire Fidelis Multi Factor ETF,ETF,ETF,43.09000015258789,1.8676144911964807,0.0066646764289158,60.463775214916126,US
FDM,First Trust Dow Jones Select MicroCap Index Fund,ETF,ETF,94.93460083007812,3.821739168162398,0.0211733161841083,65.29990281851991,US
FDMO,Fidelity Momentum Factor ETF,ETF,ETF,95.76000213623048,3.9288070008265312,0.0730370608624164,55.41527088121053,US
FDMT,"4D Molecular Therapeutics, Inc.",Healthcare,Biotechnology,10.75,5.599210979732641,0.0475106307777435,51.04961532253346,US
FDN,First Trust Dow Jones Internet Index Fund,ETF,ETF,289.3800048828125,5.309507581861548,0.1567872998897685,66.98578517753096,US
FDNI,First Trust Dow Jones International Internet ETF,ETF,ETF,29.374000549316406,5.852254231770834,0.0188213977677053,69.71414569732129,US
FDRR,Fidelity Dividend ETF for Rising Rates,ETF,ETF,69.8644027709961,3.044837206957557,0.0088345141774738,71.20592191297291,US
FDRV,Fidelity Electric Vehicles and Future Transportation ETF,ETF,ETF,18.246000289916992,3.020720648440365,0.0361614293465722,50.47041814652654,US
FDV,Federated Hermes U.S. Strategic Dividend ETF,ETF,ETF,33.18000030517578,0.6064304600226545,-0.0007468643676553,62.39932613170795,US
FDVV,Fidelity High Dividend ETF,ETF,ETF,64.19999694824219,2.621476245125758,0.0181416695192626,66.872993850922,US
FDX,FedEx Corporation,Industrials,Integrated Freight & Logistics,318.57000732421875,3.6337064572277855,0.4127089437768145,54.78375452144256,US
FDXF,"FedEx Freight Holding Company, Inc.",Industrials,Integrated Freight & Logistics,144.75999450683594,3.0100304307141523,0.1827928027238305,46.1449022199257,US
FE,FirstEnergy Corp.,Utilities,Utilities - Regulated Electric,47.470001220703125,-1.7387707073266585,-0.0123199560963075,42.47285004832941,US
FEAC,Fidelity Enhanced U.S. All-Cap Equity ETF,ETF,ETF,33.658599853515625,3.580861547556815,0.0160581737635701,67.71623857906184,US
FEBP,PGIM S&P 500 Buffer 12 ETF - Feb,ETF,ETF,34.73210144042969,1.3572917752063702,0.0062130013563382,64.04109939558626,US
FEBT,Allianzim U.S. Equity Buffer10 Feb ETF,ETF,ETF,42.026100158691406,1.603126496924946,0.0052773648777432,66.13916513538004,US
FEBW,Allianzim U.S. Equity Buffer20 Feb ETF,ETF,ETF,36.10580062866211,0.995246513740166,0.00188057034765,67.47290634595313,US
FEBZ,TrueShares Structured Outcome (February) ETF,ETF,ETF,41.15999984741211,2.828020318113808,0.0074188183101588,62.08817953973227,US
FEDM,FlexShares ESG & Climate Developed Markets ex-US Core Index Fund,ETF,ETF,65.43099975585938,0.5856982109569124,-0.0040805208897722,67.4948025515682,US
FEIM,"Frequency Electronics, Inc.",Technology,Communication Equipment,74.43000030517578,28.393994717726883,0.273014111139625,58.84849857030652,US
FELC,Fidelity Enhanced Large Cap Core ETF,ETF,ETF,43.959999084472656,3.2652088316022176,0.0112183748385155,68.53155154742215,US
FELE,"Franklin Electric Co., Inc.",Industrials,Specialty Industrial Machinery,109.45999908447266,4.792973279113528,0.0037591153580409,60.13629495280104,US
FELG,Fidelity Enhanced Large Cap Growth ETF,ETF,ETF,44.63999938964844,4.936526631231412,0.0317088702553632,60.74737729442636,US
FELV,Fidelity Enhanced Large Cap Value ETF,ETF,ETF,42.91999816894531,2.2878910996637867,0.006745243405293,75.81549038524005,US
FEM,First Trust Emerging Markets AlphaDEX Fund,ETF,ETF,32.209999084472656,4.645868635238792,0.0211231557728354,57.15512185539653,US
FEMD,First Eagle Mid Cap Equity ETF,ETF,ETF,36.9900016784668,1.9851150030768945,-0.0087125129075559,55.92300833920787,US
FEMG,Fidelity Enhanced Mid Cap Growt,EQUITY,EQUITY,26.100000381469727,2.232666194648322,-0.0014930495988584,53.76137615253579,US
FEMR,Fidelity Enhanced Emerging Markets ETF,ETF,ETF,40.369998931884766,2.383968093922625,0.024376051588705,52.14976253004454,US
FEMS,First Trust Emerging Markets Small Cap AlphaDEX Fund,ETF,ETF,45.29999923706055,4.377874756637266,0.0495394502805897,54.6964642129255,US
FEMV,Fidelity Enhanced Mid Cap Value,EQUITY,EQUITY,27.540000915527344,1.3991202881079623,-0.0106292962205492,65.73005734035696,US
FENI,Fidelity Enhanced International ETF,ETF,ETF,41.7599983215332,2.705357792053965,0.0234474582237517,66.68358517061714,US
FEP,First Trust Europe AlphaDEX Fund,ETF,ETF,60.02999877929688,1.6423931314781952,0.0053382285022279,69.21716807652521,US
FEPI,REX FANG & Innovation Equity Premium Income ETF,ETF,ETF,41.77999877929688,5.547388784413753,0.0449296841293436,57.5615185231712,US
FERG,Ferguson Enterprises Inc.,Industrials,Industrial Distribution,256.69000244140625,9.542098935531309,0.0534387371862021,68.76762087010549,US
FESM,Fidelity Enhanced Small Cap Core ETF,ETF,ETF,48.31999969482422,3.624273188928952,0.0274141295317023,59.74282304376252,US
FET,"Forum Energy Technologies, Inc.",Energy,Oil & Gas Equipment & Services,74.2300033569336,18.445836166812875,-0.1666921019969232,76.1806039092049,US
FETH,Fidelity Ethereum Fund,ETF,ETF,19.100000381469727,2.798710763718616,0.0027332839579325,55.8563396580774,US
FEZ,State Street SPDR EURO STOXX 50 ETF,ETF,ETF,71.86000061035156,2.9955626599458296,0.0170363401336645,68.92347606634804,US
FFA,First Trust Enhanced Equity Income Fund,Financial Services,Asset Management,23.350000381469727,3.639590190116007,0.0123534767297735,70.69489965845267,US
FFDI,Fidelity Fundamental Developed ,ETF,ETF,33.337398529052734,3.2149563439848565,0.015178416229769,61.81247986146666,US
FFF,Founders 100 ETF,ETF,ETF,26.00690078735352,8.861035796519667,0.034560469482121,63.593429280692725,US
FFIN,"First Financial Bankshares, Inc.",Financial Services,Banks - Regional,34.66999816894531,-1.3375106114588555,-0.0285828275400163,49.14945405367152,US
FFIU,Fieldstone UVA Unconstrained Medium-Term Fixed Income ETF,ETF,ETF,21.46999931335449,0.0,0.0003066018301906,44.6305272906588,US
FFIV,"F5, Inc.",Technology,Software - Infrastructure,400.2300109863281,-0.5812644497398081,-0.5176425087045811,47.97188326842272,US
FFLG,Fidelity Covington Trust - Fidelity Fundamental Large Cap Growth ETF,ETF,ETF,33.540000915527344,5.108119949575704,0.0281309307996217,55.99325625949634,US
FFMR,First Farmers Financial Corporation,Financial Services,Banks - Regional,34.25,-0.1457703736813019,-0.0087104180177478,57.12220714143424,US
FFOX,FundX Future Fund Opportunities ETF,ETF,ETF,30.75329971313477,5.936269327344579,0.0398691189232088,65.36137656483743,US
FFTY,CapForce IBD 50 ETF,ETF,ETF,36.66999816894531,-0.8651081238197668,-0.0277743028168708,38.54503953699573,US
FFUT,Fidelity Managed Futures ETF,ETF,ETF,60.275001525878906,-0.6756197382118879,0.0163150431207744,53.14441442017212,US
FGRU,T-Rex 2X Long FIGR Daily Target ETF,ETF,ETF,8.472000122070312,31.34884298602091,0.0533254952073758,46.51003949822782,US
FGSI,FT Vest Growth Strength & Target Income ETF,ETF,ETF,21.334999084472656,2.883732395402569,0.0019880659693528,73.24774047838484,US
FHDG,FT Vest U.S. Equity Quarterly Dynamic Buffer ETF,ETF,ETF,37.04100036621094,1.7330418056666852,0.0066248466761605,68.10913653305698,US
FHEQ,Fidelity Hedged Equity ETF,ETF,ETF,34.43000030517578,2.9328199779778763,0.0099860700619936,67.78802678397417,US
FHI,"Federated Hermes, Inc.",Financial Services,Asset Management,63.15999984741211,5.336892614743436,-0.0884239878493645,62.805822110716704,US
FHIL,Federated Hermes International ,ETF,ETF,25.15999984741211,1.0441776420283435,-0.0007584683513205,57.998169234696746,US
FHLC,Fidelity MSCI Health Care Index ETF,ETF,ETF,80.66999816894531,2.4380929129464284,0.0680450547292443,63.30816136189696,US
FICO,Fair Isaac Corporation,Technology,Software - Application,1041.4000244140625,-7.263769149409144,0.9702588626409678,37.31553445495216,US
FICS,First Trust International Developed Cap Strength ETF,ETF,ETF,43.18949890136719,1.816403513489257,0.0059485363386364,65.29648748248479,US
FID,First Trust S&P International Dividend Aristocrats ETF,ETF,ETF,22.854999542236328,1.3076244826126484,0.005422321137848,70.61843991805198,US
FIGB,Fidelity Investment Grade Bond ETF,ETF,ETF,42.369998931884766,0.6772005550957958,0.006097394821696,50.20873457683861,US
FIGR,"Figure Technology Solutions, Inc.",Financial Services,Capital Markets,28.6200008392334,14.893621094127466,0.0844207251841224,49.26871643637247,US
FIGS,"FIGS, Inc.",Consumer Cyclical,Apparel Manufacturing,14.260000228881836,33.271032552113624,0.1920478541401563,79.37048222456686,US
FIIG,First Trust Intermediate Duration Investment Grade Corporate ETF,ETF,ETF,20.47920036315918,0.5360801150064697,0.0013630093020408,50.69461560514189,US
FINN,"First National of Nebraska, Inc.",Financial Services,Banks - Regional,19000.0,1.0638297872340423,7.440808060230296,53.98469122329862,US
FINT,Frontier Asset Total International Equity ETF,ETF,ETF,36.72029876708984,2.2963529661938717,0.0132504073872473,62.85219548276933,US
FINV,FINV,N/A,N/A,4.860000133514404,0.206190290277821,-0.0035955920920278,51.44399146512802,US
FINX,Global X FinTech ETF,ETF,ETF,26.02359962463379,1.7739535988394488,-0.0239318776395971,53.36568959292573,US
FIP,FTAI Infrastructure Inc.,Industrials,Conglomerates,4.269999980926514,14.47721069950988,0.0467225120372836,53.17568068940232,US
FIS,FIS,N/A,N/A,42.77000045776367,-4.467277148872969,-0.0899542741990073,50.61493523966195,US
FISN,"Deep Fission, Inc.",Industrials,Specialty Industrial Machinery,8.989999771118164,-4.463337758814647,0.006224636531968,38.13585612380616,US
FISV,"Fiserv, Inc.",EQUITY,EQUITY,52.40999984741211,-2.8364827924546505,-0.1913021460541627,49.14285292885992,US
FITB,Fifth Third Bancorp,Financial Services,Banks - Regional,57.09000015258789,1.0442480576776825,0.0080127350888147,53.22147200131439,US
FITZ,Fitz-Gerald Must Have Portfolio ETF,ETF,ETF,25.530000686645508,5.018516032517039,0.0273420912884035,67.74059429657302,US
FIVA,Fidelity International Value Factor ETF,ETF,ETF,40.14300155639648,2.6675271687432867,0.0156645952650001,66.16728032492769,US
FIVN,"Five9, Inc.",Technology,Software - Infrastructure,33.9900016784668,23.555075956640025,0.2642342713554773,75.40635459203213,US
FIX,"Comfort Systems USA, Inc.",Industrials,Engineering & Construction,1694.550048828125,-2.0315717711554724,-2.23115883426032,46.16351238114425,US
FIXD,First Trust Smith Opportunistic Fixed Income ETF,ETF,ETF,43.08000183105469,0.583702986953255,0.0053823500430441,50.29165035593116,US
FIXT,TCW Core Plus Bond ETF,ETF,ETF,37.26089859008789,0.5963759964917968,0.0035327836009829,52.456317031003564,US
FJP,FJP,ETF,ETF,77.62000274658203,4.538724237820917,0.0786658168674718,60.20844025644576,US
FLAU,Franklin FTSE Australia ETF,ETF,ETF,36.39189910888672,4.072010595799927,0.0135633941247716,69.91122414509279,US
FLBL,Franklin Senior Loan ETF,ETF,ETF,23.0,0.3534241732547414,-0.0004230649914992,79.90721798202719,US
FLBR,Franklin FTSE Brazil ETF,ETF,ETF,21.989999771118164,-3.889857614918801,-0.0353812671337638,46.01434628168118,US
FLCA,Franklin FTSE Canada ETF,ETF,ETF,54.630001068115234,3.094922320628786,0.0348594463803638,68.3774030352966,US
FLCB,Franklin U.S. Core Bond ETF,ETF,ETF,21.100000381469727,0.639133743841782,0.0022442260085949,50.8974440094597,US
FLCE,Frontier Asset U.S. Large Cap Equity ETF,ETF,ETF,32.13019943237305,3.100371866888803,0.0108201799166098,66.25473562367591,US
FLCG,Federated Hermes MDT Large Cap Growth ETF,ETF,ETF,35.31999969482422,4.620857378111885,0.0114089915679245,63.43461872382462,US
FLCH,Franklin FTSE China ETF,ETF,ETF,22.3799991607666,0.9017080831335692,-0.002700688940906,65.71606012319532,US
FLCO,Franklin Investment Grade Corporate ETF,ETF,ETF,21.020700454711918,0.6015884805810535,0.0024986872101335,49.27849910708798,US
FLDZ,TrueShares Patriot Defense ETF,ETF,ETF,32.279998779296875,8.873819004201778,0.0413516284722187,65.62243118574224,US
FLEU,Franklin FTSE Eurozone ETF,ETF,ETF,36.987300872802734,2.74250242445204,0.0105939444712672,68.44009149689349,US
FLEX,Flex Ltd.,Technology,Electronic Components,121.3499984741211,6.681317339886676,0.1220963270898538,46.80713996809002,US
FLG,"Flagstar Bank, National Association",Financial Services,Banks - Regional,13.949999809265137,-1.898737360713756,-0.007320943097569,38.9132767431508,US
FLGB,Franklin FTSE United Kingdom ETF,ETF,ETF,37.45100021362305,0.5936091165835231,-0.0030423671478115,65.88358908397373,US
FLGT,"Fulgent Genetics, Inc.",Healthcare,Diagnostics & Research,19.13999938964844,15.649548471205255,0.0797826309156847,49.42568583316006,US
FLGV,Franklin U.S. Treasury Bond ETF,ETF,ETF,19.98509979248047,0.4730830910192075,0.0019842318584549,49.498541070687125,US
FLIA,Franklin International Aggregate Bond ETF,ETF,ETF,20.3700008392334,0.5776950493035442,0.0022969118760406,55.6800618547012,US
FLIN,Franklin FTSE India ETF,ETF,ETF,36.18000030517578,1.4013452794939285,-0.003426406349291,61.91945434085701,US
FLJH,Franklin FTSE Japan Hedged ETF,ETF,ETF,45.95029830932617,4.077682267784309,0.0675071814134879,57.97389068307441,US
FLJJ,AllianzIM U.S. Equity 6 Month Floor5 Jan/Jul ETF,ETF,ETF,34.40999984741211,1.432614267467134,0.0051814861062982,68.1267851039085,US
FLJP,Franklin FTSE Japan ETF,ETF,ETF,41.2400016784668,4.72321117293607,0.0523303843251783,63.59944465478277,US
FLMB,Franklin Municipal Green Bond ETF,ETF,ETF,23.515300750732425,0.867760596122338,0.0095111031488297,50.02870201608709,US
FLMX,Franklin FTSE Mexico ETF,ETF,ETF,37.69919967651367,0.4240776694293582,0.0126331369826681,57.59907859436336,US
FLNG,FLEX LNG Ltd.,Energy,Oil & Gas Midstream,30.84000015258789,-1.1855140747788246,0.0044154789847709,51.87746142995646,US
FLO,"Flowers Foods, Inc.",Consumer Defensive,Packaged Foods,7.400000095367432,5.413107058025444,0.0240865753479195,42.52192563810049,US
FLOC,Flowco Holdings Inc.,Energy,Oil & Gas Equipment & Services,21.790000915527344,6.552567738854602,0.066917122168444,60.07648210010948,US
FLOT,iShares Floating Rate Bond ETF,ETF,ETF,50.93000030517578,0.0923630039987483,-0.0002138558482777,73.13768269453331,US
FLOW,Global X U.S. Cash Flow Kings 100 ETF,ETF,ETF,42.97380065917969,3.5871097020767766,0.0057798569295379,69.35611725921468,US
FLQS,Franklin U.S. Small Cap Multifactor Index ETF,ETF,ETF,50.61000061035156,2.5718996722472944,0.008878021030629,64.33084239046565,US
FLR,Fluor Corporation,Industrials,Engineering & Construction,57.0,13.613717521086905,0.47017921741286,63.80097226210213,US
FLRN,State Street SPDR Bloomberg Investment Grade Floating Rate ETF,ETF,ETF,30.76000022888184,0.0585506756501035,-9.838838405507729e-05,72.72774351245573,US
FLRT,Pacer Aristotle Pacific Floating Rate High Income ETF,ETF,ETF,46.75,0.257342760317496,0.0014483025130909,72.63923707988887,US
FLSA,Franklin FTSE Saudi Arabia ETF,ETF,ETF,32.40589904785156,2.194575791456473,-0.0059777283486987,55.59480114144437,US
FLSP,Franklin Systematic Style Premia ETF,ETF,ETF,28.1200008392334,-0.6711361013537189,-0.0056222334492237,57.09020805220148,US
FLSW,Franklin FTSE Switzerland ETF,ETF,ETF,44.67580032348633,1.813580756608845,0.0165547960764644,61.964423034312034,US
FLTR,VanEck IG Floating Rate ETF,ETF,ETF,25.540000915527344,0.0783716982951203,0.0005189722207502,73.08743843564064,US
FLTW,Franklin FTSE Taiwan ETF,ETF,ETF,99.0199966430664,6.518930312259401,0.1527834867492585,54.59915700773124,US
FLXR,TCW Flexible Income ETF,ETF,ETF,38.900001525878906,0.4908355616119447,0.0027707683014367,58.54239927898608,US
FLXS,"Flexsteel Industries, Inc.",Consumer Cyclical,"Furnishings, Fixtures & Appliances",76.19000244140625,2.91774104785402,-0.07482024552329,60.31495714244254,US
FLY,Firefly Aerospace Inc.,Industrials,Aerospace & Defense,26.709999084472656,31.38218979197891,0.2058527051341268,59.31678987927672,US
FLYW,Flywire Corporation,Technology,Software - Infrastructure,17.780000686645508,11.055592957273127,0.0060716231034558,55.39616355040262,US
FMAG,Fidelity Magellan ETF,ETF,ETF,36.95700073242188,2.706830940105556,0.0016087410611174,59.43250730437243,US
FMAO,"Farmers & Merchants Bancorp, Inc.",Financial Services,Banks - Regional,34.91999816894531,4.6762515888854175,-0.004574470677042,67.81525398400865,US
FMAT,Fidelity MSCI Materials Index ETF,ETF,ETF,60.47999954223633,6.142506191853566,0.0601489988886772,61.052124959591765,US
FMBH,"First Mid Bancshares, Inc.",Financial Services,Banks - Regional,51.16999816894531,-1.7661777326696195,-0.1067139748734982,57.13128442198783,US
FMC,FMC Corporation,Basic Materials,Agricultural Inputs,10.59000015258789,-1.1204471067382389,0.0036229113236901,45.112314900925895,US
FMCC,Federal Home Loan Mortgage Corporation,Financial Services,Mortgage Finance,5.46999979019165,-0.7259607446205675,0.0165396984584961,47.64102909059029,US
FMCE,FM Compounders Equity ETF,ETF,ETF,28.78700065612793,2.7226680121015634,-0.0038078873352807,58.575138366586536,US
FMDE,Fidelity Enhanced Mid Cap Core ETF,ETF,ETF,42.290000915527344,2.8703485469631818,0.0154470672164845,69.48507917486697,US
FMF,First Trust Managed Futures Strategy Fund,ETF,ETF,50.13520050048828,-0.109181366248418,0.0082442719089408,49.2535470475129,US
FMHI,First Trust Municipal High Income ETF,ETF,ETF,47.88109970092773,0.6518689138132283,0.0152396178385932,50.89574751104479,US
FMQQ,FMQQ The Next Frontier Internet ETF,ETF,ETF,12.600000381469728,0.7113796194053481,-0.0158841223862088,60.96984149272392,US
FMTL,First Trust Indxx Critical Metals ETF,EQUITY,EQUITY,36.04240036010742,11.070568606182537,0.0629398239223242,66.87494550857507,US
FMTM,MarketDesk Focused U.S. Momentum ETF,ETF,ETF,39.18999862670898,2.0572840349958725,0.0167405419873695,49.27451711733232,US
FMUB,Fidelity Municipal Bond Opportunities ETF,ETF,ETF,50.95500183105469,0.9709733022594058,0.0187701257233985,56.15535688494494,US
FMUN,Fidelity Systematic Municipal Bond Index ETF,ETF,ETF,49.63999938964844,0.7509619006436673,0.0160467594682175,45.80745692939883,US
FNB,F.N.B. Corporation,Financial Services,Banks - Regional,18.96999931335449,0.3703687631590659,-0.0095616913237429,50.81233150529544,US
FND,"Floor & Decor Holdings, Inc.",Consumer Cyclical,Home Improvement Retail,62.68999862670898,8.893519122851542,0.1115650966310033,63.2706104776108,US
FNDA,Schwab Fundamental U.S. Small Company ETF,ETF,ETF,38.220001220703125,2.8248671064909177,0.0204508598652819,59.46816800704512,US
FNDC,Schwab Fundamental International Small Equity ETF,ETF,ETF,51.0,3.616413521233649,0.02695882991516,67.01867961191523,US
FNDE,Schwab Fundamental Emerging Markets Equity ETF,ETF,ETF,41.66999816894531,0.9447659912335888,-0.0022931826349773,61.95680671499567,US
FNDF,Schwab Fundamental International Equity ETF,ETF,ETF,55.18999862670898,2.1847812291179576,0.0216118326671766,66.69827673725473,US
FNDX,Schwab Fundamental U.S. Large Company ETF,ETF,ETF,32.310001373291016,1.795846270583546,0.0011668896778052,66.17356986812248,US
FNK,First Trust Mid Cap Value AlphaDEX Fund,ETF,ETF,64.20490264892578,1.30151714564349,-0.0176056786023679,62.23713863775693,US
FNLC,"The First Bancorp, Inc.",Financial Services,Banks - Regional,35.380001068115234,0.7977282226966019,-0.0126168552696168,61.27907529494247,US
FNMA,Federal National Mortgage Association,Financial Services,Mortgage Finance,6.050000190734863,4.490504846197368,0.0227083592962724,49.0699276945745,US
FNY,First Trust Mid Cap Growth AlphaDEX Fund,ETF,ETF,106.97209930419922,4.607957235998595,0.1272365530908296,57.56970356578013,US
FOPC,Frontier Asset Opportunistic Credit ETF,ETF,ETF,25.209999084472656,0.1191373269789385,-0.0002828321619215,48.900569000876,US
FOR,Forestar Group Inc,Real Estate,Real Estate - Development,29.63999938964844,5.293072082805086,0.0335642512615414,53.63212536256594,US
FORH,Formidable ETF,ETF,ETF,25.029600143432617,4.573222067741279,0.0342670193295755,65.3852465816847,US
FOTO,Tuttle Capital Pure Play Photonics ETF,ETF,ETF,21.299999237060547,16.32987361184652,0.056459717492015,54.35289810870805,US
FOX,Fox Corporation,Communication Services,Entertainment,57.02999877929688,9.799769517072091,0.166955902171824,69.35059799726406,US
FPAG,FPA Global Equity ETF,ETF,ETF,42.94070053100586,3.2476565844251937,0.0020464744896523,72.87663228279928,US
FPE,First Trust Preferred Securitie,ETF,ETF,17.8700008392334,0.5627483336728707,0.0024578586045844,57.74411207769183,US
FPFD,Fidelity Preferred Securities & Income ETF,ETF,ETF,21.28499984741211,0.1175899259695741,0.0013816497330576,49.80758146743811,US
FPH,"Five Point Holdings, LLC",Real Estate,Real Estate - Development,5.21999979019165,0.5780295306443208,0.0022661687439234,51.126296296315815,US
FPI,Farmland Partners Inc.,Real Estate,REIT - Specialty,9.899999618530272,5.882344541403029,0.0045030974950989,58.04387416306428,US
FPWR,First Trust EIP Power Solutions ETF,EQUITY,EQUITY,36.80149841308594,-0.7885462419155963,0.0061928936942308,41.77734033797375,US
FPXE,First Trust IPOX Europe Equity Opportunities ETF,ETF,ETF,34.32740020751953,4.275219066998232,0.0328871662205146,58.03369579595908,US
FRBA,First Bank,Financial Services,Banks - Regional,18.6299991607666,0.5396571528092938,-0.0193136437810234,60.85695326584833,US
FRDM,Freedom 100 Emerging Markets ETF,ETF,ETF,66.66999816894531,2.3959415511750626,0.0181103174475381,49.82528132150042,US
FREI,Fidelity Real Estate Income Fund ETF,EQUITY,EQUITY,24.934999465942383,0.2613535364520233,0.0029941062160185,51.38943880400231,US
FRHC,Freedom Holdings Corp.,Financial Services,Financial Conglomerates,148.97999572753906,-1.5138550143736436,-0.000527746345051,47.76139755717186,US
FRI,First Trust S&P REIT Index Fund,ETF,ETF,32.150001525878906,-0.7103135721104405,-0.0004715973264279,47.36977429184356,US
FRIZ,Franklin Dividend Growth ETF,EQUITY,EQUITY,27.627500534057617,2.1500444326342945,0.001775258084475,72.57278161657204,US
FRMI,Fermi Inc.,Real Estate,REIT - Specialty,6.179999828338623,8.611595187883475,0.0099265869152863,45.64580905037276,US
FRNW,Fidelity Clean Energy ETF,ETF,ETF,22.940000534057617,2.916104045906432,0.0202657361858283,49.14346344329653,US
FRO,Frontline plc,Energy,Oil & Gas Midstream,39.7400016784668,0.9398088814332566,0.0248951348692123,56.91586501562939,US
FRPH,"FRP Holdings, Inc.",Real Estate,Real Estate Services,21.920000076293945,-1.792113010749858,0.0330942218911146,37.54079058449252,US
FRST,Primis Financial Corp.,Financial Services,Banks - Regional,16.25,1.4357024698140062,-0.0085848573832059,56.85761736506238,US
FRTY,Alger Mid Cap 40 ETF,ETF,ETF,23.18000030517578,4.381499259975897,0.0164075672488273,54.92052402013113,US
FSCS,First Trust SMID Capital Strength ETF,ETF,ETF,38.46200180053711,2.694050434917054,0.0064355956030433,65.83288783193731,US
FSEC,Fidelity Investment Grade Securitized ETF,ETF,ETF,43.4900016784668,0.5084382213443022,0.0051805747651182,51.60434288646003,US
FSEG,Fidelity Enhanced Small Cap Gro,EQUITY,EQUITY,28.033700942993164,4.838074730547772,0.0266574733981325,58.06899108455137,US
FSEV,Fidelity Enhanced Small Cap Val,EQUITY,EQUITY,27.315200805664062,2.3808114438628984,0.0066345061048726,61.6468672352612,US
FSGS,First Trust SMID Growth Strength ETF,ETF,ETF,33.76190185546875,3.713637451318756,0.0174968656242939,69.19932548535621,US
FSLR,"First Solar, Inc.",Technology,Solar,250.0500030517578,18.49026417958213,0.520202959920856,64.01057635911226,US
FSMB,First Trust Short Duration Managed Municipal ETF,ETF,ETF,19.959999084472656,0.4529352865529623,0.0027882465191608,62.91548952889168,US
FSMD,FSMD,N/A,N/A,52.380001068115234,3.232162663377336,0.024203353282492,59.70989288750023,US
FSS,Federal Signal Corporation,Industrials,Farm & Heavy Construction Machinery,128.2100067138672,2.609051496796265,-0.1724991888480627,58.92037689452391,US
FSTR,L.B. Foster Company,Industrials,Railroads,41.27000045776367,0.3403826550273729,-0.0156178833611861,45.55801090590189,US
FSUN,FirstSun Capital Bancorp,Financial Services,Banks - Regional,39.68000030517578,2.585315388082326,-0.0552811756757227,63.78404990312804,US
FTAI,FTAI Aviation Ltd.,Industrials,Aerospace & Defense,216.2400054931641,4.970876452992264,-0.3152394095169342,47.023030796934606,US
FTBI,First Trust Balanced Income ETF,ETF,ETF,21.90999984741211,1.8170024817071704,0.0050261487382579,64.88765162490986,US
FTCA,Putnam ETF Trust - Franklin California Municipal Income ETF,ETF,ETF,7.28000020980835,0.3999421298199119,0.0013560844102738,46.32149747432324,US
FTCB,FTCB,N/A,N/A,20.61000061035156,0.5365883431783537,0.0019142084741145,49.74409766623882,US
FTCE,First Trust New Constructs Core Earnings Leaders ETF,ETF,ETF,27.75,2.372079686881569,0.0094044530130339,61.93708629028679,US
FTCS,First Trust Capital Strength ETF,ETF,ETF,100.16999816894533,1.3866346911647445,-0.0151923736764023,65.95503659468727,US
FTDR,"Frontdoor, Inc.",Consumer Cyclical,Personal Services,90.83000183105467,25.05852301513095,0.5676334657445856,78.49065939743113,US
FTEC,Fidelity MSCI Information Technology Index ETF,ETF,ETF,289.8399963378906,7.308400513996902,0.3767371881728749,61.77359427893035,US
FTGC,First Trust Global Tactical Commodity Strategy Fund,ETF,ETF,28.90999984741211,-0.1036651212573473,0.0132313637240741,55.68766378070635,US
FTH,"Faeth Therapeutics, Inc.",Healthcare,Biotechnology,24.38999938964844,-10.46255655439287,-0.0050458375446872,42.53318207113944,US
FTHB,FIS Faith Income ETF,EQUITY,EQUITY,25.28499984741211,0.6969304373031504,0.0021230943394388,57.10994949908315,US
FTI,TechnipFMC plc,Energy,Oil & Gas Equipment & Services,69.62000274658203,-2.8467775764376717,0.040391740537689,46.08027485155116,US
FTIF,First Trust Bloomberg Inflation Sensitive Equity ETF,ETF,ETF,28.07200050354004,-0.0889761128293412,-0.0019396595404659,58.27482401349556,US
FTKI,First Trust Small Cap BuyWrite Income ETF,ETF,ETF,20.233299255371094,1.7311042157113588,0.0024718613603722,63.76630858633577,US
FTMH,Putnam ETF Trust - Putnam Franklin Municipal High Yield ETF,ETF,ETF,11.619999885559082,0.7893104436062007,0.0054180347051045,50.45402262750272,US
FTMN,Franklin Minnesota Municipal Income ETF,ETF,ETF,8.75,0.6788633685695017,0.0036951883582714,50.6456776688134,US
FTMS,Putnam ETF Trust - Putnam Franklin Short Term Municipal Income ETF,ETF,ETF,9.890000343322754,0.2839168181743897,0.0009773388237914,55.15745810330091,US
FTMU,Putnam ETF Trust - Franklin Municipal Income ETF,ETF,ETF,7.771699905395508,0.6175485324077935,0.0017129895893619,47.30180373777174,US
FTNJ,Franklin New Jersey Municipal Income ETF,ETF,ETF,8.694999694824219,0.6482203525294282,0.0026790864776651,50.7014751754642,US
FTNT,"Fortinet, Inc.",Technology,Software - Infrastructure,159.63999938964844,-1.426364681767796,-0.1990039916291239,53.80246772118052,US
FTNY,Putnam ETF Trust - Putnam Franklin New York Municipal Income ETF,ETF,ETF,7.809999942779541,1.0479928636688178,0.0030960696359775,49.651945581596735,US
FTOH,Franklin Ohio Municipal Income ETF,ETF,ETF,8.364999771118164,0.8925384612818668,0.0038217157035072,55.113304980133925,US
FTQI,First Trust Nasdaq BuyWrite Income ETF,ETF,ETF,22.21999931335449,2.538067536336664,0.0112991555079935,60.25854306274999,US
FTRB,Federated Hermes Total Return Bond ETF,ETF,ETF,24.81999969482422,0.4858256201546975,0.0024535881769568,51.859265174931,US
FTRE,Fortrea Holdings Inc.,Healthcare,Biotechnology,18.43000030517578,-3.860197017073904,-0.0005165548812612,51.17187606729565,US
FTSM,First Trust Enhanced Short Maturity ETF,ETF,ETF,59.78499984741211,0.0920815429387194,0.0006195245223896,85.60749868296395,US
FTWO,Strive Natural Resources and Security ETF,ETF,ETF,45.6885986328125,4.62239649302907,0.0296837138607458,64.66307625234714,US
FTXG,First Trust Nasdaq Food & Beverage ETF,ETF,ETF,22.78459930419922,-0.5256554413311486,-0.0055315361628922,48.71414352543766,US
FTXL,First Trust Nasdaq Semiconductor ETF,ETF,ETF,236.4900054931641,9.213084338037085,0.7468369611149068,50.63053570760564,US
FTXN,First Trust Nasdaq Oil & Gas ETF,ETF,ETF,36.18000030517578,-3.4607915356616727,-0.02595345772472,50.03123442586256,US
FULT,Fulton Financial Corporation,Financial Services,Banks - Regional,24.239999771118164,-0.3699143151258235,-0.0200333128399072,50.15646267158286,US
FUMB,First Trust Ultra Short Duration Municipal ETF,ETF,ETF,20.075000762939453,0.174649929207293,0.0005987283598596,58.28840100873526,US
FUN,Six Flags Entertainment Corporation,Consumer Cyclical,Leisure,16.3700008392334,-5.539521573565931,-0.0487591421215223,38.67017876156315,US
FUSI,American Century Multisector Floating Income ETF,ETF,ETF,50.435001373291016,0.027811493455258,0.0018634287472801,59.07011812843307,US
FV,First Trust Dorsey Wright Focus 5 ETF,ETF,ETF,72.58000183105469,4.40462065770743,0.0942927967596438,56.77169165945233,US
FVD,First Trust VL Dividend,ETF,ETF,50.84000015258789,1.396092483965946,0.0020836623197753,65.0648644617198,US
FVR,"FrontView REIT, Inc.",Real Estate,REIT - Diversified,19.82999992370605,-2.5073757377378767,0.0119013542835305,40.393345106838105,US
FVRR,Fiverr International Ltd.,Communication Services,Internet Content & Information,9.420000076293944,5.487119309885832,0.02991476450875,42.34487851338495,US
FWD,AB Disruptors ETF,ETF,ETF,132.42999267578125,5.63975114151833,0.1967233642174646,51.85661428100152,US
FWONA,Formula One Group,Communication Services,Entertainment,93.95999908447266,4.6208680978655705,0.2842308928101569,62.13431459829813,US
FWRD,Forward Air Corporation,Industrials,Integrated Freight & Logistics,19.350000381469727,37.72242077427086,0.1878315144049454,75.27375893961958,US
FXB,Invesco CurrencyShares British Pound Sterling Trust,ETF,ETF,129.7010040283203,0.1908085399905255,0.0157358346557691,61.59664815750944,US
FXC,Invesco CurrencyShares Canadian Dollar Trust,ETF,ETF,70.05999755859375,0.468936524696875,0.0209391855027514,63.583327833345614,US
FXD,First Trust Consumer Discretionary AlphaDEX Fund,ETF,ETF,71.75910186767578,2.556953859882579,0.0023142362761392,59.42872130249242,US
FXG,First Trust Consumer Staples AlphaDEX Fund,ETF,ETF,64.97489929199219,0.5492054013088509,-0.0137185649914094,54.82551885286679,US
FXH,First Trust Health Care AlphaDEX Fund,ETF,ETF,130.97000122070312,3.061063372362837,0.1355164997035296,70.1870479126136,US
FXI,iShares China Large-Cap ETF,ETF,ETF,36.16999816894531,-0.9041146056292808,-0.0346369080204918,64.97918569047496,US
FXN,First Trust Energy AlphaDEX Fund,ETF,ETF,21.440000534057617,-3.0303032917161548,-0.0153420406436704,50.55709138157842,US
FXO,First Trust Financials AlphaDEX Fund,ETF,ETF,66.5199966430664,0.9867828592402828,-0.034192688736709,64.59939937992044,US
FXP,ProShares UltraShort FTSE China 50,ETF,ETF,19.437400817871094,1.9265921810506963,0.0414513312213083,35.58667117280915,US
FXR,First Trust Industrials/Producer Durables AlphaDEX Fund,ETF,ETF,91.6999969482422,3.89756937315959,0.0213987058917268,60.17277041911139,US
FXU,First Trust Utilities AlphaDEX Fund,ETF,ETF,48.08000183105469,-0.8250777948814915,0.0224514206382452,39.38004271253287,US
FYEE,Fidelity Yield Enhanced Equity ETF,ETF,ETF,30.1200008392334,1.6537350399780413,0.0027385277572321,67.58742788079803,US
FYLD,Cambria Foreign Shareholder Yield ETF,ETF,ETF,39.68999862670898,0.9666681255222648,0.0101198601489886,71.50226713522318,US
FYT,FYT,ETF,ETF,72.95999908447266,1.3192569366196625,-0.0140360881388821,60.84679606903634,US
G,Genpact Limited,Technology,Information Technology Services,34.290000915527344,-2.50212482011158,-0.1755410180012595,56.98132386272289,US
GAA,Cambria Global Asset Allocation ETF,ETF,ETF,35.40999984741211,1.8406654622448653,0.0172563248256529,65.02897383877459,US
GAB,GAB,Financial Services,Asset Management,5.739999771118164,2.3172840376087662,0.0033709429628318,58.00945388873944,US
GABC,"German American Bancorp, Inc.",Financial Services,Banks - Regional,50.5,-0.7468574295163845,-0.0725857206060534,62.91267218921923,US
GAIN,Gladstone Investment Corporatio,Financial Services,Asset Management,16.59000015258789,2.724461575545593,-0.0088329938892933,56.18819263767266,US
GAM,"General American Investors Company, Inc.",Financial Services,Asset Management,67.12999725341797,3.27691885141226,0.033375467990243,73.12657499283831,US
GAMI,"GAMCO Investors, Inc.",Financial Services,Asset Management,25.5,5.154639175257731,0.0464926236288302,63.61375522327484,US
GAP,"Gap, Inc. (The)",Consumer Cyclical,Apparel Retail,20.46999931335449,1.8914841109030651,-0.0195520204182548,54.182384345005296,US
GATX,GATX Corporation,Industrials,Rental & Leasing Services,177.7100067138672,-0.6485092161825916,-0.1431823435329788,46.32075567962964,US
GAVA,Grayscale Avalanche Staking ETF,ETF,ETF,15.600199699401855,0.4520281238744969,-0.0265273772235998,44.3921098818299,US
GBCI,"Glacier Bancorp, Inc.",Financial Services,Banks - Regional,48.75,-1.0955587451759057,-0.0114900119481598,42.40814716394846,US
GBFH,GBank Financial Holdings Inc.,Financial Services,Banks - Regional,20.8799991607666,0.2881818771462253,0.1321960619051079,26.0227124885039,US
GBHI,Gabelli High Income ETF,EQUITY,EQUITY,25.21999931335449,0.3261946991824911,0.0025606557858014,57.85766277881897,US
GBIL,Goldman Sachs Access Treasury 0-1 Year ETF,ETF,ETF,99.97000122070312,0.0951201208541927,0.0016134074467782,99.99054554588967,US
GBND,Goldman Sachs Core Bond ETF,ETF,ETF,49.79999923706055,0.579643216829939,0.0056000337173262,50.79919202111928,US
GBTC,Grayscale Bitcoin Trust ETF,ETF,ETF,50.29999923706055,3.2218340028167542,0.0235541861521776,52.17919269630512,US
GBTG,"Global Business Travel Group, Inc.",Consumer Cyclical,Travel Services,9.460000038146973,0.2118692653888844,0.0023089236692531,76.2652419705056,US
GBX,"The Greenbrier Companies, Inc.",Industrials,Railroads,47.220001220703125,-4.121824932582487,-0.1154878471225446,41.57429286275389,US
GCAL,Goldman Sachs Dynamic California Municipal Income ETF,ETF,ETF,50.650001525878906,0.6378091544702692,0.0174374611567659,56.038160288771415,US
GCBC,"Greene County Bancorp, Inc.",Financial Services,Banks - Regional,34.56999969482422,3.317395818061053,-0.008393896246616,63.54415763953695,US
GCC,WisdomTree Enhanced Commodity Strategy Fund,ETF,ETF,24.590599060058597,1.5301393774183931,0.0143738307977357,61.97413275955719,US
GCO,Genesco Inc.,Consumer Cyclical,Apparel Retail,37.97999954223633,-0.6279478566232803,-0.1144634154427213,54.26540529417706,US
GCOR,Goldman Sachs Access U.S. Aggregate Bond ETF,ETF,ETF,40.560001373291016,0.5653095227826292,0.0046567909134721,49.790488346456726,US
GCOW,Pacer Global Cash Cows Dividend ETF,ETF,ETF,46.970001220703125,1.1194842825030886,0.0037709408516089,70.4537890254353,US
GCT,GCT,N/A,N/A,53.25,21.74210781115488,0.1714452286246914,85.65466746748152,US
GD,General Dynamics Corporation,Industrials,Aerospace & Defense,392.0499877929688,2.25078870768464,0.2906660263587097,66.33022821016861,US
GDE,WisdomTree Efficient Gold Plus Equity Strategy Fund,ETF,ETF,67.33000183105469,10.196405094138116,0.1527608339413056,67.71786375408772,US
GDIV,Harbor Dividend Growth Leaders ETF,ETF,ETF,19.106800079345703,1.577887410048635,0.0027394720051041,64.99543839848056,US
GDMA,Gadsden Dynamic Multi-Asset ETF,ETF,ETF,42.68830108642578,0.1602584614095745,0.000420057626929,58.46442941149481,US
GDMN,GDMN,N/A,N/A,89.58000183105469,24.38212441888365,0.5074788722154235,69.22598430056118,US
GDOC,Goldman Sachs Future Health Care Equity ETF,ETF,ETF,36.52000045776367,1.7383567832291047,0.0372129937947754,62.5066701441932,US
GDOG,Grayscale Dogecoin Trust ETF,ETF,ETF,8.180999755859375,-0.2073700714708989,0.000990400994235,39.966118866820274,US
GDX,VanEck Gold Miners ETF,ETF,ETF,89.88999938964844,21.30904350968629,0.464602674315075,70.38936609245135,US
GDXJ,VanEck Junior Gold Miners ETF,ETF,ETF,117.62000274658205,23.304333262576744,0.6361914096020738,68.66383941302934,US
GDXW,Roundhill Gold Miners Weeklypay ETF,ETF,ETF,42.5,25.139869620509376,0.2538751065010534,70.08075748155734,US
GDXY,YieldMax Gold Miners Option Income Strategy ETF,ETF,ETF,11.050000190734863,16.922171060797332,0.0431419580502829,69.98525123913319,US
GDYN,"Grid Dynamics Holdings, Inc.",Technology,Information Technology Services,7.579999923706055,10.014514812645556,-0.0066959949028165,73.95034907792295,US
GE,GE Aerospace,Industrials,Aerospace & Defense,370.0799865722656,2.7800091772246844,-0.4965404687139791,57.40183621443943,US
GEHC,GE HealthCare Technologies Inc.,Healthcare,Medical Devices,71.7699966430664,5.5130846590276255,0.0033676706812728,64.77895280552548,US
GEL,"Genesis Energy, L.P.",Energy,Oil & Gas Midstream,15.079999923706056,-1.5022892854786924,-0.0121712403887151,54.98198026307542,US
GEMD,Goldman Sachs Access Emerging Markets USD Bond ETF,ETF,ETF,41.73080062866211,0.9233635982534816,0.0079865941143272,52.84044890259969,US
GEMI,"Gemini Space Station, Inc.",Financial Services,Capital Markets,4.090000152587891,4.871796219855181,0.0087861187813913,45.79295657625376,US
GENB,"Generate Biomedicines, Inc.",Healthcare,Biotechnology,14.350000381469728,2.5000027247837613,0.0181979128520793,51.167978177661645,US
GEND,Genter Capital Dividend Income ETF,ETF,ETF,13.10200023651123,-0.0991195946153285,-0.0081405967316171,53.04181717985865,US
GENI,Genius Sports Limited,Communication Services,Internet Content & Information,7.590000152587891,9.52381443864327,-0.0328476084603778,59.42827766742611,US
GENM,Genter Capital Municipal Quality Intermediate ETF,ETF,ETF,10.220000267028809,0.6896615874816289,0.0035453007950304,54.35555060557987,US
GENW,Genter Capital International Dividend ETF,ETF,ETF,15.560999870300291,-0.0706375538363314,-0.0023547464447661,64.02121979667766,US
GEO,Geo Group Inc (The) REIT,Industrials,Security & Protection Services,30.690000534057617,-0.647455032510755,-0.0088685862568596,54.759431829800455,US
GEQ,Cambria Global EW 2 ETF,EQUITY,EQUITY,52.45709991455078,3.486094566415507,0.0162148870551154,65.4198471440776,US
GETY,"Getty Images Holdings, Inc.",Communication Services,Internet Content & Information,0.4368000030517578,17.419352874630206,0.0016327720494013,38.041999753628126,US
GEV,GE Vernova Inc.,Industrials,Specialty Industrial Machinery,990.3200073242188,0.0030323741067054,-0.0436135380220719,46.13608887233236,US
GEVG,Leverage Shares 2X Long GEV Daily ETF,ETF,ETF,24.714599609375,-0.6248541399855801,0.0057284081292254,44.11505896025782,US
GFF,Griffon Corporation,Industrials,Building Products & Equipment,107.22000122070312,24.428459439545392,0.4153530551377429,71.62534668633481,US
GFLW,VictoryShares Free Cash Flow Growth ETF,ETF,ETF,33.708499908447266,5.306159562562289,0.0410850297853061,60.282433359738334,US
GFS,GLOBALFOUNDRIES Inc.,Technology,Semiconductors,53.93000030517578,7.881573303499486,0.3914318098251304,42.22657684442247,US
GGM,GGM Macro Alignment ETF,ETF,ETF,31.33650016784668,2.093242713871111,0.002902333549642,68.49542549687504,US
GGOV,iShares Global Government Bond USD Hedged Active ETF,ETF,ETF,50.2400016784668,0.3395286292764874,-9.152071129430587e-06,56.890282642672425,US
GGUS,Goldman Sachs MarketBeta Russell 1000 Growth Equity ETF,ETF,ETF,67.6885986328125,5.237249617492379,0.0548840033301574,58.701728266253966,US
GHC,Graham Holdings Company,Industrials,Conglomerates,1185.7099609375,-1.4814694606162648,-1.902602344190088,50.9972272311529,US
GHM,Graham Corporation,Industrials,Specialty Industrial Machinery,111.68000030517578,16.454638715556843,0.6587086653557501,58.04780306535067,US
GHRS,GH Research PLC,Healthcare,Biotechnology,30.270000457763672,7.837551787879455,0.0338577062260849,66.05742805706703,US
GHY,"PGIM Global High Yield Fund, Inc",Financial Services,Asset Management,11.789999961853027,1.1149238091094056,0.0063283102181625,51.83817980120043,US
GHYG,iShares US & Intl High Yield Corp Bond ETF,ETF,ETF,45.2401008605957,0.6565828629997025,0.0049210511374391,65.59923617342287,US
GIC,Global Industrial Company,Industrials,Industrial Distribution,39.130001068115234,9.485168523903283,0.0042198274413268,73.79162244793109,US
GIGB,Goldman Sachs Access Investment Grade Corporate Bond ETF,ETF,ETF,45.05860137939453,0.6536181633638937,0.0041855912688479,49.59631096018266,US
GIGL,Goldman Sachs Corporate Bond ETF,ETF,ETF,49.7150993347168,0.6480390201166875,0.0058894597610173,50.63819390869022,US
GII,State Street SPDR S&P Global Infrastructure ETF,ETF,ETF,75.16999816894531,-1.1831228204147637,-0.0104013469640728,41.85488826760343,US
GIII,"G-III Apparel Group, Ltd.",Consumer Cyclical,Apparel Manufacturing,35.459999084472656,-2.6091754103837927,-0.0647093925387112,50.947277570708806,US
GILD,"Gilead Sciences, Inc.",Healthcare,Drug Manufacturers - General,133.2100067138672,2.3039703903805298,0.0861132034665863,53.56485201369927,US
GIND,Goldman Sachs India Equity ETF,ETF,ETF,25.045000076293945,1.4501551328746798,-0.0076026931566812,61.815015223693976,US
GINN,Goldman Sachs Innovate Equity ETF,ETF,ETF,82.01000213623047,4.1992252439942455,0.0502386620866186,66.09267676715416,US
GISC,Guggenheim Securitized Income ETF,EQUITY,EQUITY,49.9900016784668,0.2111115631355638,-0.0009428598222235,61.26950220507096,US
GJUN,GJUN,N/A,N/A,41.970699310302734,1.5993655653540917,0.0057425231987801,66.98178981220208,US
GK,AdvisorShares Gerber Kawasaki ETF,ETF,ETF,29.35400009155273,4.880660209204544,0.0192050888445908,57.54143334741111,US
GKAT,Scharf Global Opportunity ETF,ETF,ETF,45.235599517822266,2.384682291885216,-0.0051379959308703,68.72698106355153,US
GLAD,Gladstone Capital Corporation,Financial Services,Asset Management,19.729999542236328,5.677554695290586,0.0354962692969116,58.48346762823263,US
GLBE,Global-E Online Ltd.,Consumer Cyclical,Internet Retail,42.31999969482422,7.6570801739486365,0.0343756297348307,68.3937673809493,US
GLDB,IDX Alternative FIAT ETF,ETF,ETF,20.881200790405277,7.607317967144852,0.0364450693904686,60.20041525853143,US
GLDI,UBS ETRACS Gold Shares Covered Call ETN,ETF,ETF,147.96389770507812,4.699828184500888,0.1817037049242705,64.52883893030477,US
GLDM,SPDR Gold MiniShares,ETF,ETF,85.94999694824219,7.249809836340251,0.1696105619443222,65.47473616979379,US
GLDN,Nicholas Gold Income ETF,EQUITY,EQUITY,16.23900032043457,16.241947101181704,0.0697723876830226,69.39625728405207,US
GLDW,Roundhill Gold WeeklyPay ETF,ETF,ETF,43.540000915527344,8.281526751739193,0.098447289414331,64.237006856101,US
GLGG,Leverage Shares 2X Long GLXY Daily ETF,ETF,ETF,3.619999885559082,-10.881337623381034,0.0196606073920793,37.79338291846653,US
GLIX,Lazard Listed Infrastructure ETF,ETF,ETF,27.59000015258789,0.6199856886248497,0.0092637827861918,48.0052069670452,US
GLNG,Golar LNG Limited,Energy,Oil & Gas Midstream,50.43000030517578,2.604270070313057,0.0236519377435457,53.87764578131701,US
GLNK,Grayscale Chainlink Trust ETF,ETF,ETF,7.260000228881836,0.4149406601549925,-0.0010881190137426,48.67278111878092,US
GLOB,Globant S.A.,Technology,Information Technology Services,37.400001525878906,2.185800778990397,-0.1176735187556139,60.13406005056787,US
GLOF,iShares Global Equity Factor ETF,ETF,ETF,61.09439849853516,3.0972504812065047,0.0239957825592218,66.41469439444086,US
GLOO,"Gloo Holdings, Inc.",Technology,Software - Application,3.5899999141693115,11.14550752229066,0.0099126493588836,50.23260803897098,US
GLOW,VictoryShares WestEnd Global Equity ETF,ETF,ETF,35.27009963989258,3.279935765639309,0.0185805443025128,64.80675032144615,US
GLP,Global Partners LP,Energy,Oil & Gas Midstream,50.18000030517578,1.4352113744754118,0.0733505944715033,60.18606387232319,US
GLRE,"Greenlight Capital Re, Ltd.",Financial Services,Insurance - Reinsurance,15.510000228881836,-6.846843337940372,-0.0256598189867032,37.33833606293091,US
GLRY,Inspire Growth ETF,ETF,ETF,41.442501068115234,0.4471900008293624,0.0013819060860116,49.94493596852831,US
GLUE,"Monte Rosa Therapeutics, Inc.",Healthcare,Biotechnology,15.880000114440918,-3.874093980560285,0.0990001366201199,31.382179767322683,US
GLW,Corning Incorporated,Technology,Electronic Components,165.67999267578125,19.840862694959316,1.036111181019697,51.61135999689336,US
GM,General Motors Company,Consumer Cyclical,Auto Manufacturers,87.58000183105469,-1.4404667685178525,-0.1788870544986061,60.8842013133484,US
GMAY,FT Vest U.S. Equity Moderate Buffer ETF - May,ETF,ETF,43.93999862670898,1.6071215446644207,0.0068774357741531,66.38579442565901,US
GMEU,T-Rex 2X Long GME Daily Target ETF,ETF,ETF,5.864999771118164,-24.61440086178814,0.0086327120884911,28.85605351377177,US
GMMA,Gammaroad Market Navigation ETF,ETF,ETF,21.959999084472656,2.6647952832577766,0.0036997154398094,63.3012605800248,US
GMMF,iShares Government Money Market ETF,ETF,ETF,100.3000030517578,0.0678357783493344,0.0003418090099094,99.69593767841042,US
GMOM,Cambria Global Momentum ETF,ETF,ETF,37.20240020751953,1.3220066074876202,0.0109504580513594,64.42866369840465,US
GMOV,GMO U.S. Value ETF,ETF,ETF,32.22999954223633,2.2622690591888093,0.0016401104400954,71.1154510220257,US
GNL,"Global Net Lease, Inc.",Real Estate,REIT - Diversified,9.229999542236328,5.848615362271005,0.031182311802281,60.46839015301943,US
GNOM,Global X Genomics & Biotechnology ETF,ETF,ETF,58.17369842529297,7.390992046669305,0.1727333328460448,64.356469776979,US
GNR,State Street SPDR S&P Global Natural Resources ETF,ETF,ETF,74.04000091552734,2.2934563762103286,0.0062535292114577,68.17258028530992,US
GNTX,Gentex Corporation,Consumer Cyclical,Auto Parts,24.07999992370605,3.082188760883154,0.0238875213842701,51.25062460405976,US
GOAU,U.S. Global GO GOLD and Precious Metal Miners ETF,ETF,ETF,44.43999862670898,22.18861680457579,0.2298191364799262,70.65055844151986,US
GOGO,Gogo Inc.,Communication Services,Telecom Services,3.634999990463257,-13.03827416882888,-0.0433402806028833,44.58458812805293,US
GOLD,"Gold.com, Inc.",Financial Services,Capital Markets,43.5099983215332,5.1982535770164855,0.0293532315716292,58.72693117043401,US
GOLF,Acushnet Holdings Corp.,Consumer Cyclical,Leisure,93.29000091552734,-7.879920995420932,-0.1816366138145959,28.475811886508534,US
GOLS,Gabelli Opportunities in Live and Sports ETF,EQUITY,EQUITY,26.76650047302246,1.5729401998561523,0.0088950458067301,58.30627590045004,US
GOLY,Strategy Shares - Strategy Shares Gold Enhanced Yield ETF,ETF,ETF,26.84499931335449,7.724716015919167,0.0604253683494728,65.73160267208442,US
GOOD,Gladstone Commercial Corporation,Real Estate,REIT - Diversified,12.949999809265137,3.5999984741210938,0.0252070737747228,57.416470988754845,US
GOOG,Alphabet Inc.,Communication Services,Internet Content & Information,353.4700012207031,-0.8916284116646375,-0.7070246472742565,50.99382068104618,US
GOOP,Kurv Yield Premium Strategy Google ETF,ETF,ETF,37.94160079956055,-2.9130014794152777,-0.0622179040092062,45.42118504814623,US
GOOW,Roundhill GOOGL WeeklyPay ETF,ETF,ETF,64.70999908447266,-1.2121378005856225,-0.1740175981167756,49.86401685910636,US
GOOY,YieldMax GOOGL Option Income Strategy ETF,ETF,ETF,12.65999984741211,0.0201321549392343,-0.0171360041566324,50.52006586061431,US
GOP,Unusual Whales Subversive Republican Trading ETF,ETF,ETF,44.78099822998047,2.8006643165425413,0.0129490825020929,58.7802747845282,US
GOTU,Gaotu Techedu Inc.,Consumer Defensive,Education & Training Services,1.830000042915344,0.5494500096186173,-0.0057208163576444,55.644307471917045,US
GOVM,iShares 1-10 Year Treasury Bond,ETF,ETF,24.82999992370605,0.0608601605223243,-0.0013154567360691,50.93726694413486,US
GPAT,GP-Act III Acquisition Corp.,Financial Services,Shell Companies,11.15999984741211,2.197800086459484,0.0027486084573768,70.9009201414705,US
GPGI,"GPGI, Inc.",Industrials,Metal Fabrication,14.989999771118164,13.560605967559322,0.004851104803811,54.05361113340603,US
GPIQ,Goldman Sachs Nasdaq-100 Premiu,ETF,ETF,57.290000915527344,4.099284992069985,0.05158584066836,56.80850161978011,US
GPIX,Goldman Sachs S&P 500 Premium Income ETF,ETF,ETF,56.380001068115234,2.5314581739916164,0.0151918091921567,65.957703212701,US
GPRE,GPRE,N/A,N/A,14.649999618530272,-13.056384054203566,-0.0840288547729022,37.4339489899992,US
GPRK,GeoPark Limited,Energy,Oil & Gas E&P,9.43000030517578,-3.2820481520432696,0.0007131079250259,44.90839089920007,US
GPT,Intelligent Alpha Atlas ETF,ETF,ETF,34.35810089111328,2.785481211413805,0.020742648088389,59.600031304275305,US
GPZ,VanEck Alternative Asset Manager ETF,ETF,ETF,24.739999771118164,6.180260005189953,-0.0117274584621555,66.96955253483205,US
GQGU,GQG US Equity ETF,ETF,ETF,26.780000686645508,2.1357795116561773,0.0020102608212776,67.19277549400562,US
GQI,Natixis Gateway Quality Income ETF,ETF,ETF,60.27000045776367,1.7953953285792708,0.0072482492076976,65.85605142292364,US
GQQQ,Astoria US Quality Growth Kings ETF,ETF,ETF,36.12779998779297,4.069710007187653,0.0222415433771262,59.22445047099914,US
GRID,First Trust NASDAQ Clean Edge Smart Grid Infrastructure Index Fund,ETF,ETF,186.42999267578125,3.947580892848848,0.060373835264706,56.19441268320844,US
GRMN,Garmin Ltd.,Technology,Scientific & Technical Instruments,310.8900146484375,5.824091476695313,-0.3439209206805067,77.91312543664779,US
GRNB,VanEck Green Bond ETF,ETF,ETF,23.84000015258789,0.6076936754443927,0.0021025419882976,55.05754111893613,US
GRNJ,Fundstrat Granny Shots US Small- & Mid-Cap ETF,EQUITY,EQUITY,30.76000022888184,9.078012044973926,0.0749229461411307,59.43470897391374,US
GRNT,"Granite Ridge Resources, Inc.",Energy,Oil & Gas E&P,4.880000114440918,2.7368445145456417,0.0106599147577643,57.268990946834585,US
GRNY,Fundstrat Granny Shots US Large Cap ETF,ETF,ETF,27.84000015258789,3.0729356411427737,0.0122375523387251,57.66708514134557,US
GRPM,GRPM,N/A,N/A,143.2779998779297,5.857401859554211,0.1432369101891257,77.54778262595536,US
GRPZ,Invesco S&P Smallcap 600 GARP ETF,ETF,ETF,33.6239013671875,3.828750430985181,-0.0085166827818679,65.84800978836427,US
GRRR,Gorilla Technology Group Inc.,Technology,Software - Infrastructure,13.149999618530272,18.57528798556125,0.102437978909089,48.124603426752245,US
GRVY,"Gravity Co., Ltd.",Communication Services,Electronic Gaming & Multimedia,68.12000274658203,9.959647954247773,0.4156881190397253,67.57759751203437,US
GRW,TCW Durable Growth ETF,ETF,ETF,32.68470001220703,2.6497296549975817,-0.0053925444899368,62.434845132400746,US
GS,"Goldman Sachs Group, Inc. (The)",Financial Services,Capital Markets,1039.6099853515625,2.084681589088445,0.6299455885349716,48.59456979516545,US
GSBD,GSBD,N/A,N/A,9.75,13.24042263391565,0.0521564538711544,68.29606226637573,US
GSG,iShares S&P GSCI Commodity-Indexed Trust,ETF,ETF,31.09000015258789,-2.965045991865313,0.0074439017391795,49.91421819241428,US
GSGO,Goldman Sachs Growth Opportunities ETF,ETF,ETF,45.10129928588867,5.170460949121683,0.0296413901566707,59.4878354422678,US
GSHD,"Goosehead Insurance, Inc.",Financial Services,Insurance Brokers,65.19999694824219,5.161285400390625,-0.2608202401969315,59.943996002509984,US
GSIB,Themes Global Systemically Important Banks ETF,ETF,ETF,64.5958023071289,0.2075708564268437,-0.0189193490629508,62.74779034135615,US
GSID,Goldman Sachs MarketBeta International Equity ETF,ETF,ETF,78.43489837646484,2.663477499927351,0.0334394743851128,65.84096390266168,US
GSIE,Goldman Sachs ActiveBeta International Equity ETF,ETF,ETF,48.2599983215332,2.659008816487088,0.0218780066407849,70.28580598348364,US
GSJY,Goldman Sachs ActiveBeta Japan Equity ETF,ETF,ETF,55.10530090332031,4.326583153539905,0.0681982534927118,66.58942979819801,US
GSL,Global Ship Lease Inc New,Industrials,Marine Shipping,42.43999862670898,-4.285073340866945,-0.0785827774685923,53.88291680773721,US
GSLC,Goldman Sachs ActiveBeta U.S. Large Cap Equity ETF,ETF,ETF,147.8699951171875,3.5504145357700523,0.0674078165375565,68.60183720518835,US
GSM,Ferroglobe PLC,Basic Materials,Other Industrial Metals & Mining,4.489999771118164,41.19495839183523,0.0365839475720295,76.47952162523227,US
GSOL,Grayscale Solana Staking ETF,ETF,ETF,5.599999904632568,1.6333878768095147,0.0056657839270005,48.33692206254832,US
GSPY,Gotham Enhanced 500 ETF,ETF,ETF,42.39730072021485,3.168997349623236,0.0068042220231592,66.64950307406426,US
GSUI,Grayscale Sui Staking ETF,ETF,ETF,9.770000457763672,-0.5091572160322952,-0.0034366065308293,38.514841426314256,US
GSUS,Goldman Sachs MarketBeta US Equity ETF,ETF,ETF,106.83000183105467,3.668120977539744,0.0456897136487211,66.2510292030845,US
GSY,Invesco Ultra Short Duration ET,ETF,ETF,50.20000076293945,0.1196676785428982,0.0009276752190521,83.89919148893156,US
GT,The Goodyear Tire & Rubber Comp,Consumer Cyclical,Auto Parts,6.440000057220459,-7.338126130086943,-0.0301966522833473,40.65597746145453,US
GTEK,Goldman Sachs Future Tech Leaders Equity ETF,ETF,ETF,58.38909912109375,8.328566731226346,0.1195955067184934,56.46547903539534,US
GTEN,"Gores Holdings X, Inc.",Financial Services,Shell Companies,10.56999969482422,0.8587801194568133,0.0056014644847167,66.12689848400728,US
GTES,Gates Industrial Corporation Ltd.,Industrials,Specialty Industrial Machinery,28.25,0.9649766339563416,-0.0682816803681068,55.10512680081919,US
GTLB,GitLab Inc.,Technology,Software - Infrastructure,38.970001220703125,12.923799235269778,0.1621963990867498,70.9123401876534,US
GTN,"Gray Media, Inc.",Communication Services,Broadcasting,5.369999885559082,32.92079050159257,0.0654082134566158,77.90074273842582,US
GTND,Goaltender ETF,EQUITY,EQUITY,25.520000457763672,4.0358733934203865,0.0108487161439546,58.24145359507867,US
GTOP,Goldman Sachs Technology Opportunities ETF,ETF,ETF,49.7495002746582,5.582675401472624,0.0442397268360275,59.25560630338867,US
GTOQ,Invesco High Yield Systematic Bond ETF,ETF,ETF,22.35639953613281,0.795307612849166,0.0033139567456479,65.27483689422857,US
GTPE,Goldman Sachs MSCI World Private Equity Return Tracker ETF,ETF,ETF,62.23690032958984,4.436598075771221,0.0543827240258872,62.9155305756064,US
GTR,WisdomTree Target Range Fund,ETF,ETF,27.71500015258789,1.8035527659952204,0.006279339542229,66.69253225858972,US
GTX,Garrett Motion Inc.,Consumer Cyclical,Auto Parts,29.850000381469727,-4.1733523370164445,-0.0487277186682372,41.66234572725708,US
GTY,Getty Realty Corporation,Real Estate,REIT - Retail,33.38999938964844,-2.19683659463511,0.014827700442327,39.8668455184404,US
GUNR,FlexShares Morningstar Global Upstream Natural Resources Index Fund,ETF,ETF,53.02000045776367,1.2991981337282428,0.0080883849127537,62.04245695156116,US
GURU,Global X Guru Index ETF,ETF,ETF,69.72560119628906,3.527249852991136,0.048485577841342,59.48980259750853,US
GUSH,Direxion Daily S&P Oil & Gas Exp. & Prod. Bull 2X Shares,ETF,ETF,35.2400016784668,-12.163502949497,-0.0943626641126976,46.79049106383621,US
GUT,GUT,Financial Services,Asset Management,6.239999771118164,-1.7322855931722927,-0.000938956118952,39.37785872252853,US
GVA,Granite Construction Incorporated,Industrials,Engineering & Construction,128.32000732421875,6.075891567617613,0.4838085018195279,51.1629555905208,US
GVAL,Cambria Global Value ETF,ETF,ETF,38.0,1.6314539189868065,0.0032383221587102,64.95111434606528,US
GVI,iShares Intermediate Government/Credit Bond ETF,ETF,ETF,105.41999816894533,0.4239101703191947,0.0075229157263279,55.90182100458734,US
GVIP,Goldman Sachs Hedge Industry VIP ETF,ETF,ETF,175.25,4.321682403380459,0.1908564090950473,51.459848780779616,US
GVLU,Gotham 1000 Value ETF,ETF,ETF,28.799999237060547,3.3740079185774383,0.00755589220514,73.04545595569822,US
GVUS,Goldman Sachs MarketBeta Russell 1000 Value Equity ETF,ETF,ETF,66.07769775390625,2.31913267325329,0.0073521977663009,71.17019325355558,US
GWW,"W.W. Grainger, Inc.",Industrials,Industrial Distribution,1277.550048828125,-7.57259510740213,-0.7735470191975153,35.16310369215694,US
GWX,State Street SPDR S&P International Small Cap ETF,ETF,ETF,45.630001068115234,6.01765821908593,0.040004790446453,64.75746367673494,US
GXDW,Global X Dorsey Wright Thematic ETF,ETF,ETF,24.332599639892575,5.404377755678917,0.0290126933925202,50.35610849537363,US
GXIG,Global X Investment Grade Corporate Bond ETF,ETF,ETF,24.420000076293945,0.3460469861143082,0.0009539249814243,47.015880216329066,US
GXLC,Global X U.S. 500 ETF,EQUITY,EQUITY,93.00309753417967,3.493597077073219,0.0364246920629089,65.8827775228774,US
GXO,"GXO Logistics, Inc.",Industrials,Integrated Freight & Logistics,48.22999954223633,-3.847688020428404,0.011023981277132,41.69459385842721,US
GXPC,Global X Purecap MSCI Communication Services ETF,ETF,ETF,30.170000076293945,1.7881265099843655,-0.016880042815377,50.990866960104015,US
GXPS,Global X Purecap MSCI Consumer Staples ETF,ETF,ETF,26.752700805664062,0.0100964697721962,-0.0057709729211205,50.80612161227296,US
GXRP,Grayscale XRP Trust ETF,ETF,ETF,19.82999992370605,-3.597470987344552,-0.0382341685892671,37.7756322310563,US
GXUS,Goldman Sachs MarketBeta(R) Total International Equity ETF,ETF,ETF,64.51110076904297,2.7099662666302744,0.0299181450720872,62.41696575637368,US
GYLD,Arrow Dow Jones Global Yield ETF,ETF,ETF,14.275099754333496,-1.0734618680966008,-0.0068223496990327,49.24563215850476,US
HAIL,State Street SPDR S&P Kensho Smart Mobility ETF,ETF,ETF,38.50690078735352,5.692372866803788,0.068314057145066,56.21081951705035,US
HAKY,Amplify HACK Cybersecurity Covered Call ETF,ETF,ETF,31.05500030517578,6.254494362041235,0.0320701411441458,62.13204786884725,US
HAL,Halliburton Company,Energy,Oil & Gas Equipment & Services,31.88999938964844,-1.1162809623304264,0.0051368295632703,39.85770922001294,US
HAPI,Harbor Human Capital Factor US Large Cap ETF,ETF,ETF,46.40340042114258,3.015656138118723,0.00757819650838,67.69947930626844,US
HAPS,Harbor Human Capital Factor US Small Cap ETF,ETF,ETF,37.97800064086914,1.5644614235911365,-0.0125704392541567,58.48584490644844,US
HARD,Simplify Commodities Strategy No K-1 ETF,ETF,ETF,30.00819969177246,-5.265187750939389,0.0080005982223378,42.9079171241244,US
HASI,"HA Sustainable Infrastructure Capital, Inc.",Financial Services,Asset Management,40.68000030517578,7.4201253037932515,0.1466840643512388,65.41212313410385,US
HAUZ,Xtrackers International Real Estate ETF,ETF,ETF,23.17480087280273,0.2803992243173986,0.0010894630123964,56.663752964480615,US
HAWK,"HawkEye 360, Inc.",Industrials,Aerospace & Defense,25.190000534057617,18.820752960034028,0.0246378636180255,63.231434215160654,US
HBAN,Huntington Bancshares Incorporated,Financial Services,Banks - Regional,17.549999237060547,2.992947735516128,0.0197300868255525,51.343693308423056,US
HBCP,"Home Bancorp, Inc.",Financial Services,Banks - Regional,71.87999725341797,1.210927416223024,-0.0471673007651787,62.20172811840053,US
HBDC,Hilton Bdc Corporate Bond ETF,ETF,ETF,24.725000381469727,0.3449715662614789,0.0016310996380403,58.38929757908126,US
HBNB,HBNB,N/A,N/A,5.510000228881836,1.1009251691109605,0.0026883401105111,47.97568339925515,US
HBTA,Horizon Expedition Plus ETF,ETF,ETF,32.44260025024414,3.650482559215864,0.0081759846599891,55.047853942382936,US
HCA,"HCA Healthcare, Inc.",Healthcare,Medical Care Facilities,413.3599853515625,2.675175516440977,0.0681113379877991,58.32398256020561,US
HCC,"Warrior Met Coal, Inc.",Basic Materials,Coking Coal,91.97000122070312,15.81664397351838,0.3885696020141416,67.87771561674049,US
HCMT,Direxion HCM Tactical Enhanced U.S. Equity Strategy ETF,ETF,ETF,42.09000015258789,8.336975285228409,0.0577663929531268,59.91546711605229,US
HCSG,"Healthcare Services Group, Inc.",Healthcare,Medical Care Facilities,22.229999542236328,-4.59227351871453,-0.00631812686512,39.96005671126332,US
HD,"Home Depot, Inc. (The)",Consumer Cyclical,Home Improvement Retail,355.6199951171875,7.127366029382225,0.4372554924482748,61.37222405278894,US
HDG,ProShares Hedge Replication ETF,ETF,ETF,54.857398986816406,1.1009964684169984,0.009448025786159,59.50847193329179,US
HDGE,AdvisorShares Ranger Equity Bear ETF,ETF,ETF,14.270000457763672,-5.684069069215765,-0.0030881320770216,29.87834701980105,US
HDLB,ETRACS Monthly Pay 2xLeveraged US High Dividend Low Volatility ETN,ETF,ETF,17.87150001525879,1.1174619852268433,0.0043187714140084,57.902837110596224,US
HDUS,Hartford Disciplined US Equity ETF,ETF,ETF,74.43659973144531,3.169228215118256,0.0173402617707715,67.954449133529,US
HDV,iShares Core High Dividend ETF,ETF,ETF,28.780000686645508,0.1740380967833723,-0.0034616881231177,60.96161711746508,US
HEAL,Global X HealthTech ETF,ETF,ETF,28.587099075317383,6.240144456064707,0.0674418391752317,61.67014570519037,US
HECO,State Street Galaxy Hedged Digital Asset Ecosystem ETF,ETF,ETF,64.24199676513672,0.4675976541130398,-0.0503789565688974,48.04370339191863,US
HEFA,iShares Currency Hedged MSCI EAFE ETF,ETF,ETF,47.63999938964844,2.561891511654044,0.0278566809261252,66.10252271213648,US
HEGD,Swan Hedged Equity US Large Cap ETF,ETF,ETF,27.3085994720459,2.62532448579717,0.0073770067580714,64.49906055318277,US
HEI,Heico Corporation,Industrials,Aerospace & Defense,367.5799865722656,3.148501987290793,0.035807034513092,62.96363450407603,US
HELE,Helen of Troy Limited,Consumer Defensive,Household & Personal Products,29.770000457763672,7.745209417290823,0.0498864606618105,57.625761935423135,US
HELO,Jpmorgan Hedged Equity Laddered Overlay ETF,ETF,ETF,69.86000061035156,2.0599031774618424,0.0099170196585901,70.6856458987712,US
HELS,Hedgeye 130/30 Equity ETF,EQUITY,EQUITY,24.299999237060547,0.6002837768297142,0.0176666044728717,49.43427803891248,US
HELX,Franklin Genomic Advancements ETF,ETF,ETF,41.33000183105469,6.435581022453969,0.1189826425685425,65.55934141575732,US
HEMI,Hartford Equity Premium Income ETF,ETF,ETF,42.47159957885742,2.395484166633788,0.0197332143452558,64.14706805326203,US
HEQQ,JPMorgan Nasdaq Hedged Equity Laddered Overlay ETF,ETF,ETF,61.25469970703125,2.244533238264107,0.0265730775271462,59.05835131420217,US
HERO,Global X Video Games & Esports ETF,ETF,ETF,27.387500762939453,4.9088325230913314,0.0424775466723315,66.58472284473677,US
HESM,Hess Midstream LP,Energy,Oil & Gas Midstream,39.79999923706055,-0.5672149258237611,-0.0038928917370448,57.57368353612171,US
HEWJ,iShares Currency Hedged MSCI Japan ETF,ETF,ETF,64.71219635009766,3.755327013506671,0.096077689749883,57.86589790410305,US
HEZU,iShares Currency Hedged MSCI Eurozone ETF,ETF,ETF,50.27000045776367,2.7386064668512717,0.0099502943122863,63.26078049864871,US
HF,DGA Core Plus Absolute Return ETF,ETF,ETF,22.73940086364746,1.801499630134725,0.0045404394267863,65.89620384025982,US
HFGM,Unlimited HFGM Global Macro ETF,ETF,ETF,31.0,1.8129271105040048,0.0141679625050355,51.49239667178946,US
HFGO,Hartford Large Cap Growth ETF,ETF,ETF,30.030000686645508,6.8683283949294935,0.0384022050183527,61.20727138286048,US
HFMF,Unlimited HFMF Managed Futures ETF,ETF,ETF,21.20499992370605,-1.289453601716454,-0.0015544867775151,38.79259647673741,US
HFRO,Highland Funds I - Highland Opportunities and Income Fund,Financial Services,Asset Management,7.340000152587891,-2.393614744616607,-0.0011208635202751,50.79030174879224,US
HFSI,Hartford Funds Exchange-Traded Trust - Hartford Strategic Income ETF,ETF,ETF,34.994998931884766,0.8501387967125885,0.0066069948523719,58.00671166651363,US
HFWA,Heritage Financial Corporation,Financial Services,Banks - Regional,29.5,0.0456096580439983,-0.0171691085608818,49.76056651461065,US
HGER,Harbor Commodity All-Weather Strategy ETF,ETF,ETF,32.650001525878906,1.55520987953151,0.0357476083459228,61.612428167595965,US
HGTY,"Hagerty, Inc.",Financial Services,Insurance - Property & Casualty,13.609999656677246,18.03989567977253,0.0453743207937629,72.27179035034123,US
HGV,Hilton Grand Vacations Inc.,Consumer Cyclical,Resorts & Casinos,45.65999984741211,-1.0403111152706617,-0.0019998806505785,39.47052947709568,US
HHH,Howard Hughes Holdings Inc.,Real Estate,Real Estate - Development,67.4800033569336,5.569470103204513,0.1369192450220199,49.71585928822663,US
HIBS,Direxion Daily S&P 500 High Beta Bear 3X Shares,ETF,ETF,19.020000457763672,-16.797900481459504,-0.0583991921058593,43.16357969091186,US
HIDV,AB US High Dividend ETF,ETF,ETF,92.75,3.10137943966354,0.0392058671339011,67.52277299188559,US
HIFS,Hingham Institution for Savings,Financial Services,Banks - Regional,301.57000732421875,5.981381219961017,0.1019876997754078,57.92485931198448,US
HIG,"The Hartford Insurance Group, Inc.",Financial Services,Insurance - Diversified,143.27999877929688,0.9653971403238678,-0.0680992895787997,57.59602740894967,US
HIGH,Simplify Enhanced Income ETF,ETF,ETF,21.94499969482422,2.7628197856945724,5.281338317092432e-06,60.3943245116204,US
HIMS,"Hims & Hers Health, Inc.",Healthcare,Drug Manufacturers - Specialty & Generic,31.59000015258789,13.755850312765332,0.1382890218293933,51.02378136219404,US
HKD,AMTD Digital Inc.,Technology,Software - Application,1.7000000476837158,5.590064135337639,0.0010867858570681,60.98715408627632,US
HKHC,Horizon Kinetics Holding Corporation,Financial Services,Asset Management,27.0,-2.702702702702702,-0.0181998950427939,41.16756807547776,US
HLAL,Wahed FTSE USA Shariah ETF,ETF,ETF,73.13999938964844,4.635189975739835,0.0506939793685725,62.23899449633057,US
HLF,Herbalife Ltd.,Consumer Defensive,Packaged Foods,12.350000381469728,-0.5636046247521944,0.007655355850542,49.41348605887725,US
HLIT,Harmonic Inc.,Technology,Communication Equipment,11.84000015258789,2.5108221390823737,0.0140569724100521,44.376932347106006,US
HLMN,Hillman Solutions Corp.,Industrials,Tools & Accessories,9.220000267028809,17.15375350826734,0.0039462800828745,66.06828882645343,US
HLNE,Hamilton Lane Incorporated,Financial Services,Asset Management,101.02999877929688,13.631756403079148,-0.0349318414015646,71.78273514801656,US
HLT,Hilton Worldwide Holdings Inc.,Consumer Cyclical,Lodging,317.6000061035156,-0.9017392801397396,-0.0484499422391766,43.0446360478305,US
HLX,"Helix Energy Solutions Group, I",Energy,Oil & Gas Equipment & Services,9.600000381469728,0.9463738214701668,0.0021375428704764,53.42247073486208,US
HMAY,Corgi U.S. Equities 100% Struct,ETF,ETF,25.299999237060547,0.3570018082361753,-0.0008133968440991,58.05844034696917,US
HMN,Horace Mann Educators Corporation,Financial Services,Insurance - Property & Casualty,52.220001220703125,0.2110930897393063,-0.0348572620417606,52.72392527499878,US
HMOP,Hartford Municipal Opportunities ETF,ETF,ETF,38.81999969482422,0.7526626647161184,0.0163179929399232,55.3451154166979,US
HNDL,Strategy Shares Nasdaq 7 Handl Index ETF,ETF,ETF,22.71999931335449,1.1170922258119471,0.0048963756266178,55.80286406178834,US
HNGE,"Hinge Health, Inc.",Healthcare,Health Information Services,89.33000183105469,19.569004049982084,0.7680864529033148,68.35364300209018,US
HNST,"The Honest Company, Inc.",Consumer Defensive,Household & Personal Products,5.460000038146973,49.58903823254106,0.0636984980591839,83.25458512127227,US
HODL,VanEck Bitcoin ETF,ETF,ETF,18.350000381469727,3.2058474286356096,0.0075207588573531,52.09020706895376,US
HOLD,Harbor Alpha Layering ETF,EQUITY,EQUITY,32.155601501464844,0.0018744275877777,0.0095513470522111,49.15040277179544,US
HOMB,"Home BancShares, Inc.",Financial Services,Banks - Regional,30.809999465942383,-0.8368208285664964,-0.0342686179967828,59.07929596646215,US
HON,Honeywell International Inc.,Industrials,Conglomerates,246.2100067138672,1.300145493697627,-0.1495432713254718,58.3004721738028,US
HOOD,"Robinhood Markets, Inc.",Financial Services,Capital Markets,93.29000091552734,7.774957886728168,0.3955980246663382,45.6761926593442,US
HOOG,Leverage Shares 2X Long HOOD Daily ETF,ETF,ETF,24.38999938964844,15.047162792020014,0.2203665496530282,43.658789154202346,US
HOOZ,Defiance Daily Target 2X Short HOOD ETF,EQUITY,EQUITY,12.62279987335205,-15.169356342264225,-0.1031637598037263,48.92608499235574,US
HOPE,"Hope Bancorp, Inc.",Financial Services,Banks - Regional,13.989999771118164,0.8466273222889694,-0.0114056792135369,59.80231942934898,US
HOYY,GraniteShares YieldBOOST HOOD ETF,ETF,ETF,5.074999809265137,0.4950419323971463,0.0017748842946589,36.146939716426026,US
HPE,Hewlett Packard Enterprise Company,Technology,Communication Equipment,53.220001220703125,11.106470825371447,0.0312768178742481,63.94927259837306,US
HPI,HPI,Financial Services,Asset Management,16.15999984741211,0.7481229740367533,0.0053598388314124,56.2878496251662,US
HPQ,HP Inc.,Technology,Computer Hardware,30.049999237060547,10.19434812112524,0.065277012028714,70.19071742533269,US
HPS,John Hancock Preferred Income Fund III,Financial Services,Asset Management,14.25,0.2109685823336463,0.0018099490977243,47.696026233615896,US
HQH,HQH,Financial Services,Asset Management,23.040000915527344,5.494508949429935,0.0193397660131405,75.52946052312154,US
HQL,HQL,Financial Services,Asset Management,20.6200008392334,7.958117420973106,0.0559225076744284,66.93136171441279,US
HQY,"HealthEquity, Inc.",Healthcare,Health Information Services,104.62999725341795,3.99562331644872,-0.049417724581902,64.95058263911015,US
HR,Healthcare Realty Trust Incorporated,Real Estate,REIT - Healthcare Facilities,19.96999931335449,-4.950028101844971,-0.0193897892529543,36.44102863576372,US
HRB,"H&R Block, Inc.",Consumer Cyclical,Personal Services,46.18999862670898,4.905745871670912,-0.0413505441443913,66.25416113221301,US
HRI,Herc Holdings Inc.,Industrials,Rental & Leasing Services,167.89999389648438,11.828956027064178,-0.0766252773785209,62.47658050868075,US
HRMY,"Harmony Biosciences Holdings, Inc.",Healthcare,Biotechnology,38.40999984741211,8.995454080475602,0.0040321216654362,61.36175361374088,US
HROW,"Harrow, Inc.",Healthcare,Drug Manufacturers - Specialty & Generic,40.43999862670898,4.307449443454665,0.1219625642069172,49.67822220572966,US
HRSK,Toews Agility Shares Hedged Risk ETF,EQUITY,EQUITY,25.858999252319336,3.435997009277344,0.0110480965687624,61.89095953409796,US
HRTS,HRTS,N/A,N/A,37.26470184326172,2.2772071873144544,0.035063188147979,60.7360929349685,US
HSCZ,iShares Currency Hedged MSCI EAFE Small-Cap ETF,ETF,ETF,43.94710159301758,2.800237644485563,0.0248256086067138,63.44655379243618,US
HSY,The Hershey Company,Consumer Defensive,Confectioners,182.3500061035156,4.170238745782477,0.0173726883489903,56.65968694220216,US
HTAX,Nomura National High-Yield Municipal Bond ETF,ETF,ETF,24.540000915527344,1.0708411100862996,0.0144705780295959,52.90717184529805,US
HTEC,Robo Global Healthcare Technology and Innovation ETF,ETF,ETF,40.61539840698242,5.582302136371367,0.0535127190818146,72.17986622672586,US
HTLD,"Heartland Express, Inc.",Industrials,Trucking,12.34000015258789,0.8994326612333481,0.0314841256520928,30.849626857162026,US
HTT,High Templar Tech Limited,Financial Services,Credit Services,2.5199999809265137,3.278685320900652,0.0017934656421796,47.35774981889385,US
HTUS,Hull Tactical US ETF,ETF,ETF,45.8942985534668,4.281527615990941,0.0108721467493803,69.38578799003363,US
HUBB,Hubbell Incorporated,Industrials,Electrical Equipment & Parts,513.989990234375,8.76944313022853,0.677374657718242,59.20168100164419,US
HULL,Corgi Shipping & Global Logistics ETF,ETF,ETF,26.26210021972656,-0.1061266444623918,-0.001384981616909,56.73939822231437,US
HUM,Humana Inc.,Healthcare,Healthcare Plans,385.0,5.809931154702807,1.804185242801596,53.81467775747953,US
HUMN,Roundhill Humanoid Robotics ETF,ETF,ETF,33.13999938964844,10.246174246262571,0.0600035528594096,56.9862714546251,US
HUN,Huntsman Corporation,Basic Materials,Chemicals,10.119999885559082,3.688520986013233,0.0129930352722762,37.72231855345674,US
HURN,Huron Consulting Group Inc.,Industrials,Consulting Services,152.0500030517578,0.1844888788394674,-0.5930806457556894,66.20131544817863,US
HUSV,First Trust Horizon Managed Volatility Domestic ETF,ETF,ETF,41.55849838256836,1.3621911769959985,-0.0044408309505564,65.47571838365758,US
HUTG,Leverage Shares 2X Long HUT Daily ETF,ETF,ETF,15.139900207519531,-33.886897555803486,-0.1485595662864225,39.28258185300923,US
HUYA,HUYA Inc.,Communication Services,Entertainment,2.430000066757202,-0.8163257362146623,-0.0026690120878675,50.44930529342394,US
HVT,"Haverty Furniture Companies, Inc.",Consumer Cyclical,Home Improvement Retail,29.09000015258789,18.060068478771765,0.0388364774750361,72.47800152712894,US
HWC,Hancock Whitney Corporation,Financial Services,Banks - Regional,77.5999984741211,0.779218797559862,-0.0187956427595021,58.24965161484089,US
HWM,Howmet Aerospace Inc.,Industrials,Aerospace & Defense,281.8800048828125,-0.1346293735085028,-0.547938573660133,52.13654657302168,US
HWSM,Hotchkis & Wiley SMID Cap Diversified Value Fund,ETF,ETF,32.067901611328125,2.091313004716302,0.0020031601404995,62.72803792179216,US
HXL,Hexcel Corporation,Industrials,Aerospace & Defense,103.43000030517578,0.4662490249270372,0.019984321067584,51.16988033699315,US
HY,"Hyster-Yale, Inc.",Industrials,Farm & Heavy Construction Machinery,37.09000015258789,10.948249518398754,-0.0452145854486848,57.61800996748773,US
HYBI,NEOS Enhanced Income Credit Select ETF,ETF,ETF,49.21179962158203,0.4835143539331925,0.0051130406762788,61.56815951019375,US
HYBL,State Street Blackstone High Income ETF,ETF,ETF,27.94499969482422,0.4493170430309374,0.0023773245892417,76.50809347067472,US
HYBX,TCW High Yield Bond ETF,ETF,ETF,29.5,0.3401373563511823,0.0040074886216711,56.089048109283645,US
HYD,VanEck High Yield Muni ETF,ETF,ETF,50.47999954223633,0.9055092472494484,0.0248858975554392,49.49828009485565,US
HYDW,Xtrackers Low Beta High Yield Bond ETF,ETF,ETF,46.542598724365234,0.3635618515800302,0.0020206056400716,59.382898892639616,US
HYEM,VanEck Emerging Markets High Yield Bond ETF,ETF,ETF,20.020000457763672,0.496958065907838,0.0019159260290013,66.14804143029497,US
HYG,iShares iBoxx $ High Yield Corp,ETF,ETF,79.61000061035156,0.6498431457998928,0.0096386368821703,62.16369245960016,US
HYGH,iShares Interest Rate Hedged High Yield Bond ETF,ETF,ETF,86.46499633789062,0.4279900418632357,0.0072445938434549,64.21228328861818,US
HYHG,ProShares High Yield—Interest Rate Hedged,ETF,ETF,64.70999908447266,0.3255799759265988,0.0039497197352085,58.84286161526058,US
HYLB,Xtrackers USD High Yield Corporate Bond ETF,ETF,ETF,36.34000015258789,0.6982899928786259,0.0056268481434109,64.20377363499543,US
HYMB,State Street SPDR Nuveen ICE High Yield Municipal Bond ETF,ETF,ETF,24.979999542236328,0.7542462799276726,0.0109975992923068,52.77147935949923,US
HYMC,Hycroft Mining Holding Corporation,Basic Materials,Gold,26.540000915527344,35.89349709380825,0.1882983532175566,63.749789850665096,US
HYP,Golden Eagle Dynamic Hypergrowth ETF,ETF,ETF,26.429800033569336,5.373571731880417,0.0609974192842373,47.96466269300495,US
HYT,"BlackRock Corporate High Yield Fund, Inc.",Financial Services,Asset Management,8.40999984741211,0.7185564455246407,0.0013384405158748,52.48293038674785,US
HYTI,FT Vest High Yield & Target Income ETF,ETF,ETF,18.979999542236328,0.7430965420093533,0.0035563270155642,65.08165235030839,US
HYXF,iShares ESG Advanced High Yield Corporate Bond ETF,ETF,ETF,46.45000076293945,0.7089730861340973,0.001944053929246,62.87271427018933,US
HYZD,WisdomTree Interest Rate Hedged High Yield Bond Fund,ETF,ETF,22.667499542236328,0.5656549313676078,0.0022809143662103,71.19633253935075,US
IACO,Idea Acquisition Corp.,Financial Services,Shell Companies,9.949999809265137,0.2014048688289686,0.0004805010120402,71.31461480880651,US
IAGG,iShares Core International Aggregate Bond ETF,ETF,ETF,50.02999877929688,0.5628116166771358,0.0030284665332611,56.36160755555667,US
IALT,iShares Systematic Alternatives Active ETF,ETF,ETF,28.899999618530277,0.8022306997707522,0.0084339609376966,60.97659741738373,US
IAPR,Innovator International Developed Power Buffer ETF - April,ETF,ETF,34.09960174560547,1.3511704017138642,0.0074071765020311,67.35452462541053,US
IART,Integra LifeSciences Holdings Corporation,Healthcare,Medical Devices,17.25,3.6036059772756297,0.0144688229205784,45.37091609835389,US
IAT,iShares U.S. Regional Banks ETF,ETF,ETF,64.23999786376953,1.0698497101736402,-0.0184924850466767,56.79530066571734,US
IAUM,iShares Gold Trust Micro,ETF,ETF,43.290000915527344,7.233098986624747,0.0849883371717657,65.56009685498363,US
IBAT,iShares Energy Storage & Materials ETF,ETF,ETF,40.67710113525391,7.375608473072817,0.0624010078731285,52.95624329268402,US
IBB,iShares Biotechnology ETF,ETF,ETF,197.7100067138672,6.061908068110138,0.4599698965143333,66.39115117102253,US
IBBQ,Invesco Nasdaq Biotechnology ETF,ETF,ETF,33.71900177001953,5.040341244324924,0.0635946720767051,64.09536008087773,US
IBCB,iShares iBonds Dec 2036 Term Corporate ETF,EQUITY,EQUITY,24.665000915527344,0.6570405131782894,0.0021127399185534,49.41815125263489,US
IBD,Inspire Corporate Bond ETF,ETF,ETF,23.6200008392334,0.0847477010185807,-0.0025656615223255,49.64072917210956,US
IBDR,iShares iBonds Dec 2026 Term Corporate ETF,ETF,ETF,24.190000534057617,0.1241750282904961,0.0005217276805769,76.73463365453544,US
IBDS,iShares iBonds Dec 2027 Term Corporate ETF,ETF,ETF,24.15999984741211,0.1865982409841301,0.0008874425550872,77.32728193588032,US
IBDT,iShares iBonds Dec 2028 Term Corporate ETF,ETF,ETF,25.15999984741211,0.2110944984232296,0.0005345975444511,64.09785230662412,US
IBDU,iShares iBonds Dec 2029 Term Corporate ETF,ETF,ETF,23.059999465942383,0.33939219301684,0.0016578283560043,60.94914744282837,US
IBDV,iShares iBonds Dec 2030 Term Corporate ETF,ETF,ETF,21.6299991607666,0.4737982321408446,0.0015796910780204,56.3325154764874,US
IBDZ,iShares iBonds Dec 2034 Term Corporate ETF,ETF,ETF,25.63999938964844,0.6595448601327597,0.0026010610314871,51.63858317814521,US
IBEX,IBEX Limited,Technology,Information Technology Services,37.25,5.404640178735945,0.0211434617013619,67.37076445777029,US
IBGK,iShares iBonds Dec 2054 Term Treasury ETF,ETF,ETF,22.38559913635254,1.0727759233154244,0.0070587250471938,43.11301769838001,US
IBGL,iShares iBonds Dec 2055 Term Treasury ETF,ETF,ETF,23.009899139404297,1.0402600218717344,0.0073361073040923,42.99802359447404,US
IBGM,iShares iBonds Dec 2056 Term Treasury ETF,ETF,ETF,23.91860008239746,1.054541595292526,0.0076442434690998,43.180423540121055,US
IBHF,iShares iBonds 2026 Term High Yield and Income ETF,ETF,ETF,22.5,0.1691750823266936,0.0012481487354845,60.132559878817496,US
IBHG,iShares iBonds 2027 Term High Yield and Income ETF,ETF,ETF,21.959999084472656,0.2373564362702365,0.0015782844080397,65.7000100970423,US
IBHI,iShares iBonds 2029 Term High Yield and Income ETF,ETF,ETF,23.274999618530277,0.4965365071524332,0.0007758213489842,66.12320258781216,US
IBHJ,IBHJ,N/A,N/A,26.350000381469727,0.637817718724251,0.0048176598003542,66.81690487527749,US
IBHK,iShares iBonds 2031 Term High Y,ETF,ETF,25.450000762939453,0.3311580214253773,-0.0006529327066152,53.85676546008,US
IBHL,iShares iBonds 2032 Term High Yield and Income ETF,ETF,ETF,25.310199737548828,0.8294178179435603,0.0003302534668863,58.89841174678062,US
IBIC,iShares iBonds Oct 2026 Term TIPS ETF,ETF,ETF,25.600000381469727,0.0,0.000254590855023,60.59038445679374,US
IBIE,iShares iBonds Oct 2028 Term TIPS ETF,ETF,ETF,25.7544002532959,0.0753823294510927,0.0014328869205023,61.06482149555014,US
IBIH,iShares iBonds Oct 2031 Term TIPS ETF,ETF,ETF,25.635799407958984,0.1554881056740863,0.0016097980483031,50.65127436050813,US
IBIK,iShares iBonds Oct 2034 Term TIPS ETF,ETF,ETF,25.059999465942383,0.3202559054126096,0.0020375997567728,49.23372913771205,US
IBKR,"Interactive Brokers Group, Inc.",Financial Services,Capital Markets,87.83000183105469,-0.1818343409469761,0.1080222804356165,45.07551858942775,US
IBLC,iShares Blockchain and Tech ETF,ETF,ETF,43.69359970092773,0.769370585517312,0.0106340152706714,45.76913944345602,US
IBM,International Business Machines Corporation,Technology,Information Technology Services,237.27999877929688,6.094346190378659,0.3475340713298411,49.84425702344921,US
IBMO,iShares iBonds Dec 2026 Term Muni Bond ETF,ETF,ETF,25.6200008392334,0.0781267869751634,0.0006469437713659,62.47764367216933,US
IBMP,iShares iBonds Dec 2027 Term Muni Bond ETF,ETF,ETF,25.350000381469727,0.0868653950104999,0.0004660595352588,54.25778693164689,US
IBMQ,iShares iBonds Dec 2028 Term Muni Bond ETF,ETF,ETF,25.499900817871094,0.2433410378082121,0.0015792534276783,61.67056478341454,US
IBMV,iShares iBonds Dec 2033 Term Mu,ETF,ETF,25.024900436401367,0.5864412879076825,0.0051598152818017,51.30612766011895,US
IBMW,iShares iBonds Dec 2034 Term Muni Bond ETF,ETF,ETF,24.91469955444336,0.9550655105769014,0.0088075667494843,51.82720823231025,US
IBMX,iShares iBonds Dec 2035 Term Muni Bond ETF,ETF,ETF,24.59000015258789,0.5358980579514784,0.0073549548800591,42.58312560589312,US
IBOC,International Bancshares Corporation,Financial Services,Banks - Regional,73.55000305175781,-3.906451303899793,-0.1355810559222318,37.19077329686508,US
IBOT,Vaneck Robotics ETF,ETF,ETF,67.66380310058594,4.775164419472558,0.0227979081279049,59.84083931452675,US
IBP,"Installed Building Products, In",Consumer Cyclical,Residential Construction,244.0500030517578,9.468915573327742,0.2421148528126337,61.7898027804563,US
IBRN,iShares Neuroscience and Healthcare ETF,ETF,ETF,38.85760116577149,6.156707104639155,0.0701112511080075,59.30628947198228,US
IBTK,iShares iBonds Dec 2030 Term Treasury ETF,ETF,ETF,19.405000686645508,0.3620361584353093,0.0009446658301181,54.36962101593231,US
IBTL,iShares iBonds Dec 2031 Term Treasury ETF,ETF,ETF,20.01000022888184,0.446768254694097,0.0013060498809754,53.41527406755833,US
IBTM,iShares iBonds Dec 2032 Term Treasury ETF,ETF,ETF,22.46999931335449,0.5144252895236688,0.002089927198978,52.71350861064383,US
IBTO,IBTO,N/A,N/A,23.84000015258789,0.6161893599345702,0.0029071552362709,52.13475952622978,US
IBTP,iShares iBonds Dec 2034 Term Treasury ETF,ETF,ETF,25.03499984741211,0.6149018491975752,0.0026336916794267,50.673589567641,US
IBTQ,iShares iBonds Dec 2035 Term Treasury ETF,ETF,ETF,24.681900024414062,0.5700440410859469,0.0031737764418298,49.91971110931764,US
IBX,Tradr 2X Long IBM Daily ETF,ETF,ETF,18.100000381469727,11.72839215462804,0.0705944938626874,44.86099462818886,US
ICE,Intercontinental Exchange Inc.,Financial Services,Financial Data & Stock Exchanges,150.3000030517578,-1.4296909344597566,-0.1948732047800025,60.242348569135295,US
ICFI,"ICF International, Inc.",Industrials,Consulting Services,95.0,17.399903793445922,0.5566875904522885,75.71689113755185,US
ICLN,iShares Global Clean Energy ETF,ETF,ETF,18.299999237060547,4.273504459283484,0.0210850704262204,46.884465944568056,US
ICLO,Invesco AAA CLO Floating Rate Note ETF,ETF,ETF,25.604999542236328,0.0977311126068661,0.0001998415377431,76.66798913100854,US
ICOI,Bitwise COIN Option Income Strategy ETF,ETF,ETF,10.369999885559082,-2.2620148810949656,-0.0067424137781869,47.82385054709869,US
ICPY,"Tweedy, Browne International Insider + Value ETF",EQUITY,EQUITY,13.176199913024902,1.7545721534619467,-0.0033223510331857,64.27058388623868,US
ICSH,iShares Ultra Short Duration Bond Active ETF,ETF,ETF,50.470001220703125,0.150812025447968,0.0005399517253108,78.6816927474196,US
ICVT,iShares Convertible Bond ETF,ETF,ETF,115.70999908447266,2.3158302494005287,0.043974106181247,50.48526917130764,US
IDCC,"InterDigital, Inc.",Technology,Software - Application,344.5599975585937,13.033498256874864,0.5654870324359749,80.8647325173619,US
IDEF,iShares Defense Industrials Act,ETF,ETF,34.95029830932617,7.937915862955061,0.018077001775644,70.99371370430498,US
IDGT,iShares U.S. Digital Infrastructure and Real Estate ETF,ETF,ETF,116.05699920654295,2.623576766054111,-0.0145133995192499,49.8433851481958,US
IDHQ,Invesco S&P International Developed Quality ETF,ETF,ETF,45.59000015258789,4.110525689489747,0.0376688368420849,69.97354185049467,US
IDMO,Invesco S&P International Developed Momentum ETF,ETF,ETF,62.7400016784668,3.411906332611431,0.0316624930605226,63.32501469634723,US
IDMY,Corgi U.S. Equities 30% Structured Buffer ETF - July Series,ETF,ETF,25.59000015258789,0.1565593609463674,-0.0003983956225513,60.388396335613706,US
IDNA,iShares Genomics Immunology and Healthcare ETF,ETF,ETF,34.779998779296875,7.578090966542522,0.1078168364747633,68.39085338524467,US
IDOG,ALPS International Sector Dividend Dogs ETF,ETF,ETF,44.20140075683594,1.1473683870543667,-0.0057888638331212,70.44868893956536,US
IDR,"Idaho Strategic Resources, Inc.",Basic Materials,Gold,35.2400016784668,25.54329199000541,0.2080341764566791,63.254467714162935,US
IDT,IDT Corporation,Communication Services,Telecom Services,65.08000183105469,-1.1843285333560694,-0.1261798182179201,57.67244335576684,US
IDUB,Aptus International Enhanced Yield ETF,ETF,ETF,28.209999084472656,3.2199018046951764,0.0179047833121117,64.78735613017028,US
IDV,iShares International Select Dividend ETF,ETF,ETF,44.61000061035156,0.5182504206868329,-0.0133751741226529,70.96982721582236,US
IDVZ,Polen International Dividend Income ETF,ETF,ETF,35.064998626708984,0.5015742049925849,0.0095173246281984,58.40642194919793,US
IDX,VanEck Indonesia Index ETF,ETF,ETF,11.479999542236328,5.417806981753995,0.0149707756110735,65.07212014862692,US
IDXX,"IDEXX Laboratories, Inc.",Healthcare,Diagnostics & Research,586.6699829101562,4.936765561442751,-0.1161722330344732,59.75934447253322,US
IE,Ivanhoe Electric Inc.,Basic Materials,Copper,11.020000457763672,20.437168493934525,0.0161033817403776,64.54421435607634,US
IEAG,Infinite Eagle Acquisition Corp.,Financial Services,Shell Companies,10.210000038146973,-0.0978495951130071,0.0001430851133477,57.36467931328277,US
IEDI,iShares U.S. Consumer Focused ETF,ETF,ETF,57.3588981628418,2.410147153504568,0.0051334475361384,64.67853299737655,US
IEI,iShares 3-7 Year Treasury Bond ,ETF,ETF,116.5500030517578,0.3867300678537095,0.008003619627911,54.13931576249214,US
IEO,iShares U.S. Oil & Gas Exploration & Production ETF,ETF,ETF,119.27999877929688,-5.393403357393439,-0.1459554885485796,48.89944296152387,US
IEP,Icahn Enterprises L.P.,Energy,Oil & Gas Refining & Marketing,7.454999923706055,-4.300385619864437,-0.0128562951358705,45.36900474152181,US
IETC,iShares U.S. Tech Independence Focused ETF,ETF,ETF,110.30999755859376,7.232424043323865,0.1141917858154795,61.8669786768689,US
IEUR,iShares Core MSCI Europe ETF,ETF,ETF,78.33999633789062,2.1515110757038065,0.0177729510420183,67.50550181111018,US
IEUS,iShares MSCI Europe Small-Cap ETF,ETF,ETF,73.80999755859375,2.570870619313671,0.0060276528684283,68.47739007097094,US
IFEB,Innovator International Developed Power Buffer ETF - February,ETF,ETF,32.119998931884766,1.3632896058045807,0.0074980069378334,68.7661091680788,US
IFGL,iShares International Developed Real Estate ETF,ETF,ETF,23.104999542236328,0.0649605437389154,-0.0028091984733832,56.87456425200853,US
IFLO,VictoryShares International Free Cash Flow ETF,ETF,ETF,36.01470184326172,4.218255838726734,0.0351225206758866,73.69355687028032,US
IFLR,Innovator International Developed Managed Floor ETF,EQUITY,EQUITY,54.57690048217773,1.485552839565372,0.0089495208703645,66.01759901244641,US
IFN,"Aberdeen India Fund, Inc.",Financial Services,Asset Management,11.81999969482422,0.9393651265491608,-0.0031020410133654,61.87550548952024,US
IFRA,iShares U.S. Infrastructure ETF,ETF,ETF,61.130001068115234,0.9245523792513216,0.013034935881646,47.40128035084558,US
IFS,Intercorp Financial Services Inc.,Financial Services,Banks - Regional,58.93999862670898,1.080427437112941,0.0132025047651512,53.7740033930179,US
IFV,First Trust Dorsey Wright International Focus 5 ETF,ETF,ETF,26.10140037536621,3.1064579289682737,0.0114404031160355,54.54146904187325,US
IG,Principal Investment Grade Corp,ETF,ETF,20.260099411010746,0.851713010712352,0.0025054023553773,50.16480323104697,US
IGBH,iShares Interest Rate Hedged Long-Term Corporate Bond ETF,ETF,ETF,24.3700008392334,0.4063909483437765,-0.0011429905960724,55.52500295253024,US
IGD,Voya Global Equity Dividend and Premium Opportunity Fund,Financial Services,Asset Management,6.559999942779541,0.9230686390899776,-0.0004503757240581,70.14121913490035,US
IGE,iShares North American Natural Resources ETF,ETF,ETF,60.59999847412109,0.9495247483176696,0.0122107716124539,62.52407824382796,US
IGF,iShares Global Infrastructure ETF,ETF,ETF,65.94999694824219,-1.287233410833946,-0.0086134427836849,41.238819705898045,US
IGGY,AB International Growth ETF,EQUITY,EQUITY,29.867900848388672,3.309818316643235,0.013487756313584,65.83364915314064,US
IGIB,iShares 5-10 Year Investment Grade Corporate Bond ETF,ETF,ETF,52.380001068115234,0.5953550511002402,0.0049151223423934,51.99214746404817,US
IGLB,iShares 10+ Year Investment Grade Corporate Bond ETF,ETF,ETF,48.209999084472656,0.9950737782500164,0.009301814627644,45.33685937017209,US
IGLD,FT Vest Gold Strategy Target Income ETF,ETF,ETF,21.6299991607666,5.842622277599667,0.0331080520133176,64.29872041157768,US
IGM,iShares Expanded Tech Sector ET,ETF,ETF,163.72000122070312,6.651037117594663,0.1635099197390781,59.71813499869653,US
IGR,CBRE Global Real Estate Income Fund,Financial Services,Asset Management,4.710000038146973,0.64103014762288,0.0008111910880925,58.58987775734873,US
IGSB,iShares 1-5 Year Investment Grade Corporate Bond ETF,ETF,ETF,52.130001068115234,0.3233191347283703,0.0024032951070185,61.637604926051424,US
IGV,iShares Expanded Tech-Software Sector ETF,ETF,ETF,102.69000244140624,8.574752012416118,0.0969708707911087,68.42763380797192,US
IHAK,iShares Cybersecurity and Tech ETF,ETF,ETF,65.58000183105469,8.396697241412706,0.1073864168162264,66.97259704332895,US
IHE,iShares U.S. Pharmaceuticals ETF,ETF,ETF,102.47000122070312,0.8364479936502297,0.0204629804947507,58.40021944467989,US
IHI,iShares U.S. Medical Devices ETF,ETF,ETF,54.380001068115234,3.5612317774826208,-0.0152465451083222,63.991944181369455,US
IHRT,"iHeartMedia, Inc.",Communication Services,Broadcasting,3.859999895095825,7.520891013419114,0.0044917671759158,50.49135256177618,US
IIGD,Invesco Investment Grade Defensive ETF,ETF,ETF,24.38999938964844,0.3703710099324986,0.0014309646877963,57.07298349524055,US
IIIN,Insteel Industries Inc.,Industrials,Metal Fabrication,32.290000915527344,5.350738392849975,-0.0133895042753116,59.00233020385683,US
IIIV,"i3 Verticals, Inc.",Technology,Software - Infrastructure,17.469999313354492,-17.046534870019983,-0.298517000297588,30.801380109904898,US
IIM,Invesco Value Municipal Income Trust,Financial Services,Asset Management,12.6899995803833,1.5199966430664062,0.0119280244356693,57.40284342885727,US
IIPR,"Innovative Industrial Properties, Inc.",Real Estate,REIT - Industrial,59.15999984741211,0.5951342729946748,0.0889901821285568,43.47920406332015,US
IJAN,Innovator International Developed Power Buffer ETF - January,ETF,ETF,39.01060104370117,1.2736255973709885,0.0068191091523845,69.14612665139215,US
IJK,iShares S&P Mid-Cap 400 Growth ,ETF,ETF,117.37999725341795,4.915981529336311,0.1600566056182227,62.76137232141846,US
IJS,iShares S&P Small-Cap 600 Value ETF,ETF,ETF,139.19000244140625,2.375695475167714,0.0350828657055091,60.06872504615139,US
IJT,iShares S&P SmallCap 600 Growth,ETF,ETF,176.97000122070312,2.472498174820842,0.0074748399137827,58.31659183799341,US
IJUL,Innovator International Developed Power Buffer ETF - July,ETF,ETF,36.9901008605957,1.5096110170638617,0.0096141110927342,68.90036820893268,US
IJUN,Innovator International Developed Power Buffer ETF - June,ETF,ETF,32.01890182495117,1.489435613667617,0.0094590120133035,67.62020859643584,US
ILCG,iShares Morningstar Growth ETF,ETF,ETF,117.72000122070312,5.314011903985113,0.1006109253711358,60.25161025288513,US
ILF,iShares Latin America 40 ETF,ETF,ETF,34.619998931884766,-2.1204411157725604,-0.0374837116636547,49.7496127334074,US
ILIT,Ishares Lithium Miners And Producers ETF,ETF,ETF,15.050000190734863,11.729769060016274,0.0547436902299129,52.13103992431181,US
ILMN,"Illumina, Inc.",Healthcare,Diagnostics & Research,187.9600067138672,-8.356898527344626,-0.7549848054478412,47.98352687947935,US
ILPT,Industrial Logistics Properties Trust,Real Estate,REIT - Industrial,8.779999732971191,1.9744492807512075,0.0113734311797407,50.605976562220846,US
ILS,Brookmont Catastrophic Bond ETF,ETF,ETF,19.909500122070312,0.2492422467144816,0.0003047940497413,82.26511974896445,US
ILTB,iShares Core 10+ Year USD Bond ETF,ETF,ETF,47.470001220703125,1.0559079652088947,0.0124522637146372,45.10697400712697,US
IMAY,Innovator International Developed Power Buffer ETF - May,ETF,ETF,32.58399963378906,1.381456915284284,0.0040137841653552,69.10944984497509,US
IMCG,iShares Morningstar Mid-Cap Growth ETF,ETF,ETF,99.12999725341795,4.22668133452717,0.0883826791365268,62.99254277027947,US
IMCR,Immunocore Holdings plc,Healthcare,Biotechnology,34.0,0.5619598313861002,0.0329734932698448,54.92517836199288,US
IMFL,Invesco International Developed Dynamic Multifactor ETF,ETF,ETF,34.790000915527344,1.6954160963948712,0.0043228793032694,60.78706911170321,US
IMKTA,"Ingles Markets, Incorporated",Consumer Defensive,Grocery Stores,88.11000061035156,-2.1108782144047136,-0.0314497735530143,46.43085423934186,US
IMOM,Alpha Architect International Quantitative Momentum ETF,ETF,ETF,41.59000015258789,2.8564331397792397,0.0330681384321549,51.30750173991412,US
IMST,Bitwise MSTR Option Income Strategy ETF,ETF,ETF,7.230000019073486,0.1385073292581146,-0.0035116972306631,40.5045390187707,US
IMTM,iShares MSCI Intl Momentum Factor ETF,ETF,ETF,53.560001373291016,2.684052012987816,0.0379814288471783,58.64481411295873,US
IMTX,Immatics N.V.,Healthcare,Biotechnology,9.649999618530272,11.431868228196429,0.0168546886885694,53.42479001577078,US
IMVT,"Immunovant, Inc.",Healthcare,Biotechnology,39.95000076293945,3.443816333088075,0.0550056208022441,58.24951799605566,US
IMXI,"International Money Express, Inc.",Technology,Software - Infrastructure,12.1899995803833,2.7824614945942505,0.0140769706446774,33.925732239744136,US
INBX,"Inhibrx Biosciences, Inc.",Healthcare,Biotechnology,88.66000366210938,8.056063820231572,0.3582268054924808,51.858294364139546,US
INCO,Columbia India Consumer ETF,ETF,ETF,62.959999084472656,2.307439304225016,0.001438417644737,69.74877862454633,US
INCY,Incyte Corporation,Healthcare,Biotechnology,120.55999755859376,0.87014804613256,0.0360769781329985,55.82539436298416,US
IND,Xtrackers Nifty 500 India ETF,ETF,ETF,23.3700008392334,2.119294758579339,0.0009529424323091,67.69039883761494,US
INDA,iShares MSCI India ETF,ETF,ETF,50.3650016784668,1.1345430724139092,-0.0102203580773831,61.32944655531807,US
INDB,Independent Bank Corp.,Financial Services,Banks - Regional,83.7300033569336,-0.1192872145256824,-0.0647951531393107,47.6917075884735,US
INDH,WisdomTree India Hedged Equity Fund ETF,ETF,ETF,39.80870056152344,0.9655553012080133,0.0008137723692762,58.14743163460956,US
INDL,Direxion Daily MSCI India Bull 2x Shares,ETF,ETF,46.56999969482422,1.8145998817227051,-0.0165157236512108,60.22542007032658,US
INDP,INDP,N/A,N/A,1.1799999475479126,-8.527133144027744,0.0116820691607377,29.13631211602112,US
INDV,"Indivior Pharmaceuticals, Inc.",Healthcare,Drug Manufacturers - Specialty & Generic,38.81999969482422,-2.974253128295015,0.065274542487772,46.56269040818979,US
INDY,iShares India 50 ETF,ETF,ETF,44.27999877929688,1.21142578125,-0.0087293907895624,60.58470971379953,US
INDZ,VanEck India Select ETF,ETF,ETF,25.520000457763672,1.3100433374738725,2.300153457704401e-05,58.38571551507226,US
INEQ,Columbia International Equity Income ETF,ETF,ETF,41.982398986816406,2.2464626952628355,0.0126316556637428,72.65933816284401,US
INFH,Tidal Trust II - Defiance Daily Target 2X Long INFQ ETF,ETF,ETF,7.449999809265137,43.82239490642162,0.0579346752259191,52.34029487669683,US
INFO,Harbor PanAgora Dynamic Large Cap Core ETF,ETF,ETF,28.43219947814941,2.955534035876196,0.004923839774982,67.2700870716225,US
INGM,Ingram Micro Holding Corporation,Technology,Information Technology Services,28.399999618530277,0.673521943367227,-0.0189169106520176,47.28264215015484,US
INGR,Ingredion Incorporated,Consumer Defensive,Packaged Foods,104.33000183105467,4.896443586778918,0.067126566258392,60.014457303384624,US
INIO,Innio N.V.,Industrials,Specialty Industrial Machinery,27.350000381469727,11.998363210572304,0.1572355418977484,46.28752686004709,US
INKM,State Street Income Allocation ETF,ETF,ETF,34.72890090942383,0.838856835757228,0.0040957054430878,60.32946079947644,US
INMU,iShares Intermediate Muni Income Active ETF,ETF,ETF,23.920000076293945,0.8814458685362131,0.0099014893191689,55.10499336040507,US
INNV,InnovAge Holding Corp.,Healthcare,Medical Care Facilities,11.18000030517578,-1.5845013815265725,0.018968379630428,51.47126162452189,US
INOV,Innovator International Developed Power Buffer ETF - November,ETF,ETF,37.97999954223633,1.803951939332948,0.0097987285772016,68.58875577081446,US
INRO,iShares U.S. Industry Rotation Active ETF,ETF,ETF,37.18659973144531,3.7080663344786537,0.0193185211190118,62.96400663013906,US
INSM,Insmed Incorporated,Healthcare,Biotechnology,131.10000610351562,32.96146869406352,1.279358850499734,73.73778045701914,US
INSP,"Inspire Medical Systems, Inc.",Healthcare,Medical Devices,60.15999984741211,19.816771448650496,0.0175527587347996,65.15131092987457,US
INSW,INSW,N/A,N/A,92.41000366210938,-3.919730329698834,-0.1045691125841243,55.76379893348461,US
INTA,"Intapp, Inc.",Technology,Software - Application,37.72999954223633,15.417562334828212,0.0685576534510681,76.89327100333739,US
INTC,Intel Corporation,Technology,Semiconductors,101.6500015258789,12.6940188082344,0.3325909625776067,50.1385614145248,US
INTF,iShares International Equity Factor ETF,ETF,ETF,43.06999969482422,2.6698424589165293,0.0187703881189155,67.58357029630216,US
INTL,Main International ETF,ETF,ETF,31.18000030517578,3.1391597256007366,0.0178900634034614,60.90075275614743,US
INTU,Intuit Inc.,Technology,Software - Application,325.25,2.904417522401796,-0.4986081751341702,61.21791061138688,US
INTW,GraniteShares 2x Long INTC Daily ETF,ETF,ETF,24.309999465942383,25.244717450029132,0.1680582087220421,47.03587716515072,US
INV,"Innventure, Inc.",Financial Services,Asset Management,3.434999942779541,6.677015908664657,0.0039834964491511,42.87285066101291,US
INVA,"Innoviva, Inc.",Healthcare,Biotechnology,20.51000022888184,-2.193605624868625,-0.0111667791854978,38.361164142736655,US
INVG,GMO Systematic Investment Grade Credit ETF,ETF,ETF,25.024999618530277,0.765051504175047,0.0026974752870067,49.70868179147165,US
INVX,"Innovex International, Inc.",Energy,Oil & Gas Equipment & Services,28.100000381469727,0.0712267016311023,-0.1932152414484321,53.50614856074756,US
INYY,Yieldmax Intc Option Income Strategy ETF,EQUITY,EQUITY,41.16949844360352,9.176818131283452,0.0786902523791897,50.02485451163472,US
IOCT,Innovator International Developed Power Buffer ETF- October,ETF,ETF,37.91999816894531,1.0283949702585944,0.0037516991568783,67.65326930395764,US
IONL,GraniteShares 2x Long IONQ Daily ETF,ETF,ETF,16.979999542236328,45.00426547328429,0.189933251820034,52.51792976725836,US
IONX,Defiance Daily Target 2X Long IONQ ETF,ETF,ETF,31.38999938964844,45.12251783432768,0.3484252170762341,52.11617614755655,US
IOO,iShares Global 100 ETF,ETF,ETF,146.19000244140625,3.4168094299661416,0.0298683514336396,70.36894000708661,US
IOPP,Simplify Tara India Opportunities ETF,ETF,ETF,27.04700088500977,1.5811666904971828,-0.0056519026583138,64.92444999405558,US
IOSP,Innospec Inc.,Basic Materials,Specialty Chemicals,92.44000244140624,7.513373845375303,0.1078190884622873,74.29992121046209,US
IOVA,"Iovance Biotherapeutics, Inc.",Healthcare,Biotechnology,6.340000152587891,55.773952952928205,0.0834030222166185,70.75992952852673,US
IOYY,GraniteShares YieldBOOST IONQ ETF,ETF,ETF,6.760000228881836,1.0614456242403505,0.0023989362346216,38.73442816046242,US
IP,IP,N/A,N/A,41.58000183105469,1.836884561267791,-0.048121351569182,57.15471741081896,US
IPAC,IPAC,N/A,N/A,86.1500015258789,4.121348501511817,0.0811464055622984,66.20006252741865,US
IPAV,Global X Infrastructure Development ex-U.S. ETF,ETF,ETF,32.65879821777344,4.257932713004105,0.0167157593464691,60.7558766244378,US
IPAY,IPAY,N/A,N/A,50.5,1.0404170918894025,-0.0814898484810604,57.95248388415449,US
IPGP,IPG Photonics Corporation,Technology,Semiconductor Equipment & Materials,90.2300033569336,6.078069535304741,0.272299804917365,44.09612748396674,US
IPI,"Intrepid Potash, Inc",Basic Materials,Agricultural Inputs,34.849998474121094,2.6207285442930623,0.0367167391751334,51.42183227772918,US
IPKW,Invesco International BuyBack Achievers ETF,ETF,ETF,61.834999084472656,2.0649007299707614,0.0149314615186879,73.18250885076452,US
IPO,Renaissance IPO ETF,ETF,ETF,55.470001220703125,8.4457469520085,0.1065434910298259,54.44653144125021,US
IPSC,"Century Therapeutics, Inc.",Healthcare,Biotechnology,2.0,-0.9900980750178164,0.0062284409079509,42.93786993033673,US
IQDG,WisdomTree International Quality Dividend Growth Fund,ETF,ETF,44.87409973144531,2.780805974064078,0.0118085100756266,66.93557761116128,US
IQI,IQI,Financial Services,Asset Management,10.09000015258789,2.2289794283654825,0.0099049242403456,57.46537262991502,US
IQLT,iShares MSCI Intl Quality Factor ETF,ETF,ETF,51.66999816894531,2.98983467160755,0.0313476444973945,68.7915377253178,US
IQMM,Proshares Genius Money Market ETF,EQUITY,EQUITY,100.11000061035156,0.0799702054734705,0.0006975451387539,95.83798818148632,US
IQRA,NYLI CBRE Real Assets ETF,ETF,ETF,30.45400047302246,-1.2516202258612477,-0.0154662757976445,43.90326647097649,US
IQSI,NYLI Candriam International Equity ETF,ETF,ETF,39.025001525878906,1.1691818278643382,0.0086450479175319,61.8859455843528,US
IQSZ,Invesco Global Equity Net Zero ETF,EQUITY,EQUITY,32.327999114990234,2.5732110020676005,0.0056206063525924,62.09205526990259,US
IQV,IQVIA Holdings Inc.,Healthcare,Diagnostics & Research,238.6999969482422,1.565821040286851,-0.0523004638963708,65.5937964266359,US
IR,Ingersoll Rand Inc.,Industrials,Specialty Industrial Machinery,86.97000122070312,4.305593770138907,-0.1798016950452785,59.0169048621366,US
IRDM,Iridium Communications Inc.,Communication Services,Telecom Services,49.93000030517578,5.471060718715071,0.1018069374076952,57.22609717326659,US
IREG,Leverage Shares 2X Long IREN Daily ETF,ETF,ETF,8.59000015258789,22.889848839205047,0.0689604666090768,46.33601028118973,US
IREX,Tradr 2X Long IREN Daily ETF,ETF,ETF,15.199999809265137,22.877930071849377,0.1184248892083696,46.16488444871612,US
IRM,Iron Mountain Incorporated,Real Estate,REIT - Specialty,121.1500015258789,-0.9565060267040036,-0.2083126384761841,44.917190181161175,US
IRMD,IRADIMED CORPORATION,Healthcare,Medical Devices,92.49500274658205,1.799474053761117,0.1032318701084077,46.0183083379776,US
IRT,"Independence Realty Trust, Inc.",Real Estate,REIT - Residential,17.260000228881836,3.788340949538526,0.0152740085490978,60.84396621298614,US
IRTR,Ishares Lifepath Retirement ETF,ETF,ETF,32.0906982421875,1.471480391308373,0.0065254304181051,61.744699193179216,US
IRWD,"Ironwood Pharmaceuticals, Inc.",Healthcare,Drug Manufacturers - Specialty & Generic,4.320000171661377,2.1276631721529804,0.0039369840713046,57.39975079311878,US
ISBG,IncomeSTKd 1x Bitcoin & 1x Gold Premium ETF,ETF,ETF,12.520899772644045,15.240681421159966,0.0383725086023015,56.89996741646562,US
ISCF,iShares MSCI Intl Small-Cap Multifactor ETF,ETF,ETF,45.71749877929688,3.3864710928425863,0.0181811993403598,66.07914774636947,US
ISCG,iShares Morningstar Small-Cap Growth ETF,ETF,ETF,65.5,4.615875038293199,0.057656230917406,61.99831204719492,US
ISCV,iShares Morningstar Small-Cap Value ETF,ETF,ETF,81.20390319824219,2.156127035517045,0.0010458583735426,62.84212942591128,US
ISD,"PGIM High Yield Bond Fund, Inc.",Financial Services,Asset Management,12.579999923706056,1.1254047270509653,0.0053553388645499,47.78319942250555,US
ISEP,Innovator International Developed Power Buffer ETF - September,ETF,ETF,35.418800354003906,0.8680354123510416,-1.9273484776038963e-05,68.79342048434042,US
ISHG,iShares 1-3 Year International Treasury Bond ETF,ETF,ETF,75.65499877929688,0.7792714624361317,0.0075749537839199,68.1398964333888,US
ISHP,First Trust S-Network Global E-Commerce ETF,ETF,ETF,36.86899948120117,3.459978222528422,0.0040245278305762,66.41306239569239,US
ISMCF,iShares VII Public Limited Company - iShares MSCI USA UCITS ETF,MUTUALFUND,MUTUALFUND,801.0186767578125,3.318216239029531,0.2188664579217567,63.49312778215798,US
ISMF,iShares Managed Futures Active ETF,ETF,ETF,28.03499984741211,-0.188690891832863,0.0082348877331751,51.24834848901492,US
ISMJF,iShares VII Public Limited Company - iShares Core MSCI Pacific ex Japan UCITS ETF,MUTUALFUND,MUTUALFUND,254.01919555664065,2.473045075478713,0.0259615052014448,67.54242267197144,US
ISRA,ISRA,N/A,N/A,66.8499984741211,4.35529350898806,0.0686201952804917,58.695415213351545,US
ISRG,"Intuitive Surgical, Inc.",Healthcare,Medical Instruments & Supplies,378.80999755859375,7.211392170111429,0.5014275502872785,51.324067792445,US
ISTB,iShares Core 1-5 Year USD Bond ETF,ETF,ETF,48.02000045776367,0.3426978190717809,0.0030304668595225,59.976779776787225,US
ISTM,iShares Strategic Metals ETF,ETF,ETF,30.60140037536621,4.423818654461718,0.0078072171126092,61.81872036743727,US
ISTR,Investar Holding Corporation,Financial Services,Banks - Regional,30.059999465942383,-0.199207741099594,-0.0225526737973164,53.53855514012947,US
ISUL,GraniteShares 2x Long ISRG Daily ETF,ETF,ETF,14.545599937438965,14.35219836545324,0.0451908516723509,48.77503123778295,US
ISVAF,iShares VII Public Limited Company -  iShares NASDAQ 100 UCITS ETF,EQUITY,EQUITY,1696.4510498046875,3.7584739941704894,0.9596008457811872,55.91770364191076,US
ITA,iShares U.S. Aerospace & Defense ETF,ETF,ETF,250.75,4.627387202049005,-0.0598685498156128,62.99343417729694,US
ITAN,Sparkline Intangible Value ETF,ETF,ETF,44.47999954223633,3.9373792391321016,0.0156297217251764,69.17165024232031,US
ITB,iShares U.S. Home Construction ETF,ETF,ETF,101.13999938964844,7.207974682766302,0.1463477238542404,56.77663545564729,US
ITDB,Ishares Lifepath Target Date 2030 ETF,ETF,ETF,35.464298248291016,1.9089052465352296,0.0094448131587592,63.08316007716688,US
ITDE,Ishares Lifepath Target Date 2045 ETF,ETF,ETF,40.91780090332031,2.8343804017176204,0.016062054204547,64.33000308137215,US
ITDF,Ishares Lifepath Target Date 2050 ETF,ETF,ETF,42.5,3.075285225698767,0.0184003881951179,64.74567167978441,US
ITDG,Ishares Lifepath Target Date 2055 ETF,ETF,ETF,43.28879928588867,3.225864258235788,0.0188277832007804,64.83990814416808,US
ITDI,Ishares Lifepath Target Date 2065 ETF,ETF,ETF,43.29800033569336,3.3118599220585714,0.0190965458950138,64.73429329704499,US
ITIC,Investors Title Company,Financial Services,Insurance - Specialty,289.8399963378906,0.190116414920478,-0.2434196063411162,57.38607217674872,US
ITRN,Ituran Location and Control Ltd.,Technology,Scientific & Technical Instruments,52.95000076293945,-4.006524819771806,-0.1447333097032082,35.164955384761214,US
ITW,Illinois Tool Works Inc.,Industrials,Specialty Industrial Machinery,296.6600036621094,3.3838616630106557,-0.0866180331201365,65.86874535806798,US
ITWO,ProShares Russell 2000 High Income ETF,ETF,ETF,46.65999984741211,3.401661711716586,0.0284425387451474,59.805954146412525,US
IUS,Invesco RAFI Strategic US ETF,ETF,ETF,69.51000213623047,2.2807579055897214,0.0042215519579905,72.20117124501073,US
IUSV,iShares Core S&P U.S. Value ETF,ETF,ETF,114.29000091552734,1.7811024879272594,0.0179463297966557,64.01409628538471,US
IVAL,Alpha Architect International Quantitative Value ETF,ETF,ETF,36.82500076293945,1.7827541523580377,0.0045430097702287,67.09339066473964,US
IVEP,Dan IVES Wedbush AI Power & Infrastructure ETF,ETF,ETF,26.877500534057617,4.2571754002343125,0.0210298387699806,53.96295810974955,US
IVES,Dan IVES Wedbush AI Revolution ETF,ETF,ETF,38.709999084472656,7.40842980332717,0.0382546411404345,59.93451557390826,US
IVLU,iShares Edge MSCI Intl Value Factor ETF,ETF,ETF,44.43999862670898,2.0905119984632545,0.0131785297281559,67.97438329381237,US
IVOO,Vanguard S&P Mid-Cap 400 Index Fund ETF Shares,ETF,ETF,131.67999267578125,3.39195355270638,0.102336346725989,62.73438414816733,US
IVRS,iShares Future Metaverse Tech And Communications ETF,ETF,ETF,32.04999923706055,-0.1495430753700427,0.0080642581530626,52.38209122401514,US
IVSI,Applied Finance IVS International Large ETF,ETF,ETF,30.21199989318848,2.9124213373816223,0.0197131382621768,68.32791848287964,US
IVSS,Applied Finance IVS US SMID ETF,ETF,ETF,30.87879943847656,1.74568681485986,-0.0132706913727299,60.27646108097192,US
IVSX,Applied Finance IVS International SMID ETF,ETF,ETF,25.872299194335938,3.076887653899665,0.0138123711635281,68.12741073864801,US
IVVM,iShares Large Cap Moderate Quarterly Laddered ETF,ETF,ETF,37.84049987792969,1.9410047596365556,0.0072021977256642,67.71920024254334,US
IWDL,ETRACS 2x Leveraged US Value Factor TR ETN,ETF,ETF,69.6104965209961,4.012690843153791,0.0143421437619537,69.57968350200011,US
IWFG,NYLI Winslow Focused Large Cap Growth ETF,ETF,ETF,55.40760040283203,4.204467540457981,0.0171798393016621,60.851379162031584,US
IWFL,ETRACS 2x Leveraged US Growth Factor TR ETN,ETF,ETF,59.82400131225586,10.902249471282952,0.0793904192882704,56.80226697726328,US
IWMI,NEOS Russell 2000 High Income ETF,ETF,ETF,53.13999938964844,2.670118599954938,0.027187443026117,59.42400492205334,US
IWML,ETRACS 2x Leveraged US Size Factor TR ETN,ETF,ETF,32.95100021362305,3.482825176235976,0.0164352948860552,55.260991550687656,US
IWMW,iShares Russell 2000 BuyWrite ETF,ETF,ETF,39.949100494384766,2.6549943410648917,0.0163174241902736,66.45018311717834,US
IWN,iShares Russell 2000 Value ETF,ETF,ETF,225.5200042724609,1.934550114368497,0.0370894724222308,59.32359171649115,US
IWO,iShares Russell 2000 Growth Fun,ETF,ETF,390.1600036621094,5.25804341552834,0.4163275407865894,58.6240199556886,US
IWP,iShares Russell Midcap Growth E,ETF,ETF,144.1199951171875,5.166376370343211,0.2009287227617195,59.51186127583298,US
IWS,iShares Russell Mid-Cap Value ETF,ETF,ETF,171.1999969482422,2.465881656712867,0.0353917517626076,65.45674895889914,US
IWV,iShares Russell 3000 Fund,ETF,ETF,440.2900085449219,3.629348648986434,0.2015087244801507,66.27837843517324,US
IWX,iShares Russell Top 200 Value ETF,ETF,ETF,112.63999938964844,2.186333991945081,0.0092595731204188,72.69363912814882,US
IWY,iShares Russell Top 200 Growth ,ETF,ETF,290.9800109863281,5.282584067435035,0.2196275980288777,58.822815411132765,US
IXG,iShares Global Financials ETF,ETF,ETF,134.66000366210938,1.2481230542175752,-0.0317273418444279,67.56789911411491,US
IXJ,iShares Global Healthcare ETF,ETF,ETF,102.27999877929688,2.0147582286320835,0.0766474577305764,62.11696624493859,US
IXN,iShares Global Tech ETF,ETF,ETF,140.8699951171875,6.172748638462363,0.1518547702217503,57.28276638236245,US
IXP,iShares Global Comm Services ETF,ETF,ETF,117.98999786376952,2.6178417280889974,-0.00156459431943,54.894476977206274,US
IYF,iShares U.S. Financial ETF,ETF,ETF,136.86000061035156,1.6412972996984958,-0.0249399715689455,64.58853160401961,US
IYH,iShares U.S. Healthcare ETF,ETF,ETF,70.0,2.429036802843663,0.0623836271774971,62.98328611948686,US
IYR,iShares U.S. Real Estate ETF,ETF,ETF,104.69000244140624,-0.3806203353536092,-0.0090466230731645,49.584487556823085,US
IYW,iShares U.S. Technology ETF,ETF,ETF,254.0500030517578,6.725764668620362,0.2788750546769591,60.34432542403139,US
IYY,iShares Dow Jones U.S. ETF,ETF,ETF,188.5500030517578,3.712871224803169,0.0873439083058165,66.38282482921568,US
JA,JA,N/A,N/A,50.08000183105469,-0.0199607137207935,0.0029928038324826,61.09484732545816,US
JAAA,Janus Henderson AAA CLO ETF,ETF,ETF,50.560001373291016,0.1188146005762685,0.0011478292094237,88.6768391606575,US
JADE,JPMorgan Active Developing Markets Equity ETF,ETF,ETF,78.05770111083984,2.3439157551555434,0.0219890142938217,54.1033177312562,US
JAJL,Innovator Equity Defined Protection ETF - 6 Mo Jan/Jul,ETF,ETF,30.209999084472656,0.6329068081671118,0.0019479753049458,69.87650833896431,US
JAN,"Janus Living, Inc.",Real Estate,REIT - Residential,30.46999931335449,0.8606429551845665,0.0337614424712375,55.681186922901794,US
JANB,Aptus January Buffer ETF,ETF,ETF,27.80500030517578,1.356030084003851,0.0032889258717507,67.08581089778046,US
JANI,AllianzIM International Equity Buffer15 Uncapped Jan ETF,ETF,ETF,26.280000686645508,0.7282504137462448,-0.0002012911354642,63.28727068300619,US
JANT,AllianzIM U.S. Equity Buffer10 Jan ETF,ETF,ETF,44.98419952392578,1.544470200109722,0.005604817053699,66.32002775934083,US
JANU,AllianzIM U.S. Equity Buffer15 Uncapped Jan ETF,ETF,ETF,30.746000289916992,3.105300484806836,0.0065607477965133,62.200385397149816,US
JAPN,Horizon Kinetics Japan Owner Operator ETF,ETF,ETF,25.68000030517578,2.31075663303274,-0.0106921585156042,71.66914205021342,US
JAVA,JPMorgan Active Value ETF,ETF,ETF,83.47000122070312,2.341838792647344,0.0050545466639158,69.83354320829098,US
JBHT,"J.B. Hunt Transport Services, Inc.",Industrials,Integrated Freight & Logistics,268.5199890136719,-1.1885964991087856,0.1632627901394192,41.95983285773942,US
JBIO,"Jade Biosciences, Inc.",Healthcare,Biotechnology,21.959999084472656,11.189868782140032,0.0371571894137834,58.445165137606914,US
JBL,Jabil Inc.,Technology,Electronic Components,341.2200012207031,8.306622581090744,0.159749340934427,55.74127289933221,US
JBLU,JetBlue Airways Corporation,Industrials,Airlines,6.070000171661377,0.6633492613808493,-0.0222423154139942,55.94152851745846,US
JBND,Jpmorgan Active Bond ETF,ETF,ETF,52.7599983215332,0.5373636137434066,0.0049340457150388,50.62090394652322,US
JBTM,JBT Marel Corporation,Industrials,Specialty Industrial Machinery,123.12000274658205,-11.085432468260905,-0.196294818267676,36.71910348386045,US
JCAL,J.P. Morgan Exchange-Traded Fund Trust - JPMorgan California Tax Free Bond ETF,EQUITY,EQUITY,49.43999862670898,0.5531962402020871,0.0119112765463249,44.883059022698696,US
JCI,Johnson Controls International ,Industrials,Building Products & Equipment,152.2100067138672,3.78426490738708,-0.1315098616119885,62.72428929008639,US
JD,"JD.com, Inc.",Consumer Cyclical,Internet Retail,32.970001220703125,-0.1211666248525286,-0.0432585284804587,74.29993099107222,US
JDST,Direxion Daily Junior Gold Miners Index Bear 2X Shares,ETF,ETF,26.57999992370605,-36.57838219880753,-0.3643271549435081,31.8844927097864,US
JDVI,John Hancock Disciplined Value International Select ETF,ETF,ETF,40.74369812011719,3.112056949566717,0.0237495231342776,68.72854571623654,US
JDVL,John Hancock Disciplined Value Select ETF,EQUITY,EQUITY,32.52000045776367,3.566881696942587,0.0279847747418819,66.84532657466067,US
JELM,Janus Henderson Equity Linked Moderate Income ETF,ETF,ETF,25.48900032043457,0.0746015217602125,0.0024868080764186,65.87609255253085,US
JETS,U.S. Global Jets ETF,ETF,ETF,32.540000915527344,4.028133635622881,-0.0400638532772365,56.57688948420248,US
JFR,JFR,Financial Services,Asset Management,7.78000020980835,0.90791402483833,0.0037720887959059,65.27343989768045,US
JGLO,Jpmorgan Global Select Equity ETF,ETF,ETF,74.44999694824219,3.1020605070900755,0.0202672806513356,68.12924095316833,US
JGRO,JPMorgan Active Growth ETF,ETF,ETF,95.95999908447266,4.668410520342514,0.0906415410235426,55.82959548515289,US
JGRW,Jensen Quality Growth ETF,ETF,ETF,28.8799991607666,3.743084422206888,0.0062412629066044,71.80777872036788,US
JHAC,John Hancock Fundamental All Cap Core ETF,ETF,ETF,15.744999885559082,3.70833697405085,-0.0010349013916094,70.86654025014144,US
JHAI,Janus Henderson Global Artificial Intelligence ETF,ETF,ETF,34.36880111694336,6.4675908473731045,0.0457270164933067,55.255151462112,US
JHDG,John Hancock Hedged Equity ETF,ETF,ETF,28.479999542236328,3.151028296459309,0.0010354155625008,67.48995743413928,US
JHEM,John Hancock Multifactor Emerging Markets ETF,ETF,ETF,39.30979919433594,3.1753301014869706,0.0197897026032015,54.1326017866288,US
JHHY,John Hancock High Yield ETF,ETF,ETF,25.59029960632324,0.6422289702005188,0.0048587557200498,53.787241100284014,US
JHLN,JHancock Global Senior Loan ETF,EQUITY,EQUITY,24.62849998474121,0.7300581440975714,0.0040521129922818,64.57038363919563,US
JHMB,John Hancock Mortgage Backed Securities ETF,ETF,ETF,21.700000762939453,0.6493566811920646,0.0041686244660862,46.66799599883453,US
JHMD,John Hancock Multifactor Developed International ETF,ETF,ETF,46.79999923706055,2.834543975179572,0.02441257171665,69.64505830951019,US
JHMM,John Hancock Multifactor Mid Cap ETF,ETF,ETF,76.4800033569336,3.267628784925651,0.0365333433210943,65.36553319683023,US
JHPI,John Hancock Preferred Income ETF,ETF,ETF,22.57999992370605,0.1774578817836535,0.0022072401523131,42.90924930974405,US
JHSC,John Hancock Multifactor Small Cap ETF,ETF,ETF,49.428001403808594,2.4839350465329004,0.0061071312425478,60.39381830645363,US
JIDE,JPMorgan International Dynamic ETF,EQUITY,EQUITY,52.80759811401367,3.2204813751282786,0.0309729698418596,68.8660928890289,US
JIG,JPMorgan International Growth ETF,ETF,ETF,84.44999694824219,3.9128835197842777,0.075919804683709,56.16207075587841,US
JIII,Janus Henderson Income ETF,ETF,ETF,49.65019989013672,0.7103461632772475,0.0052807429267133,56.5339126194278,US
JIRE,JPMorgan International Research Enhanced Equity ETF,ETF,ETF,85.72000122070312,2.707886605585803,0.0447907927769721,66.12626714900343,US
JIVE,Jpmorgan International Value ETF,ETF,ETF,97.36000061035156,1.6708421453927054,0.0128560097194186,67.74703235523263,US
JJSF,J&J Snack Foods Corp.,Consumer Defensive,Packaged Foods,91.91000366210938,20.14379563674428,0.3516286541396947,76.90707983050486,US
JMBS,Janus Henderson Mortgage-Backed Securities ETF,ETF,ETF,44.41999816894531,0.67996202249167,0.0049015546815877,49.304608084601455,US
JMEE,JPMorgan Small & Mid Cap Enhanced Equity ETF,ETF,ETF,78.95999908447266,3.4862331930844688,0.0595582972649823,64.25886121868905,US
JMID,Janus Henderson Mid Cap Growth Alpha ETF,ETF,ETF,32.37730026245117,6.102903195320004,0.042362974299923,64.7455993987228,US
JMMF,Jpmorgan 100% U.S. Treasury Securities Money Market ETF,EQUITY,EQUITY,100.13999938964844,0.0049905161146051,0.0007243432359981,61.69631761764452,US
JMOM,JPMorgan U.S. Momentum Factor ETF,ETF,ETF,84.2699966430664,4.242949604845666,0.0686902205876893,58.7815727278767,US
JMTG,JPMorgan Mortgage-Backed Securities ETF,ETF,ETF,50.119998931884766,0.6506573374245291,0.0050685582424763,53.11477410106211,US
JNJ,Johnson & Johnson,Healthcare,Drug Manufacturers - General,259.239990234375,1.1273587134975072,0.1817103193873683,55.48803820050344,US
JNK,State Street SPDR Bloomberg Hig,ETF,ETF,95.80999755859376,0.6904644956090871,0.0128228443885547,62.67616927190063,US
JOBX,Tradr 2X Long JOBY Daily ETF,ETF,ETF,15.61750030517578,44.01973905345624,0.1484421288870419,55.31383179622956,US
JOET,Virtus Terranova U.S. Quality M,ETF,ETF,46.61000061035156,2.34958206700297,0.007403125488737,62.54629392745592,US
JOJO,ATAC Credit Rotation ETF,ETF,ETF,15.039999961853027,0.7624631594873457,0.004636626131053,41.87145729564726,US
JOUT,Johnson Outdoors Inc.,Consumer Cyclical,Leisure,48.220001220703125,2.792584475702753,-0.0175676740179502,60.30644432912435,US
JOYT,JPMorgan Equity And Options Total Return ETF,ETF,ETF,59.10499954223633,1.4974289623772197,0.0016201077984906,69.60603985661291,US
JPIE,JPMorgan Income ETF,ETF,ETF,45.84000015258789,0.4712332111515411,0.0038274728564652,63.91557603207215,US
JPM,JP Morgan Chase & Co.,Financial Services,Banks - Diversified,357.5199890136719,1.6288070523805993,-0.0684066941587051,63.16093739644278,US
JPMB,JPMorgan USD Emerging Markets Sovereign Bond ETF,ETF,ETF,39.73160171508789,1.0622235026070914,0.0084915743836816,55.84362914498871,US
JPRE,JPMorgan Realty Income ETF,ETF,ETF,53.31999969482422,-0.4480987160438713,0.0005314824589082,48.50096041220302,US
JPSE,JPMorgan Diversified Return U.S. Small Cap Equity ETF,ETF,ETF,60.7400016784668,2.559777590211949,0.0276976263853497,60.000240274730935,US
JPSV,Jpmorgan Active Small Cap Value ETF,ETF,ETF,71.51000213623047,2.263789578976402,0.0171628166519475,64.58951655915322,US
JPY,Lazard Japanese Equity ETF,ETF,ETF,38.77000045776367,3.893665253656863,0.0516742378119237,64.74770129637473,US
JQUA,JPMorgan U.S. Quality Factor ETF,ETF,ETF,74.52999877929688,3.19855652111447,0.0289527588249545,67.75681764777184,US
JRE,Janus Henderson U.S. Real Estate ETF,ETF,ETF,27.81399917602539,-1.5085007030646511,-0.0105149985398335,47.6322437477482,US
JTEK,JPMorgan U.S. Tech Leaders ETF,ETF,ETF,102.03350067138672,8.05199654944212,0.2415069797558795,54.85984020753937,US
JTKWY,JTKWY,N/A,N/A,4.184999942779541,7.307688216486021,0.0178451948536673,63.31524660180725,US
JUCY,Aptus Enhanced Yield ETF,ETF,ETF,22.03499984741211,0.5475652606509511,0.0019667128210944,70.05497825229033,US
JUDO,Janus Henderson U.S. Equity Enhanced Income ETF,ETF,ETF,29.014299392700195,2.9240824513171093,-0.0006741670602944,71.16716537532614,US
JULM,FT Vest U.S. Equity Max Buffer ETF - July,ETF,ETF,34.91590118408203,0.5787153409508601,0.0014670224350353,70.46508362757879,US
JULP,PGIM S&P 500 Buffer 12 ETF - Jul,ETF,ETF,33.358699798583984,1.8461810810637689,0.0082249379849527,66.90941976599427,US
JULU,AllianzIM U.S. Equity Buffer15 Uncapped Jul ETF,ETF,ETF,32.78950119018555,2.601855567669874,0.0155499763883897,62.65191646806013,US
JULW,AllianzIM U.S. Equity Buffer20 Jul ETF,ETF,ETF,41.46129989624024,1.3228293047816468,0.0043058129459058,68.02047407963263,US
JULZ,Trueshares Structured Outcome (July) ETF,ETF,ETF,46.31100082397461,2.817372701564854,0.0095126654081331,62.96547768335154,US
JUNM,FT Vest U.S. Equity Max Buffer ETF - June,ETF,ETF,35.36000061035156,0.5716892157199941,0.0019248705552242,70.89114465234708,US
JUNZ,TrueShares Structured Outcome (June) ETF,ETF,ETF,35.92300033569336,2.6166205816250088,0.0063008214824443,62.97233952355567,US
JUST,Goldman Sachs JUST U.S. Large Cap Equity ETF,ETF,ETF,111.41500091552734,3.334261946650422,0.0253607408946481,68.73675882538834,US
JVAL,JPMorgan U.S. Value Factor ETF,ETF,ETF,59.88999938964844,3.7595255077142538,0.032861381833111,64.81333423055406,US
JXN,Jackson Financial Inc.,Financial Services,Insurance - Life,129.9600067138672,6.280673872455589,-0.2567423232019612,63.09663566127338,US
JXX,Janus Henderson Transformational Growth ETF,ETF,ETF,32.001800537109375,4.786508113163853,0.0169089810806554,56.49977189311241,US
KAPR,Innovator Russell 2000 Power Buffer ETF - April,ETF,ETF,40.25289916992188,1.3237797064487462,0.0097611034022884,65.24950134620302,US
KARO,Karooooo Ltd.,Technology,Software - Application,64.80999755859375,0.8951458593891971,-0.0395281852009525,66.2376674883005,US
KARS,KraneShares Electric Vehicles and Future Mobility Index ETF,ETF,ETF,30.8518009185791,4.281905943243079,0.043038259375434,54.59160842952765,US
KAT,Scharf ETF,ETF,ETF,58.140899658203125,2.0911306045822853,-0.0064663855262557,76.58121821596603,US
KAUG,Innovator U.S. Small Cap Power Buffer ETF - August,ETF,ETF,29.26930046081543,1.5942415945408386,0.0047809309575919,76.73896361335044,US
KBA,KraneShares Bosera MSCI China A,ETF,ETF,33.979698181152344,2.626691497338353,0.0398739719368188,54.35920722782583,US
KBON,Karbon Capital Partners Corp.,Financial Services,Shell Companies,10.09000015258789,0.099208620610378,0.0004847482912446,49.28359611937347,US
KBR,"KBR, Inc.",Industrials,Engineering & Construction,38.040000915527344,3.9060373704868097,0.0444688587994222,58.66870141405124,US
KBUF,KraneShares 90% KWEB Defined Outcome January 2027 ETF,ETF,ETF,27.739999771118164,0.4526525476590239,-0.0056778217402126,63.8088772740098,US
KBWB,Invesco KBW Bank ETF,ETF,ETF,97.61000061035156,1.6029987721654082,-0.0064487889385387,57.28434974174025,US
KBWP,Invesco KBW Property & Casualty Insurance ETF,ETF,ETF,135.85260009765625,0.6091989378626124,-0.0530136497787907,57.49402502648687,US
KCOP,Kurv Copper & Mining Enhanced Income ETF,ETF,ETF,24.41010093688965,6.63623319029816,-0.0005201161336959,64.07763486170109,US
KCSH,Kraneshares Sustainable Ultra Short Duration Index ETF,ETF,ETF,25.059999465942383,0.1398595322502743,0.00060478236824,47.86084570919704,US
KDEC,Innovator U.S. Small Cap Power Buffer ETF - December,ETF,ETF,28.80970001220703,1.32130546791386,0.0079717663053469,67.59752279263671,US
KDP,Keurig Dr Pepper Inc.,Consumer Defensive,Beverages - Non-Alcoholic,30.01000022888184,-3.5668399113671296,-0.0467888768296037,42.51717787454282,US
KE,"Kimball Electronics, Inc.",Industrials,Electrical Equipment & Parts,26.1299991607666,5.661138877658352,-0.0359295472892971,56.1550559633556,US
KELYA,"Kelly Services, Inc.",Industrials,Staffing & Employment Services,15.1899995803833,2.35848668596122,-0.013895152312255,57.93806575971145,US
KEX,Kirby Corporation,Industrials,Marine Shipping,131.2899932861328,0.1143769232747265,0.1379762180098045,37.73842521699827,US
KEY,KeyCorp,Financial Services,Banks - Regional,22.729999542236328,0.6197405431730345,0.0009521376786039,48.48943986254471,US
KEYS,"Keysight Technologies, Inc.",Technology,Scientific & Technical Instruments,340.9700012207031,6.860353381480359,0.3334256703986771,57.71625461213725,US
KFII,K&F Growth Acquisition Corp. II,Financial Services,Shell Companies,10.609999656677246,-0.0941641147796442,-0.0008148245394468,58.6170297836921,US
KGRN,KGRN,N/A,N/A,24.160200119018555,-0.8201990407508627,-0.0149678567263385,50.08465425860433,US
KGS,"Kodiak Gas Services, Inc.",Energy,Oil & Gas Equipment & Services,59.900001525878906,2.0269161300685083,0.2602677954877257,44.374858280762936,US
KHC,The Kraft Heinz Company,Consumer Defensive,Packaged Foods,25.31999969482422,-2.050292761409136,-0.0300350431967324,48.5266980308484,US
KIDS,OrthoPediatrics Corp.,Healthcare,Medical Devices,22.770000457763672,12.778602553050789,0.0313987253705144,72.2786776548817,US
KIO,KKR Income Opportunities Fund,Financial Services,Asset Management,11.149999618530272,1.2715657287743372,0.0102946957813815,54.476320466383534,US
KIQQ,KraneShares InspereX Nasdaq Dynamic Buffered High Income Index ETF,ETF,ETF,24.94129943847656,1.830316447149864,0.0105262126148271,50.76351157590469,US
KJUN,Innovator U.S. Small Cap Power Buffer ETF - June,ETF,ETF,30.07439994812012,1.864245282293604,0.0075135930308604,61.97456603999714,US
KKR,KKR & Co. Inc.,Financial Services,Asset Management,102.80999755859376,1.3605415057339303,-0.2348513830976808,55.316637659677376,US
KLAC,KLA Corporation,Technology,Semiconductor Equipment & Materials,198.1100006103516,8.363413561742757,0.988147163069124,46.01068491160788,US
KLAG,Leverage Shares 2X Long KLAC Daily ETF,ETF,ETF,29.489999771118164,16.33594496145537,0.3092580971378558,43.82283919678621,US
KLAR,Klarna Group plc,Financial Services,Credit Services,19.899999618530277,5.068632826838631,-0.0278563183547423,57.38247014872253,US
KLC,"KinderCare Learning Companies, Inc.",Consumer Defensive,Education & Training Services,5.170000076293945,-3.364482832658765,-0.0092251382935982,54.66044220247627,US
KLIC,"Kulicke and Soffa Industries, Inc.",Technology,Semiconductor Equipment & Materials,91.30999755859376,2.36547161719734,0.2256005277513386,41.08711138508107,US
KMAR,Innovator U.S. Small Cap Power Buffer ETF - March,ETF,ETF,32.41299819946289,1.1010505647262836,0.0013469789104484,61.91167293389126,US
KMAY,Innovator U.S. Small Cap Power Buffer ETF - May,ETF,ETF,30.704599380493164,1.7517191641570666,0.0089851560653389,63.16657106953385,US
KMB,Kimberly-Clark Corporation,Consumer Defensive,Household & Personal Products,109.68000030517578,0.3384893924123432,-0.027375713975597,51.34947767408129,US
KMCA,PLUS Korea Manufacturing Core Alliance Index ETF,ETF,ETF,18.03499984741211,14.945827468094306,0.0372461718056412,50.1569605804656,US
KMDA,Kamada Ltd.,Healthcare,Drug Manufacturers - Specialty & Generic,7.269999980926514,1.8207299281772364,0.0035129920172031,52.85826210343922,US
KMI,"Kinder Morgan, Inc.",Energy,Oil & Gas Midstream,30.850000381469727,-3.2369349131187803,-0.0176706473305035,39.6767642697499,US
KMLI,KraneShares 2x Long MELI Daily ETF,ETF,ETF,9.410799980163574,-6.434675440192586,-0.0421826731502487,48.23722539595091,US
KMPR,Kemper Corporation,Financial Services,Insurance - Property & Casualty,28.51000022888184,0.4580728398856048,-0.0762889286741316,49.08285089718207,US
KMTS,"Kestra Medical Technologies, Ltd.",Healthcare,Medical Instruments & Supplies,26.399999618530277,15.637318032214392,0.0864834094544561,61.03785070502959,US
KMX,CarMax Inc,Consumer Cyclical,Auto & Truck Dealerships,58.18000030517578,1.606709763553385,0.0241901557147445,59.079776432523055,US
KNCT,Invesco Next Gen Connectivity E,ETF,ETF,196.36599731445312,5.031017470480373,0.1842482035916712,53.04047828207397,US
KNF,Knife River Corporation,Basic Materials,Building Materials,66.80000305175781,-8.705747268818497,-0.0413662840207307,33.036961956921445,US
KNG,FT Cboe Vest S&P 500 Dividend Aristocrats Target Income ETF,ETF,ETF,51.959999084472656,2.1828921212583148,0.0086105173463063,62.58585345635849,US
KNGZ,First Trust S&P 500 Diversified Dividend Aristocrats ETF,ETF,ETF,42.62110137939453,4.202975243732311,0.0358340748115363,67.21412042165501,US
KNOW,Fundamentals First ETF,ETF,ETF,13.109999656677246,1.5413167146359938,0.0007363408410453,59.31542991610568,US
KNRG,Simplify Kayne Anderson Energy and Infrastructure Credit ETF,ETF,ETF,25.684999465942383,0.4497449061035455,0.001022626895796,60.85938310957636,US
KNSA,"Kiniksa Pharmaceuticals International, plc",Healthcare,Drug Manufacturers - Specialty & Generic,76.05999755859375,2.313695595148222,-0.2180056102676539,63.278534281052615,US
KNSL,"Kinsale Capital Group, Inc.",Financial Services,Insurance - Property & Casualty,373.760009765625,4.865045644078676,-0.097729205813815,61.855261343539055,US
KNTK,Kinetik Holdings Inc.,Energy,Oil & Gas Midstream,49.18000030517578,-2.748664026174994,-0.0133717035915887,50.50731942186352,US
KO,Coca-Cola Company (The),Consumer Defensive,Beverages - Non-Alcoholic,87.05000305175781,-0.6165010945424785,-0.055313596374382,60.03822326856434,US
KOD,Kodiak Sciences Inc.,Healthcare,Biotechnology,45.369998931884766,9.114951741054178,0.0967241255397002,62.818469823301626,US
KOID,KraneShares Global Humanoid Robotics and Physical AI Index ETF,ETF,ETF,39.119998931884766,6.914454137049071,0.0517922775481745,55.5173248129554,US
KOKU,Xtrackers MSCI Kokusai Equity ETF,ETF,ETF,134.0800018310547,2.708661686068992,-0.0050790795570387,65.47703410734678,US
KOMP,State Street SPDR S&P Kensho New Economies Composite ETF,ETF,ETF,70.58999633789062,7.541128876096261,0.1066847778017054,60.18254373447646,US
KONG,Formidable Fortress ETF,ETF,ETF,32.9921989440918,3.469231874938799,0.0148439205299321,74.85048224772213,US
KOOL,North Shore Equity Rotation ETF,ETF,ETF,14.710100173950195,3.4465534298037706,0.0039948504589791,60.95863462076703,US
KORP,American Century Diversified Corporate Bond ETF,ETF,ETF,45.987300872802734,0.7176216017511321,0.0065600522958312,50.81767118949602,US
KOS,Kosmos Energy Ltd.,Energy,Oil & Gas E&P,2.4800000190734863,-7.806692701856775,-0.0007416938954456,50.97107689851407,US
KPDD,KraneShares 2x Long PDD Daily ETF,ETF,ETF,6.496399879455566,7.201319155060284,-0.0019047438501858,65.05062943616261,US
KPRO,KraneShares 100% KWEB Defined Outcome January 2027 ETF,ETF,ETF,27.22900009155273,0.1508031728156936,-0.0083272839330326,61.258901076464255,US
KR,Kroger Company (The),Consumer Defensive,Grocery Stores,56.72999954223633,-1.7492242931595423,-0.0463285518352447,43.16094119316259,US
KRAQ,KRAKacquisition Corp.,Financial Services,Shell Companies,10.010000228881836,0.1000022888183593,0.0010740624534772,61.11395258967786,US
KRC,Kilroy Realty Corporation,Real Estate,REIT - Office,37.970001220703125,-2.18958907986396,-0.0082566458393882,46.06109206138005,US
KRE,State Street SPDR S&P Regional Banking ETF,ETF,ETF,76.20999908447266,0.1972147392765175,-0.0566509685395127,53.57470846228935,US
KREF,KKR Real Estate Finance Trust Inc.,Real Estate,REIT - Mortgage,7.760000228881836,11.494255551007942,0.0338388888995265,63.60171829089055,US
KRG,Kite Realty Group Trust,Real Estate,REIT - Retail,26.75,-6.533895123685424,-0.0151843725654094,30.974318446381773,US
KRMN,Karman Holdings Inc.,Industrials,Aerospace & Defense,58.22999954223633,20.93457465611872,0.2084157726491409,64.41478116890161,US
KRNY,Kearny Financial Corp.,Financial Services,Banks - Regional,9.520000457763672,-0.7299238134561356,-0.0102253459981631,53.88030866624369,US
KRP,"Kimbell Royalty Partners, LP",Energy,Oil & Gas E&P,14.979999542236328,0.0667954243764629,0.0298072639131147,54.230718995814165,US
KRSP,Rice Acquisition Corporation 3,Financial Services,Shell Companies,10.470100402832031,-0.4270084548236373,0.000758426653158,47.36040825991887,US
KRT,Karat Packaging Inc.,Consumer Cyclical,Packaging & Containers,47.09000015258789,17.02285832106876,0.2816434988316407,88.23100449706473,US
KRYP,ProShares CoinDesk 20 Crypto ETF,EQUITY,EQUITY,17.825000762939453,1.2899261035157732,-0.0030500182662069,48.35457379136205,US
KSA,iShares MSCI Saudi Arabia ETF,ETF,ETF,37.650001525878906,1.8668897686637889,-0.0096451768528242,55.496714209885056,US
KSEP,Innovator U.S. Small Cap Power Buffer ETF - September,ETF,ETF,31.184999465942383,0.4833240511286206,0.0009798012769163,69.68893502339952,US
KSLV,Kurv Silver Enhanced Income ETF,ETF,ETF,26.520000457763672,10.453978362992828,0.0588752591375898,59.902903881317,US
KSS,Kohl's Corporation,Consumer Cyclical,Department Stores,19.299999237060547,0.8359448929692377,-0.0235128432307077,56.65283186485219,US
KTB,"Kontoor Brands, Inc.",Consumer Cyclical,Apparel Manufacturing,77.05000305175781,-7.989007622014968,-0.260741909480199,37.825675458436585,US
KURE,KraneShares MSCI All China Health Care Index ETF,ETF,ETF,18.539899826049805,7.291082692942159,0.073221397807374,68.71962433963523,US
KVUE,Kenvue Inc.,Consumer Defensive,Household & Personal Products,19.229999542236328,-0.0519762422079008,-0.0103281673494735,51.46796602889954,US
KVYO,"Klaviyo, Inc.",Technology,Software - Application,16.6200008392334,-6.838561115020606,-0.1091776402830214,46.1669729450292,US
KWEB,KraneShares CSI China Internet ETF,ETF,ETF,28.65999984741211,0.5967008692863645,-0.0238002085687578,64.61545296879142,US
KWIN,KraneShares Wahed Alternative Income Index ETF,ETF,ETF,25.750099182128903,0.0003851733161407,0.000758807439687,58.771096589630375,US
KWT,iShares MSCI Kuwait ETF,ETF,ETF,36.93999862670898,1.483508456575647,-0.0132832697242208,57.1730701912712,US
KXI,iShares Global Consumer Staples ETF,ETF,ETF,69.54000091552734,0.5058512238346732,0.0050830935987878,55.62445366091984,US
KYTX,"Kyverna Therapeutics, Inc.",Healthcare,Biotechnology,7.960000038146973,9.041093563939617,0.023330741381515,51.74067172573881,US
L,Loews Corporation,Financial Services,Insurance - Property & Casualty,115.52999877929688,-0.4137603207436597,-0.0375219513926066,52.00860656142678,US
LABD,Direxion Daily S&P Biotech Bear 3X Shares,ETF,ETF,7.570000171661377,-18.950748950856163,-0.0679640193241791,38.15004698962,US
LABU,Direxion Daily S&P Biotech Bull 3X Shares,ETF,ETF,277.2300109863281,21.912936863369957,2.1000518091318146,58.71132172132511,US
LAC,Lithium Americas Corp.,Basic Materials,Other Industrial Metals & Mining,3.2300000190734863,12.543559159211448,0.0128820033377673,49.82097809988522,US
LAD,"Lithia Motors, Inc.",Consumer Cyclical,Auto & Truck Dealerships,375.6300048828125,-2.540088268342476,-0.7545900331578004,60.30903883838684,US
LADR,Ladder Capital Corp,Real Estate,REIT - Mortgage,9.760000228881836,2.092048122244283,0.0161546454585012,50.11339195101949,US
LAR,Lithium Argentina AG,Basic Materials,Other Industrial Metals & Mining,6.940000057220459,15.474206205007915,0.0375650844312392,52.87280864541355,US
LAUR,"Laureate Education, Inc.",Consumer Defensive,Education & Training Services,38.34000015258789,0.0783053464409154,0.0415989325389503,56.23984333562999,US
LAZ,LAZ,N/A,N/A,44.20000076293945,5.5396361882868215,0.0426222468229661,56.2227083905622,US
LB,LandBridge Company LLC,Energy,Oil & Gas Equipment & Services,75.4000015258789,-2.7347719414241203,-0.1003325357671141,50.25655930317651,US
LBAY,Leatherback Long/Short Alternative Yield ETF,ETF,ETF,26.47520065307617,0.819498942569123,0.0024806512275853,56.92029119318543,US
LBO,WHITEWOLF Publicly Listed Private Equity ETF,ETF,ETF,26.624900817871094,5.650174962017266,-0.0028166949784171,66.21779071417423,US
LBRDA,Liberty Broadband Corporation,Communication Services,Telecom Services,35.93000030517578,5.490307858152852,-0.0810633555254097,62.21270147149795,US
LBRT,Liberty Energy Inc.,Energy,Oil & Gas Equipment & Services,19.940000534057617,6.574032655115058,0.0818296658318553,41.486402956961925,US
LCF,Touchstone US Large Cap Focused ETF,ETF,ETF,46.36299896240234,4.623820518292324,0.0046828988463808,68.8802057513355,US
LCO,Logiq Contrarian Opportunities ETF,ETF,ETF,26.724000930786133,3.557316839539694,0.013202907498691,54.26355357603276,US
LCOW,Pacer S&P 500 Quality FCF Aristocrats ETF,ETF,ETF,26.69079971313477,3.001580685822592,0.0073532226447085,69.16121376934592,US
LCR,Leuthold Core ETF,ETF,ETF,40.53570175170898,2.562313013664981,0.0203019615141575,68.9379386812165,US
LCTD,iShares World ex U.S. Carbon Transition Readiness Aware Active ETF,ETF,ETF,60.41170120239258,2.865196254349092,0.0321413608810096,67.78862502991123,US
LDEM,iShares ESG MSCI EM Leaders ETF,ETF,ETF,60.9724006652832,2.414379476870991,0.0122632130720762,56.6962444260048,US
LDI,"loanDepot, Inc.",Financial Services,Mortgage Finance,0.9517999887466432,-2.976556296404357,-0.0024460763260449,37.7413987607834,US
LDP,LDP,Financial Services,Asset Management,20.649999618530277,0.3401345728071955,0.0140045579808158,47.55592452250328,US
LDRC,iShares iBonds 1-5 Year Corporate Ladder ETF,ETF,ETF,25.059999465942383,0.556630956484683,0.0030549039562342,59.50705100350224,US
LDRH,iShares iBonds 1-5 Year High Yield and Income Ladder ETF,ETF,ETF,24.51000022888184,0.4581410047691099,0.0027701527632466,68.11052388899861,US
LDRI,iShares iBonds 1-5 Year TIPS Ladder ETF,ETF,ETF,24.975000381469727,0.1403361935149689,0.001366100350157,54.279536348887646,US
LDRX,SGI Enhanced Market Leaders ETF,ETF,ETF,36.97700119018555,3.9059187886613658,0.0160688246705461,66.94640495313217,US
LDSF,First Trust Low Duration Strategic Focus ETF,ETF,ETF,18.8799991607666,0.3988240062414572,0.0007067825642376,61.14526069966389,US
LEA,Lear Corporation,Consumer Cyclical,Auto Parts,122.83999633789062,-5.970608610073114,0.0878784478140972,34.81529642395178,US
LEG,"Leggett & Platt, Incorporated",Consumer Cyclical,"Furnishings, Fixtures & Appliances",9.619999885559082,-1.8367377721681832,-0.007844530130384,36.68690960200359,US
LEGH,Legacy Housing Corporation,Consumer Cyclical,Residential Construction,29.200000762939453,11.195736894259744,0.0826808728635347,74.41036763962683,US
LEGN,Legend Biotech Corporation,Healthcare,Biotechnology,20.75,11.859842875595008,0.1810433443701011,39.95945607246659,US
LEMB,iShares J.P. Morgan EM Local Currency Bond ETF,ETF,ETF,43.06999969482422,1.1507699452754914,0.0110870327430457,68.6063305162849,US
LEN,Lennar Corporation,Consumer Cyclical,Residential Construction,88.18000030517578,7.079540909629518,0.12296339344285,55.31340474666417,US
LEND,SEI High Yield Bond & Alternative Credit ETF,ETF,ETF,24.895000457763672,0.3443743678576952,0.0029062368497468,54.673632096714265,US
LEO,"BNY Mellon Strategic Municipals, Inc.",Financial Services,Asset Management,6.21999979019165,1.1382064022559435,0.0057823269245927,44.247289130145646,US
LEUX,Tradr 2X Long LEU Daily ETF,ETF,ETF,14.835000038146973,14.644517150034863,0.0282828872546437,56.83604635310067,US
LEXI,Alexis Practical Tactical ETF,ETF,ETF,41.13199996948242,2.611951874573779,0.0188481353853553,64.27891756652947,US
LFAI,LifeX 2050 Longevity Income ETF,ETF,ETF,145.78500366210938,0.0903248678126673,0.0066744991404927,43.73300022979824,US
LFAO,LifeX 2055 Longevity Income ETF,ETF,ETF,158.74899291992188,0.0799964753837685,0.0112212771230019,42.86632126356193,US
LFAW,LifeX 2060 Longevity Income ETF,ETF,ETF,169.18800354003906,0.0610857948138169,0.0154199306327581,42.11845254358814,US
LFBE,LifeX 2065 Longevity Income ETF,ETF,ETF,178.39300537109375,1.015035226026071,0.0485949950532446,43.7020284799296,US
LFEQ,VanEck Long/Flat Trend ETF,ETF,ETF,61.459999084472656,3.2906460610695207,0.0175239049750136,65.58240844651979,US
LFST,"LifeStance Health Group, Inc.",Healthcare,Medical Care Facilities,10.84000015258789,3.4351204778272533,0.0339905642766565,55.33674324908936,US
LFTO,"Liftoff Mobile, Inc.",Communication Services,Advertising Agencies,25.729999542236328,15.900894855777814,0.0915580729712534,57.89738089682446,US
LGH,HCM Defender 500 Index ETF,ETF,ETF,66.92389678955078,4.704377522834649,0.0291294999371801,64.16228544032883,US
LGHT,Langar Global Healthtech ETF,ETF,ETF,8.8100004196167,1.1597289019943828,-0.0053260445418193,56.646523584410936,US
LGIH,"LGI Homes, Inc.",Consumer Cyclical,Residential Construction,60.040000915527344,10.02382490616348,0.0492081201784985,53.84823318005744,US
LGND,Ligand Pharmaceuticals Incorporated,Healthcare,Biotechnology,293.1499938964844,1.9510277473912163,-0.158328680370448,48.82561981386095,US
LGOV,First Trust Long Duration Opportunities ETF,ETF,ETF,21.01099967956543,0.7721788736214603,0.0023328202897514,47.5823630904199,US
LH,Labcorp Holdings Inc.,Healthcare,Diagnostics & Research,319.1700134277344,3.2244504615438063,-0.0892274975810387,71.56856986695385,US
LHX,"L3Harris Technologies, Inc.",Industrials,Aerospace & Defense,286.6700134277344,3.468568524443252,0.1082637233120582,47.36340011747846,US
LIAE,LifeX 2050 Inflation-Protected Longevity Income ETF,ETF,ETF,202.47900390625,0.0590717872269513,0.0155398084049456,41.94484080888035,US
LIAM,LifeX 2055 Inflation-Protected Longevity Income ETF,ETF,ETF,229.3090057373047,0.0610034081875735,0.022874953311514,41.17736746162652,US
LIAU,LifeX 2060 Inflation-Protected Longevity Income ETF,ETF,ETF,253.30999755859372,0.0652497613184828,0.0328807353585736,40.62869491581629,US
LIBD,LifeX 2065 Inflation-Protected Longevity Income ETF,ETF,ETF,268.3659973144531,0.0624236843150309,0.0406632424813482,39.893996951083054,US
LIF,"Life360, Inc.",Technology,Software - Application,63.19499969482422,16.91952004967505,0.13392098286087,63.474416785917526,US
LIFE,Ethos Technologies Inc.,Financial Services,Insurance Brokers,31.61000061035156,54.79921886507899,0.1801255553555001,84.39807125037345,US
LIFT,LIFT,N/A,N/A,22.61289978027344,0.193250881764721,0.0008151997770216,66.35042501405108,US
LILA,Liberty Latin America Ltd.,Communication Services,Telecom Services,8.510000228881836,4.417185609837894,-0.0105626536663685,66.64384149015511,US
LIMI,Themes Lithium & Battery Metal Miners ETF,ETF,ETF,43.380001068115234,11.585558393541035,0.1501188503595321,53.57386262690435,US
LIN,Linde plc,Basic Materials,Specialty Chemicals,489.9800109863281,2.4248517883512397,0.5304523248602377,39.47101437070096,US
LINC,Lincoln Educational Services Corporation,Consumer Defensive,Education & Training Services,40.9900016784668,-1.9846915887475367,0.0234100632305691,40.28855392246864,US
LIND,"Lindblad Expeditions Holdings, Inc.",Consumer Cyclical,Travel Services,33.95000076293945,14.77349848040799,-0.052723544410445,78.39821107983173,US
LION,Lionsgate Studios Corp.,EQUITY,EQUITY,12.970000267028809,-2.3343333748172093,0.0070724561428192,39.73067532366169,US
LITE,Lumentum Holdings Inc.,Technology,Communication Equipment,890.1699829101562,24.6841443071,4.3553490092972105,59.05867800149221,US
LITL,Simplify Piper Sandler US Small-Cap PLUS Income ETF,ETF,ETF,34.90679931640625,3.8954692550020353,0.0187228215145046,61.34639365608147,US
LITU,T-Rex 2X Long Lite Daily Target ETF,ETF,ETF,20.209999084472656,51.27245212444165,0.184112913181816,56.26693145803859,US
LITZ,Tradr 2X Short LITE Daily ETF,ETF,ETF,10.06999969482422,-39.51951996673309,-0.0928086505021368,38.52175624886842,US
LIVN,LivaNova PLC,Healthcare,Medical Devices,76.22000122070312,-4.891437732468528,-0.1697502564569658,41.54797582887065,US
LKFN,Lakeland Financial Corporation,Financial Services,Banks - Regional,61.72999954223633,-1.4684787888832722,-0.0929701006497294,49.32963515162247,US
LKOR,FlexShares Credit-Scored US Long Corporate Bond Index Fund,ETF,ETF,40.3218002319336,1.0951533879457858,0.0080017869497872,45.530690766176704,US
LKQ,LKQ Corporation,Consumer Cyclical,Auto Parts,24.86000061035156,10.734965547932392,0.0671995470448769,48.98809034974005,US
LLY,Eli Lilly and Company,Healthcare,Drug Manufacturers - General,1185.7099609375,3.209323858337485,1.959269913804647,53.71315901257231,US
LLYX,Defiance Daily Target 2X Long LLY ETF,ETF,ETF,26.36000061035156,5.608980678007444,0.0812029900350543,51.89082420303259,US
LMAT,"LeMaitre Vascular, Inc.",Healthcare,Medical Instruments & Supplies,81.44999694824219,-19.611135813689764,-0.3784194262501477,32.37350203044147,US
LMBS,First Trust Low Duration Opportunities ETF,ETF,ETF,49.63520050048828,0.2933902143807376,0.0014045163044563,56.69212157738135,US
LMND,"Lemonade, Inc.",Financial Services,Insurance - Property & Casualty,52.93999862670898,9.583931115302637,0.3026282141010608,40.65758947379975,US
LMNX,Defiance Daily Target 2X Long LMND ETF,ETF,ETF,9.008399963378906,17.495763382288697,0.1386308495741479,36.8256517266542,US
LMRI,LMRI,N/A,N/A,11.579999923706056,11.239193981206478,0.0264625561148297,59.619864527419125,US
LMT,Lockheed Martin Corporation,Industrials,Aerospace & Defense,587.9500122070312,0.894056021547587,-0.5236145465427402,65.93255956252685,US
LMTL,Direxion Daily LMT Bull 2X ETF,ETF,ETF,39.559600830078125,1.0101096681591428,-0.0658462772518266,64.4786227845527,US
LNC,Lincoln National Corporation,Financial Services,Insurance - Life,46.02999877929688,0.920846663724864,-0.1126550145674696,67.58450755067855,US
LNG,"Cheniere Energy, Inc.",Energy,Oil & Gas Midstream,256.1400146484375,-2.818982611569145,-0.2166838748933002,49.442486663935085,US
LNN,Lindsay Corporation,Industrials,Farm & Heavy Construction Machinery,116.05999755859376,4.72838646291231,0.1051251061115871,53.12168950011049,US
LNOK,Defiance Daily Target 2x Long NOK ETF,ETF,ETF,29.96999931335449,4.425081939562172,0.085730738440958,37.33381634693324,US
LNT,LNT,N/A,N/A,69.37000274658203,-1.992082589760184,0.0145061317162681,33.61888269466367,US
LNTH,"Lantheus Holdings, Inc.",Healthcare,Drug Manufacturers - Specialty & Generic,100.9499969482422,1.3147305967665883,0.0732873783931377,45.16346308297944,US
LOAR,Loar Holdings Inc.,Industrials,Aerospace & Defense,70.87000274658203,3.535435947746949,-0.1530286441933666,48.501642505106176,US
LOB,"Live Oak Bancshares, Inc.",Financial Services,Banks - Regional,42.59999847412109,-0.4672915105247767,-0.0499118505016725,54.02551341684512,US
LOCO,"El Pollo Loco Holdings, Inc.",Consumer Cyclical,Restaurants,15.15999984741211,-7.897930190572645,-0.0918531224233453,37.76544373598077,US
LODI,AAM SLC Low Duration Income ETF,ETF,ETF,25.15819931030273,0.2318682388386481,0.0004295829712928,67.69803932703314,US
LOGC,ContextLogic Holdings Inc.,Consumer Cyclical,Internet Retail,10.029999732971191,3.540822221408378,0.0023212945191172,75.47434158129673,US
LOGO,Alpha Brands Consumption Leaders ETF,ETF,ETF,21.18000030517578,4.083735497463289,0.0149073389003672,62.93232002467705,US
LONZ,PIMCO Senior Loan Active Exchange-Traded Fund,ETF,ETF,49.125,0.275563006548213,0.0022878435806097,78.41149627410573,US
LOUP,Innovator Deepwater Frontier Tech ETF,ETF,ETF,93.4292984008789,9.774759406493889,0.2896370291639369,57.31516190234248,US
LOW,"Lowe's Companies, Inc.",Consumer Cyclical,Home Improvement Retail,223.3500061035156,7.477988897305213,0.2738492390353284,59.971697100966246,US
LOWV,AB US Low Volatility Equity ETF,ETF,ETF,84.70079803466797,2.5619652160208326,0.0133531619856864,74.92752680962744,US
LPG,Dorian LPG Ltd.,Energy,Oil & Gas Midstream,45.7599983215332,-3.500632457846065,0.0348816640324711,60.497456575305854,US
LPLA,LPL Financial Holdings Inc.,Financial Services,Capital Markets,362.6300048828125,2.524736321059061,-0.1571682802623044,72.32117881456597,US
LPRE,Long Pond Real Estate Select ETF,ETF,ETF,30.15999984741211,1.74408867012507,0.013326885709072,52.479134311172295,US
LPX,Louisiana-Pacific Corporation,Industrials,Building Products & Equipment,78.51000213623047,8.394314241940181,0.1482418515527925,57.85873774318836,US
LQ,Simplify Tax Aware Alternatives ETF,ETF,ETF,23.854999542236328,0.4421033357319079,0.0148288451278033,52.61849390211378,US
LQAI,LQAI,N/A,N/A,45.2599983215332,2.0472517743992635,0.0085563879666524,50.0481447214005,US
LQDA,Liquidia Corporation,Healthcare,Drug Manufacturers - Specialty & Generic,90.22000122070312,7.264297427195113,0.0528787178704415,64.61856908489838,US
LQDB,iShares BBB Rated Corporate Bond ETF,ETF,ETF,84.93000030517578,0.6017427358892977,0.0075780837236116,49.97102067221567,US
LQDH,iShares Interest Rate Hedged Corporate Bond ETF,ETF,ETF,92.36499786376952,0.2628050046990691,-0.0021839559721958,61.5146359454648,US
LQDI,iShares Inflation Hedged Corporate Bond ETF,ETF,ETF,25.82040023803711,0.4136241472891533,0.0037487037894889,48.11643753500807,US
LQDT,"Liquidity Services, Inc.",Consumer Cyclical,Internet Retail,42.060001373291016,7.90149273274718,0.1536656017989637,64.70959855404453,US
LQID,Kurv Enhanced Short Maturity ETF,ETF,ETF,25.01499938964844,0.05999755859375,-0.0002382422047699,69.07274287784259,US
LRCU,Tradr 2X Long LRCX Daily ETF,ETF,ETF,52.310001373291016,11.893051065863135,0.330079656940458,46.2893626685101,US
LRCX,Lam Research Corporation,Technology,Semiconductor Equipment & Materials,311.3500061035156,6.255551763394715,0.8390310902625941,48.72640589106757,US
LRGF,iShares U.S. Equity Factor ETF,ETF,ETF,78.79000091552734,3.534825880871764,0.0361101990944713,67.29980653813482,US
LRGG,Nomura Focused Large Growth ETF,ETF,ETF,29.92989921569824,3.502781772720185,0.0061393897978832,70.38573739104714,US
LSAK,"Lesaka Technologies, Inc.",Technology,Software - Infrastructure,4.889999866485596,5.844155576074003,0.0114734927054329,57.34471716373661,US
LSAT,LeaderShares AlphaFactor Tactical Focused ETF,ETF,ETF,46.36470031738281,2.086664694517644,0.0017898827837816,57.9580209139691,US
LSGR,Natixis Loomis Sayles Focused Growth ETF,ETF,ETF,44.91999816894531,4.855270795865701,0.0180932954147318,65.19749208796338,US
LST,Leuthold Select Industries ETF,ETF,ETF,48.01499938964844,4.097559652354335,0.0283515523850118,67.01033215553761,US
LSTR,"Landstar System, Inc.",Industrials,Integrated Freight & Logistics,182.9900054931641,4.703324952655149,0.8088862036947715,40.20709894905708,US
LSVD,LSV Disciplined Value ETF,ETF,ETF,36.29050064086914,3.3740719020361896,0.0100991602480102,66.97107113680096,US
LTAX,Nomura Tax-Free USA ETF,ETF,ETF,24.822999954223636,0.0040264711277046,0.0010286371547491,44.275511556355895,US
LTC,"LTC Properties, Inc.",Real Estate,REIT - Healthcare Facilities,39.84999847412109,-0.9691928133154164,0.0707714527194956,50.07269163520313,US
LTCC,Canary Litecoin ETF,ETF,ETF,11.05500030517578,1.1436413221398325,0.0042689875624499,49.95626997660079,US
LTL,ProShares Ultra Communication Services,ETF,ETF,24.249000549316406,5.522197703910762,0.0082368788063077,52.913143698175794,US
LTPZ,PIMCO 15+ Year U.S. TIPS Index Exchange-Traded Fund,ETF,ETF,47.97999954223633,0.9255334838777288,0.0169079250097891,43.78718791626445,US
LUCK,Lucky Strike Entertainment Corporation,Consumer Cyclical,Leisure,6.679999828338623,-0.2985071865055365,0.0008452056635592,35.57936310916554,US
LULG,Leverage Shares 2X Long LULU Daily ETF,ETF,ETF,7.494699954986572,16.558322784948587,0.0246927519116964,64.81516837891152,US
LUNL,Defiance Daily Target 2X Long LUNR ETF,ETF,ETF,5.050000190734863,71.76871062748363,0.0683451474086451,45.2808973984986,US
LUNR,"Intuitive Machines, Inc.",Industrials,Aerospace & Defense,16.399999618530273,32.90112978718997,0.148926874412461,52.84438678994152,US
LUV,Southwest Airlines Co.,Industrials,Airlines,47.04999923706055,4.625301222806817,-0.0059260597360248,49.88193233872574,US
LVHD,Franklin U.S. Low Volatility High Dividend Index ETF,ETF,ETF,44.41999816894531,-0.1507971773676983,-0.0023576370685385,51.11318457244271,US
LVHI,Franklin International Low Volatility High Dividend Index ETF,ETF,ETF,42.93000030517578,0.4915708765731161,0.0001386033287414,68.75794725980012,US
LVS,Las Vegas Sands Corp.,Consumer Cyclical,Resorts & Casinos,45.77000045776367,-5.78385427320625,-0.0680011994994943,43.85195237568553,US
LW,"Lamb Weston Holdings, Inc.",Consumer Defensive,Packaged Foods,52.27000045776367,-0.5328235649134085,-0.1150744606111289,62.36956166347593,US
LWAY,"Lifeway Foods, Inc.",Consumer Defensive,Packaged Foods,31.5,5.775685942565494,0.1112698820499269,60.261889258752326,US
LWLG,"Lightwave Logic, Inc.",Basic Materials,Specialty Chemicals,8.109999656677246,25.54178960970362,0.0357763557746595,56.60888651755302,US
LXFR,Luxfer Holdings PLC,Industrials,Specialty Industrial Machinery,17.100000381469727,0.4110375337747973,-0.0007759286099222,51.0106579104209,US
LYFT,"Lyft, Inc.",Technology,Software - Application,17.459999084472656,10.088268993888608,0.0564114687081212,69.0535164223839,US
LYLD,Cambria LargeCap Shareholder Yield ETF,ETF,ETF,32.56999969482422,0.9985071484168913,-0.0039266073725263,72.54035386738924,US
LYV,"Live Nation Entertainment, Inc.",Communication Services,Entertainment,180.66000366210935,3.750070979261437,-0.1038530076214949,51.80737784306339,US
LZB,La-Z-Boy Incorporated,Consumer Cyclical,"Furnishings, Fixtures & Appliances",42.13999938964844,7.0086293719476,0.0576591827855154,60.52421749347959,US
M,"Macy's, Inc.",Consumer Cyclical,Department Stores,25.399999618530277,2.336824862358897,-0.0293452017054975,58.010346064161006,US
MA,Mastercard Incorporated,Financial Services,Credit Services,562.9500122070312,-1.7710633068041794,-1.1389536505133524,59.37238518454549,US
MAAS,Maase Inc.,Financial Services,Asset Management,18.75,5.396284626577824,-0.0177962750493418,55.54547809642667,US
MAAY,GraniteShares YieldBOOST MARA ETF,ETF,ETF,5.599999904632568,-3.862659433476507,-0.0149515780660551,35.21207175656444,US
MAC,The Macerich Company,Real Estate,REIT - Retail,24.399999618530277,-5.572757451835388,-0.0186663851523727,43.664561184853696,US
MADE,iShares U.S. Manufacturing ETF,ETF,ETF,38.51890182495117,4.927547767887668,0.018738912399217,57.818699989365136,US
MAGA,Truth Social America First ETF,ETF,ETF,57.42179870605469,1.523686902119902,0.0043478375114998,59.293245443376506,US
MAGG,Madison Aggregate Bond ETF,ETF,ETF,19.924999237060547,0.3272841123434072,0.0010675363646249,45.46971421248331,US
MAGN,Magnera Corporation,Consumer Defensive,Household & Personal Products,12.90999984741211,-2.5660388874557785,-0.0167187282008313,47.61647324404744,US
MAGS,Roundhill Magnificent Seven ETF,ETF,ETF,69.13999938964844,4.821104228796709,0.0386292519140534,61.9759651184585,US
MAIN,Main Street Capital Corporation,Financial Services,Asset Management,58.93999862670898,8.325673207132594,0.1310101594126741,71.81497706475261,US
MAKX,ProShares S&P Kensho Smart Factories ETF,ETF,ETF,71.68219757080078,9.672883876087242,0.1036945851776568,60.27297380759082,US
MAMB,Monarch Ambassador Income ETF,ETF,ETF,23.926300048828125,1.494445799670134,0.0093712855106683,56.51033959966116,US
MAN,ManpowerGroup Inc.,Industrials,Staffing & Employment Services,56.59999847412109,7.974056564641582,0.0231503735362297,71.02990285330137,US
MANE,"Veradermics, Incorporated",Healthcare,Biotechnology,114.38999938964844,8.942856561569942,0.5272835280232163,54.03925884506279,US
MANH,"Manhattan Associates, Inc.",Technology,Software - Application,195.22999572753903,2.0223636626483965,-0.2156453014538772,67.6077161485634,US
MANI,Man Active Income ETF,EQUITY,EQUITY,25.895000457763672,0.5435888237586849,0.003013468942257,80.78290361107094,US
MANU,MANU,N/A,N/A,21.6299991607666,-5.997397020374976,-0.043411484935793,39.93786072834851,US
MAR,Marriott International,Consumer Cyclical,Lodging,353.9100036621094,-5.074694523394778,-0.1058276488598188,40.667985895170496,US
MARA,"MARA Holdings, Inc.",Financial Services,Capital Markets,10.09000015258789,-10.865720630705615,-0.0557489020866773,38.269116605202,US
MARO,YieldMax MARA Option Income Strategy ETF,ETF,ETF,4.210000038146973,-8.67973847826422,-0.0184952718062445,37.42699708546141,US
MARS,Roundhill Space & Technology ETF,ETF,ETF,27.770000457763672,18.52326118676647,0.142105563800702,55.37278294758558,US
MART,Allianzim U.S. Equity Buffer10 Mar ETF,ETF,ETF,42.709999084472656,1.651752340288147,0.0049894249687006,65.62038931691899,US
MARU,AllianzIM U.S. Equity Buffer15 Uncapped Mar ETF,ETF,ETF,30.447099685668945,2.9070192840960565,0.0086333185567546,64.46813481188325,US
MARW,Allianzim U.S. Equity Buffer20 Mar ETF,ETF,ETF,36.63769912719727,0.8414025889375041,0.003335761579541,68.42291247119532,US
MAT,"Mattel, Inc.",Consumer Cyclical,Leisure,14.789999961853027,-1.9880728144553008,-0.004293911808002,55.172108440312805,US
MATV,"Mativ Holdings, Inc.",Basic Materials,Specialty Chemicals,12.890000343322754,47.65178716172962,0.1467220737799057,87.93082455475601,US
MATX,"Matson, Inc.",Industrials,Marine Shipping,206.7700042724609,2.2523563300440643,0.1171701893437977,51.33807577270687,US
MAVF,Matrix Advisors Value ETF,ETF,ETF,141.38499450683594,3.914469858624705,0.0121034441822084,63.18757468044622,US
MAXI,Simplify Bitcoin Strategy ETF,ETF,ETF,9.133299827575684,4.547845281189822,0.0077427693443619,50.08799399715742,US
MAYC,Corgi U.S. Equities 10% Structured Buffer ETF - May Series,ETF,ETF,26.06999969482422,1.5582376990316806,0.0023525093308535,62.661442620957466,US
MAYP,PGIM S&P 500 Buffer 12 ETF - May,ETF,ETF,33.18000030517578,1.7042660204069464,0.0083485062876851,67.5617023105122,US
MAYT,AllianzIM U.S. Equity Buffer10 May ETF,ETF,ETF,39.86980056762695,1.7787767747232996,0.006285458268937,66.60592962428194,US
MAZE,"Maze Therapeutics, Inc.",Healthcare,Biotechnology,28.649999618530277,6.426447018325922,0.0724322531844345,53.14313877877276,US
MBBA,iShares Mortgage-Backed Securities Active ETF,ETF,ETF,49.040000915527344,0.7850712360871703,0.0085930476403564,52.34696565066446,US
MBBB,VanEck Moody's Analytics BBB Corporate Bond ETF,ETF,ETF,21.01000022888184,0.6660047773736215,0.0018575847246172,50.74078378388058,US
MBC,"MasterBrand, Inc.",Consumer Cyclical,"Furnishings, Fixtures & Appliances",9.369999885559082,13.575756188594934,0.0204526139782579,56.53738785060321,US
MBCE,Northern Lights Fund Trust IV - Monarch Blue Chips Elite Index ETF,ETF,ETF,38.94110107421875,7.6315664614518415,0.0663738102289682,55.61785882641182,US
MBLY,Mobileye Global Inc.,Consumer Cyclical,Auto Parts,8.729999542236328,9.94961560859765,0.032663681602913,51.075281868990245,US
MBND,State Street Nuveen Municipal Bond ETF,ETF,ETF,26.940000534057617,0.7291070805956577,0.0051023810010387,50.78985738867686,US
MBS,Angel Oak Mortgage-Backed Securities ETF,ETF,ETF,8.53499984741211,0.530036248611331,0.000583029107356,47.929494509917255,US
MBSD,FlexShares Disciplined Duration MBS Index Fund,ETF,ETF,20.424999237060547,0.5266283926479864,0.0019227499257819,51.627825498990674,US
MBSF,Regan Floating Rate MBS ETF,ETF,ETF,25.611099243164062,-0.0620500450694552,-0.0040361110580912,49.06479087189668,US
MBSX,MBSX,N/A,N/A,26.375,-3.2642560409751527,-0.0526390587082506,45.74175167384936,US
MBUU,"Malibu Boats, Inc.",Consumer Cyclical,Recreational Vehicles,28.8799991607666,4.751539646147737,-0.005912113511377,56.80917429693257,US
MBVI,M3-Brigade Acquisition Vi Corp.,Financial Services,Shell Companies,10.199999809265137,0.294982622872542,0.000222713294071,67.53002688894327,US
MC,Moelis & Company,Financial Services,Capital Markets,66.62999725341797,-0.6708475929533877,-0.1170334455495127,48.20239937034464,US
MCB,Metropolitan Bank Holding Corp.,Financial Services,Banks - Regional,92.86000061035156,0.4108966691440748,0.0261637268742183,45.81356676879473,US
MCCK,"Mestek, Inc.",Industrials,Building Products & Equipment,61.0,-3.1746031746031744,-0.1430382128740153,33.26601346413321,US
MCD,McDonald's Corporation,Consumer Cyclical,Restaurants,274.4800109863281,1.418857570961484,0.0701530828231329,53.54797995583904,US
MCDIF,Mcdermott International Ltd.,Industrials,Engineering & Construction,4.5,0.0,0.1066521660125241,30.344257092829864,US
MCFT,"MasterCraft Boat Holdings, Inc.",Consumer Cyclical,Recreational Vehicles,24.36000061035156,1.8394671097584243,-0.0194469907196566,49.52568238371765,US
MCH,Matthews China Active ETF,ETF,ETF,29.277299880981445,4.49088412034697,0.0392971591839227,60.93356020862139,US
MCHI,iShares MSCI China ETF,ETF,ETF,56.56999969482422,1.3799291546446162,-0.0023543902585773,68.59720556852633,US
MCHP,Microchip Technology Incorporated,Technology,Semiconductors,84.69000244140625,13.999194235714707,0.6388415934983667,53.73081110575313,US
MCHS,Matthews China Innovators Active ETF,ETF,ETF,42.41999816894531,5.446315027483477,0.1079887200644782,47.62395093561702,US
MCK,McKesson Corporation,Healthcare,Medical Distribution,869.5800170898438,1.5639069143830433,-0.0009503266160137,59.58437513682316,US
MCO,Moody's Corporation,Financial Services,Financial Data & Stock Exchanges,477.75,-0.1316954881855546,0.1347670897014952,48.14738032453515,US
MCY,Mercury General Corporation,Financial Services,Insurance - Property & Casualty,109.5,2.2218046979035475,0.1108967178049046,56.53731619184423,US
MD,"Pediatrix Medical Group, Inc.",Healthcare,Medical Care Facilities,27.07999992370605,2.1501308559145973,0.0687628557263493,58.51573768642489,US
MDB,"MongoDB, Inc.",Technology,Software - Infrastructure,398.7999877929688,18.16995816357396,1.4264838762421093,69.74322538448347,US
MDLN,Medline Inc.,Healthcare,Medical Instruments & Supplies,35.22999954223633,-10.310589009476145,-0.1189577080216517,39.6060735936432,US
MDLZ,"Mondelez International, Inc.",Consumer Defensive,Confectioners,62.61000061035156,0.4814624144578186,-0.033316073236961,55.63383641024498,US
MDPL,Monarch Dividend Plus ETF,ETF,ETF,29.1781005859375,3.984679762208136,-0.006846918618659,73.43896691552654,US
MDRX,Veradigm Inc.,Healthcare,Health Information Services,4.800000190734863,-3.9999961853027344,-0.0010139113252374,46.07088387895715,US
MDST,Westwood Salient Enhanced Midstream Income ETF,ETF,ETF,28.73789978027344,-2.118871993002577,-0.0095633828591979,43.43005337493432,US
MDT,Medtronic plc.,Healthcare,Medical Devices,87.16000366210938,2.0728472714751063,0.0192137064168886,62.15933498206482,US
MDU,"MDU Resources Group, Inc.",Utilities,Utilities - Regulated Gas,20.549999237060547,3.007511033461682,0.0275890818535438,47.36515486447114,US
MDXG,"MiMedx Group, Inc.",Healthcare,Biotechnology,4.340000152587891,5.084746545470751,0.0096686927258584,58.32745608844336,US
MDY,State Street SPDR S&P MIDCAP 400 ETF Trust,ETF,ETF,709.1599731445312,3.327888678250765,0.5363818307823078,62.45607765980035,US
MDYG,State Street SPDR S&P 400 Mid Cap Growth ETF,ETF,ETF,112.05999755859376,4.925088348814765,0.1543861759767831,62.90204018620684,US
MDYV,State Street SPDR S&P 400 Mid Cap Value ETF,ETF,ETF,96.66000366210938,1.7473722759046053,0.0089762766511203,59.4994569257815,US
MEDX,Horizon Kinetics Medical ETF,ETF,ETF,35.61909866333008,2.002006102642017,0.040617877633898,53.417980681606046,US
MEI,"Methode Electronics, Inc.",Technology,Electronic Components,16.670000076293945,19.15654288078362,0.0629860379456595,57.69224701774483,US
MELI,"MercadoLibre, Inc.",Consumer Cyclical,Internet Retail,1820.68994140625,-3.04907006333655,-4.233651384885128,49.809354980554986,US
MEM,Matthews Emerging Markets Equity Active ETF,ETF,ETF,43.80279922485352,2.7535188788983778,0.0080503615386634,54.331947603481225,US
MEME,Roundhill ETF Trust - Roundhill Meme Stock ETF,EQUITY,EQUITY,8.010000228881836,13.94025590079183,0.0172341693254086,52.10292945093224,US
MEMS,Matthews Emerging Markets Discovery Active ETF,ETF,ETF,30.795900344848636,6.368819777292406,0.0333153717490049,56.88274499260969,US
MESH,Meshflow Acquisition Corp.,Financial Services,Shell Companies,10.029999732971191,0.199795241079525,0.0001060110076021,60.50919337205654,US
MET,"MetLife, Inc.",Financial Services,Insurance - Life,97.7699966430664,2.336131259498002,-0.0475159735991241,65.31710319215837,US
META,"Meta Platforms, Inc.",Communication Services,Internet Content & Information,592.0999755859375,6.35698159122048,1.243642169134333,47.6793588569652,US
METD,Direxion Daily META Bear 1X ETF,ETF,ETF,16.1919002532959,-6.242618273835175,-0.0312407660693475,49.96377016340888,US
METL,Sprott Active Metals & Miners ETF,ETF,ETF,27.64259910583496,14.178439286120584,0.0749798070330589,65.01364654323771,US
METV,Roundhill Ball Metaverse ETF,ETF,ETF,19.19499969482422,5.120478938787167,0.0221811901579872,57.66524126251282,US
METW,Roundhill META WeeklyPay ETF,ETF,ETF,24.70120048522949,8.386141115516956,0.069438036660401,47.95575537291481,US
MEVO,M Evo Global Acquisition Corp II,Financial Services,Shell Companies,9.960000038146973,0.0,-0.0001855453040259,74.23012169445971,US
MEXX,Direxion Daily MSCI Mexico Bull 3X Shares,ETF,ETF,30.50069999694824,2.9385786731123,0.036161248478588,57.071298483189295,US
MFEM,PIMCO RAFI Dynamic Multi-Factor Emerging Markets Equity ETF,ETF,ETF,27.770000457763672,4.433834275064768,0.0119142930739591,54.64619964897472,US
MFI,mF International Limited,Technology,Software - Application,8.010000228881836,-1.8382306536175343,0.0188816140214899,44.53447965700761,US
MFLX,First Trust Flexible Municipal High Income ETF,ETF,ETF,16.979999542236328,0.4139544379412365,0.0047429944142377,38.07943272192703,US
MFM,Aberdeen Municipal Income Fund,Financial Services,Asset Management,5.440000057220459,1.303541399500218,0.0059625023849282,50.87450700048175,US
MFSB,MFSB,N/A,N/A,24.700000762939453,0.6110041977209708,0.0046987854075669,47.80256219220093,US
MFSV,MFS Active Value ETF,ETF,ETF,29.959999084472656,1.593758280780995,0.0039818644964783,68.63547823334171,US
MFUL,Mindful Conservative ETF,ETF,ETF,22.461000442504883,0.5236331030839824,-0.0016650444298381,56.84914395183634,US
MFVL,Motley Fool Value Factor ETF,ETF,ETF,22.108800888061523,2.365039936161487,-0.0048454931827492,65.89993901576881,US
MG,"Mistras Group, Inc.",Industrials,Security & Protection Services,16.079999923706055,5.719920337785046,0.0285732216599374,50.054942003794736,US
MGC,Vanguard Morningstar Mega Cap ETF,ETF,ETF,283.7699890136719,3.926021497877237,0.1322165743948957,66.0955458550975,US
MGMT,Ballast Small/Mid Cap ETF,ETF,ETF,51.77999877929688,2.0154832051333407,-0.0009870717192288,60.78061028817738,US
MGNR,American Beacon GLG Natural Resources ETF,ETF,ETF,51.6327018737793,5.869799854717683,0.0616499830876383,63.70812078030632,US
MGV,Vanguard Morningstar Mega Cap Value ETF,ETF,ETF,166.7899932861328,2.199752699155484,0.0455017238130874,63.67340594603318,US
MGY,Magnolia Oil & Gas Corporation,Energy,Oil & Gas E&P,25.07999992370605,-2.450405224429138,0.0491563516961921,47.529806937285805,US
MH,"McGraw Hill, Inc.",Consumer Defensive,Education & Training Services,11.600000381469728,5.839419170576572,-0.0229327465745985,62.249305005395925,US
MHD,MHD,Financial Services,Asset Management,11.619999885559082,1.3077560160260515,0.0062556658606907,49.77925780029385,US
MHK,"Mohawk Industries, Inc.",Consumer Cyclical,"Furnishings, Fixtures & Appliances",136.05999755859375,10.528025381898924,-0.0776698701162263,69.73584538478266,US
MHO,"M/I Homes, Inc.",Consumer Cyclical,Residential Construction,151.99000549316406,4.010128251929459,0.2358524090287717,54.35743665365033,US
MHY,Man Active High Yield ETF,EQUITY,EQUITY,25.88999938964844,0.770667750952171,0.0034213629283119,75.08085190315896,US
MIDD,The Middleby Corporation,Industrials,Specialty Industrial Machinery,134.5,0.6887244769684014,-0.0308314095611768,50.98829590222552,US
MIDE,Xtrackers S&P MidCap 400 Scored & Screened ETF,ETF,ETF,38.512001037597656,1.7678370092078728,-0.0010047475279688,58.19512301127988,US
MIDU,Direxion Daily Mid Cap Bull 3X Shares,ETF,ETF,75.58999633789062,10.013094666119326,0.1690618524525416,61.73727958694058,US
MIG,VanEck Moody's Analytics IG Corporate Bond ETF,ETF,ETF,20.989999771118164,0.4894530318310205,0.0024710716662928,51.55019426371919,US
MIGO,Mig Core ETF,ETF,ETF,29.739999771118164,4.755196937277723,0.0101611644843831,55.18733001660042,US
MILK,Pacer US Cash Cows Bond ETF,ETF,ETF,24.231599807739254,0.7383343599320733,0.0030731760137955,51.01766568923699,US
MINO,PIMCO Municipal Income Opportunities Active Exchange-Traded Fund,ETF,ETF,45.0099983215332,0.7385810521563371,0.0153799429691978,51.443692173382665,US
MINT,PIMCO Enhanced Short Maturity Active Exchange-Traded Fund,ETF,ETF,100.58000183105467,0.1294148805314342,0.001003918986143,91.35326756106215,US
MINV,Matthews Asia Innovators Active ETF,ETF,ETF,49.45000076293945,4.247916794165022,0.0626780963596713,48.17942607498749,US
MINY,YieldMax Strategic Metals & Mining Portfolio Option Income ETF,EQUITY,EQUITY,38.9541015625,10.987914193239222,0.0922983723720846,64.57433236268196,US
MIR,"Mirion Technologies, Inc.",Industrials,Specialty Industrial Machinery,15.710000038146973,4.873167678359384,0.0365268111608391,46.17699333255065,US
MIRM,"Mirum Pharmaceuticals, Inc.",Healthcare,Biotechnology,100.6500015258789,-5.002355427110008,0.2219050716031363,39.34476494424843,US
MISL,First Trust Indxx Aerospace & Defense ETF,ETF,ETF,47.220001220703125,9.737398466816122,0.0784965146709891,64.6082818191029,US
MIVL,MFS Active International Value ETF,EQUITY,EQUITY,26.61000061035156,0.4909405980460049,-0.0069043962499371,70.08741742566205,US
MJSC,MUFG Japan Small Cap Active ETF,EQUITY,EQUITY,62.8474006652832,4.827784419494158,0.0398782977305132,58.86113785959997,US
MKL,Markel Group Inc.,Financial Services,Insurance - Property & Casualty,1875.050048828125,-0.3872795097887961,0.9705154634724256,40.569352393056505,US
MKOR,Matthews Korea Active ETF,ETF,ETF,57.50090026855469,7.377966550482835,0.0809653110997528,49.29453238365422,US
MKSI,MKS Inc.,Technology,Scientific & Technical Instruments,304.989990234375,2.534872320696283,0.8224981022288276,44.88066018567284,US
MKTX,MarketAxess Holdings Inc.,Financial Services,Capital Markets,162.52999877929688,0.1417102422762841,-0.6851007667184223,84.72663599839294,US
MLAA,Mountain Lake Acquisition Corp. II,EQUITY,EQUITY,9.961000442504885,0.0100442204224758,-0.000473347257964,54.919205291399386,US
MLAB,"Mesa Laboratories, Inc.",Technology,Scientific & Technical Instruments,102.6500015258789,1.8252197320168484,-0.0163231224914386,54.8307918478132,US
MLCO,Melco Resorts & Entertainment Limited,Consumer Cyclical,Resorts & Casinos,5.519999980926514,-3.6649221195103703,-0.0081448014425952,49.862782506274485,US
MLKN,"MillerKnoll, Inc.",Consumer Cyclical,"Furnishings, Fixtures & Appliances",24.489999771118164,8.74777652446869,0.0127649827757487,68.54578641752384,US
MLM,"Martin Marietta Materials, Inc.",Basic Materials,Building Materials,548.5700073242188,4.461665845720554,0.5216438039054694,45.745533055615645,US
MLN,VanEck Long Muni ETF,ETF,ETF,17.5049991607666,1.126503593329944,0.009212845249158,54.62396787620776,US
MLP,"Maui Land & Pineapple Company, Inc.",Real Estate,Real Estate Services,17.31999969482422,-0.1153428926624716,-0.0086753624224154,50.510807284510186,US
MLPB,UBS ETRACS Alerian MLP Infrastructure Index ETN Series B,ETF,ETF,30.015300750732425,-1.814520607226936,-0.0316971426205398,52.77566846997451,US
MLPD,Global X MLP & Energy Infrastructure Covered Call ETF,ETF,ETF,24.314599990844727,-1.9967734210462589,-0.0134871091507765,36.455408639226974,US
MLPI,Neos Mlp & Energy Infrastructure High Income ETF,ETF,ETF,52.91999816894531,-2.6310953915788606,-0.0084698683114143,37.02130681737293,US
MLPX,Global X MLP & Energy Infrastructure ETF,ETF,ETF,72.91999816894531,-2.87693608075533,-0.0324629864145513,40.58349135201085,US
MLR,"Miller Industries, Inc.",Consumer Cyclical,Auto Parts,54.540000915527344,8.429426924012366,0.1392190821577772,72.821025478665,US
MLTX,MoonLake Immunotherapeutics,Healthcare,Biotechnology,18.26000022888184,-0.9761404553287896,0.0494930582177695,46.5496977909424,US
MMAX,iShares Large Cap Max Buffer Mar ETF,ETF,ETF,27.299999237060547,0.3491979916225293,0.0009268044823319,76.57517990426759,US
MMAY,Pacer Swan SOS Moderate (May) ETF,ETF,ETF,33.20000076293945,1.466991211273596,0.0033302672721328,65.25528113456011,US
MMCA,NYLI MacKay California Muni Intermediate ETF,ETF,ETF,21.480300903320312,0.681049098115055,0.0076986347577647,46.64360826078055,US
MMED,"MiniMed Group, Inc.",Healthcare,Medical Instruments & Supplies,19.600000381469727,8.587264320913059,0.0300453515642825,71.79619567005771,US
MMI,"Marcus & Millichap, Inc.",Real Estate,Real Estate Services,31.479999542236328,2.373982251175051,0.0095783358947841,56.24590853723073,US
MMK,State Street Prime Money Market ETF,ETF,ETF,100.09600067138672,0.0729812592699662,0.0009079119031718,96.96145733281811,US
MMKT,Texas Capital Government Money Market ETF,ETF,ETF,100.19000244140624,-0.004987527754069,-0.0041335969349676,79.15042323518378,US
MMM,3M Company,Industrials,Conglomerates,182.8999938964844,3.755386409705933,-0.0761176809645274,69.75644632423631,US
MMMA,NYLI MacKay Muni Allocation ETF,EQUITY,EQUITY,25.107999801635746,-0.1868450953162479,0.0024434635523068,41.846172776282536,US
MMSC,First Trust Multi-Manager Small Cap Opportunities ETF,ETF,ETF,28.674299240112305,5.1226263554642735,0.0287547864641404,56.810620981464,US
MMSD,NYLI MacKay Muni Short Duration ETF,ETF,ETF,25.270000457763672,0.5971322194225335,0.003332326816029,51.083593802176594,US
MMSI,"Merit Medical Systems, Inc.",Healthcare,Medical Instruments & Supplies,89.04000091552734,4.74061719565506,-0.0283079862412893,82.60746531872482,US
MMT,Aberdeen Multi-Market Income Fund,Financial Services,Asset Management,4.440000057220459,3.016243994589945,0.0044269254412599,60.99912595937764,US
MMTM,State Street SPDR S&P 1500 Momentum Tilt ETF,ETF,ETF,308.0870056152344,2.825916372749173,0.1127687679392772,53.82369715115853,US
MMU,Western Asset Managed Municipals Fund Inc.,Financial Services,Asset Management,10.140000343322754,1.0967159848465615,0.0099974836208493,48.942924405928245,US
MMYT,MakeMyTrip Limited,Consumer Cyclical,Travel Services,60.0099983215332,5.3731299694469215,-0.1204694375104149,60.00303151511909,US
MNA,NYLI Merger Arbitrage ETF,ETF,ETF,36.67990112304688,0.4378440944110403,0.0021567545896345,57.22088626268189,US
MNBD,ALPS Intermediate Municipal Bond ETF,ETF,ETF,25.7549991607666,0.6251215147664707,0.0065306106824181,49.6157096340096,US
MNKD,MannKind Corporation,Healthcare,Biotechnology,4.110000133514404,5.115090621314535,0.0123442430645166,53.89541642164926,US
MNPR,Monopar Therapeutics Inc.,Healthcare,Biotechnology,119.20999908447266,10.023074077795604,0.0053362717093632,65.73969793623303,US
MNR,Mach Natural Resources LP,Energy,Oil & Gas E&P,12.960000038146973,-4.985339355278423,-0.0295550171053226,43.43972168991745,US
MNRO,"Monro, Inc.",Consumer Cyclical,Auto Parts,12.729999542236328,3.918363610092474,0.0597877148042179,32.97262807826151,US
MNST,Monster Beverage Corporation,Consumer Defensive,Beverages - Non-Alcoholic,90.36000061035156,-6.246105846255268,-0.225231242125797,37.029913419440575,US
MNVT,Moonvest ETF,ETF,ETF,29.36000061035156,7.427737622804324,0.0198495372313499,54.84614418292762,US
MNZL,Manzil Russell Halal USA Broad Market ETF,ETF,ETF,60.613399505615234,3.845191873019707,0.0620169031705451,55.797008012862975,US
MO,"Altria Group, Inc.",Consumer Defensive,Tobacco,68.3499984741211,0.0292648068645567,0.0761632574224816,40.68837920209536,US
MOAT,VanEck Morningstar Wide Moat ETF,ETF,ETF,112.2699966430664,3.876753091253007,0.0490877148986201,72.64087873649405,US
MOBI,"Mobia Medical, Inc.",Healthcare,Medical Devices,12.239999771118164,9.48121142225422,0.0183432477455617,53.46218181573782,US
MODL,Victoryshares Westend U.S. Sector ETF,ETF,ETF,52.84000015258789,3.4860923059590334,0.0256991998770445,66.95418285751992,US
MOO,VanEck Agribusiness ETF,ETF,ETF,81.0999984741211,-0.7586915532558245,-0.0219083692591645,46.78784971252978,US
MORN,"Morningstar, Inc.",Financial Services,Financial Data & Stock Exchanges,200.66000366210935,4.20106767938684,-0.2659006479768884,67.51650546653026,US
MOS,The Mosaic Company,Basic Materials,Agricultural Inputs,23.059999465942383,4.249541550838211,-0.0100736269040211,55.11560547712369,US
MOTI,VanEck Morningstar International Moat ETF,ETF,ETF,37.5098991394043,3.584163466069243,0.003156159005028,72.99210977192591,US
MOV,Movado Group Inc.,Consumer Cyclical,Luxury Goods,37.84000015258789,-0.8905189886596184,-0.0460464171822269,49.965141573206914,US
MPC,Marathon Petroleum Corporation,Energy,Oil & Gas Refining & Marketing,298.20001220703125,-5.773055563939711,-0.3516423332998197,50.865074631904896,US
MPG,Leverage Shares 2X Long MP Daily ETF,ETF,ETF,4.570000171661377,50.328954901556656,0.0520615403797699,53.570800246997614,US
MPL,Defiance Daily Target 2X Long MP ETF,EQUITY,EQUITY,12.482199668884276,52.63143778231668,0.1514040554567866,53.81447365620676,US
MPLT,"MapLight Therapeutics, Inc.",Healthcare,Biotechnology,12.170000076293944,-6.528420519085938,0.3037140600943271,28.570819433352867,US
MPLX,MPLX LP,Energy,Oil & Gas Midstream,58.84999847412109,0.6843416697357195,-0.0916510009579723,54.32188699493648,US
MPRO,Monarch ProCap ETF,ETF,ETF,32.68479919433594,0.760834425932039,0.0039013784155128,52.87564261539928,US
MPTI,"M-tron Industries, Inc.",Technology,Electronic Components,88.04000091552734,6.870604334566835,0.016577106203145,54.70367844226961,US
MPWR,"Monolithic Power Systems, Inc.",Technology,Semiconductors,1401.5400390625,-1.7173544547620885,2.904457093086009,53.279145562825015,US
MQ,"Marqeta, Inc.",Technology,Software - Infrastructure,15.960000038146973,-8.064519141605249,-0.0776728904884176,41.53387200781792,US
MQQQ,Tradr 2X Long Innovation 100 Monthly ETF,ETF,ETF,232.9864959716797,9.670124912875869,0.451425499030849,56.063277697815984,US
MQY,"BlackRock MuniYield Quality Fund, Inc.",Financial Services,Asset Management,11.369999885559082,1.5178578499020483,0.0096218679041916,51.61744175898853,US
MRAL,GraniteShares 2x Long MARA Daily ETF,ETF,ETF,33.16999816894531,-21.00124085778178,-0.3564824553086465,36.80079773204752,US
MRAM,"Everspin Technologies, Inc.",Technology,Semiconductors,16.639999389648438,14.521677188260892,0.0476322388600118,48.3169214135764,US
MRCP,PGIM S&P 500 Buffer 12 ETF - Mar,ETF,ETF,35.03340148925781,1.164887117240085,0.0053709518822926,65.45164562445385,US
MRCY,"Mercury Systems, Inc.",Industrials,Aerospace & Defense,108.63999938964844,11.884656124482806,0.0450924333869129,53.86639849230379,US
MRK,"Merck & Company, Inc.",Healthcare,Drug Manufacturers - General,128.5800018310547,-1.2442359102600358,-0.0087001191946203,54.58116444941008,US
MRLN,"Merlin, Inc.",Industrials,Aerospace & Defense,4.440000057220459,17.771885402749692,0.0132873949110992,51.78507964745789,US
MRNA,"Moderna, Inc.",Healthcare,Biotechnology,59.16999816894531,7.935057457747114,0.4009358726579959,50.10041176519165,US
MRNX,Defiance Daily Target 2X Long MRNA ETF,EQUITY,EQUITY,27.92350006103516,15.053562152293969,0.3823858476853372,47.50376416820972,US
MRP,"Millrose Properties, Inc.",Real Estate,REIT - Residential,28.979999542236328,3.5739814737683657,0.0008624915547485,53.94038098258574,US
MRSH,"Marsh & McLennan Companies, Inc.",Financial Services,Insurance Brokers,191.6499938964844,1.0332602824882935,-0.2361110323183659,61.60483695757605,US
MRTN,"Marten Transport, Ltd.",Industrials,Trucking,14.949999809265137,1.081811006252789,0.0402549187745415,30.796878865848868,US
MRVI,"Maravai LifeSciences Holdings, Inc.",Healthcare,Biotechnology,6.230000019073486,-5.17504023903113,-0.0021434506885237,45.60130666734427,US
MRVL,"Marvell Technology, Inc.",Technology,Semiconductors,218.72000122070312,16.61335256329111,0.8964930443813994,52.37515929298894,US
MRVU,Direxion Daily MRVL Bull 2X ETF,ETF,ETF,110.0999984741211,33.71387341616394,0.9068411703074836,48.91073699209687,US
MRX,Marex Group Limited,Financial Services,Capital Markets,60.810001373291016,-6.330864004275846,-0.1519094662942963,42.664305379813456,US
MS,Morgan Stanley,Financial Services,Capital Markets,216.3300018310547,2.8086701423522773,0.1830115238632809,52.67641056068494,US
MSA,MSA Safety Incorporated,Industrials,Security & Protection Services,194.19000244140625,2.0602291905832897,-0.170252116516905,74.43010247200095,US
MSBI,"Midland States Bancorp, Inc.",Financial Services,Banks - Regional,33.4900016784668,-0.5345901403835862,-0.0761702224862607,60.63273389796557,US
MSCI,MSCI Inc.,Financial Services,Financial Data & Stock Exchanges,563.1699829101562,-1.5850006079623873,-0.0969475492690028,41.54418471237752,US
MSDL,Morgan Stanley Direct Lending Fund,Financial Services,Asset Management,15.43000030517578,5.612598684242735,0.0204558920815738,55.60089827701773,US
MSFO,YieldMax MSFT Option Income Strategy ETF,ETF,ETF,12.779999732971191,7.294672889705987,-0.0069054263833123,73.5019103289911,US
MSFT,Microsoft Corporation,Technology,Software - Infrastructure,499.989990234375,7.589513883849724,-0.716685893956793,78.14529948387508,US
MSFU,Direxion Daily MSFT Bull 2X Shares,ETF,ETF,38.2599983215332,15.13692100086729,-0.0840430899319826,78.29158493989502,US
MSFW,Roundhill MSFT WeeklyPay ETF,ETF,ETF,33.54999923706055,9.558168805860156,-0.0511865848548138,78.99538717356668,US
MSFX,T-Rex 2X Long Microsoft Daily Target ETF,ETF,ETF,25.31999969482422,15.51094711084106,-0.0513837178095886,80.47342471701683,US
MSI,"Motorola Solutions, Inc.",Technology,Communication Equipment,467.5499877929688,7.297759677101262,0.5023348425743901,70.48584787312882,US
MSIF,"MSC Income Fund, Inc.",Financial Services,Asset Management,12.479999542236328,12.635375705508125,0.0525840401768411,69.45109595582264,US
MSLC,Morgan Stanley Pathway Large Cap Equity ETF,ETF,ETF,61.21500015258789,3.578683135487594,0.019965382633444,67.67082784714043,US
MSM,"MSC Industrial Direct Company, ",Industrials,Industrial Distribution,122.91999816894533,-0.3889816458656441,-0.1025883049541798,50.64680246995192,US
MSMR,McElhenny Sheffield Managed Risk ETF,ETF,ETF,34.96049880981445,1.5703099059336831,0.0197642980433184,51.84907033017209,US
MSOS,AdvisorShares Pure US Cannabis ETF,ETF,ETF,4.380000114440918,3.5461015293396327,0.012322201422234,49.50438246577427,US
MSOX,AdvisorShares MSOS Daily Leveraged ETF,ETF,ETF,2.359999895095825,4.424774559935741,0.0104842235781894,46.44747986853385,US
MSSM,Morgan Stanley Pathway Small-Mid Cap Equity ETF,ETF,ETF,61.32929992675781,3.5757921736087925,0.0351688218918017,59.11888273368528,US
MSTB,LHA Market State Tactical Beta ETF,ETF,ETF,44.37929916381836,3.5085694782935493,0.0170863951642303,65.11686526373134,US
MSTP,GraniteShares 2x Long MSTR Daily ETF,ETF,ETF,13.970100402832031,13.292515052794702,0.0185176261328883,46.74974962798734,US
MSTR,Strategy Inc,Technology,Software - Application,100.01000213623048,7.214840742930296,0.1180178860343468,50.36659056286414,US
MSTU,T-Rex 2X Long MSTR Daily Target ETF,ETF,ETF,1.995000004768372,13.352273612414024,0.0030824198712454,46.45293874666908,US
MSTW,Roundhill MSTR WeeklyPay ETF,ETF,ETF,3.430000066757202,8.407080579601287,0.0048949458837716,49.44762729307623,US
MSTY,Yieldmax MSTR Option Income Strategy ETF,ETF,ETF,12.81999969482422,5.338952144659786,0.0066233286675723,51.25898846997303,US
MSTZ,T-Rex 2X Inverse MSTR Daily Target ETF,ETF,ETF,10.300000190734863,-13.663034976903976,-0.0256422059607018,44.67934440630191,US
MTB,M&T Bank Corporation,Financial Services,Banks - Regional,250.4499969482422,1.6890672684685162,-0.0391716347370572,57.96329881373146,US
MTD,"Mettler-Toledo International, I",Healthcare,Diagnostics & Research,1429.4599609375,0.92917543286564,-1.3039912577211084,68.6469328460588,US
MTDR,Matador Resources Company,Energy,Oil & Gas E&P,49.060001373291016,-1.663656096435303,0.1014971595603823,45.65003229087032,US
MTG,MGIC Investment Corporation,Financial Services,Insurance - Specialty,30.479999542236328,2.025109583969409,-0.0193379909540856,66.66626349929541,US
MTGP,WisdomTree Mortgage Plus Bond Fund,ETF,ETF,43.685001373291016,0.3883687321049089,0.0020543754899615,48.95267584804317,US
MTH,Meritage Homes Corporation,Consumer Cyclical,Residential Construction,74.58999633789062,6.253560655971457,0.1286826424286596,52.60525038249312,US
MTN,"Vail Resorts, Inc.",Consumer Cyclical,Resorts & Casinos,148.8300018310547,-0.3681905434326942,-0.0526041911943608,52.83445776115689,US
MTRA,Invesco International Growth Focus ETF,ETF,ETF,27.23979949951172,2.6870700071068097,0.0161376531878527,58.757239042307496,US
MTRN,Materion Corporation,Basic Materials,Other Industrial Metals & Mining,290.04998779296875,37.56876912866986,2.0220867940732523,62.45203603440286,US
MTRX,Matrix Service Company,Industrials,Engineering & Construction,11.90999984741211,2.6724091012754405,0.0209863798568393,45.76851785766056,US
MTSI,"MACOM Technology Solutions Holdings, Inc.",Technology,Semiconductors,310.82000732421875,23.615973713908144,2.4276019031797915,56.39975476383111,US
MTUM,iShares MSCI USA Momentum Factor ETF,ETF,ETF,309.32000732421875,3.247775661826237,0.2280757128949604,50.220430608477365,US
MTW,"The Manitowoc Company, Inc.",Industrials,Farm & Heavy Construction Machinery,18.809999465942383,35.812266771550185,0.2784288065174606,81.21773123962336,US
MTZ,"MasTec, Inc.",Industrials,Engineering & Construction,272.4599914550781,3.5575770180255533,1.710547395511444,37.32935016089987,US
MU,"Micron Technology, Inc.",Technology,Semiconductors,877.5700073242188,6.626730020281027,1.4831516317544988,47.63448160777634,US
MUA,MUA,Financial Services,Asset Management,10.260000228881836,1.5841568452379269,0.0172631822982088,37.55543851144104,US
MUC,"BlackRock MuniHoldings California Quality Fund, Inc.",Financial Services,Asset Management,10.710000038146973,1.228734549890057,0.0083030702921851,47.88055937698287,US
MUD,Direxion Daily MU Bear 1X Shares,ETF,ETF,11.539999961853027,-6.709781175301455,-0.0162959840483338,46.18630592628694,US
MUEL,Paul Mueller Company,Industrials,Metal Fabrication,460.010009765625,-8.957583120342855,-2.9410166089252385,46.686609453568245,US
MUJ,MUJ,Financial Services,Asset Management,12.289999961853027,2.673347432628329,0.0171900687088735,62.41347444121977,US
MUNC,Northern Trust 2045 Tax-Exempt Distributing Ladder ETF,EQUITY,EQUITY,101.08499908447266,0.643172547033018,0.0317906690536943,49.42163313857034,US
MUND,Northern Trust 2055 Tax-Exempt Distributing Ladder ETF,EQUITY,EQUITY,101.80999755859376,0.9439048314332464,0.0422494001730751,52.90854291459081,US
MUNI,PIMCO Intermediate Municipal Bond Active Exchange-Traded Fund,ETF,ETF,51.90999984741211,0.6007778729809272,0.0136630560131279,53.01549851454151,US
MUNX,AMG GW&K Muni Income ETF,EQUITY,EQUITY,24.819900512695312,0.6810809773621892,0.0066599634250241,50.829731398157016,US
MUR,Murphy Oil Corporation,Energy,Oil & Gas E&P,33.369998931884766,-16.029195967632862,-0.1779794926872014,39.03370360659872,US
MUSI,American Century Multisector Income ETF,ETF,ETF,43.15999984741211,0.5701246471554301,0.0034647134223408,52.24620827523575,US
MUSQ,MUSQ Global Music Industry Index ETF,ETF,ETF,25.5629997253418,-1.0336825364030002,0.0025523559691862,51.1076647106653,US
MUST,Columbia Multi-Sector Municipal Income ETF,ETF,ETF,20.3700008392334,0.5479143816109702,0.0038379657633201,51.0562552534173,US
MUU,Direxion Daily MU Bull 2X Shares,ETF,ETF,26.6200008392334,12.463036558643475,0.1219688021620042,44.53811713626603,US
MUZ,Defiance Daily Target 2X Short MU ETF,ETF,ETF,11.6899995803833,-14.358975039722456,-0.0055180537077841,44.56239852338344,US
MVFG,Monarch Volume Factor Global Unconstrained ETF,ETF,ETF,35.5526008605957,2.0307063139723995,0.0062422058235529,61.52912551940387,US
MVLL,GraniteShares 2x Long MRVL Daily ETF,ETF,ETF,27.11000061035156,33.34973296649943,0.2231339035411776,48.65243758287802,US
MVPA,Miller Value Partners Appreciat,ETF,ETF,36.459999084472656,2.820079035021417,-0.0241559516698998,64.36806547380107,US
MVPL,Miller Value Ptnrs Leverage ETF,ETF,ETF,44.5890007019043,7.254705470570914,0.0234648886561,62.74905894769644,US
MVV,ProShares Ultra MidCap400,ETF,ETF,92.9499969482422,6.447546121271551,0.1379382783312054,61.722886114563,US
MWA,MUELLER WATER PRODUCTS,Industrials,Specialty Industrial Machinery,26.649999618530277,5.586370286047133,-0.0087474958126496,59.38905296885145,US
MWH,"SOLV Energy, Inc.",Utilities,Utilities - Renewable,29.030000686645508,2.11044803035227,0.0678580898908123,49.59727904447692,US
MYCG,State Street My2027 Corporate Bond ETF,ETF,ETF,24.93000030517578,0.1486388006651699,0.0005720206134166,78.91695324528064,US
MYCH,State Street My2028 Corporate Bond ETF,ETF,ETF,24.834999084472656,0.2786010446133652,0.001346495325164,66.31263079436225,US
MYCK,State Street My2031 Corporate Bond ETF,ETF,ETF,24.575000762939453,0.4824874004787362,0.0014060827760673,54.62331389771556,US
MYCO,State Street My2035 Corporate Bond ETF,ETF,ETF,24.05500030517578,0.644321669892797,0.0011751167379137,49.817277023314325,US
MYE,"Myers Industries, Inc.",Consumer Cyclical,Packaging & Containers,34.369998931884766,0.6147514209914885,-0.1205335771547251,60.32345076591224,US
MYGN,"Myriad Genetics, Inc.",Healthcare,Diagnostics & Research,3.259999990463257,13.986017833543643,0.0426281779470905,29.127610474581004,US
MYHA,State Street My2027 High Yield Corporate Bond ETF,ETF,ETF,24.890399932861328,0.2311430327895294,0.0011193681233754,75.9536085274419,US
MYHB,State Street My2028 High Yield Corporate Bond ETF,ETF,ETF,24.950000762939453,0.3579932492087814,0.0006739514814369,72.75019944864556,US
MYHC,State Street My2029 High Yield Corporate Bond ETF,ETF,ETF,25.082300186157227,0.558470866651842,0.0020717386057848,66.22785238214166,US
MYHD,State Street My2030 High Yield Corporate Bond ETF,ETF,ETF,24.9950008392334,0.6929170764691419,0.00206473298208,64.99580207774298,US
MYHE,State Street My2031 High Yield Corporate Bond ETF,ETF,ETF,24.8799991607666,1.0765768519704504,0.0055768340018167,68.8537643550456,US
MYI,MYI,Financial Services,Asset Management,10.84000015258789,1.6885582340742649,0.0074935984290512,51.76942012309903,US
MYLD,Cambria Micro And Smallcap Shareholder Yield ETF,ETF,ETF,33.90520095825195,2.3831374628347524,-0.0011071465586273,62.66824929008848,US
MYMH,State Street My2028 Municipal Bond ETF,ETF,ETF,24.459999084472656,0.2500058043622694,0.002147003894556,61.26301094127082,US
MYRG,MYR Group Inc.,Industrials,Engineering & Construction,337.4200134277344,1.260432204443045,1.3468747195973414,34.10076464089191,US
MYY,ProShares Short MidCap400,ETF,ETF,14.875,-3.157549918735895,-0.0117008060591581,37.61242410221544,US
MZZ,ProShares UltraShort MidCap400,ETF,ETF,5.675000190734863,-6.198346912026306,-0.0084487257675105,38.13307722656416,US
NABL,"N-able, Inc.",Technology,Information Technology Services,4.989999771118164,6.623930644236572,-0.0036542122809188,60.81342880329557,US
NAC,NAC,Financial Services,Asset Management,11.84000015258789,1.0238897851962572,0.0071346438784411,50.0088572640533,US
NACP,Impact Shares NAACP Minority Empowerment ETF,ETF,ETF,60.25569915771485,3.283680151039518,0.0291107397491956,58.248423343043,US
NAIL,Direxion Daily Homebuilders & Supplies Bull 3X Shares,ETF,ETF,45.02999877929688,21.66982118747481,0.1795740854488386,54.98566589739667,US
NANC,Unusual Whales Subversive Democratic Trading ETF,ETF,ETF,52.1599006652832,4.738757960595402,0.0343820804090903,66.64870940468926,US
NANR,State Street SPDR S&P North American Natural Resources ETF,ETF,ETF,83.05000305175781,3.657014733815367,0.0594801204603452,67.95782755551187,US
NAPR,Innovator Nasdaq-100 Power Buffer ETF - April,ETF,ETF,59.84239959716797,1.4295141273564076,0.0134604565957318,63.734428430368496,US
NAT,Nordic American Tankers Limited,Energy,Oil & Gas Midstream,6.460000038146973,-1.0719780920716295,0.0071350490893861,56.993396773748486,US
NATH,"Nathan's Famous, Inc.",Consumer Cyclical,Restaurants,98.01000213623048,-0.1019248532249452,-0.0203856036544525,42.315633737369474,US
NAVN,"Navan, Inc.",Technology,Software - Application,29.07999992370605,9.2411683205022,0.0673129386140175,66.29947653728232,US
NB,NioCorp Developments Ltd.,Basic Materials,Other Industrial Metals & Mining,5.360000133514404,25.969447458373967,0.0218779530211797,62.94421108784968,US
NBB,NBB,Financial Services,Asset Management,15.399999618530272,1.2491754103009742,0.0087472364662484,53.58035263052832,US
NBCE,Neuberger China Equity ETF,ETF,ETF,40.52989959716797,4.606789816722228,0.0797790140172741,53.16929939274476,US
NBCR,Neuberger Core Equity ETF,ETF,ETF,34.81999969482422,3.170369466145833,0.0115795018397664,66.88142473115064,US
NBFC,Neuberger Flexible Credit Income ETF,ETF,ETF,50.65560150146485,1.060571674891356,0.0070529514539276,67.07132644587794,US
NBHC,National Bank Holdings Corporation,Financial Services,Banks - Regional,42.619998931884766,-1.319749277490662,0.0001190022068666,41.73600638981117,US
NBIE,Neuberger International Core Equity ETF,ETF,ETF,27.7273006439209,2.390327629388918,0.0100635580314371,69.48451275993682,US
NBIL,GraniteShares 2x Long NBIS Daily ETF,ETF,ETF,19.690000534057617,-6.505218265082522,-0.2150553935934613,42.113602813132,US
NBIS,Nebius Group N.V.,Communication Services,Internet Content & Information,187.97000122070312,-1.2814465597806184,-1.0823094223519334,45.78759040435087,US
NBN,NBN,N/A,N/A,133.44000244140625,7.465574944962309,0.0623414063420399,55.11161067622505,US
NBR,Nabors Industries Ltd.,Energy,Oil & Gas Drilling,81.58999633789062,-4.762462843770265,-0.0563978951779668,47.37124362495309,US
NBTR,Neuberger Total Return Bond ETF,ETF,ETF,49.23500061035156,0.213717769089306,-2.864427442439421e-05,47.71279268600379,US
NC,NC,N/A,N/A,42.369998931884766,-10.611819476942248,-0.2064898760060516,26.3777738904562,US
NCDL,Nuveen Churchill Direct Lending Corp.,Financial Services,Asset Management,12.81999969482422,5.775576038570619,0.021625284484739,56.441092225560205,US
NCIQ,Hashdex Nasdaq CME Crypto Index ETF,ETF,ETF,16.14430046081543,2.8299404901144976,0.00497929500757,51.53064291463268,US
NCNO,"nCino, Inc.",Technology,Software - Application,19.170000076293945,3.846159409717932,-0.0205719602868604,62.3421740687465,US
NCPB,Nuveen Core Plus Bond ETF,ETF,ETF,24.614999771118164,0.5843476905390529,0.0033024784333245,51.13088741148911,US
NCV,NCV,Financial Services,Asset Management,17.25,2.985074626865672,0.0121631991686222,58.51610270515021,US
NDAA,Ned Davis Research 360 Dynamic Allocation ETF,ETF,ETF,24.40730094909668,2.521534685432878,0.009404097456978,64.12221347414882,US
NDAQ,"Nasdaq, Inc.",Financial Services,Financial Data & Stock Exchanges,94.58999633789062,0.4246670412108794,-0.0622268778088996,60.71972740717738,US
NDEC,Innovator Growth-100 Power Buffer ETF - December,ETF,ETF,30.309999465942383,1.8139032578949303,0.0087534488211878,62.37700326901849,US
NDIA,Global X Funds - Global X India Active ETF,ETF,ETF,27.893299102783203,1.496611405933574,0.0013538077550115,61.25674558707391,US
NDIV,Amplify Energy & Natural Resources Covered Call ETF,ETF,ETF,33.31679916381836,-1.980589824668711,-0.0084296875015265,52.88757097204447,US
NDMO,Nuveen Dynamic Municipal Opportunities Fund,Financial Services,Asset Management,10.020000457763672,0.8048378345835518,0.0103067490189821,40.92775059657697,US
NDOW,Anydrus Advantage ETF,ETF,ETF,29.31999969482422,1.4743566427837709,0.0134542607551046,57.25510548089071,US
NE,Noble Corporation plc,Energy,Oil & Gas Drilling,40.77000045776367,-3.844342003432148,0.0061704455262384,47.61531422473742,US
NEAR,iShares Short Duration Bond Active ETF,ETF,ETF,50.470001220703125,0.206488681295252,0.0003677440543976,66.65612032261517,US
NEE,"NextEra Energy, Inc.",Utilities,Utilities - Regulated Electric,84.6500015258789,-2.6115930636057336,-0.0418924854542406,35.057594607870584,US
NEHI,NEOS Ethereum High Income ETF,ETF,ETF,27.149999618530277,2.763056548555198,0.0041985605958587,56.943505391733375,US
NEM,Newmont Corporation,Basic Materials,Gold,112.9800033569336,20.563445161375416,0.6111418602608827,72.28953107275767,US
NEO,"NeoGenomics, Inc.",Healthcare,Diagnostics & Research,16.56999969482422,8.371482904935636,0.0382254696458035,65.36333117787842,US
NEOG,Neogen Corporation,Healthcare,Medical Devices,11.470000267028809,-4.734216749420092,-0.0268272632242054,64.81906994536482,US
NET,"Cloudflare, Inc.",Technology,Software - Infrastructure,300.2699890136719,7.631363247880545,0.5107976388820461,65.1007616533332,US
NETG,Leverage Shares 2X Long NET Daily ETF,ETF,ETF,19.449499130249023,14.90222176198358,0.0726508513969562,63.70397312928471,US
NETL,Colterpoint Net Lease Real Estate ETF,ETF,ETF,26.81999969482422,-1.1790703832744778,0.0069024408388254,42.83977022328199,US
NEU,NewMarket Corporation,Basic Materials,Specialty Chemicals,889.7100219726562,4.652071383911332,-0.9193581267834076,71.2967020278572,US
NEWT,"NewtekOne, Inc.",Financial Services,Banks - Regional,13.529999732971191,-8.766016166033735,-0.0979165278590909,36.99728125786522,US
NEWZ,Stocksnips AI-Powered Sentiment US ALL Cap ETF,ETF,ETF,30.034799575805664,3.014128942026637,0.0152087725500566,57.16423435556303,US
NEXA,Nexa Resources S.A.,Basic Materials,Other Industrial Metals & Mining,14.100000381469728,9.727626170366156,0.0094512399418342,57.1204495833215,US
NEXN,Nexxen International Ltd.,Communication Services,Advertising Agencies,10.899999618530272,6.031127448092702,0.0094079908167755,70.05221638106133,US
NEXT,NextDecade Corporation,Energy,Oil & Gas Equipment & Services,6.699999809265137,-0.2976187730795046,0.0206480875201972,43.06217788530104,US
NFEB,Innovator Growth-100 Power Buffer ETF - February,ETF,ETF,30.597999572753903,1.7254532782661116,0.008654823813152,62.63453437511941,US
NFG,National Fuel Gas Company,Energy,Oil & Gas Integrated,80.54000091552734,-2.1504029833148817,-0.0181593613755697,49.96656281181065,US
NFJ,"Virtus Dividend, Interest & Premium Strategy Fund",Financial Services,Asset Management,15.420000076293944,1.3140591705402114,-0.0008046692123396,60.767502358592026,US
NFLP,Kurv Yield Premium Strategy Netflix ETF,ETF,ETF,17.99020004272461,3.839533913372798,-0.0023414621788766,51.77112741417108,US
NFLW,Roundhill NFLX WeeklyPay ETF,ETF,ETF,16.399999618530273,4.04770670733386,-0.0029083629664748,52.25873178082444,US
NFLX,"Netflix, Inc.",Communication Services,Entertainment,74.13999938964844,3.38864919285984,-0.0155316138789056,52.30097349709212,US
NFRA,FlexShares STOXX Global Broad Infrastructure Index Fund,ETF,ETF,65.76499938964844,0.959471915652674,0.0117814850864874,56.33350468060712,US
NFXS,Direxion Daily NFLX Bear 1X Shares,ETF,ETF,20.64539909362793,-3.214102952836152,0.0046641775467146,46.46858032781213,US
NGHT,Nicholas Bitcoin And Treasuries Afterdark ETF,ETF,ETF,20.489999771118164,-1.914789996252868,0.0032076664631547,37.57780757418255,US
NGL,NGL ENERGY PARTNERS LP,Energy,Oil & Gas Midstream,16.8799991607666,2.989626536701625,-0.0077187864229822,58.72222477674046,US
NGNE,Neurogene Inc.,Healthcare,Biotechnology,35.689998626708984,8.51322374284324,0.0967412216250347,54.27965911567055,US
NGS,"Natural Gas Services Group, Inc",Energy,Oil & Gas Equipment & Services,37.0099983215332,1.0098224291709403,0.0702159344021646,43.59891837376591,US
NI,NiSource Inc.,Utilities,Utilities - Regulated Gas,42.61000061035156,-4.09633059266984,-0.0368527091678767,31.011105209741014,US
NIHI,NEOS MSCI EAFE High Income ETF,ETF,ETF,53.10390090942383,2.1621804099368536,0.0144958924936164,67.62022853894153,US
NIKA,NIKA PHARMACEUTICALS INC.,Healthcare,Drug Manufacturers - Specialty & Generic,0.5099999904632568,-33.68010473675558,0.0041685255866643,42.55606410363571,US
NIKL,Sprott Nickel Miners ETF,ETF,ETF,14.3100004196167,11.448600074451956,0.029131775843705,62.06926900481539,US
NINE,"Nine Energy Service, Inc.",Energy,Oil & Gas Equipment & Services,10.15999984741211,-10.484585850767369,-0.0481999434363298,39.97119660459352,US
NIOG,Leverage Shares 2X Long NIO Daily ETF,ETF,ETF,10.93000030517578,-6.923271082593735,0.012341770820518,44.08838667587295,US
NISM,NYLI International Small-Mid Cap Equity ETF,EQUITY,EQUITY,25.51000022888184,2.3675768490432296,0.0099549143961888,67.56850271419806,US
NITE,The Nightview ETF,ETF,ETF,37.37799835205078,4.349521693188859,-0.0076075542963113,55.36858662605323,US
NJR,New Jersey Resources Corporation,Utilities,Utilities - Regulated Gas,55.02000045776367,-4.957676562694804,-0.0278645568160952,36.38782104044365,US
NJUL,Innovator Nasdaq-100 Power Buffer ETF - July,ETF,ETF,77.16999816894531,2.886475561371592,0.0458093435019402,59.97269265171987,US
NJUN,Innovator Growth-100 Power Buffer ETF - June,ETF,ETF,32.75,2.6002503813352797,0.0187265851814876,58.409540736167365,US
NKE,"NIKE, Inc.",Consumer Cyclical,Footwear & Accessories,41.70000076293945,-0.0239710423223796,-0.0164011853339452,45.16276542847101,US
NKLR,Terra Innovatum Global N.V.,Utilities,Utilities - Regulated Electric,5.75,11.867707185982546,-0.0066885427351095,57.73141361143137,US
NKTR,Nektar Therapeutics,Healthcare,Biotechnology,76.4800033569336,8.221317869711486,0.1926786224149832,66.59558694475976,US
NKX,Nuveen California AMT-Free Quality Municipal Income Fund,Financial Services,Asset Management,12.300000190734863,1.736972998317305,0.0094439288099439,49.78369908683016,US
NLR,VanEck Uranium and Nuclear ETF,ETF,ETF,117.81999969482422,10.287370284940703,0.2547706078607752,58.27406853889673,US
NLSI,Neos Long/Short Equity Income ETF,ETF,ETF,53.72299957275391,-0.3468749307874091,-0.0090829110144272,59.65994089321338,US
NMAI,Nuveen Multi-Asset Income Fund,Financial Services,Asset Management,14.5,3.645462739282616,0.0142244805755409,67.49099840280874,US
NMAY,Innovator Growth-100 Power Buffer ETF - May,ETF,ETF,29.688400268554688,2.09216075118578,0.0127912907882932,60.87088967124534,US
NMBL,NovaTide Flexible Allocation ETF,ETF,ETF,21.175199508666992,3.963076772093377,0.0169153617017576,66.67900787774829,US
NMCO,Nuveen Municipal Credit Opportunities Fund,Financial Services,Asset Management,10.550000190734863,1.053645735371992,0.0081598233842393,46.06309555760584,US
NMFC,New Mountain Finance Corporation,Financial Services,Asset Management,7.75,12.48185994454986,0.0151917098556944,66.84541146451419,US
NML,Neuberger Berman Income Funds - Neuberger Energy Infrastructure and Income Fund Inc.,Financial Services,Asset Management,10.15999984741211,-2.8680706466613874,0.0035568410180196,48.190298673179065,US
NMM,Navios Maritime Partners L.P.,Industrials,Marine Shipping,79.3499984741211,-1.745918307098237,-0.0511355991583097,58.705720289662665,US
NMZ,Nuveen Municipal High Income Opportunity Fund,Financial Services,Asset Management,10.289999961853027,1.2795287046586992,0.0090262319493817,53.68529553486541,US
NNI,"Nelnet, Inc.",Financial Services,Credit Services,131.4600067138672,-3.24574119511575,-0.3177247830723257,42.93410863620647,US
NNNN,Anbio Biotechnology,Healthcare,Medical Instruments & Supplies,10.609999656677246,7.171717833382879,0.0110018362969772,44.00122554953158,US
NNOV,Innovator Growth-100 Power Buffer ETF - November,ETF,ETF,31.714799880981445,2.269517941015561,0.0135173548544353,61.873318198535536,US
NOBL,ProShares S&P 500 Dividend Aristocrats ETF,ETF,ETF,58.41999816894531,2.347575849518618,0.0110743095988851,62.30596874675154,US
NOC,Northrop Grumman Corporation,Industrials,Aerospace & Defense,571.5800170898438,5.364260003834387,0.4869962600943145,66.31231122351232,US
NOCT,Innovator Growth-100 Power Buffer ETF - October,ETF,ETF,63.25,1.5167317072394204,0.0146508047086147,63.08261138703659,US
NODE,VanEck Onchain Economy ETF,ETF,ETF,37.46609878540039,0.0216204876270318,-0.0176635242590024,43.41056619112472,US
NOEQ,NORTHERN TRUST US EQUITY ETF,ETF,ETF,29.520000457763672,3.6880968378409937,0.0046012815584521,64.52723396666715,US
NOG,"Northern Oil and Gas, Inc.",Energy,Oil & Gas E&P,21.600000381469727,2.1276632201221948,0.0805625579632603,57.484642747750456,US
NOMD,Nomad Foods Limited,Consumer Defensive,Packaged Foods,11.989999771118164,0.756303827503872,0.0041048607739429,57.02177623835144,US
NORW,Global X MSCI Norway ETF,ETF,ETF,35.33000183105469,0.1701201375454137,-0.0076458710122158,63.78322486387149,US
NOV,NOV Inc.,Energy,Oil & Gas Equipment & Services,19.649999618530277,1.1322661343236755,-0.0075461982417278,50.782782531726966,US
NOVM,FT Vest U.S. Equity Max Buffer ETF – November,ETF,ETF,34.04499816894531,0.3655456188674394,0.0008769042926417,73.83078686878943,US
NOVP,PGIM S&P 500 Buffer 12 ETF - Nov,ETF,ETF,33.3286018371582,1.8009207753789995,0.0076811881553839,66.12655078321302,US
NOVT,Novanta Inc.,Technology,Scientific & Technical Instruments,166.3699951171875,16.709920417736505,0.5753895235462725,64.18559817590898,US
NOW,"ServiceNow, Inc.",Technology,Software - Application,124.87999725341795,12.271863242404097,0.3404826329582389,67.01869929091293,US
NOWL,GraniteShares 2x Long NOW Daily ETF,ETF,ETF,6.53000020980835,24.61833005795938,0.0355597256556357,65.87475960657426,US
NP,Neptune Insurance Holdings Inc.,Financial Services,Insurance Brokers,32.02000045776367,0.9776139458888004,-0.0402967360414266,53.00786619049367,US
NPAC,New Providence Acquisition Corp. III,Financial Services,Shell Companies,10.43000030517578,0.0959714856872889,0.0002046696852439,76.3364418343838,US
NPB,"Northpointe Bancshares, Inc.",Financial Services,Banks - Regional,17.110000610351562,-2.2285679408482144,0.0074424214167845,39.25475558812194,US
NPCE,"NeuroPace, Inc.",Healthcare,Medical Devices,14.829999923706056,15.05042303112315,0.1004266712496629,49.00500748481817,US
NPFE,NPF Core Equity ETF,ETF,ETF,28.8799991607666,3.884891918508733,0.0110301904356681,72.20149454900047,US
NPFI,Nuveen Preferred And Income ETF,ETF,ETF,25.940000534057617,0.6596820848822676,0.0033396765469164,64.95824194889548,US
NPKI,NPK International Inc.,Industrials,Building Products & Equipment,13.479999542236328,7.926339385589393,0.0223990179614275,44.90595583600459,US
NPO,Enpro Inc.,Industrials,Specialty Industrial Machinery,332.9800109863281,6.071609564001703,0.2072041172045393,51.47071307848092,US
NRC,NRC Health,Healthcare,Health Information Services,20.34000015258789,4.254228159758581,0.0917338262570722,49.52329181089736,US
NRDS,"NerdWallet, Inc.",Communication Services,Internet Content & Information,9.90999984741211,10.111109415690104,0.0600519261686049,61.61120314661349,US
NRES,Xtrackers RREEF Global Natural Resources ETF,ETF,ETF,33.61750030517578,2.196381934512451,0.0082667989799872,67.67987524493574,US
NRG,"NRG Energy, Inc.",Utilities,Utilities - Independent Power Producers,118.12999725341795,-11.7214000161237,-0.1026852925670056,38.48713419443624,US
NRIM,"Northrim BanCorp, Inc.",Financial Services,Banks - Regional,26.3700008392334,-0.528100295887257,-0.0140350111678988,44.32979747502983,US
NRP,Natural Resource Partners LP Li,Energy,Thermal Coal,106.95999908447266,9.076077653949453,0.2551261145942279,70.4666381873131,US
NRSH,Aztlan North America Nearshoring Stock Selection ETF,ETF,ETF,32.25579833984375,4.577222420758364,0.0336338708869363,52.529065243643934,US
NSC,Norfolk Southern Corporation,Industrials,Railroads,334.3599853515625,-0.3338576362486377,-0.482666219342283,51.73086689504461,US
NSCI,Nuveen Securitized Income ETF,EQUITY,EQUITY,25.15999984741211,0.1592317151368837,-4.321017095220564e-05,68.47537910148006,US
NSP,"Insperity, Inc.",Industrials,Staffing & Employment Services,52.52000045776367,3.773957368855368,0.001711739452785,60.792856118614765,US
NSSC,"Napco Security Technologies, Inc.",Industrials,Security & Protection Services,41.36000061035156,11.542606709669457,0.0444735760580424,73.07335567277252,US
NTAP,"NetApp, Inc.",Technology,Software - Infrastructure,189.5200042724609,6.173671861322654,-0.1631550586681385,67.62113579857606,US
NTES,"NetEase, Inc.",Communication Services,Electronic Gaming & Multimedia,132.22000122070312,-0.7878765049119055,0.1073427594511109,56.58106630956146,US
NTGR,"NETGEAR, Inc.",Technology,Communication Equipment,23.670000076293945,-2.0281447608148486,-0.0541330167010045,48.72303095753529,US
NTRA,"Natera, Inc.",Healthcare,Diagnostics & Research,322.1000061035156,20.294291289224024,3.412339188034295,74.51095863184683,US
NTRL,First Trust Equity Market Neutral ETF,EQUITY,EQUITY,21.660999298095703,-0.0645902627802922,-0.0134405187868655,59.86929126745613,US
NTRS,Northern Trust Corporation,Financial Services,Asset Management,185.5,1.8167833109603648,0.1533043862185412,58.930667471741344,US
NTSE,WisdomTree Emerging Markets Efficient Core Fund,ETF,ETF,45.73979949951172,2.578603594952212,0.0250480690561137,50.99740291927274,US
NTSI,WisdomTree International Efficient Core Fund,ETF,ETF,48.75299835205078,2.6119660030127694,0.0231602225941258,66.08523821669085,US
NTSK,"Netskope, Inc.",Technology,Software - Infrastructure,14.869999885559082,18.10960846178016,0.0756299704981512,67.87388938094531,US
NTST,NETSTREIT Corp.,Real Estate,REIT - Retail,20.690000534057617,-3.543124484148911,-0.020312353204144,39.38265595428464,US
NU,Nu Holdings Ltd.,Financial Services,Banks - Regional,13.84000015258789,-3.4193982814163157,-0.0344041629951674,48.06286226457578,US
NUAI,"New Era Energy & Digital, Inc.",Technology,Software - Infrastructure,5.28000020980835,13.304729242438754,0.0068127339312774,54.0176433959057,US
NUDM,Nuveen ESG International Developed Markets Equity ETF,ETF,ETF,41.59820175170898,2.914902612907305,0.0206325160291079,66.79664299727386,US
NUE,Nucor Corporation,Basic Materials,Steel,272.6300048828125,5.962142262983492,-0.3772565270418946,69.11940125323966,US
NUGO,Nuveen Growth Opportunities ETF,ETF,ETF,44.33190155029297,5.2514308511385,0.0271047504681725,61.36357653957265,US
NUGT,Direxion Daily Gold Miners Index Bull 2X Shares,ETF,ETF,160.83999633789062,45.13625408844191,1.5277198926168003,69.98628879965634,US
NUGY,Graniteshares YieldBOOST Gold Miners ETF,ETF,ETF,13.085000038146973,0.7080736351366705,-0.0022619412252913,48.08527637132699,US
NUIF,Nuveen U.S. Infrastructure ETF,ETF,ETF,24.88129997253418,-2.1961499598849503,0.0006174021573971,33.29870293933247,US
NUKX,Nicholas Nuclear Income ETF,EQUITY,EQUITY,37.77450180053711,8.511641785614762,0.0856771797526017,56.3764903629484,US
NUKZ,Range Nuclear Renaissance ETF,ETF,ETF,67.3499984741211,5.763188051754803,0.0763792990239219,56.94519097221256,US
NULC,Nuveen ESG Large-Cap ETF,ETF,ETF,56.03300094604492,3.3819191094160037,0.0167643624987649,66.61535525485198,US
NULG,Nuveen ESG Large-Cap Growth ETF,ETF,ETF,116.8000030517578,4.164813977285183,0.079770819994725,59.65666158022306,US
NUMI,Nuveen Municipal Income ETF,ETF,ETF,24.82999992370605,0.6037039395509349,0.0061741796430274,47.99812178208966,US
NUSA,Nuveen ESG 1-5 Year U.S. Aggregate Bond ETF,ETF,ETF,23.040000915527344,0.2741943450269848,0.0010009294347023,58.11159793020233,US
NUSB,NUSB,ETF,ETF,25.19499969482422,0.0714924296585174,-2.8511017095191743e-05,91.418535237224,US
NUV,"Nuveen Municipal Value Fund, Inc.",Financial Services,Asset Management,9.100000381469728,-0.5464397720770402,0.0039666932871057,49.426107832995626,US
NUVB,Nuvation Bio Inc.,Healthcare,Biotechnology,6.599999904632568,4.265402593692853,0.0185263693607829,58.46097987205902,US
NVAX,"Novavax, Inc.",Healthcare,Biotechnology,7.949999809265137,8.606552224448548,0.0310509179490031,46.72961723549165,US
NVBT,Allianzim U.S. Equity Buffer10 Nov ETF,ETF,ETF,40.62099838256836,2.0269232512289688,0.0077967330648491,66.64440780020345,US
NVCR,NovoCure Limited,Healthcare,Medical Devices,16.389999389648438,10.444738686813617,0.0533634270831472,51.21700563617888,US
NVD,Graniteshares 2x Short NVDA Daily ETF,ETF,ETF,3.9700000286102295,-20.440877540949707,-0.0207885098482727,35.35849196908211,US
NVDA,NVIDIA Corporation,Technology,Semiconductors,223.9600067138672,11.561647180008562,0.5313277822854521,64.41933538336437,US
NVDD,Direxion Daily NVDA Bear 1X Shares,ETF,ETF,30.125600814819336,-10.473701489579698,-0.0751502683551677,35.72428664864003,US
NVDL,GraniteShares 2x Long NVDA Daily ETF,ETF,ETF,36.43000030517578,23.8273290642523,0.1681435688242186,63.57907901501999,US
NVDQ,T-Rex 2X Inverse NVIDIA Daily Target ETF,ETF,ETF,9.029999732971191,-20.300090081399848,-0.0465111116117966,35.20673496167879,US
NVDS,Tradr 1.5X Short NVDA Daily ETF,ETF,ETF,18.76000022888184,-15.3811449511828,-0.0699103342126242,35.53849833355265,US
NVDU,Direxion Daily Nvda Bull 2X Shares,ETF,ETF,145.00999450683594,23.728667476736533,0.6643523627937378,63.53976345324765,US
NVEC,NVE Corporation,Technology,Semiconductors,125.94000244140624,9.25653345109354,-0.4688286885560098,62.7810104395826,US
NVGS,Navigator Holdings Ltd.,Energy,Oil & Gas Midstream,20.670000076293945,-7.516779760633298,-0.0375134684236218,43.611343366705725,US
NVIR,Horizon Kinetics Energy Remediation ETF,ETF,ETF,39.057498931884766,-0.2846633562909248,-0.0077646856569871,51.78752213446271,US
NVIT,YieldMax NVDA Performance & Distribution Target 25 ETF,ETF,ETF,51.54790115356445,7.853443215882751,0.0701620222451182,64.31941774744685,US
NVOH,Novo Nordisk A/S (B Shares) ADRhedged,ETF,ETF,25.41029930114746,0.0129874175946476,0.0743669840735564,46.44466104569316,US
NVPS,PurePlay Nvidia Ecosystem Picks & Shovels Index ETF,EQUITY,EQUITY,22.584400177001957,6.984365343539591,0.0240467752745898,47.93357810561746,US
NVRI,Enviri Corporation,Industrials,Waste Management,22.06999969482422,-0.4959450353384056,-0.0499546298957017,47.69182373333438,US
NVST,Envista Holdings Corporation,Healthcare,Medical Instruments & Supplies,28.149999618530277,3.0757970304445954,0.0054751205673079,58.7248432498345,US
NVT,nVent Electric plc,Industrials,Electrical Equipment & Parts,164.69000244140625,7.059741585570976,0.2231421382282725,56.82223082481702,US
NVTS,Navitas Semiconductor Corporation,Technology,Semiconductors,13.890000343322754,27.90055969092521,0.1110820636570897,52.19243200312059,US
NWAX,New America Acquisition I Corp.,Financial Services,Shell Companies,10.170000076293944,0.3453364244864038,0.0012709540305841,60.66638793141003,US
NWBI,"Northwest Bancshares, Inc.",Financial Services,Banks - Regional,15.550000190734863,0.0466076291092991,-0.0166058757487876,58.99165612593937,US
NWE,"NorthWestern Energy Group, Inc.",Utilities,Utilities - Regulated Electric,72.08999633789062,4.8734340678336885,0.1960022786001857,55.1016136793518,US
NWN,Northwest Natural Holding Compa,Utilities,Utilities - Regulated Gas,50.470001220703125,3.1684446234132597,0.0590851184813769,53.57424640024867,US
NWPX,"NWPX Infrastructure, Inc.",Basic Materials,Steel,119.72000122070312,-2.7299322069913963,0.0099439819400033,37.3927327855448,US
NXPI,NXP Semiconductors N.V.,Technology,Semiconductors,239.7100067138672,4.603771549643334,1.1133266760822842,39.70464986389905,US
NXST,"Nexstar Media Group, Inc.",Communication Services,Broadcasting,193.77999877929688,1.7057681314346114,0.0200585116819933,59.050760793287935,US
NXTE,Axs Green Alpha ETF,ETF,ETF,46.84700012207031,4.723474108342039,0.0711643563497612,48.98799611896182,US
NXTG,First Trust IndXX NextG ETF,ETF,ETF,152.50999450683594,5.230112615828038,0.1773267518234448,57.95043507499817,US
NXUS,Nuveen International Aggregate Bond ETF,EQUITY,EQUITY,24.76499938964844,0.2841463133002548,0.0012456417731268,53.19722240364332,US
NYSX,Global X NYSE 100 ETF,EQUITY,EQUITY,126.96600341796876,5.339753342615458,0.1208801219152448,58.034849334002914,US
NZAC,State Street SPDR MSCI ACWI Climate Paris Aligned ETF,ETF,ETF,47.31499862670898,3.484096278346583,0.0192167931617539,65.40273680214753,US
O,Realty Income Corporation,Real Estate,REIT - Retail,62.5099983215332,-2.1293261830205417,-0.0012140357931418,42.17541617148488,US
OACP,OneAscent Core Plus Bond ETF,ETF,ETF,22.46500015258789,0.6496436368558554,0.0038870801015862,46.70795802169704,US
OAKI,Oakmark International Large Cap ETF,EQUITY,EQUITY,27.68779945373535,3.324247263893992,0.0010704018350608,71.4324599370294,US
OAKM,Oakmark U.S. Large Cap ETF,ETF,ETF,30.600000381469727,1.425257885609532,-0.0132943296248782,69.28896057845614,US
OALC,OneAscent Large Cap Core ETF,ETF,ETF,42.220001220703125,3.7015202101742313,0.0101053383614849,66.5760368963762,US
OARK,YieldMax Innovation Option Income Strategy ETF,ETF,ETF,29.12689971923828,7.566669336306989,0.0787257228231338,56.14770593861822,US
OASC,OneAscent Enhanced Small and Mid Cap ETF,ETF,ETF,35.02629852294922,3.033680316127827,0.0135133533224107,55.398206484364295,US
OBDC,Blue Owl Capital Corporation,Financial Services,Asset Management,11.640000343322754,8.279072961141896,0.0310769445659589,66.42089014524483,US
OBK,"Origin Bancorp, Inc.",Financial Services,Banks - Regional,53.84000015258789,-1.6261637074592077,-0.0807980324105797,57.63838416890601,US
OBND,State Street Loomis Sayles Opportunistic Bond ETF,ETF,ETF,25.44499969482422,0.7642914617751166,0.0037368092139538,56.56485335236408,US
OBOR,KraneShares MSCI One Belt One Road Index ETF,ETF,ETF,27.59550094604492,3.953520069948093,0.0236301028989022,69.84844301849022,US
OBT,"Orange County Bancorp, Inc.",Financial Services,Banks - Regional,38.61000061035156,0.9411780662785948,-0.0098447156610327,58.629070927289085,US
OBTC,Osprey Bitcoin Trust,ETF,ETF,20.8799991607666,3.299855729212914,0.0098706658320157,52.48045819311636,US
OCFC,OceanFirst Financial Corp.,Financial Services,Banks - Regional,19.420000076293945,0.5696562060789998,-0.0162801546430856,49.35742218300295,US
OCGN,"Ocugen, Inc.",Healthcare,Biotechnology,1.2799999713897705,4.065036710645526,0.0028202119716093,46.71060039457552,US
OCIO,ClearShares OCIO ETF,ETF,ETF,37.729000091552734,2.379786369921073,0.0129645807843425,58.078471647287294,US
OCS,Oculis Holding AG,Healthcare,Biotechnology,12.68000030517578,12.11317272086814,0.0355932309849023,52.04334069495008,US
OCTH,Innovator Premium Income 20 Barrier ETF - October,ETF,ETF,24.13999938964844,0.2491672181581491,0.0005266646055754,73.80968251517116,US
OCTJ,Innovator Premium Income 30 Barrier ETF - October,ETF,ETF,24.075000762939453,0.1664277752498122,0.0002048599493513,75.22742004039908,US
OCTM,FT Vest U.S. Equity Max Buffer ETF – October,ETF,ETF,33.934898376464844,0.3694084534184413,0.0007748324953428,72.86349897200571,US
OCTP,PGIM S&P 500 Buffer 12 ETF - Oct,ETF,ETF,32.96419906616211,1.2476209401322853,0.0053553022939278,65.01882559385099,US
OCTT,AllianzIM U.S. Equity Buffer10 Oct ETF,ETF,ETF,47.6859016418457,1.5263255441033696,0.006682248454103,67.31452830202007,US
OCTU,AllianzIM U.S. Equity Buffer15 Uncapped Oct ETF,ETF,ETF,31.27039909362793,3.151570320762365,0.009283194493043,64.74862009936972,US
OCTV,Octave Intelligence plc,Technology,Software - Application,19.68000030517578,7.894739869118656,-0.0220236523824539,65.8583030986523,US
OCUL,"Ocular Therapeutix, Inc.",Healthcare,Biotechnology,9.1899995803833,12.484693935915422,0.0522428612623377,54.51372034308432,US
ODC,Oil-Dri Corporation Of America,Basic Materials,Specialty Chemicals,92.79000091552734,-6.471120076796881,-0.2523337538937362,39.28273878853721,US
ODD,Oddity Tech Ltd.,Consumer Defensive,Household & Personal Products,14.119999885559082,-0.4231341207714835,0.0056666882507842,44.003190643071385,US
ODDS,Pacer BlueStar Digital Entertainment ETF,ETF,ETF,25.41230010986328,1.244222006562647,0.0201312564300528,55.799763854855264,US
ODFL,"Old Dominion Freight Line, Inc.",Industrials,Trucking,216.3600006103516,1.989252961650119,0.3868721833370443,44.66054027888689,US
ODHY,Obra Defensive High Yield ETF,ETF,ETF,9.9399995803833,0.2521393709173674,0.0001739260114442,58.19785667197265,US
OEC,Orion S.A.,Basic Materials,Specialty Chemicals,7.239999771118164,7.259255868417245,0.0077306371667869,55.433355759261566,US
OEF,iShares S&P 100 ETF,ETF,ETF,383.0499877929688,3.799146156152121,0.1378576097384041,66.77257229600946,US
OFG,OFG Bancorp,Financial Services,Banks - Regional,52.29999923706055,-1.059404780221192,-0.0737603434584235,57.72684528552372,US
OFIX,Orthofix Medical Inc.,Healthcare,Medical Devices,10.279999732971191,-12.881359603342611,-0.0543455208230839,41.03920811381647,US
OGS,"ONE Gas, Inc.",Utilities,Utilities - Regulated Gas,80.22000122070312,3.3097226584956325,0.0927775249220187,54.96483893106841,US
OGSP,Obra High Grade Structured Products ETF,ETF,ETF,9.994999885559082,0.150304048204321,0.0004475858262996,79.15886528962099,US
OI,"O-I Glass, Inc.",Consumer Cyclical,Packaging & Containers,7.03000020980835,-1.6783200553637942,0.0093201093876084,31.600942158968024,US
OII,OII,N/A,N/A,47.970001220703125,-1.6605116417869363,-0.1349917430935643,56.6719560143157,US
OILK,ProShares K-1 Free Crude Oil ETF,ETF,ETF,49.2400016784668,-4.230281432132965,0.0178273296629916,46.462598316089306,US
OIS,"Oil States International, Inc.",Energy,Oil & Gas Equipment & Services,8.140000343322754,0.3699221691188014,-0.0070294454843346,46.94815036526434,US
OKE,"ONEOK, Inc.",Energy,Oil & Gas Midstream,86.41999816894531,-3.699576302491302,-0.0496909903478416,42.32490003599273,US
OKLL,Defiance Daily Target 2X Long OKLO ETF,ETF,ETF,3.7300000190734863,51.012144772006685,0.0573318088365455,51.08870246936884,US
OKLS,Defiance Daily Target 2X Short OKLO ETF,ETF,ETF,21.34000015258789,-42.08954942678089,-0.5815169306690386,39.32785465223024,US
OKTA,"Okta, Inc.",Technology,Software - Infrastructure,148.32000732421875,4.502229957155408,0.289688145677716,60.856074112868,US
OKTG,Leverage Shares 2X Long OKTA Daily ETF,ETF,ETF,32.37089920043945,7.996591029632881,0.1160592270541442,58.67898852144939,US
OLED,Universal Display Corporation,Technology,Electronic Components,91.19000244140624,13.759977888462368,0.311455272204266,67.94548378958984,US
OLLI,"Ollie's Bargain Outlet Holdings, Inc.",Consumer Defensive,Discount Stores,81.63999938964844,11.120182432558728,0.1265969941298557,71.50088140376927,US
OLP,"One Liberty Properties, Inc.",Real Estate,REIT - Diversified,24.15999984741211,-0.6170284731615014,0.0115086484765025,44.62355192066147,US
OMAH,VistaShares Target 15 Berkshire Select Income ETF,ETF,ETF,18.600000381469727,-1.0638237431231454,-0.0128366821252682,47.64160366578827,US
OMC,Omnicom Group Inc.,Communication Services,Advertising Agencies,85.23999786376953,8.310039604993172,0.2323941050142421,60.824098538440005,US
OMCL,"Omnicell, Inc.",Healthcare,Health Information Services,36.810001373291016,4.071253844760906,0.1088961888531663,38.65247923703295,US
OMDA,"Omada Health, Inc.",Healthcare,Health Information Services,23.670000076293945,19.30443495085597,0.3102356689352895,64.87562783542988,US
OMER,Omeros Corporation,Healthcare,Biotechnology,13.25,11.908782341560386,-0.0131675762984692,69.31499825278536,US
OMF,"OneMain Holdings, Inc.",Financial Services,Credit Services,64.94999694824219,3.7871445315481194,-0.0663110677924585,67.08444496693943,US
OMFL,Invesco Russell 1000 Dynamic Multifactor ETF,ETF,ETF,71.16999816894531,2.8616789386816794,0.0156448356606293,68.85058139147664,US
ON,ON Semiconductor Corporation,Technology,Semiconductors,81.16999816894531,-0.5391526015384434,0.2876709646268027,41.33925296042556,US
OND,ProShares On-Demand ETF,ETF,ETF,35.125,0.3112895912665479,-0.0028507568400549,56.59119878528751,US
ONDG,Leverage Shares 2X Long ONDS Daily ETF,ETF,ETF,3.5999999046325684,45.63107095759689,0.0109175726686003,56.673396046005344,US
ONDS,Ondas Inc.,Technology,Communication Equipment,9.109999656677246,21.628837584293223,0.0115679870086942,60.082634048852775,US
ONDU,Tradr 2X Long ONDS Daily ETF,ETF,ETF,5.760000228881836,45.45454983321537,0.0150470849562074,56.59731517205963,US
ONEQ,Fidelity Nasdaq Composite Index ETF,ETF,ETF,105.18440246582033,5.152857892056917,0.0997296939743244,61.55785865775798,US
ONEV,State Street SPDR Russell 1000 Low Volatility Focus ETF,ETF,ETF,150.77999877929688,2.00933716917611,0.0081235102745012,64.18149304435362,US
ONEY,State Street SPDR Russell 1000 Yield Focus ETF,ETF,ETF,134.11399841308594,1.2945654045434776,0.0050731241586692,60.62507559257767,US
ONLN,ProShares Online Retail ETF,ETF,ETF,61.3140983581543,3.0662239506168247,-0.0069356680734834,64.49506532611392,US
OOMA,"Ooma, Inc.",Technology,Software - Application,21.96999931335449,1.0114910958827228,0.0155192421625656,62.97503315015822,US
OOSP,Obra Opportunistic Structured Products ETF,ETF,ETF,10.119999885559082,0.1980148844949369,0.000563595812537,59.39264225627607,US
OPEN,Opendoor Technologies Inc.,Real Estate,Real Estate Services,3.484999895095825,-7.559684012535378,-0.0046366198328021,35.83265598563523,US
OPFI,OppFi Inc.,Financial Services,Credit Services,9.399999618530272,0.3201679118206457,-0.0277906683019905,50.07406651478569,US
OPLN,"OPENLANE, Inc.",Consumer Cyclical,Auto & Truck Dealerships,36.97999954223633,-6.9919489352475255,-0.1009131862854755,38.25849570927288,US
OPPE,WisdomTree European Opportunities Fund,ETF,ETF,60.157501220703125,1.4118366995743254,-0.0232634931200407,71.51940183288988,US
OPRA,Opera Limited,Communication Services,Internet Content & Information,19.959999084472656,5.608462895962809,0.0133252158584757,56.62558987770414,US
OPTU,"Optimum Communications, Inc.",Communication Services,Telecom Services,0.7688999772071838,0.905505599512024,-0.0001859656213281,39.2276080185473,US
OPTX,"Syntec Optics Holdings, Inc.",Technology,Electronic Components,7.789999961853027,19.295554541515976,0.0382912454393601,47.911827275706045,US
ORA,"Ormat Technologies, Inc.",Utilities,Utilities - Renewable,108.08999633789062,10.770643891801146,0.4655377546830754,53.047704777458605,US
ORC,"Orchid Island Capital, Inc.",Real Estate,REIT - Mortgage,6.559999942779541,1.0785851175664465,0.0122516958707385,50.859149434407385,US
ORCL,Oracle Corporation,Technology,Software - Infrastructure,147.02000427246094,13.205520751577929,0.056545156615158,56.68340793925188,US
ORCX,Defiance Daily Target 2X Long ORCL ETF,ETF,ETF,22.15999984741211,26.33978729040371,0.0120906985161743,52.94077698898896,US
ORKA,"Oruka Therapeutics, Inc.",Healthcare,Biotechnology,98.81999969482422,2.393531766099259,0.0130733418603847,63.40628801564537,US
ORLY,"O'Reilly Automotive, Inc.",Consumer Cyclical,Auto Parts,93.52999877929688,4.67823209463899,-0.0048639114846982,61.08097201627702,US
ORN,"Orion Group Holdings, Inc.",Industrials,Engineering & Construction,10.3100004196167,5.419230072764962,0.0639588751986703,33.9348358712288,US
ORO,Arrow Valtoro ETF,ETF,ETF,18.011999130249023,-0.9131938101509186,-0.0031144592409985,44.40813556724712,US
OSBC,"Old Second Bancorp, Inc.",Financial Services,Banks - Regional,25.440000534057617,0.5931182803484121,-0.0525596459401901,69.54164193067325,US
OSCR,"Oscar Health, Inc.",Healthcare,Healthcare Plans,27.899999618530277,-10.634208096872296,-0.0552250687634059,44.14278674833193,US
OSCV,Opus Small Cap Value Plus ETF,ETF,ETF,42.93999862670898,0.940286089734519,-0.0031319111051229,61.87292516595589,US
OSEA,Harbor International Compounders ETF,ETF,ETF,31.040000915527344,1.9041426411281488,-0.0029270312587879,62.01735176266857,US
OSPN,OneSpan Inc.,Technology,Software - Infrastructure,16.780000686645508,8.397940457699614,0.0312586603879646,72.12637073332073,US
OSS,"One Stop Systems, Inc.",Technology,Computer Hardware,13.239999771118164,8.258383210839854,0.0021968773818682,48.22487949527999,US
OTCM,OTC Markets Group Inc.,Financial Services,Financial Data & Stock Exchanges,55.0,2.3255813953488373,-0.0482163027518361,59.15108748781457,US
OTF,Blue Owl Technology Finance Corp.,Financial Services,Asset Management,11.699999809265137,17.706240474649675,0.0546079256168132,72.81371983196036,US
OTGL,OTG Latin America ETF,ETF,ETF,10.739999771118164,-1.603299966527473,-0.0108121371884385,50.66011757533729,US
OTIS,Otis Worldwide Corporation,Industrials,Specialty Industrial Machinery,73.98999786376953,2.8353036859679577,0.0393192517142595,55.78083970988316,US
OUT,OUTFRONT Media Inc.,Real Estate,REIT - Specialty,31.209999084472656,-2.07091853586728,-0.0128275179172426,37.06636277191632,US
OVID,Ovid Therapeutics Inc.,Healthcare,Biotechnology,2.630000114440918,18.468472096703437,0.0045222251192136,58.51405143918707,US
OVS,Overlay Shares Small Cap Equity ETF,ETF,ETF,42.5099983215332,2.832670359094974,0.0105971711297638,59.58813247597588,US
OVT,Overlay Shares Short Term Bond ETF,ETF,ETF,21.78499984741211,0.6282030510001003,0.002374365663414,59.4093867149486,US
OWLS,Obook Holdings Inc.,Technology,Software - Infrastructure,5.380000114440918,2.7698180941434107,0.0022466314215647,42.93032404204831,US
OWN,Inside Ownership 100 ETF,ETF,ETF,24.940000534057617,5.812477119099156,-0.0015995047846162,58.76391211238239,US
OXM,"Oxford Industries, Inc.",Consumer Cyclical,Apparel Manufacturing,36.9900016784668,-2.4525225089281224,-0.0809764768659486,44.04884301447333,US
OXY,Occidental Petroleum Corporation,Energy,Oil & Gas E&P,55.90999984741211,-2.032591297731007,0.0204498510761351,53.64046211811516,US
OZK,Bank OZK,Financial Services,Banks - Regional,51.40999984741211,0.2144261442251543,-0.0251043442916958,53.33537698372741,US
P,"Everpure, Inc.",Technology,Computer Hardware,90.05000305175781,16.69043046316368,0.2725158546293975,68.9836652228107,US
PAAA,PGIM AAA CLO ETF,ETF,ETF,51.34999847412109,0.1169771057180592,0.003194501034139,51.61830876364669,US
PAB,PGIM Active Aggregate Bond ETF,ETF,ETF,41.65430068969727,0.4807594978642113,0.005057176877898,46.84753452871988,US
PACB,"Pacific Biosciences of California, Inc.",Healthcare,Medical Devices,1.184999942779541,-15.357145502859275,-0.0052946610672413,34.475289702466895,US
PACK,Ranpak Holdings Corp.,Consumer Cyclical,Packaging & Containers,5.510000228881836,7.617194375780099,0.0234679963749871,39.01316585255116,US
PACS,"PACS Group, Inc.",Healthcare,Medical Care Facilities,48.43999862670898,5.281461408005558,0.1632160849169197,66.27854997854308,US
PAGP,"Plains GP Holdings, L.P.",Energy,Oil & Gas Midstream,24.739999771118164,-6.038739677915243,-0.0534857431410359,44.22172788145302,US
PAHC,Phibro Animal Health Corporation,Healthcare,Drug Manufacturers - Specialty & Generic,34.290000915527344,-5.6151962915222375,-0.1628087919011281,47.18156746605799,US
PALC,Pacer Lunt Large Cap Multi-Factor Alternator ETF,ETF,ETF,57.706199645996094,4.187261568511581,0.0308971011029415,56.82431946307859,US
PALL,abrdn Physical Palladium Shares ETF,ETF,ETF,25.049999237060547,7.834695353803736,0.0189799293523734,61.54826862960063,US
PALU,Direxion Daily PANW Bull 2X Shares,ETF,ETF,56.84000015258789,19.73877963120469,0.1246003744045882,62.8339869553968,US
PAMC,Pacer Lunt MidCap Multi-Factor Alternator ETF,ETF,ETF,54.902099609375,2.1681524987307297,0.0012120672710832,55.08341580599982,US
PANG,Leverage Shares 2X Long PANW Daily ETF,ETF,ETF,34.87969970703125,19.0027306126728,0.0709511547980463,62.61004260713302,US
PANL,Pangaea Logistics Solutions Ltd.,Industrials,Marine Shipping,7.420000076293945,-2.4967155569905923,-0.0041618580332997,51.82227718946671,US
PANW,"Palo Alto Networks, Inc.",Technology,Software - Infrastructure,363.8599853515625,9.65253294621142,0.4097661601939126,64.2538072584821,US
PAPR,Innovator U.S. Equity Power Buffer ETF - April,ETF,ETF,42.84000015258789,0.8474590730483105,0.0030355615864011,68.2989125367612,US
PATH,"UiPath, Inc.",Technology,Software - Infrastructure,15.050000190734863,17.94670784307424,0.0558704530639832,74.20435562704719,US
PATN,Pacer Nasdaq International Patent Leaders ETF,ETF,ETF,35.54499816894531,3.196486810477193,0.0250417565495742,54.05128400343823,US
PATX,Tradr 2X Long PATH Daily ETF,ETF,ETF,14.020000457763672,37.72102197910085,0.1027038293666452,73.98640894239256,US
PAUG,Innovator U.S. Equity Power Buffer ETF - August,ETF,ETF,46.720001220703125,1.6093990557504156,0.0049978630622873,84.87350171554026,US
PAVE,Global X U.S. Infrastructure Development ETF,ETF,ETF,58.68999862670898,4.134134121938732,0.0198140469835281,58.87324226020551,US
PAWZ,ProShares Pet Care ETF,ETF,ETF,51.69499969482422,2.5490971063315278,-0.0365754482950733,64.14277506662944,US
PAX,Patria Investments Limited,Financial Services,Asset Management,11.529999732971191,6.56192290362636,0.0147722790898276,58.92242409605021,US
PAYC,"Paycom Software, Inc.",Technology,Software - Application,214.94000244140625,31.09294562088313,1.1300905841658553,82.21357419872224,US
PAYH,TrueShares S&P Autocallable High Income ETF,ETF,ETF,25.31999969482422,3.4271425338106183,0.016818526229925,64.42645464367268,US
PAYS,"Paysign, Inc.",Technology,Software - Infrastructure,12.479999542236328,39.28570858373936,0.1096156148684657,83.73421744132241,US
PAYX,"Paychex, Inc.",Technology,Software - Application,120.04000091552734,2.7387920899814118,-0.0443709172692114,66.63396781353279,US
PB,"Prosperity Bancshares, Inc.",Financial Services,Banks - Regional,73.94999694824219,-1.2288042802053245,-0.0605593196698959,54.481957305215246,US
PBAM,"Private Bancorp of America, Inc.",Financial Services,Banks - Regional,85.80999755859375,2.0332926462523657,-0.0720232997302878,85.6942589469557,US
PBAP,PGIM S&P 500 Buffer 20 ETF - April,ETF,ETF,31.401500701904297,0.8397601714237273,0.0019329921358986,66.78149149611107,US
PBAU,PGIM S&P 500 Buffer 20 ETF - August,ETF,ETF,32.04570007324219,1.4746679881609095,0.0029703636541133,76.18545562368288,US
PBD,Invesco Global Clean Energy ETF,ETF,ETF,18.225000381469727,5.225177266694477,0.0243403958527008,49.530875424297584,US
PBDC,Putnam BDC Income ETF,ETF,ETF,28.46999931335449,7.922669518868762,0.0633081701966939,68.10465010228907,US
PBE,Invesco Biotechnology & Genome ETF,ETF,ETF,92.76170349121094,3.5171329755523923,0.1066867920840257,62.19120545606788,US
PBEU,Portfolio Building Block European Banks Index ETF,ETF,ETF,35.88560104370117,2.2964628580301985,-0.0064405177346158,66.48720004930692,US
PBF,PBF Energy Inc.,Energy,Oil & Gas Refining & Marketing,61.709999084472656,-14.623685491610413,-0.197389025268877,53.51688333078023,US
PBFR,PGIM Laddered S&P 500 Buffer 20 ETF,ETF,ETF,31.084999084472656,0.9744980950057268,0.0009133087109335,67.76048732214733,US
PBFS,"Pioneer Bancorp, Inc.",Financial Services,Banks - Regional,17.31999969482422,0.5807223313428012,0.0040813156216736,52.3825744312286,US
PBJ,Invesco Food & Beverage ETF,ETF,ETF,47.41999816894531,-0.6078409580639152,-0.0027088859245685,43.84635920848349,US
PBJA,PGIM S&P 500 Buffer 20 ETF - January,ETF,ETF,32.790000915527344,1.110085127856465,0.0034372108270827,66.55343012442816,US
PBL,PGIM Portfolio Ballast ETF,ETF,ETF,34.01959991455078,2.78135568529248,0.0107900430722207,66.0761078677071,US
PBMR,PGIM S&P 500 Buffer 20 ETF - March,ETF,ETF,32.55070114135742,1.026380844584835,0.0021326483129573,66.84030273469374,US
PBMY,PGIM S&P 500 Buffer 20 ETF - May,ETF,ETF,31.649200439453125,1.27744140625,0.0032346218561204,65.45340921205087,US
PBNV,PGIM S&P 500 Buffer 20 ETF - November,ETF,ETF,31.51849937438965,1.3130786114551274,0.0030984571970064,66.88672012776448,US
PBOG,Portfolio Building Block Integrated Oil And Gas And Exploration And Production Index ETF,ETF,ETF,32.56380081176758,-4.482571525855451,-0.0476717838868623,51.19497925507381,US
PBPH,Portfolio Building Block World Pharma And Biotech Index ETF,ETF,ETF,27.80459976196289,2.2603869651839084,0.03228573711927,59.05895800023795,US
PBQQ,PGIM Laddered Nasdaq-100 Buffer 12 ETF,ETF,ETF,31.700000762939453,2.1295828308510067,0.0116459029731212,61.71146738117878,US
PBSE,PGIM S&P 500 Buffer 20 ETF - September,ETF,ETF,31.21500015258789,0.5314039277991432,0.0002577181303248,66.26998752114196,US
PBTP,Invesco 0-5 Yr US TIPS ETF,ETF,ETF,25.69499969482422,0.0584088375007316,0.0012746112050278,56.554888944488994,US
PBUS,Invesco MSCI USA ETF,ETF,ETF,77.61000061035156,3.6458379501462654,0.0351206010775257,66.3587396749032,US
PBW,Invesco WilderHill Clean Energy ETF,ETF,ETF,34.810001373291016,8.408597669316244,0.0894138035298746,52.03893359088386,US
PBYI,"Puma Biotechnology, Inc.",Healthcare,Biotechnology,8.90999984741211,12.358134177649806,0.065885758920497,67.32799264772851,US
PCAR,PACCAR Inc,Industrials,Farm & Heavy Construction Machinery,133.11000061035156,0.3240940294751795,-0.0991963186382478,58.260532749009,US
PCB,PCB Bancorp,Financial Services,Banks - Regional,27.8700008392334,0.0,0.0083698378641227,46.07374925865444,US
PCEF,Invesco CEF Income Composite ETF,ETF,ETF,20.350000381469727,1.5976020162474105,0.0076387227768834,61.815717167642056,US
PCFI,Polen Floating Rate Income ETF,ETF,ETF,22.375,0.1566689667549306,0.0007679402201939,53.663536363744704,US
PCG,PG&E Corporation,Utilities,Utilities - Regulated Electric,17.459999084472656,0.4602987777274784,0.0177604738464932,52.0204983519237,US
PCGG,Polen Capital Global Growth ETF,ETF,ETF,11.5,3.603600043095768,0.0007372403237877,66.7794302416412,US
PCHI,Polen High Income ETF,ETF,ETF,24.190000534057617,0.4151115850407494,0.0024114081858436,50.6888185250357,US
PCI,PGIM Corporate Bond 5-10 Year E,ETF,ETF,49.249000549316406,0.2912099526110899,2.3189871253409544e-06,48.80605406218884,US
PCIG,Polen Capital International Gro,ETF,ETF,9.074999809265137,3.30108101183924,0.0031062093903196,63.93539948155883,US
PCL,PGIM Corporate Bond 10+ Year ETF,ETF,ETF,48.01969909667969,1.0324218371898195,0.0084443741178115,44.48431725480147,US
PCLG,Polen Focus Growth ETF,ETF,ETF,23.25,6.58293242053865,0.0187900221992071,68.80046759488599,US
PCLN,PCLN,N/A,N/A,31.488000869750977,4.113217199739212,0.027164423636098,53.34181167701813,US
PCLO,Virtus SEIX AAA Private Credit CLO ETF,ETF,ETF,24.934999465942383,0.1204528346508372,0.0012389331158547,77.13669363717474,US
PCMM,BondBloxx Private Credit CLO ETF,ETF,ETF,49.70000076293945,0.2339487133090037,-0.0032172017596734,60.58397666966625,US
PCOR,"Procore Technologies, Inc.",Technology,Software - Application,57.060001373291016,4.18112268831054,-0.0801499942103556,75.21847898528893,US
PCPI,PIMCO Inflation Plus Active Exchange-Traded Fund,ETF,ETF,49.64500045776367,-0.2110543562539259,0.0002842324724993,42.92602003880761,US
PCQ,PCQ,Financial Services,Asset Management,8.779999732971191,2.2118693481752736,0.0051545386993316,54.94036444734717,US
PCR,Simplify VettaFi Private Credit Strategy ETF,EQUITY,EQUITY,19.55500030517578,4.354554516183963,0.0336163267196775,59.70063311158189,US
PCS,PGIM Corporate Bond 0-5 Year ETF,ETF,ETF,49.82490158081055,0.2815743255563979,0.00197191279019,61.82749804134214,US
PCSG,Polen 5Perspectives Small-Mid Growth ETF,ETF,ETF,23.01000022888184,4.638474162711672,0.017375788273917,49.3864858474964,US
PCT,"PureCycle Technologies, Inc.",Industrials,Pollution & Treatment Controls,7.210000038146973,13.186815819136635,0.012216497192067,52.71076368938628,US
PCTY,Paylocity Holding Corporation,Technology,Software - Application,150.4199981689453,9.082993225582536,-0.0867542028228562,72.43191638262037,US
PCVX,"Vaxcyte, Inc.",Healthcare,Biotechnology,58.06999969482422,7.377954379946656,0.1285413645407573,56.960057013093866,US
PDBC,Invesco Optimum Yield Diversified Commodity Strategy No K-1 ETF,ETF,ETF,17.25,-1.7653728665745505,0.0048716845226685,51.46894495097993,US
PDD,PDD Holdings Inc.,Consumer Cyclical,Internet Retail,91.76000213623048,3.6133747356073567,-0.0218252876182192,66.26242570729045,US
PDDL,GraniteShares 2x Long PDD Daily ETF,ETF,ETF,15.543700218200684,7.013429441821138,-0.0052789237128611,63.869595130209845,US
PDEC,Innovator U.S. Equity Power Buffer ETF - December,ETF,ETF,46.809200286865234,1.2528677273720086,0.0064760096888815,68.27417955388721,US
PDI,PIMCO Dynamic Income Fund,Financial Services,Asset Management,16.079999923706055,0.4999995231628418,0.0062891591530334,46.70534724133816,US
PDLB,"Ponce Financial Group, Inc.",Financial Services,Banks - Regional,20.06999969482422,-0.5450971689200097,-0.0204599522736848,50.36246764938008,US
PDM,"Piedmont Realty Trust, Inc.",Real Estate,REIT - Office,9.479999542236328,-2.167183150060217,-0.0081478597602586,48.10648756310122,US
PDO,Pimco Dynamic Income Opportunities Fund,Financial Services,Asset Management,13.079999923706056,0.3067481746168902,0.0033733112389318,54.101845445974085,US
PEB,Pebblebrook Hotel Trust,Real Estate,REIT - Hotel & Motel,18.18000030517578,-4.816754229944953,-0.0409234084856116,42.95584824195532,US
PEBO,Peoples Bancorp Inc.,Financial Services,Banks - Regional,40.93000030517578,-0.7517006805867344,-0.0672880146543317,62.01652064595165,US
PECO,"Phillips Edison & Company, Inc.",Real Estate,REIT - Retail,40.75,-4.095084984071911,-0.0212884779778924,35.90501076833543,US
PEG,Public Service Enterprise Group Incorporated,Utilities,Utilities - Regulated Electric,75.66000366210938,-1.3301990597378208,0.0504803924672079,34.69714225629535,US
PEGA,Pegasystems Inc.,Technology,Software - Application,32.7400016784668,7.168584275280549,0.0529871583965599,58.072965516702666,US
PEO,"Adams Natural Resources Fund, Inc.",Financial Services,Asset Management,26.350000381469727,-2.008177837246768,-0.0212547282499905,54.8021834228185,US
PEP,"PepsiCo, Inc.",Consumer Defensive,Beverages - Non-Alcoholic,139.02000427246094,-0.3869255485663779,-0.0371828983567362,48.65932282463824,US
PEPS,Parametric Equity Plus ETF,ETF,ETF,32.90999984741211,1.7247732341078164,0.0086188507736323,62.77124076867725,US
PEVC,PEVC,N/A,N/A,31.95330047607422,6.143038728731612,0.0218188383921584,66.47705802538285,US
PEXL,PEXL,N/A,N/A,72.97309875488281,3.4785907949381585,0.0448444597149659,55.30962796698503,US
PEZ,Invesco Dorsey Wright Consumer Cyclicals Momentum ETF,ETF,ETF,103.87249755859376,1.616607628797344,-0.0495831166813854,58.56607193240679,US
PFBC,Preferred Bank,Financial Services,Banks - Regional,105.76000213623048,1.263883247766846,0.00382629855727,54.566101363772525,US
PFE,"Pfizer, Inc.",Healthcare,Drug Manufacturers - General,26.76000022888184,6.997201055516504,0.0449007466356957,74.72815571306603,US
PFEB,Innovator U.S. Equity Power Buffer ETF - February,ETF,ETF,43.84479904174805,1.1880849040823334,0.005651775084572,67.32569515798161,US
PFF,iShares Preferred and Income Securities ETF,ETF,ETF,30.63999938964844,1.028753243744295,-0.0024337733368939,56.27314812455217,US
PFFL,ETRACS 2xMonthly Pay Leveraged Preferred Stock Index ETN,ETF,ETF,7.451300144195557,-0.2503299400442686,-0.0059544683845917,45.26562160650119,US
PFG,Principal Financial Group Inc,Financial Services,Asset Management,113.4000015258789,-0.2638482237601495,-0.1480927236898706,54.4346031489856,US
PFI,Invesco Dorsey Wright Financial Momentum ETF,ETF,ETF,62.14400100708008,-0.7125725266344674,-0.0952801026105066,49.01354414199797,US
PFIS,Peoples Financial Services Corp.,Financial Services,Banks - Regional,70.66000366210938,0.4263829578672221,-0.086091318546877,59.00834561027104,US
PFIX,Simplify Interest Rate Hedge ETF,ETF,ETF,50.29999923706055,-3.695194949437184,-0.0995013170559597,58.717458184129335,US
PFM,Invesco Dividend Achievers ETF,ETF,ETF,57.61000061035156,2.145388389603949,0.0081939017266627,69.8293163545594,US
PFN,PIMCO Income Strategy Fund II,Financial Services,Asset Management,7.130000114440918,0.706217390870966,0.0036705585979971,61.5395847466853,US
PFOE,Pathfinder Focused Opportunities ETF,ETF,ETF,23.331100463867188,3.2486628217516578,0.0155149569232509,58.31910761129149,US
PFSI,"PennyMac Financial Services, Inc.",Financial Services,Mortgage Finance,77.41000366210938,2.652168018664244,0.151331594540226,40.4799994385675,US
PG,Procter & Gamble Company (The),Consumer Defensive,Household & Personal Products,145.7899932861328,0.8997077607767504,-0.0298470357539073,47.44815817601669,US
PGEN,"Precigen, Inc.",Healthcare,Biotechnology,7.230000019073486,15.311005439670096,0.0146148633294295,78.25179398082349,US
PGF,Invesco Financial Preferred ETF,ETF,ETF,13.579999923706056,-0.0735852006589686,0.0008542566072395,47.140579806301375,US
PGHY,Invesco Global ex-US High Yield Corporate Bond ETF,ETF,ETF,19.73710060119629,0.8538625905868785,0.0046062865834552,62.5424345210878,US
PGJ,Invesco Golden Dragon China ETF,ETF,ETF,25.58449935913086,0.3707320080864399,-0.0147232273815235,64.36807390899412,US
PGNY,"Progyny, Inc.",Healthcare,Healthcare Plans,28.100000381469727,-9.733372505565653,-0.1679353412165011,34.93874637775642,US
PGR,The Progressive Corporation,Financial Services,Insurance - Property & Casualty,215.3300018310547,1.849401048137792,0.2027995640787356,51.510178945226855,US
PGRI,Putnam International Stock ETF,EQUITY,EQUITY,26.85099983215332,1.3092368165786767,-0.0024678778098403,54.30869276112808,US
PGX,Invesco Preferred ETF,ETF,ETF,10.720000267028809,-0.0931898940737093,0.0002818654615413,44.3945586561852,US
PGY,Pagaya Technologies Ltd.,Technology,Software - Infrastructure,21.280000686645508,10.430722268467974,-0.0551292426868381,66.10127980282323,US
PH,Parker-Hannifin Corporation,Industrials,Specialty Industrial Machinery,1073.8699951171875,9.96794393413581,2.846037577580706,74.17571022036043,US
PHDG,Invesco S&P 500 Downside Hedged ETF,ETF,ETF,41.90700149536133,2.3120176563862933,0.0066137796542919,60.36187631257251,US
PHM,"PulteGroup, Inc.",Consumer Cyclical,Residential Construction,132.89999389648438,5.084203853655582,0.0991397203184911,56.38066565712697,US
PHR,"Phreesia, Inc.",Healthcare,Health Information Services,12.510000228881836,16.589009902926083,0.0645630923510981,71.326431093612,US
PI,"Impinj, Inc.",Technology,Semiconductors,183.3600006103516,21.14164896337316,0.7907080926590422,75.66721223231481,US
PICS,PicS N.V.,Technology,Software - Infrastructure,12.0600004196167,-8.636359137280191,-0.0872034295748436,49.36556863345344,US
PID,Invesco International Dividend Achievers ETF,ETF,ETF,23.059999465942383,-0.7318126545153586,-0.0070762445327324,54.81714872928153,US
PIE,PIE,ETF,ETF,32.51499938964844,9.110739000326554,0.0648337791310871,57.08242440379592,US
PII,Polaris Inc.,Consumer Cyclical,Recreational Vehicles,71.56999969482422,6.6934969308407,0.0272215798947107,52.55310963461772,US
PILL,Direxion Daily Pharmaceutical & Medical Bull 3X Shares ETF,ETF,ETF,20.76000022888184,10.132624980154974,0.0279903188587673,61.7889359801313,US
PINC,PGIM Securitized Income ETF,ETF,ETF,49.93999862670898,0.0601133968723913,-0.000895623082025,58.39195370761816,US
PIO,Invesco Global Water ETF,ETF,ETF,46.44729995727539,3.4691481149497725,-0.001018195860084,65.2637795239967,US
PIPE,Invesco SteelPath MLP & Energy Infrastructure ETF,ETF,ETF,29.515600204467773,-3.1481547661778366,-0.0145720163940142,40.8493101164669,US
PIPR,Piper Sandler Companies,Financial Services,Capital Markets,74.79000091552734,-1.3324565904579428,-0.0502736373825835,46.34711901343854,US
PIT,VanEck Commodity Strategy ETF,ETF,ETF,72.95999908447266,-1.0040676993368327,0.0264287636336479,54.70420820368535,US
PIZ,Invesco Dorsey Wright Developed Markets Momentum ETF,ETF,ETF,53.845001220703125,4.492533468361628,0.0320743956828835,54.17159339364215,US
PJFM,PGIM Jennison Focused Mid-Cap ETF,ETF,ETF,67.02999877929688,1.756406511571667,-0.0071760985585196,49.285335703845725,US
PJIO,PGIM Jennison Focused International Equity ETF,ETF,ETF,63.81999969482422,4.504739621879668,0.0640343992496208,53.37399613118031,US
PJUL,Innovator U.S. Equity Power Buffer ETF - July,ETF,ETF,49.720001220703125,1.5730346185135242,0.0033015459548325,67.0746271820515,US
PJUN,Innovator U.S. Equity Power Buffer ETF - June,ETF,ETF,44.08000183105469,1.6136485608663602,0.0051719638788767,65.27504692289935,US
PJUS,PGIM Jennison U.S. Core Equity ETF,ETF,ETF,53.22650146484375,2.972534105158269,0.0111317428133823,66.0041415054252,US
PKB,Invesco Building & Construction ETF,ETF,ETF,105.52999877929688,5.224845763221298,0.1149267785898301,55.137733898067,US
PKG,Packaging Corporation of America,Consumer Cyclical,Packaging & Containers,256.0400085449219,4.149045053276041,-0.1139203155240613,65.6240977927639,US
PKOH,Park-Ohio Holdings Corp.,Industrials,Specialty Industrial Machinery,52.5099983215332,31.5051287758863,0.5454214733043465,87.2387457940626,US
PLAB,"Photronics, Inc.",Technology,Semiconductor Equipment & Materials,32.650001525878906,7.791352060150558,0.0177889629049486,56.50529456937457,US
PLAY,"Dave & Buster's Entertainment, Inc.",Communication Services,Entertainment,10.270000457763672,-5.258299693733305,-0.0210863605388637,46.6650545396026,US
PLBC,Plumas Bancorp,Financial Services,Banks - Regional,61.650001525878906,1.098717828898138,0.0154447047723418,63.038820346691786,US
PLD,"Prologis, Inc.",Real Estate,REIT - Industrial,140.16000366210938,-3.0772401144182315,0.0210646545419477,42.99996602531138,US
PLGO,Pelagos Insurance Capital Limit,Financial Services,Insurance - Diversified,25.030000686645508,-1.0280752054943707,-0.0218809841948254,50.2386328343864,US
PLNT,"Planet Fitness, Inc.",Consumer Cyclical,Leisure,50.0099983215332,-10.552676698231108,-0.3126201201055812,36.09936740487639,US
PLOW,"Douglas Dynamics, Inc.",Consumer Cyclical,Auto Parts,44.36000061035156,0.5211863509391736,0.0040930958892155,46.87148091684959,US
PLPC,Preformed Line Products Company,Industrials,Electrical Equipment & Parts,466.8200073242188,30.769228796426184,0.836225976694223,70.36900819330447,US
PLSE,"Pulse Biosciences, Inc.",Healthcare,Medical Instruments & Supplies,42.40999984741211,20.72302464546283,0.1730661337547814,79.21614303223559,US
PLTA,ProShares Ultra PLTR,EQUITY,EQUITY,18.979999542236328,82.67563922107115,0.2132518899134964,71.30321914961063,US
PLTG,Leverage Shares 2X Long PLTR Daily ETF,ETF,ETF,17.639999389648438,82.41984747128375,0.1983990240195235,71.25015906560647,US
PLTK,Playtika Holding Corp.,Communication Services,Electronic Gaming & Multimedia,2.940000057220459,-26.31578821570464,-0.0483573414273775,31.42393790489268,US
PLTM,GraniteShares Platinum Trust,ETF,ETF,16.760000228881836,5.608067736236157,0.0052937391926134,60.36049504961234,US
PLTR,Palantir Technologies Inc.,Technology,Software - Infrastructure,172.00999450683594,39.77734269410752,1.089462516926098,72.82890107589168,US
PLTW,Roundhill PLTR WeeklyPay ETF,ETF,ETF,24.56999969482422,46.79172193871301,0.1756926193957368,72.30588175203212,US
PLTZ,Defiance Daily Target 2X Short PLTR ETF,ETF,ETF,10.25,-65.98074913541018,-0.2309710774187003,25.35697401750798,US
PLU,Defiance Daily Target 2X Long PL ETF,ETF,ETF,10.779999732971191,33.746887986934425,0.0908059405929955,43.25924328402103,US
PLUL,Leverage Shares 2X Long PLUG Daily ETF,ETF,ETF,8.288000106811523,12.04542774911261,0.0515107080024956,42.87661584304275,US
PLUS,ePlus inc.,Technology,Software - Application,89.58000183105469,-3.0624409900495064,-0.3024552431491014,50.58189779544389,US
PLWN,Pinelawn Cemetery,Consumer Cyclical,Personal Services,575.0,0.0,0.0170780307077047,98.07363369257044,US
PLXS,Plexus Corp.,Technology,Electronic Components,270.3500061035156,7.563463850802625,0.0480138301820964,54.339849436565295,US
PLYY,GraniteShares YieldBoost PLTR ETF,ETF,ETF,8.520000457763672,1.4889814554375678,0.0014479489600723,49.58358548243256,US
PM,Philip Morris International Inc,Consumer Defensive,Tobacco,189.57000732421875,-0.6550675778332553,0.0569507547147933,52.09499521178852,US
PMAP,PGIM S&P 500 Max Buffer ETF - April,ETF,ETF,27.450000762939453,0.2922905416626045,-0.0003468870577549,70.7076234503931,US
PMAR,Innovator U.S. Equity Power Buffer ETF - March,ETF,ETF,48.6150016784668,1.133767395678306,0.0081118341388499,65.36713982909964,US
PMAU,PGIM S&P 500 Max Buffer ETF - August,ETF,ETF,26.920000076293945,0.5979067490418887,0.001296344648009,84.57143866206914,US
PMAY,Innovator U.S. Equity Power Buffer ETF - May,ETF,ETF,42.08000183105469,1.3731716033960824,0.0054377859276624,66.70666640741473,US
PMDE,PGIM S&P 500 Max Buffer ETF - December,ETF,ETF,26.065000534057617,0.5788138654488684,0.0014845202351136,73.31385538889654,US
PMFB,PGIM S&P 500 Max Buffer ETF - February,ETF,ETF,27.51499938964844,0.6032870415990987,0.0015226381478483,72.9273208547092,US
PMJA,PGIM S&P 500 Max Buffer ETF - January,ETF,ETF,27.655000686645508,0.4905531491143234,0.0007440543840199,72.80664914009093,US
PMJL,PGIM S&P 500 Max Buffer ETF - July,ETF,ETF,26.88610076904297,0.6367014833712409,0.0010852619811776,72.5200062000271,US
PMJN,PGIM S&P 500 Max Buffer ETF - June,ETF,ETF,26.899999618530277,0.7679337930309146,0.001174043054114,65.70215698671561,US
PMMF,iShares Prime Money Market ETF,ETF,ETF,100.29000091552734,0.0608424097095747,-0.0005282931840622,97.8341207087043,US
PMMR,PGIM S&P 500 Max Buffer ETF - March,ETF,ETF,27.295000076293945,0.4785538611644031,0.001019743867702,74.9186781967831,US
PMMY,PGIM S&P 500 Max Buffer ETF - May,ETF,ETF,26.989999771118164,0.5776064540102585,0.0011485367690347,68.61082902078843,US
PMNV,PGIM S&P 500 Max Buffer ETF - November,ETF,ETF,26.21500015258789,0.6334008459109739,0.0012274059359617,70.8395067616701,US
PMOC,PGIM S&P 500 Max Buffer ETF - October,ETF,ETF,26.270000457763672,0.4781028793705056,0.0007649799116728,72.89953304989274,US
PMSE,PGIM S&P 500 Max Buffer ETF - September,ETF,ETF,26.520000457763672,0.3025715661503335,0.0006047202839854,74.75585982433327,US
PNC,"The PNC Financial Services Group, Inc.",Financial Services,Banks - Regional,252.55999755859372,1.0765608092098673,-0.0338350789017294,58.21868461799794,US
PNOV,Innovator U.S. Equity Power Buffer ETF - November,ETF,ETF,45.27999877929688,1.4109680445426762,0.0055597638563075,66.58256356500988,US
PNQI,Invesco NASDAQ Internet ETF,ETF,ETF,51.78089904785156,5.632188013679682,0.0457250264711734,70.49469805498462,US
PNTG,"The Pennant Group, Inc.",Healthcare,Medical Care Facilities,39.0,-3.273808791704093,0.0103934242832468,47.98787248819505,US
POCT,Innovator U.S. Equity Power Buffer ETF October,ETF,ETF,47.21889877319336,1.0029920282210896,0.0051053778544889,68.16198393547411,US
POET,POET Technologies Inc.,Technology,Semiconductors,8.90999984741211,27.46781314968213,0.0454311899710184,53.91606327964925,US
PONX,Tradr 2X Long PONY Daily ETF,ETF,ETF,21.0,6.598980643219898,-0.0023933430301866,58.1502090180226,US
POOL,Pool Corporation,Industrials,Industrial Distribution,206.30999755859372,11.092558343647044,0.3990926057743287,56.54160395603446,US
POR,Portland General Electric Company,Utilities,Utilities - Regulated Electric,49.04999923706055,-0.5676111567015405,0.0359234051974154,37.494125847234265,US
POST,"Post Holdings, Inc.",Consumer Defensive,Packaged Foods,78.69000244140625,-13.91532732863868,-0.7938412964400621,31.383315380659468,US
POW,VistaShares Electrification Supercycle ETF,EQUITY,EQUITY,27.46999931335449,6.1847639049729,0.0465042859332576,50.63167769939764,US
POWA,Invesco Bloomberg Pricing Power,ETF,ETF,93.43180084228516,2.864470944380094,0.0132492385932028,70.95168539574189,US
POWI,"Power Integrations, Inc.",Technology,Semiconductors,64.58999633789062,6.391034939762216,0.3798840594486519,46.74950079861103,US
PPA,Invesco Aerospace & Defense ETF,ETF,ETF,183.77999877929688,5.354274367788945,0.0328819384366056,63.9784516102154,US
PPC,Pilgrim's Pride Corporation,Consumer Defensive,Packaged Foods,27.450000762939453,0.3289479187871048,0.0209777129094075,44.55786870174966,US
PPG,"PPG Industries, Inc.",Basic Materials,Specialty Chemicals,119.72000122070312,8.32428959199927,0.2077887824104244,55.60383296522947,US
PPH,VanEck Pharmaceutical ETF,ETF,ETF,111.16179656982422,0.6900317331669057,0.0786639234772212,55.76228706663661,US
PPI,Astoria Real Asset ETF,ETF,ETF,21.392099380493164,1.120769019862662,0.0039497364467114,55.37014321685432,US
PPL,PPL Corporation,Utilities,Utilities - Regulated Electric,35.459999084472656,0.7100255793822162,0.047225251940803,47.736173763579885,US
PPTY,Vident U.S. Diversified Real Estate ETF,ETF,ETF,34.08290100097656,-1.3633728131785343,-0.0066485298229524,43.485264631221895,US
PQAP,PGIM Nasdaq-100 Buffer 12 ETF - April,ETF,ETF,32.334999084472656,1.6504232233400955,0.0081508325412577,63.13718387669692,US
PQDI,Principal Spectrum Preferred and Income ETF,ETF,ETF,19.290000915527344,0.3903240298926147,0.0014744359938258,58.338099018807554,US
PQJA,PGIM Nasdaq-100 Buffer 12 ETF - January,ETF,ETF,32.02000045776367,1.9907628313011971,0.0107713294807486,62.52346492757242,US
PQJL,PGIM Nasdaq-100 Buffer 12 ETF - July,ETF,ETF,31.030000686645508,3.0178293814259667,0.0186114450415829,59.11442562256972,US
PQOC,PGIM Nasdaq-100 Buffer 12 ETF - October,ETF,ETF,31.674999237060547,1.996454438229175,0.0101957056416935,63.47055498723113,US
PQUS,Pictet AI Enhanced US Equity ETF,EQUITY,EQUITY,28.82999992370605,3.444560658646404,0.011640081644954,68.3185005954793,US
PRAB,State Street IG Public & Private ABS ETF,EQUITY,EQUITY,24.8799991607666,-0.2805675351995637,0.001004390553695,40.14418020039431,US
PRAE,PlanRock Alternative Growth ETF,ETF,ETF,40.61299896240234,1.960730607601047,0.0135168639612383,59.481688514715806,US
PRAY,FIS Christian Stock Fund ETF,ETF,ETF,35.83890151977539,1.7861472640028428,-0.0016063275514875,57.74839449987278,US
PRCH,"Porch Group, Inc.",Financial Services,Insurance - Property & Casualty,15.850000381469728,9.68858540265813,-0.0106410056372431,63.07744533532308,US
PRCS,Parnassus Core Select ETF,ETF,ETF,29.832199096679688,3.8002760412653616,0.0085646262981617,69.74945108982661,US
PRCT,PROCEPT BioRobotics Corporation,Healthcare,Medical Devices,20.40999984741211,9.61331325188279,0.0717044430642883,55.08289101048727,US
PRDO,Perdoceo Education Corporation,Consumer Defensive,Education & Training Services,33.849998474121094,6.413074638252827,0.0705529379610222,54.62696034986654,US
PRF,Invesco RAFI US 1000 ETF,ETF,ETF,55.91999816894531,2.1183343370482977,0.0063004236320608,66.02196527217212,US
PRFD,PIMCO Preferred And Capital Securities Active Exchange-Traded Fund,ETF,ETF,50.63999938964844,0.6759446476042525,0.0061510744210224,53.999145751377206,US
PRFZ,Invesco RAFI US 1500 Small-Mid ETF,ETF,ETF,56.07730102539063,4.349272932494838,0.0528379473835327,63.73176398323638,US
PRG,"PROG Holdings, Inc.",Industrials,Rental & Leasing Services,42.84999847412109,-2.6578872591452427,-0.1006221864337779,46.37114997690343,US
PRGO,Perrigo Company plc,Healthcare,Drug Manufacturers - Specialty & Generic,12.84000015258789,27.002973181186903,0.0362798689434712,68.05819752544295,US
PRGS,Progress Software Corporation,Technology,Software - Infrastructure,42.84000015258789,5.543237229715918,0.0298761247134864,64.87576081693547,US
PRIM,Primoris Services Corporation,Industrials,Engineering & Construction,82.62999725341797,-2.1087623877102493,-0.0699078403491766,44.04241204623133,US
PRIV,State Street IG Public & Private Credit ETF,ETF,ETF,24.795000076293945,0.4903959267430935,0.0026188353297182,49.23549399958773,US
PRKS,United Parks & Resorts Inc.,Consumer Cyclical,Leisure,45.02999877929688,0.8962529724593907,0.0032008725339468,48.36040384201443,US
PRLB,"Proto Labs, Inc.",Industrials,Metal Fabrication,88.91000366210938,18.46768827016981,0.0670094634961837,66.26995525415866,US
PRM,"Perimeter Solutions, Inc.",Basic Materials,Specialty Chemicals,35.2599983215332,15.191106234768007,0.0236866475832828,52.83320751851653,US
PRME,"Prime Medicine, Inc.",Healthcare,Biotechnology,3.0799999237060547,5.479446686014497,0.0132193131822002,47.21082557598052,US
PRMR,PeakShares RMR Prime Equity ETF,ETF,ETF,28.795700073242188,4.038227462664639,0.0202051601718535,63.66798984839714,US
PRN,Invesco Dorsey Wright Industrials Momentum ETF,ETF,ETF,221.8999938964844,2.9602772353130797,0.1400173362783663,47.29073069085305,US
PRNT,The 3D Printing ETF,ETF,ETF,25.989999771118164,9.109992040702917,0.029591705787325,68.92605628357072,US
PROK,ProKidney Corp.,Healthcare,Biotechnology,1.6399999856948853,6.493508202528228,0.0010540520508388,49.84902592620675,US
PRSU,"Pursuit Attractions and Hospitality, Inc.",Consumer Cyclical,Travel Services,45.66999816894531,-9.618050124202258,-0.2033986583179491,29.37929727003105,US
PRTA,Prothena Corporation plc,Healthcare,Biotechnology,8.760000228881836,7.881777738210993,0.0231448651875273,50.43148213331264,US
PRTH,"Priority Technology Holdings, Inc.",Technology,Software - Infrastructure,5.389999866485596,-17.076925130990837,-0.0440678499014053,30.90886535077657,US
PRU,"Prudential Financial, Inc.",Financial Services,Insurance - Life,121.27999877929688,-0.6553104847302745,-0.0898773599284363,59.86829903988904,US
PRVS,Parnassus Value Select ETF,ETF,ETF,33.529998779296875,1.744794162627984,0.0034007054733165,65.26212659371137,US
PRXG,Praxis Impact Large Cap Growth ETF,ETF,ETF,40.46950149536133,4.37008356621596,0.0213014823265574,63.62675235715754,US
PRXV,Praxis Impact Large Cap Value ETF,ETF,ETF,35.99209976196289,1.845216770117212,0.0039377110138263,64.61755672508053,US
PSA,Public Storage,Real Estate,REIT - Industrial,328.3999938964844,1.304864822018144,0.0289132618011143,56.9467139526164,US
PSAI,Pacer S&P 500 3AI TOP 100 ETF,ETF,ETF,28.29949951171875,2.982168788696169,0.014604549332021,59.344238158806384,US
PSCD,Invesco S&P SmallCap Consumer Discretionary ETF,ETF,ETF,122.2209014892578,3.823394683896015,0.0221116961368277,60.15943030607704,US
PSCF,Invesco S&P SmallCap Financials ETF,ETF,ETF,66.50800323486328,-0.7343235300548041,-0.0772072666753126,50.36281606357111,US
PSCH,Invesco S&P SmallCap Health Care ETF,ETF,ETF,54.9900016784668,2.996820204363173,0.0644364106359749,66.42957339399453,US
PSCI,Invesco S&P SmallCap Industrials ETF,ETF,ETF,185.33920288085935,4.806156253661756,0.0870262296376204,61.12010337090055,US
PSCM,Invesco S&P SmallCap Materials ETF,ETF,ETF,102.79100036621094,6.84024669406778,0.1259392815231206,60.99156960931621,US
PSCT,Invesco S&P SmallCap Information Technology ETF,ETF,ETF,83.20999908447266,4.508912602423564,0.0685517267226899,53.51918081069254,US
PSCU,PSCU,N/A,N/A,65.12989807128906,1.5116807260291238,0.0291534610328548,53.21173872487413,US
PSCW,Pacer Swan SOS Conservative (April) ETF,ETF,ETF,30.440000534057617,0.7846949839817571,0.001359753880857,69.27812265028672,US
PSDM,PGIM Short Duration Multi-Secto,ETF,ETF,50.8849983215332,0.3154260270579173,0.0014432943494869,62.21557460568076,US
PSEP,Innovator U.S. Equity Power Buffer ETF - September,ETF,ETF,46.650001525878906,0.4738342004245052,0.0006264161224823,68.87611706553899,US
PSET,Principal Quality ETF,ETF,ETF,81.40809631347656,3.895162331535719,0.0152598927079693,75.6446232196349,US
PSFD,Pacer Swan SOS Flex (January) ETF,ETF,ETF,40.63100051879883,1.3014519036583774,0.0037357202783556,67.3777546137043,US
PSFF,Pacer Swan SOS Fund of Funds ETF,ETF,ETF,34.88999938964844,1.065987015089392,0.0020421823550443,66.19978302860311,US
PSFM,Pacer Swan SOS Flex (April) ETF,ETF,ETF,35.369998931884766,1.1409403586912723,0.0027547257460509,66.119687524003,US
PSH,PGIM Short Duration High Yield ,ETF,ETF,49.790000915527344,0.2819725787429555,0.0049352394164338,59.61360572483105,US
PSI,Invesco Semiconductors ETF,ETF,ETF,148.4199981689453,8.780413011707351,0.5336649363718831,50.81930157269042,US
PSK,State Street SPDR ICE Preferred Securities ETF,ETF,ETF,29.96999931335449,-0.4319035401275072,-0.0007924602163282,40.97648002921919,US
PSL,Invesco Dorsey Wright Consumer Staples Momentum ETF,ETF,ETF,115.5789031982422,0.9158337816510296,0.02002036817795,57.29874049910245,US
PSMD,Pacer Swan SOS Moderate (January) ETF,ETF,ETF,34.91790008544922,1.1292290572810029,0.0026333581261869,67.83501334115113,US
PSMJ,Pacer Swan SOS Moderate (July) ETF,ETF,ETF,34.367000579833984,1.7226601599835605,0.0039290644231702,64.89905461300219,US
PSMR,Pacer Swan SOS Moderate (April) ETF,ETF,ETF,32.65610122680664,0.7531238043026802,0.0016549381520632,68.79201637316736,US
PSMT,"PriceSmart, Inc.",Consumer Defensive,Discount Stores,177.0500030517578,-8.694755449404418,-0.5679640004505813,37.08948201442855,US
PSN,Parsons Corporation,Technology,Information Technology Services,47.54999923706055,7.554852345068151,0.1438649890693568,42.154674953551,US
PSNL,"Personalis, Inc.",Healthcare,Diagnostics & Research,14.15999984741211,11.848341375032655,0.0820264775987651,60.07377922230945,US
PSP,Invesco Global Listed Private Equity ETF,ETF,ETF,63.19020080566406,5.917199073551596,-0.0101461467748773,70.2542537881318,US
PSQ,ProShares Short QQQ,ETF,ETF,25.530000686645508,-4.8453195704704894,-0.0244424711489939,42.93680719155531,US
PSQO,Palmer Square Credit Opportunities ETF,ETF,ETF,20.75,0.1447909635121064,7.264265096976891e-05,59.536182461802944,US
PSR,Invesco Active U.S. Real Estate,ETF,ETF,105.18499755859376,-0.8530481765825546,-0.0110716692842309,48.853538927091904,US
PSTR,PeakShares Sector Rotation ETF,ETF,ETF,31.97010040283203,3.132681171351636,0.0071521980896103,67.81073708805486,US
PSX,Phillips 66,Energy,Oil & Gas Refining & Marketing,203.91000366210935,-3.670629857575981,-0.16384416857528,56.004946958075934,US
PTBD,Pacer Trendpilot US Bond ETF,ETF,ETF,19.145000457763672,0.7366551074944805,0.0031738299075557,66.7009532746445,US
PTCT,"PTC Therapeutics, Inc.",Healthcare,Biotechnology,73.30999755859375,7.792964646210257,0.3866443680713987,44.685941094506745,US
PTF,Invesco Dorsey Wright Technology Momentum ETF,ETF,ETF,108.16590118408205,10.215917930290004,0.30021317315017,50.6457482632125,US
PTGX,"Protagonist Therapeutics, Inc.",Healthcare,Biotechnology,145.8699951171875,6.754973484168728,0.3780427247896654,64.84134123038129,US
PTIN,Pacer Trendpilot International ETF,ETF,ETF,37.589298248291016,2.73387500942232,0.0204705285346801,63.17140861496394,US
PTIR,GraniteShares 2x Long PLTR Daily ETF,ETF,ETF,18.489999771118164,82.8882334225033,0.2065562745338897,71.47775433754825,US
PTL,Inspire 500 ETF,ETF,ETF,288.625,3.67277526138076,0.1287475562856739,60.88436776464327,US
PTLC,Pacer Trendpilot US Large Cap ETF,ETF,ETF,60.27999877929688,3.502742173828492,0.0220224906967347,66.45900471321272,US
PTRB,PGIM Total Return Bond ETF,ETF,ETF,40.97999954223633,0.5890963521888674,0.0053913059461481,45.83015410768567,US
PTRN,Pattern Group Inc.,Technology,Software - Application,22.049999237060547,-4.213732412746259,-0.0001327372826398,39.93943226904969,US
PUBM,"PubMatic, Inc.",Technology,Software - Application,17.780000686645508,41.11111228848677,0.2820555029943298,81.54038247910749,US
PUI,PUI,ETF,ETF,45.33679962158203,-0.4899072541289115,0.0263386890987754,38.85135281724273,US
PULS,PGIM Ultra Short Bond ETF,ETF,ETF,49.59000015258789,0.1009270006793148,0.0018207520117445,50.53697736666395,US
PUMP,ProPetro Holding Corp.,Energy,Oil & Gas Equipment & Services,10.979999542236328,-1.0810886045889432,0.0204846888952734,37.508553045015645,US
PURR,Hyperliquid Strategies Inc.,Financial Services,Capital Markets,6.809999942779541,9.661834153733835,0.0162352852935599,47.25627692813512,US
PVAL,Putnam Focused Large Cap Value ETF,ETF,ETF,54.2599983215332,1.5914594206131214,-0.0105525077190614,71.5174664186224,US
PVEX,TrueShares ConVequity ETF,ETF,ETF,31.729999542236328,4.633136830828842,0.0208444439917743,64.56158390226759,US
PVI,Invesco Floating Rate Municipal Income ETF,ETF,ETF,24.854999542236328,0.1006831196419192,-0.0003532815757051,56.844094304133655,US
PVLA,"Palvella Therapeutics, Inc.",Healthcare,Biotechnology,157.77000427246094,13.470952165384034,0.3496101647653553,59.72308664994359,US
PWP,Perella Weinberg Partners,Financial Services,Capital Markets,17.5,-0.8498562140068987,0.0053185745571038,58.70275295241662,US
PWR,"Quanta Services, Inc.",Industrials,Engineering & Construction,671.8599853515625,0.6742987441222474,-0.6339414122083298,52.71109008686285,US
PWRL,Powerlaw Corp.,Financial Services,Asset Management,11.65999984741211,-2.345056472457621,0.0392504637155195,38.94702612990334,US
PWS,Pacer WealthShield ETF,ETF,ETF,32.76499938964844,1.4270632830674397,0.0155395866724494,57.159887691466906,US
PXE,Invesco Dynamic Energy Exploration & Production ETF,ETF,ETF,36.45040130615234,-5.666661796280157,-0.0431212660639275,48.46448439234664,US
PXED,"Phoenix Education Partners, Inc.",Consumer Defensive,Education & Training Services,28.82999992370605,0.8394535496231534,0.0105359835321217,43.361448836392704,US
PXF,Invesco RAFI Developed Markets ,ETF,ETF,78.88500213623047,2.3019083281405432,0.027217821462945,65.63367539953285,US
PXI,Invesco DWA Energy Momentum ETF,ETF,ETF,57.341400146484375,-3.6926448358007984,-0.045625915327254,47.340880204583385,US
PY,Principal Value ETF,ETF,ETF,57.46879959106445,1.9311786135544624,0.0021610944786053,67.83538709371535,US
PYLD,PIMCO ETF Trust - PIMCO Multisector Bond Active Exchange-Traded Fund,ETF,ETF,26.209999084472656,0.768938007865522,0.0038361362477679,57.06807011326685,US
PYPG,Leverage Shares 2X Long PYPL Daily ETF,ETF,ETF,9.177300453186035,6.034670552618747,-0.0140838069752932,68.67276902698117,US
PYPL,"PayPal Holdings, Inc.",Financial Services,Credit Services,59.06999969482422,3.2511809825502764,-0.0544488576588366,71.0543562701302,US
PYZ,Invesco DWA Basic Materials Momentum ETF,ETF,ETF,127.56079864501952,7.846465980304965,0.1960251848621497,63.14549604623546,US
PZA,Invesco National AMT-Free Municipal Bond ETF,ETF,ETF,23.06999969482422,0.8745030531337936,0.0114708580597159,49.87001841695669,US
PZLV,Pzena U.S. Large Cap Value ETF,EQUITY,EQUITY,31.25629997253418,2.412514756641192,-0.0065744410421656,68.24079892903238,US
PZZA,"Papa John's International, Inc.",Consumer Cyclical,Restaurants,24.46999931335449,-18.16053636940712,-0.178722670570657,22.802048221144744,US
Q,"Qnity Electronics, Inc.",Technology,Semiconductor Equipment & Materials,138.0,5.198969130204773,0.2677674017077027,49.407272309252846,US
QABA,First Trust NASDAQ ABA Community Bank Index Fund,ETF,ETF,69.00589752197266,-0.0204275887851211,-0.0613428951959676,55.57523304749405,US
QAI,NYLI Hedge Multi-Strategy Tracker ETF,ETF,ETF,36.5,1.1640746885545132,0.0072777464128966,57.71703869852446,US
QALT,SEI DBi Multi-Strategy Alternative ETF,ETF,ETF,26.479999542236328,0.306827432382472,0.0043831990601589,56.24525810719138,US
QARP,Xtrackers Russell 1000 US QARP ETF,ETF,ETF,68.05960083007812,2.429981402166636,0.0126688197503971,71.21495586329375,US
QAT,iShares MSCI Qatar ETF,ETF,ETF,17.780000686645508,2.3015048630259134,0.0030493493161559,50.90483412721316,US
QB,QB,N/A,N/A,48.93149948120117,1.963994038805001,0.0091711759144036,74.4607304680352,US
QBER,TrueShares Quarterly Bear Hedge,ETF,ETF,23.82740020751953,-0.0738062752851684,0.0001056752580899,47.29524768894345,US
QBIF,AllianzIM International Equity Buffer15 ETF,ETF,ETF,26.459999084472656,0.5701239892628811,0.0019275132171531,73.86006359244195,US
QBIG,Invesco Top QQQ ETF,ETF,ETF,42.1963996887207,4.846199335427881,0.0189549849374018,65.15939826559128,US
QBIV,AllianzIM International Equity Buffer5 ETF,ETF,ETF,27.25,0.6649438758959325,0.0003797000248288,64.86846051929685,US
QBKF,Allianzim U.S. Small Cap Buffer15 ETF,ETF,ETF,26.209999084472656,0.6142028871328427,0.0002996163606345,59.97550437220014,US
QBKV,Allianzim U.S. Small Cap Buffer5 ETF,ETF,ETF,27.808000564575195,2.3481799281918696,0.0100577030922623,61.08873883694094,US
QBQF,AllianzIM Growth-100 Buffer15 ETF,ETF,ETF,26.026100158691406,1.4267354382553483,0.0048517391332943,60.21450857228532,US
QBQV,AllianzIM Growth-100 Buffer5 ETF,ETF,ETF,26.729999542236328,3.3243087557178987,0.011815029778029,55.85262273272481,US
QBSV,AllianzIM U.S. Equity Buffer5 ETF,ETF,ETF,27.24099922180176,1.72142839184518,0.0045198413983182,68.07478754032493,US
QBUF,Innovator Nasdaq-100 10 Buffer ETF - Quarterly,ETF,ETF,30.863100051879883,2.327843142214816,0.0118079045159865,60.25673371478793,US
QBUL,TrueShares Quarterly Bull Hedge,ETF,ETF,24.26609992980957,0.8985476075026928,0.0015164904378394,60.66370303742296,US
QBY,GraniteShares YieldBOOST QBTS ETF,ETF,ETF,6.695000171661377,0.0597845901851505,-0.0013750278662203,35.84570558230492,US
QCJA,FT Vest Nasdaq-100 Conservative Buffer ETF - January,ETF,ETF,23.56609916687012,1.3595663091187835,0.0046026185081885,64.38317448841573,US
QCJL,FT Vest NASDAQ-100 Conservative Buffer ETF - July,ETF,ETF,25.6299991607666,1.989653866684599,0.0085005143618979,66.97778337529044,US
QCLN,First Trust NASDAQ Clean Edge Green Energy Index Fund,ETF,ETF,52.81999969482422,7.22696202718874,0.1340555491455219,49.617870197336416,US
QCLR,Global X NASDAQ 100 Collar 95-110 ETF,ETF,ETF,28.239999771118164,2.385610257499665,0.0150971769773386,54.38372501347048,US
QCML,GraniteShares 2x Long QCOM Daily ETF,ETF,ETF,15.710000038146973,28.1402915567465,0.1587953676503866,45.40858122803535,US
QCOC,FT Vest Nasdaq-100 Conservative Buffer ETF – October,ETF,ETF,24.174999237060547,1.354183984300438,0.0051466086942984,64.53021730003846,US
QCOM,QUALCOMM Incorporated,Technology,Semiconductors,167.86000061035156,13.71858269512121,0.8943453937262316,47.58087401836688,US
QCRH,"QCR Holdings, Inc.",Financial Services,Banks - Regional,103.87000274658205,0.8936433468787512,-0.1415191027996774,64.03654139533195,US
QDEC,FT Vest Nasdaq-100 Buffer ETF – December,ETF,ETF,35.97999954223633,2.3321948190638957,0.016247615276206,61.985465555351816,US
QDEF,FlexShares Quality Dividend Defensive Index Fund,ETF,ETF,91.4448013305664,2.8972639860567604,0.0369486913055018,73.13474497133853,US
QDIV,Global X S&P 500 Quality Dividend ETF,ETF,ETF,40.20240020751953,1.6768136199693275,-0.0100991176461413,67.68260790769628,US
QDTE,Roundhill Innovation-100 0DTE Covered Call Strategy ETF,ETF,ETF,29.690000534057617,3.858787484324714,0.028758364735378,57.603406140406726,US
QDVO,Amplify CWP Growth & Income ETF,ETF,ETF,30.07999992370605,3.8674063350848096,0.0169497654963843,61.58902719842602,US
QEFA,State Street SPDR MSCI EAFE StrategicFactors ETF,ETF,ETF,101.5999984741211,2.2544261775459,0.0401122873813368,71.70202637068125,US
QEMM,State Street SPDR MSCI Emerging Markets StrategicFactors ETF,ETF,ETF,80.29840087890625,3.198050891132135,0.049872721890019,59.26581839619487,US
QEW,Invesco QQQ Equal Weight ETF,ETF,ETF,30.247100830078125,4.085001328121138,0.0253758981477443,60.93302136093885,US
QFIN,"Qfin Holdings, Inc.",Financial Services,Credit Services,13.239999771118164,-4.610953444134989,-0.0062682713826708,43.29993314604731,US
QFLR,Innovator Nasdaq-100 Managed Floor ETF,ETF,ETF,35.55080032348633,1.748144592972113,0.0058035108082214,52.25638242890648,US
QGEN,Qiagen N.V.,Healthcare,Diagnostics & Research,42.29999923706055,2.17390743480784,0.0130855777422731,61.54890334400758,US
QGRW,QGRW,N/A,N/A,68.33999633789062,5.02535217212627,0.0351703901690299,64.02309381571689,US
QHY,WisdomTree U.S. High Yield Corporate Bond Fund,ETF,ETF,45.84999847412109,0.6586152405826178,0.0057737778200524,61.52783514345604,US
QID,ProShares UltraShort QQQ,ETF,ETF,13.9399995803833,-9.65651779211359,-0.0277828108344977,42.23442875700284,US
QIG,WisdomTree U.S. Corporate Bond Fund,ETF,ETF,43.665000915527344,0.3793124494881465,-0.0001164601639601,46.48620652718007,US
QINT,American Century Quality Diversified International ETF,ETF,ETF,73.0999984741211,3.336161551625193,0.0450148615294277,68.01712680544377,US
QJUN,FT Vest Nasdaq-100 Buffer ETF - June,ETF,ETF,33.56999969482422,3.483357324142625,0.0236844934846208,58.91101432228473,US
QKIE,QKIE,N/A,N/A,2.240000009536743,-5.882357066065183,0.0007928994612516,31.99696958795178,US
QLC,FlexShares US Quality Large Cap Index Fund,ETF,ETF,93.3949966430664,3.2673530759517844,0.0294895349866556,65.76715784723413,US
QLD,ProShares Ultra QQQ,ETF,ETF,92.20999908447266,10.2067659883098,0.1789004589431475,56.30545912540724,US
QLTY,GMO U.S. Quality ETF,ETF,ETF,43.150001525878906,3.2790875696743798,0.0197874271394953,71.01344461267797,US
QLV,FlexShares US Quality Low Volatility Index Fund,ETF,ETF,79.73729705810547,2.2797562782255065,0.0138069549439812,75.15166147554721,US
QLYS,"Qualys, Inc.",Technology,Software - Infrastructure,183.47999572753903,26.75647373232405,0.5820385802464552,74.40768419788475,US
QMAG,QMAG,N/A,N/A,25.645000457763672,0.7305896800742712,0.0013925603982362,65.53046263558943,US
QMAR,FT Vest Nasdaq-100 Buffer ETF – March,ETF,ETF,37.66999816894531,1.9982643189042364,0.0163193199976512,64.0148656803962,US
QMCO,Quantum Corporation,Technology,Computer Hardware,12.039999961853027,13.157890727032337,0.0327525329477774,57.29937825982425,US
QMNV,FT Vest Nasdaq-100 Moderate Buffer ETF – November,ETF,ETF,25.375,1.58939606431624,0.0067672330777711,63.62523271413172,US
QMOM,Alpha Architect U.S. Quantitative Momentum ETF,ETF,ETF,77.0999984741211,4.556551000393264,0.1066780980435249,55.681185532879,US
QMY,Corgi Growth & Technology 10% Structured Buffer ETF May Series,ETF,ETF,25.770000457763672,2.710244324592573,0.0136600567362725,56.09564646098794,US
QNT,Quantinuum Inc.,Technology,Software - Application,58.709999084472656,14.199570625806986,0.2050365265601716,49.71776121960687,US
QNXT,iShares Nasdaq-100 ex Top 30 ETF,ETF,ETF,31.76849937438965,3.5377857114395352,0.0185558357772381,62.56928657688472,US
QPX,AdvisorShares Q Dynamic Growth ETF,ETF,ETF,49.56719970703125,4.671523991509791,0.038442742613102,62.929665509186776,US
QQA,Invesco QQQ Income Advantage ETF,ETF,ETF,56.630001068115234,3.9273248737926103,0.045011407823234,57.68485366796905,US
QQH,HCM Defender 100 Index ETF,ETF,ETF,85.25,6.509244159018923,0.1027443562603899,58.27416728742549,US
QQMG,Invesco ESG NASDAQ 100 ETF,ETF,ETF,50.424198150634766,4.930179649179628,0.044536421454953,57.661804876046176,US
QQMY,Corgi Technology Leaders 15% Structured Buffer ETF - May Series,ETF,ETF,25.82999992370605,1.9739439459376225,0.0084204502516303,58.48328209420802,US
QQQA,ProShares Nasdaq-100 Dorsey Wright Momentum ETF,ETF,ETF,72.0071029663086,1.018651189459253,-0.0150590831324899,46.833354491188565,US
QQQG,Pacer Nasdaq 100 Top 50 Cash Cows Growth Leaders ETF,ETF,ETF,30.58989906311035,2.0003310989349186,0.0151155004423365,50.77720189343266,US
QQQI,NEOS NASDAQ-100(R) High Income ETF,ETF,ETF,55.2400016784668,4.147814338169455,0.0485602046232188,56.689428245808365,US
QQQP,Tradr 2X Long Innovation 100 Quarterly ETF,ETF,ETF,223.34860229492188,10.635431140255038,0.4412491103572655,56.79839287489629,US
QQQS,Invesco NASDAQ Future Gen 200 ETF,ETF,ETF,44.35979843139648,6.442229738419315,0.0596773151021932,59.07469315122841,US
QQQU,Direxion Daily Magnificent 7 Bull 2X Shares,ETF,ETF,58.150001525878906,9.058518114589443,0.0603236323290639,60.89305376226461,US
QQQX,Nuveen Nasdaq 100 Dynamic Overwrite Fund,Financial Services,Asset Management,30.51000022888184,3.388681776495841,0.0143463392168773,57.62193794691834,US
QQQY,Defiance Nasdaq 100 Target 30 Weekly Distribution ETF,ETF,ETF,22.90999984741211,4.792345368876805,0.0190768399845941,57.982881358266624,US
QQUP,ProShares Ultra QQQ Mega,ETF,ETF,65.85919952392578,9.736071708377525,0.0583391043249161,65.72423070762612,US
QQXL,ProShares Ultra QQQ TOP 30,ETF,ETF,55.85969924926758,10.462336569012912,0.1052160774306651,55.21204710292813,US
QQXT,First Trust NASDAQ-100 Ex-Technology Sector Index Fund,ETF,ETF,102.54989624023438,2.447450353105305,0.0483634135731982,64.68587394554832,US
QRVO,"Qorvo, Inc.",Technology,Semiconductors,99.08000183105467,9.396049646577165,0.1954134026528733,66.73035719811782,US
QS,QuantumScape Corporation,Consumer Cyclical,Auto Parts,6.079999923706055,16.475099005374283,0.045069300535286,51.976228645623685,US
QSIG,QSIG,N/A,N/A,48.2661018371582,0.3536700835765768,0.0027484006706977,60.99229428767244,US
QSIX,Pacer Metarus Nasdaq 100 Dividend Multiplier 600 ETF,ETF,ETF,42.724098205566406,4.597996139914195,0.0382296662487229,57.248242412252615,US
QSOL,Invesco Galaxy Solana ETF,ETF,ETF,7.437600135803223,1.1505503860188988,0.0066501272521915,47.69133261497176,US
QSPT,FT Vest Nasdaq-100 Buffer ETF – September,ETF,ETF,35.27000045776367,2.291185980323552,0.0109730401074152,62.790412365034086,US
QSR,Restaurant Brands International,Consumer Cyclical,Restaurants,73.88999938964844,-0.1756245059626679,0.0227952853467326,49.67955101339373,US
QTAC,Q3 All-Season Tactical Advantage ETF,ETF,ETF,24.61440086364746,7.406733256163823,0.0343222380654851,56.48593409189454,US
QTAP,Innovator Growth-100 Accelerated Plus ETF – April,ETF,ETF,51.95249938964844,2.1279742097363648,0.0157603597997655,64.05204201407876,US
QTEC,First Trust NASDAQ-100-Technology Sector Index Fund,ETF,ETF,316.5899963378906,6.053198442061836,0.3446078561229444,55.42842013914356,US
QTJA,Innovator Growth Accelerated Plus ETF - January,ETF,ETF,33.49610137939453,2.3907215892573728,0.0154430155010556,63.37922788376815,US
QTJL,Innovator Growth Accelerated Plus ETF - July,ETF,ETF,41.98780059814453,4.097685759730528,0.0337172253909378,58.641653741171694,US
QTOC,Innovator Growth Accelerated Plus ETF - October,ETF,ETF,38.65449905395508,1.6902504441213904,0.0087751008887963,64.41651752643402,US
QTPI,North Square RCIM Tax-Advantaged Preferred and Income Securities ETF,ETF,ETF,25.46980094909668,0.4527762135002823,0.0035295380405441,51.27711526532914,US
QTR,Global X NASDAQ 100 Tail Risk ETF,ETF,ETF,34.347900390625,3.5542274953094024,0.0273533887773642,55.2433470095699,US
QTUM,Defiance Quantum ETF,ETF,ETF,153.4600067138672,8.64425254079093,0.2993596990690141,56.55954176762193,US
QTUP,Defiance Pure Quantum ETF,ETF,ETF,18.07999992370605,15.897432574310486,0.053889874133695,54.38214888887848,US
QUAD,"Quad/Graphics, Inc.",Industrials,Specialty Business Services,10.18000030517578,-2.0211745063312865,-0.0303479947254076,66.82119961395492,US
QUBT,Quantum Computing Inc.,Technology,Computer Hardware,9.18000030517578,13.333331763499142,0.0149663219706209,55.68899774769512,US
QUBX,Tradr 2X Long QUBT Daily ETF,ETF,ETF,8.880000114440918,25.957445024058973,0.0236242419044516,52.494859070715705,US
QUIZ,Zacks Quality International ETF,EQUITY,EQUITY,29.874500274658203,2.4502758264229008,0.0171276149602243,61.82089811036269,US
QULL,ETRACS 2x Leveraged MSCI US Quality Factor TR ETN,ETF,ETF,70.20899963378906,5.417338810835777,0.0351172002466358,66.18716225291874,US
QUSA,VistaShares Target 15 USA Quality Income ETF,ETF,ETF,18.44529914855957,2.914126000578494,0.0065491517945485,62.288267662804536,US
QVAL,Alpha Architect U.S. Quantitative Value ETF,ETF,ETF,60.329200744628906,3.177985756880528,0.0164380659606594,71.69235617666553,US
QVMS,Invesco S&P SmallCap 600 QVM Multi-factor ETF,ETF,ETF,35.04349899291992,2.4304254314921687,0.0027982964970499,59.18284662197247,US
QVOL,Infrastructure Capital NASDAQ Option Income ETF,ETF,ETF,101.52539825439452,5.4809332513189934,0.096539287360469,59.375287712355934,US
QVOY,Q3 All-Season Active Rotation ETF,ETF,ETF,29.799999237060547,2.1632507042294047,0.0108187241761512,52.19835313244312,US
QWLD,State Street SPDR MSCI World St,ETF,ETF,159.35400390625,2.5886395970570644,0.0407887184967699,74.38420730181545,US
QXQ,SGI Enhanced Nasdaq-100 ETF,ETF,ETF,32.117801666259766,5.056264350580306,0.031389910092085,57.44729154949788,US
QYLD,Global X NASDAQ 100 Covered Call ETF,ETF,ETF,18.13999938964844,2.283612998921948,0.0074391211291933,58.68058822448448,US
QYLG,Global X Nasdaq 100 Covered Call & Growth ETF,ETF,ETF,29.700000762939453,3.4446738364798177,0.0190201588894283,57.68798538913551,US
RAA,SMI 3Fourteen REAL Asset Allocation ETF,ETF,ETF,29.98940086364746,1.8800109531935,0.0116161165621812,62.356128734793245,US
RAAX,VanEck Real Assets ETF,ETF,ETF,40.540000915527344,2.736953512702092,0.0385444055391739,59.43209303161687,US
RACK,VanEck Data Center Supply Chain ETF,ETF,ETF,48.56999969482422,5.863118055981096,0.0273002203522508,52.576929567316384,US
RAFE,PIMCO RAFI ESG U.S. ETF PIMCO RAFI ESG U.S. ETF,ETF,ETF,49.77999877929688,2.4722621895949906,0.0151251699454589,68.09376181505803,US
RAL,Ralliant Corporation,Technology,Electronic Components,67.44999694824219,3.1818787123561987,0.1463138104973884,50.02894231189427,US
RAPP,"Rapport Therapeutics, Inc.",Healthcare,Biotechnology,45.4900016784668,11.00537380822126,0.0999155128477348,62.1763374441402,US
RAUS,RACWI US ETF,ETF,ETF,30.30590057373047,3.200644884683216,0.009320490035654,66.25270028178417,US
RAYJ,Rayliant SMDAM Japan Equity ETF,ETF,ETF,37.43999862670898,0.1203320454458513,0.0218399848634185,43.480463496010415,US
RBB,RBB Bancorp,Financial Services,Banks - Regional,26.799999237060547,1.6306347521513729,0.009223487133377,56.98209087548746,US
RBBN,RBBN,N/A,N/A,2.140000104904175,0.0,0.0005850825207905,46.120634352246135,US
RBC,RBC,N/A,N/A,567.25,2.891295734159461,0.3963749907536886,43.72744090461617,US
RBCAA,"Republic Bancorp, Inc.",Financial Services,Banks - Regional,99.19000244140624,-0.3516159040606329,-0.1717401792453534,67.11159964235705,US
RBLX,Roblox Corporation,Communication Services,Electronic Gaming & Multimedia,37.790000915527344,6.151692514813563,0.2935838403394408,33.65389041777985,US
RBUF,Innovator U.S. Small Cap 10 Buffer ETF - Quarterly,ETF,ETF,31.378400802612305,1.4333322913358402,0.006425606411752,61.75137397293523,US
RCAT,"Red Cat Holdings, Inc.",Industrials,Aerospace & Defense,9.210000038146973,22.31075407076757,0.040595421617031,54.938610742979655,US
RCBC,River City Bank Common stock,Financial Services,Banks - Regional,47.0,-1.981232007974666,-0.1141384942771575,57.05359990168469,US
RCGE,RockCreek Global Equality ETF,ETF,ETF,31.59760093688965,2.204685478732409,0.0033755128054781,70.81374184000647,US
RCL,Royal Caribbean Cruises Ltd.,Consumer Cyclical,Travel Services,320.0,0.5340911945422334,-0.7169388957412233,60.054303516140784,US
RCLO,Reckoner BBB-B CLO ETF,EQUITY,EQUITY,24.834800720214844,0.2171041628166538,0.0017392463893533,86.62014805590425,US
RCLY,Reckoner BBB-B CLO Annual ETF,EQUITY,EQUITY,101.75,0.236427798954673,0.0030828013076388,85.86688250778715,US
RCTR,First Trust Bloomberg Nuclear Power ETF,ETF,ETF,34.32849884033203,5.476855304645395,0.0333081649469017,58.135245685228895,US
RDAG,RDAG,N/A,N/A,10.369999885559082,0.1932319164467073,0.0004171841119068,61.409763580150766,US
RDDT,"Reddit, Inc.",Communication Services,Internet Content & Information,161.6999969482422,14.949882031021106,0.9383132985177634,45.19225383440225,US
RDFI,Rareview Dynamic Fixed Income ETF,ETF,ETF,23.448299407958984,1.1820368716360203,0.0121259942777843,58.64430655436167,US
RDN,Radian Group Inc.,Financial Services,Insurance - Specialty,36.90999984741211,-5.334705672001601,-0.0802226265979831,42.6805738206912,US
RDNT,"RadNet, Inc.",Healthcare,Diagnostics & Research,72.38500213623047,13.491695706533624,0.2635328922473676,69.72373900495833,US
RDTE,Roundhill Russell 2000 0DTE Covered Call Strategy ETF,ETF,ETF,28.920000076293945,2.926511014373752,0.0189457071988709,63.39898030510657,US
RDTY,YieldMax Russell 2000 0DTE Covered Call Strategy ETF,ETF,ETF,37.942501068115234,1.8059128582076367,0.0138705065645751,60.14645878085584,US
RDVI,FT Vest Rising Dividend Achievers Target Income ETF,ETF,ETF,29.82999992370605,2.1575313161162466,-0.0022899509322152,67.03748290860753,US
RDVY,First Trust Rising Dividend Achievers ETF,ETF,ETF,83.31999969482422,2.7500350938992315,0.000467456448181,68.2211757413308,US
RDWR,Radware Ltd.,Technology,Software - Infrastructure,28.299999237060547,8.056505001819591,0.0696339475903,48.98882135526639,US
REAL,"The RealReal, Inc.",Consumer Cyclical,Luxury Goods,12.300000190734863,1.736972998317305,-0.0376135422662827,57.3518237060462,US
REAX,The Real Brokerage Inc.,Real Estate,Real Estate Services,2.140000104904175,33.750004563480545,0.0253036447476291,63.14188713812412,US
RECS,Columbia Research Enhanced Core ETF,ETF,ETF,45.290000915527344,3.496349754751394,0.0277218543246189,64.98053883104868,US
REET,iShares Global REIT ETF,ETF,ETF,28.229999542236328,-0.528539897695408,-0.0023178074224673,50.24115997245087,US
REFA,Columbia Research Enhanced International Equity ETF,EQUITY,EQUITY,23.53499984741211,0.952258931436408,0.0001969498760525,65.1457160792678,US
REGN,"Regeneron Pharmaceuticals, Inc.",Healthcare,Biotechnology,784.3599853515625,2.849347695425265,-0.245387269398666,80.25546104202364,US
REGS,Columbia ETF Trust I - Columbia Large Cap Growth ETF,ETF,ETF,11.671500205993652,4.5833366090964125,0.0061863057965341,62.721657452516965,US
REIT,ALPS Active REIT ETF,ETF,ETF,30.731599807739254,-1.3716761884124242,-0.0059927302901162,45.70339470624157,US
RELY,"Remitly Global, Inc.",Technology,Software - Infrastructure,24.420000076293945,7.246374990597282,-0.0261085735677961,55.5565894593564,US
REM,iShares Mortgage Real Estate Capped ETF,ETF,ETF,21.989999771118164,2.2790687028751817,0.0328049005770298,53.93393037841916,US
REMC,Columbia Research Enhanced Mid Cap ETF,EQUITY,EQUITY,23.197999954223636,0.9706183636617672,-0.0149215776584448,62.25882023024569,US
REMX,VanEck Rare Earth and Strategic Metals ETF,ETF,ETF,77.04000091552734,16.78035393358483,0.3984080493146553,54.23244230048148,US
RES,"RPC, Inc.",Energy,Oil & Gas Equipment & Services,5.869999885559082,4.634576574988421,0.00255747362444,51.47858196210707,US
RESM,Columbia Research Enhanced Small Cap ETF,EQUITY,EQUITY,24.420000076293945,1.5553545565731626,-0.0018677537601666,56.79894907933894,US
REW,ProShares UltraShort Technology,ETF,ETF,11.31999969482422,-13.323129164520717,-0.0294803667725983,39.728597917972415,US
REX,REX American Resources Corporation,Basic Materials,Chemicals,42.79999923706055,-0.5576247057657765,-0.014442093055401,40.73616288318239,US
REXC,Sprott Rare Earths Ex-China ETF,ETF,ETF,18.670000076293945,20.91969289956716,0.1037199374490386,60.21586876784953,US
REXR,"Rexford Industrial Realty, Inc.",Real Estate,REIT - Industrial,36.7400016784668,-2.7270287710180776,-0.0338191124256934,51.47991192819622,US
REYN,Reynolds Consumer Products Inc.,Consumer Cyclical,Packaging & Containers,26.520000457763672,6.335204049207759,0.0288376701241671,58.88649925024949,US
REZ,iShares Residential and Multisector Real Estate ETF,ETF,ETF,96.5999984741211,0.5098302576815881,0.049624108145919,52.14365194817139,US
REZI,"Resideo Technologies, Inc.",Industrials,Industrial Distribution,26.07999992370605,9.262277135313784,-0.0061508897929574,61.28246803277214,US
RF,Regions Financial Corporation,Financial Services,Banks - Regional,31.43000030517578,1.550887012613891,-0.0118733812435679,56.79649302260292,US
RFDA,ALPS Dynamic US Dividend Advantage ETF,ETF,ETF,72.96880340576172,1.4526441137543895,0.0027658323604331,63.21807289600131,US
RFDI,First Trust RiverFront Dynamic Developed International ETF,ETF,ETF,92.1981964111328,1.3233763452724736,0.0249083324824553,70.03165200710006,US
RFEM,First Trust RiverFront Dynamic Emerging Markets ETF,ETF,ETF,96.15640258789062,4.364682648744207,0.0322679332164997,61.3106725897413,US
RFFC,ALPS Active Equity Opportunity ETF,ETF,ETF,76.66799926757812,3.180134516785335,0.0274726704120454,65.09370483409481,US
RFIX,Simplify Bond Bull ETF,ETF,ETF,36.810001373291016,-1.5248787547799798,0.0010305911708989,43.432450009904834,US
RFLR,Innovator U.S. Small Cap Managed Floor ETF,ETF,ETF,33.13209915161133,2.544406509991354,0.0159660023661223,64.52493179469722,US
RGEF,Rockefeller Global Equity ETF,ETF,ETF,35.47100067138672,2.725172097758774,0.0071860145860958,61.0509222973347,US
RGEN,Repligen Corporation,Healthcare,Medical Instruments & Supplies,163.89999389648438,16.232891483829373,0.4850501564636613,69.37135938076392,US
RGNX,REGENXBIO Inc.,Healthcare,Biotechnology,10.720000267028809,10.629522510307114,0.03004297807627,51.6317157492137,US
RGR,"Sturm, Ruger & Company, Inc.",Industrials,Aerospace & Defense,37.11000061035156,-0.1614139401380885,-0.0753582444886906,42.9503510490654,US
RGTI,"Rigetti Computing, Inc.",Technology,Computer Hardware,17.940000534057617,20.000005103274,0.074034346780004,56.65809064430286,US
RGTX,Defiance Daily Target 2X Long RGTI ETF,ETF,ETF,13.760000228881836,40.12220627801297,0.1039508693704149,52.36684663068896,US
RGTZ,Defiance Daily Target 2X Short RGTI ETF,ETF,ETF,3.009999990463257,-36.22881092668356,-0.0289414110291656,37.79254359947319,US
RGYY,GraniteShares YieldBOOST RGTI ETF,ETF,ETF,6.724999904632568,0.7490593628312768,-0.0021697445958958,45.591555315816834,US
RHTX,RH Tactical Outlook ETF,ETF,ETF,20.23200035095215,2.841457864688678,0.0082655537259815,60.6423608928109,US
RIG,Transocean Ltd (Switzerland),Energy,Oil & Gas Drilling,5.260000228881836,-1.127818436908127,0.0047139628253305,50.31829555566285,US
RIGS,ALPS Strategic Income Fund,ETF,ETF,22.73900032043457,1.1971562763698171,0.0055025125061339,54.85896905646213,US
RINF,ProShares Inflation Expectations ETF,ETF,ETF,32.619998931884766,-0.4273485861457314,-0.0054092275835216,57.10572831722006,US
RIOX,Defiance Daily Target 2X Long RIOT ETF,ETF,ETF,27.46999931335449,1.2159172112285348,-0.1251753250838874,41.36709390023076,US
RISE,Pictet Emerging Markets Rising Economies ETF,EQUITY,EQUITY,18.99020004272461,2.9837282686126034,0.003142228585752,67.90936130405026,US
RISN,Inspire Capital Appreciation ETF,ETF,ETF,31.58309936523437,2.575831198845704,0.0099831685564367,59.35532821152814,US
RISR,FolioBeyond Alternative Income and Interest Rate Hedge ETF,ETF,ETF,36.66999816894531,0.2323331600375286,0.0024329221055232,70.43809290947416,US
RITM,Rithm Capital Corp.,Real Estate,REIT - Mortgage,10.1899995803833,3.1376463800772423,-0.0032828019801757,66.26630631146752,US
RJF,"Raymond James Financial, Inc.",Financial Services,Asset Management,176.55999755859375,0.3295839556404326,-0.2961303944640381,62.42653239570619,US
RKLB,Rocket Lab Corporation,Industrials,Aerospace & Defense,82.83000183105469,27.52887717155837,0.5862864537119483,56.235524937239575,US
RKLX,Defiance Daily Target 2X Long RKLB ETF,ETF,ETF,26.11000061035156,59.499079241185214,0.3304272390230096,50.99087918532391,US
RKLZ,Defiance Daily Target 2X Short RKLB ETF,ETF,ETF,2.759999990463257,-43.44262447257219,-0.0562101330592444,37.54440898263337,US
RKNG,Defiance Retail Kings ETF,ETF,ETF,23.56879997253418,9.084508888645043,0.0361034792579821,49.68882429227225,US
RKT,"Rocket Companies, Inc.",Financial Services,Mortgage Finance,13.720000267028809,6.356594362379988,0.0188199564077971,48.91442827142282,US
RL,Ralph Lauren Corporation,Consumer Cyclical,Apparel Manufacturing,395.5299987792969,3.993795705858815,0.613714931810361,57.44191526058077,US
RLAY,"Relay Therapeutics, Inc.",Healthcare,Biotechnology,19.770000457763672,4.992036844749013,0.0225045454816052,59.2903501991636,US
RLGT,"Radiant Logistics, Inc.",Industrials,Integrated Freight & Logistics,8.4399995803833,2.427182218695582,0.0150077536145638,39.02986531743339,US
RLI,RLI Corp.,Financial Services,Insurance - Property & Casualty,64.2300033569336,4.88243239143826,0.0612095898120914,61.32349172102456,US
RLJ,RLJ Lodging Trust,Real Estate,REIT - Hotel & Motel,11.130000114440918,-9.142856208645568,-0.0703750129811307,36.1153835978119,US
RMCA,Rockefeller California Municipal Bond ETF,ETF,ETF,24.0,0.187852542004865,0.003187137122461,42.33824785575956,US
RMD,ResMed Inc.,Healthcare,Medical Instruments & Supplies,211.94000244140625,0.4550226245652912,-0.8989013719603309,53.74557035752976,US
RMIX,"Suncrete, Inc.",Basic Materials,Building Materials,18.979999542236328,12.374187259407554,0.0718782959884446,51.71973159359324,US
RMME,Rareview Government Money Market ETF,ETF,ETF,100.11499786376952,0.0798364527233283,-0.0002333600213725,92.77165557833229,US
RMNI,"Rimini Street, Inc.",Technology,Software - Application,5.050000190734863,4.989610203958423,0.0074018708794122,64.61205435144345,US
RMNY,Rockefeller New York Municipal Bond ETF,ETF,ETF,24.3700008392334,0.350014380709774,0.003977324974485,45.245589577828085,US
RMR,The RMR Group Inc.,Real Estate,Real Estate Services,19.450000762939453,2.15336043958774,0.0510630669477653,47.77401840789963,US
RMRC,ARMOR Core Risk-Managed ETF,EQUITY,EQUITY,25.847299575805664,1.3619591208065258,0.0036037116181151,60.501091844520445,US
RND,First Trust Bloomberg R&D Leaders ETF,ETF,ETF,33.51810073852539,5.13503401112282,0.0210831793303145,68.78108227940123,US
RNIN,Bushido Capital US SMID Cap Equity ETF,ETF,ETF,36.79999923706055,2.7818075041839783,-0.0091468037151082,65.74336959034875,US
RNRG,Global X Renewable Energy Producers ETF,ETF,ETF,34.57500076293945,0.4211456766727773,0.0330036729642658,45.80048245189591,US
RNST,RNST,N/A,N/A,42.72999954223633,-1.9279324270632852,-0.0726508481746907,46.09485640002381,US
RNTY,YieldMax Target 12 Real Estate Option Income ETF,ETF,ETF,49.63779830932617,0.2706685594329592,-0.0025070411937744,50.616803605711446,US
ROAD,"Construction Partners, Inc.",Industrials,Engineering & Construction,119.73999786376952,15.858732106079811,0.9908028189644588,63.355196266485,US
ROBT,First Trust Nasdaq Artificial Intelligence and Robotics ETF,ETF,ETF,59.09000015258789,7.391457082938937,0.0704419528278442,66.95268100340343,US
ROCK,"Gibraltar Industries, Inc.",Industrials,Building Products & Equipment,50.22999954223633,18.859445189902157,-0.0560414348650417,61.13909438291888,US
ROCY,JPMorgan Equity Premium Yield ETF,ETF,ETF,55.45000076293945,1.8627377537224588,0.0059968540780624,67.06890093660266,US
ROE,Astoria US Equal Weight Quality Kings ETF,ETF,ETF,43.83259963989258,3.775275147171743,0.0182811299638921,68.86634243262733,US
ROIV,Roivant Sciences Ltd.,Healthcare,Biotechnology,36.34000015258789,7.166028652640145,0.1281152570477635,62.144947426249175,US
ROK,"Rockwell Automation, Inc.",Industrials,Specialty Industrial Machinery,441.0400085449219,-8.131973654241703,-0.5476102467200774,40.55614855757592,US
ROKT,State Street SPDR S&P Kensho Final Frontiers ETF,ETF,ETF,120.00499725341795,8.927111961453171,0.1501555377662675,62.21215910470016,US
ROKU,ROKU,N/A,N/A,153.11000061035156,5.58582608810028,0.2882533250029997,77.33185444487606,US
ROL,"Rollins, Inc.",Consumer Cyclical,Personal Services,37.7400016784668,-0.6057401497024998,0.0953899209448838,31.49202516508491,US
ROMA,Roma Green Finance Limited,Industrials,Consulting Services,8.899999618530273,-9.827763711000928,-0.0131901193800171,49.41414128493136,US
ROMO,Strategy Shares Newfound/ReSolve Robust Momentum ETF,ETF,ETF,34.964298248291016,3.0574473628080097,0.0125268765598034,66.32843330238424,US
RONB,Baron First Principles ETF,ETF,ETF,23.26000022888184,10.86749636030962,0.1165568860309739,56.87726039879389,US
ROP,"Roper Technologies, Inc.",Technology,Software - Application,402.25,2.622649372983165,-0.0907873386023467,66.67984282827408,US
ROSC,Hartford Multifactor Small Cap ETF,ETF,ETF,56.560001373291016,0.7696747326184491,-0.0285471348246034,56.05624420773277,US
ROST,"Ross Stores, Inc.",Consumer Cyclical,Apparel Retail,255.22999572753903,1.6569037646732212,-0.2267752326154228,71.09040519139354,US
ROUS,Hartford Multifactor US Equity ETF,ETF,ETF,68.29000091552734,2.2305356223038717,0.0143261503059633,64.22980428520063,US
RPAR,RPAR Risk Parity ETF,ETF,ETF,22.25,2.4448645917703957,0.0123720382302604,57.98393114988149,US
RPD,"Rapid7, Inc.",Technology,Software - Infrastructure,11.56999969482422,19.89637463412012,0.0866197264198776,63.580188283141865,US
RPRX,Royalty Pharma plc,Healthcare,Biotechnology,56.77000045776367,-2.841006056378653,-0.0458528835480056,46.092917796971605,US
RQI,RQI,Financial Services,Asset Management,12.520000457763672,-0.4769432933725092,-0.0070026547112785,50.55830395054054,US
RR,Richtech Robotics Inc.,Industrials,Specialty Industrial Machinery,1.6100000143051147,13.380286124130622,0.0056747117605996,46.51970157122352,US
RRBI,"Red River Bancshares, Inc.",Financial Services,Banks - Regional,100.11000061035156,-0.437595651966077,-0.1091311602388913,56.38262883479061,US
RRR,"Red Rock Resorts, Inc.",Consumer Cyclical,Resorts & Casinos,61.880001068115234,-3.972689752174922,-0.0540498774868312,44.418496153458506,US
RSBY,Return Stacked Bonds & Futures Yield ETF,ETF,ETF,17.830299377441406,0.0915022014705879,0.0133565173817755,39.100661633245885,US
RSDE,FT Vest U.S. Equity Equal Weight Buffer ETF - December,ETF,ETF,23.934999465942383,0.8978979123851425,0.0009453803507468,69.47696679681131,US
RSEE,Rareview Systematic Equity ETF,ETF,ETF,39.75460052490234,4.865736441347294,0.0358460621448004,59.893351314580464,US
RSG,"Republic Services, Inc.",Industrials,Waste Management,214.55999755859372,1.904533103165139,0.5223342970076449,51.17298099270413,US
RSI,"Rush Street Interactive, Inc.",Consumer Cyclical,Gambling,24.8799991607666,-7.543666659815049,-0.0020936317171855,30.515150174665138,US
RSJN,FT Vest U.S. Equity Equal Weight Buffer ETF - June,ETF,ETF,37.97850036621094,1.3435674785618583,0.0055090345280879,67.69544315043206,US
RSMC,Rockefeller U.S. Small-Mid Cap ETF,ETF,ETF,29.239999771118164,3.982926381432138,0.0083112080813171,62.52887676188381,US
RSPA,Invesco S&P 500 Equal Weight Income Advantage ETF,ETF,ETF,54.540000915527344,1.3566242772829007,0.0044947583410683,67.07193872006931,US
RSPC,Invesco S&P 500 Equal Weight Communication Services ETF,ETF,ETF,36.4010009765625,2.336242026617729,-0.0045146556535645,53.99606598310753,US
RSPE,Invesco ESG S&P 500 Equal Weight ETF,ETF,ETF,34.83000183105469,2.024083579850746,0.0058966711332636,64.39452589024589,US
RSPG,Invesco S&P 500 Equal Weight Energy ETF,ETF,ETF,102.84500122070312,-3.739231799066135,-0.0925967248460021,47.45513227624796,US
RSPH,Invesco S&P 500 Equal Weight Health Care ETF,ETF,ETF,35.540000915527344,2.2439661440114134,0.0095765639738599,67.63641602742052,US
RSPM,Invesco S&P 500 Equal Weight Materials ETF,ETF,ETF,40.58000183105469,4.184855035140755,0.0150482570243126,61.27235161194557,US
RSPS,Invesco S&P 500 Equal Weight Consumer Staples ETF,ETF,ETF,31.100000381469727,0.7124392055769196,-0.0020752693613074,54.988835069756085,US
RSPT,Invesco S&P 500 Equal Weight Technology ETF,ETF,ETF,64.6500015258789,7.000998816825075,0.0664133034486876,62.12233470128817,US
RSPU,Invesco S&P 500 Equal Weight Utilities ETF,ETF,ETF,77.5999984741211,-1.6351894099477091,0.0304942205115273,36.0734001357047,US
RSSB,Return Stacked Global Stocks & Bonds ETF,ETF,ETF,31.270000457763672,3.4231844766616484,0.0148020773772447,60.59000621331162,US
RSSX,Return Stacked U.S. Stocks & Gold/Bitcoin ETF,ETF,ETF,25.791099548339844,9.372377051799145,0.0441620775703255,64.17905906933188,US
RSSY,Return Stacked U.S. Stocks & Fu,ETF,ETF,25.6299991607666,2.849113492371409,0.0227154829883243,60.03105753562478,US
RSVR,"Reservoir Media, Inc.",Communication Services,Entertainment,10.119999885559082,-1.1718739086063334,-0.0091729189557818,44.24342113696648,US
RTAI,Rareview Tax Advantaged Income ETF,ETF,ETF,20.94700050354004,0.1639596347559038,0.0092804068041357,40.28204793451228,US
RTH,VanEck Retail ETF,ETF,ETF,273.8529968261719,2.1001400267811032,-0.0438249452269734,68.01674798421101,US
RTRE,Rareview Total Return Bond ETF,ETF,ETF,24.584999084472656,0.7528862175602684,0.0039777828946815,51.52990642726452,US
RTX,RTX Corporation,Industrials,Aerospace & Defense,223.02999877929688,3.628843747930648,-0.1499752037266857,75.94784409993132,US
RTXG,Leverage Shares 2X Long RTX Daily ETF,ETF,ETF,30.27899932861328,6.649989543207112,-0.0383220803354629,74.8299171550903,US
RTYY,GraniteShares YieldBOOST RIOT ETF,ETF,ETF,9.600000381469728,-1.1837341154084318,-0.0097605100177126,34.05749614732878,US
RUSC,Russell Investments U.S. Small Cap Equity ETF,ETF,ETF,38.91939926147461,3.55310674940776,0.0230468490773237,59.65182167900079,US
RUSHA,"Rush Enterprises, Inc.",Consumer Cyclical,Auto & Truck Dealerships,80.08000183105469,0.3634552101764781,-0.1249281114888396,58.54473725393607,US
RVI,Robinhood Ventures Fund I,Financial Services,Asset Management,28.190000534057617,13.623543494045972,0.0695658765947837,47.59015595378665,US
RVLV,"Revolve Group, Inc.",Consumer Cyclical,Internet Retail,24.270000457763672,-3.3452812909992597,-0.0741271934781429,48.14867388115946,US
RVMD,"Revolution Medicines, Inc.",Healthcare,Biotechnology,205.1499938964844,9.395827457944147,0.6354449337756369,67.12488460183488,US
RVT,"Royce Small-Cap Trust, Inc.",Financial Services,Asset Management,18.81999969482422,4.035376097727102,0.0113923979908189,64.71301412015913,US
RW,RW,N/A,N/A,26.02280044555664,2.995328407664392,-0.0061322776525975,63.915715144995374,US
RWEM,Rayliant NxtGen Multifactor Emerging Markets Equity ETF,EQUITY,EQUITY,35.900001525878906,1.3837946359172548,0.0076052356348861,53.75989335175332,US
RWL,Invesco S&P 500 Revenue ETF,ETF,ETF,134.1199951171875,1.8297686435897624,0.0010531503291675,68.50011353256556,US
RWLC,Rayliant NxtGen Multifactor US Equity ETF,EQUITY,EQUITY,38.56499862670898,2.1995441975154884,-3.443943124870064e-05,64.54079910736365,US
RWT,"Redwood Trust, Inc.",Real Estate,REIT - Mortgage,4.730000019073486,3.501090621489913,0.0141763052745465,46.40482747754934,US
RWWI,"Rand Worldwide, Inc.",Technology,Software - Application,13.149999618530272,-0.2276228069109114,0.0157930473792426,36.62937004002902,US
RWX,State Street SPDR Dow Jones International Real Estate ETF,ETF,ETF,28.120100021362305,0.2499136763224522,-0.0027380483477639,59.45581852095912,US
RXD,ProShares UltraShort Health Care,ETF,ETF,15.65429973602295,-2.8889645097102616,-0.0171723167344849,38.605028131974656,US
RXI,iShares Global Consumer Discret,ETF,ETF,206.01400756835935,2.86299621730137,0.0762979201933176,68.13031316754508,US
RXL,ProShares Ultra Health Care,ETF,ETF,56.972900390625,3.3990961313430077,0.0622679642945558,60.22595976112657,US
RXO,"RXO, Inc.",Industrials,Trucking,21.700000762939453,7.160497594762731,0.1637775466358066,39.711337304245255,US
RXRX,"Recursion Pharmaceuticals, Inc.",Healthcare,Biotechnology,3.220000028610229,7.333334287007649,0.0034067193226069,50.94305493254895,US
RXT,"Rackspace Technology, Inc.",Technology,Software - Infrastructure,4.900000095367432,18.64406681816156,0.0079668091849308,52.11150010027766,US
RYAM,Rayonier Advanced Materials Inc.,Basic Materials,Chemicals,9.020000457763672,0.7821301674897214,-0.0285420947229618,56.09275084301839,US
RYLG,Global X Russell 2000 Covered Call & Growth ETF,ETF,ETF,25.010400772094727,2.653096548837292,0.0081604251100849,63.32871809900606,US
RYN,Rayonier Inc. REIT,Real Estate,REIT - Specialty,21.790000915527344,0.0459147317105807,0.0035999475270879,52.640794317148966,US
RYTM,"Rhythm Pharmaceuticals, Inc.",Healthcare,Biotechnology,115.62999725341795,16.503775570194428,0.4732756294667235,64.14073645990204,US
RYZ,Ryerson Holding Corporation,Industrials,Metal Fabrication,28.07999992370605,1.0435372386644195,0.0659366699941498,50.131071803318456,US
RZLT,"Rezolute, Inc.",Healthcare,Biotechnology,4.690000057220459,-0.6355875912014246,-0.00242024344385,48.04360628915803,US
S,"SentinelOne, Inc.",Technology,Software - Infrastructure,21.399999618530277,12.277021081606804,0.0312937813623592,70.61000205798943,US
SAA,ProShares Ultra SmallCap600,ETF,ETF,37.8765983581543,4.747230414783978,0.0007045660158328,57.95248186679319,US
SAFT,SAFT,N/A,N/A,103.5,0.1063938591749096,-0.3903317958284891,85.64396734770378,US
SAGP,Strategas Global Policy Opportunities ETF,ETF,ETF,37.439300537109375,2.419095129397076,0.0169732317933781,65.15124096943812,US
SAIC,Science Applications International Corporation,Technology,Information Technology Services,126.54000091552734,8.033811903666532,0.2476292914514544,69.31653340465884,US
SAIL,"SailPoint, Inc.",Technology,Software - Infrastructure,18.65999984741211,11.27012127643361,0.0388893035994544,72.25680002172618,US
SAM,"The Boston Beer Company, Inc.",Consumer Defensive,Beverages - Brewers,186.6100006103516,1.8613557417649809,0.0204868297819125,55.82358275326156,US
SAMM,Strategas Macro Momentum ETF,ETF,ETF,31.30820083618164,2.52546145162738,0.0288001716026781,51.06623020499631,US
SAMT,Strategas Macro Thematic Opportunities ETF,ETF,ETF,43.63999938964844,0.6109496014949567,0.0125806910042919,45.049580457951706,US
SASS,M.D. Sass Concentrated Equities ETF,EQUITY,EQUITY,24.770000457763672,3.251357624373801,-0.0026294186485319,53.70518732846447,US
SATL,Satellogic Inc.,Industrials,Aerospace & Defense,5.519999980926514,54.18994688726557,0.0481235671777082,64.07898235514442,US
SATO,Invesco Alerian Galaxy Crypto Economy ETF,ETF,ETF,15.741700172424316,2.5517901056695966,0.0088421326950137,47.15639600427066,US
SAWG,AAM Sawgrass U.S. Large Cap Quality Growth ETF,ETF,ETF,24.800500869750977,3.0648761701662863,0.0064209136293187,64.28461484672115,US
SAWS,AAM Sawgrass U.S. Small Cap Quality Growth ETF,ETF,ETF,24.57620048522949,0.5449400132904966,-0.0043648362992215,48.39648417810316,US
SB,"Safe Bulkers, Inc.",Industrials,Marine Shipping,7.599999904632568,-2.688860943476968,-0.0164787723488442,57.25080035683312,US
SBB,ProShares Short SmallCap600,ETF,ETF,22.045000076293945,-2.2827987670208256,-0.0024914065137617,41.53244730586395,US
SBH,"Sally Beauty Holdings, Inc.",Consumer Cyclical,Specialty Retail,16.829999923706055,12.424847184364229,0.0361910781481146,66.80999298380966,US
SBIL,Simplify Government Money Market ETF,EQUITY,EQUITY,100.12999725341795,0.0499554570829031,-0.0015324118316159,93.81712270566598,US
SBIO,ALPS Medical Breakthroughs ETF,ETF,ETF,67.61399841308594,6.710645077702739,0.1152568184113762,63.243272726306,US
SBIT,ProShares UltraShort Bitcoin ETF,ETF,ETF,54.79999923706055,-6.299155795011608,-0.0525821867229155,45.97642265150532,US
SBND,Columbia Short Duration Bond ETF,ETF,ETF,18.674999237060547,0.4518295711989633,0.0005261651166626,57.00979634293051,US
SBRA,"Sabra Health Care REIT, Inc.",Real Estate,REIT - Healthcare Facilities,21.040000915527344,-0.6140725569112016,0.0027916720165259,53.5697477918734,US
SBUX,Starbucks Corporation,Consumer Cyclical,Restaurants,105.58000183105467,0.3135409321184679,0.0309641513498668,54.39471271886623,US
SCAP,Infrastructure Capital Small Cap Income ETF,ETF,ETF,38.28200149536133,0.6229552840653635,-0.0197627311033407,50.97453374587188,US
SCC,ProShares UltraShort Consumer Discretionary,ETF,ETF,13.770700454711914,-6.575979182208086,-0.0191709307822063,37.652237882615005,US
SCCO,Southern Copper Corporation,Basic Materials,Copper,199.05999755859372,8.94860174261361,0.2324544770898606,61.85808696370059,US
SCDL,ETRACS 2x Leveraged US Dividend Factor TR ETN,ETF,ETF,58.81700134277344,1.4138656680939194,-0.0570202130965353,60.8815304452435,US
SCDV,Bahl & Gaynor Small Cap Dividend ETF,ETF,ETF,28.367900848388672,2.626078593499793,0.0055960264137862,63.15726105929557,US
SCEC,Sterling Capital Enhanced Core Bond ETF,ETF,ETF,24.584999084472656,0.572711766807998,0.0014662943804553,48.428930585840746,US
SCEP,Sterling Capital Hedged Equity Premium Income ETF,ETF,ETF,25.645000457763672,3.716737975607752,0.0112326418270743,68.83339512451174,US
SCHA,Schwab U.S. Small-Cap ETF,ETF,ETF,34.83000183105469,3.7842681936670335,0.0261138411288117,55.11746098479125,US
SCHC,Schwab International Small-Cap Equity ETF,ETF,ETF,50.68000030517578,4.840711926358193,0.0391451910144522,66.84534783318999,US
SCHE,Schwab Emerging Markets Equity ETF,ETF,ETF,36.9900016784668,2.664454431570914,0.0226216194173128,60.31675445394142,US
SCHH,Schwab U.S. REIT ETF,ETF,ETF,24.11000061035156,-0.7001650390704017,-0.0009843356244062,47.2015159204047,US
SCHI,Schwab 5-10 Year Corporate Bond ETF,ETF,ETF,22.309999465942383,0.6859844473349928,0.0026315249413244,52.7002578612305,US
SCHJ,Schwab 1-5 Year Corporate Bond ETF,ETF,ETF,24.51000022888184,0.3480003295398507,0.001163930988819,60.11876313849853,US
SCHK,Schwab 1000 ETF,ETF,ETF,37.310001373291016,3.6388927035861545,0.0158437489349236,66.54104820630269,US
SCHM,Schwab U.S. Mid-Cap ETF,ETF,ETF,36.09000015258789,4.005761841748991,0.0284352259119307,57.857817495724326,US
SCHO,Schwab Short-Term U.S. Treasury ETF,ETF,ETF,24.059999465942383,0.1706917737761848,0.0005746926657945,64.36426729691115,US
SCHP,Schwab U.S. TIPS ETF,ETF,ETF,25.959999084472656,0.3323743268550023,0.0038320686666294,50.925050148095686,US
SCHQ,Schwab Long-Term U.S. Treasury ETF,ETF,ETF,30.11000061035156,0.9962126848889594,0.0079817986516299,43.97131254389191,US
SCHR,Schwab Intermediate-Term U.S. Treasury ETF,ETF,ETF,24.43000030517578,0.448177145255571,0.0016351495356193,52.861443632111694,US
SCHV,Schwab U.S. Large-Cap Value ETF,ETF,ETF,34.86000061035156,2.3187582113402763,0.0082332978438208,60.728005278611946,US
SCHW,The Charles Schwab Corporation,Financial Services,Capital Markets,107.5999984741211,2.242493974017866,-0.0311858128342694,69.25800402771523,US
SCHZ,Schwab U.S. Aggregate Bond ETF,ETF,ETF,22.81999969482422,0.6527823043280963,0.0030351822693325,51.30306446529382,US
SCJ,iShares MSCI Japan Sm Cap,ETF,ETF,109.5,3.830837237435716,0.0854670609204002,62.36644537849265,US
SCL,Stepan Company,Basic Materials,Specialty Chemicals,65.1500015258789,1.5746837322132452,-0.0202833149635028,69.85474021618957,US
SCLZ,Swan Enhanced Dividend Income ETF,ETF,ETF,56.88800048828125,2.7545500685657447,0.027787795524734,60.665992759531534,US
SCMB,Schwab Municipal Bond ETF,ETF,ETF,25.40999984741211,0.6416299973468758,0.0085150941040092,51.60493556277692,US
SCMC,Sterling Capital Multi-Strategy Income ETF,ETF,ETF,24.94070053100586,0.4417911456651044,0.0021102856007849,63.25840489025086,US
SCMY,Corgi U.S. Small-Cap 15% Structured Buffer ETF - May Series,ETF,ETF,25.799999237060547,0.7812455180101765,-0.001502036300444,56.20201242489442,US
SCNM,Sterling Capital National Municipal Bond ETF,ETF,ETF,24.84000015258789,0.7095042796060863,0.0072599015939094,53.873054873977885,US
SCO,ProShares UltraShort Bloomberg Crude Oil,ETF,ETF,29.40999984741211,8.32412619018732,-0.0191456340365923,50.91389457907957,US
SCSB,Sterling Capital Short Duration Bond ETF,ETF,ETF,24.850000381469727,0.2703520371720198,0.0019544508336863,60.160645333020994,US
SCUB,Sterling Capital Ultra Short Bond ETF,ETF,ETF,25.0,0.091820071757722,-0.0003189201216598,64.00175307143198,US
SCUS,Schwab Ultra-Short Income ETF,ETF,ETF,25.13999938964844,0.1114923900880158,0.000211038690895,79.49756766210524,US
SCYB,Schwab High Yield Bond ETF,ETF,ETF,26.040000915527344,0.7155342354147028,0.0047401308469113,64.78178665874057,US
SCZ,iShares MSCI EAFE Small-Cap ETF,ETF,ETF,86.80000305175781,3.456497584191822,0.0522873686523442,66.72831340197195,US
SD,"SandRidge Energy, Inc.",Energy,Oil & Gas E&P,13.619999885559082,-2.155173772202559,0.011927591232531,48.7376161529307,US
SDCI,USCF SummerHaven Dynamic Commodity Strategy No K-1 Fund,ETF,ETF,28.549999237060547,-1.3816978077284578,0.0089953495041532,54.546968570960814,US
SDFI,AB Short Duration Income ETF,ETF,ETF,35.3849983215332,0.2521443891388777,0.0013858932674929,61.32384423207064,US
SDG,iShares MSCI Global Sustainable Development Goals ETF,ETF,ETF,92.07720184326172,3.232506212558281,0.0668348686933387,65.39229864720998,US
SDGR,"Schrödinger, Inc.",Healthcare,Health Information Services,18.15999984741211,19.947156113647488,0.0984495876240941,72.98993385924743,US
SDMF,Simplify DBi CTA Managed Future,EQUITY,EQUITY,25.708999633789062,-1.3090196286315223,0.0064179471463078,49.9185935954643,US
SDOW,ProShares UltraPro Short Dow30,ETF,ETF,22.0,-8.409660363310998,0.0017029782822203,36.4454577817635,US
SDP,ProShares UltraShort Utilities,ETF,ETF,23.30290031433105,3.938002832438233,-0.0115007351112281,64.16529283216587,US
SDSI,American Century Short Duration Strategic Income ETF,ETF,ETF,51.15499877929688,0.3106268864378443,0.0022857764357522,65.43709940763782,US
SDVD,FT Vest SMID Rising Dividend Achievers Target Income ETF,ETF,ETF,23.82999992370605,1.7072113244570122,-0.0079430326124354,63.73102609425949,US
SDVY,First Trust SMID Cap Rising Dividend Achievers ETF,ETF,ETF,44.59999847412109,1.8730007256464072,-0.0127849001388155,63.88053762869801,US
SDY,State Street SPDR S&P Dividend ETF,ETF,ETF,157.8300018310547,1.825807632938508,0.0430125661211691,60.84383032477778,US
SE,Sea Limited,Consumer Cyclical,Internet Retail,113.43000030517578,6.267568461023007,0.0532887681685472,62.350762105627055,US
SEA,U.S. Global Sea to Sky Cargo ETF,ETF,ETF,18.29990005493164,-1.4438858631450706,-0.0068457494148688,59.80985007511426,US
SEB,Seaboard Corporation,Industrials,Conglomerates,4240.64013671875,-3.911386097206173,-3.4686198776960997,30.2241451608363,US
SECR,NYLI MacKay Securitized Income ETF,ETF,ETF,25.11160087585449,0.6396329500443128,2.7501858654084554e-05,44.95541931298936,US
SECT,Main Sector Rotation ETF,ETF,ETF,72.93000030517578,3.9333079781266767,0.0402806636824405,61.64500779774647,US
SECU,iShares Securitized Income Active ETF,ETF,ETF,49.53010177612305,0.1619915729513647,-0.0032456398206962,55.78221890899911,US
SEEM,SEI Select Emerging Markets Equity ETF,ETF,ETF,38.48040008544922,2.5077881240051445,0.017902399917357,52.9312181928852,US
SEI,"Solaris Energy Infrastructure, Inc.",Energy,Oil & Gas Equipment & Services,57.959999084472656,12.74071047753614,0.2630937716611994,47.04490785502549,US
SEIQ,SEI QiM U.S. Large Cap Quality Active ETF,ETF,ETF,42.48080062866211,3.259118276387339,0.0104272756616168,71.17363208394526,US
SEIS,SEI Select Small Cap ETF,ETF,ETF,33.332401275634766,3.218660488746212,0.0104313647352116,58.417125644026605,US
SEIX,Virtus Seix Senior Loan ETF,ETF,ETF,23.26000022888184,0.4144391004171645,0.0014146350165195,74.74324308573014,US
SELV,SEI QiM U.S. Large Cap Low Volatility Active ETF,ETF,ETF,34.8026008605957,1.702512037141907,-0.0054786302650814,67.7616756978185,US
SEMG,Suncoast Select Growth ETF,ETF,ETF,28.18099975585937,3.595194179638129,0.0111844207588505,72.27238957980192,US
SEMUF,Siem Industries S.A.,Industrials,Marine Shipping,70.0,0.0,0.0088447814529145,97.563371979498,US
SEPI,Shelton Equity Premium Income ETF,ETF,ETF,28.690000534057617,2.500895922342085,0.0023473474662971,61.6321295048804,US
SEPM,FT Vest U.S. Equity Max Buffer ,ETF,ETF,33.154998779296875,0.3632478657152653,0.0012052996217753,70.69327368417765,US
SEPN,"Septerna, Inc.",Healthcare,Biotechnology,38.83000183105469,12.714081193365724,-0.0082609154781375,63.00464194711331,US
SEPP,PGIM S&P 500 Buffer 12 ETF - Sep,ETF,ETF,33.03499984741211,0.6458823806973052,0.0026243127300829,62.986615267227286,US
SEPT,AllianzIM U.S. Equity Buffer10 Sep ETF,ETF,ETF,38.21989822387695,0.81214255449291,0.0017662688747352,67.59174615224822,US
SEPU,AllianzIM U.S. Equity Buffer15 Uncapped Sep ETF,ETF,ETF,32.029998779296875,3.322576707409274,0.0105366660558757,65.01348225467964,US
SERV,Serve Robotics Inc.,Industrials,Integrated Freight & Logistics,5.085000038146973,6.380749266763145,-0.0340475317824747,41.875266237682055,US
SETH,ProShares Short Ether ETF,ETF,ETF,43.68000030517578,-2.717151846865653,-0.0041994009072559,42.848150967484806,US
SETM,Sprott Critical Materials ETF,ETF,ETF,32.70000076293945,14.857750444696302,0.0972013571441839,61.94594546460937,US
SEZL,Sezzle Inc.,Financial Services,Credit Services,118.0199966430664,-23.735058712073403,-3.371821412186873,33.40204221035897,US
SFBS,"ServisFirst Bancshares, Inc.",Financial Services,Banks - Regional,88.91999816894531,-0.6480467386085893,-0.1012809937380554,56.16869478031429,US
SFIX,"Stitch Fix, Inc.",Consumer Cyclical,Apparel Retail,4.199999809265137,4.477607691359675,0.0010712908566609,56.58777753909729,US
SFL,SFL Corporation Ltd,Industrials,Marine Shipping,12.06999969482422,-2.1880101655189086,-0.014631947213833,59.68197156983398,US
SFLO,Victoryshares Small Cap Free Cash Flow ETF,ETF,ETF,38.824100494384766,3.4481794755660142,0.0071362646862969,67.35738150915118,US
SFM,"Sprouts Farmers Market, Inc.",Consumer Defensive,Grocery Stores,85.86000061035156,-1.491513305572469,-0.1940862796671718,58.29193579986962,US
SFST,"Southern First Bancshares, Inc.",Financial Services,Banks - Regional,63.33000183105469,1.490385068003702,-0.049484315584565,57.88197904446768,US
SFTX,Horizon International Managed Risk ETF,ETF,ETF,31.167800903320312,2.728413798843747,0.0192930216467336,59.82167199370163,US
SFTY,Horizon Managed Risk ETF,ETF,ETF,31.96220016479492,3.3038125827183,0.0119358932652562,68.56254729715528,US
SFY,SoFi Select 500 ETF,ETF,ETF,153.4320068359375,5.263455418655189,0.1236431577016899,65.15735750491277,US
SGDJ,Sprott Junior Gold Miners ETF,ETF,ETF,91.62999725341795,25.417465528836317,0.5356999467338723,69.75023088271092,US
SGDM,Sprott Gold Miners ETF,ETF,ETF,74.7750015258789,20.975570076900617,0.4090001830472876,71.74362555830453,US
SGHC,Super Group (SGHC) Limited,Consumer Cyclical,Gambling,13.050000190734863,-6.785712923322405,0.0011394136970292,36.82836657655956,US
SGLC,SGI U.S. Large Cap Core ETF,ETF,ETF,45.77000045776367,3.669306627170079,0.011298628899274,68.11939764541884,US
SGML,Sigma Lithium Corporation,Basic Materials,Other Industrial Metals & Mining,11.380000114440918,15.298888008004294,0.0453994911576269,52.606902290265445,US
SGMT,Sagimet Biosciences Inc.,Healthcare,Biotechnology,9.0600004196167,27.426163846475603,0.0429458210165298,71.16199671523631,US
SGOL,abrdn Physical Gold Shares ETF,ETF,ETF,41.34999847412109,7.207671250435421,0.0804544263171454,65.50299875836703,US
SGRT,SMART Earnings Growth 30 ETF,EQUITY,EQUITY,31.364200592041016,0.2691812773247655,-0.0297471311065797,43.93363869620576,US
SGRW,Harbor Active Small Cap Growth ETF,EQUITY,EQUITY,26.47330093383789,8.791408450086001,0.0436916403594501,65.9164414150595,US
SGRY,"Surgery Partners, Inc.",Healthcare,Medical Care Facilities,15.529999732971191,0.8441566081890901,0.0228565041032316,49.24710412809971,US
SGU,"Star Group, L.P.",Energy,Oil & Gas Refining & Marketing,12.869999885559082,2.631578346969076,0.0096189318924642,57.70901907146965,US
SGVT,Schwab Government Money Market ETF,ETF,ETF,100.56500244140624,0.0756341783882434,0.0005455041594897,97.50160222775536,US
SH,ProShares Short S&P500,ETF,ETF,32.06999969482422,-3.2870933582738147,-0.0107071374295022,35.47248689166895,US
SHAZ,SharonAI Holdings Inc.,Technology,Information Technology Services,49.790000915527344,3.1917117420255834,0.0432841432753399,40.56140914078972,US
SHC,Sotera Health Company,Healthcare,Diagnostics & Research,18.86000061035156,5.599103951992058,0.0298116199615499,66.84129295042172,US
SHDG,Soundwatch Hedged Equity ETF,ETF,ETF,33.58449935913086,2.6107541364057907,0.0112882129913576,67.26457453630766,US
SHLD,Global X Defense Tech ETF,ETF,ETF,69.04000091552734,9.15415164510252,0.0638212444783239,72.79124838224583,US
SHLS,"Shoals Technologies Group, Inc.",Technology,Solar,8.930000305175781,2.17391921090759,0.0277996208539324,45.73288294329836,US
SHM,State Street SPDR Nuveen ICE Sh,ETF,ETF,47.75,0.517847705861668,0.0083567840315177,61.10717295514545,US
SHMD,SCHMID Group N.V.,Industrials,Specialty Industrial Machinery,4.71999979019165,15.68627153071743,0.0211280320109788,51.602949508234886,US
SHO,"Sunstone Hotel Investors, Inc.",Real Estate,REIT - Hotel & Motel,11.079999923706056,-5.8623662465746325,-0.0283765725326122,35.80873015775596,US
SHOC,Strive U.S. Semiconductor ETF,ETF,ETF,108.3949966430664,7.61479105002512,0.2539227960558583,52.7064588461496,US
SHOE,Shoe Station Group Inc.,Consumer Cyclical,Apparel Retail,15.75,3.618422352871423,-0.0014624904225267,55.08175277144178,US
SHOP,Shopify Inc.,Technology,Software - Application,151.57000732421875,29.381139863439376,0.8052948481930922,71.31190804011787,US
SHUS,Stratified LargeCap Hedged ETF,ETF,ETF,51.823001861572266,1.3197056922357842,-0.0088442474027527,62.24127161002895,US
SHV,iShares 0–1 Year Treasury Bond ETF,ETF,ETF,110.1500015258789,0.0817771845190528,0.0010354057235091,94.32156486026815,US
SHW,The Sherwin-Williams Company,Basic Materials,Specialty Chemicals,369.7300109863281,8.472936589604076,0.091258565719138,65.43699207972456,US
SHY,iShares 1-3 Year Treasury Bond ,ETF,ETF,81.91999816894531,0.2091739574549895,0.0035363177916724,63.48847324584204,US
SHYG,iShares 0-5 Year High Yield Corporate Bond ETF,ETF,ETF,42.150001525878906,0.5846531839133666,0.0046667794140779,64.65946892911589,US
SHYL,Xtrackers Short Duration High Yield Bond ETF,ETF,ETF,44.095001220703125,0.6206859091136998,0.0078655258537776,62.87205007076791,US
SHYM,BlackRock ETF Trust II - iShares Short Duration High Yield Muni Active ETF,ETF,ETF,22.13999938964844,0.3762899377312142,0.0049310440470968,51.02392806628359,US
SI,"Shoulder Innovations, Inc.",EQUITY,EQUITY,20.59000015258789,-9.454703782631368,-0.1417985866593322,45.86287270293063,US
SIFI,Harbor Ares Systematic Multi-Sector Income ETF,ETF,ETF,43.369998931884766,0.3798373394557945,0.000172569064526,57.49533244806488,US
SIGI,"Selective Insurance Group, Inc.",Financial Services,Insurance - Property & Casualty,96.2300033569336,1.5191501503302194,0.0088550390281091,52.30953835555136,US
SIJ,ProShares UltraShort Industrials,ETF,ETF,15.507399559020996,-5.500306500816056,0.0026931930612164,41.58288270207963,US
SIL,Global X Silver Miners ETF,ETF,ETF,88.5,20.0,0.4001810865723563,67.12774882272225,US
SILJ,Amplify Junior Silver Miners ETF,ETF,ETF,29.13999938964844,20.963051909810996,0.1301624977998441,65.08690760029528,US
SIO,Touchstone Strategic Income ETF,ETF,ETF,25.450000762939453,0.6724686379607184,0.0070047746980123,50.667914657018,US
SION,"Sionna Therapeutics, Inc.",Healthcare,Biotechnology,51.040000915527344,8.296201482705532,0.1044620836912146,62.52991485155994,US
SITE,"SiteOne Landscape Supply, Inc.",Industrials,Industrial Distribution,103.86000061035156,9.974584842678077,0.3539057984704854,51.41518716100771,US
SIVR,abrdn Physical Silver Shares ETF,ETF,ETF,60.459999084472656,9.827429468464024,0.1301885225354559,60.008713870834384,US
SIXA,ETC 6 Meridian Mega Cap Equity ETF,ETF,ETF,57.436500549316406,2.1293091449363875,0.0249800415233426,60.50911404938151,US
SIXH,ETC 6 Meridian Hedged Equity-Index Option Strategy ETF,ETF,ETF,43.62459945678711,0.3972194463175644,0.0125865420248516,56.15047730735308,US
SIXJ,SIXJ,N/A,N/A,37.2495002746582,1.6634849758812014,0.0058033415741627,67.80044125031905,US
SIXL,ETC 6 Meridian Low Beta Equity Strategy ETF,ETF,ETF,40.054298400878906,0.1007109061216863,-0.0032079298773922,53.99257648537718,US
SIXZ,AllianzIM U.S. Equity 6 Month Buffer10 May/Nov ETF,ETF,ETF,32.135101318359375,1.4045464714442109,0.0096149416411156,63.0326519883026,US
SJB,ProShares Short High Yield,ETF,ETF,15.145000457763672,-0.5581030008368288,-0.0018899738717099,45.51115959401975,US
SJCP,SanJac Alpha Core Plus Bond ETF,ETF,ETF,25.09000015258789,0.1396920653993335,0.001685609860893,59.62937565602656,US
SJLD,SanJac Alpha Low Duration ETF,ETF,ETF,25.23500061035156,0.0396441178616675,0.0002037073838965,68.56354329796339,US
SJNK,State Street SPDR Bloomberg Short Term High Yield Bond ETF,ETF,ETF,24.8700008392334,0.6556607371190668,0.0038555696203662,63.5244661072159,US
SKOR,FlexShares Credit-Scored US Corporate Bond Index Fund,ETF,ETF,48.025001525878906,0.4517969306724739,0.0036835957411142,54.34663339048957,US
SKRE,Tuttle Capital Daily 2X Inverse Regional Banks ETF,ETF,ETF,6.039400100708008,-0.125679356933001,0.0093033835450478,45.55317139394081,US
SKT,Tanger Inc.,Real Estate,REIT - Retail,39.310001373291016,-3.320212688606336,-0.0468988708110805,40.9484742426653,US
SKY,"Champion Homes, Inc.",Consumer Cyclical,Residential Construction,94.66000366210938,18.90466390701281,0.4164900377056595,70.75063196407554,US
SKYT,"SkyWater Technology, Inc.",Technology,Semiconductors,32.459999084472656,2.98222910233954,0.0530394438590735,41.532770585525775,US
SKYU,ProShares Ultra Cloud Computing,ETF,ETF,47.92369842529297,18.447107043273903,0.095526513736428,72.55514105107585,US
SKYY,SKYY,N/A,N/A,156.1699981689453,9.209788929332388,0.1651769093522501,72.87836159150669,US
SLAB,Silicon Laboratories Inc.,Technology,Semiconductors,219.2100067138672,0.7862099833872127,0.0608267711549812,62.262247449184486,US
SLB,SLB N.V.,Energy,Oil & Gas Equipment & Services,50.52999877929688,1.8955406812192352,-0.0534920999299807,54.45787697510793,US
SLDE,"Slide Insurance Holdings, Inc.",Financial Services,Insurance - Property & Casualty,21.1299991607666,5.808712505244731,0.0138737051492208,56.05225777947403,US
SLDP,"Solid Power, Inc.",Consumer Cyclical,Auto Parts,2.3299999237060547,13.106795554673894,0.0115105750832511,50.85964228557399,US
SLG,SL Green Realty Corp.,Real Estate,REIT - Office,56.36000061035156,6.480257482334413,0.0653587291553905,65.17819717682258,US
SLGN,Silgan Holdings Inc.,Consumer Cyclical,Packaging & Containers,41.709999084472656,4.327162486354442,0.0612159375081041,42.74222672912714,US
SLJY,Amplify SILJ Junior Silver Miners Covered Call ETF,EQUITY,EQUITY,29.899999618530277,14.691215836363972,0.0892075336894791,64.92570432007776,US
SLM,SLM Corporation,Financial Services,Credit Services,27.3700008392334,5.269233997051533,-0.0220672868840489,66.64999130591094,US
SLN,Silence Therapeutics plc,Healthcare,Biotechnology,11.949999809265137,13.918017826528,0.0356655896522699,62.46805905334568,US
SLNZ,TCW Senior Loan ETF,ETF,ETF,45.650001525878906,0.2525566681721045,0.0023651113288184,68.44934268178731,US
SLRC,SLR Investment Corp.,Financial Services,Asset Management,13.100000381469728,4.133548973905561,0.0150539139527533,54.09570636427344,US
SLTY,YieldmaxTM Ultra Short Option Income Strategy ETF,EQUITY,EQUITY,21.384700775146484,-2.8297457715623127,-0.0107124320672671,43.72901840195197,US
SLV,iShares Silver Trust,ETF,ETF,57.5,9.81665265418706,0.1222952640953365,59.99560570627094,US
SLVM,Sylvamo Corporation,Basic Materials,Paper & Paper Products,41.06999969482422,9.783479984871732,0.171245962467194,60.842468291475065,US
SLVP,iShares MSCI Global Silver and Metals Miners ETF,ETF,ETF,36.15999984741211,21.750838109518288,0.1801803747224434,67.74623726891717,US
SLVR,Sprott Silver Miners & Physical Silver ETF,ETF,ETF,57.93999862670898,21.41659083104121,0.2688726022414105,65.62569416232412,US
SLVX,Nicholas Silver Income ETF,EQUITY,EQUITY,15.210000038146973,19.004771729276182,0.0632363160550148,62.94239058824694,US
SLX,VanEck Steel ETF,ETF,ETF,110.02400207519533,4.307924320864202,-0.0167180018145398,66.96931685053647,US
SLYG,State Street SPDR S&P 600 Small Cap Growth ETF,ETF,ETF,118.08000183105467,2.482208453437916,0.0035982799518012,58.305041127256914,US
SLYV,State Street SPDR S&P 600 Small Cap Value ETF,ETF,ETF,111.0,2.341878053630719,0.0244824385864267,59.993425445410686,US
SM,SM Energy Company,Energy,Oil & Gas E&P,28.8799991607666,-11.193115761866704,-0.0629006861103433,43.52962156858107,US
SMA,"SmartStop Self Storage REIT, Inc.",Real Estate,REIT - Industrial,34.310001373291016,2.2957675514170908,0.017831063730581,56.21112820789006,US
SMAX,iShares Large Cap Max Buffer Sep ETF,ETF,ETF,28.149999618530277,0.463951315641688,0.0005118394512322,68.33891702693121,US
SMBS,Schwab Mortgage-Backed Securities ETF,ETF,ETF,25.0049991607666,0.4055489872801817,0.001183110223557,48.66979463199157,US
SMC,Summit Midstream Corporation,Energy,Oil & Gas Midstream,30.350000381469727,-1.5249815639466793,-0.0199071376993272,50.98895784310884,US
SMCF,Themes US Small Cap Cash Flow Champions ETF,ETF,ETF,39.92490005493164,-0.9946440424704096,-0.048216244636969,51.778952666336224,US
SMCP,SMART Mid Cap ETF,EQUITY,EQUITY,26.167800903320312,4.171178459717322,0.0184633942276996,67.2748938243056,US
SMCX,Defiance Daily Target 2X Long SMCI ETF,ETF,ETF,8.890000343322754,17.592598023938866,0.0195144201877428,50.77177047291856,US
SMDV,ProShares Russell 2000 Dividend Growers ETF,ETF,ETF,78.77999877929688,2.0334149895618303,-0.004429471556789,60.118141827892536,US
SMG,The Scotts Miracle-Gro Company,Basic Materials,Agricultural Inputs,62.90999984741211,-4.217418460555926,-0.085898025141606,41.73187710349119,US
SMHB,ETRACS 2xMonthly Pay Leveraged US Small Cap High Dividend ETN,ETF,ETF,4.070000171661377,3.299495242460194,0.0059776314063707,51.56534868441598,US
SMIN,iShares MSCI India Small-Cap ETF,ETF,ETF,71.88999938964844,2.6853266619814344,0.0135158796951522,63.07349280750039,US
SMLF,iShares U.S. Small-Cap Equity Factor ETF,ETF,ETF,89.87000274658203,4.221267827836344,0.0665388042679348,62.62855499590523,US
SMLV,State Street SPDR US Small Cap Low Volatility Index ETF,ETF,ETF,160.98500061035156,0.91205531385205,-0.0656803649904467,58.436272008373706,US
SMMD,iShares Russell 2500 ETF,ETF,ETF,92.5500030517578,3.883720794806702,0.0622576926111091,63.21679366637891,US
SMN,ProShares UltraShort Materials,ETF,ETF,18.72900009155273,-8.949925282374762,-0.0232924311883601,40.25090517468683,US
SMOM,Symmetry Panoramic Sector Momentum ETF,ETF,ETF,28.75119972229004,1.950992888547292,0.0027451163458909,64.27709292821052,US
SMOX,Horizon Small/Mid Cap Core Equity ETF,ETF,ETF,30.874000549316406,2.59188107331998,0.0174083048045276,62.42987694295783,US
SMPL,The Simply Good Foods Company,Consumer Defensive,Packaged Foods,11.100000381469728,9.037328572831113,0.0090243384459194,46.47768513107421,US
SMRI,Bushido Capital US Equity ETF,ETF,ETF,45.66999816894531,2.985607444896094,0.0227473623285653,77.50680161236312,US
SMST,Defiance Daily Target 2X Short MSTR ETF,ETF,ETF,51.59870147705078,-13.430807667615731,-0.1098195652281348,44.46791611019337,US
SMTH,ALPS Smith Core Plus Bond ETF,ETF,ETF,25.44499969482422,0.620846201160867,0.0033951449201134,50.79661983340368,US
SMU,Tradr 2X Long SMR Daily ETF,ETF,ETF,7.28000020980835,33.33333624442707,0.0317459767244113,53.70247177194604,US
SMWB,Similarweb Ltd.,Technology,Software - Application,7.510000228881836,4.741982551883474,0.001544914892854,66.30857606173672,US
SN,"SharkNinja, Inc.",Consumer Cyclical,"Furnishings, Fixtures & Appliances",185.5200042724609,14.681337313930642,0.4171060397414319,78.38931737818618,US
SNA,Snap-On Incorporated,Industrials,Tools & Accessories,416.3500061035156,1.447333736605664,-0.0411119691691448,58.08565205177379,US
SNAP,Snap Inc.,Communication Services,Internet Content & Information,5.329999923706055,13.646052423822214,-0.0067458280877202,59.723652212970585,US
SNAV,Mohr Sector Nav ETF,ETF,ETF,39.08140182495117,2.686365295644816,0.01916089958293,62.21870233301726,US
SNDA,"Sonida Senior Living, Inc.",Healthcare,Medical Care Facilities,40.29999923706055,-0.1486654419812531,0.0408340918518411,51.37917839372143,US
SNDG,Leverage Shares 2X Long SNDK Daily ETF,ETF,ETF,5.630000114440918,-2.9310357017834203,0.0143144405448292,39.12892212418174,US
SNDK,Sandisk Corporation,Technology,Computer Hardware,1212.2099609375,-0.2156676417246297,-1.1590027966040424,41.81972948653896,US
SNDR,"Schneider National, Inc.",Industrials,Trucking,35.630001068115234,-0.3077800928527583,0.0257530509717422,47.03563982628476,US
SNDX,"Syndax Pharmaceuticals, Inc.",Healthcare,Biotechnology,20.399999618530277,7.086616459508238,0.1041396325090115,48.09304086387914,US
SNK,GraniteShares 2x Short SpaceX Daily ETF,ETF,ETF,21.0,-45.1697117015094,-0.7808054438700012,40.93748714482324,US
SNOU,T-Rex 2X Long SNOW Daily Target ETF,ETF,ETF,67.37000274658203,26.87383179382876,0.2243225008688574,80.26547720256735,US
SNOW,Snowflake Inc.,Technology,Software - Application,330.489990234375,12.687531236345889,0.5194675346286886,80.7425112283056,US
SNPD,Xtrackers S&P Dividend Aristocrats Screened ETF,ETF,ETF,30.72900009155273,0.4248477297041662,-0.0137745777176969,55.81442486306547,US
SNPE,SNPE,N/A,N/A,71.20999908447266,3.804665697385064,0.0197348828193176,68.25220612368167,US
SNPS,"Synopsys, Inc.",Technology,Software - Infrastructure,415.989990234375,7.004316232311643,1.061619703060492,53.53045854690467,US
SNSR,Global X Internet of Things ETF,ETF,ETF,49.52000045776367,6.419099243528652,0.078374438530386,60.139822265872894,US
SNTH,MRP SynthEquity ETF,ETF,ETF,30.600000381469727,4.187945206297901,0.0108412193729191,63.85502480831664,US
SNX,TD SYNNEX Corporation,Technology,Electronics & Computer Distribution,252.4199981689453,-1.2827527643501693,-0.637754653672665,48.86371562844149,US
SNXX,Tradr 2X Long Sndk Daily ETF,ETF,ETF,9.109999656677246,-2.46253203590063,0.0283186511780773,39.34455395444396,US
SO,Southern Company (The),Utilities,Utilities - Regulated Electric,92.69000244140624,-1.9568420311039452,0.0048210116539887,40.3358736386702,US
SOCL,Global X Social Media ETF,ETF,ETF,46.923301696777344,3.2188795463581386,-0.0005734389194284,55.30749149976024,US
SOEZ,Franklin Solana ETF,ETF,ETF,12.79699993133545,1.2420853144646662,0.0110296529541133,47.80137444202329,US
SOFA,Direxion Daily SOFI Bull 2X ETF,ETF,ETF,14.937800407409668,24.89799631910421,0.0341431317866958,54.64860689639401,US
SOFI,"SoFi Technologies, Inc.",Financial Services,Credit Services,18.3799991607666,12.691598789728197,0.0205583700164023,56.51484222963656,US
SOFX,Defiance Daily Target 2X Long SOFI ETF,ETF,ETF,10.09000015258789,25.030985553310757,0.024613624908626,54.26768826662364,US
SOLZ,Solana ETF,ETF,ETF,7.389999866485596,1.3717408114656509,0.0064524825145,47.50720193299804,US
SON,Sonoco Products Company,Consumer Cyclical,Packaging & Containers,58.02000045776367,2.9453510103532885,0.0035285570052978,56.47404195385433,US
SONO,"Sonos, Inc.",Technology,Consumer Electronics,15.640000343322754,6.684860205395168,-0.022941217295252,52.897966293618616,US
SOPH,SOPHiA GENETICS SA,Healthcare,Health Information Services,7.710000038146973,35.97883482192866,0.0793637061200514,71.61636258321195,US
SOVF,Sovereign's Capital Flourish Fund,ETF,ETF,32.11429977416992,4.406186682541085,0.0186476999151578,71.60577977816722,US
SOXL,Direxion Daily Semiconductor Bull 3X Shares,ETF,ETF,140.25,22.25418279954617,1.1979554898031104,47.07359400400139,US
SOXQ,Invesco PHLX Semiconductor ETF,ETF,ETF,97.1999969482422,9.15215453922828,0.2954952271016484,52.83837400553723,US
SOXY,YieldMax Target 12 Semiconductor Option Income ETF,ETF,ETF,93.55460357666016,6.577570921985816,0.2366246269644261,50.51286693379386,US
SPAB,State Street SPDR Portfolio Aggregate Bond ETF,ETF,ETF,25.15999984741211,0.5555254447424272,0.0034674660568014,50.73285684805671,US
SPAL,GraniteShares 2x Long SpaceX Daily ETF,ETF,ETF,13.970000267028809,42.26069960462332,0.2449374906771089,46.982476450980855,US
SPAM,Themes Cybersecurity ETF,ETF,ETF,44.47740173339844,8.338775290232538,0.0611181424553106,65.64413533743843,US
SPAX,T-REX 2X Long SPCX Daily Target ETF,ETF,ETF,8.390000343322754,41.96278443216197,0.1475756221105428,46.9200173445883,US
SPB,"Spectrum Brands Holdings, Inc.",Consumer Defensive,Household & Personal Products,90.12999725341795,1.5320498611934876,0.0200294465980377,57.91338631497898,US
SPBU,AllianzIM Buffer15 Uncapped Allocation ETF,ETF,ETF,31.040000915527344,3.088675809777483,0.0121693759939216,66.20652382387902,US
SPBW,AllianzIM Buffer20 Allocation ETF,ETF,ETF,29.158700942993164,0.9405678018649852,0.002085551320613,70.44954750814519,US
SPBX,AllianzIM 6 Month Buffer10 Allocation ETF,ETF,ETF,29.74679946899414,1.1727060633212232,0.0019122437042528,68.48810284850367,US
SPCK,SPAC and New Issue ETF,EQUITY,EQUITY,22.020000457763672,-0.2626988837370834,-0.002121073273223,42.21900313337591,US
SPCL,Tidal Trust II - Defiance Daily 2X Space ETF,ETF,ETF,30.36000061035156,47.30713105900139,0.4038620808965367,54.28381585026347,US
SPCQ,Defiance Daily Target 2X Short SPCX ETF,ETF,ETF,15.800000190734863,-46.53130085052906,-0.5985459683879428,40.46205108239336,US
SPCT,Liberty One Spectrum ETF,ETF,ETF,28.29030036926269,1.2755078177463994,-0.0016446100367951,63.48876229919373,US
SPCX,Space Exploration Technologies Corp.,Industrials,Aerospace & Defense,133.11000061035156,22.829193722198944,1.4168874514192051,52.70626509037319,US
SPDF,Defender Risk Adaptive 500 ETF,ETF,ETF,28.399999618530277,3.611819688542005,0.0116465909984834,65.97147138540063,US
SPDN,Direxion Daily S&P 500 Bear 1X Shares,ETF,ETF,8.430000305175781,-3.2146926721571005,-0.0028600696950824,35.68462628962173,US
SPEM,State Street SPDR Portfolio Emerging Markets ETF,ETF,ETF,52.41999816894531,2.925579923112841,0.0380028465429182,59.95207002816701,US
SPEU,State Street SPDR Portfolio Europe ETF,ETF,ETF,57.33000183105469,2.2471948334017533,0.0143888389681565,67.67491923290976,US
SPG,"Simon Property Group, Inc.",Real Estate,REIT - Retail,222.91000366210935,-2.8164065015468345,-0.1205596835588007,46.32058641853813,US
SPGI,S&P Global Inc.,Financial Services,Financial Data & Stock Exchanges,408.1900024414063,-0.9079188941987634,0.3239218585815813,43.50352727810811,US
SPHB,Invesco S&P 500 High Beta ETF,ETF,ETF,147.89999389648438,5.756158342252933,0.1313376638724264,54.72844562181999,US
SPHD,Invesco S&P 500 High Dividend Low Volatility ETF,ETF,ETF,52.59999847412109,0.4775549327352626,0.007082771058268,54.82045918133373,US
SPHQ,Invesco S&P 500 Quality ETF,ETF,ETF,85.97000122070312,1.535376260625241,0.0019546242493259,50.79409721329708,US
SPHR,Sphere Entertainment Co.,Communication Services,Entertainment,159.5399932861328,11.371723061872816,0.1686752806626117,59.13761296076967,US
SPHY,State Street SPDR Portfolio High Yield Bond ETF,ETF,ETF,23.280000686645508,0.6311053148440182,0.0027823215285136,61.96720169907441,US
SPIB,State Street SPDR Portfolio Intermediate Term Corporate Bond ETF,ETF,ETF,33.15999984741211,0.4757188837406713,0.0023042484770308,55.581096635388064,US
SPIP,State Street SPDR Portfolio TIPS ETF,ETF,ETF,25.09000015258789,0.3118544100880536,0.0030917736941368,49.57215610375993,US
SPIR,"Spire Global, Inc.",Industrials,Specialty Business Services,14.329999923706056,25.04362893547728,0.0902675253823503,54.46597750687463,US
SPIT,F/m Emerald Special Situations ETF,ETF,ETF,34.17890167236328,5.869474824522628,0.0337873578205094,60.449498400777394,US
SPLV,Invesco S&P 500 Low Volatility ETF,ETF,ETF,76.20999908447266,-0.0262419934146808,-0.0064268281898314,51.52393178540025,US
SPMB,State Street SPDR Portfolio Mortgage Backed Bond ETF,ETF,ETF,22.030000686645508,0.8330333094594646,0.0042827180369842,52.020558867922894,US
SPMD,State Street SPDR Portfolio S&P 400 Mid Cap ETF,ETF,ETF,68.16999816894531,3.319179600771542,0.0518333918611884,62.59831264281841,US
SPMO,Invesco S&P 500 Momentum ETF,ETF,ETF,149.69000244140625,4.0742547005143095,0.0986059636140594,52.39231342739868,US
SPOG,Leverage Shares 2X Long SPOT Daily ETF,ETF,ETF,6.91349983215332,-4.942938856401137,0.0070918764941424,49.54196589005457,US
SPOT,Spotify Technology S.A.,Communication Services,Internet Content & Information,488.1400146484375,-2.360280780762633,0.280135729540647,50.62828545132879,US
SPRE,SP Funds S&P Global REIT Sharia ETF,ETF,ETF,21.48500061035156,0.0698709710146073,-0.0020457079088897,51.52103781570639,US
SPRX,Spear Alpha ETF,ETF,ETF,48.81999969482422,14.654761849302083,0.1784657693910387,54.06289527655424,US
SPSB,State Street SPDR Portfolio Short Term Corporate Bond ETF,ETF,ETF,29.90999984741211,0.2581023156707041,0.000863033163523,63.92019442864021,US
SPSC,"SPS Commerce, Inc.",Technology,Software - Application,73.37999725341797,-0.013628745488012,-0.1062885707373455,64.84621764837236,US
SPSK,SP Funds Dow Jones Global Sukuk ETF,ETF,ETF,17.915000915527344,0.5049096703267072,0.0013279610564147,57.86269606779881,US
SPSM,State Street SPDR Portfolio S&P 600 Small Cap ETF,ETF,ETF,57.90999984741211,2.3687469680338213,0.0077380988979076,59.62698527304874,US
SPT,"Sprout Social, Inc.",Technology,Software - Application,10.34000015258789,20.512823362842404,0.1156151966717248,70.2271387287769,US
SPTE,SP Funds S&P Global Technology ETF,ETF,ETF,47.7400016784668,5.971148694700331,0.0556801858372899,57.870419649189614,US
SPTI,State Street SPDR Portfolio Intermediate Term Treasury ETF,ETF,ETF,28.1200008392334,0.478813613613941,0.0022766021222425,53.00155269586994,US
SPTL,State Street SPDR Portfolio Long Term Treasury ETF,ETF,ETF,25.25,1.052549299318249,0.0069839581836172,44.34326994965994,US
SPTM,State Street SPDR Portfolio S&P 1500 Composite Stock Market ETF,ETF,ETF,93.88999938964844,3.4828567351456585,0.0361890454131595,66.02383002470091,US
SPTS,State Street SPDR Portfolio Short Term Treasury ETF,ETF,ETF,28.920000076293945,0.2148394332178181,0.0003322104976615,61.21166656351171,US
SPUC,Simplify US Equity Income ETF,ETF,ETF,50.43560028076172,2.6992458846167118,0.0116467527142733,65.07576795376096,US
SPUS,SP Funds S&P 500 Sharia Industry Exclusions ETF,ETF,ETF,59.15999984741211,5.023962230367346,0.0456638594961669,65.31018663643093,US
SPUU,Direxion Daily S&P 500 Bull 2X Shares,ETF,ETF,229.04600524902344,6.950878470473146,0.1600476078575035,65.22417863759102,US
SPWO,SP Funds S&P World ETF,ETF,ETF,33.189998626708984,3.589256174535015,0.0280917432878549,55.462268319891066,US
SPXD,Xtrackers S&P 500 Diversified Sector Weight ETF,ETF,ETF,29.63909912109375,2.235521081331372,0.0052371655736062,69.08342432666521,US
SPXE,ProShares S&P 500 ex-Energy ETF,ETF,ETF,82.85399627685547,3.84007435289033,0.0262910840742094,63.372026247199,US
SPXL,Direxion Daily S&P500 Bull 3X Shares,ETF,ETF,296.3299865722656,10.488431426140297,0.3176265341862598,64.98165657260267,US
SPXN,ProShares S&P 500 ex-Financials ETF,ETF,ETF,84.09600067138672,4.110131294798229,0.0317409187514194,62.849535866247656,US
SPXT,ProShares S&P 500 ex-Technology ETF,ETF,ETF,111.95999908447266,1.3304382741644971,-0.0128957487344114,60.99146931607813,US
SPYD,State Street SPDR Portfolio S&P 500 High Dividend ETF,ETF,ETF,49.900001525878906,0.808083890664457,-0.0014541565597515,57.1273107696325,US
SPYH,NEOS S&P 500 Hedged Equity Income ETF,ETF,ETF,56.85070037841797,1.9158489376640788,0.0104485746388612,65.62714307330438,US
SPYI,Neos S&P 500(R) High Income ETF,ETF,ETF,54.18000030517578,2.497161709388485,0.0131323007707656,65.73439339464493,US
SPYT,SPYT,N/A,N/A,17.540000915527344,3.091577397728042,0.0037499033883348,66.94729878610768,US
SPYX,State Street SPDR S&P 500 Fossil Fuel Reserves Free ETF,ETF,ETF,63.54999923706055,3.687385034710695,0.0250574042811395,66.78598741121495,US
SQLT,Ishares MSCI USA Small-Cap Quality Factor ETF,ETF,ETF,29.280000686645508,2.5210127246736187,-0.0040104813942465,63.3709218463032,US
SQLV,Royce Quant Small-Cap Quality Value ETF,ETF,ETF,54.88909912109375,3.3887718277170915,0.0077768466313384,63.47874864440033,US
SR,Spire Inc.,Utilities,Utilities - Regulated Gas,81.97000122070312,2.6421244605876715,0.1050743497743785,54.66817203007537,US
SRAD,Sportradar Group AG,Technology,Software - Application,13.020000457763672,-10.453916836844623,0.0358511687137303,38.25962544881048,US
SRCE,1st Source Corporation,Financial Services,Banks - Regional,88.01000213623047,-1.437757483154577,-0.2160836941613153,61.27429268089861,US
SRE,DBA Sempra,Utilities,Utilities - Diversified,83.87999725341797,-5.273862944544685,-0.0120076994291629,26.27444054019541,US
SRET,Global X SuperDividend REIT ETF,ETF,ETF,22.448400497436523,-0.2256857359612527,0.009966608737248,47.72496312463738,US
SRHQ,SRH U.S. Quality GARP ETF,ETF,ETF,49.26499938964844,3.0239008304758404,0.008035254596997,70.13852434851893,US
SRHR,SRHR,N/A,N/A,59.36399841308594,-2.3313204096006284,-0.0477179026170857,43.3506469956539,US
SRLN,State Street Blackstone Senior Loan ETF,ETF,ETF,40.43999862670898,0.6972081184281129,0.0031682317534396,77.32508073482116,US
SROI,Calamos Antetokounmpo Global Sustainable Equities ETF,ETF,ETF,38.16299819946289,2.8347340052748518,0.0028845905931256,63.62279857571013,US
SRPT,"Sarepta Therapeutics, Inc.",Healthcare,Biotechnology,16.780000686645508,12.920599423469849,0.0554326045429638,51.20043956410922,US
SRRK,Scholar Rock Holding Corporation,Healthcare,Biotechnology,52.91999816894531,11.893435284438745,0.2842921974041208,57.61032804779536,US
SRTA,"Strata Critical Medical, Inc.",Healthcare,Medical Care Facilities,5.789999961853027,15.338645096655936,0.0073276347601379,60.77145034078536,US
SRTY,ProShares UltraPro Short Russell2000,ETF,ETF,21.200000762939453,-10.055150456387992,-0.0405897082319212,40.51340225050401,US
SSCP,SMART Small Cap ETF,EQUITY,EQUITY,26.635799407958984,3.7623659088219,0.0181989641627627,64.34236838874418,US
SSFI,Day Hagan Smart Sector Fixed Income ETF,ETF,ETF,21.090700149536133,0.5755881742197948,0.0030166676252271,49.12574399683568,US
SSII,"SS Innovations International, Inc.",Healthcare,Medical Devices,3.7699999809265137,-5.276382842728204,-0.0065927549334953,50.22548699662961,US
SSK,REX-Osprey SOL + Staking ETF,ETF,ETF,9.97410011291504,1.003545447240902,0.0080332236381108,47.64000264622731,US
SSMG,Virtus Silvant Small/Mid Growth ETF,ETF,ETF,26.700000762939453,5.20095211119377,0.0204872848452326,53.24580399747844,US
SSMR,Sunshine Silver Mining & Refining Company,Basic Materials,Other Industrial Metals & Mining,16.06999969482422,11.830200576226352,0.02496310299706,61.71910002872848,US
SSO,ProShares Ultra S&P500,ETF,ETF,71.68000030517578,7.001048799768306,0.0502991851738622,65.43558763027048,US
SSPC,Leverage Shares 2X Short SPCX Daily ETF,ETF,ETF,12.8100004196167,-44.712989307569885,-0.4633071851441954,41.14575940914201,US
SSRM,SSR Mining Inc.,Basic Materials,Gold,31.780000686645508,24.043714463814315,0.2385602609974745,64.148785420775,US
SSTK,"Shutterstock, Inc.",Communication Services,Internet Content & Information,5.960000038146973,10.370369127584931,0.0186820561784659,32.302447344622536,US
SSUS,Day Hagan Smart Sector ETF,ETF,ETF,56.48690032958984,3.683738627416176,0.0246138585821514,64.03020747211764,US
ST,Sensata Technologies Holding plc,Technology,Scientific & Technical Instruments,46.66999816894531,0.8209056943235097,-0.061334351802699,50.31591844917917,US
STAA,STAAR Surgical Company,Healthcare,Medical Instruments & Supplies,24.209999084472656,-0.6157697952403354,0.0839898683449547,43.83440177007151,US
STAG,"STAG Industrial, Inc.",Real Estate,REIT - Industrial,37.29999923706055,-2.509145652346662,0.0361367342143246,37.515846285753966,US
STBA,"S&T Bancorp, Inc.",Financial Services,Banks - Regional,50.869998931884766,-2.454463195670191,-0.1171832689186025,51.47643588000783,US
STBF,Performance Trust Short Term Bond ETF,ETF,ETF,25.229999542236328,0.2184719239030377,0.0003109253442796,54.37984226008038,US
STC,Stewart Information Services Corporation,Financial Services,Insurance - Property & Casualty,68.19000244140625,0.8877143601489803,-0.003090686128939,49.90237773774994,US
STE,STERIS plc,Healthcare,Medical Devices,237.47000122070312,3.971106640365965,0.0689087657506046,66.81676878237157,US
STEP,StepStone Group Inc.,Financial Services,Asset Management,46.40999984741211,5.81395166797766,-0.2398705922153117,54.03103246274899,US
STEW,"SRH Total Return Fund, Inc.",Financial Services,Asset Management,18.76000022888184,1.2412279207419987,-0.0056002451032511,69.32401725040413,US
STGW,Stagwell Inc.,Communication Services,Advertising Agencies,9.170000076293944,8.52071341160686,-0.0028362352185936,75.27259860392738,US
STHH,STMicroelectronics NV ADRhedged,ETF,ETF,11.296500205993652,6.269991386428021,0.071440520393775,44.228514095282,US
STIP,iShares 0-5 Year TIPS Bond ETF,ETF,ETF,100.69000244140624,0.0685743956369578,0.0063384380838928,56.83983523050616,US
STLD,"Steel Dynamics, Inc.",Basic Materials,Steel,262.45001220703125,4.453561229338828,-0.3771140733892242,62.45969325464881,US
STLU,2x Stellar ETF,ETF,ETF,14.07759952545166,-11.013907730621602,0.0106154126879414,35.28117392948609,US
STOK,"Stoke Therapeutics, Inc.",Healthcare,Biotechnology,32.709999084472656,13.340257770958496,0.0687011309917223,63.539952297664406,US
STOT,State Street DoubleLine Short Duration Total Return Tactical ETF,ETF,ETF,46.810001373291016,0.1883507790565103,0.0010737238464837,64.04284274292766,US
STOX,Horizon Core Equity ETF,ETF,ETF,32.279998779296875,3.4350121440070214,0.0105647124941505,68.36254839502446,US
STPZ,PIMCO 1-5 Year U.S. TIPS Index Exchange-Traded Fund,ETF,ETF,52.59000015258789,0.1142230624126025,0.00310343445919,57.56738481945697,US
STRA,"Strategic Education, Inc.",Consumer Defensive,Education & Training Services,84.87999725341797,3.512191772460937,0.0299229856951743,58.42565031294144,US
STRL,"Sterling Infrastructure, Inc.",Industrials,Engineering & Construction,547.0599975585938,-8.32984572711987,1.6783690483333658,38.92688683430741,US
STRN,SMART Trend 25 ETF,EQUITY,EQUITY,26.422100067138672,1.4089416912805288,-0.0094126599339333,48.40925838686443,US
STRO,"Sutro Biopharma, Inc.",Healthcare,Biotechnology,25.3799991607666,5.0062022368772325,0.0492771744767934,48.33417958166699,US
STRZ,Starz Entertainment Corp.,Communication Services,Entertainment,26.21999931335449,0.7686350963577558,0.027284983925298,48.74932664586366,US
STT,State Street Corporation,Financial Services,Asset Management,184.67999267578125,0.2823571912096252,-0.0335851401863673,57.80420424358217,US
STTK,"Shattuck Labs, Inc.",Healthcare,Biotechnology,7.269999980926514,2.8288515475118983,-0.008346640767236,54.30452545674762,US
STUB,"StubHub Holdings, Inc.",Communication Services,Internet Content & Information,8.949999809265137,6.04265704073263,0.013971203868631,42.50314429682255,US
STVN,Stevanato Group S.p.A.,Healthcare,Medical Instruments & Supplies,20.270000457763672,2.115869361322641,-0.0010128597171097,57.6870001155405,US
STWD,"Starwood Property Trust, Inc.",Real Estate,REIT - Mortgage,16.450000762939453,2.941184193784717,0.0308673904949134,51.01711798781546,US
STX,Seagate Technology Holdings PLC,Technology,Computer Hardware,812.760009765625,-5.065818844081281,-1.715189851720366,46.02102370339989,US
STXD,Strive 1000 Dividend Growth ETF,ETF,ETF,41.10630035400391,3.0879005743044674,0.0124255294739227,70.9845042316775,US
STXE,Strive Emerging Markets Ex-China ETF,ETF,ETF,48.025299072265625,2.390627152700616,0.035769379160032,50.078449413212006,US
STXK,Strive Small-Cap ETF,ETF,ETF,39.19900131225586,2.9061280210911944,0.0123159235520632,60.65408562148618,US
STXU,Leverage Shares 2X Long STX Daily ETF,ETF,ETF,11.6899995803833,-9.520127621109625,-0.0413803568480082,43.64380218140364,US
STXV,Strive 1000 Value ETF,ETF,ETF,39.197898864746094,1.3651428000964378,0.0028506409790733,63.46507607217556,US
STXX,Tradr 2X Long STX Daily ETF,ETF,ETF,38.5,-10.340006447851335,-0.1458450353830658,44.06136814566348,US
STZ,"Constellation Brands, Inc.",Consumer Defensive,Beverages - Brewers,135.75999450683594,4.246332612086138,0.2608723705473659,56.70747379217103,US
SUB,iShares Short-Term National Mun,ETF,ETF,106.26000213623048,0.3191075274889278,0.0065337041285811,64.77177514655945,US
SUIS,Canary Staked SUI ETF,ETF,ETF,17.478099822998047,-0.8615958309662771,-0.0052455523491098,37.88557619473088,US
SUJA,"Suja Life, Inc.",Consumer Defensive,Beverages - Non-Alcoholic,6.260000228881836,-40.8876285299007,-0.1124306316939441,29.47967351314371,US
SUNB,"Sunbelt Rentals Holdings, Inc.",Industrials,Rental & Leasing Services,81.08000183105469,12.73637916479344,0.0546547448043669,63.12772857345078,US
SUPL,SUPL,N/A,N/A,47.0005989074707,1.1766486388122754,0.03035462216717,49.53125364788453,US
SURE,AdvisorShares Insider Advantage ETF,ETF,ETF,151.1699981689453,1.7226280520016573,-0.0454267833753092,59.74366478534284,US
SURI,Simplify Propel Opportunities ETF,ETF,ETF,18.3567008972168,1.7950420572837065,0.016114476607676,63.85671297318468,US
SUSA,iShares ESG Optimized MSCI USA ETF,ETF,ETF,158.7899932861328,3.675887626931583,0.0694706343760799,66.42285424390519,US
SVAL,iShares US Small Cap Value Factor ETF,ETF,ETF,44.0,2.972151816918098,0.0188895062338124,69.1721692284326,US
SVCO,"Silvaco Group, Inc.",Technology,Software - Application,7.650000095367432,-1.6709525827136238,-0.0333041863501779,40.51718077099108,US
SVIX,-1x Short VIX Futures ETF,ETF,ETF,25.25,4.295749503742689,0.022514430897613,60.04938125855924,US
SVOL,Simplify Volatility Premium ETF,ETF,ETF,16.0,1.2017683449745735,0.0106859005406793,58.95370173173068,US
SVRA,Savara Inc.,Healthcare,Biotechnology,5.829999923706055,6.776554633224022,0.0211035281939866,56.296052261217405,US
SVV,"Savers Value Village, Inc.",Consumer Cyclical,Specialty Retail,12.220000267028809,19.103313785798804,0.0778756938339981,76.73582289064548,US
SVXY,ProShares Short VIX Short-Term Futures ETF,ETF,ETF,59.36000061035156,2.2390616712223808,0.0269620560448197,60.77614786539596,US
SW,Smurfit Westrock Plc,Consumer Cyclical,Packaging & Containers,48.27999877929688,5.025010870683675,0.0022766086172743,56.82254360922828,US
SWAN,Amplify BlackSwan Growth & Treasury Core ETF,ETF,ETF,33.69879913330078,3.022929001846122,0.0103555145803411,60.74562157846728,US
SWBI,"Smith & Wesson Brands, Inc.",Industrials,Aerospace & Defense,14.25,-2.0618569539668954,-0.0226551000981545,41.56960697556063,US
SWMR,"Swarmer, Inc",Technology,Software - Infrastructure,36.59999847412109,-0.4623388129620859,0.0882913586416347,44.97106192904728,US
SWP,SWP Growth & Income ETF,ETF,ETF,29.25550079345703,3.175811199994404,0.0071866827307759,69.18634969704611,US
SWRD,Stewards Inc.,Financial Services,Credit Services,4.179140090942383,1.9302484914790945,-0.0332925823900376,59.12099113039837,US
SWX,"Southwest Gas Holdings, Inc.",Utilities,Utilities - Regulated Gas,92.08999633789062,3.00894269138579,0.1011127739564802,55.11639993894232,US
SXI,Standex International Corporation,Industrials,Specialty Industrial Machinery,340.1199951171875,14.711634103604554,0.9129664295184036,63.68881807933843,US
SXQG,ETC 6 Meridian Quality Growth ETF,ETF,ETF,33.439998626708984,3.619234292181088,0.0122690733414437,68.59896654028113,US
SXT,Sensient Technologies Corporation,Basic Materials,Specialty Chemicals,129.8699951171875,5.362642273566959,-0.0577688478561233,65.4082131868513,US
SYF,Synchrony Financial,Financial Services,Credit Services,78.58999633789062,4.142171918656071,-0.0601846217269714,60.093472240093085,US
SYFI,AB Short Duration High Yield ETF,ETF,ETF,35.65999984741211,0.4875034183609411,0.0031918961403042,66.52267375100004,US
SYK,Stryker Corporation,Healthcare,Medical Devices,339.0299987792969,4.092719088936484,-0.1211288755341684,55.353601278357615,US
SYLD,Cambria Shareholder Yield ETF,ETF,ETF,84.81999969482422,1.873645830612968,-0.0124177413683421,63.113069346177,US
SYM,Symbotic Inc.,Industrials,Specialty Industrial Machinery,40.18000030517578,-6.666664303710518,-0.2582865199222093,43.72505698052444,US
SYNA,Synaptics Incorporated,Technology,Semiconductors,106.19000244140624,-1.0529232730443865,0.4078368680197641,42.57008894300889,US
SYRE,"Spyre Therapeutics, Inc.",Healthcare,Biotechnology,104.91000366210938,6.6917540003305325,0.1232002789335724,59.21890260684565,US
SYY,Sysco Corporation,Consumer Defensive,Food Distribution,84.29000091552734,-1.1144966823679083,-0.0154279832772163,56.50455518058652,US
SYZ,Lazard US Systematic Small Cap Equity ETF,ETF,ETF,31.05649948120117,3.102382805418461,0.0147319582006296,61.89076677750965,US
SZK,ProShares UltraShort Consumer Staples,ETF,ETF,21.049999237060547,1.2019231210093544,0.0202679801420444,48.88784479679276,US
T,AT&T Inc.,Communication Services,Telecom Services,23.790000915527344,2.3225845829133065,-0.003307371573671,58.72743806934977,US
TABD,Transamerica Bond Active ETF,EQUITY,EQUITY,24.65999984741211,0.1828156681388469,0.0012182073974039,43.30357351339245,US
TACN,T. Rowe Price Active Core International Equity ETF,EQUITY,EQUITY,29.58300018310547,2.583399875802089,0.0142780950553822,67.44415382261829,US
TACO,Berto Acquisition Corp.,Financial Services,Shell Companies,10.4399995803833,0.0958703251672724,0.0001390609267561,45.53770891057757,US
TAFL,AB Tax-Aware Long Municipal ETF,ETF,ETF,24.825000762939453,0.7140273191379053,0.0084255339368381,49.30139714017395,US
TAFM,AB Tax-Aware Intermediate Municipal ETF,ETF,ETF,25.26000022888184,0.6294357045613991,0.0096699520300216,51.91231741339443,US
TAGS,Teucrium Agricultural Fund,ETF,ETF,25.399099349975582,2.747168509241112,0.0292428247654805,57.37853612283567,US
TAIL,Cambria Tail Risk ETF,ETF,ETF,10.364999771118164,-0.7183890065097409,0.0004974635106483,32.206258458961415,US
TAL,TAL Education Group,Consumer Defensive,Education & Training Services,12.380000114440918,-0.9599990844726562,-0.0190390009379696,73.429712914987,US
TALO,Talos Energy Inc.,Energy,Oil & Gas E&P,14.380000114440918,-5.270093377152929,0.0029643025382508,50.167196886335226,US
TALV,Transamerica Large Value Active ETF,EQUITY,EQUITY,29.449899673461918,2.331214984885161,0.0023437615735494,75.38396874957336,US
TAOZ,Thornburg American Opportunities Fund ETF Class,EQUITY,EQUITY,92.18560028076172,4.506973401600313,0.0854939060189921,74.04798947296094,US
TAP,Molson Coors Beverage Company,Consumer Defensive,Beverages - Brewers,43.369998931884766,4.355143163582676,0.0513198242406498,62.560157367736615,US
TARK,Tradr 2X Long Innovation ETF,ETF,ETF,45.283599853515625,23.476032386128832,0.3308566307109648,56.71432239528286,US
TASK,"TaskUs, Inc.",Technology,Information Technology Services,7.300000190734863,20.263591174443604,0.0093960427651388,64.89107287013357,US
TATT,TAT Technologies Ltd.,Industrials,Aerospace & Defense,39.63999938964844,1.902308058464303,-0.0452075168661694,43.50819097666679,US
TAX,Cambria Tax Aware ETF,ETF,ETF,32.04439926147461,4.40975946501018,0.0269295337538799,65.55638935392861,US
TAXE,T. Rowe Price Intermediate Municipal Income ETF,ETF,ETF,50.6150016784668,0.5363004294707235,0.0117564498811918,48.49786007304941,US
TAXF,American Century Diversified Municipal Bond ETF,ETF,ETF,50.02000045776367,0.7049492291247429,0.016210916416104,50.91174448898978,US
TAXS,Northern Trust Short-Term Tax-Exempt Bond ETF,ETF,ETF,50.20500183105469,0.3778850669883004,0.0043756302699102,63.09319098920705,US
TAXT,Northern Trust Tax-Exempt Bond ETF,ETF,ETF,50.95669937133789,0.5876526822045228,0.0129400912259377,49.82708457771325,US
TBBB,BBB Foods Inc.,Consumer Defensive,Discount Stores,40.79999923706055,-1.2823677002499074,-0.0461973832971991,49.52935333790733,US
TBF,ProShares Short 20+ Year Treasu,ETF,ETF,25.239999771118164,-0.980776784012632,-0.007932073065272,58.80224671021134,US
TBG,TBG Dividend Focus ETF,ETF,ETF,38.52999877929688,1.1551552243275331,-0.0008167204294363,63.826538051289255,US
TBIL,F/m US Treasury 3 Month Bill Fund - ETF Class Shares,ETF,ETF,49.90999984741211,0.0601418978638537,0.0004283348515159,99.38851773192576,US
TBJL,Innovator 20+ Year Treasury Bond Buffer ETF – July,ETF,ETF,19.04520034790039,0.9819710050654972,0.0046993438464257,41.17630096568056,US
TBLA,Taboola.com Ltd.,Communication Services,Internet Content & Information,4.099999904632568,-18.163678296924296,-0.0105290712349792,34.88069762885492,US
TBLD,Thornburg Income Builder Opportunities Trust,Financial Services,Asset Management,22.31999969482422,1.871290964251359,0.0105934485970351,61.946053065490304,US
TBLL,Invesco Short Term Treasury ETF,ETF,ETF,105.6999969482422,0.0852157346562914,0.0019335593659039,96.11356491704764,US
TBLU,Tortoise Global Water Fund,ETF,ETF,52.973899841308594,3.240823586814564,0.0079462799552619,62.685369832390165,US
TBX,ProShares Short 7-10 Year Treasury,ETF,ETF,28.729999542236328,-0.3122836694687881,-0.0018739769528713,55.9082040673473,US
TBXU,Direxion Daily Biotech Top 5 Bull 2X ETF,ETF,ETF,36.58470153808594,6.620528169871373,0.0639821191288042,66.65791168845588,US
TCAF,T. Rowe Price Capital Appreciation Equity ETF,ETF,ETF,42.84999847412109,3.277890432962146,0.0104710274882487,68.76677153871154,US
TCAL,T. Rowe Price Capital Appreciation Premium Income ETF,ETF,ETF,23.100000381469727,1.98675836873437,0.0058936047040189,66.82517675970017,US
TCAN,21Shares Canton Network ETF,ETF,ETF,15.57800006866455,-21.757909653176768,-0.0758108506556105,19.883904580553946,US
TCBI,"Texas Capital Bancshares, Inc.",Financial Services,Banks - Regional,99.33000183105467,0.4855876219960272,0.0026226249724418,44.19502391368054,US
TCBK,TriCo Bancshares,Financial Services,Banks - Regional,57.27000045776367,-0.4692395784978366,-0.0218660289084344,51.19385308522735,US
TCBX,"Third Coast Bancshares, Inc.",Financial Services,Banks - Regional,44.310001373291016,1.0720830726899089,-0.0390163668255137,66.250790961385,US
TCI,Transcontinental Realty Investo,Real Estate,Real Estate Services,36.77000045776367,-9.855357606117131,-0.2244890594246458,36.94850226487087,US
TCMD,"Tactile Systems Technology, Inc.",Healthcare,Medical Devices,29.5,4.7213344696626285,0.0072090688556484,55.925188395835065,US
TCV,Towle Value ETF,EQUITY,EQUITY,33.38890075683594,1.9913286337797351,0.0071230207900979,56.1449056399448,US
TDAQ,TappAlpha Innovation 100 Growth & Daily Income ETF,ETF,ETF,27.440000534057617,4.732823416067125,0.0267393218049198,56.61782688244424,US
TDAY,"USA TODAY Co., Inc.",Communication Services,Publishing,7.25,-16.570766972577747,-0.0814097350148614,30.60559117021714,US
TDG,Transdigm Group Incorporated,Industrials,Aerospace & Defense,1225.25,-2.32226317140107,-2.7957255844385718,43.611889636500734,US
TDIV,First Trust NASDAQ Technology Dividend Index Fund,ETF,ETF,117.04000091552734,5.947315671426768,0.1041227805219471,63.51059522112141,US
TDOC,"Teladoc Health, Inc.",Healthcare,Health Information Services,7.130000114440918,6.259315557469537,0.0618754663341453,40.10311450517028,US
TDOG,21Shares Dogecoin ETF,ETF,ETF,14.039999961853027,0.0213739364751117,0.0033011622927145,40.16849078687585,US
TDOT,21Shares Polkadot ETF,ETF,ETF,9.768400192260742,6.875271611965168,-0.0110239256524347,44.7406950332988,US
TDS,"Telephone and Data Systems, Inc",Communication Services,Telecom Services,32.97999954223633,-1.7867845625412653,-0.1733740575723427,37.87352819840114,US
TDTF,FlexShares iBoxx 5-Year Target Duration TIPS Index Fund,ETF,ETF,23.32999992370605,0.1416450076950547,0.0023607647123591,52.44639866044504,US
TDTT,TDTT,N/A,N/A,23.540000915527344,0.0340019023233552,0.0010896387768436,53.28111374778873,US
TDVI,FT Vest Technology Dividend Target Income ETF,ETF,ETF,32.0099983215332,5.469515384510482,0.0282492009233572,63.20812686833889,US
TDY,Teledyne Technologies Incorpora,Technology,Scientific & Technical Instruments,691.2999877929688,5.450215853313035,0.1700181317010969,68.7906727532906,US
TEAM,TEAM,N/A,N/A,149.07000732421875,47.57215089336008,2.257284287046237,78.56141622646442,US
TEC,Harbor Transformative Technologies ETF,ETF,ETF,33.809898376464844,6.136866621631962,0.0424392350142292,60.39444044714875,US
TECL,Direxion Daily Technology Bull 3X Shares,ETF,ETF,211.63999938964844,21.947563047020545,0.7808632230651069,57.491205094322645,US
TECS,Direxion Daily Technology Bear 3X Shares,ETF,ETF,60.220001220703125,-20.037175444269657,-0.2442074407189112,39.35943889343021,US
TECX,"Tectonic Therapeutic, Inc.",Healthcare,Biotechnology,30.979999542236328,10.5244337614173,0.1616322841983385,51.07464320287888,US
TEKY,Lazard Next Gen Technologies ETF,ETF,ETF,45.2666015625,6.349502957412136,0.0470034381651501,56.427908171320745,US
TEL,TE Connectivity plc,Technology,Electronic Components,216.3300018310547,5.172832545752628,-0.0376701063672568,59.8908211301984,US
TEMR,T. Rowe Price Emerging Markets Equity Research ETF,EQUITY,EQUITY,27.947200775146484,2.333216117410545,0.0070234161509262,52.35956935907595,US
TEMT,Tradr 2X Long TEM Daily ETF,ETF,ETF,18.40999984741211,38.213215234274536,0.3272941403571792,53.59118263976123,US
TEND,Ishares Large Cap 10% Target Buffer Dec ETF,ETF,ETF,27.86969947814941,1.628921478276897,0.0037309510560302,66.36864498567164,US
TER,"Teradyne, Inc.",Technology,Semiconductor Equipment & Materials,379.30999755859375,3.160269531407567,-0.7067065343238461,52.395315772546105,US
TEST,YieldMax TSLA Performance & Distribution Target 25 ETF,ETF,ETF,36.074798583984375,4.256313229586999,0.1311794098154852,40.586424274622594,US
TEUP,T-Rex 2X Long TE Daily Target ETF,ETF,ETF,4.784999847412109,88.38582359352748,0.080890866961139,40.78151852786024,US
TEX,Terex Corporation,Industrials,Farm & Heavy Construction Machinery,67.7300033569336,7.781672807880033,0.1850240805785979,54.4406863516484,US
TEXU,Direxion Daily Energy Top 5 Bull 2X ETF,EQUITY,EQUITY,36.66180038452149,-4.422027344728959,-0.0721355240934522,50.136110397918166,US
TEXX,Horizon Kinetics Texas ETF,ETF,ETF,29.31100082397461,-1.1766656278926138,-0.0171360012737951,51.85232764430862,US
TFC,Truist Financial Corporation,Financial Services,Banks - Regional,52.34999847412109,0.9837930556173884,-0.018617572726309,54.90912426975781,US
TFGZ,Thornburg Focus Growth Fund ETF Class,EQUITY,EQUITY,37.59130096435547,6.823820492632561,0.0460364091100305,64.74404339386794,US
TFI,State Street SPDR Nuveen ICE Municipal Bond ETF,ETF,ETF,45.060001373291016,0.6590014244718052,0.0134570277430425,49.74980069441342,US
TFIN,"Triumph Financial, Inc.",Financial Services,Banks - Regional,76.01000213623047,0.1053626112645151,-0.0304242787207904,48.30052159739414,US
TFJL,Innovator 20+ Year Treasury Bond 5 Floor ETF – Quarterly,ETF,ETF,18.854999542236328,-0.1694265340513805,0.0007463282268244,37.392372078697136,US
TFLO,iShares Treasury Floating Rate Bond ETF,ETF,ETF,50.54999923706055,0.0990083902189047,0.0006467585043676,90.69241633407252,US
TFLR,T. Rowe Price Floating Rate ETF,ETF,ETF,50.650001525878906,0.2573259440563928,0.0036926998266672,72.52021001608266,US
TFPN,Blueprint Chesapeake Multi-Asset Trend ETF,ETF,ETF,29.59499931335449,-1.0597798068331312,0.0035809939034134,43.95853867685918,US
TFSL,TFS Financial Corporation,Financial Services,Banks - Regional,17.59000015258789,-4.454099411301657,-0.0396639525489659,44.32989367058406,US
TFX,Teleflex Incorporated,Healthcare,Medical Instruments & Supplies,134.97999572753906,-1.265460391607633,-0.2719995926584693,51.32532670957233,US
TGLB,T. Rowe Price Global Equity ETF,ETF,ETF,30.38500022888184,4.394280523098177,0.0146951225929028,65.99134457165235,US
TGLS,Tecnoglass Holdings Inc.,Basic Materials,Building Materials,44.13999938964844,1.6114198551310708,-0.1086257935152779,47.137104472489824,US
TGRW,T. Rowe Price Growth Stock ETF,ETF,ETF,48.18000030517578,5.14370152074241,0.0330939550409885,60.77869410326935,US
TGT,Target Corporation,Consumer Defensive,Discount Stores,149.6999969482422,3.6057798166009576,-0.0036741312696593,67.56282317952207,US
TH,Target Hospitality Corp.,Industrials,Specialty Business Services,16.510000228881836,8.618423921414726,0.0687779972124534,49.98641082726524,US
THG,"The Hanover Insurance Group, Inc.",Financial Services,Insurance - Property & Casualty,229.0800018310547,-1.5260297370264548,-0.3049960336435617,62.69828271224181,US
THIR,THOR Index Rotation ETF,ETF,ETF,34.619998931884766,3.343280393685868,0.009927128652754,59.02582546106032,US
THLV,THOR Equal Weight Low Volatility ETF,ETF,ETF,32.8114013671875,1.22601309429436,0.0139582559935246,48.34281524911048,US
THMZ,THMZ,N/A,N/A,35.13019943237305,3.363638853321313,0.0087065692692275,68.11619283610682,US
THNR,Amplify Weight Loss Drug & Treatment ETF,ETF,ETF,26.43000030517578,4.071508900835145,0.0470282143743378,62.89955335115494,US
THO,"THOR Industries, Inc.",Consumer Cyclical,Recreational Vehicles,79.55000305175781,6.109112653702225,0.0371344252142704,56.87424513275311,US
THRO,iShares U.S. Thematic Rotation Active ETF,ETF,ETF,44.25,3.848860281992159,0.0195365627532191,64.35978774470075,US
THRV,Prospera Income ETF,ETF,ETF,24.1692008972168,0.4329954741189876,0.001507125044494,58.98380095744674,US
THVB,"Thomasville Bancshares, Inc.",Financial Services,Banks - Regional,103.0,-1.9047619047619049,0.0115619152480392,35.26833183703269,US
THW,Abrdn World Healthcare Fund,Financial Services,Asset Management,13.65999984741211,2.7840473033943702,0.0163134050264737,66.94309320886362,US
THY,Toews Agility Shares Dynamic Tactical Income ETF,ETF,ETF,21.63999938964844,0.1388189655233284,0.0039829803039845,44.59606606877063,US
THYF,T. Rowe Price U.S. High Yield ETF,ETF,ETF,51.46099853515625,0.6276870342958744,0.0046643340344371,58.651156647252414,US
THYM,T. Rowe Price High Income Municipal ETF,ETF,ETF,50.258399963378906,0.6980567361890342,0.0181993441615829,49.50955255189456,US
THYP,21Shares Hyperliquid ETF,EQUITY,EQUITY,31.63999938964844,4.595039304622934,0.0287894529732326,42.208773892617565,US
TIC,"TIC Solutions, Inc.",Industrials,Specialty Business Services,10.0600004196167,37.61970585996343,0.10037821685503,78.82757155844433,US
TIER,T. Rowe Price International Equity Research ETF,ETF,ETF,32.88999938964844,2.624105616016658,0.0154533942421296,62.27354008972434,US
TIIV,AAM Todd International Intrinsic Value ETF,EQUITY,EQUITY,30.83300018310547,0.8438247382768398,-0.002040784042202,68.09036242476733,US
TILC,Thrivent International Large Cap ETF,EQUITY,EQUITY,26.15069961547852,2.3510778722319743,0.0096545691168705,65.12319851173854,US
TILE,"Interface, Inc.",Consumer Cyclical,"Furnishings, Fixtures & Appliances",38.290000915527344,11.762997056135845,0.1965515270999208,72.65644707516935,US
TINS,Templeton International Insights ETF,EQUITY,EQUITY,29.49399948120117,0.5934508464802912,-0.0024508777242654,55.4637763719367,US
TIP,iShares TIPS Bond ETF,ETF,ETF,107.08000183105467,0.2190150350051319,0.0123666912596078,49.39606944092888,US
TIPA,Northern Trust 2030 Inflation-Linked Distributing Ladder ETF,EQUITY,EQUITY,98.56999969482422,-0.1031770314195865,-0.0028582608075768,49.67877763720483,US
TIPB,Northern Trust 2035 Inflation-Linked Distributing Ladder ETF,EQUITY,EQUITY,97.45099639892578,-0.1334853250582283,-0.002169189296428,45.98879860525755,US
TIPC,Northern Trust 2045 Inflation-Linked Distributing Ladder ETF,EQUITY,EQUITY,95.98400115966795,-0.0176030733456091,0.0016941256652932,43.07317486753104,US
TIPT,Tiptree Inc.,Financial Services,Asset Management,18.1200008392334,1.969613801089196,0.017139126666314,54.90192105332656,US
TIPZ,PIMCO Broad U.S. TIPS Index Exchange-Traded Fund,ETF,ETF,51.084999084472656,0.3634529529428252,0.0064874857827193,49.21139809911976,US
TISC,Thrivent International Small Cap ETF,ETF,ETF,24.027099609375,3.4758842372416483,0.0199568533694046,64.96881841685826,US
TITN,Titan Machinery Inc.,Industrials,Industrial Distribution,19.09000015258789,12.360214301118376,0.0020151381559087,49.672362369531456,US
TJAN,Innovator Equity Defined Protec,ETF,ETF,28.395000457763672,0.3534206792722671,-0.0021037347998253,66.20915081558866,US
TJUN,FT Vest Emerging Markets Buffer ETF - June,ETF,ETF,22.60890007019043,2.0856130601238125,0.0061041628126765,53.77370891358841,US
TJX,"The TJX Companies, Inc.",Consumer Cyclical,Apparel Retail,161.36000061035156,2.5549792589469127,-0.0042777259537456,60.00641541679714,US
TKO,"TKO Group Holdings, Inc.",Communication Services,Entertainment,186.55999755859372,2.6126176028736645,0.0999464721140888,49.13446393301988,US
TLDR,The Laddered T-Bill ETF,ETF,ETF,25.030000686645508,0.1079734757824434,0.0001036315790358,67.39580940217476,US
TLH,iShares 10-20 Year Treasury Bond ETF,ETF,ETF,97.0500030517578,0.9244991317845253,0.0199059439696219,45.12542708582543,US
TLRY,"Tilray Brands, Inc.",Healthcare,Drug Manufacturers - Specialty & Generic,4.570000171661377,0.6607975784234335,0.0009139315413881,55.34937835160155,US
TLTD,FlexShares Morningstar Developed Markets ex-US Factor Tilt Index Fund,ETF,ETF,104.43800354003906,3.2506198364405674,0.0638443873195255,71.22461090779436,US
TLTP,Amplify TLT U.S. Treasury 12% Option Income ETF,ETF,ETF,20.10020065307617,0.7528816260285103,0.0062835828580959,42.88523045909236,US
TMAT,Main Thematic Innovation ETF,ETF,ETF,29.6200008392334,6.931408026756314,0.0526465185068326,56.18605670425215,US
TMB,Thornburg Multi Sector Bond ETF,ETF,ETF,25.239999771118164,0.3738163644839637,-7.304841478796877e-05,51.337331478477736,US
TMC,TMC the metals company Inc.,Basic Materials,Other Industrial Metals & Mining,4.570000171661377,28.370793402127365,0.0381663012443455,61.90656262393958,US
TMDV,ProShares Russell US Dividend Growers ETF,ETF,ETF,53.64099884033203,1.4525329104480842,-0.0132655710066099,62.70639129205313,US
TMED,T. Rowe Price Health Care ETF,ETF,ETF,34.8922004699707,2.9845634299105543,0.0333551181946655,60.01670101763603,US
TMFE,Motley Fool Capital Efficiency 100 Index ETF,ETF,ETF,30.97410011291504,2.777652078258193,0.0081745703366385,65.40695165777078,US
TMFS,Motley Fool Small-Cap Growth ETF,ETF,ETF,37.01350021362305,4.495916870813254,0.0138084661972725,63.73129772078177,US
TMFX,Motley Fool Next Index ETF,ETF,ETF,24.190399169921875,4.924740185282929,0.0246095396863025,66.3502944853548,US
TMNL,T. Rowe Price Long Municipal Income ETF,ETF,ETF,49.83319854736328,0.6182448310532853,0.0129590604475638,49.8144835637012,US
TMNS,T. Rowe Price Short Municipal Income ETF,ETF,ETF,49.88219833374024,0.3968943443669204,0.0058661094311772,56.26800888881455,US
TMO,Thermo Fisher Scientific Inc,Healthcare,Diagnostics & Research,594.0,3.430265127244434,0.6111543481746438,71.70901221401007,US
TMP,Tompkins Financial Corporation,Financial Services,Banks - Regional,98.7300033569336,-1.1117718566419597,-0.2022565220070031,56.53729853179316,US
TMSF,T. Rowe Price Multi-Sector Income ETF,ETF,ETF,50.20500183105469,0.6233230803247822,0.0044144397827034,64.09833506770917,US
TMSL,T. Rowe Price Small-Mid Cap ETF,ETF,ETF,44.40999984741211,3.8587502119895865,0.034351488472631,63.41573987773484,US
TMUS,"T-Mobile US, Inc.",Communication Services,Telecom Services,177.19000244140625,2.593941030273468,0.157665701090792,46.608121623225,US
TMV,Direxion Daily 20-Year Treasury,ETF,ETF,41.790000915527344,-2.723459482959332,-0.0360317744650511,58.33226043923504,US
TNC,Tennant Company,Industrials,Specialty Industrial Machinery,73.88999938964844,-12.06711833506144,-0.5550551485651503,30.96660192162929,US
TNGX,"Tango Therapeutics, Inc.",Healthcare,Biotechnology,27.06999969482422,-0.4047115861533508,-0.0846853451212038,46.18982965125207,US
TNGY,Tortoise Energy Fund,ETF,ETF,10.130000114440918,-3.3396893423978504,-0.0069733457336715,47.226820112561946,US
TNL,Travel + Leisure Co.,Consumer Cyclical,Travel Services,76.69999694824219,0.8945018879289865,-0.0843844705231628,54.00947666689132,US
TNXT,T. Rowe Price Innovation Leaders ETF,ETF,ETF,28.403200149536133,4.692963612806668,0.0240666201793838,63.312242200746525,US
TOAK,Twin Oak Short Horizon Absolute Return ETF,ETF,ETF,28.975000381469727,-0.0172503824898811,-0.0002969405699268,56.52695257560389,US
TOCT,Innovator Equity Defined Protection ETF - 2 Yr To October 2027,ETF,ETF,27.280000686645508,0.5714311028405819,0.0010652442334358,66.86693581637952,US
TOGA,Tremblant Global ETF,ETF,ETF,31.045499801635746,3.484999338785808,0.0246941775584882,55.63633693810865,US
TOI,"The Oncology Institute, Inc.",Healthcare,Medical Care Facilities,6.389999866485596,19.21641244989763,0.0903610656200982,64.44622599539893,US
TOK,iShares MSCI Kokusai ETF,ETF,ETF,155.89999389648438,3.272381400976316,0.0630324576879813,67.38235798817381,US
TOLZ,ProShares DJ Brookfield Global Infrastructure ETF,ETF,ETF,58.95690155029297,-1.3603796239641617,-0.0098586493817592,40.34038134112626,US
TOPC,iShares S&P 500 3% Capped ETF,ETF,ETF,35.25,3.1485931420061086,0.0149267015023468,64.2201536657333,US
TOPT,iShares Top 20 U.S. Stocks ETF,ETF,ETF,34.060001373291016,4.254677937714058,0.0199551867593699,62.13473556149054,US
TOS,Twin Oak Strategic Solutions ETF,ETF,ETF,29.36000061035156,6.37681233534865,0.0477084647619356,54.060624541662825,US
TOTL,State Street DoubleLine Total Return Tactical ETF,ETF,ETF,38.83000183105469,0.6219271249489801,0.0051432351296731,50.75472995999078,US
TOTR,T. Rowe Price Total Return ETF,ETF,ETF,39.595001220703125,0.763463712271919,0.0081464997109678,50.78229825757203,US
TOV,JLens 500 Jewish Advocacy U.S. ETF,ETF,ETF,32.580501556396484,3.502448990028684,0.0126085002960329,65.85780159271582,US
TPB,"Turning Point Brands, Inc.",Consumer Defensive,Tobacco,86.86000061035156,16.418710494287822,0.2560493329414457,59.35662758387264,US
TPC,Tutor Perini Corporation,Industrials,Engineering & Construction,99.11000061035156,18.34029923624067,0.5690138144623518,71.43260395585011,US
TPFG,Timothy Plan Free Cash Flow Growth ETF,EQUITY,EQUITY,25.899999618530277,3.5171828323989462,0.0001149928950851,50.67711761087684,US
TPFI,Timothy Plan Fixed Income ETF,EQUITY,EQUITY,24.649999618530277,0.1625315204660595,-0.0020448344545329,44.77436141162335,US
TPIF,Timothy Plan International ETF,ETF,ETF,38.91999816894531,2.745504412631804,0.0167512515153886,67.02606685830179,US
TPL,Texas Pacific Land Corporation,Energy,Oil & Gas E&P,340.6499938964844,-15.38327655159391,-1.9806923289888656,29.735014619455555,US
TPLS,Thornburg Core Plus Bond ETF,ETF,ETF,24.75,0.4464310595631552,0.002750367706768,46.51086407258303,US
TPOR,Direxion Daily Transportation Bull 3X Shares,ETF,ETF,42.15999984741211,7.770963697674311,0.1153133450302255,50.87289130931055,US
TPR,"Tapestry, Inc.",Consumer Cyclical,Luxury Goods,162.36000061035156,6.556412557131584,0.0072797465741452,72.44606788798592,US
TPRY,VistaShares Target 15 TEPRTantrum Contrarian Distribution ETF,EQUITY,EQUITY,19.074899673461918,3.724308355328172,0.0135574829398247,52.5686375048256,US
TPUT,T. Rowe Price Capital Appreciation Market Opportunities ETF,EQUITY,EQUITY,25.174999237060547,0.1392197623780404,-0.000814952009289,73.18650456481706,US
TPYP,Tortoise North American Pipeline Fund,ETF,ETF,41.650001525878906,-3.0267734900304952,-0.0225880981125654,39.52454625263706,US
TQQY,GraniteShares YieldBOOST QQQ ETF,ETF,ETF,12.31999969482422,0.2033315849950691,0.0013827359558468,46.5329689812321,US
TRAX,"First Tracks Biotherapeutics, Inc.",Healthcare,Biotechnology,45.33000183105469,2.9291573313126875,-0.1965438355018403,69.01407534014832,US
TRBF,Angel Oak Total Return ETF,ETF,ETF,48.81999969482422,0.5975704158703987,0.0040246813438296,50.615264715436425,US
TRC,Tejon Ranch Co,Industrials,Conglomerates,16.690000534057617,-1.4176005126520417,0.026976539245039,28.851011080946577,US
TREE,"LendingTree, Inc.",Financial Services,Financial Conglomerates,32.130001068115234,0.8474590476810808,0.1311811988959448,31.738627946568823,US
TREX,"Trex Company, Inc.",Industrials,Building Products & Equipment,49.16999816894531,13.399440675299942,0.0777509633123013,62.35383100137814,US
TRFK,Pacer Data and Digital Revolution ETF,ETF,ETF,94.70999908447266,6.236676907941237,0.0793767755214946,51.16268872994441,US
TRFM,AAM Transformers ETF,ETF,ETF,61.18320083618164,5.877104125387868,0.0779625624868615,57.60002084050251,US
TRGP,Targa Resources Corp.,Energy,Oil & Gas Midstream,256.8699951171875,-4.993157615048461,-0.3038802669848319,40.66140892910896,US
TRIN,Trinity Capital Inc.,Financial Services,Asset Management,18.049999237060547,2.8490029728556565,0.028266569705711,58.05533661482151,US
TRIP,"Tripadvisor, Inc.",Consumer Cyclical,Travel Services,10.779999732971191,-23.92378493345345,-0.1141960651803027,31.425000499364145,US
TRLV,Trulieve Cannabis Corp.,Healthcare,Drug Manufacturers - Specialty & Generic,8.75,1.1560738251999796,0.0006876655182244,49.74769121625315,US
TRND,Pacer Trendpilot Fund of Funds ETF,ETF,ETF,37.16999816894531,2.292419096602214,0.0069834157312439,58.34124549993077,US
TRNO,Terreno Realty Corporation,Real Estate,REIT - Industrial,68.76000213623047,-4.0334952241482,-0.019800215442044,43.03853308246774,US
TROW,"T. Rowe Price Group, Inc.",Financial Services,Asset Management,114.0199966430664,2.0313169065471195,0.0230628104944037,48.02058189645651,US
TROX,TROX,N/A,N/A,6.510000228881836,11.47260374637228,0.0127767818885061,52.448095384646976,US
TRS,TriMas Corporation,Consumer Cyclical,Packaging & Containers,40.2400016784668,0.8749973104590867,-0.004073219006374,47.98190587879743,US
TRSY,Xtrackers US 0-1 Year Treasury ETF,ETF,ETF,30.145000457763672,0.0796855233364475,0.0003019009878679,84.94716605853918,US
TRTX,"TPG RE Finance Trust, Inc.",Real Estate,REIT - Mortgage,8.050000190734863,1.0037691674931544,0.015273833254602,40.54216939290672,US
TRUD,VanEck Consumer Disc TruSector ETF,ETF,ETF,26.85569953918457,2.769399856678793,0.0128909318854806,62.52542745787369,US
TRUT,Vaneck Technology Trusector ETF,ETF,ETF,32.349098205566406,6.985146436335671,0.0349125686953153,62.93675470706908,US
TRV,"The Travelers Companies, Inc.",Financial Services,Insurance - Property & Casualty,384.30999755859375,2.657872795268748,-0.1227675148028044,66.02679040029585,US
TSAT,Telesat Corporation,Technology,Communication Equipment,58.91999816894531,58.13204729774348,0.4215223326157256,70.4106036037535,US
TSCV,Thrivent Small Cap Value ETF,ETF,ETF,32.47999954223633,1.1396934272789,-0.0027829806005402,55.288737428835525,US
TSEC,Touchstone Securitized Income ETF,ETF,ETF,25.59000015258789,0.4317135491671518,0.0053095202562501,46.33068657869829,US
TSEG,TSEG,N/A,N/A,9.520000457763672,26.59575108922733,0.1434132148805595,51.81920960761097,US
TSEL,Touchstone Sands Capital US Select Growth ETF,ETF,ETF,28.91659927368164,4.245282597223106,0.0087798783721527,55.54953837372496,US
TSEM,Tower Semiconductor Ltd.,Technology,Semiconductors,252.4900054931641,14.940596165971336,2.0930610118108284,54.98383450400795,US
TSES,Truth Social American Energy Security ETF,EQUITY,EQUITY,30.329700469970703,-1.3283245111170474,-0.0089661663985851,47.02758237302315,US
TSHA,"Taysha Gene Therapies, Inc.",Healthcare,Biotechnology,6.559999942779541,11.945388964442351,0.0179930343885103,60.39692093343289,US
TSIC,TSIC,N/A,N/A,25.620500564575195,1.3028357660556351,0.0032744770190408,56.14016223547119,US
TSLA,"Tesla, Inc.",Consumer Cyclical,Auto Manufacturers,328.5799865722656,5.581438769357374,1.3788049356644765,41.4074648056486,US
TSLI,ProShares Ultra TSLA,EQUITY,EQUITY,15.09280014038086,10.732208464107876,0.1389272028731607,38.80327949299355,US
TSLL,Direxion Daily TSLA Bull 2X Shares,ETF,ETF,8.109999656677246,10.943908620517918,0.0757019247873154,38.9225760495716,US
TSLP,Kurv Yield Premium Strategy Tesla ETF,ETF,ETF,13.77530002593994,4.65871119020731,0.0579650934125337,39.04546767471856,US
TSLR,Graniteshares 2x Long TSLA Daily ETF,ETF,ETF,13.949999809265137,11.066873751671872,0.1292820663225526,39.01601648682596,US
TSLS,Direxion Daily TSLA Bear 1X Shares,ETF,ETF,63.20000076293945,-5.346706694042753,-0.2285012413589444,55.65684296341155,US
TSLT,T-Rex 2X Long Tesla Daily Target ETF,ETF,ETF,11.31999969482422,10.980391240220747,0.1060156381547452,38.8664370664908,US
TSLW,Roundhill ETF Trust - Roundhill TSLA WeeklyPay ETF,ETF,ETF,16.860000610351562,6.634626201102778,0.0890913748777584,41.02693579626695,US
TSLX,"Sixth Street Specialty Lending, Inc.",Financial Services,Asset Management,19.100000381469727,11.305364518113254,0.0457638543844346,71.35471825084825,US
TSLY,YieldMax TSLA Option Income Strategy ETF,ETF,ETF,21.549999237060547,3.3799490182597496,0.0661276840773663,38.65417700599718,US
TSME,Thrivent Small-Mid Cap Equity ETF,ETF,ETF,50.38999938964844,4.24079278152588,0.0163825113143415,56.35443360591525,US
TSMG,Leverage Shares 2X Long TSM Daily ETF,ETF,ETF,37.87080001831055,7.55694689867596,0.0954240530767722,50.20286960042501,US
TSMU,GraniteShares 2x Long TSM Daily ETF,ETF,ETF,68.20890045166016,7.162449043976356,0.1762225833432031,50.11709091128043,US
TSMX,Direxion Daily TSM Bull 2X Shares,ETF,ETF,78.33000183105469,7.419094621444124,0.2058210890003327,50.33269064797194,US
TSMZ,Direxion Daily TSM Bear 1X Shares,ETF,ETF,7.894700050354004,-3.605611052002967,-0.0090725944748809,46.09259876820772,US
TSN,"Tyson Foods, Inc.",Consumer Defensive,Farm Products,58.040000915527344,0.138029386332616,-0.0628798049996541,46.85373101679327,US
TSOL,21Shares Solana ETF,ETF,ETF,7.170000076293945,1.1283486880723728,0.0061356836053677,47.6453887054577,US
TSPA,T. Rowe Price US Equity Research ETF,ETF,ETF,48.7400016784668,3.438036467114224,0.0160603566618939,64.06349200440121,US
TSPX,Twin Oak Active Opportunities ETF,ETF,ETF,30.535999298095703,2.963886172889512,0.0067158290462234,64.02041219556705,US
TSRS,Truth Social American Red State REITs ETF,EQUITY,EQUITY,27.52120018005371,-0.6777561666511558,0.0065934561118522,44.41156372175725,US
TSSD,Truth Social American Security & Defense ETF,EQUITY,EQUITY,31.062299728393555,8.197081488812223,0.0349178079391294,70.26137002570957,US
TSYW,TSYW,N/A,N/A,41.761600494384766,1.242696642929581,0.0167072638467203,41.2584633754166,US
TSYY,GraniteShares YieldBOOST TSLA ETF,ETF,ETF,20.32999992370605,0.4943172700570017,0.0140048323858892,38.15200306981516,US
TT,Trane Technologies plc,Industrials,Building Products & Equipment,482.30999755859375,6.013844294417111,0.6669167539654037,55.24659806481589,US
TTAN,"ServiceTitan, Inc.",Technology,Software - Application,85.83000183105469,3.3349438404532443,-0.0984936083064824,62.61087652364727,US
TTEK,"Tetra Tech, Inc.",Industrials,Engineering & Construction,35.439998626708984,6.875750270773333,0.0222963729740885,69.56516469719926,US
TTI,"Tetra Technologies, Inc.",Industrials,Conglomerates,8.510000228881836,10.519486229623723,0.0211352273555332,47.08656245600814,US
TTMI,TTMI,N/A,N/A,137.2100067138672,18.858284660476087,0.6383597685851257,48.822953610103056,US
TTWO,"Take-Two Interactive Software, Inc.",Communication Services,Electronic Gaming & Multimedia,246.5,1.4737369743288398,0.6497047790622887,55.68726056185626,US
TTXU,Direxion Daily Technology Top 5 Bull 2X ETF,EQUITY,EQUITY,35.31999969482422,14.973959909790851,0.0662470838772869,62.91891823428284,US
TUA,Simplify Short Term Treasury Futures Strategy ETF,ETF,ETF,20.39150047302246,0.8731156027816058,0.0029363178184182,54.52149015644453,US
TUG,STF Tactical Growth ETF,ETF,ETF,47.005001068115234,4.37437821112001,0.0346314090151715,58.61467992561712,US
TUGN,STF Tactical Growth & Income ETF,ETF,ETF,27.90559959411621,4.3355989367740255,0.0215923739742739,58.753843172463895,US
TUR,iShares MSCI Turkey ETF,ETF,ETF,38.75,1.8129232837947236,0.0191915084424648,49.06291919671612,US
TURF,T. Rowe Price Natural Resources ETF,ETF,ETF,33.369998931884766,2.424791456202641,0.0135724609797987,62.410102498555126,US
TUSB,Thrivent Ultra Short Bond ETF,ETF,ETF,50.45500183105469,0.0594994436253551,-0.0014097619877332,71.68471025279952,US
TUSI,Touchstone Ultra Short Income ETF,ETF,ETF,25.30500030517578,0.0988908933989064,0.0010214878750383,50.48334022162163,US
TVAL,T. Rowe Price Value ETF,ETF,ETF,43.41999816894531,1.9009564585572225,0.0020935520505795,69.6289786847318,US
TVTX,"Travere Therapeutics, Inc.",Healthcare,Biotechnology,61.31999969482422,9.71551326619175,0.0661206097950335,63.58508328976946,US
TW,Tradeweb Markets Inc.,Financial Services,Capital Markets,102.62000274658205,2.109455469235852,-0.0081155986353271,53.01369728022673,US
TWFG,"TWFG, Inc.",Financial Services,Insurance Brokers,29.06999969482422,8.47015120293208,0.0591596775718128,68.80089488881973,US
TWI,"Titan International, Inc.",Industrials,Farm & Heavy Construction Machinery,7.360000133514404,1.9390629832558164,0.0094104952003778,45.987301756085785,US
TWLO,Twilio Inc.,Technology,Software - Infrastructure,241.27999877929688,22.259939861739216,3.190655321380089,73.59709269943423,US
TWN,"The Taiwan Fund, Inc.",Financial Services,Asset Management,91.80999755859376,11.813417216098903,0.2775960392047127,56.26446919778494,US
TWO,Two Harbors Investment Corp.,Real Estate,REIT - Mortgage,12.119999885559082,0.2481367460096342,0.005552950467706,57.90680003386132,US
TWST,Twist Bioscience Corporation,Healthcare,Diagnostics & Research,115.66999816894533,26.34625266320445,0.4868106113245898,67.68707421360315,US
TXG,"10x Genomics, Inc.",Healthcare,Health Information Services,52.02999877929688,10.069808071582992,0.3093807877769108,67.74939312338645,US
TXN,Texas Instruments Incorporated,Technology,Semiconductors,286.0799865722656,3.7499081395853313,0.7581048050112793,50.53553853405407,US
TXNM,"TXNM Energy, Inc.",Utilities,Utilities - Regulated Electric,57.59999847412109,0.1791409025699995,-0.0007998724992322,55.45796415606092,US
TXUE,Thornburg International Equity ETF,ETF,ETF,36.668701171875,1.5978669318310452,-0.0027656943860083,73.63127405138643,US
TXUG,Thornburg International Growth ETF,ETF,ETF,27.839099884033203,3.6027672348300266,0.016013875731235,60.77304800195176,US
TXXD,21Shares 2x Long Dogecoin ETF,ETF,ETF,2.940000057220459,0.5815928628099737,0.0014973823915317,39.13566911612682,US
TXXH,21Shares 2x Long HYPE ETF,EQUITY,EQUITY,31.835899353027344,7.083416896119492,0.0615964580580894,39.693323663174645,US
TXXI,BondBloxx IR+M Tax-Aware Intermediate Duration ETF,ETF,ETF,50.18040084838867,0.7921937007460137,0.0127170096370308,52.162358599809465,US
TY,Tri-Continental Corporation,Financial Services,Asset Management,35.72999954223633,2.4369221562269407,0.0167999443728112,64.31995268777706,US
TYA,Simplify Intermediate Term Treasury Futures Strategy ETF,ETF,ETF,12.404999732971191,1.4309092173756814,0.0030617411269663,48.99652981994269,US
TYIDY,Toyota Industries Corporation,Industrials,Farm & Heavy Construction Machinery,128.0,0.3842819038196095,-0.0005302950258164,55.13729636357736,US
TYLD,Cambria Tactical Yield ETF,ETF,ETF,25.375,0.19743034769703,0.000719097606629,69.76972021782129,US
TYRA,"Tyra Biosciences, Inc.",Healthcare,Biotechnology,26.51000022888184,-16.84441365510888,-0.1046775733156845,35.6804992858367,US
TZA,Direxion Small Cap Bear 3X ETF,ETF,ETF,37.59999847412109,-10.0478488985609,-0.0733963207554073,40.376867411416455,US
UAL,"United Airlines Holdings, Inc.",Industrials,Airlines,129.55999755859375,6.783149759610881,-0.1041718987434796,58.50962236941768,US
UAPR,Innovator U.S. Equity Ultra Buffer ETF - April,ETF,ETF,35.65999984741211,0.8769487600344887,0.004364762975437,71.83541700889924,US
UAUG,Innovator U.S. Equity Ultra Buffer ETF - August,ETF,ETF,43.00870132446289,1.3161379304643157,0.0032583130649116,85.31213979049559,US
UBER,"Uber Technologies, Inc.",Technology,Software - Application,75.0199966430664,6.623075600185898,0.3263848462291943,58.06674312580778,US
UBEW,Roundhill UBER WeeklyPay ETF,ETF,ETF,27.593700408935547,7.573581374653196,0.1372861896409482,57.44979859200885,US
UBOT,"Direxion Daily Robotics, Artificial Intelligence & Automation Index Bull 2X Shares",ETF,ETF,25.118099212646484,13.553789600656224,0.0488318639295474,59.19649749298953,US
UBR,ProShares Ultra MSCI Brazil Capped,ETF,ETF,30.214099884033203,-7.827635725490743,-0.1259737793240058,42.79204285223529,US
UBRL,GraniteShares 2x Long UBER Daily ETF,ETF,ETF,15.760000228881836,12.65189768921778,0.1280215053864805,56.84095149988193,US
UBSI,"United Bankshares, Inc.",Financial Services,Banks - Regional,48.31999969482422,-0.2683200538041586,-0.0591126991980752,57.399240463878726,US
UBT,ProShares Ultra 20+ Year Treasu,ETF,ETF,15.130000114440918,2.6458639713613024,0.0132947766418239,43.60977662226709,US
UCB,"United Community Banks, Inc.",Financial Services,Banks - Regional,35.5099983215332,0.1975160765707936,-0.0209957707545841,51.47432169196227,US
UCIB,UBS ETRACS UBS Bloomberg Constant Maturity Commodity Index (CMCI) Total Return ETN Series B,ETF,ETF,35.290000915527344,1.5539594691434353,0.0080737830711483,53.45415394675504,US
UCON,First Trust Smith Unconstrained Plus Bond ETF,ETF,ETF,24.700000762939453,0.5291048829057157,0.0022852831688268,54.88228286364423,US
UCOP,ProShares Ultra Copper K-1 Free ETF,ETF,ETF,43.22010040283203,1.1943369920249514,-0.1341921604969079,55.51069116574139,US
UCRD,VictoryShares ESG Corporate Bond ETF,ETF,ETF,21.184999465942383,0.5553382764333632,-0.0022667510948013,46.33326631146058,US
UCTT,"Ultra Clean Holdings, Inc.",Technology,Semiconductor Equipment & Materials,87.25,4.729327279880376,0.5506404601450487,46.90287208399374,US
UCYB,ProShares Ultra Nasdaq Cybersecurity,ETF,ETF,89.12100219726562,12.405875109843649,0.1020870904231237,66.33059054791426,US
UDEC,Innovator U.S. Equity Ultra Buffer ETF - December,ETF,ETF,42.49599838256836,1.1087309464806037,0.005144023890606,66.89282875431283,US
UDI,USCF Dividend Income ETF,ETF,ETF,36.93000030517578,0.0487688475473837,-0.0011759464789544,57.37630318476354,US
UDOW,ProShares UltraPro Dow30,ETF,ETF,76.13999938964844,8.616263975750497,-0.0054867659609822,62.613245424970216,US
UEC,Uranium Energy Corp.,Energy,Uranium,11.260000228881836,17.291664390100465,0.0372639980965088,60.28425717551468,US
UEVM,VictoryShares Emerging Markets Value Momentum ETF,ETF,ETF,60.28499984741211,0.4632790808923443,-0.024615832964934,61.259313464455296,US
UFCS,"United Fire Group, Inc.",Financial Services,Insurance - Property & Casualty,54.470001220703125,6.055297066575082,0.0067458548954684,63.1961883623932,US
UFEB,Innovator U.S. Equity Ultra Buffer ETF - February,ETF,ETF,39.310001373291016,1.0020637787616622,0.0034668830521506,67.74757100429024,US
UFIV,F/m US Treasury 5 Year Note ETF,ETF,ETF,47.99789810180664,0.4497355785677294,0.0047421933193232,53.66387250642978,US
UFO,Procure Space ETF,ETF,ETF,48.130001068115234,9.910938711693392,0.0876078771877828,57.27310658834752,US
UFOD,Tuttle Capital UFO Disclosure ETF,ETF,ETF,25.960100173950195,12.09024328577864,0.0641558902394761,63.18159908421985,US
UFOX,Defiance Space and Connective Tech ETF,EQUITY,EQUITY,86.79000091552734,9.128633531578,0.1935704560422597,54.50274540589408,US
UFPI,"UFP Industries, Inc.",Basic Materials,Lumber & Wood Production,94.04000091552734,8.415959455317159,0.0811953824754347,63.63045826115654,US
UFPT,"UFP Technologies, Inc.",Healthcare,Medical Devices,314.010009765625,23.24751207712977,-0.3585952272872195,68.81619185041878,US
UGI,UGI Corporation,Utilities,Utilities - Regulated Gas,34.18000030517578,-5.370981960346791,-0.0607286628864134,32.27726666179946,US
UGL,ProShares Ultra Gold,ETF,ETF,50.68999862670898,14.7092106856761,0.190863983877874,64.5813946125136,US
UGLD,Direxion Daily Gold Bull 2X ETF,EQUITY,EQUITY,22.299999237060547,14.41764750611472,0.0835410001408067,65.08164936551955,US
UHT,Universal Health Realty Income Trust,Real Estate,REIT - Healthcare Facilities,42.720001220703125,-1.6121533343196608,0.0385423835362033,48.29095150474181,US
UI,Ubiquiti Inc.,Technology,Communication Equipment,566.27001953125,1.751958538385071,-0.2237991888368924,55.5831296320597,US
UITB,VictoryShares Core Intermediate Bond ETF,ETF,ETF,46.15869903564453,0.1707838573409243,-0.0053902204966007,43.91760858210168,US
UJB,ProShares Ultra High Yield,ETF,ETF,78.58999633789062,0.808103207819875,0.0025383348666389,54.53310996445323,US
UJUN,Innovator U.S. Equity Ultra Buffer ETF - June,ETF,ETF,39.2400016784668,1.842727541303282,0.0044001068694834,67.12030427048538,US
ULCC,"Frontier Group Holdings, Inc.",Industrials,Airlines,7.380000114440918,9.33333502875434,-0.0328521905959637,56.58397928895654,US
ULE,ProShares Ultra Euro,ETF,ETF,12.651599884033203,0.6491661988073381,0.001364209133928,63.07994807383972,US
ULH,"Universal Logistics Holdings, Inc.",Industrials,Trucking,20.06999969482422,49.99999643619466,0.0889367101016727,66.32531132749907,US
ULS,ULS,N/A,N/A,78.20999908447266,-14.65517284441713,-0.1021578260565037,32.2059357860913,US
ULST,State Street Ultra Short Term Bond ETF,ETF,ETF,40.31999969482422,0.116705699597199,0.0002992232480576,81.08472324735084,US
ULTA,"Ulta Beauty, Inc.",Consumer Cyclical,Specialty Retail,565.1500244140625,10.202212347303512,0.894823268959966,77.15021796475652,US
ULTY,YieldMax Ultra Option Income Strategy ETF,ETF,ETF,27.309999465942383,5.470291129517234,0.0437501373453376,57.86200053486181,US
ULVM,VictoryShares US Value Momentum ETF,ETF,ETF,109.63970184326172,0.9155554613004752,-0.021756947261819,61.25502377263721,US
UMAR,Innovator U.S. Equity Ultra Buffer ETF - March,ETF,ETF,42.880001068115234,0.9891709672602657,-0.0004557853039542,68.09869846712985,US
UMDD,ProShares UltraPro MidCap400,ETF,ETF,37.9922981262207,9.995069829721372,0.0818442514022997,61.399950495419205,US
UMH,"UMH Properties, Inc.",Real Estate,REIT - Residential,15.899999618530272,5.228325478511306,0.0322063776515826,60.0127769548585,US
UMI,USCF Midstream Energy Income Fund,ETF,ETF,59.04999923706055,-2.846330333961125,-0.0326084739996517,42.00369537645184,US
UNF,UniFirst Corporation,Industrials,Specialty Business Services,290.3699951171875,-0.8908511745746439,-0.0807960540498777,57.74066748392182,US
UNH,UnitedHealth Group Incorporated,Healthcare,Healthcare Plans,407.0799865722656,-1.7664110598532636,0.1253867604689809,44.10031835595686,US
UNHU,Direxion Daily Unh Bull 2X ETF,EQUITY,EQUITY,52.11180114746094,-4.346913389636529,0.0176331988976957,42.4839418019256,US
UNHW,Roundhill UNH WeeklyPay ETF,ETF,ETF,50.38710021972656,-2.5865602587961503,0.0093000276253272,43.21859524209202,US
UNL,"United States 12 Month Natural Gas Fund, LP",ETF,ETF,5.889999866485596,-1.9966781668254008,0.0025553203514122,38.64008008402299,US
UNP,Union Pacific Corporation,Industrials,Railroads,293.1300048828125,0.3423133479223226,-0.0871240289190113,54.00044568703508,US
UNPA,UNB Corp.,Financial Services,Banks - Regional,88.0,0.0,-0.0100532080761732,23.093686310702708,US
UNTY,"Unity Bancorp, Inc.",Financial Services,Banks - Regional,59.65999984741211,1.3075232904468683,-0.039512576117698,59.43187377902863,US
UNX,Tradr 2X Long U Daily ETF,ETF,ETF,99.72550201416016,79.47215674762572,1.307021745094299,82.51908925201664,US
UOCT,Innovator U.S. Equity Ultra Buffer ETF October,ETF,ETF,41.84109878540039,0.7490970750006429,0.0022011842307205,68.3695292006982,US
UPAL,ProShares Ultra Palladium K-1 Free ETF,ETF,ETF,27.73509979248047,15.178986214099094,0.0373384954781167,59.57404902350682,US
UPAR,UPAR Ultra Risk Parity ETF,ETF,ETF,16.110000610351562,3.0380580397580017,0.0091824413724461,56.52392213330141,US
UPBD,"Upbound Group, Inc.",Technology,Software - Application,19.82999992370605,2.269213759194424,0.0161257621551251,45.99005990711506,US
UPGR,Xtrackers US Green Infrastructure Select Equity ETF,ETF,ETF,25.179500579833984,3.8158690558828616,0.0306871035652068,48.701358150830885,US
UPLT,UPLT,N/A,N/A,25.11240005493164,11.363196916032845,0.0226171106947681,58.30592650834009,US
UPRO,ProShares UltraPro S&P500,ETF,ETF,155.05999755859375,10.536069937204882,0.1657276991514444,65.03773849898663,US
UPS,"United Parcel Service, Inc.",Industrials,Integrated Freight & Logistics,104.5,0.2686612704061777,0.0468122366509811,41.80236267048606,US
UPSX,Tradr 2X Long UPST Daily ETF,ETF,ETF,16.8700008392334,26.651660853930885,0.1077630452533928,53.27133082547232,US
UPW,ProShares Ultra Utilities,ETF,ETF,21.8799991607666,-3.992986916208228,0.0115963048049733,35.55812097593103,US
URA,Global X Uranium ETF,ETF,ETF,44.90999984741211,14.947530581530929,0.1399375425594464,60.66943248500045,US
URAN,Themes Uranium & Nuclear ETF,ETF,ETF,38.90999984741211,6.96025512689757,0.0685833388318459,56.54477261541718,US
URBN,"Urban Outfitters, Inc.",Consumer Cyclical,Apparel Retail,76.91999816894531,3.693715088294968,-0.1286637038507039,57.40547959694991,US
URE,ProShares Ultra Real Estate,ETF,ETF,71.15579986572266,-0.4953185008064156,-0.0165972166129645,48.15679382982488,US
URGN,UroGen Pharma Ltd.,Healthcare,Biotechnology,46.959999084472656,22.803339495971176,0.2085013355524856,69.48568498813424,US
URI,"United Rentals, Inc.",Industrials,Rental & Leasing Services,1162.8399658203125,7.744190954767049,0.259170489453755,62.33512832303138,US
URTH,iShares MSCI World ETF,ETF,ETF,210.47000122070312,3.49117680778052,0.1001561857558843,67.07872134051402,US
USA,USA,Financial Services,Asset Management,6.010000228881836,3.4423457499487253,0.0010889661072531,70.80355332521395,US
USAF,Atlas America Fund,ETF,ETF,28.04840087890625,1.5584070096063574,0.0126934461556436,73.20140444130658,US
USAR,"USA Rare Earth, Inc.",Basic Materials,Other Industrial Metals & Mining,19.32999992370605,29.297660002152305,0.151861912779438,58.96115479884471,US
USB,U.S. Bancorp,Financial Services,Banks - Regional,63.93999862670898,1.4759567210747893,0.0013145590658574,58.724672901210745,US
USCA,Xtrackers MSCI USA Climate Action Equity ETF,ETF,ETF,45.92100143432617,3.647446378556072,0.0188886609638738,67.34304741369778,US
USD,ProShares Ultra Semiconductors,ETF,ETF,93.66999816894533,19.03672037460336,0.4109533433989454,55.36107239708678,US
USE,USCF Energy Commodity Strategy Absolute Return Fund,ETF,ETF,30.86090087890625,-4.750310415088492,-0.0130066468299435,50.670011088977695,US
USEP,Innovator U.S. Equity Ultra Buffer ETF - September,ETF,ETF,41.8849983215332,0.3954868072923257,0.000652842122478,68.0694917296837,US
USEW,Cambria US EW ETF,ETF,ETF,56.96780014038086,2.509848725254973,0.0145679435497621,64.15801808277988,US
USFD,US Foods Holding Corp.,Consumer Defensive,Food Distribution,108.87999725341795,8.241377092489897,0.3630305598799932,70.88576989376556,US
USFR,WisdomTree Floating Rate Treasury Fund,ETF,ETF,50.40999984741211,0.0595450152061644,-0.0005446374034212,96.60273589785746,US
USHY,iShares Broad USD High Yield Corporate Bond ETF,ETF,ETF,36.81999969482422,0.6918866296140163,0.0037987254469619,63.369633654135576,US
USIG,iShares Broad USD Investment Grade Corporate Bond ETF,ETF,ETF,50.400001525878906,0.5707050362165607,0.0052207680806353,50.38835507089885,US
USIN,Wisdomtree 7-10 Year Laddered Treasury Fund ETF,ETF,ETF,49.01789855957031,0.6383021382416758,0.0057334947216476,50.22691561253064,US
USLN,iShares Broad USD Floating Rate Loan ETF,ETF,ETF,50.43999862670898,0.2603842236883978,0.0022735938930137,75.24607228814932,US
USLV,Direxion Daily Silver Bull 2X ETF,EQUITY,EQUITY,15.81999969482422,19.93934949287156,0.0668620720434696,58.97102706223214,US
USMC,Principal U.S. Mega-Cap ETF,ETF,ETF,76.30030059814453,2.9554715554637725,0.0083247906052911,65.81042161805007,US
USML,ETRACS 2x Leveraged MSCI US Minimum Volatility Factor TR ETN,ETF,ETF,46.76530075073242,5.03627788077852,0.0298000035140053,71.99717534863044,US
USMV,iShares MSCI USA Min Vol Factor ETF,ETF,ETF,100.62000274658205,2.746862486493915,0.0402489502972542,72.83517184804236,US
USNG,Amplify Samsung U.S. Natural Gas Infrastructure ETF,ETF,ETF,34.065799713134766,-0.4738837346540855,0.0035064243391332,41.99309315758485,US
USOI,UBS ETRACS Crude Oil Shares Covered Call ETN,ETF,ETF,45.04999923706055,-0.0798458485235329,0.00070646596659,54.322356079666925,US
USOY,USOY,N/A,N/A,6.75,-7.1472069338179205,-0.0002523148285808,46.13625499062086,US
USPH,USPH,N/A,N/A,80.05000305175781,1.252220495491844,0.1271266292322028,63.60946005699041,US
USRT,iShares Core U.S. REIT ETF,ETF,ETF,67.37999725341797,-0.7512183544197109,-0.0018273911729742,47.16533621623908,US
USSG,Xtrackers MSCI USA Selection Equity ETF,ETF,ETF,72.19349670410156,3.696486434921716,0.0154072320329805,68.17158526920181,US
USSH,Wisdomtree 1-3 Year Laddered Treasury Fund ETF,ETF,ETF,50.2599983215332,0.219335577881359,0.0018289644629275,62.96787356643439,US
USVN,F/m US Treasury 7 Year Note ETF,ETF,ETF,47.16419982910156,0.5719036190248428,0.0044509148270002,51.37706320121829,US
UTHR,United Therapeutics Corporation,Healthcare,Drug Manufacturers - Specialty & Generic,538.8400268554688,4.081436322654097,1.113903860566421,54.947574715858735,US
UVSP,Univest Financial Corporation,Financial Services,Banks - Regional,42.84000015258789,-2.6654092321762475,-0.0804188240719886,43.40681748551194,US
UVV,Universal Corporation,Consumer Defensive,Tobacco,50.84000015258789,-3.5110998715860937,-0.0728164422345449,41.11314111307398,US
UVXY,ProShares Ultra VIX Short-Term Futures ETF,ETF,ETF,21.6200008392334,-7.090672909633643,-0.0365380483189535,37.93652621305928,US
UX,Roundhill Uranium ETF,ETF,ETF,28.899999618530277,4.748095174691427,0.0345227850301714,57.75723316792912,US
UXAP,FT Vest U.S. Equity Uncapped Ac,ETF,ETF,44.20100021362305,4.095422588070119,0.0139328455119247,62.65344093070998,US
UXI,ProShares Ultra Industrials,ETF,ETF,62.85559844970703,5.568689088338623,-0.0078303139009383,57.41324154667633,US
UXJL,FT Vest U.S. Equity Uncapped Accelerator ETF - July,ETF,ETF,37.38999938964844,3.915956855466321,0.0111137090302325,62.25448784211719,US
UXOC,FT Vest U.S. Equity Uncapped Accelerator ETF - October,ETF,ETF,40.63309860229492,3.920972347834062,0.0149059596229489,65.38329088813101,US
UXRP,ProShares Ultra XRP ETF,EQUITY,EQUITY,9.220000267028809,-7.429716549035664,-0.0371895606835875,36.9234061420225,US
UYG,ProShares Ultra Financials,ETF,ETF,97.87000274658205,2.032948931256386,-0.0909593808768889,62.76951592877133,US
V,Visa Inc.,Financial Services,Credit Services,362.5,-0.9914524443235287,-0.5640242131663138,55.21791769240712,US
VAL,Valaris Limited,Energy,Oil & Gas Drilling,78.77999877929688,-0.5177467476563626,0.0719122199839255,51.25948681546816,US
VAW,Vanguard Materials ETF,ETF,ETF,236.41000366210935,6.075294495251543,0.224564264971429,60.97656387194528,US
VBCH,Vanguard Target Maturity 2034 Corporate Bond ETF,EQUITY,EQUITY,74.44000244140625,0.6503641341809544,0.004380890703706,50.88219698123214,US
VBIL,Vanguard 0-3 Month Treasury Bill ETF,ETF,ETF,75.54000091552734,0.0476736077674635,-0.0001524820192866,94.77270661290972,US
VBK,Vanguard Morningstar Small-Cap Growth ETF,ETF,ETF,360.6099853515625,5.918461611411707,0.6057588428890688,61.02775382186627,US
VBND,Vident U.S. Bond Strategy ETF,ETF,ETF,43.1509017944336,0.6552434559075887,0.0082465062716628,50.85926408853901,US
VCLN,Virtus Duff & Phelps Clean Energy ETF,ETF,ETF,28.440000534057617,4.424453448508661,0.0382758750508618,47.7798944806425,US
VCLT,Vanguard Long-Term Corporate Bond Index Fund ETF Shares,ETF,ETF,72.36000061035156,1.0050268381313818,0.012354051292801,45.26586934910531,US
VCR,Vanguard Consumer Discretion ET,ETF,ETF,403.0400085449219,3.000260955327349,0.2075269618057826,60.66607346201192,US
VCRB,Vanguard Core Bond ETF,ETF,ETF,76.08000183105469,0.6375859956941222,0.0084143783909589,50.82781788282024,US
VCTR,"Victory Capital Holdings, Inc.",Financial Services,Asset Management,108.16000366210938,9.219433500307394,0.227245723854764,70.38294242013968,US
VCV,Invesco California Value Municipal Income Trust,Financial Services,Asset Management,10.630000114440918,0.7582931019879182,0.007337007660516,52.076043318623576,US
VCYT,"Veracyte, Inc.",Healthcare,Diagnostics & Research,47.220001220703125,1.9430084883603145,0.2161121953507307,38.38823823567261,US
VDC,Vanguard Consumer Staples Index Fund ETF Shares,ETF,ETF,231.22000122070312,0.3428410233182752,-0.0286893187627952,53.011267582574426,US
VDE,Vanguard Energy Index Fund ETF Shares,ETF,ETF,162.3699951171875,-3.3339322872049824,-0.1666046045482234,50.03204969237365,US
VDG,Vanguard Developed Markets ex US Growth Index ETF,ETF,ETF,81.8499984741211,3.646951005317872,0.0598608054353721,60.78527147624322,US
VDIG,Vanguard Wellington Dividend Growth Active ETF,ETF,ETF,64.97949981689453,2.429931741585077,0.0087308883523215,67.39223861762743,US
VDV,Vanguard Developed Markets ex US Value Index ETF,ETF,ETF,78.77320098876953,1.9453920163176437,0.0222883569058262,63.985111567724594,US
VECO,Veeco Instruments Inc.,Technology,Semiconductor Equipment & Materials,52.78499984741211,5.569999694824219,0.1125852369387261,47.40882089669025,US
VEEV,Veeva Systems Inc.,Healthcare,Health Information Services,230.47000122070312,13.097459319505028,0.8318500306977077,75.61378996642382,US
VEFA,VanEck MSCI EAFE Analyst Sentiment ETF,EQUITY,EQUITY,84.21070098876953,3.262658292389073,0.0556649477856394,70.83351240643532,US
VEGA,AdvisorShares STAR Global Buy-Write ETF,ETF,ETF,53.31710052490234,2.4540729955943323,0.0188159869632786,63.80693805688366,US
VEGI,iShares MSCI Agriculture Producers ETF,ETF,ETF,44.47999954223633,0.6790385581446031,0.0043782527864375,47.99550230799743,US
VEGN,US Vegan Climate ETF,ETF,ETF,77.7499008178711,3.5974652316153968,0.0420285223164939,53.790500608160805,US
VELO,"Velo3D, Inc.",Technology,Computer Hardware,14.15999984741211,39.7828202116818,0.0834701181489721,54.42971025365827,US
VEM,Virtus Emerging Markets Dividend ETF,EQUITY,EQUITY,26.729999542236328,0.7538592175442136,-0.0046744253866159,50.93119704467088,US
VEMY,Virtus Stone Harbor Emerging Markets High Yield Bond ETF,ETF,ETF,28.71999931335449,0.77192741527892,0.0063576962475955,56.404341420075184,US
VERS,ProShares Metaverse ETF,ETF,ETF,73.4468002319336,7.970302953969152,0.1363492263375048,56.455174601785465,US
VERX,"Vertex, Inc.",Technology,Software - Application,11.9399995803833,-7.513557540616479,-0.0103039225476413,46.58585746205484,US
VEXC,Vanguard Emerging Markets Ex-China ETF,ETF,ETF,95.19000244140624,3.019481460447741,0.0688784051600094,57.67785969515186,US
VFC,V.F. Corporation,Consumer Cyclical,Apparel Manufacturing,14.989999771118164,4.678771582209658,0.0304450838662813,41.15054810999177,US
VFDEF,Vanguard Funds Public Limited Company - Vanguard FTSE Developed Europe UCITS ETF,MUTUALFUND,MUTUALFUND,59.01399993896485,2.9194275931675278,0.1386318085597526,63.49566291872621,US
VFH,Vanguard Financials ETF,ETF,ETF,140.89999389648438,1.199452862308028,-0.0685475118863707,63.012066880418665,US
VFLO,Victoryshares Free Cash Flow ETF,ETF,ETF,51.459999084472656,3.457976172024281,0.0391051566590578,76.50870175496371,US
VFMF,Vanguard U.S. Multifactor ETF Shares,ETF,ETF,184.75900268554688,1.5494120074272746,-0.0136283804413119,63.25341777976486,US
VFQY,VFQY,N/A,N/A,176.9499969482422,2.6439734456422896,0.0263089637547337,67.0735000537379,US
VFS,VinFast Auto Ltd.,Consumer Cyclical,Auto Manufacturers,3.3499999046325684,7.71704236759623,0.0048250356707789,61.036307869128194,US
VFVA,Vanguard U.S. Value Factor ETF Shares,ETF,ETF,160.38999938964844,2.1202100361757465,-0.0148999438731598,66.49205934476763,US
VG,"Venture Global, Inc.",Energy,Oil & Gas Midstream,13.260000228881836,-0.8968601235628331,0.0163883189970655,52.01331650219328,US
VGK,Vanguard FTSEEuropean ETF,ETF,ETF,92.5999984741211,2.2187903935147366,0.022863932425334,68.15423064010784,US
VGLT,Vanguard Long-Term Treasury Index Fund ETF Shares,ETF,ETF,53.08000183105469,0.9989563749031174,0.0141390204243527,44.10187597622975,US
VGM,Invesco Trust for Investment Grade Municipals,Financial Services,Asset Management,10.399999618530272,2.970289363661309,0.0149189568400697,58.2604418905469,US
VGMS,Vanguard Multi-Sector Income Bond ETF,ETF,ETF,50.94060134887695,0.6512367823286166,0.0062787198463322,59.39929937319716,US
VGRO,Virtus Silvant Growth Opportunities ETF,EQUITY,EQUITY,26.120800018310547,4.32462619570183,0.0052607761330242,60.27362161951663,US
VGSH,Vanguard Short-Term Treasury Index Fund ETF Shares,ETF,ETF,58.06999969482422,0.262440742374162,0.0032000569952129,64.34867408326767,US
VGSR,Vert Global Sustainable Real Estate ETF,ETF,ETF,11.594400405883787,-0.4174117034181727,-0.0030143588214829,51.1964345435139,US
VGUS,Vanguard Ultra-Short Treasury ETF,ETF,ETF,75.5250015258789,0.1007356371074007,0.0012600182288625,98.8759423997257,US
VHI,"Valhi, Inc.",Basic Materials,Chemicals,15.890000343322754,18.22917291244127,0.068058848278957,73.27285345925162,US
VHT,Vanguard Health Care ETF,ETF,ETF,312.1199951171875,2.39821449989958,0.2613541826053938,63.266550731050486,US
VIA,"Via Transportation, Inc.",Technology,Software - Application,22.209999084472656,9.193701661043708,0.0100522666382986,69.4015542976539,US
VICE,AdvisorShares Vice ETF,ETF,ETF,33.54140090942383,0.8066663938033897,0.0070852723798825,51.45212270876844,US
VICI,VICI Properties Inc.,Real Estate,REIT - Diversified,26.739999771118164,1.4800735635764892,0.0144763398859422,51.02073869208386,US
VIGI,Vanguard International Dividend Appreciation Index Fund ETF Shares,ETF,ETF,99.5999984741211,2.426985460918928,0.0514277355391944,71.99885293355419,US
VIK,Viking Holdings Ltd,Consumer Cyclical,Travel Services,105.79000091552734,1.3799736104101354,-0.1537260453615414,61.521850334775685,US
VINP,Vinci Compass Investments Ltd.,Financial Services,Asset Management,10.06999969482422,2.12981790526493,0.0085775346455503,58.775157065862416,US
VIOG,Vanguard S&P Small-Cap 600 Growth Index Fund ETF Shares,ETF,ETF,152.14999389648438,2.554592390496642,0.013718568364791,58.18525641765397,US
VIOO,Vanguard S&P Small-Cap 600 Index Fund ETF Shares,ETF,ETF,137.99000549316406,2.3209290142715955,0.013145340741367,59.36499454770001,US
VIPS,Vipshop Holdings Limited,Consumer Cyclical,Internet Retail,15.68000030517578,2.216428612815443,-0.0054291335881951,71.28637621634145,US
VIR,"Vir Biotechnology, Inc.",Healthcare,Biotechnology,8.819999694824219,1.847573328305803,0.0031095599780444,43.46870787684374,US
VIS,Vanguard Industrials Index Fund ETF Shares,ETF,ETF,356.8299865722656,3.597138556218386,0.0647846207129856,58.34447241752162,US
VITL,"Vital Farms, Inc.",Consumer Defensive,Farm Products,12.239999771118164,-3.849173517189961,-0.001336578877389,46.46405637724957,US
VIXY,ProShares VIX Short-Term Futures ETF,ETF,ETF,19.559999465942383,-4.63189055259823,-0.0208966276093583,38.19623517776885,US
VKI,Invesco Advantage Municipal Income Trust II,Financial Services,Asset Management,9.020000457763672,1.1210805001615471,0.009550807094658,47.646067852200936,US
VKQ,VKQ,Financial Services,Asset Management,9.949999809265137,1.7382421363553433,0.009586609304876,61.01246324823011,US
VKTX,"Viking Therapeutics, Inc.",Healthcare,Biotechnology,34.2599983215332,7.939503996808826,0.1504238128050198,47.92478782118194,US
VLGEA,"Village Super Market, Inc.",Consumer Defensive,Grocery Stores,43.16999816894531,-1.752390718773546,-0.0286098328990704,49.43869237365098,US
VLLU,Harbor AlphaEdge Large Cap Value ETF,ETF,ETF,26.905000686645508,1.2989504052720957,-0.0029034459067551,62.03587376055841,US
VLO,Valero Energy Corporation,Energy,Oil & Gas Refining & Marketing,298.3099975585937,-4.662830496160822,-0.5103123480496112,53.38832475103411,US
VLTO,Veralto Corporation,Industrials,Pollution & Treatment Controls,98.33999633789062,4.428159976667032,0.0346586624881397,64.48098902904236,US
VLU,State Street SPDR S&P 1500 Value Tilt ETF,ETF,ETF,247.80999755859372,1.8369365036466463,-0.0037039521574226,65.76047371123911,US
VLUE,iShares MSCI USA Value Factor ETF,ETF,ETF,197.6300048828125,3.3954198565910123,0.0917842284725473,55.64985295119641,US
VLY,Valley National Bancorp,Financial Services,Banks - Regional,14.550000190734863,1.8194557703002328,0.0001358812247862,51.13983883465917,US
VMBS,Vanguard Mortgage-Backed Securities Index Fund ETF Shares,ETF,ETF,46.2400016784668,0.7583011348083795,0.0083644535414462,52.12292436766205,US
VMC,Vulcan Materials Company,Basic Materials,Building Materials,284.69000244140625,6.002157604191216,0.2261086458088299,49.80258389570076,US
VMD,"Viemed Healthcare, Inc.",Healthcare,Medical Devices,9.729999542236328,-16.623826232858992,0.0021753265622226,28.17201748896609,US
VMO,VMO,Financial Services,Asset Management,9.829999923706056,1.7598351861205044,0.0085971021004734,59.94930620991802,US
VNET,"VNET Group, Inc.",Technology,Information Technology Services,7.329999923706055,2.2315180712635456,0.0201970180620526,46.73964359479995,US
VNGLF,Vanguard Funds Public Limited Company - Vanguard FTSE Developed Europe UCITS ETF,MUTUALFUND,MUTUALFUND,71.23470306396484,2.034833718259442,0.0197347768714185,65.52258690411908,US
VNLA,Janus Henderson Short Duration Income ETF,ETF,ETF,48.88999938964844,0.1433832348664269,0.0017679802232757,75.53292140964422,US
VNM,VanEck Vietnam ETF,ETF,ETF,17.440000534057617,2.709075407670507,-0.0044593694823342,50.62042561161198,US
VNO,Vornado Realty Trust,Real Estate,REIT - Office,39.5,0.2792602489363589,-0.0110493251570686,51.47325217471517,US
VNQI,Vanguard Global ex-U.S. Real Estate Index Fund ETF Shares,ETF,ETF,46.22999954223633,0.4345009086322383,0.0005934686711889,56.24483408255356,US
VNT,Vontier Corporation,Technology,Scientific & Technical Instruments,35.09000015258789,9.212570762750651,0.0108924865511064,74.64777859041402,US
VOE,Vanguard Morningstar Mid-Cap Value ETF,ETF,ETF,207.1000061035156,1.1526817168276178,-0.0180390129102816,65.34203496317042,US
VOLT,Tema Electrification ETF,ETF,ETF,38.09000015258789,2.640796351706242,0.0117050877166969,49.68073044334136,US
VONE,Vanguard Russell 1000 Index Fund ETF Shares,ETF,ETF,350.1700134277344,3.68956272776243,0.1535965944070108,66.58351121428736,US
VONV,Vanguard Russell 1000 Value Index Fund ETF Shares,ETF,ETF,112.97000122070312,2.309367047675771,0.0156568933065395,71.92887763087124,US
VOOG,Vanguard S&P 500 Growth Index Fund ETF Shares,ETF,ETF,85.41999816894531,5.080572280605167,0.047941529200485,63.8007530554916,US
VOOV,Vanguard S&P 500 Value Index Fund ETF Shares,ETF,ETF,227.6000061035156,1.7752542744805204,0.0338303347917643,64.30132358822271,US
VOT,Vanguard Morningstar Mid-Cap Growth ETF,ETF,ETF,306.2799987792969,3.6410429634684376,0.1568341380807585,59.40942997658878,US
VOTE,TCW Transform 500 ETF,ETF,ETF,91.21810150146484,3.833924969658284,0.0385311156962648,66.42833312502216,US
VOX,Vanguard Communication Services,ETF,ETF,187.5200042724609,3.157666152332375,0.0746523133991523,51.850973555688896,US
VOXP,Advisors Series Trust - Vox Populi ETF,ETF,ETF,39.74100112915039,3.683901527083217,0.0109386546648494,63.45669651746041,US
VOYA,"Voya Financial, Inc.",Financial Services,Financial Conglomerates,101.4000015258789,1.981294593841591,0.0286844596208544,65.64844089153635,US
VOYG,"Voyager Technologies, Inc.",Industrials,Aerospace & Defense,41.84999847412109,70.60740849022824,0.4252126113958692,70.65622509476829,US
VPC,Virtus Private Credit ETF,ETF,ETF,15.735099792480469,6.534186220756033,0.0298142955978744,69.76574489746925,US
VPG,"Vishay Precision Group, Inc.",Technology,Scientific & Technical Instruments,68.58999633789062,-25.486155280924983,-0.2913848936970691,32.44718498537969,US
VPL,Vanguard FTSE Pacific Index Fund ETF Shares,ETF,ETF,113.75,4.329084906492158,0.1041903884572265,56.18819052110236,US
VPU,Vanguard Utilities ETF,ETF,ETF,188.8600006103516,-1.2341808363591038,0.08094972265244,37.17122601982714,US
VRAI,Virtus Real Asset Income ETF,ETF,ETF,28.11829948425293,-1.3669845090477295,-0.0046104271120609,46.5963641400753,US
VRDN,"Viridian Therapeutics, Inc.",Healthcare,Biotechnology,23.59000015258789,24.68287556798312,0.1298166775608019,76.05833496370253,US
VREX,Varex Imaging Corporation,Healthcare,Medical Devices,12.40999984741211,10.902594394798172,-0.0025587288109849,73.40693448693666,US
VRNS,"Varonis Systems, Inc.",Technology,Software - Infrastructure,43.52000045776367,8.936169278214411,0.1473395514975384,53.27668771886766,US
VRP,Invesco Variable Rate Preferred ETF,ETF,ETF,24.270000457763672,0.5385297075482969,0.0043177044327301,57.68135400768235,US
VRRM,Verra Mobility Corporation,Technology,Information Technology Services,4.900000095367432,-7.372398285405339,-0.0556626532964731,49.51172141839215,US
VRSK,"Verisk Analytics, Inc.",Industrials,Consulting Services,191.82000732421875,-1.5550416650678287,0.0698884560974333,48.47449030879064,US
VRSN,"VeriSign, Inc.",Technology,Software - Infrastructure,294.5599975585937,1.565412287739882,-0.3746454183097301,62.01475106659492,US
VRT,Vertiv Holdings Co,Industrials,Electrical Equipment & Parts,272.3999938964844,12.762340372365731,0.7618234063329279,45.9465022916522,US
VRTL,GraniteShares 2x Long VRT Daily ETF,ETF,ETF,31.26000022888184,25.860612647725063,0.2052074919515334,42.84744550795814,US
VRTX,Vertex Pharmaceuticals Incorporated,Healthcare,Biotechnology,496.0700073242188,3.976105843223828,1.0616675147882897,59.60720046270931,US
VSDA,VictoryShares Dividend Accelerator ETF,ETF,ETF,60.44219970703125,2.150078718024429,-0.0068682853051644,64.24958241234917,US
VSDB,Vanguard Short Duration Bond ETF Shares,ETF,ETF,75.94000244140625,0.3621204687299285,0.0051671471714236,64.04605930797277,US
VSDM,Vanguard Short Duration Tax-Exe,ETF,ETF,76.16000366210938,0.4338626350834227,0.0104423437477044,61.16903551736506,US
VSEC,VSE Corporation,Industrials,Aerospace & Defense,218.17999267578125,12.238280446951668,0.0948636293883127,57.80492934882224,US
VSGX,Vanguard ESG International Stock ETF,ETF,ETF,82.79000091552734,3.332498848496628,0.0597308015362041,60.08514032156066,US
VSH,"Vishay Intertechnology, Inc.",Technology,Semiconductors,35.40999984741211,3.4774944016922897,0.1681479768231666,43.39130094672307,US
VSHY,Virtus Newfleet Short Duration High Yield Bond ETF,ETF,ETF,21.730499267578125,0.3486427085600447,9.126509593614109e-05,61.09573921583979,US
VSLU,Applied Finance Valuation Large Cap US ETF,ETF,ETF,49.19039916992188,3.558735094572368,0.0154282092866868,72.46710947666294,US
VSMV,VictoryShares US Multi-Factor Minimum Volatility ETF,ETF,ETF,60.77690124511719,1.778281989141512,0.0298016671953776,57.08407251739024,US
VSNT,"Versant Media Group, Inc.",Communication Services,Entertainment,38.66999816894531,7.446502821593325,0.0931865702966263,60.53913846140896,US
VSS,Vanguard FTSE All-World ex-US Small-Cap Index Fund ETF Shares,ETF,ETF,158.67999267578125,5.4211986258980325,0.1543351455811308,63.92961128130113,US
VST,Vistra Corp.,Utilities,Utilities - Independent Power Producers,140.58999633789062,-5.128555218507833,0.0362464506427473,39.21590884409808,US
VSTS,Vestis Corporation,Industrials,Rental & Leasing Services,14.210000038146973,-1.7289073260060457,0.0345093556932744,44.7666967791055,US
VSXY,Victorias Secret & Co.,Consumer Cyclical,Apparel Retail,98.54000091552734,11.118629427627647,0.4022891521309235,75.27576753064018,US
VTEC,Vanguard California Tax-Exempt Bond ETF,ETF,ETF,99.13999938964844,0.7530536883767012,0.0337811619495647,53.34594228240992,US
VTEX,VTEX,Technology,Software - Application,4.179999828338623,-3.016243994589945,-0.015687553130738,50.76331226602685,US
VTG,VTG,N/A,N/A,74.29319763183594,0.4749618385827251,0.0063832826390621,49.78131112473047,US
VTHR,Vanguard Russell 3000 Index Fund ETF Shares,ETF,ETF,341.9945983886719,3.754202856257224,0.1627139484384221,66.16159794715685,US
VTIP,Vanguard Short-Term Inflation-Protected Securities Index Fund ETF Shares,ETF,ETF,49.66999816894531,0.0201335512765293,0.0014518959290783,55.13173982891914,US
VTOL,Bristow Group Inc.,Energy,Oil & Gas Equipment & Services,45.7599983215332,0.9708707627357608,0.0066753368415792,55.710839686816136,US
VTP,Vanguard Total Inflation-Protected Securities ETF,ETF,ETF,75.29000091552734,0.2797004253478802,0.0091304618967685,49.67152851584306,US
VTR,"Ventas, Inc.",Real Estate,REIT - Healthcare Facilities,93.36000061035156,-0.1604122793841624,0.1344537566161234,51.12168277148086,US
VTS,"Vitesse Energy, Inc.",Energy,Oil & Gas E&P,15.800000190734863,1.2820500280416922,0.0065550974974609,50.88415069354397,US
VTWO,Vanguard Russell 2000 Index Fund ETF Shares,ETF,ETF,121.8499984741211,3.499528582103669,0.0746461693701835,59.64027176190405,US
VUS,Virtus U.S. Dividend ETF,ETF,ETF,30.40999984741211,2.41470728722397,0.0127408511696945,62.41879697935557,US
VUSB,Vanguard Ultra-Short Bond ETF,ETF,ETF,49.65999984741211,0.1512569614283593,-0.000186309141759,78.18133991807525,US
VUSE,Vident U.S. Equity Strategy ETF,ETF,ETF,73.4739990234375,2.2773485415704204,-0.0206235397282369,61.46909850636561,US
VUSG,Vanguard Wellington U.S. Growth Active ETF,ETF,ETF,66.34500122070312,6.629700930683113,0.0843046010866965,64.13806679025191,US
VUSV,Vanguard Wellington U.S. Value Active ETF,ETF,ETF,72.30899810791016,3.055650487290668,0.0252492088467142,74.86607774620708,US
VVR,Invesco Senior Income Trust,Financial Services,Asset Management,2.950000047683716,-0.6734000247088343,-0.0010261855061837,45.10809844961054,US
VVV,Valvoline Inc.,Consumer Cyclical,Auto & Truck Dealerships,35.34000015258789,-7.992709468940706,-0.0924719155097772,34.123899644616884,US
VWOB,Vanguard Emerging Markets Government Bond Index Fund,ETF,ETF,66.20999908447266,1.0947779305890826,0.0159947998283016,55.06851873883396,US
VXX,iPath Series B S&P 500 VIX Short-Term Futures ETN,ETF,ETF,20.31999969482422,-4.376472024356618,-0.0187750515263075,38.75497580307793,US
VYMI,Vanguard International High Dividend Yield Index Fund ETF Shares,ETF,ETF,105.0500030517578,1.4387847897746662,0.0117391239548494,70.2274353759035,US
VZ,Verizon Communications Inc.,Communication Services,Telecom Services,47.060001373291016,0.5340739001615277,-0.0430239883646592,59.27062930138252,US
WAB,Westinghouse Air Brake Technolo,Industrials,Railroads,291.8099975585937,0.3266218300475296,-0.6374641328007744,57.49325538853501,US
WABC,Westamerica Bancorporation,Financial Services,Banks - Regional,59.130001068115234,-0.9049788797985544,-0.0545618552564657,48.71880929537013,US
WAGN,Pabrai Wagons ETF,ETF,ETF,14.800000190734863,3.207810552665566,-6.542136213207039e-05,70.53146319882525,US
WAMA,Wisdomtree U.S. Adaptive Moving Average Fund,EQUITY,EQUITY,27.13010025024414,3.4710181568392016,0.0097565981980681,66.02833509794756,US
WAT,Waters Corporation,Healthcare,Diagnostics & Research,406.8599853515625,7.831753196091719,0.5580905741984115,67.43471772192693,US
WBD,"Warner Bros. Discovery, Inc.",Communication Services,Entertainment,26.780000686645508,1.825100621708645,0.0482101526020853,56.76243973810477,US
WBIF,WBI BullBear Value 3000 ETF,ETF,ETF,36.70069885253906,2.6363315835879897,0.0051407552631865,64.74406024887291,US
WBIG,WBI BullBear Yield 3000 ETF,ETF,ETF,26.671899795532227,2.0113971120877,0.0085648889151026,63.616835059430414,US
WBIL,WBI BullBear Quality 3000 ETF,ETF,ETF,41.09749984741211,3.546236506433037,0.0355987117366634,66.83394799169238,US
WBIY,WBI Power Factor High Dividend ETF,ETF,ETF,37.9984016418457,3.3267166966828783,0.0124065929230736,64.21238604793501,US
WBTN,WEBTOON Entertainment Inc.,Communication Services,Internet Content & Information,8.930000305175781,-2.083328758415365,0.0074858526362203,35.48853248894602,US
WCAP,Warcap Unconstrained Equity ETF,EQUITY,EQUITY,9.458900451660156,3.659183031892124,0.0037306896178355,60.895300892808734,US
WCBR,WisdomTree Cybersecurity Fund,ETF,ETF,40.35430145263672,8.391893496683938,0.0602507306485747,64.34793283971916,US
WCCB,West Coast Community Bancorp,Financial Services,Banks - Regional,54.59999847412109,-0.2739753897331621,-0.0339840532073343,81.13846504577789,US
WCLD,WisdomTree Cloud Computing Fund,ETF,ETF,39.0099983215332,9.918276913472589,0.0563951769210546,70.29491484975601,US
WCPB,Weitz Core Plus Bond ETF,EQUITY,EQUITY,25.13999938964844,0.753445526895894,0.0023058201472404,53.19663912550087,US
WD,"Walker & Dunlop, Inc",Financial Services,Mortgage Finance,44.43000030517578,-10.58562782633262,-0.2742312753022861,35.48723326230311,US
WDAF,WisdomTree Asia Defense Fund,ETF,ETF,31.81110000610352,11.664908153948634,0.066662356608109,59.29898053326482,US
WDAY,"Workday, Inc.",Technology,Software - Application,179.63999938964844,12.036923719947064,0.2577048429058477,70.43408610093333,US
WDC,Western Digital Corporation,Technology,Computer Hardware,434.2999877929688,-20.28853124108359,-3.806645229204971,38.43628047193006,US
WDE,Principal Securitized Debt ETF,ETF,ETF,25.030000686645508,0.0768330067581016,0.0013719086374584,48.96788325220112,US
WDEF,WisdomTree Trust,EQUITY,EQUITY,32.189998626708984,5.957865424433111,-0.0186789015596261,73.43962592825847,US
WDGF,WisdomTree Global Defense Fund,ETF,ETF,33.98860168457031,7.982595837512753,0.0234160900538734,70.9269711159431,US
WDH,Waterdrop Inc.,Financial Services,Insurance - Diversified,1.0,-10.714286094417377,-0.0010701603199247,22.66453884182792,US
WDIG,WisdomTree Efficient Rare Earth Plus Strategic Metals Fund,ETF,ETF,45.84999847412109,16.075945504104038,0.1356139606489567,63.264762124502994,US
WDIV,State Street SPDR S&P Global Dividend ETF,ETF,ETF,84.447998046875,1.3294957495463924,0.0191861561868352,66.15898655856597,US
WDNA,WisdomTree BioRevolution Fund,ETF,ETF,20.867700576782227,7.288944772403795,0.0578283224650191,64.00001568934087,US
WDTE,Defiance S&P 500 Target 30 Weekly Distribution ETF,ETF,ETF,29.99430084228516,3.0874272968778422,0.0056803106974006,68.32746710956941,US
WEAV,"Weave Communications, Inc.",Healthcare,Health Information Services,5.289999961853027,-19.113149958579328,-0.0893972214792372,32.809508436002346,US
WEBL,Direxion Daily Dow Jones Internet Bull 3X Shares,ETF,ETF,29.3700008392334,16.45520078853213,0.0495823575201974,66.50070855172874,US
WEC,"WEC Energy Group, Inc.",Utilities,Utilities - Regulated Electric,107.62999725341795,-1.635899237325492,0.024878243881336,32.45398093683606,US
WEED,Roundhill Cannabis ETF,ETF,ETF,19.23310089111328,1.5475203209662824,0.0342564026841505,48.73057487556876,US
WEEI,Westwood Salient Enhanced Energy Income ETF,ETF,ETF,23.588499069213867,-1.775974729436851,-0.0190078542258594,53.72299024950192,US
WEEK,Roundhill Weekly T-Bill ETF,ETF,ETF,100.04000091552734,0.0290342924287246,4.575061818533344e-05,79.56074389240656,US
WEEUF,WisdomTree Issuer ICAV - WisdomTree Europe Equity UCITS ETF,EQUITY,EQUITY,44.31399917602539,2.2945509884662645,0.0391159969937063,65.63169068266214,US
WELL,Welltower Inc.,Real Estate,REIT - Healthcare Facilities,236.9199981689453,1.057838125624013,0.2257580050633492,52.10643144451359,US
WEN,Wendy's Company (The),Consumer Cyclical,Restaurants,7.690000057220459,4.483694534234737,0.005924959074952,52.4071424341026,US
WENN,WENN,N/A,N/A,10.390000343322754,0.5808365930284837,0.0026577901235513,88.93506709729569,US
WEPN,Nicholas Defense and Rare Earth,EQUITY,EQUITY,45.88769912719727,13.134965991845643,0.1373611170795974,68.4125317827172,US
WEX,WEX Inc.,Technology,Software - Infrastructure,185.22000122070312,-0.9306832641630424,-0.6350175093666675,67.28870535806148,US
WFC,Wells Fargo & Company,Financial Services,Banks - Diversified,87.25,0.9253939618260208,-0.0488531715218455,53.40509084662207,US
WFHG,World Financial Holding Group,Financial Services,Shell Companies,11.0,16.89692006769973,-0.0195140762072483,99.97754477330945,US
WFRD,Weatherford International plc,Energy,Oil & Gas Equipment & Services,86.81999969482422,-0.7932238243678937,-0.187424871699204,50.68258352307297,US
WGS,GeneDx Holdings Corp.,Healthcare,Diagnostics & Research,77.08000183105469,18.384274471654766,0.4315822100618298,66.32046246350448,US
WH,"Wyndham Hotels & Resorts, Inc.",Consumer Cyclical,Lodging,73.80999755859375,-1.4026222858627913,-0.0888101787693402,37.617023422718994,US
WHD,"Cactus, Inc.",Energy,Oil & Gas Equipment & Services,67.9000015258789,4.445468842767232,-0.0921365354224079,70.2209549578087,US
WILC,G. Willi-Food International Ltd.,Consumer Defensive,Food Distribution,28.989999771118164,8.171644016426542,0.0456888665567214,45.76802954311502,US
WIMA,Wisdomtree International Adaptive Moving Average Fund,EQUITY,EQUITY,44.23189926147461,2.60240926754628,0.0208308079534186,68.41406110677593,US
WINA,Winmark Corporation,Consumer Cyclical,Specialty Retail,368.1199951171875,10.380808131090705,1.331394391705869,51.58324571225426,US
WING,Wingstop Inc.,Consumer Cyclical,Restaurants,116.81500244140624,-9.788402590211444,-0.0265576120848312,29.144707797834627,US
WIP,State Street SPDR FTSE International Government Inflation-Protected Bond ETF,ETF,ETF,39.630001068115234,1.0763132091383831,0.0131269204370926,63.92565589184896,US
WISE,Themes Generative Artificial Intelligence ETF,ETF,ETF,38.1161003112793,11.222934934756656,0.0839580781051236,59.9846730282876,US
WIW,WIW,Financial Services,Asset Management,8.380000114440918,1.45278307789256,0.0037429572192414,63.41585254409668,US
WKC,World Kinect Corporation,Energy,Oil & Gas Refining & Marketing,36.43000030517578,-8.605118546548685,-0.1529871001590457,48.372781799674925,US
WLDN,"Willdan Group, Inc.",Industrials,Engineering & Construction,86.23999786376953,25.842695753590032,0.7828970262542665,65.51987541062681,US
WLDR,Affinity World Leaders Equity ETF,ETF,ETF,47.02000045776367,3.477116810751805,0.0108774371950206,59.14090027709999,US
WLDU,Leverage Shares 2x Long World S,ETF,ETF,18.09550094604492,6.506775690521398,0.0177710559371483,63.73430005439077,US
WLFC,Willis Lease Finance Corporation,Industrials,Rental & Leasing Services,61.04999923706055,-14.411891672654594,1.0641652225774223,17.37265488934561,US
WLTG,WealthTrust DBS Long Term Growth ETF,ETF,ETF,38.81969833374024,3.087598035446688,0.0068798142456361,67.45054166952528,US
WLTH,Wealthfront Corporation,Technology,Software - Application,9.699999809265137,2.2128560928535124,-0.0052959094128652,55.69146421446823,US
WM,"Waste Management, Inc.",Industrials,Waste Management,227.67999267578125,0.4987815532120205,0.2073078101974592,46.43098532175549,US
WMB,"The Williams Companies, Inc.",Energy,Oil & Gas Midstream,70.4000015258789,-1.5935132444218452,-0.0241686476057314,40.85838301761784,US
WMK,"Weis Markets, Inc.",Consumer Defensive,Grocery Stores,75.25,-2.336149228376633,-0.0640528586017728,44.70556044587497,US
WMT,Walmart Inc.,Consumer Defensive,Discount Stores,111.8499984741211,0.5845337623358462,-0.010630180341244,46.76398836692829,US
WMTI,REX WMT Growth & Income ETF,ETF,ETF,21.023500442504883,0.8446901037177892,-0.0007536472681649,46.99782776943269,US
WNC,Wabash National Corporation,Industrials,Farm & Heavy Construction Machinery,12.93000030517578,2.9458588630395406,0.0396229507288504,55.28372850703467,US
WNTR,YieldMax MSTR Short Option Income Strategy ETF,ETF,ETF,25.3700008392334,-4.1614500562875145,-0.0273191238562076,49.29050767785999,US
WOMN,Impact Shares Women’s Empowerment ETF,ETF,ETF,45.351898193359375,2.908778097145547,0.0052269404426922,74.31292328831752,US
WOOD,iShares Global Timber & Forestry ETF,ETF,ETF,73.54499816894531,2.2168190248159454,-0.0092772872990818,68.4980344764963,US
WR,Corgi U.S. War Machine ETF,ETF,ETF,26.33169937133789,1.8240477565863271,0.0027780396200702,66.39581761321116,US
WRB,W.R. Berkley Corporation,Financial Services,Insurance - Property & Casualty,71.5999984741211,-1.2958401289529629,-0.0271678572921273,47.99680978535596,US
WS,"Worthington Steel, Inc.",Basic Materials,Steel,38.2599983215332,6.248264662246731,0.0211318243763292,58.13203237126521,US
WSC,WillScot Holdings Corporation,Industrials,Rental & Leasing Services,24.3700008392334,0.370676071015898,-0.0855354865362309,40.37027345686787,US
WSDB,Weitz Short Duration Bond ETF,EQUITY,EQUITY,24.899999618530277,0.1206223493549334,0.0013270447706988,44.56731887343234,US
WSFS,WSFS Financial Corporation,Financial Services,Banks - Regional,81.2699966430664,1.3341642587776568,-0.0621910000621133,60.01806010227536,US
WSGE,Warren Street Global Equity ETF,ETF,ETF,28.787399291992188,2.9886936094676333,0.0122136098802417,64.83778649967549,US
WSM,"Williams-Sonoma, Inc.",Consumer Cyclical,Specialty Retail,251.77999877929688,10.111079658404924,0.1651108165184851,69.0254623011235,US
WSML,iShares MSCI World Small-Cap ETF,ETF,ETF,35.799400329589844,4.022662726235429,0.0246024296621414,64.78958110397583,US
WST,"West Pharmaceutical Services, Inc.",Healthcare,Medical Instruments & Supplies,354.07000732421875,3.8450305600937007,0.5533654327381805,57.04379509408562,US
WTAI,WisdomTree Artificial Intelligence and Innovation Fund,ETF,ETF,41.15999984741211,6.992457866784073,0.0463672069981395,51.10392997181199,US
WTBA,"West Bancorporation, Inc.",Financial Services,Banks - Regional,28.43000030517578,2.284261503636509,-0.0049210020401389,69.65579334054524,US
WTI,"W&T Offshore, Inc.",Energy,Oil & Gas E&P,3.430000066757202,-4.456820368730612,0.0047713961140895,49.0245724018861,US
WTIP,WisdomTree Inflation Plus Fund,ETF,ETF,35.505001068115234,0.5664941543992357,0.003823159726308,52.425532409710016,US
WTM,"White Mountains Insurance Group, Ltd.",Financial Services,Insurance - Property & Casualty,2149.43994140625,2.465043710055815,2.706834699671746,51.79093288214008,US
WTMF,WisdomTree Managed Futures Strategy Fund,ETF,ETF,41.29309844970703,0.4698296417395837,0.0014174617619388,57.188092082664674,US
WTMY,Wisdomtree High Income Laddered Municipal Fund,ETF,ETF,25.170000076293945,0.8817607480047759,0.0081978269883567,53.75830406034769,US
WTPI,WisdomTree Equity Premium Income Fund,ETF,ETF,33.380001068115234,1.6752945671184505,0.0030871864212132,67.37578741078464,US
WTV,WisdomTree U.S. Value Fund,ETF,ETF,107.41999816894533,1.8199034776732816,0.0116183229242792,62.01673645110356,US
WTW,Willis Towers Watson Public Limited Company,Financial Services,Insurance Brokers,344.82000732421875,2.649438420077644,-0.3170342585469079,79.7951133766531,US
WULX,Tradr 2X Long WULF Daily ETF,ETF,ETF,19.11000061035156,-7.5248015305306835,-0.0543282525921666,37.04480919461364,US
WWD,"Woodward, Inc.",Industrials,Aerospace & Defense,362.8900146484375,0.5932126537595288,0.2439752351641662,36.99415278988487,US
WWJD,Inspire International ETF,ETF,ETF,40.650001525878906,2.4187526641129624,0.0046090603464287,71.3784370339624,US
WWW,"Wolverine World Wide, Inc.",Consumer Cyclical,Footwear & Accessories,18.93000030517578,-3.8109755506596823,-0.0466461848384942,51.72077403391522,US
WXET,Teucrium 2x Daily Wheat ETF,ETF,ETF,19.77440071105957,-0.2602617875895158,0.0150697884335566,46.46816520166206,US
WYFI,"WhiteFiber, Inc.",Technology,Information Technology Services,24.6299991607666,3.924043746367386,0.025625729058057,44.163488015977,US
WYFL,Defiance Daily Target 2X Long Wyfi ETF,ETF,ETF,9.25,5.113634085359702,0.0618725123290468,40.061748956693066,US
XA,Corgi AI Cybersecurity ETF,ETF,ETF,39.57070159912109,7.880864966997877,0.0556153838316582,64.78526991626268,US
XAIX,Xtrackers Artificial Intelligence and Big Data ETF,ETF,ETF,56.11299896240234,5.719990423907401,0.035926154222196,57.74671086378673,US
XAPR,FT Vest U.S. Equity Enhance & Moderate Buffer ETF - April,ETF,ETF,38.30899810791016,0.8529616752732101,0.002038598989106,67.41357433096144,US
XAR,State Street SPDR S&P Aerospace & Defense ETF,ETF,ETF,286.8299865722656,8.29494919420961,0.3233938636428055,63.06124598684136,US
XAUG,FT Vest U.S. Equity Enhance & Moderate Buffer ETF - August,ETF,ETF,39.415000915527344,0.1804573564296513,-0.000131074456166,71.11929887387001,US
XB,BondBloxx B Rated USD High Yield Corporate Bond ETF,ETF,ETF,39.01559829711914,0.7738369070092156,0.0048420576507192,62.09342386108799,US
XBB,BondBloxx BB Rated USD High Yield Corporate Bond ETF,ETF,ETF,40.75,0.8239111874065249,0.0087177942111409,62.97246025736985,US
XBCI,NEOS Boosted Bitcoin High Income ETF,ETF,ETF,31.88999938964844,4.044931709939213,0.0119484811377099,52.89437662339533,US
XBI,State Street SPDR S&P Biotech ETF,ETF,ETF,157.3699951171875,7.047140328863712,0.4110709474400111,60.2211017211965,US
XBIL,F/m US Treasury 6 Month Bill ETF,ETF,ETF,50.06999969482422,0.0599495978177858,-0.00021443432424,90.94048118583734,US
XBJA,Innovator U.S. Equity Accelerated 9 Buffer ETF - January,ETF,ETF,34.369998931884766,0.8124847898268768,0.00160574379446,67.47511352269883,US
XBJL,Innovator U.S. Equity Accelerated 9 Buffer ETF - July,ETF,ETF,40.81330108642578,1.7027161727475106,0.0067220640196373,68.00808320611851,US
XBOC,Innovator U.S. Equity Accelerated 9 Buffer ETF - October,ETF,ETF,36.04999923706055,0.5719012676139078,-0.0005066806962851,67.5371527653839,US
XC,WisdomTree True Emerging Markets Fund,ETF,ETF,32.66600036621094,1.4629621862131543,-0.0003362506849685,62.06975931748033,US
XCHG,Ab US Equity ETF,ETF,ETF,27.95789909362793,3.2380626250726943,0.0065888097895096,70.18451365518432,US
XCLR,Global X S&P 500 Collar 95-110 ETF,ETF,ETF,28.251100540161133,3.106207786423729,0.0085381395118451,67.06848140321028,US
XCOR,Fundx ETF,ETF,ETF,89.4655990600586,3.988658686517483,0.0430660997771479,57.40533217673121,US
XDAT,Franklin Exponential Data ETF,ETF,ETF,26.33989906311035,6.217834932430573,0.013797119653034,61.041061441268354,US
XDEC,FT Vest U.S. Equity Enhance & Moderate Buffer ETF - December,ETF,ETF,43.44010162353516,0.7423531993960534,0.0012968519235305,70.80836482903123,US
XDEF,Xtrackers Europe Defense Technologies ETF,ETF,ETF,24.04010009765625,5.763750909829652,-0.0216778894757258,64.36286889207099,US
XDIV,Roundhill S&P 500 No Dividend Target ETF,ETF,ETF,31.540000915527344,3.409839067302766,0.0107357768504338,66.7771520754149,US
XDQQ,Innovator Growth-100 Accelerated ETF – Quarterly,ETF,ETF,40.32699966430664,5.4852214155889705,0.0413350547104776,58.28241310670722,US
XDSQ,Innovator U.S. Equity Accelerated ETF – Quarterly,ETF,ETF,44.40399932861328,2.52597072415917,0.0095628441873266,67.61786750112836,US
XE,"X-Energy, Inc.",Industrials,Specialty Industrial Machinery,22.649999618530277,38.87185996435328,0.1666746074753947,67.91312197224444,US
XEL,Xcel Energy Inc.,Utilities,Utilities - Regulated Electric,78.06999969482422,-0.1662369034413253,0.0813129745134252,44.87784366037025,US
XEMD,BondBloxx JP Morgan USD Emerging Markets 1-10 Year Bond ETF,ETF,ETF,44.559200286865234,0.7853037007790655,0.0048277200896287,58.84715936502037,US
XEML,Xtrackers Europe Market Leaders ETF,ETF,ETF,26.590999603271484,1.5156118020563305,0.0025573894560821,65.0505942384267,US
XENE,Xenon Pharmaceuticals Inc.,Healthcare,Biotechnology,63.36000061035156,1.1010091934998092,0.0140318894939281,49.36438373185081,US
XERS,"Xeris Biopharma Holdings, Inc.",Healthcare,Drug Manufacturers - Specialty & Generic,7.929999828338623,-1.8564368413834225,0.0152617328717841,47.74534454892009,US
XES,State Street SPDR S&P Oil & Gas Equipment & Services ETF,ETF,ETF,113.33000183105467,1.9429735519351292,0.0576416857488109,52.11356175739703,US
XFEB,FT Vest U.S. Equity Enhance & Moderate Buffer ETF - February,ETF,ETF,37.8650016784668,0.852319949734795,0.0019818971229411,67.3706101521851,US
XHR,"Xenia Hotels & Resorts, Inc.",Real Estate,REIT - Hotel & Motel,19.40999984741211,-5.685131587130012,-0.0395855807272932,38.307446658757534,US
XIDE,FT Vest U.S. Equity Buffer & Premium Income ETF - December,ETF,ETF,30.350000381469727,0.2841674685379489,0.0006024119050801,73.37426946882307,US
XIMR,FT Vest U.S. Equity Buffer & Premium Income ETF - March,ETF,ETF,31.395000457763672,0.2906963991423024,0.0004545815706463,73.12058587562808,US
XITK,State Street SPDR FactSet Innovative Technology ETF,ETF,ETF,197.1300048828125,9.341115254472546,0.2178051146639763,60.726309570443135,US
XJR,iShares ESG Select Screened S&P Small-Cap ETF,ETF,ETF,52.78219985961914,2.2930693590474545,0.0023263221972408,58.74882546769013,US
XLB,State Street Materials Select Sector SPDR ETF,ETF,ETF,52.86000061035156,4.818560956713663,0.0360771124043185,59.91447846875434,US
XLBI,State Street Materials Select Sector SPDR Premium Income ETF,EQUITY,EQUITY,24.22520065307617,3.226522191051668,0.0074695225045862,60.593889156589874,US
XLC,State Street Communication Services Select Sector SPDR ETF,ETF,ETF,111.25,2.780859382516661,0.0079612508516437,53.858252061695794,US
XLCI,XLCI,N/A,N/A,23.581300735473636,2.647887590561277,0.0040639927149292,55.82521218241813,US
XLFI,State Street Financial Select Sector SPDR Premium Income ETF,EQUITY,EQUITY,24.28380012512207,1.4827247005285562,-0.0051589580518081,67.57746718679827,US
XLG,Invesco S&P 500 Top 50 ETF,ETF,ETF,63.29999923706055,4.163236399932683,0.0289824227362207,63.17447545687625,US
XLII,State Street Industrial Select Sector SPDR Premium Income ETF,EQUITY,EQUITY,26.25,2.411048811069646,-0.0027516923409091,62.40494217579525,US
XLP,State Street Consumer Staples Select Sector SPDR ETF,ETF,ETF,85.12000274658203,0.0823041649764785,-0.020580539472721,51.69878970463413,US
XLRE,State Street Real Estate Select Sector SPDR ETF,ETF,ETF,44.97999954223633,-0.1996897119975488,-0.0058786923025222,49.47569814829471,US
XLRI,State Street Real Estate Select Sector SPDR Premium Income ETF,EQUITY,EQUITY,23.72470092773437,-0.2619066156939178,0.0001188199666224,53.60710001908499,US
XLSI,State Street Consumer Staples Select Sector SPDR Premium Income ETF,EQUITY,EQUITY,23.46500015258789,0.2049725618589109,-0.0012217456557683,55.520314229135344,US
XLSR,State Street US Sector Rotation ETF,ETF,ETF,66.66410064697266,3.935299783821925,0.023146110067974,63.53826507976974,US
XLU,State Street Utilities Select Sector SPDR ETF,ETF,ETF,43.61000061035156,-1.6685409001791316,0.0124184219599554,36.24786019221949,US
XLUI,State Street Utilities Select Sector SPDR Premium Income ETF,EQUITY,EQUITY,23.502099990844727,-1.8496542477518856,0.0056054760522811,36.39568331562283,US
XLY,State Street Consumer Discretio,ETF,ETF,119.86000061035156,3.24748418587937,0.0867225668522428,62.23945841056204,US
XMAG,Defiance Large Cap ex-Mag 7 ETF,ETF,ETF,26.170000076293945,3.19400412637117,0.013979882960844,62.46803574383279,US
XMAR,FT Vest U.S. Equity Enhance & Moderate Buffer ETF - March,ETF,ETF,43.23500061035156,0.5698974699214371,0.0017079223511982,69.38922945965214,US
XMAX,XMax Inc.,Consumer Cyclical,"Furnishings, Fixtures & Appliances",9.09000015258789,5.452439365065316,-0.002304493132477,61.68482076511503,US
XMAY,FT Vest U.S. Equity Enhance & Moderate Buffer ETF - May,ETF,ETF,36.63399887084961,1.333255249798724,0.0034849646512521,65.65332403674985,US
XME,State Street SPDR S&P Metals & ,ETF,ETF,115.73999786376952,14.992544569421312,0.3621400041254183,64.52238097609455,US
XMHQ,Invesco S&P MidCap Quality ETF,ETF,ETF,118.48999786376952,3.106508659681597,0.0232496306956642,68.53123923783454,US
XMLV,Invesco S&P MidCap Low Volatility ETF,ETF,ETF,68.5457992553711,0.2717943875960064,-0.0051033320705278,55.85808865691072,US
XMMO,Invesco S&P MidCap Momentum ETF,ETF,ETF,161.97999572753906,4.984122610690013,0.253068374135611,53.67063453115789,US
XMPT,VanEck CEF Municipal Income ETF,ETF,ETF,21.71500015258789,1.3157261259946436,0.0192584059949477,52.40723704771354,US
XMTR,"Xometry, Inc.",Industrials,Industrial Distribution,93.1449966430664,8.661917074926492,0.4047410332100255,53.758290974571246,US
XMVM,Invesco S&P MidCap Value with Momentum ETF,ETF,ETF,74.34110260009766,-0.2400617968699209,-0.0482965148316465,57.45378029645283,US
XNAV,FundX Aggressive ETF,ETF,ETF,92.8582992553711,5.064713719460454,0.100413875081978,54.37060537601508,US
XOCT,FT Vest U.S. Equity Enhance & Moderate Buffer ETF - October,ETF,ETF,40.01490020751953,0.5399521974333987,0.001740030457638,70.5462126258139,US
XOEF,iShares S&P 500 ex S&P 100 ETF,ETF,ETF,30.26000022888184,2.3334478903575757,0.0069316417642416,60.81315170035665,US
XOEX,DBX ETF Trust - Xtrackers S&P 100 Ex Top 20 ETF,ETF,ETF,41.367000579833984,2.7623884789796493,0.0152618637203727,63.97413760452273,US
XOM,ExxonMobil Holdings Corporation,Energy,Oil & Gas Integrated,153.0399932861328,-1.544009983001725,-0.1790550720614749,55.24545145515722,US
XOMO,Yieldmax XOM Option Income Strategy ETF,ETF,ETF,11.029999732971191,-0.996252667632069,-0.0096370358074986,56.29764212344379,US
XOMX,Direxion Daily XOM Bull 2X Shares,ETF,ETF,42.67100143432617,-3.93092372237228,-0.1084293040395256,53.25049765330233,US
XONE,Bondbloxx Bloomberg One Year Target Duration US Treasury ETF,ETF,ETF,49.290000915527344,0.1686755580914342,0.0014434489873075,79.52660376505885,US
XOP,State Street SPDR S&P Oil & Gas Exploration & Production ETF,ETF,ETF,166.39999389648438,-6.2006766507662165,-0.2201473105778109,47.83538286318583,US
XPAY,Roundhill S&P 500 Target 20 Managed Distribution ETF,ETF,ETF,54.35079956054688,3.446514300467739,0.0187669557758078,66.17960150744723,US
XPEL,"XPEL, Inc.",Consumer Cyclical,Auto Parts,50.06999969482422,12.846519946258937,0.1360706909991363,64.4506316889829,US
XPER,Xperi Inc.,Technology,Software - Application,7.139999866485596,-7.392998298847885,-0.01927670016645,40.4983447845673,US
XPO,"XPO, Inc.",Industrials,Trucking,202.5800018310547,0.801114893054848,0.4029346116807542,46.998116698050005,US
XPRO,Expro Ltd,Energy,Oil & Gas Equipment & Services,16.959999084472656,6.332283932823778,0.0186027229849172,61.12849237456051,US
XQQI,NEOS Boosted Nasdaq-100 High Income ETF,ETF,ETF,49.50239944458008,6.106907429822135,0.062552798437512,55.8131233478226,US
XRAY,DENTSPLY SIRONA Inc.,Healthcare,Medical Instruments & Supplies,12.119999885559082,-9.349289534027022,-0.1065588917555722,43.45433849378477,US
XRN,Chiron Real Estate Inc.,Real Estate,REIT - Healthcare Facilities,36.06999969482422,1.6056329431668133,0.0778680623189029,47.74247601154909,US
XRPC,Canary XRP ETF,ETF,ETF,10.850000381469728,-3.555552164713541,-0.0209272327346728,38.022397142975954,US
XRPI,XRP ETF,ETF,ETF,5.590000152587891,-3.951890245526067,-0.0108725582608138,36.83272077021511,US
XRPZ,Franklin XRP ETF,EQUITY,EQUITY,11.100000381469728,-3.7293960230704815,-0.0217302829883321,37.63281653137341,US
XRT,State Street SPDR S&P Retail ETF,ETF,ETF,90.81999969482422,1.1583882041299003,-0.0386128856981122,55.96908025389176,US
XRX,Xerox Holdings Corporation,Industrials,Business Equipment & Supplies,3.240000009536743,9.830507022558518,-0.0028052701030856,57.52955028431229,US
XSD,State Street SPDR S&P Semicondu,ETF,ETF,544.6699829101562,11.734051643427328,2.4565263386507468,54.44616584487965,US
XSHD,Invesco S&P SmallCap High Dividend Low Volatility ETF,ETF,ETF,14.44499969482422,1.9407171280848536,0.0109960167261019,58.14959321882756,US
XSHQ,Invesco S&P SmallCap Quality ETF,ETF,ETF,49.39500045776367,2.71366250995022,-0.0165957696909317,62.77537045802895,US
XSLV,Invesco S&P SmallCap Low Volatility ETF,ETF,ETF,53.59600067138672,-0.2122480264925083,-0.0252215100481201,54.43080537058508,US
XSMO,Invesco S&P SmallCap Momentum ETF,ETF,ETF,88.69999694824219,2.236047446109488,0.0116566633559012,51.79975211147196,US
XSPI,NEOS Boosted S&P 500 High Income ETF,ETF,ETF,50.21440124511719,3.254313223794404,0.0140031105262169,64.75990208430505,US
XSVM,Invesco S&P SmallCap Value with Momentum ETF,ETF,ETF,70.72109985351562,-0.6726083079395212,-0.0631532004790966,50.25861566023943,US
XT,iShares Future Exponential Technologies ETF,ETF,ETF,82.83999633789062,4.109584838014156,0.0900386655197441,60.56792475633327,US
XTAP,Innovator U.S. Equity Accelerated Plus ETF – April,ETF,ETF,46.209999084472656,1.457861566846692,0.0060837540747325,68.17535881094662,US
XTEN,Bondbloxx Bloomberg Ten Year Target Duration US Treasury ETF,ETF,ETF,44.43000030517578,0.7483034976709586,0.0061159712983913,46.60954738698025,US
XTJA,Innovator U.S. Equity Accelerated Plus ETF - January,ETF,ETF,34.80500030517578,1.1979144888058555,0.0034117604287633,67.62459703020295,US
XTL,State Street SPDR S&P Telecom ETF,ETF,ETF,215.19000244140625,3.3772091927458594,-0.0483213825779977,51.16758437895107,US
XTOC,Innovator U.S. Equity Accelerated Plus ETF - October,ETF,ETF,36.83480072021485,0.7709334543917596,0.0027264854004058,66.08839447867172,US
XTR,Global X S&P 500 Tail Risk ETF,ETF,ETF,29.21969985961914,3.4875127606923657,0.0100825178035884,65.43524849611408,US
XTRE,Bondbloxx Bloomberg Three Year Target Duration US Treasury ETF,ETF,ETF,48.765098571777344,0.2695638935138301,0.001743156817332,57.607111353607536,US
XTWO,Bondbloxx Bloomberg Two Year Target Duration US Treasury ETF,ETF,ETF,48.81499862670898,0.2237862729486075,0.0017504103201005,62.853122411899584,US
XTWY,Bondbloxx Bloomberg Twenty Year Target Duration US Treasury ETF,ETF,ETF,35.496299743652344,1.1694047948456034,0.0148621401006869,41.94472898136858,US
XUDV,Franklin U.S. Dividend Booster Index ETF,ETF,ETF,32.983299255371094,1.91038944798098,0.0048134076896346,59.16759387541095,US
XV,Simplify Target 15 Distribution ETF,ETF,ETF,24.861799240112305,2.311934241524347,0.0110928555797908,61.24448319818999,US
XVV,iShares ESG Select Screened S&P 500 ETF,ETF,ETF,59.346900939941406,3.935030693282164,0.0222865650442947,67.25416231854166,US
XXRP,Teucrium 2x Long Daily XRP ETF,ETF,ETF,19.0,-7.811744602971651,-0.0784923483822652,36.36283517035194,US
XYL,Xylem Inc.,Industrials,Specialty Industrial Machinery,120.31999969482422,2.8639808832695475,-0.0333429201925115,52.43558846094778,US
XYLD,Global X S&P 500 Covered Call ETF,ETF,ETF,41.56999969482422,0.971584997981926,0.0002780920408853,70.68519789482644,US
XYLG,Global X S&P 500 Covered Call & Growth ETF,ETF,ETF,29.655000686645508,2.2515683736325007,0.0057533591653196,67.8292798766818,US
XYZ,"Block, Inc.",Technology,Software - Infrastructure,79.0,-2.75725987527198,-0.2227079557604878,48.72255331103507,US
XYZG,Leverage Shares 2X Long XYZ Daily ETF,ETF,ETF,17.17609977722168,-6.131274116785439,-0.105459690050507,47.01817592649292,US
XZO,"Exzeo Group, Inc.",Financial Services,Insurance - Diversified,15.5,-0.1288689250886388,-0.0338813293526303,46.0794212617625,US
YALL,Truth Social God Bless America ETF,ETF,ETF,44.20949935913086,6.196248438223761,0.0558742394389145,69.27078498421879,US
YB,Yuanbao Inc.,Technology,Software - Application,13.9399995803833,3.7202382113894408,0.0144735449389522,51.03223408100629,US
YBTY,GraniteShares YieldBOOST TopYielders ETF,ETF,ETF,11.154999732971191,1.2709885182464342,0.0062321758291159,41.27315880217128,US
YCL,ProShares Ultra Yen,ETF,ETF,18.361799240112305,2.294141836601328,-0.0022360077692644,66.99969048070805,US
YCS,ProShares UltraShort Yen,ETF,ETF,53.54999923706055,-1.9410389332427287,0.0211824169169681,33.810272124636654,US
YDEC,FT Vest International Equity Moderate Buffer ETF – December,ETF,ETF,28.190000534057617,1.0249470051809562,0.0034760367222687,70.10865718647898,US
YELP,Yelp Inc.,Communication Services,Internet Content & Information,25.559999465942383,-3.2917170987055435,-0.0176577333376323,48.78494061182575,US
YEXT,"Yext, Inc.",Technology,Software - Infrastructure,5.730000019073486,4.945054561174452,0.0005299614552909,63.51384033422019,US
YFFI,Indexperts Yield Focused Fixed Income ETF,ETF,ETF,9.899999618530272,0.783871166298161,0.0014592048192184,50.90380119502441,US
YFYA,Yields for You Strategy A ETF,ETF,ETF,9.789999961853027,0.5649749061681424,0.0005397045385641,67.1435191269359,US
YINN,Direxion Daily FTSE China Bull 3X Shares,ETF,ETF,31.5,-2.987376606825148,-0.0847538198085833,63.50078946111751,US
YLD,Principal Active High Yield ETF,ETF,ETF,18.96500015258789,0.7062415834396122,0.0037299529084239,68.11358294327417,US
YLDE,Franklin ClearBridge Enhanced Income ETF,ETF,ETF,57.38930130004883,1.1657394085968542,-0.0084153104070217,65.02274933625331,US
YLDW,Westwood Enhanced Income Opport,EQUITY,EQUITY,25.800899505615234,1.7827076343678492,0.0064722268558663,60.02317394471303,US
YMAR,FT Vest International Equity Moderate Buffer ETF - March,ETF,ETF,29.290700912475582,1.0233201234165237,0.0058254523612351,69.0527557399434,US
YMM,Full Truck Alliance Co. Ltd.,Technology,Software - Application,9.630000114440918,1.4752407449874816,-0.0061391370648262,64.19645792570509,US
YOKE,Yoke Core ETF,ETF,ETF,32.19440078735352,1.3901065233148786,-0.0026485246513385,55.82884531308262,US
YOLO,AdvisorShares Pure Cannabis ETF,ETF,ETF,2.650000095367432,4.330713982930731,0.0072523945696878,50.73684864081972,US
YORW,The York Water Company,Utilities,Utilities - Regulated Water,31.700000762939453,2.357124526219085,0.0330149354655191,58.919445390939,US
YOU,"Clear Secure, Inc.",Technology,Software - Application,51.290000915527344,-7.150616659881837,-0.2379793527320711,40.92840520278797,US
YSWY,"Yesway, Inc.",Consumer Defensive,Grocery Stores,21.61000061035156,3.298281699527858,-0.0269387260858441,55.391954611718845,US
YUM,"Yum! Brands, Inc.",Consumer Cyclical,Restaurants,150.75999450683594,-1.6440529048342527,-0.0052528294490576,46.91805055148291,US
YXI,ProShares Short FTSE China 50,ETF,ETF,21.540000915527344,1.7477602168160755,0.0393221209662188,39.73650125848659,US
YYY,Amplify CEF High Income ETF,ETF,ETF,11.420000076293944,1.420957763408483,0.0066123495724882,60.74639157988564,US
Z,"Zillow Group, Inc.",Communication Services,Internet Content & Information,33.61000061035156,-1.3212000727995632,-0.1216020702708052,50.3970966105536,US
ZALT,Innovator U.S. Equity 10 Buffer ETF - Quarterly,ETF,ETF,34.43000030517578,1.0566498784156209,0.0033317889572824,69.40571115231879,US
ZAP,Global X U.S. Electrification ETF,ETF,ETF,32.599998474121094,0.4003610980312544,0.0156144772237315,43.28208002224196,US
ZAPR,Innovator Equity Defined Protec,ETF,ETF,26.8700008392334,0.392308806199977,0.0009741336766054,74.98663871340331,US
ZBIO,"Zenas BioPharma, Inc.",Healthcare,Biotechnology,32.43000030517578,3.1488541803481827,0.0224105341115388,63.36053296191903,US
ZD,"Ziff Davis, Inc.",Communication Services,Advertising Agencies,53.869998931884766,1.4883140044804724,0.0800072121262511,55.69629756511177,US
ZETA,Zeta Global Holdings Corp.,Technology,Software - Infrastructure,26.63999938964844,23.3333283294867,0.0587672653966511,68.29129723087917,US
ZETX,Defiance Daily Target 2X Long ZETA ETF,EQUITY,EQUITY,31.27280044555664,48.00190102999538,0.1110996358349503,67.12680475940168,US
ZFEB,Innovator Equity Defined Protection ETF - 1 Yr February,ETF,ETF,26.209999084472656,0.402220050095941,0.0001166211743768,68.76306315547426,US
ZGN,Ermenegildo Zegna N.V.,Consumer Cyclical,Apparel Manufacturing,14.90999984741211,1.3596180064342869,-0.0239467152741396,58.4420142274107,US
ZIG,The Acquirers Fund ETF,ETF,ETF,40.875,2.822432758437042,0.0112566909274932,64.53463113151707,US
ZJUN,Innovator Equity Defined Protection ETF - 1 Yr June,ETF,ETF,27.699800491333008,0.803524142234525,0.0030402707487792,69.25719776097388,US
ZKP,Lafayette Digital Acquisition Corp. I,Financial Services,Shell Companies,9.979999542236328,0.0,-8.598008861872806e-05,61.48050087348522,US
ZM,"Zoom Communications, Inc.",Technology,Software - Application,104.5,8.774852016190803,0.1093117574591333,70.02678956671296,US
ZMUN,F/m Ultrashort Tax Free Municipal ETF,ETF,ETF,50.025001525878906,0.0199982732230901,0.0009093743910671,66.32303886312584,US
ZNOG,"Zion Oil & Gas, Inc.",Energy,Oil & Gas E&P,0.3946999907493591,-1.325003783032242,0.0004729621077033,44.43280762465697,US
ZS,"Zscaler, Inc.",Technology,Software - Infrastructure,168.67999267578125,11.56084396848414,0.3386355233857148,67.79959697674198,US
ZSC,USCF Sustainable Commodity Strategy Fund,ETF,ETF,29.899999618530277,-0.1836097657014334,0.0077794381935567,44.51647844539857,US
ZSQR,Z Squared Inc.,Technology,Software - Infrastructure,4.039999961853027,-16.00831580221508,0.0059758758879258,33.944658743160986,US
ZTAX,X-Square Municipal Income Tax Free ETF,ETF,ETF,25.524999618530277,0.2946909758055269,0.0052894027451047,53.04679645636259,US
ZTEN,F/M 10-Year Investment Grade Corporate Bond ETF,ETF,ETF,49.7333984375,0.7075157432352733,0.0021655047048814,50.39571468467137,US
ZTS,Zoetis Inc.,Healthcare,Drug Manufacturers - Specialty & Generic,72.66000366210938,-5.990422044991612,-0.2672170028063947,40.51448886746717,US
ZTWO,F/M 2-Year Investment Grade Corporate Bond ETF,ETF,ETF,50.34999847412109,0.2089751108934682,-0.0004165767534674,61.936665189803634,US
ZURA,Zura Bio Limited,Healthcare,Biotechnology,5.965000152587891,9.852676632827034,0.017745056023237,63.00928502812234,US
ZYME,Zymeworks Inc.,Healthcare,Biotechnology,23.540000915527344,7.292617787251348,0.0646084018008068,49.88964513854284,US
