ticker,name,sector,industry,close,velocity,acceleration,rsi,region
A,"Agilent Technologies, Inc.",Healthcare,Diagnostics & Research,135.1999969482422,3.0959261685906543,0.1176600645954217,60.07120376486139,US
AAEQ,Alpha Architect US Equity 2 ETF,ETF,ETF,53.641300201416016,0.7197055567672414,0.0001395755372915,57.23036253175264,US
AALG,Leverage Shares 2X Long AAL Daily ETF,ETF,ETF,15.305399894714355,-17.41096354969404,-0.1544392970942032,43.518790058268,US
AAOG,Leverage Shares 2X Long AAOI Daily ETF,ETF,ETF,4.760000228881836,16.953317644180846,0.1011057188997774,39.2354267867228,US
AAPL,Apple Inc.,Technology,Consumer Electronics,314.8599853515625,1.3519544324802275,-0.347588117101965,61.46418741570765,US
AAPR,Innovator Equity Defined Protection ETF - 2 Yr To April 2028,ETF,ETF,29.55489921569824,0.1317877321867012,0.0007516681337542,58.52602842289774,US
AAPU,AAPU,N/A,N/A,41.150001525878906,2.644054300964103,-0.0838157292175481,60.43234402405317,US
AAPY,Kurv Yield Premium Strategy Apple ETF,ETF,ETF,26.69669914245605,1.093222455576936,-0.0254084721065562,59.762386168528174,US
AAT,"American Assets Trust, Inc.",Real Estate,REIT - Diversified,25.18000030517578,0.720001220703125,-0.0014993696241444,65.65715542689964,US
AAUS,Alpha Architect US Equity ETF,ETF,ETF,60.275001525878906,0.5186458880898733,-0.0023730051002224,57.82580817556392,US
AAVM,Alpha Architect Global Factor Equity ETF,ETF,ETF,33.66429901123047,0.691832510674033,0.022782441174383,49.20055320264798,US
AAXJ,iShares MSCI All Country Asia ex Japan ETF,ETF,ETF,113.94000244140624,-0.2713326552242888,0.041157786594984,46.20422725741886,US
ABBV,AbbVie Inc.,Healthcare,Drug Manufacturers - General,244.77999877929688,-3.875906284607912,-0.5686848801691369,56.07418640756812,US
ABCB,Ameris Bancorp,Financial Services,Banks - Regional,90.11000061035156,-0.0776221940422872,-0.0052550226852374,56.35778420392579,US
ABFL,Abacus FCF Leaders ETF,ETF,ETF,83.5,0.7359158099206613,0.0046396133713459,52.208249669145424,US
ABI,VictoryShares Pioneer Asset-Based Inc ETF,ETF,ETF,24.780000686645508,0.0768532754886041,0.0004883661226738,68.31626873042995,US
ABIG,Argent Large Cap ETF,ETF,ETF,34.77299880981445,0.7591701511199697,-0.0006484283315446,60.66494753359967,US
ABLD,Abacus FCF ETF Trust - Abacus FCF Real Assets Leaders ETF,ETF,ETF,30.307600021362305,0.8538798082864272,0.0174434041204867,50.63438793835369,US
ABLG,ABLG,N/A,N/A,30.948999404907227,-3.741605518639599,-0.0429596140978281,41.44996064586844,US
ABNB,"Airbnb, Inc.",Consumer Cyclical,Travel Services,146.5399932861328,-1.518823736071356,-0.1288310518025728,56.07642018151383,US
ABOT,Abacus FCF ETF Trust - Abacus FCF Innovation Leaders ETF,ETF,ETF,40.49100112915039,0.708849023346068,-0.0286387690868199,63.49444748266541,US
ABSI,Absci Corporation,Healthcare,Biotechnology,10.229999542236328,-9.708741296354,-0.0675070124518477,57.755865893647375,US
ABT,Abbott Laboratories,Healthcare,Medical Devices,88.95999908447266,-7.178628460253751,-0.3613580411381822,41.96265397293222,US
ABUF,Aptus Laddered Buffer ETF,ETF,ETF,27.21999931335449,0.3687259256143902,2.673803068814484e-07,63.1537246588213,US
ACA,"Arcosa, Inc.",Industrials,Engineering & Construction,145.0800018310547,0.2279805395887305,-0.0953678441117089,69.57758586202561,US
ACAD,ACADIA Pharmaceuticals Inc.,Healthcare,Biotechnology,25.489999771118164,-2.7099273707869616,-0.0807186770483932,63.737094556620505,US
ACCO,ACCO,N/A,N/A,3.900000095367432,-3.9408829967266175,0.0004241687384233,47.148707910511966,US
ACGL,Arch Capital Group Ltd.,Financial Services,Insurance - Diversified,101.52999877929688,-1.2834221822145715,-0.1795979466016937,63.24783086615523,US
ACHV,"Achieve Life Sciences, Inc.",Healthcare,Biotechnology,6.309999942779541,-3.220859490204032,-0.0040089085710653,59.48887816433967,US
ACI,"Albertsons Companies, Inc.",Consumer Defensive,Grocery Stores,14.609999656677246,3.3238988821979563,-0.0002768440269946,50.20935536437682,US
ACIC,American Coastal Insurance Corporation,Financial Services,Insurance - Property & Casualty,10.829999923706056,-5.989587731245317,-0.0369272247926233,45.7339244373866,US
ACIW,"ACI Worldwide, Inc.",Technology,Software - Infrastructure,55.11000061035156,-0.916933353698504,-0.2340064574299472,71.68875845160046,US
ACLO,TCW AAA CLO ETF,ETF,ETF,50.380001068115234,0.079461492662088,-9.360992913334807e-06,82.72625639638935,US
ACLS,"Axcelis Technologies, Inc.",Technology,Semiconductor Equipment & Materials,142.24000549316406,8.134417479979653,0.7889754498868697,43.30612805339428,US
ACMR,"ACM Research, Inc.",Technology,Semiconductor Equipment & Materials,98.8949966430664,4.473899025055943,0.0533654939317864,51.25797796421293,US
ACN,Accenture plc,Technology,Information Technology Services,134.55999755859375,-4.194474746292863,-0.1427770711088634,41.528858159713664,US
ACNB,ACNB Corporation,Financial Services,Banks - Regional,59.630001068115234,0.6583379112060336,-0.0081944707537995,59.125896258742,US
ACP,Abrdn Income Credit Strategies Fund,Financial Services,Asset Management,5.210000038146973,-0.3824088117318351,-0.0010605835918101,50.222527456785365,US
ACSG,American Century Small Cap Growth Insights ETF,ETF,ETF,49.143699645996094,-0.4724856928569508,-0.0168235768656346,54.51932838306446,US
ACT,"Enact Holdings, Inc.",Financial Services,Insurance - Specialty,45.650001525878906,0.3296736832503434,0.0049417546753585,63.97205921205827,US
ACTG,Acacia Research Corporation,Industrials,Business Equipment & Supplies,4.369999885559082,-1.797751171572875,0.0008396098926264,32.82498530998109,US
ACVA,ACV Auctions Inc.,Consumer Cyclical,Auto & Truck Dealerships,7.230000019073486,-0.8230444868793905,0.0163175621600572,61.34038329361529,US
ACVF,American Conservative Values ETF,ETF,ETF,54.12590026855469,0.6431786855877925,0.0014650631629787,54.05100296644017,US
ACVT,Advent Convertible Bond ETF,ETF,ETF,28.084999084472656,-0.6719736043182778,-0.009345942564228,57.024969441199545,US
ACVU,Hartford Funds Exchange-Traded Trust - Hartford Alpha Capture Value ETF,ETF,ETF,31.17930030822754,-0.8134218611706224,-0.0100749585153407,56.066456139792095,US
ACWV,iShares MSCI Global Min Vol Factor ETF,ETF,ETF,121.73999786376952,-0.7581318326058447,-0.0679955335616672,55.68179152171695,US
ACWX,iShares MSCI ACWI ex U.S. ETF,ETF,ETF,75.1500015258789,0.013311333925625,0.0156763423618999,49.72872580333989,US
ACYN,FT Vest Laddered Autocallable Barrier & Income ETF,EQUITY,EQUITY,20.65999984741211,0.3887265500613679,0.0007774935986894,61.69085365427641,US
ADBE,Adobe Inc.,Technology,Software - Application,220.77999877929688,-0.3430507041021514,-0.5917744718225864,50.25574941682545,US
ADBG,Leverage Shares 2X Long ADBE Daily ETF,ETF,ETF,3.430000066757202,-1.4367802310988531,-0.0184110240144262,47.98461171717852,US
ADBU,Direxion Daily Adbe Bull 2X ETF,EQUITY,EQUITY,19.280000686645508,-1.330604998463579,-0.1034184620387583,48.17025636488808,US
ADI,"Analog Devices, Inc.",Technology,Semiconductors,392.75,3.6197665791335054,0.6584322966014922,47.68708503029401,US
ADIV,Guinness Atkinson Asia Pacific Dividend Builder ETF,ETF,ETF,18.989999771118164,1.469407514229952,0.0029975602235775,53.20647898907901,US
ADM,Archer-Daniels-Midland Company,Consumer Defensive,Farm Products,82.27999877929688,5.217393849458967,0.0819795038001722,64.3372929133902,US
ADMA,"ADMA Biologics, Inc.",Healthcare,Biotechnology,8.869999885559082,-3.691641163731176,-0.0258743842556747,52.18354759507379,US
ADNT,Adient plc,Consumer Cyclical,Auto Parts,19.26000022888184,0.3124972060323872,0.0172580647909097,43.75561278086202,US
ADP,"Automatic Data Processing, Inc.",Technology,Software - Application,246.44000244140625,0.3420180443874187,-0.2452261098912735,64.44394043456742,US
ADPV,Adaptiv Select ETF,ETF,ETF,46.09180068969727,1.1073307504820566,0.035398890687996,46.49282275246173,US
ADSK,"Autodesk, Inc.",Technology,Software - Application,205.9199981689453,-3.041720767184134,-0.4496471595141251,47.19790391921403,US
ADT,ADT Inc.,Industrials,Security & Protection Services,6.730000019073486,-2.604917978486432,-0.0040560837759322,51.56050789294504,US
ADUS,Addus HomeCare Corporation,Healthcare,Medical Care Facilities,108.5,2.3874669719288395,-0.1789583734457025,75.36970705724428,US
ADV,Advantage Solutions Inc.,Communication Services,Advertising Agencies,40.20000076293945,0.4497758698572481,-0.0001308032385956,51.06044125901867,US
AEE,Ameren Corporation,Utilities,Utilities - Regulated Electric,112.9499969482422,-1.2933700541698343,-0.0377404116790247,52.946742352469,US
AEHR,AEHR,N/A,N/A,72.01000213623047,7.573946085917875,0.6122505632490931,40.44712140112392,US
AEMS,Anfield Enhanced Market ETF,ETF,ETF,2.3499999046325684,-1.6695286407068182,-0.0009350395038597,50.04394407435916,US
AEP,"American Electric Power Company, Inc.",Utilities,Utilities - Regulated Electric,134.94000244140625,-1.883222832021512,-0.0924345760385705,53.209193942391465,US
AER,AerCap Holdings N.V.,Industrials,Rental & Leasing Services,146.75,-2.859606218822357,-0.282999757039343,51.37289641619106,US
AESI,Atlas Energy Solutions Inc.,Energy,Oil & Gas Equipment & Services,14.699999809265137,5.150216670991627,0.0497176050503398,40.75537585436863,US
AESR,Anfield U.S. Equity Sector Rotation ETF,ETF,ETF,20.167499542236328,0.8879428371711052,0.0082186166515014,50.43763146935363,US
AETH,Bitwise Trendwise Ethereum & Treasuries Rotation Strategy ETF,ETF,ETF,30.65060043334961,4.89596561811446,0.1440785759111476,51.460869871660194,US
AEVA,"Aeva Technologies, Inc.",Technology,Software - Infrastructure,19.81999969482422,-8.11312018896281,-0.0043771768742613,42.93395525497372,US
AEXA,American Exceptionalism Acquisition Corp. A,Financial Services,Shell Companies,11.789999961853027,-0.4222989027912693,-0.0083340905571769,64.27897735730573,US
AFGR,First Trust Active Factor Large Cap Growth ETF,EQUITY,EQUITY,36.99679946899414,1.5921126260121776,0.0104351129009805,57.54020573868596,US
AFIF,Anfield Universal Fixed Income ETF,ETF,ETF,9.40999984741211,-0.2120939248824239,0.0010391380528601,56.248450212912886,US
AFIX,Allspring Broad Market Core Bond ETF,ETF,ETF,24.625,-0.2026311594994931,0.0020754962532601,44.93611111181114,US
AFL,Aflac Incorporated,Financial Services,Insurance - Life,122.0500030517578,0.4609475659191567,-0.0807775496188172,60.823178081260274,US
AFLG,First Trust Active Factor Large Cap ETF,ETF,ETF,43.7400016784668,1.1797412482787313,0.0054118112565798,58.22697514805368,US
AFMC,First Trust Active Factor Mid Cap ETF,ETF,ETF,40.30839920043945,0.5949575927898698,0.0133417159586964,52.51856961459487,US
AFRM,"Affirm Holdings, Inc.",Financial Services,Credit Services,84.44999694824219,0.9925785391032916,-0.0326986479554087,63.12663405929025,US
AFRU,T-REX 2X Long AFRM Daily Target ETF,ETF,ETF,13.885000228881836,0.6159422968996808,-0.013171174115069,60.94048905060814,US
AFYA,Afya Limited,Consumer Defensive,Education & Training Services,14.050000190734863,-4.874747763804903,-0.0278299706249794,40.20914394911373,US
AGCC,Agencia Comercial Spirits Ltd,Consumer Defensive,Beverages - Wineries & Distilleries,15.0,-0.662254165188261,-0.0074650297592757,47.53109649657488,US
AGGA,EA Astoria Beacon Dynamic Core US Fixed Income ETF,ETF,ETF,24.97960090637207,-0.1055731099697902,0.0005379024811447,48.02740337885336,US
AGGH,Simplify Aggregate Bond ETF,ETF,ETF,20.045000076293945,-0.1494430162159306,0.0018728244075532,45.79175868803048,US
AGGY,WisdomTree Yield Enhanced U.S. Aggregate Bond Fund,ETF,ETF,43.08000183105469,-0.3815403050187727,0.0015574908720705,41.04328602818858,US
AGIX,KraneShares Artificial Intelligence and Technology Public and Private ETF,ETF,ETF,44.59999847412109,0.5410231299986207,0.0068019288074243,47.351066969714914,US
AGL,"agilon health, inc.",Healthcare,Medical Care Facilities,122.61000061035156,14.087651640160075,0.5642606669306112,66.33932592996214,US
AGM,Federal Agricultural Mortgage Corporation,Financial Services,Credit Services,198.8800048828125,-0.6940626953587058,-0.3654418336955602,61.81825652560508,US
AGMB,AgomAb Therapeutics NV,Healthcare,Biotechnology,12.039999961853027,-9.337347861834132,-0.0620098996302891,48.654376560693386,US
AGNG,Global X Aging Population ETF,ETF,ETF,36.02560043334961,-3.2350231632970177,-0.0639658587964803,52.38821293068434,US
AGQI,First Trust Active Global Quality Income ETF,ETF,ETF,18.109699249267575,-1.2772602221836584,-0.0021882986331249,51.47551838723763,US
AGRH,iShares Interest Rate Hedged U.S. Aggregate Bond ETF,ETF,ETF,26.29129981994629,0.1955032365685838,0.0046359276830519,70.40923561153386,US
AGRO,Adecoagro S.A.,Consumer Defensive,Farm Products,10.4399995803833,8.523905453004724,0.0104630400432881,50.36628645113529,US
AGZ,iShares Agency Bond ETF,ETF,ETF,108.74600219726562,-0.0404437153152362,0.0079287566103232,49.9995131103584,US
AHCO,AdaptHealth Corp.,Healthcare,Medical Devices,10.1899995803833,0.3940883089296053,-0.0086911363899994,48.87412396199844,US
AHG,Akso Health Group,Healthcare,Medical Distribution,1.5199999809265137,-2.5641002128344392,-0.0029743366759606,51.8647941884262,US
AHYB,American Century Select High Yield ETF,ETF,ETF,46.04209899902344,-0.1472600529805269,-0.0004106225362407,52.7623109199405,US
AI,"C3.ai, Inc.",Technology,Software - Infrastructure,9.149999618530272,2.4635980496773526,0.0227602900007186,44.79098040999573,US
AIA,iShares Asia 50 ETF,ETF,ETF,136.2100067138672,0.7544968222802019,0.0804444754108287,47.68500580673764,US
AIBD,Direxion Daily AI And Big Data Bear 2X Shares,ETF,ETF,5.389999866485596,-0.5535093982667058,0.0041709577652652,49.530492297466296,US
AIBU,Direxion Daily AI And Big Data Bull 2X Shares,ETF,ETF,61.36859893798828,0.8307181443659523,-0.0256956469297848,48.15941390345196,US
AIG,"American International Group, Inc.",Financial Services,Insurance - Diversified,79.0,-2.5413244764838447,-0.1127448768906641,57.68839110707132,US
AIMS,Acuitas Small Cap Active ETF,ETF,ETF,28.38159942626953,-0.3105018939831691,-0.0028932726175623,52.00656771029857,US
AIN,Albany International Corp.,Consumer Cyclical,Textile Manufacturing,73.7300033569336,0.2174849296902084,0.0903004172691512,59.24755303740683,US
AINP,Allspring Income Plus ETF,ETF,ETF,24.90999984741211,-0.1603243058283221,0.0009366820631628,46.88515898018197,US
AINT,FINQ DOLLAR NEUTRAL U.S. Large Cap AI-Managed Equity ETF,EQUITY,EQUITY,28.754600524902344,-2.757521739388446,-0.0349618474076043,46.82132276210248,US
AIOT,"PowerFleet, Inc.",Technology,Software - Infrastructure,4.300000190734863,-0.2320128115414508,-0.0035736665909557,60.99598935008561,US
AIP,"Arteris, Inc.",Technology,Semiconductors,33.40999984741211,6.673052914918365,0.0930641864534855,42.76691093548706,US
AIPO,Defiance AI & Power Infrastructure ETF,ETF,ETF,30.68000030517578,0.327012366642306,0.0199163471353933,44.48716101467046,US
AIQ,Global X Artificial Intelligence & Technology ETF,ETF,ETF,61.959999084472656,-0.1933033876329583,0.0054523581957452,46.16148638807205,US
AIR,AAR Corp.,Industrials,Aerospace & Defense,134.4600067138672,-1.5882295918868767,-0.0125407985869117,53.61149675104539,US
AIRR,First Trust RBA American Industrial RenaissanceTM ETF,ETF,ETF,123.30999755859376,0.3580978287427916,0.1366686385520712,43.21252804085529,US
AIS,VistaShares Artificial Intelligence Supercycle ETF,ETF,ETF,74.04000091552734,2.307583398598372,0.0951876616872415,47.224045889691816,US
AIUP,FINQ FIRST U.S. Large Cap AI-Managed Equity ETF,ETF,ETF,27.97249984741211,0.656707181980683,-0.0081674281370136,59.09503984853066,US
AIV,Apartment Investment and Management Company,Real Estate,REIT - Residential,2.7799999713897705,-5.442179684239737,-0.0012393024865215,31.470437945397062,US
AIVI,WisdomTree International Al Enhanced Value Fund,ETF,ETF,57.019798278808594,0.1577340122105155,-0.0019230230535223,58.56045684387521,US
AIYY,YieldMax AI Option Income Strategy ETF,ETF,ETF,8.100000381469727,2.6676594006860936,0.0183613791879155,45.36863828205784,US
AJG,Arthur J. Gallagher & Co.,Financial Services,Insurance Brokers,253.8300018310547,-0.3298371790670766,-0.7414205156978841,67.43621000205896,US
AJUL,Innovator Equity Defined Protection ETF - 2 Yr to July 2028,ETF,ETF,30.11000061035156,0.0664687858499453,0.002301055322539,60.19805139414178,US
AKAF,The Frontier Economic Fund,ETF,ETF,31.57999992370605,-0.500962207767288,-0.0009702698621612,46.729778575980106,US
AKR,AKR,N/A,N/A,21.36000061035156,-0.2801095505540438,0.0060460158981884,49.92498569137428,US
AKRE,Akre Focus ETF,ETF,ETF,54.97999954223633,-1.5753688838165876,-0.050075277711449,53.06544542733967,US
AKTS,"Aktis Oncology, Inc.",Healthcare,Biotechnology,25.174999237060547,-8.720089533351734,-0.1613575004282759,47.96847977432444,US
ALAB,"Astera Labs, Inc.",Technology,Semiconductors,361.7799987792969,-5.513336744632385,-1.702374922663747,46.949935849619024,US
ALF,Centurion Acquisition Corp.,Financial Services,Shell Companies,10.949999809265137,0.5509592658476977,0.0029419695724893,74.27146725867391,US
ALG,Alamo Group Inc.,Industrials,Farm & Heavy Construction Machinery,163.16000366210938,-1.8054886458118868,-0.0479346959308339,52.51509628112044,US
ALH,Alliance Laundry Holdings Inc.,Consumer Cyclical,"Furnishings, Fixtures & Appliances",25.84000015258789,-0.347088899069261,0.0015306341178917,50.23389999284591,US
ALHC,"Alignment Healthcare, Inc.",Healthcare,Healthcare Plans,21.200000762939453,-11.850305881628907,0.0279821227990915,51.29889367788227,US
ALIL,Argent Focused Small Cap ETF,ETF,ETF,31.46339988708496,1.3477204373096685,0.0271265973551537,48.10462827459076,US
ALK,"Alaska Air Group, Inc.",Industrials,Airlines,46.869998931884766,-4.522308441235751,-0.0811247633749279,46.25127837915619,US
ALKT,"Alkami Technology, Inc.",Technology,Software - Application,17.059999465942383,-7.83360748249459,-0.0774591774605347,50.156817957195535,US
ALL,The Allstate Corporation,Financial Services,Insurance - Property & Casualty,250.3500061035156,-0.4414223259027495,-0.5217786433555887,64.8980069732788,US
ALMR,"Alamar Biosciences, Inc.",Healthcare,Medical Devices,27.049999237060547,7.21363348333576,-0.058832075990193,61.19977528142415,US
ALNT,Allient Inc.,Technology,Electronic Components,88.77999877929688,7.5730038682223375,0.1845240863682415,49.56334427755536,US
ALNY,"Alnylam Pharmaceuticals, Inc.",Healthcare,Biotechnology,281.260009765625,-12.540808803608249,-1.5868494262336983,39.12743545231689,US
ALOY,ALOY,N/A,N/A,10.770000457763672,-11.576353136977694,-0.021288502338003,38.79890568261121,US
ALRG,Allspring LT Large Core ETF,ETF,ETF,30.2189998626709,0.3153608804347468,-0.0057305801679061,59.12318230405728,US
ALRM,ALRM,N/A,N/A,52.22999954223633,2.734066454517276,-0.0569455766667761,75.2157676024654,US
ALT,"Altimmune, Inc.",Healthcare,Biotechnology,2.930000066757202,-2.9801296270770243,-0.0119540998451304,48.53888830648288,US
ALTI,"AlTi Global, Inc.",Financial Services,Asset Management,3.4600000381469727,-13.715714696810066,-0.0160289191421262,51.01513334089192,US
ALTO,"Alto Ingredients, Inc.",Basic Materials,Specialty Chemicals,5.619999885559082,-0.5309771557870856,-0.0153234457016205,53.03172581728603,US
ALVO,Alvotech,Healthcare,Drug Manufacturers - Specialty & Generic,3.299999952316284,-5.444127699176691,0.003157106464927,40.4842000725606,US
ALX,"Alexander's, Inc.",Real Estate,REIT - Retail,276.260009765625,2.17471883150568,0.0414522693465979,63.00495145207632,US
AMAL,Amalgamated Financial Corp.,Financial Services,Banks - Regional,46.400001525878906,1.3100486873651478,-0.0124944364817294,58.99644501972977,US
AMAT,"Applied Materials, Inc.",Technology,Semiconductor Equipment & Materials,595.7000122070312,7.430119424171551,1.1846256448845054,52.83507389919903,US
AMAU,Leverage Shares 2X Long AMAT Daily ETF,ETF,ETF,23.56999969482422,14.751697391631216,0.1117226383853029,50.35548256090712,US
AMAX,Adaptive Hedged Multi-Asset Income ETF,ETF,ETF,7.519999980926514,0.0,0.0024561335992836,47.29279024503421,US
AMBA,AMBA,N/A,N/A,72.9000015258789,1.5037619543912626,-0.2639919665663772,49.57805501516567,US
AMBQ,"Ambiq Micro, Inc.",Technology,Semiconductors,85.4800033569336,13.248542071085373,0.2226519401474167,54.83426061367006,US
AMBZ,American Business Bank,Financial Services,Banks - Regional,72.83999633789062,0.1237063063788659,-0.0007703960959266,52.96233211368796,US
AMC,"AMC Entertainment Holdings, Inc.",Communication Services,Entertainment,1.9600000381469729,13.953488694454537,0.0124723846855161,50.2495069455669,US
AMCR,AMCR,N/A,N/A,42.77999877929688,-3.757034769355855,-0.0329506724028714,55.33872432100928,US
AMCX,AMC Global Media Inc.,Communication Services,Entertainment,9.81999969482422,-1.7017025043927252,-0.0114204513946272,50.51214032172392,US
AMD,"Advanced Micro Devices, Inc.",Technology,Semiconductors,548.1300048828125,6.204107736733419,0.5180823606563187,55.23271309315758,US
AMDD,Direxion Daily AMD Bear 1X Shares,ETF,ETF,2.755000114440918,-5.9726944822211765,-0.0036665493361637,41.15678223848303,US
AME,"AMETEK, Inc.",Industrials,Specialty Industrial Machinery,233.9600067138672,0.9754034507518132,0.0904126301874881,51.19794966438293,US
AMGN,Amgen Inc.,Healthcare,Drug Manufacturers - General,355.25,-3.490900812400964,-0.7443166915341966,50.198776052612,US
AMLP,Alerian MLP ETF,ETF,ETF,53.81999969482422,1.7968617025383142,0.017777476571715,62.578070935337685,US
AMLX,"Amylyx Pharmaceuticals, Inc.",Healthcare,Drug Manufacturers - Specialty & Generic,18.200000762939453,0.1651110980712055,-0.003749963441804,62.184127691026326,US
AMN,"AMN Healthcare Services, Inc.",Healthcare,Medical Care Facilities,32.5,-2.255639097744361,-0.0450963671077773,53.3991543843645,US
AMOM,QRAFT AI-Enhanced U.S. Large Cap Momentum ETF,ETF,ETF,60.42060089111328,4.203989290453039,0.1058446238081477,50.75106057333647,US
AMP,"Ameriprise Financial, Inc.",Financial Services,Asset Management,518.5999755859375,2.118773496699488,-0.027207150023381,70.05728305495951,US
AMPU,Defiance Daily Target 2X Long AMPX ETF,ETF,ETF,3.450000047683716,-10.621757993647073,0.0246483651917444,32.00076268464399,US
AMPX,"Amprius Technologies, Inc.",Industrials,Electrical Equipment & Parts,11.119999885559082,-5.119457063133971,0.0268038807003927,34.22487046259489,US
AMR,"Alpha Metallurgical Resources, Inc.",Basic Materials,Coking Coal,153.94000244140625,1.2563334061997475,0.7512966962763095,37.65776795299291,US
AMRC,"Ameresco, Inc.",Industrials,Engineering & Construction,25.0,-1.922321598736795,0.0595278288755651,41.49869387285841,US
AMRX,"Amneal Pharmaceuticals, Inc.",Healthcare,Drug Manufacturers - Specialty & Generic,16.690000534057617,-2.1114294376062044,-0.0317249430398735,59.149381092080965,US
AMRZ,Amrize Ltd,Basic Materials,Building Materials,49.77000045776367,-2.296816255373545,0.033642788143576,41.5741153120244,US
AMSC,American Superconductor Corporation,Industrials,Specialty Industrial Machinery,35.459999084472656,-0.2531649916157137,0.0703353194991454,38.729285626323545,US
AMSF,"AMERISAFE, Inc.",Financial Services,Insurance - Specialty,34.060001373291016,-3.921013708698101,-0.1016643008500319,56.40162699205075,US
AMT,American Tower Corporation,Real Estate,REIT - Specialty,168.8300018310547,2.166415631500568,0.278711633131421,44.23716681501671,US
AMTD,AMTD IDEA Group,Financial Services,Asset Management,0.949999988079071,1.0638287753851583,0.0004744889269525,45.36081469925986,US
AMTM,"Amentum Holdings, Inc.",Industrials,Specialty Business Services,20.489999771118164,-3.2577928428499643,-0.0246683358907633,41.22888899872646,US
AMUN,AMUN,N/A,N/A,26.045000076293945,0.0768509435421131,0.0004989550178216,72.94745123423738,US
AMZN,"Amazon.com, Inc.",Consumer Cyclical,Internet Retail,247.4900054931641,0.6138750271780514,-0.0387662182503274,53.09586637353184,US
AMZP,Kurv Yield Premium Strategy Amazon ETF,ETF,ETF,26.88999938964844,0.8702769726547547,0.0004830276553935,53.14493626175738,US
AMZW,Roundhill AMZN WeeklyPay ETF,ETF,ETF,36.99660110473633,0.8706855101285809,-0.0058354276724456,52.71937514522299,US
AMZY,YieldMax AMZN Option Income Strategy ETF,ETF,ETF,10.869999885559082,1.1578370864821588,0.0013246328025221,53.40320772876518,US
AN,"AutoNation, Inc.",Consumer Cyclical,Auto & Truck Dealerships,196.27999877929688,2.3998363310125668,0.1879115444073802,56.40164551544091,US
ANAB,"AnaptysBio, Inc.",Healthcare,Biotechnology,62.5099983215332,-7.151873516475073,-0.4450638807156437,50.82874772902933,US
ANDG,Andersen Group Inc.,Consumer Cyclical,Personal Services,42.90999984741211,5.924467107674944,0.0052425506897453,62.88689896996415,US
ANEL,Defiance Daily Target 2X Long ANET ETF,ETF,ETF,23.96999931335449,18.839857326162004,-0.0402977657110118,57.41574234840654,US
ANET,"Arista Networks, Inc.",Technology,Computer Hardware,182.57000732421875,9.678000697214616,-0.1688953646237951,59.232471436047945,US
ANEW,ProShares MSCI Transformational Changes ETF,ETF,ETF,51.61000061035156,-1.7513767186834623,-0.0611479289422309,55.361022046684816,US
ANF,Abercrombie & Fitch Co.,Consumer Cyclical,Apparel Retail,92.87000274658205,4.324877834979669,0.0793579007908764,59.43768897343672,US
ANGL,VanEck Fallen Angel High Yield Bond ETF,ETF,ETF,29.030000686645508,-0.3774835460086012,-0.0008168745073782,52.58846432641679,US
ANGO,"AngioDynamics, Inc.",Healthcare,Medical Instruments & Supplies,13.0,-0.5355753363325553,0.0064923311512866,58.51016918541911,US
ANGX,"Angel Studios, Inc.",Communication Services,Entertainment,4.090000152587891,11.444143530320346,-0.0032284496986956,72.93449908092262,US
ANIP,"ANI Pharmaceuticals, Inc.",Healthcare,Drug Manufacturers - Specialty & Generic,80.55000305175781,-6.326311137523321,-0.1533975417562449,43.86610593967648,US
ANL,Adlai Nortye Ltd.,Healthcare,Biotechnology,9.199999809265137,-14.57753557816038,-0.03977956118516,41.03369517660241,US
ANSC,Agriculture & Natural Solutions Acquisition Corporation,Financial Services,Shell Companies,11.4399995803833,0.1751270048664112,-9.971169750281823e-05,62.346781310508696,US
ANV,Graniteshares Autocallable Nvda ETF,ETF,ETF,25.09000015258789,1.0064412176501312,0.0050539396005918,61.546913023461975,US
AOA,iShares Core 80/20 Aggressive Allocation ETF,ETF,ETF,97.0999984741211,0.2684863135715935,0.005485766709155,53.145459762863496,US
AOK,iShares Core 30/70 Conservative Allocation ETF,ETF,ETF,41.119998931884766,0.0,0.0028873959482728,50.40118027472767,US
AON,Aon plc,Financial Services,Insurance Brokers,358.8900146484375,-0.258460523831648,-0.6393516536337529,63.19233657830778,US
AOR,iShares Core 60/40 Balanced Allocation ETF,ETF,ETF,68.8499984741211,0.1454523259943181,0.0036385422803477,52.18482743495953,US
AOSL,Alpha and Omega Semiconductor Limited,Technology,Semiconductors,34.810001373291016,0.1150443341981955,0.0397076923782309,40.53389790391038,US
APCB,ActivePassive Core Bond ETF,ETF,ETF,29.13999938964844,-0.205484149737315,0.00144404304152,43.675275992845215,US
APD,"Air Products and Chemicals, Inc.",Basic Materials,Specialty Chemicals,299.3999938964844,-1.8521534576552452,-0.4269847860845033,56.565129838828895,US
APDB,Aptus April Deep Buffer ETF,ETF,ETF,25.80500030517578,0.3304859801343553,0.0001132123479392,57.393976519714535,US
APH,Amphenol Corporation,Technology,Electronic Components,158.3699951171875,-0.1513180078434466,0.0105628586369652,50.60461866472408,US
APHU,T-Rex 2x Long Aph Daily Target ETF,ETF,ETF,25.420000076293945,1.8837647253807928,0.0484609929606505,50.8241425663387,US
APIE,ActivePassive International Equity ETF,ETF,ETF,38.54999923706055,-0.0518549596108909,-0.0121331215021178,51.47887519804007,US
APLE,"Apple Hospitality REIT, Inc.",Real Estate,REIT - Hotel & Motel,16.68000030517578,2.080784268132594,0.0214112494957729,61.65132020485255,US
APLX,Tradr 2X Long APLD Daily ETF,ETF,ETF,11.529999732971191,-15.839416835804638,0.0933639464601219,29.28860897742865,US
APLZ,Tradr 2X Short Apld Daily ETF,ETF,ETF,30.54129981994629,13.283756888316244,0.0125793372768889,67.5717149598262,US
APMU,ActivePassive Intermediate Municipal Bond ETF,ETF,ETF,24.895000457763672,-0.3322931418684624,0.0002523541279251,47.82695450190504,US
APO,"Apollo Global Management, Inc.",Financial Services,Asset Management,119.93000030517578,0.5028060545666974,0.1875847309305967,42.83447840526466,US
APOC,Innovator Equity Defined Protection ETF - 6 Mo Apr/Oct,ETF,ETF,26.3518009185791,0.1208253196185882,-0.0001983642304746,68.86139686292783,US
APP,AppLovin Corporation,Communication Services,Advertising Agencies,448.9800109863281,-14.962682754047664,-2.7499127782304806,39.63783519424102,US
APPF,"AppFolio, Inc.",Technology,Software - Application,174.4600067138672,-2.764458536226102,-0.5391205584202625,58.22372369845873,US
APPN,Appian Corporation,Technology,Software - Infrastructure,25.18000030517578,2.0259319036359256,-0.0603853048944524,59.67773989421877,US
APPS,"Digital Turbine, Inc.",Technology,Software - Application,9.81999969482422,-5.486050333625371,-0.0457279299859718,49.04082564514231,US
APPX,Tradr 2X Long APP Daily ETF,ETF,ETF,29.399999618530277,-29.53695641202681,-0.4123506331256583,38.29452963465032,US
APRB,Aptus April Buffer ETF,ETF,ETF,27.01000022888184,0.3343244886063197,0.0012852583128576,63.45317022993869,US
APRH,Innovator Premium Income 20 Barrier ETF - April,ETF,ETF,25.01499938964844,0.0399929182862222,-0.0003283683043961,61.82402964849483,US
APRJ,Innovator Premium Income 30 Barrier ETF - April,ETF,ETF,24.76000022888184,-0.0403723403190392,-0.0006960388268839,58.78145996266211,US
APRP,PGIM S&P 500 Buffer 12 ETF - Apr,ETF,ETF,32.689300537109375,0.3046958700722779,-0.0018013030180625,55.65242226149583,US
APRW,AllianzIM U.S. Equity Buffer20 Apr ETF,ETF,ETF,37.25,0.3502184047844033,0.0006543315950829,63.26486289979314,US
APRZ,TrueShares Structured Outcome (April) ETF,ETF,ETF,40.09659957885742,0.4851758051274089,0.0015484042979106,55.783016944891024,US
APUE,APUE,N/A,N/A,46.41999816894531,0.4327064971010942,-0.0026711479242685,57.24870140217276,US
APXM,FT Vest U.S. Equity Max Buffer ,ETF,ETF,31.780000686645508,0.0787325666498385,-1.298202031827303e-05,62.57446099570991,US
APXT,Apex Treasury Corporation,Financial Services,Shell Companies,10.06999969482422,0.0,5.2246647400130616e-05,58.91884629194874,US
AQEC,AQE Core ETF,ETF,ETF,24.49090003967285,-1.981509726058141,-0.0319814797491293,53.924880075801,US
AQLT,iShares MSCI Global Quality Factor ETF,ETF,ETF,31.396900177001957,0.2135341636093587,-0.0059959864213377,53.8321967276897,US
AQST,"Aquestive Therapeutics, Inc.",Healthcare,Drug Manufacturers - Specialty & Generic,4.039999961853027,-6.697458821311384,-0.0032044611042418,41.69102898850044,US
AQWA,Global X Clean Water ETF,ETF,ETF,19.350000381469727,0.4307893405872043,0.0071367540713352,56.36336959265911,US
ARCO,Arcos Dorados Holdings Inc.,Consumer Cyclical,Restaurants,8.199999809265137,-0.4854364437391164,-0.006879698426339,46.12395892929212,US
ARCX,Tradr 2X Long ACHR Daily ETF,ETF,ETF,10.899999618530272,-4.302025548925793,0.0578179142273833,40.7151561388595,US
ARDT,"Ardent Health, Inc.",Healthcare,Medical Care Facilities,9.800000190734863,-9.426982743606503,-0.0383173237771496,49.8128356043322,US
ARDX,"Ardelyx, Inc.",Healthcare,Biotechnology,5.159999847412109,-4.089224207231652,0.0005446852797499,36.93277741433375,US
ARES,Ares Management Corporation,Financial Services,Asset Management,120.3000030517578,-0.3313951173137957,0.0143254807006665,49.66592837923888,US
ARGT,Global X MSCI Argentina ETF,ETF,ETF,94.73999786376952,2.079517676915479,0.0631425275454914,55.33669272264939,US
ARHS,"Arhaus, Inc.",Consumer Cyclical,Specialty Retail,7.829999923706055,-3.8083588027240407,-0.0082345030758896,53.93025111195351,US
ARI,"Apollo Commercial Real Estate Finance, Inc.",Real Estate,REIT - Mortgage,10.609999656677246,3.714566289783509,0.0269898458675482,50.66638740246902,US
ARKF,ARK Blockchain & Fintech Innovation ETF,ETF,ETF,42.040000915527344,1.2036590972079244,0.0050160576143875,58.69752569099881,US
ARKK,ARK Innovation ETF,ETF,ETF,79.5199966430664,-2.0569106393919188,-0.0602091855337469,50.87749715286203,US
ARKX,ARK Space & Defense Innovation ETF,ETF,ETF,31.739999771118164,-2.6380329547733683,0.0067612370820952,40.15463493999955,US
ARLI,AllianzIM International Equity Buffer15 Uncapped Apr ETF,ETF,ETF,26.059999465942383,-1.6603793738023291,-0.0129555318476656,48.74833351068875,US
ARLO,"Arlo Technologies, Inc.",Industrials,Building Products & Equipment,13.1899995803833,0.1518565221981635,0.0039460079083233,51.86521360387436,US
ARLU,ARLU,N/A,N/A,32.07709884643555,0.4921640656833026,-0.0009963797965594,55.54309905310116,US
ARM,Arm Holdings plc,Technology,Semiconductors,281.1700134277344,-6.41080441952808,-0.732398365797156,39.97483203523131,US
ARMH,Arm Holdings PLC ADRhedged,ETF,ETF,11.93000030517578,-90.6274059885405,-7.139911907498356,19.20695401585036,US
ARMW,Roundhill ARM WeeklyPay ETF,ETF,ETF,52.34000015258789,-7.92024130791402,-0.1589582068331934,39.55605968576015,US
ARMY,Tema International Defense Innovation ETF,ETF,ETF,23.502599716186523,-6.735718235569356,-0.0384278331118827,42.771049109455646,US
AROC,"Archrock, Inc.",Energy,Oil & Gas Equipment & Services,38.52999877929688,1.5818572878820152,0.0056597879446323,52.76612258266788,US
AROW,Arrow Financial Corporation,Financial Services,Banks - Regional,40.79999923706055,-0.0489967121832385,-0.0088584303583227,58.904683475126944,US
ARP,Pmv Adaptive Risk Parity ETF,ETF,ETF,32.9385986328125,1.6435241372669551,0.0145144091895909,54.59610617554864,US
ARQQ,Arqit Quantum Inc.,Technology,Software - Infrastructure,18.729999542236328,-5.59476109785602,0.0120811918316512,45.584409403187394,US
ARR,"ARMOUR Residential REIT, Inc.",Real Estate,REIT - Mortgage,17.110000610351562,0.7656129070667381,0.0076572208509404,52.955391090545056,US
ARTY,iShares Future AI & Tech ETF,ETF,ETF,69.95999908447266,0.0428982971056196,-0.0008069302853328,45.3841289270389,US
ARVN,"Arvinas, Inc.",Healthcare,Biotechnology,8.270000457763672,-3.7252583136196233,-0.0150363277732342,49.80100338502958,US
ARVR,First Trust Indxx Metaverse ETF,ETF,ETF,55.94620132446289,0.8548478536001275,-0.0141985819463689,50.47829232843342,US
ASAN,"Asana, Inc.",Technology,Software - Application,7.460000038146973,-0.400530492495767,-0.0032963975630475,54.32737685891051,US
ASB,Associated Banc-Corp,Financial Services,Banks - Regional,30.709999084472656,0.032567821774366,-0.0007125418515778,59.624447003580165,US
ASC,Ardmore Shipping Corporation,Industrials,Marine Shipping,16.18000030517578,4.724922361959345,0.0321730651062663,51.17558493636725,US
ASCI,abrdn International Small Cap Active ETF,ETF,ETF,35.9297981262207,-0.8121712266678349,0.0006095251454918,43.68326566376698,US
ASEA,Global X FTSE Southeast Asia ETF,ETF,ETF,20.899999618530277,3.311913452568868,0.0108974892266014,74.28678744408049,US
ASIA,Matthews Pacific Tiger Active ETF,ETF,ETF,41.878700256347656,-0.2175386268762638,0.0327635841942581,44.3433754065542,US
ASIX,AdvanSix Inc.,Basic Materials,Chemicals,21.030000686645508,0.2861295911097358,0.0311310050199277,52.36859347997198,US
ASLV,Allspring Special Large Value ETF,ETF,ETF,30.20400047302246,-0.8827457208116757,-0.0095566567612307,57.38139615821562,US
ASMB,"Assembly Biosciences, Inc.",Healthcare,Biotechnology,26.76000022888184,-7.628578311542792,-0.1065520476641052,50.56071033256243,US
ASMF,Virtus AlphaSimplex Managed Fut,ETF,ETF,25.80120086669922,0.9041891851168024,0.0046545400923057,51.3541112591399,US
ASMH,ASML Holding NV ADRhedged,ETF,ETF,12.199199676513672,-89.78992697984674,-6.867923795546371,15.199080378444023,US
ASPN,"Aspen Aerogels, Inc.",Industrials,Building Products & Equipment,5.269999980926514,2.529185171551449,0.017317295623475,44.25021845095992,US
ASTE,"Astec Industries, Inc.",Industrials,Farm & Heavy Construction Machinery,55.93999862670898,-0.1071453094482421,-0.0125414784449915,49.916666803667226,US
ASTH,"Astrana Health, Inc.",Healthcare,Medical Care Facilities,49.0,4.166664639297836,0.0290220349405174,72.7784626742602,US
ASTL,Algoma Steel Group Inc.,Basic Materials,Steel,3.660000085830689,-2.6595719384628964,0.0136754322044444,30.76580841568881,US
ASTS,"AST SpaceMobile, Inc.",Technology,Communication Equipment,68.81999969482422,-7.263171346374825,-0.0805453167047196,39.91071116185757,US
ASTY,Defiance Daily Target 2X Long A,ETF,ETF,8.850000381469727,-15.067175463808791,-0.0112430007063211,36.49361085444336,US
ATAI,AtaiBeckley Inc.,Healthcare,Biotechnology,5.670000076293945,9.248555178832769,0.0228258105865523,65.8964185933837,US
ATAT,Atour Lifestyle Holdings Limited,Consumer Cyclical,Lodging,31.030000686645508,-3.66345368322592,-0.0416970105218365,38.24370527816024,US
ATEC,"Alphatec Holdings, Inc.",Healthcare,Medical Devices,8.970000267028809,-4.37100045213109,-0.0532456762358725,50.57749519838597,US
ATEX,Anterix Inc.,Communication Services,Telecom Services,105.7699966430664,4.8265560391874125,-0.1789760954563046,68.48503719314847,US
ATFV,Alger 35 ETF,ETF,ETF,39.29999923706055,0.9245008296036192,0.0195222927285538,48.47036792775409,US
ATHM,Autohome Inc.,Communication Services,Internet Content & Information,20.86000061035156,11.730051018255482,0.011863996908934,73.48844738456381,US
ATI,ATI Inc.,Industrials,Metal Fabrication,189.44000244140625,3.372262424868613,0.4311937955546066,52.14210945928544,US
ATLC,Atlanticus Holdings Corporation,Financial Services,Credit Services,97.83000183105467,0.4621119227038424,0.0915230890296965,53.251429408676586,US
ATMU,Atmus Filtration Technologies Inc.,Consumer Cyclical,Auto Parts,52.06999969482422,2.4596615653409906,0.0808006468791686,54.3444096159449,US
ATNI,"ATN International, Inc.",Communication Services,Telecom Services,23.799999237060547,-1.8556732492348584,0.0376865196547255,37.85590008472885,US
ATO,Atmos Energy Corporation,Utilities,Utilities - Regulated Gas,178.4499969482422,0.4899172813474753,-0.0310145168463177,58.56424407803148,US
ATR,"AptarGroup, Inc.",Healthcare,Medical Instruments & Supplies,128.27999877929688,0.4620536663873583,0.1242517871612844,64.82621245285858,US
ATRC,"AtriCure, Inc.",Healthcare,Medical Instruments & Supplies,34.31999969482422,4.634147844876262,-0.0835389755398283,68.82398253773769,US
ATTR,Arin Tactical Tail Risk ETF,ETF,ETF,94.57350158691406,0.2496386999830975,-0.0021583759554582,59.75170569123891,US
AU,AngloGold Ashanti plc,Basic Materials,Gold,80.33999633789062,-2.119889686096154,-0.0032642167489935,42.39617729425596,US
AUAU,Global X Gold Miners ETF,EQUITY,EQUITY,32.13240051269531,-1.5732383666982046,0.0209504320311273,42.17566320521104,US
AUB,Atlantic Union Bankshares Corporation,Financial Services,Banks - Regional,41.81999969482422,0.6013952413647164,-0.0208998253370689,58.84029768130126,US
AUGM,FT Vest U.S. Equity Max Buffer ETF - August,ETF,ETF,35.150001525878906,0.0854288009869552,-0.0010114969794569,68.7023425811979,US
AUGO,Aura Minerals Inc.,Basic Materials,Gold,57.06999969482422,-9.941611714136684,-0.1108698622869619,42.363770948034265,US
AUGP,PGIM S&P 500 Buffer 12 ETF - Aug,ETF,ETF,33.22999954223633,0.2564461707610163,-0.0016884475043684,60.93821376583856,US
AUGT,AllianzIM U.S. Equity Buffer10 Aug ETF,ETF,ETF,38.290000915527344,0.2356024889800688,-0.0029687277625102,66.12824896933051,US
AUMI,Themes Gold Miners ETF,ETF,ETF,77.74909973144531,-1.9186287069864831,0.0257318806613073,43.98380137190121,US
AUPH,Aurinia Pharmaceuticals Inc.,Healthcare,Biotechnology,15.979999542236328,-1.4796533987554723,0.0072131806598885,47.366299670618126,US
AUSF,Global X Adaptive U.S. Factor ETF,ETF,ETF,50.08440017700195,-0.1308102629729749,-0.0145152775775949,57.53564016994714,US
AUSM,Allspring Ultra Short Municipal ETF,ETF,ETF,25.09000015258789,0.0,-0.0002468961978265,70.80083595397414,US
AUTL,Autolus Therapeutics plc,Healthcare,Biotechnology,1.4500000476837158,-9.937886037252976,-0.0091867985327302,39.77971907132183,US
AVAH,Aveanna Healthcare Holdings Inc.,Healthcare,Medical Care Facilities,9.34000015258789,-2.708335609899536,-0.0482723420600542,68.46808367252503,US
AVAV,"AeroVironment, Inc.",Industrials,Aerospace & Defense,143.47000122070312,-11.727064358423917,-0.2352000083350942,40.76971931345359,US
AVB,"AvalonBay Communities, Inc.",Real Estate,REIT - Residential,191.75,-1.8629404785398045,-0.1819669253475866,56.9739608984148,US
AVBC,"Avidia Bancorp, Inc.",Financial Services,Banks - Regional,20.3799991607666,-1.830448284805736,-0.0092096242232941,51.40589807952144,US
AVBP,"ArriVent BioPharma, Inc.",Healthcare,Biotechnology,32.540000915527344,-4.798125731438619,-0.0954364295836089,49.980047423810056,US
AVDE,Avantis International Equity ETF,ETF,ETF,90.05000305175781,0.3454481784798869,0.0303484411129225,53.14216054018593,US
AVDV,Avantis International Small Cap Value ETF,ETF,ETF,104.13999938964844,0.3468882391463076,0.0693123009406878,47.627167567974446,US
AVEM,Avantis Emerging Markets Equity ETF,ETF,ETF,92.43000030517578,-0.1728005605821247,0.0329378224782916,46.00006985887779,US
AVEX,AEVEX Corp.,Industrials,Aerospace & Defense,16.610000610351562,-4.649824698018646,0.026327366596297,40.00682818568248,US
AVGB,Avantis Credit ETF,ETF,ETF,50.93000030517578,-0.2448340010828046,-0.0012106158180244,45.47117834920065,US
AVGE,Avantis All Equity Markets ETF,ETF,ETF,99.1449966430664,0.726400828684167,0.0287153171009026,54.87178040478124,US
AVGO,Broadcom Inc.,Technology,Semiconductors,389.1099853515625,4.943628737421828,-0.0631945037389183,49.94333842628007,US
AVK,Advent Convertible and Income Fund,Financial Services,Asset Management,12.9399995803833,-0.0772218457847484,-0.0015819264534268,53.10068706354695,US
AVL,Direxion Daily AVGO Bull 2X Shares,ETF,ETF,46.41189956665039,9.61714548745371,-0.0055171806345422,48.27976204334136,US
AVLN,Avalyn Pharma Inc.,Healthcare,Biotechnology,28.280000686645508,-0.492608688503191,0.0276473726268638,46.59319439028872,US
AVLV,Avantis US Large Cap Value ETF,ETF,ETF,91.8499984741211,1.000655386281923,0.027443810722475,60.43143747333883,US
AVMA,Avantis Moderate Allocation ETF,ETF,ETF,72.71939849853516,0.3995556981085569,0.013164017032326,53.56551212569859,US
AVMU,Avantis Core Municipal Fixed Income ETF,ETF,ETF,46.16630172729492,-0.4607575159527625,-0.0044057005275267,42.05287421024925,US
AVMV,Avantis U.S. Mid Cap Value ETF,ETF,ETF,80.54000091552734,0.3488646546776999,0.0075722549641771,55.58605484538872,US
AVNM,Avantis All International Markets Equity ETF,ETF,ETF,82.06999969482422,0.0853654814929497,0.0249384832415179,49.24312138865626,US
AVNS,"Avanos Medical, Inc.",Healthcare,Medical Devices,24.93000030517578,0.0401293292585059,0.0036964169114919,59.2338505612036,US
AVNV,Avantis All International Markets Value ETF,ETF,ETF,82.80249786376953,0.1869316067560867,0.0222267392009425,49.08087992853383,US
AVRE,Avantis Real Estate ETF,ETF,ETF,47.959999084472656,-0.539199771149814,0.0004846411433256,54.52945503888792,US
AVRY,Avory Foundational ETF,ETF,ETF,25.121999740600582,1.2983891671208156,-0.0067591306129249,64.09207845347899,US
AVSC,Avantis US Small Cap Equity ETF,ETF,ETF,72.5,0.4155167097484434,0.0034641545686482,59.51870785202292,US
AVSD,Avantis Responsible International Equity ETF,ETF,ETF,80.28299713134766,0.017441278020815,0.0078979532993234,53.80392865840058,US
AVSE,Avantis Responsible Emerging Markets Equity ETF,ETF,ETF,77.86260223388672,-0.5370194203928793,0.0059995895443372,45.79182922162652,US
AVSF,Avantis Short-Term Fixed Income ETF,ETF,ETF,46.375,-0.0495685383085708,0.0006664732958807,50.42938531391182,US
AVSU,AVSU,N/A,N/A,88.16840362548828,0.9947314357086764,0.0183701941733577,56.28105227029862,US
AVT,"Avnet, Inc.",Technology,Electronics & Computer Distribution,86.05000305175781,5.608737735079305,0.1367813807236126,49.647042628359394,US
AVTM,Avantis Total Equity Markets ETF,ETF,ETF,54.50519943237305,0.8048820787962516,0.0153027643536326,56.08149445029009,US
AVTR,"Avantor, Inc.",Healthcare,Medical Instruments & Supplies,11.289999961853027,10.686276205591618,0.0491736098736149,69.75833049793499,US
AVUQ,Avantis U.S. Quality ETF,ETF,ETF,66.497802734375,1.5001195968595984,0.0073933887407071,56.18181915874932,US
AVUS,Avantis US Equity ETF,ETF,ETF,128.27999877929688,0.8094292961075639,0.0191377917453551,56.86648680462295,US
AVUV,Avantis US Small Cap Value ETF,ETF,ETF,124.08000183105467,0.7551768523367414,0.0256535834404932,58.062620681021336,US
AVXX,Defiance Daily Target 2X Long AVAV ETF,ETF,ETF,4.949999809265137,-23.49304528928724,-0.0134397243750653,38.790310639654045,US
AWAY,Amplify Travel Tech ETF,ETF,ETF,18.274999618530277,-2.6631158996483677,-0.0171242552454778,54.87732902933831,US
AWI,"Armstrong World Industries, Inc.",Industrials,Building Products & Equipment,155.52999877929688,0.109422095956136,0.0397338414491902,46.92094133239847,US
AWK,"American Water Works Company, Inc.",Utilities,Utilities - Regulated Water,131.57000732421875,-2.410621438540878,-0.0680065202401074,54.584297845272125,US
AX,"Axos Financial, Inc.",Financial Services,Banks - Regional,97.7699966430664,-0.7209653631852753,-0.0598665093156145,61.41462475606112,US
AXG,Solowin Holdings,Financial Services,Capital Markets,3.2699999809265137,-0.3048777606854592,0.0013849132084428,38.657500955853806,US
AXON,"Axon Enterprise, Inc.",Industrials,Aerospace & Defense,547.260009765625,-14.552042127464802,-3.533157350136591,56.60197777474152,US
AXP,American Express Company,Financial Services,Credit Services,355.0599975585937,1.5675986031297848,0.0986014853614207,64.09552181664466,US
AXS,AXIS Capital Holdings Limited,Financial Services,Insurance - Specialty,112.44000244140624,-1.8248462063796207,-0.2293215950398583,63.81976169102398,US
AXTA,Axalta Coating Systems Ltd.,Basic Materials,Specialty Chemicals,32.119998931884766,-6.218981220774407,-0.0100190116697003,43.83816682362077,US
AXTI,"AXT, Inc.",Technology,Semiconductor Equipment & Materials,57.56999969482422,-0.9974235869909052,0.4951638708521599,39.695948961695386,US
AXTX,Tradr 2X Long AXTI Daily ETF,ETF,ETF,8.369999885559082,-6.896550626741198,0.1891014512004352,37.13955402852774,US
AZO,"AutoZone, Inc.",Consumer Cyclical,Auto Parts,3032.070068359375,-1.3916092949795178,-2.178483815120529,44.58874057259278,US
AZTA,AZTA,N/A,N/A,25.440000534057617,0.2759152247088925,-0.036478327765234,58.57350310777226,US
AZYY,Graniteshares YieldBOOST AMZN ETF,ETF,ETF,15.335000038146973,1.1311403144931331,0.0028512718210897,56.86044675195328,US
AZZ,AZZ Inc.,Industrials,Specialty Business Services,149.99000549316406,4.297884607896096,0.4150963508931329,52.945064384591454,US
BA,The Boeing Company,Industrials,Aerospace & Defense,217.1100006103516,-6.28884345909804,-0.3198714639721884,45.46871816971389,US
BAB,Invesco Taxable Municipal Bond ETF,ETF,ETF,26.61000061035156,-0.4861599172749937,0.0003871615477118,43.026275232831296,US
BABA,Alibaba Group Holding Limited,Consumer Cyclical,Internet Retail,112.31999969482422,14.448747089223492,0.0658704803836869,55.99586964198513,US
BABU,Direxion Daily BABA Bull 2X ETF,ETF,ETF,10.149999618530272,29.79538869209363,0.0125717105161073,52.980781821819726,US
BABX,GraniteShares 2x Long BABA Daily ETF,ETF,ETF,18.670000076293945,29.293633094401805,0.0208437319471634,52.98618524849086,US
BAC,Bank of America Corporation,Financial Services,Banks - Diversified,60.619998931884766,1.2696263177146994,0.0422681254287513,69.92493467974269,US
BAH,Booz Allen Hamilton Holding Corporation,Industrials,Consulting Services,63.560001373291016,0.3948823165015268,0.0661468384632848,40.67968861757292,US
BAI,iShares A.I. Innovation and Tech Active ETF,ETF,ETF,46.650001525878906,2.392449779922284,0.0651245201277939,46.24985815551532,US
BALT,Innovator Defined Wealth Shield ETF,ETF,ETF,34.40900039672852,0.2301152387424767,0.0016236675493099,73.44755443579113,US
BAM,Brookfield Asset Management Ltd.,Financial Services,Asset Management,47.52000045776367,2.039941527087955,0.0675403616492742,55.99454716207906,US
BAMB,Brookstone Intermediate Bond ETF,ETF,ETF,25.874399185180664,-0.1181297072137094,0.0018881771471132,45.89407101851716,US
BAMU,Brookstone Ultra-Short Bond ETF,ETF,ETF,25.25950050354004,0.0574357846093101,-3.927184735602954e-05,86.16842350182509,US
BAND,Bandwidth Inc.,Technology,Software - Infrastructure,75.7699966430664,12.152160126045372,-0.0781277320788338,66.33697583778209,US
BAP,Credicorp Ltd.,Financial Services,Banks - Regional,392.239990234375,1.4929979029282487,-0.2016726822911696,60.33947701251543,US
BASG,Brown Advisory Sustainable Growth ETF,ETF,ETF,27.202899932861328,0.8972200081087607,-0.0052921036447376,61.02631345685371,US
BAUG,Innovator U.S. Equity Buffer ETF - August,ETF,ETF,53.935001373291016,0.2975357375584831,-0.0027809868079677,64.02674161776086,US
BBAG,JPMorgan BetaBuilders U.S. Aggregate Bond ETF,ETF,ETF,45.46039962768555,-0.1747942166041019,0.003111821361829,43.88106359393219,US
BBAI,"BigBear.ai Holdings, Inc.",Technology,Information Technology Services,3.0999999046325684,-9.620995793059071,-0.0004248004939912,30.01015788418944,US
BBAX,JPMorgan BetaBuilders Developed Asia Pacific ex-Japan ETF,ETF,ETF,61.959999084472656,2.514891615321728,0.0506892791329972,62.71258970880114,US
BBB,CYBER HORNET S&P 500 and Bitcoin 75/25 Strategy ETF,ETF,ETF,29.67720031738281,0.78174282577643,0.0096705471820008,54.897236784411184,US
BBBI,Bondbloxx BBB Rated 5-10 Year Corporate Bond ETF,ETF,ETF,50.875,-0.3232776500149852,0.0022119986459923,43.75482306357,US
BBBL,Bondbloxx BBB Rated 10+ Year Corporate Bond ETF,ETF,ETF,46.76089859008789,-0.991131509363814,0.0015535706606317,34.063468263127035,US
BBBS,Bondbloxx BBB Rated 1-5 Year Corporate Bond ETF,ETF,ETF,50.7599983215332,-0.0630049918819769,0.0010762684637971,49.27654102386513,US
BBBY,"Bed Bath & Beyond, Inc.",EQUITY,EQUITY,5.150000095367432,-7.540396110412882,0.0062057768685565,41.13113139269291,US
BBCA,JPMorgan BetaBuilders Canada ETF,ETF,ETF,102.11000061035156,1.3398158450769546,0.0606914892687143,63.69265224225424,US
BBCP,"Concrete Pumping Holdings, Inc.",Industrials,Engineering & Construction,10.43000030517578,-6.708407688081971,-0.0236406377637733,47.593567044693685,US
BBCQ,Bleichroeder Acquisition Corp. II,Financial Services,Shell Companies,10.350000381469728,0.2907043365568512,0.0030077415631005,48.13994264230075,US
BBEM,JPMorgan Betabuilders Emerging Markets Equity ETF,ETF,ETF,76.06999969482422,0.2107706823820192,0.0329844535575156,47.11236237080985,US
BBEU,JPMorgan BetaBuilders Europe ETF,ETF,ETF,77.31999969482422,-0.7700185937122116,-0.0102715079651977,51.86617636310824,US
BBHL,BBH Select Large Cap ETF,ETF,ETF,17.34000015258789,0.0923617422668097,-0.0020089688264205,57.6187225921575,US
BBHM,BBH Select Mid Cap ETF,ETF,ETF,11.869999885559082,-0.1682124237692207,-0.0037174830241647,54.215766555377705,US
BBHY,JPMorgan BetaBuilders USD High Yield Corporate Bond ETF,ETF,ETF,45.81999969482422,-0.2394962108005183,-0.0021317219440426,53.3046810412248,US
BBIB,Jpmorgan Betabuilders U.S. Treasury Bond 3-10 Year ETF,ETF,ETF,97.08399963378906,-0.0885031766767434,0.0060425874251755,46.89971431848185,US
BBIN,JPMorgan BetaBuilders International Equity ETF,ETF,ETF,78.23999786376953,-0.1786162216819068,0.010063827929479,52.700927093283816,US
BBJP,JPMorgan BetaBuilders Japan ETF,ETF,ETF,75.77999877929688,0.7980825640935609,0.0306055704879107,52.06157086251615,US
BBLB,Jpmorgan Betabuilders U.S. Treasury Bond 20+ Year ETF,ETF,ETF,79.51609802246094,-0.5452089223223047,0.0119554038396208,38.41771795342439,US
BBOT,"BridgeBio Oncology Therapeutics, Inc.",Healthcare,Biotechnology,8.819999694824219,6.393241681664892,-0.0013558168122684,58.925482412594825,US
BBP,Virtus LifeSci Biotech Products ETF,ETF,ETF,97.59300231933594,-5.647987022911124,-0.3388431823652298,58.43450979891536,US
BBSB,Jpmorgan Betabuilders U.S. Treasury Bond 1-3 Year ETF,ETF,ETF,98.08480072021484,0.0712149477131743,0.0047730810184555,56.66320001089807,US
BBSC,JPMorgan BetaBuilders U.S. Small Cap Equity ETF,ETF,ETF,89.89070129394531,-0.6414203149462209,-0.0239734084504039,55.132797355156185,US
BBUS,JPMorgan BetaBuilders U.S. Equity ETF,ETF,ETF,135.5800018310547,0.563710477339081,-0.0053899332712883,56.720397772429926,US
BBW,"Build-A-Bear Workshop, Inc.",Consumer Cyclical,Specialty Retail,32.90999984741211,10.28820267803508,0.0046272674464975,51.50495016762903,US
BBWI,"Bath & Body Works, Inc.",Consumer Cyclical,Specialty Retail,20.040000915527344,-2.812802619302016,-0.0106517540458952,47.52866958520901,US
BC,Brunswick Corporation,Consumer Cyclical,Recreational Vehicles,77.5,0.2198346888917873,0.1070797903838489,42.96322338157705,US
BCAL,California BanCorp,Financial Services,Banks - Regional,20.940000534057617,1.6011640656638757,0.0015624426580304,62.186837404748346,US
BCAR,D. Boral ARC Acquisition I Corp.,Financial Services,Shell Companies,10.399999618530272,-0.3831414124593169,0.0021468983204023,41.002724610457605,US
BCAX,Bicara Therapeutics Inc.,Healthcare,Biotechnology,28.100000381469727,-7.565787058953073,-0.1239221175970997,60.660563945763286,US
BCCC,Global X Bitcoin Covered Call ETF,ETF,ETF,11.969200134277344,1.3379423819933172,0.0110819661469697,52.04740675374909,US
BCDF,Horizon Kinetics Blockchain Development ETF,ETF,ETF,31.30500030517578,0.9545600295048846,0.0016601973451372,56.27021657258595,US
BCHI,GMO Beyond China ETF,ETF,ETF,37.62490081787109,-1.1379942578069089,0.0027846585209871,44.2730040115119,US
BCHP,Principal Focused Blue Chip ETF,ETF,ETF,37.19409942626953,0.5789612944388253,-0.0052247733944238,56.019325689012376,US
BCIL,Bancreek International Large Cap ETF,ETF,ETF,29.26919937133789,-1.324257555462259,0.0123743196624852,45.718037522150944,US
BCKT,LifeX 2030 Income Bucket ETF,ETF,ETF,40.95500183105469,-0.2435719726653783,-0.0040669987792299,46.90220366917899,US
BCLO,iShares BBB-B CLO Active ETF,ETF,ETF,49.52999877929688,-0.0907755581442573,0.0029304545758469,60.31612321484549,US
BCOR,Grayscale Bitcoin Adopters ETF,ETF,ETF,22.18899917602539,-5.891084871920944,-0.0299886298132258,41.06376525726731,US
BCPC,Balchem Corporation,Basic Materials,Specialty Chemicals,160.86000061035156,-4.312652414298768,-0.1220513125520638,37.470338926495536,US
BCSM,Baron SMID Cap ETF,ETF,ETF,24.706899642944336,-1.4954990771237409,-0.0149173877972498,54.96753652484048,US
BCSS,Bain Capital GSS Investment Cor,Financial Services,Shell Companies,10.1899995803833,-0.6338423533129417,-0.0019584462058586,40.60740843587554,US
BCTK,Baron Technology ETF,ETF,ETF,30.527299880981445,0.8033928182064498,0.0081097923868124,49.497625019711705,US
BDBT,Bluemonte Core Bond ETF,ETF,ETF,24.989999771118164,-0.2395188334122415,0.0014780219163758,43.66016876077374,US
BDC,Belden Inc.,Technology,Communication Equipment,104.76000213623048,-2.467183163139336,0.1019479320168432,38.65452125932256,US
BDCX,ETRACS Quarterly Pay 1.5X Leveraged Wells Fargo BDC Index ETN,ETF,ETF,19.38170051574707,-3.846301970094264,-0.0695181690948817,41.67238833217031,US
BDEC,Innovator U.S. Equity Buffer ETF - December,ETF,ETF,53.52999877929688,0.4447104028219583,0.0003087724842261,58.884176737927234,US
BDIV,AAM Brentview Dividend Growth ETF,ETF,ETF,24.56130027770996,-0.0923338611179558,-0.0002435359211251,58.74835001667405,US
BDJ,BlackRock Enhanced Equity Dividend Trust,Financial Services,Asset Management,9.739999771118164,1.3527587834052723,0.0009439354248645,70.6126106232167,US
BDN,Brandywine Realty Trust,Real Estate,REIT - Office,3.109999895095825,-0.638977051715734,0.0003529106191095,52.19498327075539,US
BDRY,Breakwave Dry Bulk Shipping ETF,ETF,ETF,13.100000381469728,2.6645779505419727,-0.0123627564649951,61.76708917037656,US
BDX,"Becton, Dickinson and Company",Healthcare,Medical Instruments & Supplies,150.64999389648438,-3.614849037080614,-0.2261383282066433,50.228167695233495,US
BDYN,iShares Dynamic Equity Active ETF,ETF,ETF,27.780000686645508,0.2381467239288765,0.0004150342724707,54.889805950372455,US
BE,Bloom Energy Corporation,Industrials,Electrical Equipment & Parts,243.3999938964844,-9.708058284191472,0.4309235585436335,43.31477360689821,US
BEDY,Bny Mellon Enhanced Dividend Income ETF,ETF,ETF,29.02580070495605,-0.4329024438819988,-0.0132223405059427,55.97609527797356,US
BEDZ,AdvisorShares Hotel ETF,ETF,ETF,36.22019958496094,-0.4447264709394868,0.0254601387726343,50.20878421392116,US
BEEX,The BeeHive ETF,ETF,ETF,26.91939926147461,-0.3243629729581228,-0.0047729644286387,53.74501128380156,US
BEEZ,Honeytree U.S. Equity ETF,ETF,ETF,33.628299713134766,-0.2068435651580436,-0.005209410914185,55.4311263782142,US
BEG,Leverage Shares 2X Long BE Daily ETF,ETF,ETF,52.0,-19.91375364916653,0.3237513957903837,41.12420947153116,US
BEGS,Rareview 2x Bull Cryptocurrency & Precious Metals ETF,ETF,ETF,13.781999588012695,0.5985385393370822,0.0257663578675773,46.55368526489312,US
BELFA,Bel Fuse Inc.,Technology,Electronic Components,234.8600006103516,7.832872965818842,1.238160593308428,46.00294035593527,US
BENJ,Horizon Landmark ETF,ETF,ETF,52.85599899291992,0.0511091029153778,-0.0008090597766992,79.86798098393446,US
BEPC,Brookfield Renewable Corporation,Utilities,Utilities - Renewable,34.529998779296875,-2.485176706883121,0.0026159845736534,33.76661875519042,US
BESF,Bastion Energy ETF,ETF,ETF,39.93659973144531,2.322831105568305,0.0266324908112292,57.20101758799908,US
BESO,GSR Crypto Core3 ETF,ETF,ETF,25.69879913330078,0.5037131013444384,0.0259367293338651,58.47248662631952,US
BETE,Proshares Bitcoin & Ether Equal Weight ETF,ETF,ETF,30.614599227905277,2.940818639939842,0.0574559408071976,54.847287786765165,US
BETR,Better Home & Finance Holding Company,Financial Services,Mortgage Finance,24.559999465942383,-11.876574358158726,-0.0345903313894571,43.29161801480165,US
BETZ,Roundhill Sports Betting & iGaming ETF,ETF,ETF,19.399999618530277,0.8840357792030159,-0.0062092897036178,54.13899566217039,US
BFC,Bank First Corporation,Financial Services,Banks - Regional,146.3800048828125,-2.1327821656726744,-0.1067886943653999,51.38894813528397,US
BFEB,Innovator U.S. Equity Buffer ETF - February,ETF,ETF,52.95479965209961,0.4434646113228658,0.0011355451354016,58.95655525728009,US
BFH,"Bread Financial Holdings, Inc.",Financial Services,Credit Services,98.48999786376952,-3.78077640045526,0.188822224557478,49.48062665240885,US
BFJL,FT Vest Bitcoin Strategy Floor15 ETF - July,ETF,ETF,17.024999618530273,-0.6941174022987201,-0.0131405147981033,58.81171812510445,US
BFLB,BufferLABS US Equity Dynamic Buffer ETF,ETF,ETF,54.6150016784668,0.0274783970054765,-0.0076999751882337,59.71600711494554,US
BFLX,iShares Flexible Equity Active ETF,EQUITY,EQUITY,25.46269989013672,0.6828745288947092,0.0023439062846085,50.53583928153387,US
BFOC,FT Vest Bitcoin Strat Floor15 ETF - Oct,ETF,ETF,17.004899978637695,0.4127576905797248,0.0042666051157069,53.63842814920712,US
BFOR,Barron's 400 ETF,ETF,ETF,23.53809928894043,-0.4310495065098359,-0.0083014478119565,55.74940203266859,US
BG,Bunge Global SA,Consumer Defensive,Farm Products,116.62999725341795,5.157328827374963,0.1345351425519139,52.39727182767209,US
BGB,Blackstone Strategic Credit 2027 Term Fund,Financial Services,Asset Management,11.34000015258789,0.1766824938415552,0.001033868947354,62.92755605093745,US
BGC,"BGC Group, Inc.",Financial Services,Capital Markets,10.9399995803833,-1.3525750238117595,0.0156015728268096,46.570489184013134,US
BGDV,Bahl & Gaynor Dividend ETF,ETF,ETF,31.09720039367676,0.1842766638605374,-0.0003414464477834,58.63186730765908,US
BGRN,iShares USD Green Bond ETF,ETF,ETF,47.06999969482422,-0.25852187760183,-0.0026253451503913,42.98259803951637,US
BGY,BlackRock Enhanced International Dividend Trust,Financial Services,Asset Management,5.769999980926514,0.1736067994326962,-0.0018592404409664,54.18515688455109,US
BH,Biglari Holdings Inc.,Consumer Cyclical,Restaurants,384.80999755859375,-6.606315389982919,-1.011161669075321,55.6325125271665,US
BHB,Bar Harbor Bankshares,Financial Services,Banks - Regional,37.34000015258789,-0.346947061329172,0.0027488024153492,53.806477968432965,US
BHDG,Nicholas Bitcoin Tail ETF,ETF,ETF,23.890300750732425,-1.6050244023569111,-0.0182650336159584,42.83785293649958,US
BHK,BlackRock Core Bond Trust,Financial Services,Asset Management,9.100000381469728,0.4415006622562565,0.002094174546767,56.34589654623546,US
BHRB,Burke & Herbert Financial Services Corp.,Financial Services,Banks - Regional,70.37000274658203,0.874427453657937,-0.0197433823160064,61.072062510551824,US
BIB,ProShares Ultra Nasdaq Biotechnology,ETF,ETF,98.8000030517578,-10.050977471058449,-0.5686855462747609,55.27227441241315,US
BIBL,Inspire 100 ETF,ETF,ETF,56.15999984741211,1.116310625971618,0.0145469088587598,52.871573620421294,US
BIDU,"Baidu, Inc.",Communication Services,Internet Content & Information,109.7300033569336,-2.1054447837101637,-0.4324516324527141,41.03064571213002,US
BIIB,Biogen Inc.,Healthcare,Drug Manufacturers - General,191.9499969482422,-6.68449207778051,-0.7856355877485983,42.4192202852767,US
BILD,Nomura Global Listed Infrastructure ETF,ETF,ETF,30.045000076293945,0.822150488274862,0.0061206160368075,58.3477388443563,US
BILI,Bilibili Inc.,Communication Services,Internet Content & Information,17.479999542236328,-0.6818229354116497,-0.0320598579139919,47.42516684039934,US
BILS,State Street SPDR Bloomberg 3-12 Month T-Bill ETF,ETF,ETF,99.23999786376952,0.060493605978159,-0.0008800127221916,95.20008609546107,US
BILT,iShares Infrastructure Active ETF,ETF,ETF,28.649999618530277,0.2449254549023164,0.0026294193238139,60.17539437972678,US
BILZ,PIMCO Ultra Short Government Active Exchange-Traded Fund,ETF,ETF,100.7699966430664,0.0595745796238422,-0.0009522002055399,97.8831153177899,US
BINC,iShares Flexible Income Active ETF,ETF,ETF,52.02000045776367,-0.3448281657949255,-0.0052526329034326,48.72570403803267,US
BINV,Brandes International ETF,ETF,ETF,42.979000091552734,-0.1996947356290255,-0.0114924907368525,59.0456714705929,US
BIO,"Bio-Rad Laboratories, Inc.",Healthcare,Medical Devices,298.3399963378906,1.9965799445779917,0.1304125498457746,55.230618089398895,US
BIRK,Birkenstock Holding plc,Consumer Cyclical,Footwear & Accessories,44.36000061035156,-2.633890971835964,-0.0341817341821908,50.48064012834725,US
BIS,ProShares UltraShort Nasdaq Biotechnology,ETF,ETF,13.741100311279297,10.547867851278982,0.0776980933290004,41.23162990276695,US
BITS,Global X Blockchain & Bitcoin Strategy ETF,ETF,ETF,56.9380989074707,0.0933472576325968,0.0855157028903852,41.91364892722754,US
BITW,Bitwise 10 Crypto Index Fund,ETF,ETF,41.66519927978516,1.5976615095541844,0.0602298962631133,52.03306602849666,US
BITX,2x Bitcoin Strategy ETF,ETF,ETF,12.399999618530272,1.889889406692333,0.0279025950272596,49.19243271952457,US
BIV,Vanguard Intermediate-Term Bond Index Fund,ETF,ETF,75.91999816894531,-0.2365312861826048,0.0032610305574396,44.54097955664973,US
BJRI,"BJ's Restaurants, Inc.",Consumer Cyclical,Restaurants,61.630001068115234,2.273486201031766,-0.0829076759964189,70.94386790441517,US
BJUL,Innovator U.S. Equity Buffer ETF - July,ETF,ETF,54.60689926147461,0.565193423068409,0.0036666873895956,61.45629711848824,US
BKE,"The Buckle, Inc.",Consumer Cyclical,Apparel Retail,42.47999954223633,-0.4919163533101413,0.0312919999577208,42.41031784361625,US
BKEM,BNY Mellon Emerging Markets Equity ETF,ETF,ETF,90.62930297851562,-0.0272424275603484,0.0294904352354819,45.90148215668702,US
BKF,iShares MSCI BIC ETF,ETF,ETF,39.86000061035156,1.813535266412016,0.0160866824320923,53.35030217316534,US
BKFI,BNY Mellon Active Core Bond ETF,ETF,ETF,23.65999984741211,-0.2108782749523203,0.000140520114672,43.80554406096192,US
BKH,Black Hills Corporation,Utilities,Utilities - Regulated Gas,75.54000091552734,3.12628111334791,0.0463852116334314,57.68501085710741,US
BKHY,BNY Mellon High Yield ETF,ETF,ETF,47.320899963378906,-0.261565459465796,-0.0032144030002458,53.19708154506688,US
BKLC,BNY Mellon US Large Cap Core Equity ETF,ETF,ETF,144.14999389648438,0.466962774530328,-0.0096663776884377,56.66809295548319,US
BKLN,Invesco Senior Loan ETF,ETF,ETF,20.459999084472656,0.1958815280571262,0.000561748260124,66.81067199508195,US
BKMC,BNY Mellon US Mid Cap Core Equity ETF,ETF,ETF,120.86699676513672,-0.6354839102190109,-0.0022503552391256,50.17538909084587,US
BKNG,Booking Holdings Inc.,Consumer Cyclical,Travel Services,174.85000610351562,-3.902165959775332,-0.205098328085012,50.278615876651344,US
BKR,Baker Hughes Company,Energy,Oil & Gas Equipment & Services,57.775001525878906,6.067560549125904,0.0805921708143806,47.08405503841991,US
BKSE,BNY Mellon US Small Cap Core Equity ETF,ETF,ETF,132.5279998779297,-0.3256583975729343,-0.0178509228850809,57.52323635738436,US
BKUI,BNY Mellon Ultra Short Income ETF,ETF,ETF,49.63999938964844,0.040307251499798,0.0001242619191123,80.99906504298113,US
BL,"BlackLine, Inc.",Technology,Software - Application,29.11000061035156,0.3101314650869105,-0.0520212279045003,52.259011351436776,US
BLCO,Bausch + Lomb Corporation,Healthcare,Medical Instruments & Supplies,15.960000038146973,-6.666668525680887,-0.0496081631834254,47.4674207543752,US
BLCR,iShares Large Cap Core Active ETF,ETF,ETF,49.79999923706055,1.0962260128443635,0.0114842761974851,51.88973497965697,US
BLDG,Cambria Global Real Estate ETF,ETF,ETF,27.020000457763672,-1.058257561000549,-0.0040584134160895,55.751550103366434,US
BLES,Inspire Global Hope ETF,ETF,ETF,48.049800872802734,0.2917992607720212,0.0079343318120819,55.93815185072697,US
BLFS,"BioLife Solutions, Inc.",Healthcare,Medical Instruments & Supplies,28.649999618530277,2.5778707679464907,0.0238291716693647,62.029894196229634,US
BLGR,Bluemonte Large Cap Growth ETF,ETF,ETF,31.915000915527344,1.1729302213933228,0.0028553042441743,55.53210673812955,US
BLK,"BlackRock, Inc.",Financial Services,Asset Management,1025.43994140625,1.5860385412196667,-0.0487374387538501,53.310590639191695,US
BLKB,"Blackbaud, Inc.",Technology,Software - Application,29.899999618530277,-0.7962832646924067,-0.0497887832757617,51.8780431082755,US
BLLN,"BillionToOne, Inc.",Healthcare,Diagnostics & Research,124.87000274658205,5.786175684582063,-0.2107515857076549,63.62633200025887,US
BLND,"Blend Labs, Inc.",Technology,Software - Application,1.7799999713897705,-2.197806588435245,0.0018058343329998,55.3153266746439,US
BLST,Bluemonte Short Term Bond ETF,ETF,ETF,24.929500579833984,-0.0621331536574452,0.0010423216306564,48.32759014510492,US
BLTD,Bluemonte Long Term Bond ETF,ETF,ETF,24.780000686645508,-0.5817394377266148,0.0025424523479325,37.85873582571256,US
BLTE,"Belite Bio, Inc",Healthcare,Biotechnology,146.67999267578125,-6.982059480730905,-0.3123949913342061,48.17444585654172,US
BLUX,Bluemonte Dynamic Total Market ETF,ETF,ETF,32.02170181274414,0.0553061942818401,-0.0011380350855171,55.58105002507827,US
BLV,Vanguard Long-Term Bond Fund,ETF,ETF,67.19999694824219,-0.6505062764290734,0.0061588454344256,36.83584989953781,US
BLW,BlackRock Limited Duration Income Trust,Financial Services,Asset Management,12.739999771118164,1.0309287706608328,-0.0051953818591719,74.53912239671013,US
BLX,Bladex Inc.,Financial Services,Banks - Regional,57.36000061035156,0.6139314140027966,0.0115301310006424,44.41683266647716,US
BMAR,Innovator U.S. Equity Buffer ETF - March,ETF,ETF,57.94020080566406,0.4511104353529845,0.0009257694990308,58.90589502940929,US
BMAY,Innovator U.S. Equity Buffer ETF- May,ETF,ETF,47.66699981689453,0.4467347543143738,0.0018909314286752,58.072067674243605,US
BMBL,Bumble Inc.,Communication Services,Internet Content & Information,2.930000066757202,-6.089738005481793,-0.0131911404150243,44.25644118911182,US
BME,BlackRock Health Sciences Trust,Financial Services,Asset Management,42.5099983215332,-3.2984549434433803,-0.0818713981791167,58.297589872906926,US
BMI,"Badger Meter, Inc.",Technology,Scientific & Technical Instruments,141.4600067138672,-3.821046401429189,-0.253764189670095,54.4059771959237,US
BMNG,Leverage Shares 2X Long BMNR Daily ETF,ETF,ETF,13.130000114440918,18.931160867840173,0.1395267019562807,49.7548387782253,US
BMNR,"Bitmine Immersion Technologies, Inc.",Financial Services,Capital Markets,16.290000915527344,10.067572335068313,0.0962689448096307,53.62401081073162,US
BMNU,T-REX 2X Long BMNR Daily Target ETF,ETF,ETF,9.520000457763672,17.385953893666603,0.096814377159953,49.51458924724128,US
BMRC,Bank of Marin Bancorp,Financial Services,Banks - Regional,28.26000022888184,-0.5279817646459334,-0.0366634007506451,62.526012371302194,US
BMY,Bristol-Myers Squibb Company,Healthcare,Drug Manufacturers - General,56.95000076293945,-1.7595315443936783,-0.1299256207894252,50.79607183550625,US
BN,Brookfield Corporation,Financial Services,Asset Management,43.65999984741211,-0.2968738648030896,0.0255793065266268,48.60080890402495,US
BNDC,FlexShares Core Select Bond Fund,ETF,ETF,21.864999771118164,-0.2782122699944735,0.0011223524546493,42.5897020005381,US
BNDI,Neos Enhanced Income Aggregate Bond ETF,ETF,ETF,46.78850173950195,-0.1824013500287848,0.0040244950202736,46.54195128834669,US
BNDS,Infrastructure Capital Bond Income ETF,ETF,ETF,50.68000030517578,-0.1379304331511699,-0.0002745227800049,56.28955556876329,US
BNDY,Horizon Core Bond ETF,ETF,ETF,24.940000534057617,-0.2200452223608251,0.0010433736367114,44.79308278387989,US
BNED,"Barnes & Noble Education, Inc.",Consumer Cyclical,Specialty Retail,12.390000343322754,8.97098036965826,0.0032356368069683,55.37318243613194,US
BNGE,First Trust S-Network Streaming & Gaming ETF,ETF,ETF,31.57200050354004,-0.3031412348691381,-0.0131832411391002,59.50125387788925,US
BNL,"Broadstone Net Lease, Inc.",Real Estate,REIT - Diversified,21.8700008392334,2.196267425613179,-0.0094052338353916,67.3082257175144,US
BNO,"United States Brent Oil Fund, LP",ETF,ETF,47.290000915527344,12.783211474696628,0.2464527276479349,57.45666281966111,US
BNOV,Innovator U.S. Equity Buffer ETF - November,ETF,ETF,48.14979934692383,0.637053231150955,0.0008397715074087,58.47190415060266,US
BNTC,Benitec Biopharma Inc.,Healthcare,Biotechnology,12.979999542236328,-3.422619438309936,-0.0374717190280692,55.08274429971472,US
BNTX,BioNTech SE,Healthcare,Biotechnology,90.4000015258789,-4.125569362475047,-0.1264976952157217,45.44924558950053,US
BNY,The Bank of New York Mellon Cor,Financial Services,Banks - Diversified,154.5,1.03982492957367,0.1029937938064007,67.20038331199189,US
BOAT,SonicShares Global Shipping ETF,ETF,ETF,41.81600189208984,5.409639077887525,0.091814251108713,61.846095834154674,US
BOBS,"Bob's Discount Furniture, Inc.",Consumer Cyclical,Specialty Retail,15.600000381469728,-4.059039594844434,-0.020309187583748,57.5149685311734,US
BOC,Boston Omaha Corporation,Industrials,Conglomerates,14.100000381469728,-0.5641743440361864,-0.013930526231089,55.97792005978649,US
BOE,BlackRock Enhanced Global Dividend Trust,Financial Services,Asset Management,12.18000030517578,-0.1639303639510477,-0.0085702358682301,60.53136668673182,US
BOEG,Leverage Shares 2X Long BA Daily ETF,ETF,ETF,13.43340015411377,-12.474586082468846,-0.0395459703157154,44.291529936947626,US
BOEU,Direxion Daily BA Bull 2X Shares,ETF,ETF,33.894798278808594,-12.378048612121908,-0.100041102858219,44.33667195129208,US
BOND,PIMCO Active Bond Exchange-Traded Fund,ETF,ETF,91.19000244140624,-0.2734033172846832,0.0052088862409359,45.6171323470066,US
BOOT,"Boot Barn Holdings, Inc.",Consumer Cyclical,Apparel Retail,155.6999969482422,-1.4744047643186688,-0.1418303868135972,41.9958129508751,US
BORR,Borr Drilling Limited,Energy,Oil & Gas Drilling,4.420000076293945,-0.8968601235628331,-0.002017696293794,44.16079732134296,US
BOT,"Robostrategy, Inc.",Financial Services,Asset Management,36.709999084472656,15.042304168014043,0.2205765560405782,55.54549398766129,US
BOTT,Themes Humanoid Robotics ETF,ETF,ETF,45.2400016784668,-7.352037718550193,-0.0385052646364716,38.83159581085545,US
BOTZ,Global X Robotics & Artificial Intelligence ETF,ETF,ETF,35.880001068115234,-1.9404183698054465,-0.0220325265992311,41.222264571460336,US
BOUT,BOUT,N/A,N/A,46.67150115966797,-1.0148469792695685,0.0284149723122371,47.69940168962155,US
BOXX,Alpha Architect 1-3 Month Box ETF,ETF,ETF,117.41999816894533,0.1279112562230768,-0.0001491873187849,88.12209623213874,US
BPI,Grayscale Bitcoin Premium Income ETF,ETF,ETF,20.322999954223636,-2.3589854964888985,-0.0280042951411838,44.91364052443895,US
BPRO,Bitwise Proficio Currency Debasement ETF,EQUITY,EQUITY,19.059999465942383,-1.110307668572597,0.0104022305900345,42.17479547647379,US
BRAI,Braiin Limited,Technology,Computer Hardware,5.800000190734863,-0.1721127735483899,0.013737466503746,43.4640767260136,US
BRBR,"BellRing Brands, Inc.",Consumer Defensive,Packaged Foods,12.100000381469728,-13.19942076255773,-0.0871045724560355,53.23578036412645,US
BRC,Brady Corporation,Industrials,Security & Protection Services,90.33000183105467,-0.9851778004115732,-0.0490710261593096,58.810952078818765,US
BRCB,"Black Rock Coffee Bar, Inc.",Consumer Cyclical,Restaurants,8.029999732971191,4.015543409384539,-0.0228931197981861,50.68003607773199,US
BRCE,MFS Blended Research Core Equity ETF,ETF,ETF,29.562599182128903,1.373700421739745,0.0012800661726244,63.62414420778652,US
BREE,MFS Blended Research Emerging Markets Equity ETF,ETF,ETF,26.18000030517578,-4.557054269387438,-0.0441802881475802,43.93245785154895,US
BRES,Burney U.S. Equity Select ETF,ETF,ETF,27.38640022277832,0.316487136016039,-0.002577073363615,58.79268601168009,US
BRF,VanEck Brazil Small-Cap ETF,ETF,ETF,16.876399993896484,3.918720638839656,0.0194105639100573,52.65270816608264,US
BRIB,BRIB,N/A,N/A,24.895000457763672,-0.2204420981721102,0.0007191935885159,47.27370892980522,US
BRIF,FIS Bright Portfolios Focused Equity ETF,ETF,ETF,37.0884017944336,1.370432036574048,0.0030701409274341,59.662508257682994,US
BRLN,iShares Floating Rate Loan Active ETF,ETF,ETF,50.73500061035156,0.118404290467427,-0.0001190091259941,52.317635636841786,US
BRNY,Burney U.S. Factor Rotation ETF,ETF,ETF,58.51480102539063,0.4528704695107776,0.0013798538323149,56.64654284395851,US
BRO,"Brown & Brown, Inc.",Financial Services,Insurance Brokers,68.5,-1.1115875276189713,-0.1265584816704343,64.81989176768701,US
BRSL,Brightstar Lottery PLC,Consumer Cyclical,Gambling,10.710000038146973,-4.289540305951346,-0.011147857555628,41.627287576528346,US
BRTR,iShares Total Return Active ETF,ETF,ETF,49.76649856567383,-0.2995067702545933,0.0018482508370483,43.46535697178176,US
BRUN,"Boost Run, Inc.",Technology,Software - Infrastructure,25.63999938964844,-12.13159999487539,-0.0494739058903928,38.40776377320912,US
BRZU,Direxion Daily MSCI Brazil Bull 2X Shares,ETF,ETF,96.58000183105467,7.970939213042214,0.150901534330208,58.173157542393,US
BSCQ,Invesco BulletShares 2026 Corporate Bond ETF,ETF,ETF,19.549999237060547,0.102399128069227,-0.0001870902504468,72.1471033497302,US
BSCR,Invesco BulletShares 2027 Corporate Bond ETF,ETF,ETF,19.645000457763672,0.0509306277833714,0.0001657871501867,73.6079097009646,US
BSCS,Invesco BulletShares 2028 Corporate Bond ETF,ETF,ETF,20.364999771118164,0.0245538340704167,0.0004630032329416,54.39476022246772,US
BSCT,Invesco BulletShares 2029 Corporate Bond ETF,ETF,ETF,18.555400848388672,-0.0517085127540644,0.0005857370281927,51.03621744157204,US
BSCU,Invesco BulletShares 2030 Corporate Bond ETF,ETF,ETF,16.594999313354492,-0.1203759135672011,0.0007048421026059,47.899111374044566,US
BSCX,Invesco Bulletshares 2033 Corporate Bond ETF,ETF,ETF,20.915000915527344,-0.2860522758101548,0.0006928599475585,43.246295168057244,US
BSCY,Invesco BulletShares 2034 Corporate Bond ETF,ETF,ETF,20.5049991607666,-0.3159967672433776,0.0008139237793383,43.80794129570989,US
BSCZ,Invesco Bulletshares 2035 Corporate Bond ETF,ETF,ETF,20.277700424194336,-0.3797549485648361,0.0009878778871247,42.59426522051525,US
BSEP,Innovator U.S. Equity Buffer ETF - September,ETF,ETF,53.06999969482422,0.3213575879806897,-0.0016883505357442,63.32493636843686,US
BSJQ,Invesco BulletShares 2026 High Yield Corporate Bond ETF,ETF,ETF,22.950000762939453,-0.0870637832514524,-0.0009719204108291,49.73526887504509,US
BSJR,Invesco BulletShares 2027 High Yield Corporate Bond ETF,ETF,ETF,22.39579963684082,-0.0187499185757963,-0.0002261295339227,61.02574639768945,US
BSJS,Invesco BulletShares 2028 High Yield Corporate Bond ETF,ETF,ETF,21.799999237060547,-0.0229354186894796,0.0004745925557568,58.41811869392016,US
BSJT,Invesco BulletShares 2029 High Yield Corporate Bond ETF,ETF,ETF,21.145000457763672,-0.0708855848610601,0.0002642826669874,53.54182097806049,US
BSJV,Invesco BulletShares 2031 High Yield Corporate Bond ETF,ETF,ETF,26.152099609375,-0.3539768599264866,-0.0035567647843406,48.14601500669412,US
BSJX,Invesco Bulletshares 2033 High Yield Corporate Bond ETF,ETF,ETF,25.174999237060547,-0.1982205893083375,-4.0752694839496506e-05,54.53125840299315,US
BSMC,Brandes U.S. Small-Mid Cap Value ETF,ETF,ETF,39.2510986328125,-0.385506803004281,-0.0202283802962601,58.01414183051663,US
BSMU,Invesco BulletShares 2030 Municipal Bond ETF,ETF,ETF,21.905000686645508,0.0456735723807212,0.0015333710476915,55.785772049463695,US
BSMV,Invesco BulletShares 2031 Municipal Bond ETF,ETF,ETF,20.953399658203125,-0.1981480322331458,0.0015363556992492,50.28109919032627,US
BSMW,Invesco Bulletshares 2032 Municipal Bond ETF,ETF,ETF,25.05500030517578,-0.2190374505730097,-0.0011322070043629,50.144275519399,US
BSOL,Bitwise Solana Staking ETF,ETF,ETF,10.510000228881836,-4.886877398480076,-0.0196225226187741,52.20614454790114,US
BSRR,Sierra Bancorp,Financial Services,Banks - Regional,41.08000183105469,0.8098204443059815,-0.00138548033777,58.738826123293535,US
BST,BlackRock Science and Technology Trust,Financial Services,Asset Management,47.7599983215332,0.5685336566093021,0.0190233748748235,50.265809809996014,US
BSTP,Innovator Buffer Step-Up Strategy ETF,ETF,ETF,39.50189971923828,0.4370655483871968,-0.0010856969663066,57.82923725372159,US
BSTZ,BlackRock Science and Technology Term Trust,Financial Services,Asset Management,29.40999984741211,3.192981920744244,0.0356489102425774,50.28117140378267,US
BSVN,Bank7 Corp.,Financial Services,Banks - Regional,50.79999923706055,-1.835750266549668,-0.0465922596383747,63.79140351289986,US
BSX,Boston Scientific Corporation,Healthcare,Medical Devices,42.630001068115234,-5.894035792302951,-0.1443532212821561,32.55015186418758,US
BTC,Grayscale Bitcoin Mini Trust ETF,ETF,ETF,28.549999237060547,1.1693831741161294,0.0340708280217616,51.096587534645934,US
BTCI,NEOS ETF Trust - NEOS Bitcoin High Income ETF,ETF,ETF,29.1299991607666,1.392271579894142,0.0338242704943152,50.35075822341218,US
BTCL,T-Rex 2X Long Bitcoin Daily Target ETF,ETF,ETF,12.68000030517578,1.5537421367315076,0.0265951806474011,48.72540165917495,US
BTCZ,T-Rex 2X Inverse Bitcoin Daily Target ETF,ETF,ETF,5.414999961853027,-3.130593666510849,-0.0143477224375662,45.92293413310029,US
BTDR,Bitdeer Technologies Group,Technology,Software - Application,12.359999656677246,-4.000002666584496,0.0334333515066744,37.15999284846122,US
BTGO,"BitGo Holdings, Inc.",Financial Services,Capital Markets,5.179999828338623,2.1696184014368693,0.0011726425913374,42.2338538121826,US
BTOT,iShares Total USD Fixed Income Market ETF,EQUITY,EQUITY,49.17110061645508,-0.1297857075339398,0.0033037909177128,45.39360293219089,US
BTR,Beacon Tactical Risk ETF,ETF,ETF,27.843000411987305,-0.1434530323512547,-0.0018356889792573,59.56502444286611,US
BTT,Blackrock Municipal 2030 Target Term Trust,Financial Services,Asset Management,22.82999992370605,-0.0875293541784415,-0.0029356353640161,57.54428358002734,US
BUCK,Simplify Treasury Option Income ETF,ETF,ETF,23.459999084472656,0.0426367642128376,0.0004361379849648,62.39554055565228,US
BUFC,AB Conservative Buffer ETF,ETF,ETF,42.720001220703125,0.2228767641129032,-0.0008702244261935,61.75210940245972,US
BUFF,Innovator Laddered Allocation Power Buffer ETF,ETF,ETF,52.959598541259766,0.3592914190854427,0.0013483023333986,61.29413520279111,US
BUFH,FT Vest Laddered Max Buffer ETF,ETF,ETF,21.45499992370605,0.1400265470890342,1.0857689533124576e-05,65.54015300892267,US
BUFP,PGIM Laddered S&P 500 Buffer 12 ETF,ETF,ETF,32.25,0.4047355928962544,0.000763443316784,61.93134338167099,US
BUFR,FT Vest Laddered Buffer ETF,ETF,ETF,36.75,0.4235517806437087,0.0001203227244876,60.96791314478467,US
BUFS,FT Vest Laddered Small Cap Mode,ETF,ETF,25.01499938964844,-0.099846345706013,-0.0027861871553689,58.6531902638797,US
BUFT,BUFT,N/A,N/A,25.989999771118164,0.2313901474594528,0.0012609146065084,63.699193094357966,US
BUFZ,FT Vest Laddered Moderate Buffer ETF,ETF,ETF,28.030000686645508,0.2145204675152333,-0.0007742204490534,60.86544085849896,US
BULG,Leverage Shares 2X Long BULL Daily ETF,ETF,ETF,42.750099182128906,7.258701988357311,0.0764780603290671,61.72265071020262,US
BURL,BURL,N/A,N/A,334.3099975585937,5.754144857133479,0.7943296058651056,58.94830104047674,US
BUXX,Strive Enhanced Income Short Maturity ETF,ETF,ETF,20.229999542236328,0.0989631799589651,0.0005363262306422,59.19387109712137,US
BUYZ,Franklin Disruptive Commerce ETF,ETF,ETF,34.992000579833984,-0.827570041977454,-0.0347551823653008,55.93619678092955,US
BV,"BrightView Holdings, Inc.",Industrials,Specialty Business Services,14.34000015258789,0.2096417336932193,-0.0117802415494432,65.7505211219182,US
BVAL,Bluemonte Large Cap Value ETF,ETF,ETF,31.36000061035156,-0.095567951195207,-0.0052061994278943,58.06244070294514,US
BW,"Babcock & Wilcox Enterprises, Inc.",Industrials,Specialty Industrial Machinery,11.09000015258789,3.3550850485547343,0.0632174813675687,32.92872779728826,US
BWB,"Bridgewater Bancshares, Inc.",Financial Services,Banks - Regional,21.549999237060547,1.6030182332105651,-0.0082697190944089,67.53932788061651,US
BWEL,JG Boswell Company,Basic Materials,Agricultural Inputs,553.0,0.7285974499089253,0.2971015422155121,58.23842142752069,US
BWET,Breakwave Tanker Shipping ETF,ETF,ETF,257.3500061035156,44.90427773607004,3.319505608839502,69.73365264775813,US
BWFG,"Bankwell Financial Group, Inc.",Financial Services,Banks - Regional,58.31999969482422,1.6027842238480243,0.0101788749002997,58.13736142795277,US
BWMN,Bowman Consulting Group Ltd.,Industrials,Engineering & Construction,27.190000534057617,-4.159324181421726,0.0014838613830737,31.434937985347545,US
BWMX,"Betterware de México, S.A.P.I. de C.V.",Consumer Cyclical,Specialty Retail,18.030000686645508,-0.77049746318434,-0.0141962369007527,52.45162796614084,US
BWTG,Brendan Wood TopGun ETF,ETF,ETF,42.58209991455078,0.8576472841741569,0.0139780272203329,57.86020675860216,US
BX,Blackstone Inc.,Financial Services,Asset Management,124.55999755859376,3.0358161861812096,0.1302701500579358,57.25448705533489,US
BXC,BlueLinx Holdings Inc.,Industrials,Industrial Distribution,55.7599983215332,4.0298505763111,0.2079606219978789,50.47143720375807,US
BXDC,Blackstone Digital Infrastructure Trust Inc.,Real Estate,REIT - Specialty,20.799999237060547,-0.3354173423953867,0.0008071117780698,44.04200284447052,US
BXSL,Blackstone Secured Lending Fund,Financial Services,Asset Management,23.479999542236328,1.076194597186517,0.0066463349398276,54.76931622237101,US
BY,"Byline Bancorp, Inc.",Financial Services,Banks - Regional,37.20000076293945,0.5133813834725374,-0.018492226801448,62.11425711366749,US
BYD,Boyd Gaming Corporation,Consumer Cyclical,Resorts & Casinos,86.08999633789062,-2.909667175292979,-0.0246178023444844,47.56746335921975,US
BYRE,Principal Real Estate Active Opportunities ETF,ETF,ETF,27.44930076599121,0.0448317644417162,0.0075234610411509,55.73605576474519,US
BZ,Kanzhun Limited,Communication Services,Internet Content & Information,14.229999542236328,1.4978536206563946,-0.0017533721732232,55.896109151023104,US
BZQ,ProShares UltraShort MSCI Brazil Capped,ETF,ETF,21.02569961547852,-8.144603861426994,-0.0409731341922222,39.71028977719859,US
BZZ,Corgi Drones & Urban Air Mobility ETF,ETF,ETF,23.66340065002441,-2.5796634083384347,0.0163741881727301,41.361842555892,US
C,Citigroup Inc.,Financial Services,Banks - Diversified,133.27000427246094,-5.327839576877272,-0.4083089068494483,41.26195583557964,US
CAAP,Corporación América Airports S.A.,Industrials,Airports & Air Services,24.86000061035156,-0.9561743723930212,0.034581054556882,43.71440392101498,US
CABA,"Cabaletta Bio, Inc.",Healthcare,Biotechnology,2.6700000762939453,-13.870962631193674,-0.0176635836386532,34.504661878633925,US
CABZ,Roundhill Robotaxi Autonomous Vehicles & Technology ETF,ETF,ETF,22.562400817871094,0.2016281880662507,8.760464479062868e-06,46.18376230400588,US
CAC,CAC,N/A,N/A,53.84000015258789,-0.1668832784695035,-0.0133882660622892,56.85726824240297,US
CACC,Credit Acceptance Corporation,Financial Services,Credit Services,617.780029296875,-4.454203197091216,-1.3395950753305357,55.84648392302293,US
CAFG,Pacer US Small Cap Cash Cows Growth Leaders ETF,ETF,ETF,33.19860076904297,-0.8701131526403936,-0.0185963158186873,55.87295479797047,US
CAG,"Conagra Brands, Inc.",Consumer Defensive,Packaged Foods,14.149999618530272,0.8553092504847051,0.0044514340341972,55.00208442058458,US
CAGE,Calamos Autocallable Growth ETF,EQUITY,EQUITY,28.059999465942383,1.0079149473580715,-0.0015721271689303,55.21337583268208,US
CAH,"Cardinal Health, Inc.",Healthcare,Medical Distribution,230.1100006103516,-4.004841614716064,-0.4528214306623308,54.75132296311728,US
CAI,"Caris Life Sciences, Inc.",Healthcare,Biotechnology,16.950000762939453,-2.976523015759592,-0.0140904521099309,44.94727372947721,US
CAIE,Calamos US Equity Autocallable Income ETF,ETF,ETF,27.07999992370605,0.5569982058315998,0.0016205548837309,56.97544843513057,US
CAIQ,Calamos Nasdaq Autocallable Income ETF,ETF,ETF,26.193700790405277,0.3397864383235556,0.0039467308883585,49.72175047610317,US
CAKE,The Cheesecake Factory Incorporated,Consumer Cyclical,Restaurants,80.44000244140625,3.47312149708078,-0.0519052812099811,63.42516889085977,US
CAL,"Caleres, Inc.",Consumer Cyclical,Apparel Retail,11.3100004196167,-5.276375066224057,-0.0042908540552918,39.57501460695884,US
CALF,Pacer US Small Cap Cash Cows 100 ETF,ETF,ETF,51.766998291015625,-0.2562682677320574,-0.0290581707640005,61.73596816090373,US
CAMT,Camtek Ltd.,Technology,Semiconductor Equipment & Materials,149.89999389648438,12.486867833988123,1.142656358495057,45.47773005811607,US
CAMX,Cambiar Aggressive Value ETF,ETF,ETF,34.58449935913086,-1.1927877131040665,-0.0193297512952378,51.02339901675774,US
CANC,Tema Oncology ETF,ETF,ETF,40.84579849243164,-3.5837030911259213,-0.0995141369013046,57.1124992839744,US
CANE,Teucrium Sugar Fund,ETF,ETF,9.84000015258789,-1.0060305031879493,-0.0069727309752606,55.50402303021726,US
CANQ,Calamos Nasdaq Equity & Income ETF,ETF,ETF,30.517799377441406,0.3346890123776991,-0.0029653743262374,51.1212189095718,US
CAOS,Alpha Architect Tail Risk ETF,ETF,ETF,90.48500061035156,-0.0717862387802405,0.003532861426204,52.2894378378953,US
CAPE,DoubleLine Shiller CAPE U.S. Equities ETF,ETF,ETF,32.55080032348633,-1.866740668194232,-0.0139615137054001,52.15538127184173,US
CAPR,"Capricor Therapeutics, Inc.",Healthcare,Biotechnology,20.68000030517578,-6.930688819837869,0.0280198714854822,28.883050142187077,US
CAR,"Avis Budget Group, Inc.",Industrials,Rental & Leasing Services,159.77999877929688,2.759015457312732,0.4998794660603511,45.134603212929854,US
CARR,Carrier Global Corporation,Industrials,Building Products & Equipment,69.76000213623047,1.5873074069457156,0.1338943885273045,50.88459723507259,US
CARS,Cars.com Inc.,Communication Services,Internet Content & Information,11.270000457763672,0.4456344879223781,-0.0043682564027768,62.11642260054366,US
CASH,"Pathward Financial, Inc.",Financial Services,Banks - Regional,90.97000122070312,0.5860225176798812,-0.0460894995033189,64.56391585396912,US
CASS,"Cass Information Systems, Inc.",Industrials,Specialty Business Services,52.06999969482422,-1.007602271238908,-0.0363909458787681,62.60645795256366,US
CASY,"Casey's General Stores, Inc.",Consumer Cyclical,Specialty Retail,847.1900024414062,5.635982089230555,0.7091824065247332,56.483131564835205,US
CAT,Caterpillar Inc.,Industrials,Farm & Heavy Construction Machinery,933.3400268554688,-0.7211811573982762,0.0618081766810263,47.12363719324208,US
CATF,American Century California Municipal Bond ETF,ETF,ETF,50.02999877929688,-0.1795693425895812,0.002144690558168,46.94902589200179,US
CATG,Leverage Shares 2X Long CAT Daily ETF,ETF,ETF,14.25,-1.5883946789186598,-0.0010611037620444,44.98101810634664,US
CATY,Cathay General Bancorp,Financial Services,Banks - Regional,61.38999938964844,-0.1138947215537846,-0.014948971749946,55.62554778493433,US
CAVG,ACC Aviation Holdings Ltd.,Financial Services,Shell Companies,1.0,-20.0,-0.0087529512042493,44.594030534909,US
CB,Chubb Limited,Financial Services,Insurance - Property & Casualty,346.2200012207031,-3.640408298539216,-0.7373195618670829,54.76651216267393,US
CBAN,"Colony Bankcorp, Inc.",Financial Services,Banks - Regional,20.399999618530277,1.140305113368093,0.0241049034513286,51.76845152589274,US
CBC,"Central Bancompany, Inc.",Financial Services,Banks - Regional,30.920000076293945,-0.8020532543730572,-0.0445141235912819,61.00903172100941,US
CBIO,"Crescent Biopharma, Inc.",Healthcare,Biotechnology,15.30500030517578,-10.12918562488625,-0.0635095518726449,34.4439987920377,US
CBK,"Commercial Bancgroup, Inc.",Financial Services,Banks - Regional,32.810001373291016,-1.025641438726529,-0.037524927916794,61.19927127021152,US
CBL,"CBL & Associates Properties, Inc.",Real Estate,REIT - Retail,52.40999984741211,-2.09228275252256,-0.0111597463205979,57.48694210077009,US
CBLS,Clough Hedged Equity ETF,ETF,ETF,32.50040054321289,0.7733127555028704,0.0188511522657974,46.45519595168362,US
CBNK,"Capital Bancorp, Inc.",Financial Services,Banks - Regional,35.11000061035156,0.6305566768464819,-0.0157867912633647,59.45641426954786,US
CBOA,Calamos Bitcoin Structured Alt ,ETF,ETF,24.184999465942383,0.1739627117800485,0.0034378115921515,52.5048490208454,US
CBOE,"Cboe Global Markets, Inc.",Financial Services,Financial Data & Stock Exchanges,274.9800109863281,6.3176598408800535,0.2243935659308302,52.39358371197943,US
CBOJ,Calamos Bitcoin Structured Alt Protection ETF - January,ETF,ETF,23.697099685668945,0.1991546211348264,0.00152051558985,51.49367876779401,US
CBOL,Calamos Laddered Bitcoin 90 Series Structured Alt Protection ETF,ETF,ETF,23.3799991607666,-0.2346930080186778,-0.0021412657514348,43.76445654063427,US
CBON,VanEck China Bond ETF,ETF,ETF,23.864999771118164,0.315253689384559,0.0021359292111312,55.474752376160566,US
CBOO,Calamos Bitcoin Structured Alt Protection ETF - October,ETF,ETF,24.530000686645508,0.061192320499933,0.0011680426759942,64.6523332805696,US
CBOT,Corgi Robots & Humanoids ETF,ETF,ETF,24.642799377441406,-0.9135563093088964,-0.0129825996329888,44.31078544032484,US
CBOX,Calamos Tax-Aware Collateral ET,ETF,ETF,100.95999908447266,0.1190031246926376,-0.0009349084013544,58.49925450387752,US
CBOY,Calamos Bitcoin Structured Alt Protection ETF - July,ETF,ETF,24.489999771118164,-0.0816012141040453,0.0057379807954091,54.17170893366784,US
CBRE,"CBRE Group, Inc.",Real Estate,Real Estate Services,133.1300048828125,-7.374932971417027,-0.5287089147807369,44.345096222402425,US
CBRL,"Cracker Barrel Old Country Store, Inc.",Consumer Cyclical,Restaurants,53.36000061035156,7.797981031013257,0.1125095975413676,67.32718697732733,US
CBRS,Cerebras Systems Inc.,Technology,Semiconductors,203.80999755859372,15.401164630678297,0.1887302386911606,46.708845272998246,US
CBSE,Clough Select Equity ETF,ETF,ETF,49.81919860839844,1.010116322706332,0.034704303183746,49.049471794449374,US
CBT,Cabot Corporation,Basic Materials,Specialty Chemicals,87.73999786376953,0.3775245256089637,0.1196363654776717,51.8488664715435,US
CBTA,Calamos Bitcoin 80 Series Struc,ETF,ETF,20.57200050354004,-1.342791046071728,-0.0151053869396626,44.28676469354902,US
CBTJ,Calamos Bitcoin 80 Series Structured Alt Protection ETF - January,ETF,ETF,17.89419937133789,0.2363885850115854,0.0078906453423323,47.66847584117034,US
CBTL,Calamos Laddered Bitcoin Structured Alt Protection ETF,ETF,ETF,17.732799530029297,0.5203717388918652,0.009990794663756,51.522073989252114,US
CBTO,Calamos Bitcoin 80 Series Structured Alt Protection ETF - October,ETF,ETF,19.729999542236328,-0.0506597213667013,0.0003896293961757,43.93752724678013,US
CBXA,Calamos Bitcoin 90 Series Struc,ETF,ETF,21.46619987487793,0.5536832700469064,0.0102788316796077,51.95514443667761,US
CBXJ,Calamos Bitcoin 90 Series Structured Alt Protection ETF - January,ETF,ETF,20.16469955444336,0.2719987192026278,0.0070305095358537,48.24192582275996,US
CBXY,Calamos Bitcoin 90 Series Structured Alt Protection ETF - July,ETF,ETF,22.107999801635746,0.3312909223015323,0.0129016040390591,55.79748130554564,US
CBZ,"CBIZ, Inc.",Industrials,Specialty Business Services,40.91999816894531,10.59458964579814,0.0800580422768996,74.50878121970439,US
CCAP,"Crescent Capital BDC, Inc.",Financial Services,Asset Management,11.0,-0.3623184962974717,-0.0043798435865559,48.37474832690989,US
CCB,Coastal Financial Corporation,Financial Services,Banks - Regional,78.8499984741211,1.1027062878675602,-0.0447305795072074,61.19096196875416,US
CCCC,"C4 Therapeutics, Inc.",Healthcare,Biotechnology,3.809999942779541,-12.413792498660746,-0.0165443328702822,44.013420226336606,US
CCEC,Capital Clean Energy Carriers Corp.,Industrials,Marine Shipping,22.684999465942383,1.6353036564010517,0.0024081591640354,62.98106030223758,US
CCEF,Calamos CEF Income & Arbitrage ETF,ETF,ETF,29.740800857543945,0.4078325958402414,0.0017543529873995,60.44815975629244,US
CCEP,Coca-Cola Europacific Partners PLC,Consumer Defensive,Beverages - Non-Alcoholic,105.5,-0.9389671361502347,-0.1324213200078983,66.29984256331434,US
CCI,Crown Castle Inc.,Real Estate,REIT - Specialty,79.05000305175781,2.369854703607611,0.1339632890429078,43.1717412993618,US
CCIX,Churchill Capital Corp IX,Financial Services,Shell Companies,10.869999885559082,-0.2752269176247594,-0.0017604951130989,53.43150635660581,US
CCL,Carnival Corporation Ltd.,Consumer Cyclical,Travel Services,26.5,-0.6746638047858722,0.0317411565973775,42.77062748991235,US
CCO,"Clear Channel Outdoor Holdings, Inc.",Communication Services,Advertising Agencies,2.4100000858306885,0.0,0.0001499252154942,52.09854153179303,US
CCOI,"Cogent Communications Holdings, Inc.",Communication Services,Telecom Services,12.25,5.06003568017918,0.000306262168489,37.76041973523922,US
CCOR,Core Alternative ETF,ETF,ETF,26.02569961547852,-0.952578256210298,-0.0089321276474852,57.10164346288472,US
CCRN,"Cross Country Healthcare, Inc.",Healthcare,Medical Care Facilities,13.220000267028809,0.0,0.0027702795677309,72.59282405011082,US
CCRP,Columbia Corporate Bond ETF Shares,EQUITY,EQUITY,19.48500061035156,-1.2167288541278167,-0.0051138548117469,36.2892427941336,US
CCS,"Century Communities, Inc.",Real Estate,Real Estate - Development,65.27999877929688,-0.2140009073171983,0.026520264053738,54.39192277325775,US
CCSB,Carbon Collective Short Duration Green Bond ETF,ETF,ETF,19.924999237060547,-0.1753499449773851,-8.039078777263148e-05,48.457760869360406,US
CCSI,"Consensus Cloud Solutions, Inc.",Technology,Software - Infrastructure,38.09999847412109,3.8996465137181393,0.0163804069440984,64.9006432547342,US
CCUP,T-REX 2X Long CRCL Daily Target ETF,ETF,ETF,1.475000023841858,-7.23270485047594,0.0058447251690133,34.542693953504184,US
CDC,VictoryShares US EQ Income Enhanced Volatility Wtd ETF,ETF,ETF,75.57879638671875,-0.8198315003278885,-0.0397576817674483,58.72344357527325,US
CDEI,"Calvert US Large-Cap Diversity, Equity And Inclusion Index ETF",ETF,ETF,91.2979965209961,-0.8072531179133153,-0.0401860856525547,58.06179911030016,US
CDNA,"CareDx, Inc.",Healthcare,Diagnostics & Research,28.93000030517578,2.1900418612839414,-0.0223901513505724,63.5246261500676,US
CDNL,CDNL,N/A,N/A,69.72000122070312,-8.081736818372427,0.2348780766695792,47.8809624342954,US
CDNS,"Cadence Design Systems, Inc.",Technology,Software - Application,376.7999877929688,1.5469170139981483,-0.0578923996932334,49.74023485335471,US
CDP,COPT Defense Properties,Real Estate,REIT - Office,36.54999923706055,-0.7332983704549726,-0.0344799624117,66.29523445827527,US
CDRE,"Cadre Holdings, Inc.",Industrials,Aerospace & Defense,28.3799991607666,-3.2390070419727905,-0.0403578376621551,45.69287921058709,US
CDRO,"Codere Online Luxembourg, S.A.",Consumer Cyclical,Gambling,9.449999809265137,-1.1506339489886015,8.131016668148222e-05,46.82908374300172,US
CE,Celanese Corporation,Basic Materials,Chemicals,47.75,-1.910436112049287,0.0474349343409261,43.00189469221475,US
CECO,CECO Environmental Corp.,Industrials,Pollution & Treatment Controls,82.8499984741211,5.086253580028713,0.2413744655211647,45.23020552873712,US
CEF,Sprott Physical Gold and Silver Trust,EQUITY,EQUITY,40.31999969482422,-2.08839389018526,0.0002466144212367,40.25419677092586,US
CEFD,ETRACS Monthly Pay 1.5X Leveraged Closed-End Fund Index ETN,ETF,ETF,19.24099922180176,-0.8042488141634481,-0.0107980828883051,55.01628150694949,US
CEG,Constellation Energy Corporation,Utilities,Utilities - Independent Power Producers,256.42999267578125,6.975088854706045,0.4818425639556638,48.566908306649154,US
CEGX,Tradr 2X Long CEG Daily ETF,ETF,ETF,12.3100004196167,14.087121993859894,0.0461798503149979,46.84740828716022,US
CELC,Celcuity Inc.,Healthcare,Biotechnology,111.0500030517578,-4.035601555204457,-0.0816110464883008,55.550979449455326,US
CELH,"Celsius Holdings, Inc.",Consumer Defensive,Beverages - Non-Alcoholic,30.13999938964844,-4.921139860396524,-0.0527720831654736,48.61338937084994,US
CENX,Century Aluminum Company,Basic Materials,Aluminum,46.08000183105469,1.7667912396755487,0.1603320470838221,40.03526031940383,US
CEPF,"Cantor Equity Partners IV, Inc.",Financial Services,Shell Companies,10.449999809265137,0.0957876368177859,-8.15117005309833e-05,65.87865738111108,US
CERS,Cerus Corporation,Healthcare,Medical Devices,3.069999933242798,-4.658388013498637,-0.0101675012564071,59.49762937492813,US
CERY,State Street SPDR Bloomberg Enhanced Roll Yield Commodity Strategy No K-1 ETF,ETF,ETF,35.43000030517578,3.3547303583144825,0.0403837251238176,59.00424368489922,US
CET,Central Securities Corporation,Financial Services,Asset Management,53.06999969482422,0.8551896086542449,0.0137930648025507,55.77518971579768,US
CEVA,"CEVA, Inc.",Technology,Semiconductors,43.52999877929688,1.8007495041830084,-0.0111787980729808,49.71275693386035,US
CFA,VictoryShares US 500 Volatility Wtd ETF,ETF,ETF,99.20179748535156,-0.3257246090457628,-0.025502095758276,60.871158146666325,US
CFG,"Citizens Financial Group, Inc.",Financial Services,Banks - Regional,70.31999969482422,-2.033991514769649,-0.0264249123765274,58.26593282763202,US
CGBL,Capital Group Core Balanced ETF,ETF,ETF,37.43000030517578,-0.4785969217087409,-0.007185536304444,48.879086625365545,US
CGCB,Capital Group Core Bond ETF,ETF,ETF,26.020000457763672,-0.1534881389041674,0.0022468740405808,45.11625341624352,US
CGCP,Capital Group Core Plus Income ETF,ETF,ETF,22.149999618530277,-0.2252303724811185,0.0009674790929396,44.56392560032159,US
CGDG,Capital Group Dividend Growers ETF,ETF,ETF,37.66999816894531,-0.9466227239206304,-0.0178812146248149,56.50505573189525,US
CGGE,Capital Group Global Equity ETF,ETF,ETF,34.689998626708984,-0.5732323486333785,-0.0052196874289544,51.71741594431616,US
CGGG,Capital Group U.S. Large Growth ETF,ETF,ETF,28.665000915527344,1.5409188109981655,0.0092484310262824,52.41937484541655,US
CGGO,Capital Group Global Growth Equity ETF,ETF,ETF,40.38999938964844,-0.8104170460753962,0.0009415667796461,47.44386854614776,US
CGGR,Capital Group Growth ETF,ETF,ETF,46.63999938964844,-0.0428642473833637,-0.0077233924880338,51.74839304879144,US
CGHM,Capital Group Municipal High-Income ETF,ETF,ETF,25.799999237060547,-0.2320238664920894,-0.0025016017100544,59.47472479803727,US
CGMM,Capital Group U.S. Small and Mid Cap ETF,ETF,ETF,32.43000030517578,-0.2153836763822115,-0.0030866013886711,53.32165490598841,US
CGMS,Capital Group U.S. Multi-Sector Income ETF,ETF,ETF,27.26000022888184,-0.183080329689862,0.0003038670975928,47.399121261798335,US
CGMU,Capital Group Municipal Income ETF,ETF,ETF,27.38999938964844,-0.1458290743066304,-0.0003718097930009,51.69186323655197,US
CGNG,Capital Group New Geography Equity ETF,ETF,ETF,36.18999862670898,-0.1655210297683189,0.0051156136242245,48.18959176326293,US
CGNT,Cognyte Software Ltd.,Technology,Software - Infrastructure,9.06999969482422,-0.329677861405347,-0.0047385706807155,51.35959416375046,US
CGON,"CG Oncology, Inc.",Healthcare,Biotechnology,71.7699966430664,3.713872555148287,-0.1873128271991633,58.95461383360847,US
CGUS,Capital Group Core Equity ETF,ETF,ETF,44.5099983215332,0.6102998029446807,-0.0085473478980518,56.72937577837908,US
CGVV,CGVV,N/A,N/A,30.65999984741211,0.1633428162808933,-0.0023364829805656,53.75450423410395,US
CGW,Invesco S&P Global Water Index ETF,ETF,ETF,65.72000122070312,0.4278709792952416,0.008337755320162,58.86405485148668,US
CGXU,Capital Group International Focus Equity ETF,ETF,ETF,34.130001068115234,0.7974024007581626,0.0177639515901641,50.27244323898127,US
CHCO,City Holding Company,Financial Services,Banks - Regional,134.1699981689453,1.0468439542305277,0.0205169953457924,60.98132262014782,US
CHCT,Community Healthcare Trust Incorporated,Real Estate,REIT - Healthcare Facilities,17.690000534057617,-1.7767889547888482,-0.020919717003029,46.73155588625016,US
CHD,"Church & Dwight Co., Inc.",Consumer Defensive,Household & Personal Products,95.41000366210938,-3.577557751704104,-0.0772811662703765,45.84046144902855,US
CHDN,Churchill Downs Incorporated,Consumer Cyclical,Gambling,83.5,-3.165955294740319,-0.0849118619785021,40.34049122216686,US
CHE,Chemed Corporation,Healthcare,Medical Care Facilities,491.8900146484375,1.343309144949475,-0.4783320966687938,69.95283210258029,US
CHEF,CHEF,N/A,N/A,98.79000091552734,0.5905730948595314,0.0831709841238543,68.51177156108514,US
CHGX,Stance Sustainable Beta ETF,ETF,ETF,32.75170135498047,0.1060681053545329,-0.0029865752791054,51.39018611081024,US
CHH,"Choice Hotels International, Inc.",Consumer Cyclical,Lodging,108.31999969482422,-2.3704347235312264,-0.0119917581546566,47.38611589875858,US
CHPX,Global X AI Semiconductor & Quantum ETF,ETF,ETF,96.30770111083984,1.6011184520031891,0.0646993346912387,46.970514239884025,US
CHRD,Chord Energy Corporation,Energy,Oil & Gas E&P,121.98999786376952,4.40773852045114,0.2397075446441459,48.193450034919294,US
CHRI,Global X S&P 500 Christian Values ETF,ETF,ETF,89.3843994140625,0.8079579469504621,0.0035352978750018,57.39392276921577,US
CHRW,"C.H. Robinson Worldwide, Inc.",Industrials,Integrated Freight & Logistics,199.6100006103516,4.535220633942563,0.2623111075681321,67.1544242287313,US
CHW,Calamos Global Dynamic Income Fund,Financial Services,Asset Management,8.760000228881836,-0.6802660773060105,-0.0029927271123174,49.29549696746584,US
CHWY,"Chewy, Inc.",Consumer Cyclical,Internet Retail,20.350000381469727,-1.8330881290777288,-0.0519446578211256,50.6896087528637,US
CHYM,"Chime Financial, Inc.",Technology,Software - Application,21.459999084472656,1.6098401123529449,-0.0258678967570481,62.92430477279413,US
CI,The Cigna Group,Healthcare,Healthcare Plans,303.3500061035156,5.837000652898585,0.346965253572755,64.9661841420245,US
CIBR,First Trust NASDAQ Cybersecurity ETF,ETF,ETF,94.7300033569336,2.7328969715663773,0.069337427989784,67.42637849529366,US
CIEG,Leverage Shares 2X Long CIEN Daily ETF,ETF,ETF,7.730000019073486,12.354649571130729,0.0003133564591357,41.35744362496664,US
CIEN,Ciena Corporation,Technology,Communication Equipment,446.9299926757813,6.6887848866633055,0.0655875572117672,45.017638956919306,US
CIFG,Leverage Shares 2X Long CIFR Daily ETF,ETF,ETF,8.496999740600586,-7.941493369328427,0.0031462751752616,38.89069740511985,US
CIFU,T-REX 2X LONG CIFR DAILY TARGET ETF,ETF,ETF,21.0,-6.9561352062590105,0.0191232429925312,38.988224261642536,US
CINF,Cincinnati Financial Corporation,Financial Services,Insurance - Property & Casualty,180.02999877929688,-4.776260920292399,-0.2068729867916179,53.98763992369037,US
CINT,CI&T Inc.,Technology,Software - Infrastructure,3.369999885559082,1.2012000831672758,0.0079873661958888,43.4369967264787,US
CIVB,"Civista Bancshares, Inc.",Financial Services,Banks - Regional,27.920000076293945,-0.1073369797015801,0.0079752315418695,57.23180505763367,US
CL,Colgate-Palmolive Company,Consumer Defensive,Household & Personal Products,91.02999877929688,-4.209197149723036,-0.1425966610200744,49.285449746830686,US
CLB,Core Laboratories Inc.,Energy,Oil & Gas Equipment & Services,11.550000190734863,6.060604468362491,0.0288971836144666,45.10118670213526,US
CLBK,"Columbia Financial, Inc.",Financial Services,Banks - Regional,21.3799991607666,-0.3959980955837127,-0.002110101814111,61.87950731776299,US
CLBR,Colombier Acquisition Corp. III,Financial Services,Shell Companies,10.25,-0.9661872249663266,-0.0010724875939758,48.3203469624556,US
CLCG,Crossmark Large Cap Growth ETF,ETF,ETF,28.986499786376957,1.6856074469698077,0.0040153055985552,53.84613778861649,US
CLDT,Chatham Lodging Trust,Real Estate,REIT - Hotel & Motel,13.260000228881836,3.7558725034421454,0.0376564842174247,64.3750094825604,US
CLF,Cleveland-Cliffs Inc.,Basic Materials,Steel,9.789999961853027,2.620545083853864,0.0534277093232614,39.34320672670002,US
CLFD,"Clearfield, Inc.",Technology,Communication Equipment,33.0099983215332,1.600482044330091,0.0805141837112133,37.79249979028069,US
CLIP,Global X 1-3 Month T-Bill ETF,ETF,ETF,100.18000030517578,0.059925646172436,-0.0009601634077572,97.61749933630864,US
CLIX,ProShares Long Online/Short Stores ETF,ETF,ETF,58.52000045776367,2.2755111803140866,-0.0206835787114943,61.24633992717376,US
CLM,"Cornerstone Strategic Investment Fund, Inc.",Financial Services,Asset Management,7.579999923706055,1.0666656494140625,-0.0021994175903448,56.59531077733823,US
CLMB,"Climb Global Solutions, Inc.",Technology,Electronics & Computer Distribution,25.57999992370605,0.6294250469390094,-0.0295606299884259,64.19975270650104,US
CLNE,Clean Energy Fuels Corp.,Energy,Oil & Gas Refining & Marketing,2.3299999237060547,9.38966190232495,0.0007243784764736,69.08583993056592,US
CLNK,Bitwise Chainlink ETF,EQUITY,EQUITY,15.0600004196167,4.070214314104119,0.0428309890575022,55.26287047760895,US
CLOB,VanEck AA-BB CLO ETF,ETF,ETF,50.35139846801758,0.2017879960548818,0.0017653776616896,66.56496123348984,US
CLOC,AAM Crescent Clo ETF,EQUITY,EQUITY,25.0049991607666,0.060021567770372,-0.0010531974368972,73.43505234435753,US
CLOD,Themes Cloud Computing ETF,ETF,ETF,31.93149948120117,0.152118878139426,0.0004292148043218,56.40069805761945,US
CLOU,Global X Cloud Computing ETF,ETF,ETF,24.26000022888184,1.847189503336659,-0.0010209222047619,62.70093592891232,US
CLOZ,Eldridge BBB-B CLO ETF,ETF,ETF,26.334999084472656,0.1711607735956212,0.0007608042149314,62.99626523737432,US
CLPT,"ClearPoint Neuro, Inc.",Healthcare,Medical Devices,15.960000038146973,-8.69564956461602,-0.0889499527073616,47.82889918292093,US
CLSE,Convergence Long/Short Equity ETF,ETF,ETF,34.150001525878906,1.6066673779262848,0.0160245184633845,56.439831997487495,US
CLSK,"CleanSpark, Inc.",Financial Services,Capital Markets,13.449999809265137,7.77243832218115,0.11734014140041,43.73492252138438,US
CLSM,ETC Cabana Target Leading Sector Moderate ETF,ETF,ETF,27.06889915466309,0.7477263805170457,0.0046306435464902,49.29275411117292,US
CLSX,Tradr 2X Long CLSK Daily ETF,ETF,ETF,16.860000610351562,14.46029283305636,0.3095229267265273,41.02545826409954,US
CLVT,Clarivate Plc,Technology,Information Technology Services,2.319999933242798,-7.569723423998568,-0.00039650081093,51.65259733757732,US
CMAY,Corgi U.S. Equities 15% Structured Buffer ETF - May Series,ETF,ETF,25.57999992370605,-0.0781267869751634,-0.0027322398716137,53.96262833051337,US
CMBO,Wayfinder Dynamic U.S. Interest Rate ETF,ETF,ETF,102.8499984741211,0.1168063012424705,-0.0006889774202935,97.91900909776754,US
CMBS,iShares CMBS ETF,ETF,ETF,48.34000015258789,-0.268209335343913,-0.0032249837030558,46.38243690614943,US
CMC,Commercial Metals Company,Industrials,Metal Fabrication,66.19000244140625,7.486197585701835,0.4040652214808569,47.596919868709946,US
CMCI,VanEck CMCI Commodity Strategy ETF,ETF,ETF,28.709999084472656,2.098144479484099,0.0258271987820564,59.57111512847388,US
CMCO,Columbus McKinnon Corporation,Industrials,Farm & Heavy Construction Machinery,13.18000030517578,-0.7530077545644412,0.009381650930194,43.23888856575663,US
CMCSA,Comcast Corporation,Communication Services,Telecom Services,23.190000534057617,-0.9397664023428532,-0.0420518317888325,45.45992999640188,US
CMDB,Costamare Bulkers Holdings Limited,Industrials,Marine Shipping,19.940000534057617,6.859596447547809,0.0219807958723437,72.36151938983072,US
CMDT,PIMCO Commodity Strategy Active Exchange-Traded Fund,ETF,ETF,32.095001220703125,2.967600712688739,0.0328423064291084,57.79461347277143,US
CMDY,iShares Bloomberg Roll Select Commodity Strategy ETF,ETF,ETF,58.27000045776367,3.041558344665559,0.0610360853265077,57.93727028891543,US
CME,CME Group Inc.,Financial Services,Financial Data & Stock Exchanges,243.6100006103516,1.1879545629705348,0.089386362873828,47.74680842064036,US
CMF,iShares California Muni Bond ETF,ETF,ETF,57.34000015258789,-0.2435619185166588,-0.0018921637637935,52.51856823790449,US
CMG,"Chipotle Mexican Grill, Inc.",Consumer Cyclical,Restaurants,36.43000030517578,6.055318554444006,0.0147732735290121,64.72137915276525,US
CMI,Cummins Inc.,Industrials,Specialty Industrial Machinery,675.5399780273438,2.332832889566256,0.8204647408752157,49.3698186566723,US
CMP,"Compass Minerals International, Inc.",Basic Materials,Other Industrial Metals & Mining,29.799999237060547,3.2570984297617227,0.0382458556471162,49.76203329488874,US
CMPR,Cimpress plc,Industrials,Specialty Business Services,98.5199966430664,2.369076090924564,-0.1471782068544473,56.50043199065981,US
CMPS,COMPASS Pathways plc,Healthcare,Medical Care Facilities,13.390000343322754,3.0792962221134688,-0.0082899500888345,54.20326349269797,US
CMRE,Costamare Inc.,Industrials,Marine Shipping,15.279999732971191,5.306681543372331,0.0208360844655375,51.78292319386174,US
CMS,CMS Energy Corporation,Utilities,Utilities - Regulated Electric,75.08000183105469,-2.5188196527743725,-0.0575413789061935,49.2737697224707,US
CNBS,Amplify Seymour Cannabis ETF,ETF,ETF,27.317699432373047,2.4170475333326564,0.0443820363982349,47.81381681962284,US
CNC,Centene Corporation,Healthcare,Healthcare Plans,68.72000122070312,3.932241933029104,0.0298506033684278,65.31727114514224,US
CNEQ,Alger Concentrated Equity ETF,ETF,ETF,39.83000183105469,0.9376653704171672,-0.0066284130596263,49.12616395055556,US
CNK,CNK,N/A,N/A,29.3700008392334,-0.1699498196155182,0.0605756010007183,40.469188591064935,US
CNND,Canandaigua National Corporation,Financial Services,Banks - Regional,226.5,4.377880184331797,0.0246656517202608,83.41325019508623,US
CNNE,"Cannae Holdings, Inc.",Consumer Cyclical,Restaurants,14.869999885559082,2.977841535119817,0.0091091700401449,61.583552054485445,US
CNO,"CNO Financial Group, Inc.",Financial Services,Insurance - Life,52.18999862670898,-1.3235030648846184,-0.0233467830494908,59.53584458919912,US
CNOB,"ConnectOne Bancorp, Inc.",Financial Services,Banks - Regional,32.40999984741211,0.6521710543384658,0.025169967667026,53.85365215768979,US
CNP,"CenterPoint Energy, Inc.",Utilities,Utilities - Regulated Electric,43.7599983215332,-1.6187077970165946,-0.013594540796653,51.85425453965037,US
CNR,"Core Natural Resources, Inc.",Energy,Thermal Coal,86.47000122070312,9.234458338071988,0.3331378367892763,55.87087985318806,US
CNRG,State Street SPDR S&P Kensho Clean Power ETF,ETF,ETF,101.00399780273438,-1.3054510288873309,0.1700695090569421,41.53253235587594,US
CNS,"Cohen & Steers, Inc.",Financial Services,Asset Management,77.06999969482422,-2.6771090809735103,-0.0177481270173567,54.32640517750642,US
CNX,CNX Resources Corporation,Energy,Oil & Gas E&P,32.369998931884766,-2.646619753730028,-0.0052985775441252,38.91464532655725,US
CNXC,Concentrix Corporation,Technology,Information Technology Services,23.56999969482422,3.1509816250960663,0.0726962369152492,47.67574488974205,US
CNXN,"PC Connection, Inc.",Technology,Electronics & Computer Distribution,77.58999633789062,4.42798539838684,-0.0261844126535184,69.31470404126866,US
CNYA,iShares MSCI China A ETF,ETF,ETF,36.63999938964844,0.3011240460645856,0.0348173967231711,47.42404009530938,US
COAG,"Hemab Therapeutics Holdings, Inc.",Healthcare,Biotechnology,43.310001373291016,37.53573098788606,0.2729798461690897,72.40394040434634,US
COAL,Range Global Coal ETF,ETF,ETF,23.61000061035156,6.160075779373619,0.083362655686307,47.26125350813128,US
COCO,"The Vita Coco Company, Inc.",Consumer Defensive,Beverages - Non-Alcoholic,74.02999877929688,12.936682429813647,0.3156462222468237,51.40770383696228,US
COF,Capital One Financial Corporation,Financial Services,Credit Services,205.2899932861328,1.1829039892080675,0.2008622901073118,58.74914205790018,US
COFS,"ChoiceOne Financial Services, Inc.",Financial Services,Banks - Regional,32.88999938964844,-0.7843201335224533,-0.0160481217514721,52.8550240909724,US
COGT,"Cogent Biosciences, Inc.",Healthcare,Biotechnology,38.5099983215332,-3.749062891594041,-0.0798964842475977,57.90700387165224,US
COHR,Coherent Corp.,Technology,Scientific & Technical Instruments,310.7699890136719,-1.069625892755483,0.7102632418410497,38.992228149411154,US
COHX,Tradr 2X Long COHR Daily ETF,ETF,ETF,33.77000045776367,-2.680116094317344,0.2209768088197541,38.15575206086411,US
COIG,Leverage Shares 2X Long COIN Daily ETF,ETF,ETF,5.0,-3.1383218454872157,0.0044616934355465,46.47183936997957,US
COIN,"Coinbase Global, Inc.",Financial Services,Financial Data & Stock Exchanges,161.5,-1.2292792944543245,0.077709787157266,48.971096057942255,US
COIW,Roundhill COIN WeeklyPay ETF,ETF,ETF,8.8100004196167,-1.5729335542679068,0.005365993738451,48.46846661487038,US
COLD,"Americold Realty Trust, Inc.",Real Estate,REIT - Industrial,15.899999618530272,-2.1538485013521638,-0.0057233317498881,60.883574309582215,US
COLL,"Collegium Pharmaceutical, Inc.",Healthcare,Drug Manufacturers - Specialty & Generic,35.02000045776367,-3.89681180697003,-0.0431571188499931,49.12660170968029,US
COLO,Global X MSCI Colombia ETF,ETF,ETF,44.36000061035156,4.107017073299125,0.0399558428565943,65.49540225351437,US
COM,Direxion Auspice Broad Commodity Strategy ETF,ETF,ETF,33.619998931884766,1.3199919709944126,0.0093279007498344,64.40800838788476,US
COMD,Global X Commodity Strategy ETF,ETF,ETF,27.24570083618164,3.2425216609472707,0.0291049206727353,59.33519468312053,US
CONL,GraniteShares 2x Long COIN Daily ETF,ETF,ETF,5.110000133514404,-2.851712715596564,0.0060189793071964,46.6897681354911,US
CONX,Direxion Daily COIN Bull 2X ETF,ETF,ETF,6.170199871063232,-3.090941239987787,0.0057292457701495,46.65191789931731,US
COP,ConocoPhillips,Energy,Oil & Gas E&P,111.87000274658205,3.163039679041989,0.1132486806137267,52.66893121607431,US
COPJ,COPJ,N/A,N/A,40.290000915527344,3.4164154476489856,0.1121990507833647,49.64995412552519,US
COPX,Global X Copper Miners ETF,ETF,ETF,78.72000122070312,5.480375342098568,0.3282124422090224,49.490353396008096,US
COPZ,Defiance Daily Target 2X Long Copper Miners ETF,EQUITY,EQUITY,14.289999961853027,10.775196778502847,0.1215225663801875,47.62810426133123,US
COR,"Cencora, Inc.",Healthcare,Medical Distribution,302.2799987792969,-0.7225473356705955,-0.5490795424311647,62.180715396261895,US
CORN,Teucrium Corn Fund,ETF,ETF,17.489999771118164,-0.7940975400610849,-0.0077761587362223,54.260724665491466,US
CORO,iShares International Country Rotation Active ETF,ETF,ETF,35.869998931884766,-0.0835726816683083,0.0048383498966857,49.573386121062654,US
COST,Costco Wholesale Corporation,Consumer Defensive,Discount Stores,921.75,-2.717678100263852,0.0807315882294137,39.02242220272621,US
COTY,Coty Inc.,Consumer Defensive,Household & Personal Products,2.25,0.8968601235628331,-0.001715416005552,58.91867592709903,US
COUR,"Coursera, Inc.",Consumer Defensive,Education & Training Services,5.710000038146973,-1.5517267177277032,-0.0037919835519675,51.938000970856216,US
COWZ,Pacer US Cash Cows 100 ETF,ETF,ETF,63.83000183105469,-0.6536936481639105,-0.0406558084829054,53.33452844521057,US
COYY,GraniteShares YieldBOOST COIN ETF,ETF,ETF,17.996599197387695,0.0433131495116906,0.0052703136968015,44.36409748429234,US
CPA,"Copa Holdings, S.A.",Industrials,Airlines,147.32000732421875,-1.3526108632690266,-0.0017326426126995,51.26620691311561,US
CPAY,"Corpay, Inc.",Technology,Software - Infrastructure,356.1600036621094,-0.2632322669671877,-0.0837051820038841,55.2406891597229,US
CPB,The Campbell's Company,Consumer Defensive,Packaged Foods,22.100000381469727,-3.4934465082401207,-0.0072811827856891,52.476635393263706,US
CPER,"United States Copper Index Fund, LP",ETF,ETF,38.540000915527344,3.075692818003331,0.0573605833607873,54.64532587472697,US
CPHY,F/m Compoundr High Yield Bond ETF,ETF,ETF,51.59529876708984,-0.1909341056691947,-0.0008945801501688,53.1233704245831,US
CPLS,AB Core Plus Bond ETF,ETF,ETF,34.779998779296875,-0.3009876660120572,0.0023307501473435,42.54829984708026,US
CPNG,"Coupang, Inc.",Consumer Cyclical,Internet Retail,17.739999771118164,-4.263361501636068,-0.0740803320719225,49.16101721154528,US
CPNQ,Calamos Nasdaq-100 Structured Alt Protection ETF - December,ETF,ETF,27.431900024414062,0.3104541703469398,0.0020855469094472,59.35970227276484,US
CPNS,Calamos Nasdaq-100 Structured Alt Protection ETF - September,ETF,ETF,28.170000076293945,0.1635596859588923,-9.050620143836312e-05,66.13703245140994,US
CPRI,Capri Holdings Limited,Consumer Cyclical,Luxury Goods,16.68000030517578,-14.109164574427012,-0.0567213332553666,33.635115361145864,US
CPRJ,Calamos Russell 2000 Structured Alt Protection ETF - July,ETF,ETF,27.625,0.0724523024645252,0.0007383538401435,52.6323374547281,US
CPRO,Calamos Russell 2000 Structured Alt Protection ETF - October,ETF,ETF,28.239999771118164,0.1240909324828336,0.0005953859786036,66.6919804709056,US
CPRT,"Copart, Inc.",Industrials,Specialty Business Services,27.520000457763672,-5.97881780878423,-0.0015392968365746,34.892544829514804,US
CPS,Cooper-Standard Holdings Inc.,Consumer Cyclical,Auto Parts,27.549999237060547,0.5107602715351909,0.0370099310038298,47.36902070933856,US
CPSF,Calamos S&P 500 Structured Alt Protection ETF - February,ETF,ETF,26.280000686645508,0.1638951699013881,-0.000284989911085,63.14827801384057,US
CPSM,Calamos S&P 500 Structured Alt Protection ETF - May,ETF,ETF,29.334999084472656,0.150212412384775,0.0007867922072098,61.52277470816569,US
CPSP,Calamos S&P 500 Structured Alt Protection ETF - April,ETF,ETF,26.975000381469727,0.1671001700111253,0.0005047113500566,69.11308152225271,US
CPST,Calamos S&P 500 Structured Alt Protection ETF - September,ETF,ETF,27.905000686645508,0.1615221654992543,-2.549973406167083e-05,72.97830338000863,US
CPSU,Calamos S&P 500 Structured Alt Protection ETF - June,ETF,ETF,27.725000381469727,0.2349983167613744,0.0019060372371009,62.11881658057913,US
CQP,"Cheniere Energy Partners, L.P.",Energy,Oil & Gas Midstream,64.47000122070312,1.224686152948101,-0.0223609072261223,56.87470608163995,US
CQQQ,Invesco China Technology ETF,ETF,ETF,54.0099983215332,0.1297732603010442,-0.060357910832642,49.46405933444262,US
CRC,California Resources Corporation,Energy,Oil & Gas E&P,52.31999969482422,2.4476209270991705,0.0150182841255097,39.71297777848072,US
CRCD,T-REX 2X Inverse CRCL Daily Target ETF,ETF,ETF,6.570000171661377,4.784692051793794,-0.0069457659515251,57.31047415261629,US
CRCG,Leverage Shares 2X Long CRCL Daily ETF,ETF,ETF,8.5600004196167,-6.855268656501128,0.0360460371449691,34.580172548480505,US
CRCO,YieldMax CRCL Option Income Strategy ETF,EQUITY,EQUITY,13.0,-2.4714457834773325,0.0056306253426328,37.13066804776506,US
CRDO,Credo Technology Group Holding Ltd,Technology,Semiconductors,236.17999267578125,-4.14772787088488,-0.7499989024918499,47.39266160374565,US
CRED,Columbia Research Enhanced Real Estate ETF,ETF,ETF,22.81399917602539,0.8977891930576594,0.0120885377278091,51.89835573450314,US
CRH,CRH plc,Basic Materials,Building Materials,103.91000366210938,-2.165516846049506,0.0712847461578678,43.80571199199803,US
CRI,"Carter's, Inc.",Consumer Cyclical,Apparel Retail,38.0,-4.570566822633053,-0.0229093196871927,42.49069008554644,US
CRK,"Comstock Resources, Inc.",Energy,Oil & Gas E&P,12.979999542236328,-8.46262861152017,-0.0335479942009301,39.59176293667125,US
CRM,"Salesforce, Inc.",Technology,Software - Application,167.55999755859375,-1.1562096888087423,-0.0805326423074999,51.27452751132597,US
CRMD,CorMedix Inc.,Healthcare,Biotechnology,8.270000457763672,-6.764367931641655,-0.0163525961579877,47.21325868247301,US
CRML,Critical Metals Corp.,Basic Materials,Other Industrial Metals & Mining,7.929999828338623,-9.37143053327288,0.0183179654784314,36.25372288167893,US
CRMU,Leverage Shares 2X Long CRML Daily ETF,ETF,ETF,3.4800000190734863,-18.691592325194904,0.017336326360362,35.386753448498084,US
CRNC,Cerence Inc.,Technology,Software - Application,10.239999771118164,-0.6789587356887578,-0.0063135537722704,46.76709752084645,US
CROX,"Crocs, Inc.",Consumer Cyclical,Footwear & Accessories,131.1699981689453,5.315130433546842,0.0993175704856486,61.44965369543438,US
CRPT,First Trust SkyBridge Crypto Industry and Digital Economy ETF,ETF,ETF,12.100000381469728,0.0827148780448556,0.0191042616665435,44.70082543742862,US
CRS,Carpenter Technology Corporation,Industrials,Metal Fabrication,576.8699951171875,-2.2833879946163758,-0.2011766805074337,54.724740467789545,US
CRSH,CRSH,N/A,N/A,20.625200271606445,2.0202539575315983,0.0198301301523263,52.59428725884048,US
CRSP,CRISPR Therapeutics AG,Healthcare,Biotechnology,50.459999084472656,-16.9656101622982,-0.2790836397177048,40.52352413296238,US
CRUS,"Cirrus Logic, Inc.",Technology,Semiconductors,137.36000061035156,-6.283691242161353,-0.5171031838782492,30.42551024550903,US
CRWD,"CrowdStrike Holdings, Inc.",Technology,Software - Infrastructure,210.72999572753903,8.277669825575305,1.0486812711303397,69.4732319246681,US
CRWG,Leverage Shares 2X Long CRWV Daily ETF,ETF,ETF,19.59000015258789,-9.806626280402211,-0.0384750647684795,35.035987493219295,US
CRWU,T-REX 2X Long CRWV Daily Target ETF,ETF,ETF,3.740000009536743,-9.661832605043257,-0.0072547538532725,35.21329973990899,US
CRWV,"CoreWeave, Inc.",Technology,Software - Infrastructure,79.94000244140625,-4.297852735968691,-0.1491147489232531,35.90249856737901,US
CSB,VictoryShares US Small Cap High Div Volatility Wtd ETF,ETF,ETF,66.05259704589844,0.2899584888240701,0.0015811189556683,62.32272511123817,US
CSCO,"Cisco Systems, Inc.",Technology,Communication Equipment,117.08999633789062,4.74102815901053,-0.0113951639362543,51.04355728746004,US
CSD,Invesco S&P Spin-Off ETF,ETF,ETF,137.51699829101562,0.1361657740243702,0.052521271337532,44.69538944403993,US
CSHP,iShares Dynamic Short-Term Active ETF,ETF,ETF,99.293701171875,0.1782786126550951,0.0003090530519765,59.15665584914648,US
CSHR,CoinShares PLC,Financial Services,Capital Markets,4.389999866485596,11.704829310803486,0.0105460351258133,54.9496853324508,US
CSM,ProShares Large Cap Core Plus,ETF,ETF,86.05570220947266,0.426770635601822,-0.0125826803906508,56.79754041930555,US
CSMD,Congress SMID Growth ETF,ETF,ETF,34.77000045776367,-1.2215917495902724,-0.0091745245887013,47.22767995745716,US
CSNR,Cohen & Steers Natural Resources Active ETF,ETF,ETF,34.53390121459961,2.3529919876663405,0.0454596900802986,50.007091535840885,US
CSTK,Invesco Comstock Contrarian Equity ETF,ETF,ETF,32.93730163574219,-0.4975516540437783,-0.0072030631224839,58.83972600393141,US
CSTM,Constellium SE,Basic Materials,Aluminum,29.15999984741211,-2.213279189022473,0.061714553737335,37.45329122929195,US
CSV,"Carriage Services, Inc.",Consumer Cyclical,Personal Services,38.290000915527344,-1.7953340159152804,-0.0308097118617282,45.01503669100117,US
CSW,"CSW Industrials, Inc.",Industrials,Specialty Industrial Machinery,292.8500061035156,7.851805480081753,0.8817962833373492,60.64699102180927,US
CSWC,Capital Southwest Corporation,Financial Services,Asset Management,23.899999618530277,1.6588659542815596,0.007065169235121,58.40665584620095,US
CSX,CSX Corporation,Industrials,Railroads,49.91999816894531,2.90661697835232,0.0044608524300649,70.28834460249128,US
CTAP,Simplify US Equity PLUS Managed Futures Strategy ETF,EQUITY,EQUITY,27.5,3.695322493666984,0.0538678203239749,51.117752104281045,US
CTAS,Cintas Corporation,Industrials,Specialty Business Services,184.3300018310547,1.3749106169634464,0.0925074574650191,61.52889131287304,US
CTBI,"Community Trust Bancorp, Inc.",Financial Services,Banks - Regional,72.25,0.1524821337430545,-0.0086429538261125,60.23787251253677,US
CTEC,Global X ClimateTech ETF,ETF,ETF,58.94240188598633,-1.4687104395972992,0.1191801128908252,38.77400565955587,US
CTEF,Castellan Targeted Equity ETF,ETF,ETF,90.3479995727539,-0.432001653343813,-0.0214395578367172,51.95890451915554,US
CTEV,Claritev Corporation,Healthcare,Health Information Services,28.36000061035156,-10.30993087399574,-0.1826103292312133,44.39271567651705,US
CTEX,ProShares S&P Kensho Cleantech ETF,ETF,ETF,37.97420120239258,-2.329732100921895,0.0711286518580665,40.00471426330435,US
CTGO,Contango Silver & Gold Inc.,Basic Materials,Gold,17.110000610351562,2.8863588322805067,0.0278781773220841,50.3388257167442,US
CTIF,Castellan Targeted Income ETF,ETF,ETF,52.33000183105469,-0.1850121327124982,0.0003761481987189,57.62580125900075,US
CTKB,"Cytek Biosciences, Inc.",Healthcare,Medical Devices,4.619999885559082,1.31578823536055,-0.0020397245044345,59.07722068884154,US
CTMA,Corgi U.S. Equities 30% Structured Buffer ETF - May Series,ETF,ETF,25.45890045166016,0.2318930473011204,0.0001227943467492,54.27799637337068,US
CTNM,"Contineum Therapeutics, Inc.",Healthcare,Biotechnology,14.56999969482422,0.0686763387317455,-0.0691425336251424,53.88327888349091,US
CTRN,"Citi Trends, Inc.",Consumer Cyclical,Apparel Retail,63.18000030517578,10.783800907447134,0.3255101665440256,65.63480523109938,US
CTS,CTS Corporation,Technology,Electronic Components,60.04999923706055,1.5215514589427013,0.1288615215701387,42.63462714747752,US
CTVA,"Corteva, Inc.",Basic Materials,Agricultural Inputs,84.91000366210938,-2.121033242525216,-0.1470576747021652,59.85501267440959,US
CURE,Direxion Daily Healthcare Bull 3X Shares,ETF,ETF,110.62000274658205,-11.005631511915174,-0.7180490385442733,51.92171583547996,US
CUT,Invesco MSCI Global Timber ETF,ETF,ETF,27.82900047302246,-1.0700273612661486,0.0028836745025737,50.12383911094872,US
CUZ,Cousins Properties Incorporated,Real Estate,REIT - Office,31.049999237060547,0.9756072749936484,0.0193173780567146,70.9840991489184,US
CVBF,CVB Financial Corp.,Financial Services,Banks - Regional,22.59000015258789,0.9550253306745372,-0.0035331477581669,64.0900779196557,US
CVCO,"Cavco Industries, Inc.",Consumer Cyclical,Residential Construction,561.8300170898438,-2.952042825401093,0.4251810013714632,45.58749667688559,US
CVLC,Calvert US Large-Cap Core Responsible Index ETF,ETF,ETF,94.27050018310548,0.4662538756580986,0.0004852152220293,55.21332556656978,US
CVLT,"Commvault Systems, Inc.",Technology,Software - Application,148.6300048828125,-3.3112127878418858,-0.3435449743594585,66.5970968950969,US
CVNA,Carvana Co.,Consumer Cyclical,Auto & Truck Dealerships,70.37999725341797,4.28211510019897,0.2604206591795067,55.24484377198863,US
CVNY,YieldMax CVNA Option Income Strategy ETF,ETF,ETF,22.39550018310547,5.06785385181053,0.0631077794752225,57.518210090662976,US
CVRD,Madison Covered Call ETF,ETF,ETF,18.09000015258789,1.1349082138410156,0.006430562063209,56.04145365898951,US
CVRT,Calamos Convertible Equity Alternative ETF,ETF,ETF,49.03089904785156,0.2000702865376957,0.0327527269448115,42.97447488292924,US
CVS,CVS Health Corporation,Healthcare,Healthcare Plans,106.18000030517578,1.773218098008723,0.0712309745654948,65.87209751064668,US
CVSA,Covista Inc.,Consumer Defensive,Education & Training Services,132.11000061035156,-2.537810670570575,-0.1264101752663697,58.8595063259428,US
CVSB,Calvert Ultra-Short Investment Grade ETF,ETF,ETF,50.65999984741211,0.049375978488527,0.0005257477678112,66.3581043394527,US
CVSM,Cresalta Small And Mid-Cap ETF,ETF,ETF,26.01099967956543,-0.6455333217736448,0.0019354993166817,53.263734968283146,US
CVX,Chevron Corporation,Energy,Oil & Gas Integrated,181.75999450683597,4.453767165480568,0.2727904328249746,56.900191189743005,US
CW,Curtiss-Wright Corporation,Industrials,Aerospace & Defense,752.1699829101562,-1.8746569688599983,0.0326180645748133,49.49091596948168,US
CWB,State Street SPDR Bloomberg Convertible Securities ETF,ETF,ETF,104.13999938964844,0.2792498023961074,0.0252691571118798,44.22132867987911,US
CWCO,Consolidated Water Co. Ltd.,Utilities,Utilities - Regulated Water,28.88999938964844,0.7673502363761787,0.0042445263415521,41.127314991025976,US
CWEB,Direxion Daily CSI China Internet Bull 2X Shares,ETF,ETF,21.540000915527344,5.175788071210416,-0.0377010943098362,51.19496021822334,US
CWI,State Street SPDR MSCI ACWI ex-US ETF,ETF,ETF,40.209999084472656,0.1494335151023051,0.0065030303581084,50.02500800007411,US
CWST,"Casella Waste Systems, Inc.",Industrials,Waste Management,96.45999908447266,-2.5755004512061275,-0.1819855303626782,58.36954971684708,US
CWVX,Tradr 2X Long CRWV Daily ETF,ETF,ETF,16.1299991607666,-10.139284260814772,-0.0376187178604134,35.02916070171962,US
CXM,"Sprinklr, Inc.",Technology,Software - Application,5.679999828338623,3.8391233309282256,0.0015365786296417,63.934273186552346,US
CXRN,Teucrium 2x Daily Corn ETF,ETF,ETF,16.399999618530273,-2.711044212537267,-0.0237183462044654,51.580352099539496,US
CXSE,WisdomTree China ex-State-Owned Enterprises Fund,ETF,ETF,38.62570190429688,1.8610331472259949,0.0333456557571974,49.13202908061445,US
CYD,China Yuchai International Limited,Consumer Cyclical,Auto Manufacturers,45.45000076293945,-2.863860069178176,0.0373921198134317,43.23141755853549,US
CYH,"Community Health Systems, Inc.",Healthcare,Medical Care Facilities,3.190000057220459,-16.492143639582004,-0.0328908484533374,46.53964415131448,US
CZA,Invesco Zacks Mid-Cap ETF,ETF,ETF,123.18000030517578,-0.6693023278419863,-0.0592357409744157,61.99419974202147,US
CZNC,Citizens & Northern Corporation,Financial Services,Banks - Regional,22.93000030517578,-1.333904771925338,-0.0148189508434673,55.31173438451325,US
CZR,"Caesars Entertainment, Inc.",Consumer Cyclical,Resorts & Casinos,29.850000381469727,-1.6474464372833295,0.0008919457185197,54.49840761660271,US
D,"Dominion Energy, Inc.",Utilities,Utilities - Regulated Electric,71.30000305175781,2.1051141087746448,0.0527949025275329,67.17440467099414,US
DAC,Danaos Corporation,Industrials,Marine Shipping,129.58999633789062,3.754999803614867,0.0968253764896152,59.89107330295185,US
DAL,"Delta Air Lines, Inc.",Industrials,Airlines,85.51000213623047,-3.2820264028419013,-0.1351663694252876,48.96282832191218,US
DAMD,Defiance Daily Target 2X Short AMD ETF,ETF,ETF,1.4900000095367432,-12.352943073919434,-0.0075062992741775,36.9933701390061,US
DAO,"Youdao, Inc.",Consumer Defensive,Education & Training Services,13.949999809265137,6.896548700200389,-0.0149639005851235,63.71674939022071,US
DAR,DAR,N/A,N/A,61.83000183105469,6.182384195636388,-0.032526697975066,67.03230841368384,US
DASH,"DoorDash, Inc.",Consumer Cyclical,Internet Retail,187.7899932861328,-4.05171054828886,-0.5234419603299392,58.86501657319207,US
DAT,ProShares Big Data Refiners ETF,ETF,ETF,44.823001861572266,0.1743277048821561,-0.0175194434060349,62.38535135415659,US
DAVE,Dave Inc.,Technology,Software - Application,417.0,8.60506544437389,0.5482525469043118,73.48417414586095,US
DAX,Global X DAX Germany ETF,ETF,ETF,44.26950073242188,-1.906714636223022,-0.0147459683292039,49.28582334915042,US
DBAW,Xtrackers MSCI All World ex US Hedged Equity ETF,ETF,ETF,47.7223014831543,-0.1625476049087652,0.0028403330998766,50.21954822106662,US
DBCA,D. Boral Acquisition I Corp.,Financial Services,Shell Companies,9.989999771118164,-0.1998047682952553,-0.0005725586320382,55.95360255106173,US
DBE,Invesco DB Energy Fund,ETF,ETF,29.524999618530277,9.717576313437416,0.1058723248112045,58.72582839145039,US
DBEF,Xtrackers MSCI EAFE Hedged Equity ETF,ETF,ETF,54.65999984741211,-0.1643838403431792,-0.001288958230884,56.01196314187622,US
DBEU,Xtrackers MSCI Europe Hedged Equity ETF,ETF,ETF,53.45000076293945,-0.9818428747524915,-0.011918244087547,53.53631292329721,US
DBEZ,Xtrackers MSCI Eurozone Hedged Equity ETF,ETF,ETF,61.8755989074707,-0.7545019068591249,-0.0025630828181583,52.16092939805741,US
DBIN,"Dacotah Banks, Inc.",Financial Services,Banks - Regional,46.0,0.0,-0.0149023992861919,56.9271411054072,US
DBJP,Xtrackers MSCI Japan Hedged Equity ETF,ETF,ETF,115.04900360107422,0.8759320671504436,0.0343003917755204,54.89239497991126,US
DBMF,iMGP DBi Managed Futures Strategy ETF,ETF,ETF,31.020000457763672,1.1082143064077217,0.0074642975023455,59.410569020144926,US
DBND,DoubleLine Opportunistic Core Bond ETF,ETF,ETF,45.15499877929688,-0.2319919269337949,0.0009173967067874,44.93367243385871,US
DBO,Invesco DB Oil Fund,ETF,ETF,19.979999542236328,10.386735475935636,0.0906833329486905,56.99722257741134,US
DBP,Invesco DB Precious Metals Fund,ETF,ETF,93.3196029663086,-1.6238642569383173,0.014781429383389,40.611341762451616,US
DBX,"Dropbox, Inc.",Technology,Software - Infrastructure,29.96999931335449,3.8821452931561753,0.007941655760019,67.6650323719667,US
DC,Dakota Gold Corp.,Basic Materials,Gold,4.380000114440918,4.285721746432066,0.001742021035465,42.77496639888407,US
DCH,Dauch Corporation,Consumer Cyclical,Auto Parts,5.170000076293945,-0.1930454126652924,0.0151305273697198,40.29707856808201,US
DCOM,"Dime Commercial Bancshares, Inc.",Financial Services,Banks - Regional,39.880001068115234,0.605453284970208,0.0096091671622398,55.04390300878584,US
DCOR,Dimensional US Core Equity 1 ETF,ETF,ETF,82.58999633789062,0.4989000136192768,-0.0016558639360054,59.14097663587141,US
DCRE,DCRE,N/A,N/A,51.560001373291016,-0.0678357332765509,-0.0024633058926337,54.606335565303645,US
DCTH,"Delcath Systems, Inc.",Healthcare,Medical Devices,13.140000343322754,-2.232137250200651,-0.0145630761915909,59.6354459164256,US
DDD,3D Systems Corporation,Technology,Computer Hardware,2.970000028610229,3.484325680788911,0.0001059527639729,48.37120905207141,US
DDDD,YieldMax U.S. Stocks Target Double Distribution ETF,EQUITY,EQUITY,31.73730087280273,-0.8828843876308979,-0.0056573179377787,43.97351226842089,US
DDFF,Innovator Equity Dual Directional 15 Buffer ETF - February,ETF,ETF,20.034799575805664,0.4754214604263909,0.0015594075747883,59.563326165237385,US
DDFJ,Innovator Equity Dual Directional 15 Buffer ETF - January,ETF,ETF,19.799999237060547,0.1112314656013751,-0.0020333025972384,58.46557141549807,US
DDFL,Innovator Equity Dual Directional 15 Buffer ETF - July,ETF,ETF,21.309999465942383,0.329565421744511,0.0010305588977144,66.73160228549946,US
DDFY,Innovator Equity Dual Directional 15 Buffer ETF - May,ETF,ETF,20.170000076293945,0.2485051440109777,0.0036551080438118,61.723162040736746,US
DDI,"DoubleDown Interactive Co., Ltd.",Communication Services,Electronic Gaming & Multimedia,11.329999923706056,-0.7011386921639564,-0.0027249390361724,46.49511755867197,US
DDIV,First Trust Dorsey Wright Momentum & Dividend ETF,ETF,ETF,46.624698638916016,1.5523172799260192,0.0179515780623322,70.7093784871843,US
DDL,Dingdong (Cayman) Limited,Consumer Defensive,Grocery Stores,2.299999952316284,12.745097810055189,0.0091770257035649,58.73212984591038,US
DDM,ProShares Ultra Dow30,ETF,ETF,65.91999816894531,-1.6266287606873857,-0.0392625449464825,58.869739846840304,US
DDNQ,Innovator Growth-100 Dual Directional 5 Buffer ETF,ETF,ETF,20.57430076599121,1.2365340369710105,0.0081274637183625,50.248819505094666,US
DDOG,"Datadog, Inc.",Technology,Software - Application,270.7300109863281,5.420354955051306,0.2801731798458373,66.68123234696347,US
DDSQ,Innovator Equity Dual Directional 5 Buffer ETF,ETF,ETF,21.13999938964844,0.2370755651910776,0.0002575559999567,61.05849638841372,US
DDTD,Innovator Equity Dual Directional 10 Buffer ETF - December,ETF,ETF,20.44499969482422,0.3928304670030556,0.0002646933051838,61.931616226930615,US
DDTF,Innovator Equity Dual Directional 10 Buffer ETF - February,ETF,ETF,20.270000457763672,-0.1969424383579371,-0.0052091638731271,55.92620745027843,US
DDTJ,DDTJ,N/A,N/A,20.190000534057617,0.3479109935608027,0.0002004433583736,61.20840741518665,US
DDTL,Innovator Equity Dual Directional 10 Buffer ETF - July,ETF,ETF,22.075000762939453,0.340912558815696,0.0010794348301716,63.6477894632083,US
DDTO,Innovator Equity Dual Directional 10 Buffer ETF - October,ETF,ETF,23.075000762939453,0.5446622912616841,0.0012755668584259,62.6597442825796,US
DDTS,Innovator Equity Dual Directional 10 Buffer ETF - September,ETF,ETF,22.65999984741211,0.243310357396893,-0.0011787129463299,67.37137128010392,US
DDTY,Innovator Equity Dual Directional 10 Buffer ETF - May,ETF,ETF,20.313899993896484,0.4643950728523248,-0.000635699741991,59.468711968020585,US
DDX,EA Series Trust - Defined Duration 10 ETF,ETF,ETF,25.02400016784668,-0.8086271913755303,-0.0059115872916537,48.96930008615543,US
DDXX,Defined Duration 20 ETF,ETF,ETF,27.811599731445312,-0.2238674630169801,-0.0019986887826916,51.93621620363282,US
DE,Deere & Company,Industrials,Farm & Heavy Construction Machinery,584.4000244140625,-3.1825121193632144,-0.4814168598883022,45.75501396138719,US
DEA,DEA,N/A,N/A,24.700000762939453,-1.0020039773760174,-0.0228642045149014,54.40999754054294,US
DECM,FT Vest U.S. Equity Max Buffer ETF - December,ETF,ETF,33.83000183105469,0.2073563773752734,0.0002634522292354,66.54647506294455,US
DECO,State Street Galaxy Digital Asset Ecosystem ETF,ETF,ETF,76.3656997680664,1.126531662972618,0.1144347875685496,49.077100902184725,US
DECP,PGIM S&P 500 Buffer 12 ETF - Dec,ETF,ETF,32.721900939941406,0.4386334158783634,-0.0009108804392471,57.08720589877245,US
DECW,Allianzim U.S. Equity Buffer20 Dec ETF,ETF,ETF,35.83700180053711,0.3556502921325365,0.0002512929059189,62.520344630850026,US
DEED,First Trust Securitized Plus ETF,ETF,ETF,21.3700008392334,-0.0701397684727627,0.0009926494290194,53.127107076029496,US
DEEF,Xtrackers FTSE Developed ex US Multifactor ETF,ETF,ETF,39.09000015258789,-0.0025567283869356,0.0068166146051026,53.302504161207736,US
DEEP,Acquirers Small and Micro Deep Value ETF,ETF,ETF,42.28919982910156,-0.5077078781102615,-0.0150441570256056,57.91993344132876,US
DEI,"Douglas Emmett, Inc.",Real Estate,REIT - Office,12.470000267028809,2.296970437112218,0.022250533704699,60.62636877600471,US
DELL,Dell Technologies Inc.,Technology,Computer Hardware,457.5400085449219,9.648200221290471,1.617234263981743,63.19828278183834,US
DEM,WisdomTree Emerging Markets High Dividend Fund,ETF,ETF,53.83000183105469,0.8619128880947062,0.0048254631019033,49.94487703826404,US
DEMZ,Democratic Large Cap Core ETF,ETF,ETF,47.23979949951172,0.6880228571242726,-0.0127044954293724,56.59858853724439,US
DESK,Vaneck Office And Commercial REIT ETF,ETF,ETF,42.060001373291016,-0.1187348286294158,0.0188369570944583,63.26407341604951,US
DFAE,Dimensional Emerging Core Equity Market ETF,ETF,ETF,38.70000076293945,-0.0516540731744033,0.0121667601281108,46.03055554978998,US
DFAI,Dimensional International Core Equity Market ETF,ETF,ETF,41.540000915527344,-0.0240633494988975,0.0062200052626472,53.88402510275196,US
DFAS,Dimensional U.S. Small Cap ETF,ETF,ETF,80.86000061035156,-0.0864941240087231,-0.0062758150113967,54.46871019903576,US
DFAT,Dimensional U.S. Targeted Value ETF,ETF,ETF,69.70999908447266,0.519106875663309,0.0079873564573889,59.51657314768205,US
DFAU,Dimensional US Core Equity Market ETF,ETF,ETF,51.970001220703125,0.5028082398642733,-0.0032648301347458,56.87558317675629,US
DFAX,Dimensional World ex U.S. Core Equity 2 ETF,ETF,ETF,36.630001068115234,0.1640726655502479,0.0099958831836155,49.060503142509255,US
DFCA,Dimensional California Municipal Bond ETF,ETF,ETF,50.0713996887207,-0.0969657705502168,0.0004593349615562,52.32806186311412,US
DFCF,Dimensional Core Fixed Income ETF,ETF,ETF,41.93000030517578,-0.1904261355716766,0.0034296500351655,45.08811842698911,US
DFE,WisdomTree Europe SmallCap Dividend Fund,ETF,ETF,73.38009643554688,-0.0543472274496934,0.003991034741248,51.11377079510161,US
DFEM,Dimensional Emerging Markets Core Equity 2 ETF,ETF,ETF,39.150001525878906,-0.0765665621827779,0.0078801427569127,45.821263819354144,US
DFGP,Dimensional Global Core Plus Fixed Income ETF,ETF,ETF,54.07500076293945,-0.2766209597096201,0.0017425973892018,45.67066576402137,US
DFGR,Dimensional Global Real Estate ETF,ETF,ETF,29.32999992370605,-0.4412734718485433,0.0021618549199617,55.6315405245753,US
DFH,"Dream Finders Homes, Inc.",Consumer Cyclical,Residential Construction,15.75,-4.948700723756517,-0.0027784622026913,50.33038383306019,US
DFIC,Dimensional International Core Equity 2 ETF,ETF,ETF,37.56499862670898,0.013304721073632,0.0087055388459984,52.72670546336541,US
DFIS,Dimensional International Small Cap ETF,ETF,ETF,35.43000030517578,-0.0564187795013561,0.0129595629416288,50.235824771616265,US
DFIV,Dimensional International Value ETF,ETF,ETF,55.77999877929688,0.941007009696276,0.0221656440710931,61.82937407109768,US
DFLV,Dimensional US Large Cap Value ETF,ETF,ETF,40.02999877929688,0.3761226358179976,0.0031763517635866,61.05009233007576,US
DFMC,DFA US Micro Cap Portfolio ETF Class,EQUITY,EQUITY,60.02000045776367,0.1334698580040325,-0.0078220349498299,58.67959952097876,US
DFP,Flaherty & Crumrine Dynamic Preferred and Income Fund Inc.,Financial Services,Asset Management,20.979999542236328,1.254827401052374,0.0057974350272498,71.76065752100486,US
DFSB,Dimensional Global Sustainability Fixed Income ETF,ETF,ETF,51.619998931884766,-0.4051763298300631,0.0004884394164027,42.31853697388815,US
DFSD,Dimensional Short-Duration Fixed Income ETF,ETF,ETF,47.650001525878906,-0.0838689494272234,0.0014069178535324,49.76125354843819,US
DFSE,Dimensional Emerging Markets Sustainability Core 1 ETF,ETF,ETF,47.43870162963867,0.0394421371057918,0.0120744654875927,46.10358919614974,US
DFSV,Dimensional US Small Cap Value ETF,ETF,ETF,38.93000030517578,0.933369492351517,0.0108457086963472,60.51932760313912,US
DFTX,"Definium Therapeutics, Inc.",Healthcare,Biotechnology,45.97999954223633,3.3723021929792587,-0.152142366099369,67.93939522769242,US
DFUS,Dimensional U.S. Equity Market ETF,ETF,ETF,82.20999908447266,0.5258013103378018,-0.0038199020181463,56.22934203310799,US
DFUV,Dimensional US Marketwide Value ETF,ETF,ETF,55.119998931884766,0.3824423330107757,0.0121140838106363,58.946619967421896,US
DFVE,Doubleline Fortune 500 Equal Weight ETF,ETF,ETF,36.003501892089844,-0.1843576470667864,-0.0085918190712341,60.14244737699788,US
DFVX,Dimensional US Large Cap Vector ETF,ETF,ETF,82.83879852294922,0.0468544320791334,-0.0116912864378973,57.884508483023,US
DG,Dollar General Corporation,Consumer Defensive,Discount Stores,120.13999938964844,4.080394240682908,-0.0206871856625157,58.72948156023271,US
DGAP,FT Vest U.S. Equity Buffer & Digital Return ETF - April,ETF,ETF,30.559999465942383,-0.0327125580034895,-0.003161791680324,60.06841934750416,US
DGCB,Dimensional Global Credit ETF,ETF,ETF,54.130001068115234,-0.43226451411045,-0.0024201877121205,41.5963196132906,US
DGJA,FT Vest U.S. Equity Buffer & Digital Return ETF - January,ETF,ETF,31.684999465942383,0.0631566393078249,-0.0009189012573958,65.46041835865975,US
DGLO,First Trust RBA Deglobalization ETF,ETF,ETF,23.77899932861328,0.2740938887792342,0.0101870092732833,54.73350165635699,US
DGOC,FT Vest U.S. Equity Buffer & Digital Return ETF October,ETF,ETF,32.560001373291016,0.0922305414079364,-0.0009462490484717,68.96486767691468,US
DGP,DB Gold Double Long ETN,ETF,ETF,131.5749969482422,-3.805382276288279,-0.0577489541441407,39.33737967734359,US
DGRE,WisdomTree Emerging Markets Quality Dividend Growth Fund,ETF,ETF,38.9193000793457,-0.7667035492051191,0.0079203405094334,45.98827209988695,US
DGRW,WisdomTree U.S. Quality Dividend Growth Fund,ETF,ETF,96.26000213623048,-0.0830332205739294,-0.0329054544627424,53.705070253438976,US
DGT,State Street SPDR Global Dow ETF,ETF,ETF,184.8500061035156,-0.4148200807708015,-0.0094865561660392,51.46782139882591,US
DGX,Quest Diagnostics Incorporated,Healthcare,Diagnostics & Research,206.0,-2.6096842667186064,-0.2461119600859271,52.9015994326496,US
DHI,"D.R. Horton, Inc.",Consumer Cyclical,Residential Construction,149.99000549316406,-3.6796787070518295,0.0810530852246931,44.63942612390977,US
DHLX,Diamond Hill Large Cap Concentrated ETF,ETF,ETF,13.279999732971191,-0.9841930540624272,-0.0074510562087676,56.16509677476044,US
DHR,Danaher Corporation,Healthcare,Diagnostics & Research,199.0500030517578,2.5027038206140357,-0.0938028903779519,62.89189390738514,US
DIEM,Franklin Emerging Market Core Dividend Tilt Index ETF,ETF,ETF,41.86899948120117,0.1028051149010414,0.0207140304155486,47.2416173007374,US
DIG,ProShares Ultra Energy,ETF,ETF,56.209999084472656,8.304426651017833,0.1494249434383672,58.11398790260972,US
DIHP,Dimensional International High Profitability ETF,ETF,ETF,33.994998931884766,-0.3371494471093519,0.0014742065176398,50.93688986388031,US
DIM,WisdomTree International MidCap Dividend Fund,ETF,ETF,86.07430267333984,0.1213230791621776,0.0193418708741741,53.922565645002734,US
DIN,"Dine Brands Global, Inc.",Consumer Cyclical,Restaurants,35.68000030517578,0.7340546292247613,-0.0146962009692508,59.348920967231685,US
DINE,Simplify Tax Aware Diversified Income Strategy ETF,ETF,ETF,25.29490089416504,0.1381657362112701,0.0001984617148395,53.63816856773956,US
DIOD,Diodes Incorporated,Technology,Semiconductors,95.12999725341795,3.887733504923197,0.3463374173729832,43.34923144707794,US
DIPR,Corgi Space & Satellite Communi,ETF,ETF,22.945600509643555,-6.876619001527737,-0.0115232418140985,34.670052756140194,US
DIPS,YieldMax Short NVDA Option Income Strategy ETF,ETF,ETF,37.28680038452149,-6.330075022103375,-0.0662346273379393,42.90595096211098,US
DIS,The Walt Disney Company,Communication Services,Entertainment,95.87000274658205,-1.6516214145545018,0.0290627903426397,41.01345150453161,US
DISV,Dimensional International Small Cap Value ETF,ETF,ETF,41.06999969482422,0.4893583757434903,0.0222714137032258,52.48386263045023,US
DIV,Global X SuperDividend U.S. ETF,ETF,ETF,19.440000534057617,0.7253953499036147,0.002920206265758,61.63043541683114,US
DIVD,Altrius Global Dividend ETF,ETF,ETF,43.13740158081055,-1.038308259217736,-0.0177077856495796,55.94854913937999,US
DIVI,Franklin International Core Dividend Tilt Index ETF,ETF,ETF,42.86000061035156,0.2807649208521751,0.0116468990228035,53.57528056198318,US
DIVL,Madison Dividend Value ETF,ETF,ETF,24.86199951171875,0.3673634637592978,0.0030518299545094,57.19237407605456,US
DIVN,Horizon Dividend Income ETF,ETF,ETF,29.303199768066406,-1.0862455086366034,-0.0167357352218376,51.58171211910157,US
DIVO,Amplify CWP Enhanced Dividend Income ETF,ETF,ETF,46.310001373291016,-0.3228534527280505,-0.0164397023956881,55.97274236669365,US
DIVP,Cullen Enhanced Equity Income ETF,ETF,ETF,26.828500747680664,-2.33882970406415,-0.0351070692466615,48.25570289306602,US
DIVY,Tidal ETF Trust - Sound Equity Income ETF,ETF,ETF,29.19879913330078,-2.0634603197390438,-0.0314251921990385,53.635465022048365,US
DIVZ,Polen Dividend Income ETF,ETF,ETF,38.04999923706055,-0.8598275713151073,-0.0132317978779068,54.26846156994311,US
DJAN,FT Vest U.S. Equity Deep Buffer ETF - January,ETF,ETF,45.709999084472656,0.2522159462456921,-0.002950722220756,58.95432124646442,US
DJD,DJD,N/A,N/A,63.869998931884766,-1.4655982218637826,-0.0518920228383754,55.26724494959084,US
DJIA,Global X Dow 30 Covered Call ETF,ETF,ETF,22.31999969482422,0.1345840200301547,-0.0002189012893139,68.78566839273739,US
DJP,iPath Bloomberg Commodity Index Total Return(SM) ETN,ETF,ETF,46.59000015258789,3.579370001637657,0.0607799274252687,58.02448691483154,US
DJT,Trump Media & Technology Group Corp.,Communication Services,Internet Content & Information,9.029999732971191,11.070105853155509,0.0231780050704249,59.79913378523961,US
DJTU,T-Rex 2X Long DJT Daily Target ETF,ETF,ETF,12.720000267028809,21.14285968598865,0.0617784636777447,56.99308845358913,US
DKNX,Defiance Daily Target 2X Long DKNG ETF,ETF,ETF,19.34720039367676,-12.712837380830514,-0.127228286284524,43.695716877999615,US
DKS,"DICK'S Sporting Goods, Inc.",Consumer Cyclical,Specialty Retail,211.3699951171875,-5.270474390838354,-0.2392303412906189,39.01884949129595,US
DLB,"Dolby Laboratories, Inc.",Industrials,Specialty Business Services,48.5099983215332,-1.622395111493827,-0.0398073100107205,30.117667551163848,US
DLFE,FT Vest U.S. Equity Dual Directional Buffer ETF - February,ETF,ETF,31.864999771118164,0.2990220710912111,-0.000383286283907,60.99062014219372,US
DLMY,FT Vest U.S. Equity Dual Directional Buffer ETF - May,ETF,ETF,30.020000457763672,0.3677720190997595,-0.0022572578678214,57.1107256762124,US
DLN,WisdomTree U.S. LargeCap Dividend Fund,ETF,ETF,97.6500015258789,-0.1227320459318127,-0.0265313540060031,61.13407386672285,US
DLNV,FT Vest U.S. Equity Dual Directional Buffer ETF November,ETF,ETF,33.012001037597656,0.0060669983831738,-0.0043285898772213,60.37996076139763,US
DLR,"Digital Realty Trust, Inc.",Real Estate,REIT - Specialty,173.11000061035156,-1.02343816386422,-0.1559269355518115,36.66675697783237,US
DLS,WisdomTree International SmallCap Dividend Fund,ETF,ETF,84.54000091552734,-0.294846087157216,0.0081137598357517,49.86580341396512,US
DLTR,"Dollar Tree, Inc.",Consumer Defensive,Discount Stores,124.55999755859376,1.557273549900314,-0.1068860211355149,61.27604608555674,US
DLUX,DoubleLine Ultrashort Income ETF,EQUITY,EQUITY,50.275001525878906,-0.0099388495212661,-0.0016902727017188,68.77764583866373,US
DMBS,Doubleline Etf Trust - Mortgage ETF,ETF,ETF,48.650001525878906,-0.1641658467246326,0.0046204735051718,47.3311996533764,US
DMII,Drugs Made In America Acquisition II Corp.,Financial Services,Shell Companies,10.095000267028809,0.0,-0.0001538961528641,57.127972942724256,US
DMLP,"Dorchester Minerals, L.P.",Energy,Oil & Gas E&P,27.1200008392334,4.9941963582563424,0.0337793494092012,61.04989141669888,US
DMRA,"Damora Therapeutics, Inc.",Healthcare,Biotechnology,30.989999771118164,3.299999237060547,0.0381391406624913,63.43065208271683,US
DNA,"Ginkgo Bioworks Holdings, Inc.",Healthcare,Biotechnology,9.039999961853027,-3.211993424344221,-0.0175369366423217,48.05760295707271,US
DNL,WisdomTree Global ex-U.S. Quality Growth Fund,ETF,ETF,45.43000030517578,-0.4601206995640011,-0.003970631656753,50.378200542268495,US
DNLI,Denali Therapeutics Inc.,Healthcare,Biotechnology,22.649999618530277,-13.91106013570956,-0.2792581116921717,42.86407996490177,US
DNP,DNP Select Income Fund Inc.,Financial Services,Asset Management,11.109999656677246,1.4611858465671252,0.0044766800507775,73.07952171074538,US
DNTH,"Dianthus Therapeutics, Inc.",Healthcare,Biotechnology,101.27999877929688,5.764407393405784,0.0295773999570547,64.25622950497278,US
DNUT,"Krispy Kreme, Inc.",Consumer Defensive,Grocery Stores,3.3299999237060547,0.3012045380823059,-0.0033397539274463,42.79271644225056,US
DOGG,FT Vest DJIA Dogs 10 Target Income ETF,ETF,ETF,21.450000762939453,-1.6054976438993975,-0.0166715802119739,49.93875322528144,US
DOL,WisdomTree True Developed International Fund,ETF,ETF,74.09809875488281,-0.2985750011471809,0.0062324435824861,51.65368942629,US
DOLE,Dole plc,Consumer Defensive,Farm Products,14.100000381469728,-0.7042213319620123,-0.0062837651768537,50.221104975862936,US
DON,WisdomTree U.S. MidCap Dividend Fund,ETF,ETF,56.63999938964844,-0.0529359101220407,0.0105507262222064,58.38571518983209,US
DORM,"Dorman Products, Inc.",Consumer Cyclical,Auto Parts,138.6199951171875,-0.730452790689822,-0.0873611628636026,63.816662838088654,US
DOV,Dover Corporation,Industrials,Specialty Industrial Machinery,214.1499938964844,0.0467137786970199,0.1671649500654577,45.19327761663227,US
DOW,Dow Inc.,Basic Materials,Chemicals,30.309999465942383,5.831005977247142,0.0888375028573491,47.75727968121723,US
DOX,Amdocs Limited,Technology,Software - Infrastructure,51.959999084472656,-0.631099302499141,-0.0081261213092451,41.8794524545752,US
DPG,Duff & Phelps Utility and Infrastructure Fund Inc.,Financial Services,Asset Management,14.880000114440918,0.9497988161239544,0.004694606336398,66.47547528171401,US
DPRE,Virtus Duff & Phelps Real Estat,EQUITY,EQUITY,26.32999992370605,-0.2273568295947661,0.0016230218910788,55.83302691516451,US
DPST,DPST,N/A,N/A,141.25,-0.7239238038612844,-0.0796289535957672,57.99085816215265,US
DRAI,Draco Evolution AI ETF,ETF,ETF,33.60409927368164,-0.0443207940434486,0.0063390816032531,45.57423698792764,US
DRAM,Roundhill Memory ETF,ETF,ETF,61.22999954223633,1.0562789041701333,0.1944461334184888,47.19785340812941,US
DRAY,YieldMax DKNG Option Income Strategy ETF,EQUITY,EQUITY,16.00589942932129,-4.083313788126299,-0.0379826284721135,45.910294127554174,US
DRGN,Themes China Generative Artificial Intelligence ETF,ETF,ETF,37.452598571777344,4.835829731127098,-0.0121289214085565,52.53498575018381,US
DRI,"Darden Restaurants, Inc.",Consumer Cyclical,Restaurants,195.7400054931641,-3.509473442085865,-0.1538626341869828,40.466125042197085,US
DRLL,Strive U.S. Energy ETF,ETF,ETF,36.18539810180664,4.521661519983913,0.0512175383551056,60.54023756779994,US
DRNZ,REX Drone ETF,ETF,ETF,20.90999984741211,-5.170065438063068,0.0045678802713475,36.811273935449066,US
DRV,Direxion Daily Real Estate Bear 3X Shares,ETF,ETF,18.56999969482422,2.9950027044573457,0.0020201539703882,48.06993969465102,US
DSCO,DoubleLine Securitized Credit ETF,ETF,ETF,24.81800079345703,0.2342510663935265,0.0014636607411244,58.40042314442493,US
DSGR,"Distribution Solutions Group, Inc.",Industrials,Industrial Distribution,27.59000015258789,2.412767652727186,0.0223225312657857,53.05878054862302,US
DSI,iShares ESG MSCI KLD 400 ETF,ETF,ETF,142.2899932861328,0.5369847476795924,0.0130765518532952,54.37579784117362,US
DSL,DoubleLine Income Solutions Fund,Financial Services,Asset Management,10.93000030517578,-0.3646304546887783,-0.0071828839475057,51.92300994998913,US
DSPY,Tema S&P 500 Historical Weight ETF Strategy,ETF,ETF,65.75630187988281,0.2535532112785233,-0.0058250304815871,56.75393427723061,US
DSU,"BlackRock Debt Strategies Fund, Inc.",Financial Services,Asset Management,9.720000267028809,0.3096046227519144,0.0008929409564213,53.86965407709216,US
DTAN,Sparkline International Intangible Value ETF,ETF,ETF,31.875999450683597,-1.465221161653789,-0.0118830313908642,50.72656189811832,US
DTCR,Global X Data Center & Digital Infrastructure ETF,ETF,ETF,28.530000686645508,0.9554156248297916,0.0272063275814516,39.15251978271581,US
DTE,DTE Energy Company,Utilities,Utilities - Regulated Electric,149.07000732421875,-3.1006169573712032,-0.1362877607793144,50.038976608183816,US
DTEC,ALPS Disruptive Technologies ETF,ETF,ETF,48.77289962768555,-0.7975211645281653,-0.0216522836632156,55.011538911102384,US
DTH,WisdomTree International High Dividend Fund,ETF,ETF,55.40999984741211,0.9289586654980306,0.023227913799883,58.75351394661251,US
DUG,ProShares UltraShort Energy ETF,ETF,ETF,18.520000457763672,-8.134917668955044,-0.05540619571673,40.17372387002645,US
DUHP,Dimensional US High Profitability ETF,ETF,ETF,41.470001220703125,-0.0722862151731927,-0.0177465826772186,54.336942228542334,US
DUK,Duke Energy Corporation,Utilities,Utilities - Regulated Electric,126.37000274658205,-1.442831427630951,-0.0167663984391452,51.41700904761682,US
DUKH,Ocean Park High Income ETF,ETF,ETF,23.87929916381836,-0.1116915140858246,-0.000575560313294,51.36471837989322,US
DUKX,Ocean Park International ETF,ETF,ETF,28.15819931030273,0.2249510535428314,0.0044869029021483,48.91452444869461,US
DUOG,Leverage Shares 2X Long DUOL Daily ETF,ETF,ETF,47.49259948730469,-6.111418964227937,-0.0897121141323891,53.35681979858685,US
DUOL,"Duolingo, Inc.",Technology,Software - Application,128.35000610351562,-2.7282993012411136,-0.1227260968546128,55.07215490477808,US
DUSG,U.S. Small Cap Growth Portfolio: ETF Class Shares,ETF,ETF,51.36759948730469,-0.4310925850463424,-0.0046895855158897,50.122905259379294,US
DUSL,Direxion Daily Industrials Bull 3X Shares,ETF,ETF,95.83000183105467,-3.775474088862264,-0.1459749961450884,49.61619454192248,US
DUST,Direxion Daily Gold Miners Index Bear 2X Shares,ETF,ETF,63.619998931884766,1.9224620284216345,-0.0967603019334433,54.85989288024393,US
DV,"DoubleVerify Holdings, Inc.",Communication Services,Advertising Agencies,11.600000381469728,1.3986084524057727,-0.0255490141754908,60.22827301556556,US
DVAL,BrandywineGLOBAL Dynamic U.S. Large Cap Value ETF,ETF,ETF,15.899399757385254,0.1095566549317848,-0.0024561665295621,61.20784378748611,US
DVDN,Kingsbarn Dividend Opportunity ETF,ETF,ETF,15.84980010986328,0.5748841039504325,0.0080506955439348,49.001512122806176,US
DVN,Devon Energy Corporation,Energy,Oil & Gas E&P,43.400001525878906,2.334359071041608,0.0443622886271062,51.34114380129786,US
DVOL,First Trust Dorsey Wright Momentum & Low Volatility ETF,ETF,ETF,37.1702995300293,-0.4011258467820493,-0.0073344562516074,61.74211522878119,US
DVVY,Invesco Diversified Dividend Op,ETF,ETF,26.940000534057617,-0.1112301819081648,-0.005487702088573,61.41048704699701,US
DVXK,WEBs Technology XLK Defined Volatility ETF,ETF,ETF,37.03499984741211,2.013549404237273,0.0230102583301783,51.26490163834831,US
DVY,iShares Select Dividend ETF,ETF,ETF,159.47999572753906,-0.2064963619899271,-0.0485471301147291,59.72413782644037,US
DVYA,iShares Asia/Pacific Dividend ETF,ETF,ETF,49.310001373291016,2.9866338205411247,0.0394064876365589,63.47038288388865,US
DWAW,AdvisorShares Dorsey Wright FSM All Cap World ETF,ETF,ETF,50.45320129394531,0.7170509666503755,0.0210418116422533,50.90351384048444,US
DWLD,Davis Select Worldwide ETF,ETF,ETF,47.27999877929688,-0.1899939932810753,-0.0056064626832541,53.72042984760939,US
DWM,WisdomTree International Equity Fund,ETF,ETF,73.60530090332031,-0.5199310333236166,-0.0013317585355175,53.2477855342457,US
DWX,State Street SPDR S&P International Dividend ETF,ETF,ETF,46.98740005493164,0.3789760231492872,0.0067964026654984,62.0578458339968,US
DXC,DXC Technology Company,Technology,Information Technology Services,9.15999984741211,-9.842519832859187,-0.0422787495860947,47.78635127683977,US
DXCM,"DexCom, Inc.",Healthcare,Medical Devices,74.12000274658203,0.7475914829948085,-0.0739521037828693,55.985962808073225,US
DXIV,Dimensional International Vector Equity ETF,ETF,ETF,70.80500030517578,-0.0550525998945686,0.0179096844185017,51.22996373220106,US
DXJ,WisdomTree Japan Hedged Equity Fund,ETF,ETF,176.97000122070312,0.7916615646159478,0.0642383137781723,57.50448117799789,US
DYFI,IDX Dynamic Fixed Income ETF,ETF,ETF,22.71999931335449,-0.153811684038446,4.228749994547934e-05,49.21546590013103,US
DYLG,Global X Dow 30 Covered Call & Growth ETF,ETF,ETF,28.063100814819336,-0.3193232106708003,-0.005404288774705,64.65197012030569,US
DYNB,Hartford Dynamic Bond ETF,ETF,ETF,39.09000015258789,-0.2933341999634925,-0.0001766697376237,45.155264748269936,US
EA,Electronic Arts Inc.,Communication Services,Electronic Gaming & Multimedia,206.6499938964844,0.5889755844523161,-0.0009010565120219,70.54245301387961,US
EACO,EACO Corporation,Technology,Electronics & Computer Distribution,101.01000213623048,0.0,-0.0294263959374228,58.95616914812791,US
EAFG,Pacer Developed Markets Cash Cows Growth Leaders ETF,ETF,ETF,25.256000518798828,-3.1409404417148656,-0.010431523206736,43.87763141705492,US
EAGG,iShares ESG U.S. Aggregate Bond ETF,ETF,ETF,46.91999816894531,-0.2338945634844157,0.0025470935929985,43.47905557537904,US
EAGL,Eagle Capital Select Equity ETF,ETF,ETF,33.31999969482422,-0.20964269572859,-0.0162173165215278,59.30757261354698,US
EALT,Innovator U.S. Equity 5 To 15 Buffer ETF - Quarterly,ETF,ETF,36.00749969482422,0.4393339676620065,0.0017529073759172,63.38401740886256,US
EAOR,iShares ESG Aware 60/40 Balanced Allocation ETF,ETF,ETF,37.33700180053711,-1.0232425220384396,-0.0158453497171604,49.41882237706987,US
EASG,Xtrackers MSCI EAFE Selection Equity ETF,ETF,ETF,38.28559875488281,-0.00365657779987,-0.0002484556798966,53.73038052466088,US
EASY,Liberty One Defensive Dividend Growth ETF,ETF,ETF,27.10140037536621,-1.6996711086144085,-0.0239052409821747,53.46362631826661,US
EAT,"Brinker International, Inc.",Consumer Cyclical,Restaurants,185.3300018310547,5.7216192839058255,-0.1954616356777982,69.34292498782567,US
EBAY,eBay Inc.,Consumer Cyclical,Internet Retail,112.54000091552734,-1.891725382498976,-0.3202617847228877,51.9593993313573,US
EBC,"Eastern Bankshares, Inc.",Financial Services,Banks - Regional,22.440000534057617,-0.3552394408521206,-0.0049949103032186,62.71830741929941,US
EBF,"Ennis, Inc.",Industrials,Business Equipment & Supplies,21.020000457763672,0.3335610606655416,-0.0078972068345255,53.11174816967797,US
EBI,Longview Advantage ETF,ETF,ETF,65.24369812011719,0.8309844956076096,0.0021171305379715,60.75111382118275,US
EBIZ,Global X E-commerce ETF,ETF,ETF,29.1200008392334,2.0715816345768907,-0.0009722022500472,65.98363669713152,US
EBS,Emergent BioSolutions Inc.,Healthcare,Drug Manufacturers - Specialty & Generic,7.5,-9.529553262825855,-0.0372183564551415,36.95749881970832,US
EBUF,Innovator Emerging Markets 10 Buffer ETF - Quarterly,ETF,ETF,31.31060028076172,0.3673584382387338,0.0076916470013862,47.271013134287465,US
ECC,Eagle Point Credit Company,Financial Services,Asset Management,3.759999990463257,-1.304262578281695,-0.0037319826597771,49.19383792468134,US
ECG,"Everus Construction Group, Inc.",Industrials,Engineering & Construction,138.27999877929688,3.634869496920796,0.484568749591745,44.201660199444056,US
ECH,iShares MSCI Chile ETF,ETF,ETF,40.0099983215332,0.3008246019575164,0.0247391691682239,51.21120959580358,US
ECHO,EchoStar Corporation,Communication Services,Telecom Services,94.5,-3.482793927653612,0.1100225918235926,34.89475804368237,US
ECL,Ecolab Inc.,Basic Materials,Specialty Chemicals,269.75,-4.70891168735544,-0.3438933811896945,47.55947178233948,US
ECNS,iShares MSCI China Small-Cap ETF,ETF,ETF,28.450000762939453,-0.9745867864886156,0.0117717992887685,40.6786033727658,US
ECO,Okeanis Eco Tankers Corp.,Industrials,Marine Shipping,56.72999954223633,5.603124075085057,0.139687139014241,61.1331753098486,US
ECOW,Pacer Emerging Markets Cash Cows 100 ETF,ETF,ETF,27.174400329589844,1.0388543114730404,0.0102115621829014,54.182105767750585,US
ECPG,"Encore Capital Group, Inc.",Financial Services,Credit Services,89.58999633789062,-0.6432314992044006,-0.1774556755259153,55.6111457920568,US
ECVT,Ecovyst Inc.,Basic Materials,Specialty Chemicals,12.18000030517578,3.1329371076439863,0.0283646864798708,42.83423774379803,US
ECX,ECARX Holdings Inc.,Consumer Cyclical,Auto Parts,1.2100000381469729,-0.8196713302251629,0.0029974090650109,51.94336206162624,US
ED,"Consolidated Edison, Inc.",Utilities,Utilities - Regulated Electric,111.95999908447266,-0.9115840328970802,-0.0207815102936215,56.90456765864252,US
EDC,Direxion Daily MSCI Emerging Markets Bull 3X Shares,ETF,ETF,77.21520233154297,-1.3476355650474876,0.0910062912695717,44.292808789285424,US
EDEN,iShares MSCI Denmark ETF,ETF,ETF,114.77200317382812,0.0278937690905254,-0.0400685440796408,66.90321483943984,US
EDGF,3EDGE Dynamic Fixed Income ETF,ETF,ETF,24.624099731445312,-0.0239522108091921,-2.8877154942019357e-05,50.90927283916073,US
EDGH,3EDGE Dynamic Hard Assets ETF,ETF,ETF,32.875301361083984,0.8754256126428361,0.0038574349919786,51.372798601754056,US
EDGI,3EDGE Dynamic International Equity ETF,ETF,ETF,30.858400344848636,-0.3281613133993217,0.0027377181853955,49.864270030849,US
EDGQ,Global X Nasdaq-100 Income Edge ETF,ETF,ETF,27.915000915527344,1.39308016388885,0.0099407452635733,51.264535040846695,US
EDGU,3EDGE Dynamic US Equity ETF,ETF,ETF,31.67729949951172,0.7227304644142123,0.0025405297200018,52.83551133930978,US
EDGX,Global X U.S. 500 Income Edge ETF,EQUITY,EQUITY,26.727399826049805,0.500261670590829,0.0001969685338697,57.08052645800159,US
EDIT,"Editas Medicine, Inc.",Healthcare,Biotechnology,3.1600000858306885,-15.733331044514973,-0.0207319241003484,51.70689470593072,US
EDOG,ALPS Emerging Sector Dividend Dogs ETF,ETF,ETF,24.1299991607666,0.2909380564338969,0.0058081697022448,53.130213884635175,US
EDU,New Oriental Education & Technology Group Inc.,Consumer Defensive,Education & Training Services,49.59000015258789,3.723067827166532,0.0089006834540849,60.755146612892766,US
EDV,Vanguard Extended Duration Treasury Index Fund ETF Shares,ETF,ETF,61.75,-0.930533954782772,0.0102266937255419,36.8142331394453,US
EE,"Excelerate Energy, Inc.",Energy,Oil & Gas Midstream,38.72999954223633,-0.1289304761072852,-0.0666290505927509,63.58732334516028,US
EEMO,Invesco S&P Emerging Markets Momentum ETF,ETF,ETF,21.90999984741211,-1.2618327170193515,0.02572366882074,44.676372602505175,US
EEMV,iShares MSCI Emerging Markets Min Vol Factor ETF,ETF,ETF,72.77999877929688,-0.3013715352097603,-0.0016812847383423,46.062372427811695,US
EEMX,State Street SPDR MSCI Emerging Markets Fossil Fuel Reserves Free ETF,ETF,ETF,51.7599983215332,-0.3676577761822525,0.0120025172569412,46.0527863696545,US
EES,WisdomTree U.S. SmallCap Earnings Fund,ETF,ETF,67.45999908447266,0.3570334117988891,-0.0145095696726786,61.32954593060516,US
EEV,ProShares UltraShort MSCI Emerging Markets,ETF,ETF,11.359999656677246,-0.4382137721605997,-0.0108283883782594,51.56909797662704,US
EFAA,Invesco MSCI EAFE Income Advantage ETF,ETF,ETF,55.719200134277344,-0.1626970736057473,-0.006273464581856,53.57743815292429,US
EFAD,ProShares MSCI EAFE Dividend Growers ETF,ETF,ETF,42.99440002441406,-0.6415218590037727,-0.006341773221635,54.36191216126566,US
EFAV,iShares MSCI EAFE Min Vol Factor ETF,ETF,ETF,90.02999877929688,0.3231568112666793,-0.0029918039350999,61.524768521883495,US
EFAX,State Street SPDR MSCI EAFE Fossil Fuel Reserves Free ETF,ETF,ETF,53.97999954223633,-0.1664511801292016,-0.0029067555093451,52.273315631701536,US
EFC,Ellington Financial Inc.,Real Estate,REIT - Mortgage,13.619999885559082,1.0385782498292866,0.0074874912883792,57.05836745117967,US
EFG,iShares MSCI EAFE Growth ETF,ETF,ETF,121.4499969482422,-0.824760855611122,-0.0046625247955824,47.87538557724533,US
EFIV,State Street SPDR S&P 500 ESG ETF,ETF,ETF,72.80000305175781,0.775201002973922,0.0231347743768661,55.31353656179832,US
EFNL,iShares MSCI Finland ETF,ETF,ETF,52.08829879760742,0.1505488917537625,0.0193833134900623,43.04964229735846,US
EFO,ProShares Ultra MSCI EAFE,ETF,ETF,71.87999725341797,-4.364031730808663,-0.0904332637310284,48.63177178243404,US
EFRA,iShares Environmental Infrastructure and Industrials ETF,ETF,ETF,35.64910125732422,0.0143088601168189,-9.158149237686874e-06,55.23392565619471,US
EFV,iShares MSCI EAFE Value ETF,ETF,ETF,78.48999786376953,0.4736240452880531,0.003004550395883,61.37345838651524,US
EGGS,NestYield Total Return Guard ETF,ETF,ETF,39.392799377441406,0.2055329218017147,0.0281911831562182,45.81767031735147,US
EGGY,NestYield Dynamic Income ETF,ETF,ETF,37.77000045776367,1.205789835528488,0.046520111372607,45.67264382508154,US
EGUS,Ishares ESG Aware MSCI USA Growth ETF,ETF,ETF,58.7599983215332,1.7471539548181203,0.0141892640656288,56.29447920711874,US
EGY,"VAALCO Energy, Inc.",Energy,Oil & Gas E&P,5.429999828338623,3.824088117318352,0.0043530152577243,53.13059853985067,US
EH,EHang Holdings Limited,Industrials,Aerospace & Defense,5.449999809265137,-1.2681190562183238,0.007559741724472,32.31316179464109,US
EHLS,Even Herd Long Short ETF,ETF,ETF,26.260900497436523,-0.3835028304180221,0.004494696090181,43.4494744082653,US
EHY,Amplify Ethereum Max Income Covered Call ETF,ETF,ETF,7.729000091552734,7.332313043551965,0.0348664998508393,54.4925846312692,US
EIKN,"Eikon Therapeutics, Inc.",Healthcare,Biotechnology,10.1899995803833,-12.155178919983603,-0.0570634087595228,45.91584254664255,US
EIM,Eaton Vance Municipal Bond Fund,Financial Services,Asset Management,9.979999542236328,0.91000197966967,0.0004884776265211,64.00923260591674,US
EIPI,FT Energy Income Partners Enhanced Income ETF,ETF,ETF,22.3799991607666,1.0383726690627788,0.0054835629928483,58.83987750507743,US
EIPX,FT Energy Income Partners Strategy ETF,ETF,ETF,32.27750015258789,1.6614178034264273,0.0149927307947572,60.87779776732264,US
EIRL,iShares MSCI Ireland ETF,ETF,ETF,78.62169647216797,-1.0674527941420997,-0.037898140795983,58.35638230084753,US
EIS,iShares MSCI Israel ETF,ETF,ETF,120.16999816894533,0.5102046025491214,0.1084608842894345,44.82847281284533,US
EIX,Edison International,Utilities,Utilities - Regulated Electric,76.58000183105469,1.109062570606402,0.0367398805090113,64.97644265053695,US
EJAN,Innovator Emerging Markets Power Buffer ETF - January,ETF,ETF,35.733699798583984,0.3417395499659792,0.0039039873905638,49.51240818707849,US
EKG,First Trust Nasdaq Lux Digital Health Solutions ETF,ETF,ETF,19.479999542236328,-2.002217084059496,-0.038749896726287,60.8275121295669,US
EL,The Estée Lauder Companies Inc.,Consumer Defensive,Household & Personal Products,80.86000061035156,-4.239698872035072,-0.0465818495512062,44.35774687043418,US
ELCV,Eventide High Dividend ETF,ETF,ETF,32.18090057373047,0.1584173791570315,0.0046925792361421,53.28336202460414,US
ELF,"e.l.f. Beauty, Inc.",Consumer Defensive,Household & Personal Products,72.25,-4.1014022937197545,-0.3957747828518787,56.97923813966291,US
ELFY,ALPS Electrification Infrastructure ETF,ETF,ETF,42.619998931884766,0.5188617879449453,0.0392475812233445,43.71935358982187,US
ELIL,Direxion Daily LLY Bull 2X Shares,ETF,ETF,28.56999969482422,-13.002437387099656,-0.1878299612693375,48.090612943375575,US
ELM,Elm Market Navigator ETF,ETF,ETF,29.221900939941406,-0.0106054456385414,0.0009885984706436,52.34398499342544,US
ELMT,The Elmet Group Co.,Industrials,Aerospace & Defense,14.609999656677246,-8.858396563583778,-0.0067221291155803,34.11579064504498,US
ELTP,"Elite Pharmaceuticals, Inc.",Healthcare,Drug Manufacturers - Specialty & Generic,0.3659999966621399,1.666661699613133,-7.22435177784082e-05,49.43090972594097,US
ELV,"Elevance Health, Inc.",Healthcare,Healthcare Plans,426.7900085449219,1.8956672617175367,0.1197166239030584,63.14295490990271,US
EMAT,Evolution Metals & Technologies Corp.,Basic Materials,Other Industrial Metals & Mining,5.5,-4.6793757680941725,0.0144748824617538,32.280982236111925,US
EMB,iShares J.P. Morgan USD Emerging Markets Bond ETF,ETF,ETF,95.56999969482422,-0.3856605557290914,-0.0073998067847921,47.02895201660756,US
EMBD,Global X Emerging Markets Bond ETF,ETF,ETF,23.7549991607666,0.0421070590853932,0.0036581484036694,51.11402013023809,US
EMBX,VanEck Emerging Markets Bond ETF,ETF,ETF,51.060001373291016,-0.1759533722444872,0.0018599545181486,50.345422884815655,US
EMC,Global X Emerging Markets Great Consumer ETF,ETF,ETF,36.25279998779297,-0.8565385551889624,0.0008437157656987,45.57225014177728,US
EMCR,Xtrackers Emerging Markets Carbon Reduction and Climate Improvers ETF,ETF,ETF,43.060001373291016,0.0790229069790534,0.0008457429506504,46.786374225614125,US
EMCS,Xtrackers MSCI Emerging Markets Select ETF,ETF,ETF,45.12379837036133,-0.3889643922004008,0.0162423957836377,47.80406850589087,US
EMD,Western Asset Emerging Markets Debt Fund Inc.,Financial Services,Asset Management,10.720000267028809,-0.4642543046395146,0.0014583728308069,56.5012447200828,US
EMDV,ProShares MSCI Emerging Markets Dividend Growers ETF,ETF,ETF,45.56800079345703,0.1384457177519768,0.0124670220216416,46.81217232332979,US
EME,"EMCOR Group, Inc.",Industrials,Engineering & Construction,774.739990234375,0.8277135416261225,0.9104647227351528,42.04140696838513,US
EMEM,Sophus Capital Emerging Market ETF,ETF,ETF,25.416400909423828,-1.0264773855895355,0.00703997426634,44.57631547110697,US
EMEQ,Nomura Focused Emerging Markets Equity ETF,ETF,ETF,66.13999938964844,-1.2541115634300743,0.060338796695592,46.25440090442782,US
EMFI,Pictet Emerging Markets Debt ETF,EQUITY,EQUITY,50.5099983215332,-0.2764130308548371,-0.0021691535032981,50.56762129744556,US
EMHC,State Street SPDR Bloomberg Emerging Markets USD Bond ETF,ETF,ETF,25.18000030517578,-0.2772265141553218,-0.0002767178762172,47.9130070590172,US
EMHY,iShares J.P. Morgan EM High Yield Bond ETF,ETF,ETF,40.3849983215332,-0.2593315697228932,-0.0025991946663269,51.70948702235115,US
EMKT,Lazard Emerging Markets Opportunities ETF,ETF,ETF,30.890199661254883,-0.5530893435201052,-0.0014481512790046,46.99373440577442,US
EMLC,VanEck J.P. Morgan EM Local Currency Bond ETF,ETF,ETF,25.479999542236328,0.0,0.0004593656285128,53.93033229526986,US
EMLP,First Trust North American Energy Infrastructure Fund,ETF,ETF,44.31999969482422,0.476080438827685,0.0072421209040068,60.043342656854655,US
EMM,Global X Emerging Markets ex-China ETF,ETF,ETF,42.56999969482422,-1.3967077483160435,0.0055188417725197,43.92246738615326,US
EMMF,WisdomTree Emerging Markets Multifactor Fund,ETF,ETF,37.26179885864258,-0.0220059002424436,0.0122432759510177,45.63486514959267,US
EMMY,Corgi Emerging Markets Equities,ETF,ETF,23.8799991607666,-3.515154905993529,-0.0199246314150924,38.88157163203643,US
EMN,Eastman Chemical Company,Basic Materials,Specialty Chemicals,67.2300033569336,-3.4329205621379746,0.0395363658837486,40.096874670860274,US
EMNT,PIMCO Enhanced Short Maturity Active ESG Exchange-Traded Fund,ETF,ETF,98.79499816894533,0.1165361404680696,0.0012819615369169,78.8551015564471,US
EMO,ClearBridge Energy Midstream Opportunity Fund Inc,Financial Services,Asset Management,52.34000015258789,4.055667885625515,0.0722468659312566,69.75323030582865,US
EMOT,First Trust S&P 500 Economic Moat ETF,ETF,ETF,26.7189998626709,0.1349147297305701,-0.0047730435744055,62.101055305192055,US
EMPB,Efficient Market Portfolio Plus ETF,ETF,ETF,33.3025016784668,2.111066716384601,0.0086327756435511,63.025382041467005,US
EMQQ,EMQQ The Emerging Markets Internet ETF,ETF,ETF,33.02000045776367,1.7879218730211404,-0.0271344879665883,59.97770464431055,US
EMR,Emerson Electric Co.,Industrials,Specialty Industrial Machinery,136.08999633789062,-1.3197065302658642,0.047224380298612,42.150150207864016,US
EMTL,State Street DoubleLine Emerging Markets Fixed Income ETF,ETF,ETF,42.47999954223633,-0.1527761887563754,-0.0036781810612501,46.21497480533581,US
EMTY,ProShares Decline of the Retail Store ETF,ETF,ETF,24.443700790405277,0.7156997501664116,0.0049183810847987,55.82147578647971,US
EMXC,iShares MSCI Emerging Markets ex China ETF,ETF,ETF,95.9499969482422,-0.8781054511549311,0.0334804884656081,45.53513512965847,US
EMXF,iShares ESG Advanced MSCI EM ETF,ETF,ETF,56.14139938354492,-0.2249985237607403,-0.0021399996333113,47.348360226864,US
ENFR,ENFR,N/A,N/A,39.79999923706055,2.0774494068336797,0.0274412112258387,61.45277103500404,US
ENOR,iShares MSCI Norway ETF,ETF,ETF,33.150001525878906,1.407167080129767,0.0377975271551431,51.69721593749236,US
ENOV,Enovis Corporation,Healthcare,Medical Devices,24.649999618530277,-3.409094136472586,-0.1151982287552251,54.36681500628022,US
ENPH,"Enphase Energy, Inc.",Technology,Solar,44.98500061035156,4.640611430550462,0.202303250488508,44.18093527323856,US
ENR,"Energizer Holdings, Inc.",Industrials,Electrical Equipment & Parts,20.40999984741211,-1.3533140619527837,0.0086688939021364,49.20970769694287,US
ENS,EnerSys,Industrials,Electrical Equipment & Parts,201.22999572753903,2.6788448384797428,0.2476687959846444,40.45304005171744,US
ENTA,"Enanta Pharmaceuticals, Inc.",Healthcare,Biotechnology,13.109999656677246,-8.064520012246623,-0.0720467377195009,44.68482103562923,US
ENTG,"Entegris, Inc.",Technology,Semiconductor Equipment & Materials,140.6300048828125,4.108678543474728,0.3274911073414737,45.29505017156284,US
ENVA,"Enova International, Inc.",Financial Services,Credit Services,230.63999938964844,-2.6835445613297733,-0.6219497163454868,63.51983623979658,US
ENVX,Enovix Corporation,Industrials,Electrical Equipment & Parts,5.059999942779541,1.5045096741504431,0.0172511232237368,37.3960469041014,US
ENZL,iShares MSCI New Zealand ETF,ETF,ETF,46.43000030517578,2.201188627080135,0.016680392101995,62.76109160157733,US
EOG,"EOG Resources, Inc.",Energy,Oil & Gas E&P,138.00999450683594,2.579159650560784,0.0921251418192119,55.4988081017041,US
EOLS,"Evolus, Inc.",Healthcare,Drug Manufacturers - Specialty & Generic,6.269999980926514,-9.65417969408904,-0.0230620358531442,39.0038719965396,US
EOSE,"Eos Energy Enterprises, Inc.",Industrials,Electrical Equipment & Parts,4.289999961853027,-9.493667320557316,0.0195996193021631,28.686731311440752,US
EPAC,Enerpac Tool Group Corp.,Industrials,Specialty Industrial Machinery,34.150001525878906,-0.4663358816903544,-0.0326962596316974,45.65290225495644,US
EPAI,Harbor AI Inflection Strategy ETF,ETF,ETF,27.65699958801269,-3.5400434767973623,-0.0224709505328641,44.06792154677528,US
EPAM,"EPAM Systems, Inc.",Technology,Information Technology Services,84.5,-5.639310865058294,-0.1660679852718876,44.26889143491597,US
EPC,Edgewell Personal Care Company,Consumer Defensive,Household & Personal Products,27.450000762939453,3.156708505527512,0.0146615874272717,67.40070952041512,US
EPD,Enterprise Products Partners L.P.,Energy,Oil & Gas Midstream,37.72999954223633,0.2391077418897143,-0.01065848491074,54.03818205772744,US
EPEM,Harbor Emerging Markets Equity ETF,ETF,ETF,29.1028995513916,0.4518135743813296,0.003095272456152,49.28852369228149,US
EPIN,Harbor International Equity ETF,ETF,ETF,27.85099983215332,-3.3957686234599382,-0.0292365700201113,49.34132266669385,US
EPMB,Harbor Mid Cap Core ETF,ETF,ETF,26.299999237060547,-0.2994824439543251,-0.0020830702740743,51.22457872289315,US
EPMV,Harbor Mid Cap Value ETF,ETF,ETF,26.652999877929688,-0.8703063186254831,-0.0045627337628196,50.30956330841356,US
EPOL,iShares MSCI Poland ETF,ETF,ETF,40.77999877929688,3.3713510535768174,0.0400235775966366,60.39711786191807,US
EPR,EPR Properties,Real Estate,REIT - Specialty,59.540000915527344,-0.5013356221516869,-0.0246425955970032,57.64404935955673,US
EPRF,Innovator S&P Investment Grade Preferred ETF,ETF,ETF,16.670000076293945,-0.1497431505675547,0.0054896717884973,51.16357368097625,US
EPRT,"Essential Properties Realty Trust, Inc.",Real Estate,REIT - Retail,31.200000762939453,-0.25575422618264,-0.0253252634679704,58.29661255065994,US
EPSB,Harbor SMID Cap Core ETF,ETF,ETF,27.352100372314453,0.2312316898477315,0.0019835998594451,51.96961176456668,US
EPSV,Harbor SMID Cap Value ETF,ETF,ETF,30.2450008392334,-1.9356664063094269,-0.0143125416904921,47.99882112464841,US
EPU,iShares MSCI Peru ETF,ETF,ETF,86.76000213623047,3.966453336171157,0.1039528866127603,57.14063505756536,US
EQAL,Invesco Russell 1000 Equal Weight ETF,ETF,ETF,59.16659927368164,-0.3258108737893027,-0.0070311468029705,55.63380726828508,US
EQIX,"Equinix, Inc.",Real Estate,REIT - Specialty,1023.5399780273438,0.0596311923523622,0.0320201199735752,42.342997474013394,US
EQL,ALPS Equal Sector Weight ETF,ETF,ETF,51.060001373291016,-0.1954622252137322,-0.0030176553361256,59.83149624036295,US
EQPT,EquipmentShare.com Inc.,Industrials,Rental & Leasing Services,17.34000015258789,-3.559507263306833,0.0703932749329662,41.59406842882416,US
EQR,Equity Residential,Real Estate,REIT - Residential,68.72000122070312,-2.038489342937851,-0.0684900152558962,56.86028174084002,US
EQT,EQT Corporation,Energy,Oil & Gas E&P,49.810001373291016,-3.767382170549548,0.0063563463007159,37.10716997081625,US
EQWL,Invesco S&P 100 Equal Weight ETF,ETF,ETF,129.0800018310547,-1.2168029082199063,-0.0849505483744992,53.35267402672124,US
EQX,Equinox Gold Corp.,Basic Materials,Gold,9.5,-3.1600449169890217,-0.0047043273523567,38.80867938578712,US
ERAS,"Erasca, Inc.",Healthcare,Biotechnology,19.5,6.209146796028393,0.0104022573719397,68.10085156943595,US
ERII,"Energy Recovery, Inc.",Industrials,Pollution & Treatment Controls,8.65999984741211,-1.590912957821912,-0.0082146963227674,47.09813825380673,US
ERX,Direxion Daily Energy Bull 2X Shares,ETF,ETF,87.08999633789062,8.563942922771355,0.2328485002376679,58.21251986328583,US
ES,Eversource Energy,Utilities,Utilities - Regulated Electric,74.63999938964844,-0.1471580071592809,-0.0471852915429658,62.31616159873147,US
ESAB,ESAB Corporation,Industrials,Metal Fabrication,87.16999816894531,-7.285682534244435,0.0445440678187585,41.60257924045384,US
ESBA,"Empire State Realty OP, L.P.",Real Estate,REIT - Office,5.409999847412109,1.1214942775529215,-0.0090750311487837,51.33131567672239,US
ESEA,Euroseas Ltd.,Industrials,Marine Shipping,71.70999908447266,5.223767393815678,0.0794132629819781,63.44364909503171,US
ESGD,iShares ESG Aware MSCI EAFE ETF,ETF,ETF,103.08000183105467,0.0194103172276559,0.004205279501059,53.750043115190095,US
ESGE,iShares ESG Aware MSCI EM ETF,ETF,ETF,52.54999923706055,-0.1140493681712859,0.0196676955948482,46.4901725567406,US
ESGU,iShares ESG Aware MSCI USA ETF,ETF,ETF,165.22999572753906,0.6947403346276972,-0.0028078423456788,58.4508743262968,US
ESGV,Vanguard ESG U.S. Stock ETF,ETF,ETF,133.2899932861328,0.7559150735135944,0.0031873239700374,56.74346583128515,US
ESIM,Eventide International ETF,EQUITY,EQUITY,29.22279930114746,-0.0519925034246881,-0.0013910523189695,51.03675617236374,US
ESLG,Eventide Large Cap Growth ETF,EQUITY,EQUITY,28.550800323486328,1.2080866716555678,0.0004470179397155,57.65128674077923,US
ESML,iShares ESG Aware MSCI USA Small-Cap ETF,ETF,ETF,54.345001220703125,-0.0459770308492335,-0.0008921774378696,51.71474663976556,US
ESMV,iShares ESG Optimized MSCI USA Min Vol Factor ETF,ETF,ETF,30.59630012512207,-0.893041000890965,-0.0220640617826269,58.87322880955339,US
ESNT,Essent Group Ltd.,Financial Services,Insurance - Specialty,65.01000213623047,0.6346806064920008,-0.043796970568271,67.45559409571933,US
ESPO,VanEck Video Gaming and eSports ETF,ETF,ETF,91.54889678955078,-1.5603260327410955,-0.1273483477257952,57.13914794876762,US
ESSC,Eventide Small Cap ETF,EQUITY,EQUITY,31.101299285888672,-0.6443478702227856,-0.0098106550091263,55.46761819303601,US
ESTC,Elastic N.V.,Technology,Software - Application,62.31999969482422,4.809957373676484,0.057605583639721,59.52057322219319,US
ESUM,Strategy Shares - Eventide US Market ETF,EQUITY,EQUITY,30.469600677490234,0.6926650595605219,0.0010176375960828,57.71947165119103,US
ET,Energy Transfer LP,Energy,Oil & Gas Midstream,20.06999969482422,1.3124696410458356,-0.0003635435162501,63.04042957960746,US
ETB,Eaton Vance Tax-Managed Buy-Write Income Fund,Financial Services,Asset Management,15.670000076293944,1.031591521927684,0.0019284764414148,64.4774653853855,US
ETCO,Grayscale Ethereum Covered Call ETF,EQUITY,EQUITY,8.350000381469727,0.7480728023549128,-0.0026020285084918,45.24065494631724,US
ETD,Ethan Allen Interiors Inc.,Consumer Cyclical,"Furnishings, Fixtures & Appliances",22.229999542236328,3.878504385520442,0.0336305470749229,58.59281481999728,US
ETEC,iShares Breakthrough Environmental Solutions ETF,ETF,ETF,27.712499618530277,-2.4825802914730546,0.0007441131505319,39.79171748360616,US
ETFT,Fundsmith Equity ETF,EQUITY,EQUITY,9.729999542236328,-1.865864047690064,-0.0059686125534878,46.84717278171512,US
ETG,Eaton Vance Tax-Advantaged Global Dividend Income Fund,Financial Services,Asset Management,23.43000030517578,-0.1704261156750498,0.0014494983566725,57.14105632328884,US
ETHA,iShares Ethereum Trust ETF,ETF,ETF,14.18000030517578,4.959289895951381,0.0358902339967834,57.9331277244653,US
ETHB,iShares Staked Ethereum Trust ETF,ETF,ETF,24.13999938964844,4.924185522875329,0.0598864836790611,58.09267883198332,US
ETHD,Proshares UltraShort Ether ETF,ETF,ETF,62.209999084472656,-10.502090098416003,-0.3096478476783786,38.92771614285103,US
ETHO,Amplify Etho Climate Leadership U.S. ETF,ETF,ETF,79.3511962890625,0.4445522646360759,-0.0011027162466872,57.31883456484282,US
ETHU,2x Ether ETF,ETF,ETF,15.949999809265137,9.09712677234535,0.0731148710399847,55.59247303672141,US
ETHV,VanEck Ethereum ETF,ETF,ETF,27.420000076293945,4.816514664492561,0.067087305039212,58.02317450077572,US
ETHW,Bitwise Ethereum ETF,ETF,ETF,13.43000030517578,4.921875820728007,0.0329143906370805,57.93117551696326,US
ETJ,Eaton Vance Risk-Managed Diversified Equity Income Fund,Financial Services,Asset Management,8.5,0.8303640841061527,-0.0008987620982032,62.44503893976473,US
ETN,Eaton Corporation plc,Industrials,Specialty Industrial Machinery,415.5199890136719,5.014152018079784,0.8328295634298482,53.36290014571779,US
ETO,Eaton Vance Tax-Advantaged Global Dividend Opportunities Fund,Financial Services,Asset Management,30.899999618530277,-0.0646845333580902,0.0014417842135748,56.6822188947165,US
ETR,Entergy Corporation,Utilities,Utilities - Regulated Electric,115.41000366210938,0.1909898567933733,0.016116295070839,57.18578967730683,US
ETSY,"Etsy, Inc.",Consumer Cyclical,Internet Retail,83.05999755859375,7.04987946755693,0.1740771583733367,68.56991960881228,US
ETTY,Amplify Ethereum 3% Monthly Option Income ETF,ETF,ETF,8.478899955749512,6.652832190863464,0.0324097935562842,55.82698255398431,US
ETU,T-Rex 2X Long Ether Daily Target ETF,ETF,ETF,4.210000038146973,9.208820163866232,0.0192511129316239,55.388241723680814,US
ETV,Eaton Vance Tax-Managed Buy-Write Opportunities Fund,Financial Services,Asset Management,15.149999618530272,0.8655070359828546,-0.0058192360078393,63.46995173630129,US
ETY,Eaton Vance Tax-Managed Diversified Equity Income Fund,Financial Services,Asset Management,14.5600004196167,0.0687300945068294,-0.0010041421971445,52.89217268545536,US
EUDG,WisdomTree Europe Quality Dividend Growth Fund,ETF,ETF,38.6088981628418,-1.8060023827911256,-0.0216281395435392,50.95190966369567,US
EUDV,ProShares MSCI Europe Dividend Growers ETF,ETF,ETF,52.63999938964844,-1.618512168268173,-0.0275214984827073,49.09392197627138,US
EUFN,iShares MSCI Europe Financials ETF,ETF,ETF,40.04999923706055,-0.1246863814541398,-0.0113815275680936,61.7700536479876,US
EUHY,"iShares, Inc. - iShares Euro High Yield Corporate Bond USD Hedged ETF",ETF,ETF,53.494998931884766,-0.326065293517758,-0.0083244855170658,52.79374636753896,US
EUIG,iShares Euro Investment Grade Corporate Bond USD Hedged ETF,ETF,ETF,50.0,-0.2792169751747959,0.0008068282512973,48.44938442649139,US
EUSB,iShares ESG Advanced Universal USD Bond ETF,ETF,ETF,43.040000915527344,-0.231799896930663,0.0026365450010511,43.471436406577006,US
EVAC,EQV Ventures Acquisition Corp. II,Financial Services,Shell Companies,10.199999809265137,0.0981376770720119,0.0010651287302755,57.270462235875726,US
EVCM,EverCommerce Inc.,Technology,Software - Application,10.979999542236328,9.036741558987648,0.0168027577047488,64.34800711349965,US
EVER,EVER,N/A,N/A,25.75,1.8994837100956932,-0.0209208233029793,72.82371939105829,US
EVGO,"EVgo, Inc.",Consumer Cyclical,Specialty Retail,1.7599999904632568,-3.29670660767248,0.0001483817120212,41.27175510421338,US
EVH,"Evolent Health, Inc.",Healthcare,Health Information Services,6.190000057220459,12.956205030579792,0.0130006784807077,72.36481190895364,US
EVHY,Eaton Vance High Yield ETF,ETF,ETF,52.290000915527344,-0.147038523218938,-0.0010004058664273,56.91892880125543,US
EVIM,Eaton Vance Intermediate Municipal Income ETF,ETF,ETF,53.119998931884766,-0.3564104980523291,-0.0018032721556775,53.55130419263281,US
EVMN,EVMN,N/A,N/A,11.989999771118164,-10.119942773822483,0.0727022343233732,29.669689539366985,US
EVMO,Eaton Vance Mortgage Opportunities ETF,ETF,ETF,49.91999816894531,-0.229842467907482,-0.000218912096516,49.54466388365654,US
EVMT,Invesco Electric Vehicle Metals Commodity Strategy No K-1 ETF,ETF,ETF,17.699600219726562,1.4885302621521563,0.0127996840166818,42.23480357564965,US
EVN,Eaton Vance Municipal Income Trust,Financial Services,Asset Management,11.130000114440918,0.8152187762578977,0.0037658385329462,60.44243860082411,US
EVRG,EVRG,N/A,N/A,86.44999694824219,-0.7690608094776834,0.0001778727507919,56.68452034954736,US
EVSB,Eaton Vance Ultra-Short Income ETF,ETF,ETF,50.86000061035156,0.0393400033509909,0.0002716059403926,71.75162993090139,US
EVSM,Eaton Vance Short Duration Municipal Income ETF,ETF,ETF,50.290000915527344,-0.0198773790951401,0.000417335751484,55.09353363646802,US
EVT,Eaton Vance Tax-Advantaged Dividend Income Fund,Financial Services,Asset Management,27.43000030517578,0.0364705647483993,0.0019470622341162,58.18103784216642,US
EVTC,"EVERTEC, Inc.",Technology,Software - Infrastructure,29.06999969482422,1.6433542205789975,-0.052314877736916,60.812223753357735,US
EVTR,Eaton Vance Total Return Bond ETF,ETF,ETF,50.400001525878906,-0.2375275748168065,0.0023412988224216,45.08182841116725,US
EVYM,Eaton Vance High Income Municipal ETF,ETF,ETF,50.80500030517578,-0.157213361493949,0.0018661802901108,57.02646840985391,US
EW,Edwards Lifesciences Corporation,Healthcare,Medical Devices,90.08999633789062,-4.98840262830309,-0.2098004732197986,51.02185070058754,US
EWC,iShares MSCI Canada ETF,ETF,ETF,59.18000030517578,1.4050714294865376,0.0369867826393354,62.69385921637252,US
EWI,iShares MSCI Italy ETF,ETF,ETF,60.630001068115234,0.066019005490356,-0.0029614029455335,59.062887069303045,US
EWJ,iShares MSCI Japan ETF,ETF,ETF,93.88999938964844,0.8810569437122501,0.0362061037092853,53.09602230656746,US
EWJV,iShares MSCI Japan Value ETF,ETF,ETF,46.18349838256836,1.368518416338023,0.0192532286748883,60.6913844956228,US
EWK,iShares MSCI Belgium ETF,ETF,ETF,26.299999237060547,-1.7557012053274663,0.0005943541803459,43.92178564047416,US
EWN,iShares MSCI Netherlands ETF,ETF,ETF,67.45999908447266,0.4018405019435141,0.0107032748827636,49.08361632834842,US
EWS,iShares MSCI Singapore ETF,ETF,ETF,31.6299991607666,3.163729022119894,-0.0068102904690058,76.09948422236226,US
EWT,iShares MSCI Taiwan ETF,ETF,ETF,101.87999725341795,0.0,-0.0910543813895476,47.56946418064975,US
EWTX,"Edgewise Therapeutics, Inc.",Healthcare,Biotechnology,39.72999954223633,-7.8831473259397375,-0.3682308157870704,49.96110933563762,US
EWU,iShares MSCI United Kingdom ETF,ETF,ETF,46.310001373291016,-1.739867762020849,-0.0255234075691866,50.53607418725855,US
EWV,ProShares UltraShort MSCI Japan,ETF,ETF,17.45479965209961,-2.049382990902525,-0.0167023539332772,45.853797481897736,US
EWX,State Street SPDR S&P Emerging Markets Small Cap ETF,ETF,ETF,71.80000305175781,-0.8424258797141353,-0.0396644145229823,43.80752167613022,US
EWY,iShares MSCI South Korea ETF,ETF,ETF,176.97999572753906,-2.3774051068506656,0.3292159080906565,44.01048387012539,US
EWZ,iShares MSCI Brazil ETF,ETF,ETF,36.02999877929688,4.012700387240234,0.028798980071023,59.39252822929963,US
EWZS,iShares MSCI Brazil Small-Cap ETF,ETF,ETF,13.56999969482422,5.193799194625712,0.0129580907027745,56.03482430108191,US
EXC,Exelon Corporation,Utilities,Utilities - Regulated Electric,46.91999816894531,-1.3664106160371254,-0.0134370332621952,53.311549966612255,US
EXCE,"EXCO Resources, Inc.",Energy,Oil & Gas E&P,22.0,0.0,0.027662265285679,42.49382844138565,US
EXE,Expand Energy Corporation,Energy,Oil & Gas E&P,87.80999755859375,-1.9539973734982288,-0.0249414059179164,43.08491416252078,US
EXG,EXG,N/A,N/A,9.789999961853027,0.3073743060211829,-0.0021373471949304,60.42514057867734,US
EXLS,"ExlService Holdings, Inc.",Technology,Information Technology Services,27.31999969482422,-1.867817725982788,-0.0448330384012285,48.119231461951046,US
EXP,Eagle Materials Inc.,Basic Materials,Building Materials,204.9900054931641,-3.76959845002453,0.0994393066760865,40.50245196041434,US
EXPD,"Expeditors International of Washington, Inc.",Industrials,Integrated Freight & Logistics,178.22000122070312,7.529863227893883,0.3184405288493521,74.43261944343877,US
EXPE,"Expedia Group, Inc.",Consumer Cyclical,Travel Services,266.2799987792969,-1.330268797141274,-0.4067266527505637,59.10685021345127,US
EXR,Extra Space Storage Inc.,Real Estate,REIT - Industrial,145.5,-1.5095077452326482,0.0891858684541923,50.46347167097631,US
EXTR,"Extreme Networks, Inc.",Technology,Communication Equipment,33.02000045776367,9.993337622432149,0.0187030468852595,61.16180920614671,US
EXUS,Nomura Focused International Core ETF,ETF,ETF,28.46929931640625,0.4420669430653334,0.0013347826072327,54.23967111744365,US
EYE,"National Vision Holdings, Inc.",Consumer Cyclical,Specialty Retail,20.11000061035156,1.6683514269484052,0.0026738297132142,61.78089095813062,US
EYEG,AB Corporate Bond ETF,ETF,ETF,34.828399658203125,-0.4618519934599586,0.0011037198167993,39.50805452674869,US
EYES,Corgi Data & Surveillance ETF,ETF,ETF,26.674299240112305,-2.076727370628161,-0.9234915276429057,6.267892068808592,US
EYLD,Cambria Emerging Shareholder Yield ETF,ETF,ETF,46.220001220703125,0.7410639596174228,0.0012517780152572,50.97041356794822,US
EZA,iShares MSCI South Africa ETF,ETF,ETF,63.45000076293945,-0.2201594422275528,0.0293464117911576,46.38996445870512,US
EZET,Franklin Ethereum ETF,ETF,ETF,14.220000267028809,4.789982216819864,0.0344299336676426,57.97051513303172,US
EZM,WisdomTree U.S. MidCap Earnings Fund,ETF,ETF,74.85330200195312,-0.0890231828914183,0.0023583062744784,54.02868595085216,US
EZPW,"EZCORP, Inc.",Financial Services,Credit Services,31.86000061035156,-10.101574929688043,-0.1320434427801254,45.29145820288513,US
EZRO,Alphadroid Defensive Sector Rotation ETF,ETF,ETF,24.803699493408203,2.140088487025804,0.0073520914713502,46.607876663924,US
EZU,iShares MSCI Eurozone ETF,ETF,ETF,68.33000183105469,-0.7408404037860595,0.0023383719215428,50.63330356627368,US
F,Ford Motor Company,Consumer Cyclical,Auto Manufacturers,13.9399995803833,2.802353606249689,0.0217558358872713,49.16686370114381,US
FAAA,Fidelity AAA CLO ETF,ETF,ETF,50.244998931884766,0.1295309412389145,-0.0001892678597504,85.86117309458334,US
FAAR,First Trust Alternative Absolute Return Strategy ETF,ETF,ETF,31.45499992370605,0.7527245852662141,0.0238126005760648,35.958013461197424,US
FAC,Factorial Energy Inc.,Industrials,Electrical Equipment & Parts,6.079999923706055,-37.64102642352765,-0.0582251489661764,30.454634409748635,US
FAD,First Trust Multi Cap Growth AlphaDEX Fund,ETF,ETF,188.90879821777344,-0.4065765962602129,0.033327175566568,47.69383382386082,US
FAF,First American Financial Corporation,Financial Services,Insurance - Specialty,69.76000213623047,-1.8156240114270177,-0.0548965159077404,55.32312234418644,US
FAI,First Trust Bloomberg Artificial Intelligence ETF,ETF,ETF,52.380001068115234,1.393730590069278,0.0377261017223169,49.71214405564343,US
FANG,"Diamondback Energy, Inc.",Energy,Oil & Gas E&P,190.69000244140625,5.610326218311561,0.3472755409598154,55.10228059809568,US
FAST,Fastenal Company,Industrials,Industrial Distribution,45.7400016784668,-2.908085149936792,-0.0752826384054387,45.04962198534485,US
FAX,Abrdn Asia-Pacific Income Fund Inc,Financial Services,Asset Management,14.510000228881836,-0.6164393851805547,-0.0097260338243454,51.443016871710896,US
FBCG,Fidelity Blue Chip Growth ETF,ETF,ETF,61.79999923706055,1.0794894569852636,0.0140888036859614,52.42626976656962,US
FBCV,Fidelity Blue Chip Value ETF,ETF,ETF,40.35029983520508,-0.60768107526033,-0.0218286976914548,62.14081991799012,US
FBDC,FT Confluence BDC & Specialty Finance Income ETF,ETF,ETF,17.110300064086914,1.250369217950951,0.0048582076078906,58.1094186969776,US
FBIN,"Fortune Brands Innovations, Inc.",Industrials,Building Products & Equipment,50.619998931884766,-0.8423120697396912,-0.094684525160428,60.50734883664608,US
FBIZ,"First Business Financial Services, Inc.",Financial Services,Banks - Regional,63.29999923706055,-0.0631526925023372,-0.0437653352190323,59.32019401236522,US
FBL,GraniteShares 2x Long META Daily ETF,ETF,ETF,28.26000022888184,14.32039245088056,0.0028843986844796,62.24860828658198,US
FBND,Fidelity Total Bond ETF,ETF,ETF,45.20000076293945,-0.1987196969939444,0.0025430493402495,44.52234741631579,US
FBOT,Fidelity Disruptive Automation ETF,ETF,ETF,37.92539978027344,-1.4975823010406746,-0.0146028001570568,45.2169595481078,US
FBP,First BanCorp.,Financial Services,Banks - Regional,26.71999931335449,1.519755407174008,0.0008055562049941,64.50532950741595,US
FBRT,"Franklin BSP Realty Trust, Inc.",Real Estate,REIT - Mortgage,8.069999694824219,3.065131206343213,0.0080850742030677,49.06846088043547,US
FBRX,"Forte Biosciences, Inc.",Healthcare,Biotechnology,43.20000076293945,94.15730679972788,0.0827230206001221,83.31915350412065,US
FBT,First Trust NYSE Arca Biotechnology Index Fund,ETF,ETF,246.0,-3.977517601896595,-0.5857840424384513,59.104125093940766,US
FBTC,Fidelity Wise Origin Bitcoin Fund,ETF,ETF,56.220001220703125,1.242576006797072,0.0708814150686967,51.208662240891606,US
FBUF,Fidelity Dynamic Buffered Equity ETF,ETF,ETF,32.720001220703125,0.8382622766457142,-0.0016365679573345,62.91652041691467,US
FBY,YieldMax META Option Income Strategy ETF,ETF,ETF,10.170000076293944,6.582540162280239,0.0009719426623965,63.76565475533189,US
FBYD,"Falcon's Beyond Global, Inc.",Industrials,Conglomerates,10.720000267028809,-42.91799853526193,-0.266723781554849,31.99799871040588,US
FCAL,First Trust California Municipal High Income ETF,ETF,ETF,49.46369934082031,-0.4253646693216089,-0.0028606219567543,50.44751198447685,US
FCEF,First Trust Income Opportunity ETF,ETF,ETF,23.8799991607666,-0.6200847809307359,-0.0144623994623501,53.375801015680366,US
FCEL,"FuelCell Energy, Inc.",Industrials,Electrical Equipment & Parts,21.350000381469727,-17.75808499839389,-0.0136255672846143,47.657431394063686,US
FCF,First Commonwealth Financial Corporation,Financial Services,Banks - Regional,20.420000076293945,0.7400079681439851,0.0015081925158503,60.56319988565608,US
FCG,First Trust Natural Gas ETF,ETF,ETF,27.540000915527344,1.8491123634277764,0.0257856825931457,50.567865320328266,US
FCLO,Fidelity CLO ETF,ETF,ETF,50.27000045776367,0.119500845220232,-0.0007059223699787,86.4052047194208,US
FCN,"FTI Consulting, Inc.",Industrials,Consulting Services,159.33999633789062,0.5363056440572993,-0.0731066221590348,56.73825183917905,US
FCNCA,"First Citizens BancShares, Inc.",Financial Services,Banks - Regional,2062.25,-1.4423389373407418,-1.735160956186128,48.52018828885043,US
FCPI,Fidelity Stocks for Inflation ETF,ETF,ETF,54.09999847412109,-0.2305209838957511,-0.0187420080166178,50.75026517481325,US
FCSH,Federated Hermes Short Duration Corporate ETF,ETF,ETF,24.030000686645508,-0.4556698665456414,-0.0044391987736901,40.43199876620595,US
FCTE,SMI 3Fourteen Full-Cycle Trend ETF,ETF,ETF,28.85140037536621,-0.2199569017719773,-0.021542220467268,58.77290752563596,US
FCTR,First Trust Lunt U.S. Factor Rotation ETF,ETF,ETF,40.11000061035156,0.2499432467222539,0.0144447154485517,50.51545625640468,US
FCX,Freeport-McMoRan Inc.,Basic Materials,Copper,61.95000076293945,4.415976489172124,0.2034085772508307,48.17315865498791,US
FCXG,Leverage Shares 2X Long FCX Daily ETF,ETF,ETF,12.3725004196167,8.151231411165442,0.0827742956656746,46.36892414202374,US
FDD,First Trust STOXX European Select Dividend Index Fund,ETF,ETF,19.020000457763672,1.0090309868690746,0.0133872065350359,56.60422596780251,US
FDEM,Fidelity Emerging Markets Multifactor ETF,ETF,ETF,35.36000061035156,-0.2820036004030283,0.0105799706050652,46.35173037116326,US
FDEV,Fidelity International Multifactor ETF,ETF,ETF,36.17499923706055,-0.1242462234287702,0.0040111786202465,57.64163451571935,US
FDHY,Fidelity Enhanced High Yield ETF,ETF,ETF,49.09000015258789,-0.0203631809448484,0.0001652471431025,57.49110191575575,US
FDIG,Fidelity Crypto Industry and Digital Payments ETF,ETF,ETF,41.51279830932617,0.2192009617508964,0.0329133324141435,43.66731281678874,US
FDIV,MarketDesk Focused U.S. Dividend ETF,ETF,ETF,27.75079917907715,-1.5510165691948443,-0.00936456964735,49.8619642494453,US
FDL,First Trust Morningstar Dividend Leaders Index Fund,ETF,ETF,49.720001220703125,-0.7584775748331698,-0.0170043704497162,51.781030516796726,US
FDLS,Inspire Fidelis Multi Factor ETF,ETF,ETF,42.27000045776367,1.2455100784758608,-0.007256997397427,60.00017802508443,US
FDM,First Trust Dow Jones Select MicroCap Index Fund,ETF,ETF,91.08999633789062,-0.480719378645697,-0.0349919887884577,54.83451260111151,US
FDMO,Fidelity Momentum Factor ETF,ETF,ETF,95.91000366210938,1.3419318265547753,0.051806160099192,51.654790988757625,US
FDMT,"4D Molecular Therapeutics, Inc.",Healthcare,Biotechnology,11.699999809265137,-8.736348769269132,-0.0589995767773616,53.1802987804015,US
FDN,First Trust Dow Jones Internet Index Fund,ETF,ETF,275.4200134277344,1.380351093109332,-0.0827410326378215,59.15748010389326,US
FDNI,First Trust Dow Jones International Internet ETF,ETF,ETF,26.90719985961914,1.9212130621883083,-0.0127959573446119,55.129109532866295,US
FDRR,Fidelity Dividend ETF for Rising Rates,ETF,ETF,66.72000122070312,0.2750329142825168,-0.0197226523939583,62.989876897416046,US
FDRV,Fidelity Electric Vehicles and Future Transportation ETF,ETF,ETF,18.483400344848636,-0.4180834851628404,0.0049678725199918,43.27157283531962,US
FDV,Federated Hermes U.S. Strategic Dividend ETF,ETF,ETF,32.040000915527344,-0.9888741927954564,-0.0121136552037467,55.69922949477637,US
FDVV,Fidelity High Dividend ETF,ETF,ETF,62.04999923706055,0.3558101237114369,-0.0065267830923819,65.28220233230041,US
FDX,FedEx Corporation,Industrials,Integrated Freight & Logistics,313.6600036621094,0.2492964609831872,0.2887124202768745,46.474018866930535,US
FE,FirstEnergy Corp.,Utilities,Utilities - Regulated Electric,49.22999954223633,1.7358961834737756,0.0574844338628387,62.03448633714704,US
FEAC,Fidelity Enhanced U.S. All-Cap Equity ETF,ETF,ETF,32.60340118408203,1.14285890105479,0.0039940405927511,59.301106684536975,US
FEBP,PGIM S&P 500 Buffer 12 ETF - Feb,ETF,ETF,34.2411003112793,0.4020062730427948,-0.0012781803991358,56.37551114947427,US
FEBT,Allianzim U.S. Equity Buffer10 Feb ETF,ETF,ETF,41.15999984741211,-0.0121488351852507,-0.0123315526973898,54.89600908119112,US
FEBW,Allianzim U.S. Equity Buffer20 Feb ETF,ETF,ETF,35.724998474121094,0.3032200705532087,0.0003048050574729,62.39483197731579,US
FEBZ,TrueShares Structured Outcome (February) ETF,ETF,ETF,40.44499969482422,-0.2072580995844108,-0.0078612774174575,54.54454179454955,US
FEDM,FlexShares ESG & Climate Developed Markets ex-US Core Index Fund,ETF,ETF,62.80659866333008,-0.069053002139508,0.0015419841447449,55.93518777156292,US
FEIM,"Frequency Electronics, Inc.",Technology,Communication Equipment,58.93000030517578,-5.287690213726043,0.2489431712962395,42.86967888694019,US
FELC,Fidelity Enhanced Large Cap Core ETF,ETF,ETF,42.470001220703125,0.9028298093077344,-0.0006651037397755,59.56541802263632,US
FELE,"Franklin Electric Co., Inc.",Industrials,Specialty Industrial Machinery,104.47000122070312,1.6541837434723834,0.1225098987692162,53.77854384547874,US
FELG,Fidelity Enhanced Large Cap Growth ETF,ETF,ETF,43.93999862670898,1.7836471865258914,0.0111624137498258,54.34757475357312,US
FELV,Fidelity Enhanced Large Cap Value ETF,ETF,ETF,40.84999847412109,0.0244816882856195,-0.0099376360992125,63.97005046722069,US
FEM,First Trust Emerging Markets AlphaDEX Fund,ETF,ETF,31.65959930419922,1.799353427220269,0.0045901123511984,48.7046786851248,US
FEMD,First Eagle Mid Cap Equity ETF,ETF,ETF,36.01309967041016,-0.4613063387446925,0.0048886661730188,43.572896066383386,US
FEMG,Fidelity Enhanced Mid Cap Growt,EQUITY,EQUITY,26.19289970397949,0.2790921225262613,-4.255376420433943e-05,52.08145269515136,US
FEMR,Fidelity Enhanced Emerging Markets ETF,ETF,ETF,40.59000015258789,0.2717406412932125,0.0208050605946314,46.29684001842542,US
FEMS,First Trust Emerging Markets Small Cap AlphaDEX Fund,ETF,ETF,45.5,0.4858684333792759,-0.0104779264759173,48.26094643012918,US
FEMV,Fidelity Enhanced Mid Cap Value,EQUITY,EQUITY,26.69420051574707,0.3164220348148102,-0.0026071909183616,62.43142877034828,US
FENI,Fidelity Enhanced International ETF,ETF,ETF,40.16999816894531,0.0747353755680705,0.0033643142327703,52.79973912006309,US
FEP,First Trust Europe AlphaDEX Fund,ETF,ETF,57.59980010986328,0.1735654084578804,0.0231592235277461,51.63851621960706,US
FEPI,REX FANG & Innovation Equity Premium Income ETF,ETF,ETF,42.43999862670898,1.8136375329441337,0.0193234723842326,49.99256452946854,US
FERG,Ferguson Enterprises Inc.,Industrials,Industrial Distribution,234.67999267578125,5.152791637871553,0.5023425687881504,53.49942922565921,US
FESM,Fidelity Enhanced Small Cap Core ETF,ETF,ETF,47.33000183105469,-0.0844355113615087,-0.0094585278375634,55.68531093900243,US
FET,"Forum Energy Technologies, Inc.",Energy,Oil & Gas Equipment & Services,52.2400016784668,10.025278395371844,0.1912099742651583,55.6038455828178,US
FETH,Fidelity Ethereum Fund,ETF,ETF,18.700000762939453,4.938277683421222,0.0462452335344744,57.94246794123725,US
FEZ,State Street SPDR EURO STOXX 50 ETF,ETF,ETF,67.9000015258789,-1.0492585133844057,-0.0038242486869615,51.307194872976034,US
FFA,First Trust Enhanced Equity Income Fund,Financial Services,Asset Management,22.600000381469727,0.7130117807674494,-0.0042928838875943,60.20650976541072,US
FFDI,Fidelity Fundamental Developed ,ETF,ETF,31.88500022888184,-3.714333043156014,-0.0354044657471254,46.14238916357876,US
FFF,Founders 100 ETF,ETF,ETF,25.072799682617188,0.9371961698842554,0.008681560933218,55.97332488087022,US
FFIN,"First Financial Bankshares, Inc.",Financial Services,Banks - Regional,34.63999938964844,-0.0865266249819002,-0.0096531318931413,57.60567433071572,US
FFIU,Fieldstone UVA Unconstrained Medium-Term Fixed Income ETF,ETF,ETF,21.59499931335449,-0.3323049067637768,-0.0020238259228472,40.436798665325135,US
FFIV,"F5, Inc.",Technology,Software - Infrastructure,431.260009765625,3.392396468796139,0.0681404547249346,65.44482126428099,US
FFLG,Fidelity Covington Trust - Fidelity Fundamental Large Cap Growth ETF,ETF,ETF,33.665000915527344,1.4006028370546355,0.0199194539803796,49.9377933891383,US
FFLV,FFLV,N/A,N/A,27.96999931335449,-0.3029798285391837,-0.0060461401684716,62.34161955014609,US
FFMR,First Farmers Financial Corporation,Financial Services,Banks - Regional,34.0,0.0,-0.0024438246916289,55.70423638625809,US
FFOX,FundX Future Fund Opportunities ETF,ETF,ETF,29.39069938659668,-2.4439917759955936,-0.027733920879,50.46392855044618,US
FFTY,CapForce IBD 50 ETF,ETF,ETF,39.72999954223633,-0.8732591637437788,0.0148626489070081,44.91900812678941,US
FFUT,Fidelity Managed Futures ETF,ETF,ETF,59.65499877929688,2.8179908800990425,0.0363781770439747,63.17907101955532,US
FGRU,T-Rex 2X Long FIGR Daily Target ETF,ETF,ETF,9.765199661254885,-9.915133544314712,-0.0971908998287237,44.18261295421213,US
FGSI,FT Vest Growth Strength & Target Income ETF,ETF,ETF,20.559999465942383,-0.8200679211187569,-0.0113807690358059,57.82968553704104,US
FHDG,FT Vest U.S. Equity Quarterly Dynamic Buffer ETF,ETF,ETF,36.45500183105469,0.4408421826186429,0.0005031132413737,60.75056900855776,US
FHEQ,Fidelity Hedged Equity ETF,ETF,ETF,33.4296989440918,0.843732746119308,0.002057309693923,58.57353917600249,US
FHI,"Federated Hermes, Inc.",Financial Services,Asset Management,58.7400016784668,0.720168014129555,0.012602078250171,55.33962863172443,US
FHLC,Fidelity MSCI Health Care Index ETF,ETF,ETF,77.16000366210938,-3.730502566246512,-0.1702203454425388,55.192184805864095,US
FICO,Fair Isaac Corporation,Technology,Software - Application,1210.52001953125,-6.902412472169055,-5.59943799258124,50.00246885015375,US
FICS,First Trust International Developed Cap Strength ETF,ETF,ETF,41.90480041503906,-0.9576954504845367,-0.0166946600592635,59.43900064987752,US
FID,First Trust S&P International Dividend Aristocrats ETF,ETF,ETF,21.979999542236328,1.103954800574591,0.0072034714796683,61.26190547678053,US
FIGB,Fidelity Investment Grade Bond ETF,ETF,ETF,42.47999954223633,-0.4009318196779022,-0.0010031588461096,41.80398638534817,US
FIGR,"Figure Technology Solutions, Inc.",Financial Services,Capital Markets,29.959999084472656,-3.4949299054755003,-0.1363886822966654,47.06746850437744,US
FIGS,"FIGS, Inc.",Consumer Cyclical,Apparel Manufacturing,9.720000267028809,-1.8181753377500336,-0.0029411919374364,34.90913093855799,US
FIIG,First Trust Intermediate Duration Investment Grade Corporate ETF,ETF,ETF,20.565000534057617,-0.169902168757204,0.0014895760468932,44.37946597738911,US
FINN,"First National of Nebraska, Inc.",Financial Services,Banks - Regional,18750.0,-1.3157894736842104,-23.446797211911928,52.59585332825735,US
FINT,Frontier Asset Total International Equity ETF,ETF,ETF,35.6609992980957,0.0841929186946286,0.0071454657165494,49.81650078047944,US
FINV,FINV,N/A,N/A,4.590000152587891,-2.5477682502587173,3.1786830920206566e-05,41.098697490667845,US
FINX,Global X FinTech ETF,ETF,ETF,25.489999771118164,-0.5850219270708421,-0.0199177983864735,54.5528686187259,US
FIP,FTAI Infrastructure Inc.,Industrials,Conglomerates,4.460000038146973,1.5945369883898295,0.0015011321818167,45.939082556713416,US
FIS,FIS,N/A,N/A,40.58000183105469,-4.741776327277396,-0.1321879258683161,49.507472108128816,US
FISV,"Fiserv, Inc.",EQUITY,EQUITY,49.540000915527344,-6.014035712398888,-0.1379609575850793,44.142415148507,US
FITB,Fifth Third Bancorp,Financial Services,Banks - Regional,57.04999923706055,-1.5020700265685245,-0.0380443253454856,63.381846799316826,US
FIVA,Fidelity International Value Factor ETF,ETF,ETF,38.83000183105469,0.93579568216344,0.0133728244912341,56.37195752374196,US
FIVN,"Five9, Inc.",Technology,Software - Infrastructure,25.57999992370605,2.381426050908229,-0.0458182580243372,67.34342876192161,US
FIX,"Comfort Systems USA, Inc.",Industrials,Engineering & Construction,1775.0999755859375,5.444805717459687,5.22719417676544,46.62481938183088,US
FIXD,First Trust Smith Opportunistic Fixed Income ETF,ETF,ETF,43.275001525878906,-0.3109843861039568,0.0010091005319397,43.80576247875055,US
FIXT,TCW Core Plus Bond ETF,ETF,ETF,37.400001525878906,-0.3463822479250404,0.0016519975952027,45.836536120910026,US
FJP,First Trust Japan AlphaDEX Fund,ETF,ETF,75.61000061035156,-0.2111601422770879,0.0082487996967852,47.6176162592011,US
FLAU,Franklin FTSE Australia ETF,ETF,ETF,34.150001525878906,1.6248108345393797,0.0202284540246078,54.88849096636277,US
FLBL,Franklin Senior Loan ETF,ETF,ETF,22.88999938964844,0.2189108438113635,-0.0004784435485292,64.07727282254598,US
FLBR,Franklin FTSE Brazil ETF,ETF,ETF,22.479999542236328,4.267161869587423,0.0188708608181125,59.44204536905622,US
FLCA,Franklin FTSE Canada ETF,ETF,ETF,52.84999847412109,1.3519954169498092,0.029956468326077,63.03855169207728,US
FLCB,Franklin U.S. Core Bond ETF,ETF,ETF,21.18000030517578,-0.2590077871199584,0.0006653029808034,42.751361937383095,US
FLCE,Frontier Asset U.S. Large Cap Equity ETF,ETF,ETF,31.28350067138672,0.341599979003687,-0.0039919424281358,56.87937346181974,US
FLCG,Federated Hermes MDT Large Cap Growth ETF,ETF,ETF,34.470001220703125,1.5915146203077706,-0.002642541257847,59.3556770120651,US
FLCH,Franklin FTSE China ETF,ETF,ETF,21.170000076293945,2.0732898260422616,0.008298556202572,50.17018404818529,US
FLCO,Franklin Investment Grade Corporate ETF,ETF,ETF,21.13999938964844,-0.4567505970736922,0.0005329928032561,40.52120148633831,US
FLDZ,TrueShares Patriot Defense ETF,ETF,ETF,29.707000732421875,-5.228737012249722,-0.079095423276297,30.77614801747376,US
FLEU,Franklin FTSE Eurozone ETF,ETF,ETF,35.305599212646484,-0.6735095474220179,0.0031959615707923,50.75298271847509,US
FLEX,Flex Ltd.,Technology,Electronic Components,132.24000549316406,0.5474461658407097,0.2234483436857712,43.93883639992273,US
FLG,"Flagstar Bank, National Association",Financial Services,Banks - Regional,14.960000038146973,1.4237290721828657,0.0073427424705043,55.33742374757403,US
FLGB,Franklin FTSE United Kingdom ETF,ETF,ETF,35.61000061035156,-1.247922201336244,-0.0163974747543576,52.64065147229243,US
FLGT,"Fulgent Genetics, Inc.",Healthcare,Diagnostics & Research,20.459999084472656,-2.6641358758114624,-0.0363707200183012,60.53016922796064,US
FLGV,Franklin U.S. Treasury Bond ETF,ETF,ETF,20.084999084472656,-0.1243238444559608,0.001185749688345,44.62658371427272,US
FLIA,Franklin International Aggregate Bond ETF,ETF,ETF,20.360200881958008,-0.0971456311279309,0.0012987590738457,47.2000425533327,US
FLIN,Franklin FTSE India ETF,ETF,ETF,35.029998779296875,-1.128991031423932,-0.0131395336083195,47.79900570979699,US
FLJH,Franklin FTSE Japan Hedged ETF,ETF,ETF,45.92020034790039,0.8570208193832539,0.0124416980418817,55.20604985091345,US
FLJJ,AllianzIM U.S. Equity 6 Month Floor5 Jan/Jul ETF,ETF,ETF,33.97480010986328,0.3983450256133698,0.0010304046488437,62.94564303131922,US
FLJP,Franklin FTSE Japan ETF,ETF,ETF,40.08000183105469,0.6529435917204782,0.0133613438445786,53.16734868503863,US
FLMB,Franklin Municipal Green Bond ETF,ETF,ETF,23.83099937438965,-0.3512504199117778,-0.0001502043226049,52.46027844549394,US
FLMX,Franklin FTSE Mexico ETF,ETF,ETF,36.71929931640625,0.4549500894893108,0.0325099262320144,49.38130598536001,US
FLNG,FLEX LNG Ltd.,Energy,Oil & Gas Midstream,30.809999465942383,1.44879359417262,0.049618665916284,54.98071416068934,US
FLO,"Flowers Foods, Inc.",Consumer Defensive,Packaged Foods,8.289999961853027,-3.604655882163119,-0.0130714640188702,56.069063597207695,US
FLOC,Flowco Holdings Inc.,Energy,Oil & Gas Equipment & Services,20.530000686645508,6.3179764600971495,0.0247673711993081,40.29975437885734,US
FLOT,iShares Floating Rate Bond ETF,ETF,ETF,50.970001220703125,0.0392550686244935,-0.0018100196162652,79.22304064830112,US
FLOW,Global X U.S. Cash Flow Kings 100 ETF,ETF,ETF,39.10350036621094,-0.56325592480919,-0.0225871902187554,57.450676888170086,US
FLQS,Franklin U.S. Small Cap Multifactor Index ETF,ETF,ETF,49.060001373291016,-0.4120721697382685,-0.0187653223464375,65.91351317767004,US
FLR,Fluor Corporation,Industrials,Engineering & Construction,51.119998931884766,5.16354307759193,0.1093594942649323,52.14144957665062,US
FLRN,State Street SPDR Bloomberg Investment Grade Floating Rate ETF,ETF,ETF,30.790000915527344,0.0324893718607833,-0.0012435820731696,77.34909640423342,US
FLRT,Pacer Aristotle Pacific Floating Rate High Income ETF,ETF,ETF,46.7400016784668,0.0321095876632563,-0.0003455470211808,69.54944449089413,US
FLSA,Franklin FTSE Saudi Arabia ETF,ETF,ETF,31.75040054321289,-1.1506799531832594,-0.0063878027736834,36.53305923491724,US
FLSP,Franklin Systematic Style Premia ETF,ETF,ETF,27.76000022888184,1.0042242179846104,0.0108953544555352,58.061170797476166,US
FLSW,Franklin FTSE Switzerland ETF,ETF,ETF,43.13750076293945,-1.5372852670980257,-0.028332778093625,52.09254754873116,US
FLTR,VanEck IG Floating Rate ETF,ETF,ETF,25.549999237060547,0.0,-0.0017293740065525,71.16867557464266,US
FLTW,Franklin FTSE Taiwan ETF,ETF,ETF,98.41999816894533,-0.7362615690359392,-0.0933272532818834,46.71318448020455,US
FLXR,TCW Flexible Income ETF,ETF,ETF,38.994998931884766,-0.0384501161082028,0.001504259705123,53.24520889804377,US
FLXS,FLXS,N/A,N/A,71.62999725341797,2.990645737444847,-0.0527333969186978,63.324904168214815,US
FLY,Firefly Aerospace Inc.,Industrials,Aerospace & Defense,21.549999237060547,-16.017149784847206,-0.0839911795135339,31.509220414229347,US
FLYW,Flywire Corporation,Technology,Software - Infrastructure,17.59000015258789,-5.175197433726573,-0.0462504271718178,56.84813384594245,US
FMAG,Fidelity Magellan ETF,ETF,ETF,36.47150039672852,1.557979693258474,0.0137803817926726,53.09149277038745,US
FMAO,"Farmers & Merchants Bancorp, Inc.",Financial Services,Banks - Regional,29.809999465942383,-0.8555312172312799,-0.0179165636916189,55.45209924534441,US
FMAT,Fidelity MSCI Materials Index ETF,ETF,ETF,57.77000045776367,-1.3827267804242611,0.0225950380405524,44.6217577542586,US
FMBH,"First Mid Bancshares, Inc.",Financial Services,Banks - Regional,48.040000915527344,-0.1869938719937265,-0.0171339767411118,58.70201691605974,US
FMC,FMC Corporation,Basic Materials,Agricultural Inputs,10.720000267028809,-7.506470009535097,-0.0146674603413093,38.4111240922404,US
FMCC,Federal Home Loan Mortgage Corporation,Financial Services,Mortgage Finance,5.429999828338623,-3.208561513224411,-0.0096934285474137,41.38277807641597,US
FMCE,FM Compounders Equity ETF,ETF,ETF,28.392000198364254,-1.8494826513827336,-0.0143756446516358,51.953806840105216,US
FMDE,Fidelity Enhanced Mid Cap Core ETF,ETF,ETF,40.56999969482422,0.4705265519643848,0.0024141539924621,57.86232885361245,US
FMF,First Trust Managed Futures Strategy Fund,ETF,ETF,50.369998931884766,1.20554243239413,0.0199823740120441,50.63748675218572,US
FMHI,First Trust Municipal High Income ETF,ETF,ETF,48.390098571777344,-0.1030141543070288,6.809841493407576e-05,57.10830196161518,US
FMQQ,FMQQ The Next Frontier Internet ETF,ETF,ETF,12.276900291442873,1.294557816545321,-0.0067099789993825,65.24869248541142,US
FMTL,First Trust Indxx Critical Metals ETF,EQUITY,EQUITY,32.25,1.4853046884115697,0.0685835362288673,43.830750577628365,US
FMTM,MarketDesk Focused U.S. Momentum ETF,ETF,ETF,40.5099983215332,1.8863179870755056,0.0440641654019937,47.37411753574551,US
FMUB,Fidelity Municipal Bond Opportunities ETF,ETF,ETF,51.30500030517578,-0.2585625818970002,-0.0007188184965765,56.709601164857546,US
FMUN,Fidelity Systematic Municipal Bond Index ETF,ETF,ETF,50.34000015258789,-0.2773363528486184,-0.0041341035613986,54.89717950034503,US
FNB,F.N.B. Corporation,Financial Services,Banks - Regional,18.989999771118164,0.6359243590242503,0.0079909008025821,57.59093296301572,US
FND,"Floor & Decor Holdings, Inc.",Consumer Cyclical,Home Improvement Retail,56.16999816894531,-0.7246441301533134,-0.0016907659118683,53.91387570254127,US
FNDA,Schwab Fundamental U.S. Small Company ETF,ETF,ETF,37.40999984741211,0.3487153228863016,0.0022123992560651,55.92492458484382,US
FNDC,Schwab Fundamental International Small Equity ETF,ETF,ETF,48.68999862670898,-0.3887120238427939,0.0104437863528629,48.5059182511295,US
FNDE,Schwab Fundamental Emerging Markets Equity ETF,ETF,ETF,40.43999862670898,2.5875203073124906,0.021175089963971,52.90768019235925,US
FNDF,Schwab Fundamental International Equity ETF,ETF,ETF,53.15999984741211,0.3397514283334085,0.0296991174446338,51.78790616361252,US
FNDX,Schwab Fundamental U.S. Large Company ETF,ETF,ETF,31.440000534057617,0.319082262229884,-0.0004489790915016,62.85380640411452,US
FNK,First Trust Mid Cap Value AlphaDEX Fund,ETF,ETF,61.61750030517578,0.0934030711534594,0.0108321298440042,59.649060755978425,US
FNLC,"The First Bancorp, Inc.",Financial Services,Banks - Regional,33.790000915527344,-0.2067327039646262,-0.0064245978317585,60.95587480872971,US
FNMA,Federal National Mortgage Association,Financial Services,Mortgage Finance,6.039999961853027,-2.106971034577417,-0.0016690886881456,42.047181269831135,US
FNY,First Trust Mid Cap Growth AlphaDEX Fund,ETF,ETF,104.44750213623048,-1.2783562159877204,0.0003595159629182,45.82021611242897,US
FOPC,Frontier Asset Opportunistic Credit ETF,ETF,ETF,25.23360061645508,-0.2032795383318616,0.0003822029087232,45.11078614388529,US
FOR,Forestar Group Inc.,Real Estate,Real Estate - Development,30.34000015258789,0.3970908072799624,0.0019987323201334,55.49759688232858,US
FORH,Formidable ETF,ETF,ETF,24.152000427246094,-1.93673835093527,-0.0077437324441686,37.67444978096538,US
FOX,Fox Corporation,Communication Services,Entertainment,49.5,0.6097545374156279,0.011645170546459,46.5908069089469,US
FPAG,FPA Global Equity ETF,ETF,ETF,40.59000015258789,-0.3926376623610046,-0.01206915282374,56.928200449997725,US
FPE,First Trust Preferred Securities and Income ETF,ETF,ETF,17.93000030517578,0.1116720152656049,-0.0004995052113096,54.553314446146814,US
FPFD,Fidelity Preferred Securities & Income ETF,ETF,ETF,21.3799991607666,-0.2798571445728415,-0.0022519468446178,45.24279641920856,US
FPH,"Five Point Holdings, LLC",Real Estate,Real Estate - Development,5.199999809265137,2.3622025071121957,0.0069950132056797,54.37834471541658,US
FPI,Farmland Partners Inc.,Real Estate,REIT - Specialty,9.65999984741211,0.8350722791562033,0.0063374759793566,45.50299411474949,US
FPWR,First Trust EIP Power Solutions ETF,EQUITY,EQUITY,37.70149993896485,-0.0861324527065101,0.003640683291178,55.92798903805797,US
FPXE,First Trust IPOX Europe Equity Opportunities ETF,ETF,ETF,33.525001525878906,-1.2518386671863793,0.0004778701586013,41.190904094679865,US
FRBA,First Bank,Financial Services,Banks - Regional,17.280000686645508,-1.144158242725178,-0.0149765379970367,56.24959307675301,US
FRDM,Freedom 100 Emerging Markets ETF,ETF,ETF,68.05000305175781,-0.8595517819593717,0.0530932519212301,45.70642341924447,US
FRHC,Freedom Holdings Corp.,Financial Services,Financial Conglomerates,148.91000366210938,-2.7049979138180023,-1.1299996494582665,50.57558983998723,US
FRI,First Trust S&P REIT Index Fund,ETF,ETF,32.040000915527344,-0.8356559773682557,-0.0009649884873033,57.36413926117319,US
FRIZ,Franklin Dividend Growth ETF,EQUITY,EQUITY,26.57200050354004,-0.1352950179046906,-0.0051242016403922,59.19181401194603,US
FRME,FRME,N/A,N/A,43.29999923706055,1.0737606975588876,0.0047351713268645,59.42407338295638,US
FRMI,Fermi Inc.,Real Estate,REIT - Specialty,6.739999771118164,-8.672091238459798,0.0159657892238075,42.96423000903817,US
FRNW,Fidelity Clean Energy ETF,ETF,ETF,23.34280014038086,0.399140388734879,0.0379466887995293,42.534260886249314,US
FRO,Frontline plc,Energy,Oil & Gas Midstream,38.380001068115234,1.9118460531608352,0.083737738686228,54.510800125131546,US
FRPH,"FRP Holdings, Inc.",Real Estate,Real Estate Services,23.88999938964844,-2.925644871379138,-0.0136540184811725,47.30322835926968,US
FRST,Primis Financial Corp.,Financial Services,Banks - Regional,15.670000076293944,-0.4447248782853444,-0.0023588603346671,52.34692721445335,US
FRTY,Alger Mid Cap 40 ETF,ETF,ETF,23.02560043334961,0.0764995376702193,-1.4065226780685114e-05,47.59178220198,US
FSCS,First Trust SMID Capital Strength ETF,ETF,ETF,36.85369873046875,-0.5942239143048261,-0.0104998971842722,58.21994261654135,US
FSEC,Fidelity Investment Grade Securitized ETF,ETF,ETF,43.630001068115234,-0.3426169834718521,0.0024212055495047,46.51157810236244,US
FSEG,Fidelity Enhanced Small Cap Gro,EQUITY,EQUITY,27.586000442504883,-1.0190182568230142,-0.0132222564436341,51.507978221741,US
FSEV,Fidelity Enhanced Small Cap Val,EQUITY,EQUITY,26.4606990814209,0.0404473276856585,-0.0039969260570404,56.343579254282176,US
FSGS,First Trust SMID Growth Strength ETF,ETF,ETF,31.9325008392334,-1.165301590037794,-0.0253251925060623,56.96090989702265,US
FSK,FSK,N/A,N/A,10.789999961853027,3.2535900363025947,0.0008944303541013,59.32436890724555,US
FSLR,"First Solar, Inc.",Technology,Solar,220.5800018310547,-3.13542918995879,0.2598795247381495,37.20662030570868,US
FSMB,First Trust Short Duration Managed Municipal ETF,ETF,ETF,20.0,0.050026158060714,0.0001013207640654,57.91153222122151,US
FSMD,FSMD,N/A,N/A,51.20000076293945,0.1173276769791297,0.0028832004216013,50.1850619446671,US
FSS,Federal Signal Corporation,Industrials,Farm & Heavy Construction Machinery,118.33000183105467,-6.5176172228305145,-0.0222910426369002,48.603188383393146,US
FSTR,L.B. Foster Company,Industrials,Railroads,41.83000183105469,-0.9940785063794378,0.0097280639724254,47.88342463874469,US
FSUN,FirstSun Capital Bancorp,Financial Services,Banks - Regional,35.29999923706055,-8.40685418136935,-0.0642758022079316,40.48066509325141,US
FTAI,FTAI Aviation Ltd.,Industrials,Aerospace & Defense,206.22000122070312,-9.37376468687765,-0.335685452891564,33.40525806178799,US
FTBI,First Trust Balanced Income ETF,ETF,ETF,21.641300201416016,-0.1831075821705612,-0.004790505280911,49.9100838343053,US
FTCA,Putnam ETF Trust - Franklin California Municipal Income ETF,ETF,ETF,7.380000114440918,-0.2702700090373527,-0.0001206646262538,53.404022174988754,US
FTCB,FTCB,N/A,N/A,20.70499992370605,0.0724958398321311,0.0011615633883424,44.40626815773226,US
FTCE,First Trust New Constructs Core Earnings Leaders ETF,ETF,ETF,27.075000762939453,-1.581241229819007,-0.0271183228487871,47.94315044210162,US
FTCS,First Trust Capital Strength ETF,ETF,ETF,96.01000213623048,-1.5584913996626264,-0.0943782458933836,57.141605665797385,US
FTDR,"Frontdoor, Inc.",Consumer Cyclical,Personal Services,74.43000030517578,-5.087985152937161,-0.124803708151612,55.92001357243649,US
FTEC,Fidelity MSCI Information Technology Index ETF,ETF,ETF,279.70001220703125,2.7025100859622166,0.1686433582702917,51.78864949612776,US
FTGC,First Trust Global Tactical Commodity Strategy Fund,ETF,ETF,28.6200008392334,3.060858363191317,0.0216984595829214,64.61367097637529,US
FTH,"Faeth Therapeutics, Inc.",Healthcare,Biotechnology,33.119998931884766,26.847943920591185,-0.1497764698343702,68.93165847893474,US
FTHB,FIS Faith Income ETF,EQUITY,EQUITY,25.225000381469727,-0.0990083902189047,0.0018341082372607,50.60648433780066,US
FTI,TechnipFMC plc,Energy,Oil & Gas Equipment & Services,74.56999969482422,9.484655743037605,0.134193964473995,66.27625594369002,US
FTIF,First Trust Bloomberg Inflation Sensitive Equity ETF,ETF,ETF,27.249000549316406,1.090709057475409,0.0250487023895562,47.13038110131584,US
FTKI,First Trust Small Cap BuyWrite Income ETF,ETF,ETF,20.030000686645508,-0.7433083065504287,-0.0146012311203687,57.80013585368904,US
FTMH,Putnam ETF Trust - Putnam Franklin Municipal High Yield ETF,ETF,ETF,11.800000190734863,0.0,0.000623010122442,58.00498271339708,US
FTMN,Franklin Minnesota Municipal Income ETF,ETF,ETF,8.84000015258789,-0.4055909207974375,-0.0019817041009126,47.52446278897051,US
FTMS,Putnam ETF Trust - Putnam Franklin Short Term Municipal Income ETF,ETF,ETF,9.93000030517578,-0.0503282760919186,0.0001140063547527,63.15582121269635,US
FTMU,Putnam ETF Trust - Franklin Municipal Income ETF,ETF,ETF,7.875,-0.3795092854156539,-0.0002606385113482,49.89811779418844,US
FTNJ,Franklin New Jersey Municipal Income ETF,ETF,ETF,8.770000457763672,-0.4540290572967718,-0.0010095319435628,47.23103606208894,US
FTNT,"Fortinet, Inc.",Technology,Software - Infrastructure,166.8300018310547,5.142751469260709,0.3218242660656285,66.7942001213024,US
FTNY,Putnam ETF Trust - Putnam Franklin New York Municipal Income ETF,ETF,ETF,7.909999847412109,-0.252206574520239,-0.0009605261939668,50.048008895730334,US
FTOH,Franklin Ohio Municipal Income ETF,ETF,ETF,8.433199882507324,-0.1751902438033182,-0.0002865205792677,55.11742189394405,US
FTQI,First Trust Nasdaq BuyWrite Income ETF,ETF,ETF,22.290000915527344,1.2721521296400848,-0.000177378801541,62.55143167283567,US
FTRB,Federated Hermes Total Return Bond ETF,ETF,ETF,24.905000686645508,-0.3600726127867213,4.470294036440503e-06,41.63335130718028,US
FTRE,Fortrea Holdings Inc.,Healthcare,Biotechnology,18.030000686645508,3.146459718607147,0.0112928042501225,63.23465711208048,US
FTSM,First Trust Enhanced Short Maturity ETF,ETF,ETF,59.80500030517578,0.0585575491786083,-0.0004062738518965,71.66402408174264,US
FTWO,Strive Natural Resources and Security ETF,ETF,ETF,43.03919982910156,-0.0158007828787218,0.0172892319494584,44.29010849155425,US
FTXG,First Trust Nasdaq Food & Beverage ETF,ETF,ETF,22.598499298095703,-0.9923393527833584,-0.0117575597316774,52.442386070339225,US
FTXL,First Trust Nasdaq Semiconductor ETF,ETF,ETF,248.4499969482422,2.7162195852496187,0.4888940489207529,46.44420565239024,US
FTXN,First Trust Nasdaq Oil & Gas ETF,ETF,ETF,35.9739990234375,4.484457463189778,0.0421411280629361,59.215875262533366,US
FULT,Fulton Financial Corporation,Financial Services,Banks - Regional,24.209999084472656,-0.0825441937330961,-0.0069358292134678,62.89512438199227,US
FUMB,First Trust Ultra Short Duration Municipal ETF,ETF,ETF,20.084999084472656,-0.0248933204442517,-0.0006171010559847,63.484794196188815,US
FUN,Six Flags Entertainment Corporation,Consumer Cyclical,Leisure,18.809999465942383,-1.5698646511119112,0.0484982122544634,38.57699496504255,US
FUSI,American Century Multisector Floating Income ETF,ETF,ETF,50.54999923706055,0.1287483924396683,0.0020083338550836,80.00236207313017,US
FV,First Trust Dorsey Wright Focus 5 ETF,ETF,ETF,71.947998046875,0.3290942487500578,-0.0034287543156225,48.12214226600722,US
FVD,First Trust Value Line Dividend Index Fund,ETF,ETF,48.91999816894531,-1.0917932177982397,-0.0302785056017466,57.3536030400165,US
FVR,"FrontView REIT, Inc.",Real Estate,REIT - Diversified,21.46999931335449,3.719799623358552,0.0136021473377676,76.41759640202287,US
FVRR,Fiverr International Ltd.,Communication Services,Internet Content & Information,11.06999969482422,-1.3369034637671342,-0.0153724016330016,54.71807879894096,US
FWD,AB Disruptors ETF,ETF,ETF,135.5800018310547,0.4668431990066127,0.0876166794802482,45.76680260078356,US
FWONA,Formula One Group,Communication Services,Entertainment,92.13999938964844,0.8758518544257339,0.0391159013055217,68.47250355019004,US
FWRD,Forward Air Corporation,Industrials,Integrated Freight & Logistics,12.789999961853027,-2.366415348011764,-0.0082652498588618,47.97003425825581,US
FXB,Invesco CurrencyShares British Pound Sterling Trust,ETF,ETF,128.69000244140625,0.2648977964336164,-0.0091320785286666,56.090473005328604,US
FXC,Invesco CurrencyShares Canadian Dollar Trust,ETF,ETF,69.44090270996094,0.7704237696093476,0.0299559409023525,51.55978675467575,US
FXD,First Trust Consumer Discretionary AlphaDEX Fund,ETF,ETF,68.35590362548828,-0.7896921456326258,-0.0060183487842843,49.66449145827016,US
FXG,First Trust Consumer Staples AlphaDEX Fund,ETF,ETF,63.45000076293945,-0.8283819679413985,-0.0462685079448093,53.89306194300265,US
FXH,First Trust Health Care AlphaDEX Fund,ETF,ETF,121.87999725341795,-3.834622607123196,-0.2537179512441798,53.84727174515656,US
FXI,iShares China Large-Cap ETF,ETF,ETF,33.77000045776367,3.939669785074872,0.0260749897298954,53.89107987276706,US
FXN,First Trust Energy AlphaDEX Fund,ETF,ETF,21.125,2.5983479526340214,0.0184546778460639,55.15535263877338,US
FXO,First Trust Financials AlphaDEX Fund,ETF,ETF,64.2699966430664,-0.5724052445478274,-0.0419211031572861,66.5368166381603,US
FXP,ProShares UltraShort FTSE China 50,ETF,ETF,22.339599609375,-8.029646902588434,-0.0430347903308824,44.82123283272063,US
FXR,First Trust Industrials/Producer Durables AlphaDEX Fund,ETF,ETF,88.44000244140625,-0.7184546211193764,-0.0140519629005029,49.93893405565255,US
FXU,First Trust Utilities AlphaDEX Fund,ETF,ETF,50.0,0.1000985711648756,0.0019523077998264,58.24825479975491,US
FYEE,Fidelity Yield Enhanced Equity ETF,ETF,ETF,29.3700008392334,0.8585164587741867,-0.0031182769645868,62.63381152469923,US
FYLD,Cambria Foreign Shareholder Yield ETF,ETF,ETF,37.86000061035156,2.186238569421572,0.042281098194182,58.06349507035006,US
FYT,First Trust Small Cap Value AlphaDEX Fund,ETF,ETF,70.05979919433594,0.3003589474559163,-0.0058849390644472,62.311045854834646,US
G,Genpact Limited,Technology,Information Technology Services,29.520000457763672,-0.739742148781532,-0.0253553679361967,47.59554907495362,US
GAA,Cambria Global Asset Allocation ETF,ETF,ETF,34.89910125732422,1.5394307299457295,0.0129239271212939,56.389794294724446,US
GAB,The Gabelli Equity Trust Inc.,Financial Services,Asset Management,5.659999847412109,0.3546095992902228,-0.0021098542587887,56.71555282868318,US
GABC,"German American Bancorp, Inc.",Financial Services,Banks - Regional,47.20000076293945,-0.9651680359743722,-0.0110610256368797,58.73356196618681,US
GAIN,Gladstone Investment Corporation,Financial Services,Asset Management,16.520000457763672,5.626599073679815,-0.0070040779441212,69.71448752191239,US
GAM,"General American Investors Company, Inc.",Financial Services,Asset Management,64.4000015258789,-0.3712838274066644,-0.0212228130327496,56.07763935589412,US
GAMI,"GAMCO Investors, Inc.",Financial Services,Asset Management,24.5,1.6597494282109204,0.0214562641444456,58.20854333855743,US
GAP,"The Gap, Inc.",Consumer Cyclical,Apparel Retail,20.1299991607666,6.5361243985088056,0.0704313554659223,49.90342902819477,US
GATX,GATX Corporation,Industrials,Rental & Leasing Services,177.74000549316406,2.049725763191336,-0.0412903121041415,51.79694503326034,US
GAVA,Grayscale Avalanche Staking ETF,ETF,ETF,16.19499969482422,-1.3101776635409086,-0.0044536297139696,44.819212902893646,US
GBCI,"Glacier Bancorp, Inc.",Financial Services,Banks - Regional,51.790000915527344,-0.3463542446561943,-0.0133384281711391,60.11793495910594,US
GBFH,GBank Financial Holdings Inc.,Financial Services,Banks - Regional,30.59000015258789,-2.6416292860937345,-0.0052363004070816,52.21773785846152,US
GBHI,Gabelli High Income ETF,EQUITY,EQUITY,25.1299991607666,-0.3766153390146739,-0.0035989691213345,50.52378283951478,US
GBIL,Goldman Sachs Access Treasury 0-1 Year ETF,ETF,ETF,100.0,0.0800658852289207,-9.414635886466348e-05,99.960300707481,US
GBND,Goldman Sachs Core Bond ETF,ETF,ETF,50.02999877929688,-0.2989269130463405,0.0025084097519124,43.23930746755089,US
GBTC,Grayscale Bitcoin Trust ETF,ETF,ETF,50.02999877929688,1.1524458256675605,0.0594710331142898,50.954661281105935,US
GBTG,"Global Business Travel Group, Inc.",Consumer Cyclical,Travel Services,9.40999984741211,0.2129872562100293,0.003102039357771,70.43134458340398,US
GBX,"The Greenbrier Companies, Inc.",Industrials,Railroads,47.34000015258789,3.4076046633633736,0.026804808181995,45.69860675007619,US
GCAL,Goldman Sachs Dynamic California Municipal Income ETF,ETF,ETF,50.95000076293945,-0.2154340136957041,-0.0020001230362205,54.17480124975491,US
GCBC,"Greene County Bancorp, Inc.",Financial Services,Banks - Regional,32.369998931884766,-5.4890542134751374,-0.0510475768930542,59.36557728190347,US
GCC,WisdomTree Enhanced Commodity Strategy Fund,ETF,ETF,24.035999298095703,2.761863725114767,0.0188776349067536,58.82886399561629,US
GCO,Genesco Inc.,Consumer Cyclical,Apparel Retail,34.349998474121094,2.721291521481344,0.0769080044940033,47.20061160324228,US
GCOR,Goldman Sachs Access U.S. Aggregate Bond ETF,ETF,ETF,40.755001068115234,-0.1347716327492637,0.0038357377652457,44.682765200047854,US
GCOW,Pacer Global Cash Cows Dividend ETF,ETF,ETF,44.22999954223633,0.1811959537771031,0.0080705739109048,49.37971705678157,US
GCT,GigaCloud Technology Inc.,Technology,Software - Infrastructure,35.400001525878906,5.075698928091539,0.009983863788688,55.61671952329143,US
GD,General Dynamics Corporation,Industrials,Aerospace & Defense,369.5,-1.371987627445748,-0.6666383699352112,60.3559069352928,US
GDE,WisdomTree Efficient Gold Plus Equity Strategy Fund,ETF,ETF,62.060001373291016,-0.9275035165418446,0.0005074121408146,45.79884175841927,US
GDIV,Harbor Dividend Growth Leaders ETF,ETF,ETF,18.67970085144043,0.3475749724297695,0.0007623722492969,60.80954889950101,US
GDMA,Gadsden Dynamic Multi-Asset ETF,ETF,ETF,41.73419952392578,0.7829019022175451,0.0172040380104268,47.4868658685886,US
GDMN,WisdomTree Efficient Gold Plus Gold Miners Strategy Fund,ETF,ETF,72.4011001586914,-2.6736110327671163,0.0398334842423384,41.305391933439886,US
GDOC,Goldman Sachs Future Health Care Equity ETF,ETF,ETF,36.15499877929688,-1.728687941571086,-0.0699112221085491,61.912428685423095,US
GDOG,Grayscale Dogecoin Trust ETF,ETF,ETF,8.729999542236328,-0.5694782717031244,0.0202223706815602,39.951737429124776,US
GDX,VanEck Gold Miners ETF,ETF,ETF,74.87999725341797,-1.161569242342534,0.0616094406478562,42.72191023494203,US
GDXJ,VanEck Junior Gold Miners ETF,ETF,ETF,98.37000274658205,-0.566054338285949,0.1130149905270414,44.43971705938549,US
GDXW,Roundhill Gold Miners Weeklypay ETF,ETF,ETF,35.25,-1.8887676967456175,0.0294546594290108,41.98653109643981,US
GDXY,YieldMax Gold Miners Option Income Strategy ETF,ETF,ETF,9.960000038146973,-0.9058863637032132,0.0064825453190842,42.265297993789,US
GDYN,"Grid Dynamics Holdings, Inc.",Technology,Information Technology Services,5.829999923706055,-1.1864435683033252,-0.0055798836536527,45.60906819001659,US
GE,GE Aerospace,Industrials,Aerospace & Defense,353.7300109863281,-3.6105508756153015,-0.3264795880847266,51.7689609617689,US
GEHC,GE HealthCare Technologies Inc.,Healthcare,Medical Devices,61.65999984741211,-4.977653833591488,-0.2313559549584905,39.38987273934698,US
GEL,"Genesis Energy, L.P.",Energy,Oil & Gas Midstream,14.579999923706056,-2.4749156540442074,-0.0143572584756179,46.6315472445296,US
GEMD,Goldman Sachs Access Emerging Markets USD Bond ETF,ETF,ETF,41.96110153198242,-0.4481612978839517,-0.0020880648551528,45.527069814933405,US
GEMI,"Gemini Space Station, Inc.",Financial Services,Capital Markets,4.340000152587891,3.5799544944860444,0.0075114847613294,47.624395924833074,US
GENB,"Generate Biomedicines, Inc.",Healthcare,Biotechnology,14.210000038146973,-12.392104564102029,-0.0530447127744712,43.69266877559856,US
GEND,Genter Capital Dividend Income ETF,ETF,ETF,12.984999656677246,1.1765624684189189,0.0033617708880821,62.28483361746228,US
GENI,Genius Sports Limited,Communication Services,Internet Content & Information,6.420000076293945,-0.7727931301250323,0.0010433754185639,54.60764969493822,US
GENM,Genter Capital Municipal Quality Intermediate ETF,ETF,ETF,10.270000457763672,-0.1943586410446784,-0.0003384125488825,49.86940270425444,US
GENW,Genter Capital International Dividend ETF,ETF,ETF,15.120599746704102,0.6697688806555997,0.0040274471721757,60.27047673766111,US
GEO,"The GEO Group, Inc.",Industrials,Security & Protection Services,29.780000686645508,2.5835342137798083,-0.0280296574063849,61.02735145138418,US
GETY,"Getty Images Holdings, Inc.",Communication Services,Internet Content & Information,0.651199996471405,-23.026006576942656,-0.0061405750701538,39.56173819457384,US
GEV,GE Vernova Inc.,Industrials,Specialty Industrial Machinery,1066.010009765625,-1.0277738645895325,-0.979786875752378,50.81443555689195,US
GEVG,Leverage Shares 2X Long GEV Daily ETF,ETF,ETF,29.82999992370605,-1.939513974714526,-0.0379468240105793,49.47113204616192,US
GFF,Griffon Corporation,Industrials,Building Products & Equipment,90.83000183105467,-1.6459086823833025,0.033959072919409,48.92099358949204,US
GFLW,VictoryShares Free Cash Flow Growth ETF,ETF,ETF,33.08720016479492,0.5598282452925827,-0.0028000588295203,52.76856126579279,US
GFS,GLOBALFOUNDRIES Inc.,Technology,Semiconductors,63.38999938964844,-3.721137734681533,0.0273731114365634,35.75778995833684,US
GGM,GGM Macro Alignment ETF,ETF,ETF,30.40800094604492,-0.451773008150347,-0.0105274579588803,62.86432508237759,US
GGOV,iShares Global Government Bond USD Hedged Active ETF,ETF,ETF,50.130001068115234,0.1398315879023654,0.0056099905580544,50.98360136286568,US
GGUS,Goldman Sachs MarketBeta Russell 1000 Growth Equity ETF,ETF,ETF,67.25080108642578,1.464698740205989,0.019515026027319,52.776322219348415,US
GHC,Graham Holdings Company,Industrials,Conglomerates,1178.1199951171875,1.9805412794072863,0.2908340861910314,57.20207025723958,US
GHM,Graham Corporation,Industrials,Specialty Industrial Machinery,107.0500030517578,0.8763666425797706,0.1500866043308413,47.91484789995734,US
GHRS,GH Research PLC,Healthcare,Biotechnology,26.770000457763672,-0.446258589098222,-0.0101473038524058,58.99061458269768,US
GHY,"PGIM Global High Yield Fund, Inc",Financial Services,Asset Management,11.899999618530272,-0.4520167314560772,-0.0009124068122289,54.36333343781221,US
GHYG,iShares US & Intl High Yield Corp Bond ETF,ETF,ETF,45.20000076293945,0.243957884185656,0.001188096437793,57.66094130591754,US
GIC,Global Industrial Company,Industrials,Industrial Distribution,33.68000030517578,2.4954342044835576,0.0187780916159272,61.00853713336701,US
GIGB,Goldman Sachs Access Investment Grade Corporate Bond ETF,ETF,ETF,45.2599983215332,-0.4509003197331314,0.0008891237700507,39.89046146576592,US
GIGL,Goldman Sachs Corporate Bond ETF,ETF,ETF,49.93960189819336,-0.4294624391306491,0.001310023036095,41.58122814744838,US
GII,State Street SPDR S&P Global Infrastructure ETF,ETF,ETF,76.37000274658203,-0.0523503646253319,0.010387870125971,55.4237054104044,US
GIII,"G-III Apparel Group, Ltd.",Consumer Cyclical,Apparel Manufacturing,34.18000030517578,0.7665157731892446,-0.0083080899162711,54.36130631816132,US
GILD,"Gilead Sciences, Inc.",Healthcare,Drug Manufacturers - General,130.0399932861328,-4.634795611565123,-0.2623312268488675,51.17506918394121,US
GIND,Goldman Sachs India Equity ETF,ETF,ETF,24.24220085144043,-0.0321614373590528,-0.0063871500244127,52.15893998226386,US
GINN,Goldman Sachs Innovate Equity ETF,ETF,ETF,78.75,-0.4802189644983907,-0.0456684497480105,52.95178866063512,US
GJUN,FT Vest U.S. Equity Moderate Buffer ETF - June,ETF,ETF,41.400001525878906,0.4976376564470375,0.0021754585965793,61.93125746223675,US
GK,AdvisorShares Gerber Kawasaki ETF,ETF,ETF,28.922700881958008,-0.1494811914192884,0.0111419698044846,49.11438784080415,US
GKAT,Scharf Global Opportunity ETF,ETF,ETF,44.02980041503906,0.52924808796989,0.0093997711255783,54.99924752345361,US
GLAD,Gladstone Capital Corporation,Financial Services,Asset Management,19.799999237060547,2.272720107631207,-0.0010245768595834,60.21682704702974,US
GLBE,Global-E Online Ltd.,Consumer Cyclical,Internet Retail,38.75,4.956668260601284,-0.0206133304616815,67.70679997548957,US
GLDB,IDX Alternative FIAT ETF,ETF,ETF,19.71500015258789,-0.7301130579426759,0.0147555041097945,43.38440647001844,US
GLDI,UBS ETRACS Gold Shares Covered Call ETN,ETF,ETF,142.1802978515625,-0.8630028464603096,0.0077870677173419,43.1978770282972,US
GLDM,SPDR Gold MiniShares,ETF,ETF,80.25,-1.424890811851511,-0.0054578697529459,41.481595699320685,US
GLDN,Nicholas Gold Income ETF,EQUITY,EQUITY,14.177900314331056,-2.480806570109152,0.0028830898672294,41.00224835901317,US
GLDW,Roundhill Gold WeeklyPay ETF,ETF,ETF,40.87139892578125,-2.0430344648010377,-0.0056581180825645,40.56337785764524,US
GLGG,Leverage Shares 2X Long GLXY Daily ETF,ETF,ETF,5.913599967956543,-4.757612134103901,0.0569508249504754,36.487541851380335,US
GLIX,Lazard Listed Infrastructure ETF,ETF,ETF,27.92510032653809,-0.196208779829931,0.0055100172489115,55.82071021784799,US
GLNG,Golar LNG Limited,Energy,Oil & Gas Midstream,51.91999816894531,2.811877562267945,0.0446408588013986,57.43903974782066,US
GLNK,Grayscale Chainlink Trust ETF,ETF,ETF,7.359899997711182,4.6927422198729305,0.0209421102843562,55.26895706349423,US
GLOB,Globant S.A.,Technology,Information Technology Services,30.920000076293945,-2.3064756746756223,-0.0012177746188761,44.18514338117606,US
GLOF,iShares Global Equity Factor ETF,ETF,ETF,59.220401763916016,0.6636068684520201,0.012631218817602,55.39345977840658,US
GLOO,"Gloo Holdings, Inc.",Technology,Software - Application,3.380000114440918,-10.582006877682248,0.0244255878930416,33.67411428285911,US
GLOW,VictoryShares WestEnd Global Equity ETF,ETF,ETF,34.38880157470703,-0.1373734258579524,-0.005474116962316,54.75516289696372,US
GLP,Global Partners LP,Energy,Oil & Gas Midstream,48.7599983215332,0.5983022354581886,-0.0263149735181598,56.11297525562652,US
GLRE,"Greenlight Capital Re, Ltd.",Financial Services,Insurance - Reinsurance,16.6299991607666,1.2789225547924226,-0.0166434882817774,52.625564813072295,US
GLRY,Inspire Growth ETF,ETF,ETF,42.05500030517578,1.4840774586088303,0.0252308616277015,50.56738172385693,US
GLTR,GLTR,N/A,N/A,182.6100006103516,-1.653377954829118,0.0494975179564693,40.45808314380071,US
GLUE,"Monte Rosa Therapeutics, Inc.",Healthcare,Biotechnology,23.459999084472656,-3.852461265383568,-0.0353871562706871,59.70359491425209,US
GLW,Corning Incorporated,Technology,Electronic Components,187.63999938964844,1.2191144931000446,0.2331155498745953,46.796199892960665,US
GM,General Motors Company,Consumer Cyclical,Auto Manufacturers,76.87000274658203,1.1048322777480972,0.0511337281105663,45.17160061751739,US
GMAY,FT Vest U.S. Equity Moderate Buffer ETF - May,ETF,ETF,43.25,0.3829660416235408,-0.0014520524627629,57.91694684969853,US
GMEU,T-Rex 2X Long GME Daily Target ETF,ETF,ETF,8.470000267028809,1.6806764058224275,0.0182143843017383,51.53877122713978,US
GMMA,Gammaroad Market Navigation ETF,ETF,ETF,21.64459991455078,0.3970494885264031,0.0001995034504661,57.07644004618359,US
GMMF,iShares Government Money Market ETF,ETF,ETF,100.30500030517578,0.0568505827413046,-0.0008475266880948,98.8031409977228,US
GMOM,Cambria Global Momentum ETF,ETF,ETF,36.23320007324219,2.1948898660213403,0.0272200626559211,53.54483598695823,US
GMOV,GMO U.S. Value ETF,ETF,ETF,30.68000030517578,0.1240131406746481,-0.0104767841385059,59.96293714809576,US
GNL,"Global Net Lease, Inc.",Real Estate,REIT - Diversified,8.8100004196167,0.3177540702297198,0.0015717465021597,44.25888664491719,US
GNOM,Global X Genomics & Biotechnology ETF,ETF,ETF,55.76490020751953,-4.376255768456379,-0.1399331950014279,57.402162586958895,US
GNR,State Street SPDR S&P Global Natural Resources ETF,ETF,ETF,69.61000061035156,2.44297827323496,0.0962238694673376,52.11963765782225,US
GNTX,Gentex Corporation,Consumer Cyclical,Auto Parts,23.700000762939453,-0.9197374684733318,0.0082872638107076,42.47193994350786,US
GOAU,U.S. Global GO GOLD and Precious Metal Miners ETF,ETF,ETF,36.790000915527344,-0.9157019736254736,0.0304758906118296,42.99791124254548,US
GOGO,Gogo Inc.,Communication Services,Telecom Services,3.4600000381469727,-2.535208883892769,-0.0118969326838758,45.5498907065417,US
GOLD,"Gold.com, Inc.",Financial Services,Capital Markets,39.06999969482422,-9.873123252477,-0.0381968409642334,40.32605886648533,US
GOLF,Acushnet Holdings Corp.,Consumer Cyclical,Leisure,112.41999816894533,-1.8851489156844716,-0.0203340113331647,59.374003272967215,US
GOLS,Gabelli Opportunities in Live and Sports ETF,EQUITY,EQUITY,26.0177001953125,-1.7050121640404865,-0.0102613647737743,47.08085889821946,US
GOLY,Strategy Shares - Strategy Shares Gold Enhanced Yield ETF,ETF,ETF,24.86000061035156,-2.4332768564498557,-0.016805370991843,38.22998395090496,US
GOOD,Gladstone Commercial Corporation,Real Estate,REIT - Diversified,12.56999969482422,0.3192335411450348,-0.0001492065378135,54.86440790931539,US
GOOG,Alphabet Inc.,Communication Services,Internet Content & Information,357.3299865722656,-1.729830215440911,0.1222834590653767,49.567399837570846,US
GOOP,Kurv Yield Premium Strategy Google ETF,ETF,ETF,40.77999877929688,-2.206239728561882,0.0127265149001543,48.807767431104416,US
GOOW,Roundhill GOOGL WeeklyPay ETF,ETF,ETF,67.38999938964844,-2.583780098396212,0.0222781708510553,48.87363136811921,US
GOOY,YieldMax GOOGL Option Income Strategy ETF,ETF,ETF,13.239999771118164,-1.3792691927648109,0.0027468823125833,49.42005148669637,US
GOP,Unusual Whales Subversive Republican Trading ETF,ETF,ETF,44.15999984741211,1.2054842328785578,0.0219112332998927,52.57681405722145,US
GOTU,Gaotu Techedu Inc.,Consumer Defensive,Education & Training Services,1.809999942779541,2.840906397000803,-0.0042184424882828,56.518378569971205,US
GOVM,iShares 1-10 Year Treasury Bond,ETF,ETF,24.86000061035156,-0.4803800403673776,-0.0036678083469856,43.03700129216551,US
GPAT,GPAT,N/A,N/A,11.010000228881836,1.2879516540634552,-0.0021492308438795,63.44847049677685,US
GPGI,"GPGI, Inc.",Industrials,Metal Fabrication,14.649999618530272,-7.454202848154686,-0.0224775397195455,50.63958481293798,US
GPIQ,Goldman Sachs Nasdaq-100 Premium Income ETF,ETF,ETF,57.75,1.4403648171940526,0.0209725204070813,51.74389105202415,US
GPIX,Goldman Sachs S&P 500 Premium Income ETF,ETF,ETF,55.5099983215332,0.470585197345164,-0.0046876681577012,57.84438467199565,US
GPOR,GPOR,N/A,N/A,151.49000549316406,-9.075082565150709,-0.3253867201589915,33.6699766050302,US
GPRK,GeoPark Limited,Energy,Oil & Gas E&P,10.350000381469728,7.588362833626159,0.0340152205883788,59.073126335100056,US
GPT,Intelligent Alpha Atlas ETF,ETF,ETF,33.87889862060547,0.5577059688442819,0.0038824952999239,53.75355480633534,US
GPZ,VanEck Alternative Asset Manager ETF,ETF,ETF,22.479999542236328,1.3297276691253423,0.0171665774887001,52.86159643865029,US
GQGU,GQG US Equity ETF,ETF,ETF,26.01000022888184,0.1154760861205365,-0.000764042102293,52.37053824625573,US
GQI,Natixis Gateway Quality Income ETF,ETF,ETF,59.68999862670898,1.2209553859617073,0.0033133821638575,64.5401628483603,US
GQQQ,Astoria US Quality Growth Kings ETF,ETF,ETF,35.461299896240234,1.0322256556684322,0.010023237436475,50.54946665986582,US
GRID,First Trust NASDAQ Clean Edge Smart Grid Infrastructure Index Fund,ETF,ETF,183.7100067138672,0.7347763516792449,0.1406642457965938,45.64103514917728,US
GRMN,Garmin Ltd.,Technology,Scientific & Technical Instruments,241.38999938964844,-2.931475591459103,-0.3011293242255537,52.41345577655488,US
GRNB,VanEck Green Bond ETF,ETF,ETF,23.920000076293945,-0.208590899010542,0.0006907820954845,47.20604164346813,US
GRNJ,Fundstrat Granny Shots US Small- & Mid-Cap ETF,EQUITY,EQUITY,29.479999542236328,-0.774148600888153,0.0145284685297394,41.65455138332103,US
GRNT,"Granite Ridge Resources, Inc.",Energy,Oil & Gas E&P,4.610000133514404,3.36323080906863,0.0013177445283891,47.95482063596226,US
GRNY,Fundstrat Granny Shots US Large Cap ETF,ETF,ETF,27.81999969482422,0.5057781362172151,0.000990269840171,57.30008349827038,US
GRPM,GRPM,N/A,N/A,131.69900512695312,-1.0079586792338353,-0.0923929293121772,58.70167005629856,US
GRPZ,Invesco S&P Smallcap 600 GARP ETF,ETF,ETF,32.22600173950195,-1.259304730916404,-0.026109393536809,65.5338237334486,US
GRRR,Gorilla Technology Group Inc.,Technology,Software - Infrastructure,16.770000457763672,-5.09337642696285,-0.0421225315272867,46.15023061409684,US
GRVY,"Gravity Co., Ltd.",Communication Services,Electronic Gaming & Multimedia,62.20000076293945,-1.6445301833087456,-0.0918279976317753,44.91757011438144,US
GRW,TCW Durable Growth ETF,ETF,ETF,31.65049934387207,-1.1076447817910997,-0.0115501219050163,50.00310460529374,US
GS,"The Goldman Sachs Group, Inc.",Financial Services,Capital Markets,1140.0,9.302193843418353,6.371351969871517,67.53426581630332,US
GSEE,GSEE,N/A,N/A,67.58799743652344,-0.2509014289434835,0.0162343364594874,45.81183290015889,US
GSG,iShares S&P GSCI Commodity-Indexed Trust,ETF,ETF,31.0,5.874314457031338,0.0668897671534883,58.81712527518157,US
GSGO,Goldman Sachs Growth Opportunities ETF,ETF,ETF,44.39630126953125,0.9350929941396676,0.0107963398311554,53.435043361076815,US
GSHD,"Goosehead Insurance, Inc.",Financial Services,Insurance Brokers,50.29999923706055,-9.532372990131323,-0.4831470999221543,57.03781975735675,US
GSIB,Themes Global Systemically Important Banks ETF,ETF,ETF,62.59439849853516,2.106580534646272,0.0540595239877891,68.51090143121442,US
GSID,Goldman Sachs MarketBeta International Equity ETF,ETF,ETF,75.26309967041016,-0.2873657616279275,0.0007333756133598,53.3350860566157,US
GSIE,Goldman Sachs ActiveBeta International Equity ETF,ETF,ETF,46.04999923706055,0.1958227902104042,0.0065060426229631,55.84869092679674,US
GSJY,Goldman Sachs ActiveBeta Japan Equity ETF,ETF,ETF,52.90710067749024,1.0371672921534842,0.0242145120486123,54.46431413541507,US
GSL,"Global Ship Lease, Inc.",Industrials,Marine Shipping,41.2400016784668,5.852162853111632,0.0508769996851128,66.98603429157097,US
GSLC,Goldman Sachs ActiveBeta U.S. Large Cap Equity ETF,ETF,ETF,143.11000061035156,0.5409612844397439,-0.0168737843338034,58.12719839640777,US
GSM,Ferroglobe PLC,Basic Materials,Other Industrial Metals & Mining,3.440000057220459,0.0,0.0141272879167113,44.37710524089695,US
GSOL,Grayscale Solana Staking ETF,ETF,ETF,5.820000171661377,-5.057095220100405,-0.0106933674379453,52.20858645442945,US
GSPY,Gotham Enhanced 500 ETF,ETF,ETF,41.08100128173828,0.8617769296510062,0.0002653427567143,59.45788333580023,US
GSUI,Grayscale Sui Staking ETF,ETF,ETF,11.074000358581545,3.8836821491131546,0.0299348421806987,50.1051368921481,US
GSUS,Goldman Sachs MarketBeta US Equity ETF,ETF,ETF,103.87000274658205,0.5031487954894812,-0.0094898899211753,56.88642285913584,US
GSY,Invesco Ultra Short Duration ETF,ETF,ETF,50.209999084472656,0.0797307494264647,-2.115348294841335e-06,77.93705811941764,US
GT,The Goodyear Tire & Rubber Company,Consumer Cyclical,Auto Parts,6.659999847412109,-5.128207044053164,-0.0104257351311027,54.13020927560491,US
GTEK,Goldman Sachs Future Tech Leaders Equity ETF,ETF,ETF,57.52000045776367,-0.8241674399368369,-0.0085912674929149,45.885183197639165,US
GTEN,"Gores Holdings X, Inc.",Financial Services,Shell Companies,10.489999771118164,-0.6628849026227217,-0.0023957198693043,56.67269375963548,US
GTES,Gates Industrial Corporation plc,Industrials,Specialty Industrial Machinery,26.239999771118164,0.4209744121106787,0.0258275901778667,46.48188685412663,US
GTLB,GitLab Inc.,Technology,Software - Infrastructure,32.97999954223633,1.1966842216092124,-0.0659285900494719,61.18325683058544,US
GTN,"Gray Media, Inc.",Communication Services,Broadcasting,3.809999942779541,-2.3076961637717965,-0.003399832236857,44.94446039477285,US
GTND,Goaltender ETF,EQUITY,EQUITY,25.27949905395508,0.9564621791975304,0.0024879704926221,52.15624549861015,US
GTOP,Goldman Sachs Technology Opportunities ETF,ETF,ETF,49.25189971923828,2.3394844396082357,0.0344290172767047,55.022727106327885,US
GTOQ,Invesco High Yield Systematic Bond ETF,ETF,ETF,22.325000762939453,-0.1788464502037021,-0.0001934774399264,53.374782917571416,US
GTPE,Goldman Sachs MSCI World Private Equity Return Tracker ETF,ETF,ETF,60.53390121459961,0.4112097657668535,-0.0009249383232443,51.9005934633935,US
GTR,WisdomTree Target Range Fund,ETF,ETF,27.18720054626465,0.1960631183778525,-0.0002333461649219,55.82307111766698,US
GTX,Garrett Motion Inc.,Consumer Cyclical,Auto Parts,31.68000030517578,-1.767440914183624,0.0193022075965404,45.65501734767778,US
GTY,Getty Realty Corp.,Real Estate,REIT - Retail,34.45000076293945,-0.4047394883806131,-0.0174300220492285,62.01914477616025,US
GUNR,FlexShares Morningstar Global Upstream Natural Resources Index Fund,ETF,ETF,51.0099983215332,2.1016798564891923,0.0649000115502543,52.1217057652344,US
GURU,Global X Guru Index ETF,ETF,ETF,68.76200103759766,-0.676010828604222,-0.036401139823071,53.354002403876095,US
GUSH,Direxion Daily S&P Oil & Gas Exp. & Prod. Bull 2X Shares,ETF,ETF,35.310001373291016,10.481859777167246,0.0935204252505157,58.45877059661726,US
GUT,The Gabelli Utility Trust,Financial Services,Asset Management,7.019999980926514,2.3323592463276066,6.815985268562863e-05,76.51290989761516,US
GVA,Granite Construction Incorporated,Industrials,Engineering & Construction,120.93000030517578,-16.06164075980653,-0.053633786308854,30.364403730234518,US
GVAL,Cambria Global Value ETF,ETF,ETF,36.97999954223633,2.494450292424866,0.0255531345240299,58.70409104770823,US
GVI,iShares Intermediate Government/Credit Bond ETF,ETF,ETF,105.48500061035156,-0.0899803173475432,0.0042437073191239,47.61675662451147,US
GVIP,Goldman Sachs Hedge Industry VIP ETF,ETF,ETF,179.4199981689453,0.6823659703409013,0.0465971812334959,49.57548171674036,US
GVLU,Gotham 1000 Value ETF,ETF,ETF,26.847900390625,-0.567012566843031,-0.013901654937516,56.78582448891923,US
GVUS,Goldman Sachs MarketBeta Russell 1000 Value Equity ETF,ETF,ETF,63.23939895629883,-0.5701113598649976,-0.0255035499646786,60.45573826183359,US
GWW,"W.W. Grainger, Inc.",Industrials,Industrial Distribution,1371.0699462890625,1.0792957984138591,-0.6229900110535951,59.21530017357237,US
GWX,State Street SPDR S&P International Small Cap ETF,ETF,ETF,43.7400016784668,0.4362857514003355,0.0246801497728047,46.69452137480995,US
GXDW,Global X Dorsey Wright Thematic ETF,ETF,ETF,24.296300888061523,-1.9480142605854427,0.0215586778030885,36.25113231320813,US
GXIG,Global X Investment Grade Corporate Bond ETF,ETF,ETF,24.525999069213867,-1.2680670628734787,-0.0070690617472097,36.354170384098765,US
GXLC,Global X U.S. 500 ETF,EQUITY,EQUITY,90.43299865722656,-0.3053692316633586,-0.0284546722780104,54.92122516918767,US
GXO,"GXO Logistics, Inc.",Industrials,Integrated Freight & Logistics,49.66999816894531,-4.185960604273359,-0.0540560331652931,47.64603312860262,US
GXPC,Global X Purecap MSCI Communication Services ETF,ETF,ETF,30.88999938964844,-0.1293272393555394,0.0040014355297689,53.30351211198948,US
GXPS,Global X Purecap MSCI Consumer Staples ETF,ETF,ETF,26.229999542236328,-2.126864593473537,-0.0185997990860772,45.66132314197492,US
GXRP,Grayscale XRP Trust ETF,ETF,ETF,21.61000061035156,-0.5064397167604754,0.0318166987421707,47.285727798600654,US
GXUS,Goldman Sachs MarketBeta(R) Total International Equity ETF,ETF,ETF,62.79499816894531,0.6394612813056785,0.024114070286924,51.887286870083706,US
GYLD,Arrow Dow Jones Global Yield ETF,ETF,ETF,14.4399995803833,1.1204471316808544,0.0069128662195807,62.24699444816449,US
HAIL,State Street SPDR S&P Kensho Smart Mobility ETF,ETF,ETF,37.2666015625,-0.92622650650111,0.0091750808161859,42.51244049003779,US
HAKY,Amplify HACK Cybersecurity Covered Call ETF,ETF,ETF,31.69079971313477,4.290652648184209,0.0162085790083058,68.72752656268221,US
HAL,Halliburton Company,Energy,Oil & Gas Equipment & Services,35.41999816894531,4.82390414102932,0.0773450301987956,47.660080305124765,US
HAPI,Harbor Human Capital Factor US Large Cap ETF,ETF,ETF,44.88999938964844,0.3801390078375307,0.0005328169274713,59.46600576733349,US
HAPS,Harbor Human Capital Factor US Small Cap ETF,ETF,ETF,37.40499877929688,-0.8245859243980721,-0.024214862650612,64.94232320828444,US
HARD,Simplify Commodities Strategy No K-1 ETF,ETF,ETF,31.1299991607666,3.4219228114394533,0.0529950719249008,52.065967761160486,US
HASI,"HA Sustainable Infrastructure Capital, Inc.",Financial Services,Asset Management,38.459999084472656,2.1513878506405755,0.0535589177065235,50.88892742481208,US
HAUZ,Xtrackers International Real Estate ETF,ETF,ETF,22.65999984741211,-0.3956050663203984,-0.0025827211947979,51.30406878072798,US
HAWK,"HawkEye 360, Inc.",Industrials,Aerospace & Defense,19.40999984741211,-2.167340231192956,0.0163299314818594,36.16559949779192,US
HBAN,Huntington Bancshares Incorporated,Financial Services,Banks - Regional,17.850000381469727,-0.8883944773944241,-0.0073881537387066,59.31018205751008,US
HBCP,"Home Bancorp, Inc.",Financial Services,Banks - Regional,68.38999938964844,-0.2334116046480205,-0.0057412960592313,54.50243625068722,US
HBDC,Hilton Bdc Corporate Bond ETF,ETF,ETF,24.75,0.0808752856202569,7.173953441524938e-05,60.49627241473584,US
HBNB,Hotel101 Global Holdings Corp.,Real Estate,Real Estate Services,5.300000190734863,-3.2846683889073405,-0.0234911044247514,46.11308629722794,US
HBTA,Horizon Expedition Plus ETF,ETF,ETF,32.74620056152344,1.3500438554391547,0.0078631607631965,54.66039113674068,US
HCA,"HCA Healthcare, Inc.",Healthcare,Medical Care Facilities,363.6000061035156,-14.064895962831027,-2.945009272212011,34.60824741453416,US
HCC,"Warrior Met Coal, Inc.",Basic Materials,Coking Coal,83.33000183105469,7.190640752371771,0.3503686214211354,46.301701292460685,US
HCMT,Direxion HCM Tactical Enhanced U.S. Equity Strategy ETF,ETF,ETF,40.52999877929688,1.1479887396457196,-0.0085791226274412,49.63219218089396,US
HCSG,"Healthcare Services Group, Inc.",Healthcare,Medical Care Facilities,23.979999542236328,-1.6810162266183606,-0.022733531277762,58.58857871816582,US
HD,"The Home Depot, Inc.",Consumer Cyclical,Home Improvement Retail,337.739990234375,-2.163900641814184,-0.2694626045044224,51.30326101446392,US
HDG,ProShares Hedge Replication ETF,ETF,ETF,54.29999923706055,-0.7131091597028736,-0.012724855455602,49.09765130946074,US
HDGE,AdvisorShares Ranger Equity Bear ETF,ETF,ETF,15.949999809265137,0.5674662959402997,0.0090707338528927,40.49537682097731,US
HDLB,ETRACS Monthly Pay 2xLeveraged US High Dividend Low Volatility ETN,ETF,ETF,16.451900482177734,-3.132941554203956,-0.0278639054977558,50.29707345144864,US
HDUS,Hartford Disciplined US Equity ETF,ETF,ETF,71.9000015258789,0.4330286406568846,-0.0091080959443815,59.876091955222485,US
HDV,iShares Core High Dividend ETF,ETF,ETF,27.63999938964844,-1.6019962993770052,-0.0167069147536855,51.65361620415918,US
HEAL,Global X HealthTech ETF,ETF,ETF,28.100000381469727,-3.668151155384441,-0.0632526235680438,57.58498199699589,US
HECO,State Street Galaxy Hedged Digital Asset Ecosystem ETF,ETF,ETF,65.40899658203125,0.4129524023691647,0.063156914071375,50.28012161720186,US
HEFA,iShares Currency Hedged MSCI EAFE ETF,ETF,ETF,46.209999084472656,-0.3020483155497929,-0.0057430044760894,56.08041050170359,US
HEGD,Swan Hedged Equity US Large Cap ETF,ETF,ETF,26.825000762939453,0.5058082659442801,0.0016615841634904,56.13778846682508,US
HEI,HEICO Corporation,Industrials,Aerospace & Defense,345.6099853515625,-3.466287928866304,-0.3926604208540372,53.72862708791381,US
HELE,Helen of Troy Limited,Consumer Defensive,Household & Personal Products,27.21999931335449,-2.92439934165184,0.0217148347358433,50.74361700181214,US
HELO,Jpmorgan Hedged Equity Laddered Overlay ETF,ETF,ETF,68.1500015258789,0.4569652192258953,-0.003371399949228,59.53813158908802,US
HELS,Hedgeye 130/30 Equity ETF,EQUITY,EQUITY,24.65819931030273,0.1551521923933668,0.0130804567733978,54.53809583582609,US
HELX,Franklin Genomic Advancements ETF,ETF,ETF,39.49319839477539,-3.860367161490528,-0.102194289945898,58.86121234298944,US
HEMI,Hartford Equity Premium Income ETF,ETF,ETF,42.18000030517578,1.0226857231296946,0.0067562976573435,59.91601261067391,US
HEQQ,JPMorgan Nasdaq Hedged Equity Laddered Overlay ETF,ETF,ETF,60.86370086669922,0.829484805101784,0.0121343383663625,51.93203454523601,US
HERO,Global X Video Games & Esports ETF,ETF,ETF,25.10890007019043,-2.109549927435236,-0.0371613284884522,51.17512853515544,US
HESM,Hess Midstream LP,Energy,Oil & Gas Midstream,39.84999847412109,1.787987026716911,0.0412543359990945,63.63974137458224,US
HEWJ,iShares Currency Hedged MSCI Japan ETF,ETF,ETF,64.41000366210938,0.9719434671321884,0.0190503978236419,54.80119957394052,US
HEZU,iShares Currency Hedged MSCI Eurozone ETF,ETF,ETF,48.63999938964844,-0.7549458162748021,-0.0005023368331493,53.10469620303792,US
HF,DGA Core Plus Absolute Return ETF,ETF,ETF,22.35099983215332,0.2152191937276339,-0.0003981711262459,57.27889137955528,US
HFGM,Unlimited HFGM Global Macro ETF,ETF,ETF,31.14949989318848,2.0157840062316463,0.0242534616188548,49.14144496317909,US
HFGO,Hartford Large Cap Growth ETF,ETF,ETF,29.3700008392334,1.2409534902145651,0.0020202194396372,52.52960040826413,US
HFMF,Unlimited HFMF Managed Futures ETF,ETF,ETF,21.8799991607666,1.96187862510906,0.014723219520222,54.60813637108632,US
HFRO,Highland Funds I - Highland Opportunities and Income Fund,Financial Services,Asset Management,7.630000114440918,2.2788213863893287,-0.0046873008069034,69.07817579275316,US
HFSI,Hartford Funds Exchange-Traded Trust - Hartford Strategic Income ETF,ETF,ETF,35.01499938964844,-0.1710659215563399,0.0001930625233176,46.79563104888582,US
HFWA,Heritage Financial Corporation,Financial Services,Banks - Regional,29.61000061035156,0.5774459008493598,-0.0018930250063574,57.80288651746384,US
HGER,Harbor Commodity All-Weather Strategy ETF,ETF,ETF,31.57999992370605,4.327715382000905,0.0310658256590473,62.63335069381509,US
HGTY,"Hagerty, Inc.",Financial Services,Insurance - Property & Casualty,12.25,0.8230484329992359,-0.0220410519992695,63.56738597631755,US
HGV,Hilton Grand Vacations Inc.,Consumer Cyclical,Resorts & Casinos,49.18999862670898,-3.982043595072599,-0.0200089558818492,43.00069572278463,US
HHH,Howard Hughes Holdings Inc.,Real Estate,Real Estate - Development,72.05000305175781,-2.476981956811718,-0.0694181275031833,60.5637502132618,US
HIBS,Direxion Daily S&P 500 High Beta Bear 3X Shares,ETF,ETF,19.86000061035156,-4.976071900291477,-0.0413362597629058,47.7675725913096,US
HIDV,AB US High Dividend ETF,ETF,ETF,89.5343017578125,1.4311585700670286,0.0322139693682465,61.53288976050491,US
HIFS,Hingham Institution for Savings,Financial Services,Banks - Regional,287.7900085449219,-2.0856030902161327,-0.1988536688739359,44.77000783597271,US
HIG,"The Hartford Insurance Group, Inc.",Financial Services,Insurance - Diversified,138.14999389648438,-1.0670334429079904,-0.2228179015645039,58.94304831448818,US
HIGH,Simplify Enhanced Income ETF,ETF,ETF,21.600000381469727,0.3437764352675033,-0.0009564934067279,52.47307494038675,US
HIMS,"Hims & Hers Health, Inc.",Healthcare,Drug Manufacturers - Specialty & Generic,35.150001525878906,-2.8200074501030823,-0.0395878968249876,57.97600347752429,US
HKD,AMTD Digital Inc.,Technology,Software - Application,1.6200000047683716,5.882355232781465,0.0077195229153524,50.53267887226272,US
HKHC,Horizon Kinetics Holding Corporation,Financial Services,Asset Management,28.040000915527344,0.0713792199747456,-0.0173733871052559,43.98847385075421,US
HLAL,Wahed FTSE USA Shariah ETF,ETF,ETF,71.658203125,1.5348299307079063,0.0179737686847303,54.581846030587954,US
HLF,Herbalife Ltd.,Consumer Defensive,Packaged Foods,12.239999771118164,-6.849319244210947,-0.0679024591421486,44.81243207614416,US
HLIO,HLIO,N/A,N/A,81.05999755859375,1.4641238377131116,0.2139423331755818,45.43357676969271,US
HLIT,Harmonic Inc.,Technology,Communication Equipment,13.670000076293944,1.787042186631006,0.0073777234013476,44.43723040833478,US
HLMN,Hillman Solutions Corp.,Industrials,Tools & Accessories,7.940000057220459,2.056553253178521,0.012240800637874,51.98230363574434,US
HLNE,Hamilton Lane Incorporated,Financial Services,Asset Management,82.41999816894531,2.245375939572092,0.0594073000402639,53.01799394252521,US
HLT,Hilton Worldwide Holdings Inc.,Consumer Cyclical,Lodging,325.8599853515625,-4.473501988759884,-0.1798529967749402,41.33656642651356,US
HLX,"Helix Energy Solutions Group, Inc.",Energy,Oil & Gas Equipment & Services,9.529999732971191,9.66628530666557,0.0170338806154632,59.10707442520952,US
HMAY,Corgi U.S. Equities 100% Struct,ETF,ETF,25.200000762939453,0.0396992007535503,0.0007320148103492,47.927916158782814,US
HMN,Horace Mann Educators Corporation,Financial Services,Insurance - Property & Casualty,52.29999923706055,-2.878364495786265,-0.0831003801621479,63.14776497532967,US
HMOP,Hartford Municipal Opportunities ETF,ETF,ETF,39.09000015258789,0.0255842401861353,0.0001885020831347,53.03294569424576,US
HNDL,Strategy Shares Nasdaq 7 Handl Index ETF,ETF,ETF,22.75160026550293,-0.3913985347460456,-0.0052245234071459,50.47267129216765,US
HNGE,"Hinge Health, Inc.",Healthcare,Health Information Services,89.30999755859375,0.0111920565446618,-0.2652307008871322,79.64878594083271,US
HNST,"The Honest Company, Inc.",Consumer Defensive,Household & Personal Products,3.9600000381469727,0.5076137217272785,-0.0039619898628747,61.87732022986396,US
HODL,VanEck Bitcoin ETF,ETF,ETF,18.26000022888184,1.1634404470783115,0.0221581817802977,51.13764032797767,US
HOG,HOG,N/A,N/A,25.07999992370605,-3.1286191001852397,-0.0086553429452963,51.11038805176079,US
HOLD,Harbor Alpha Layering ETF,EQUITY,EQUITY,32.137699127197266,0.0084045613976358,-0.0123585973225819,42.47037460195863,US
HOMB,"Home BancShares, Inc.",Financial Services,Banks - Regional,29.0,1.186322939281493,0.0054119870909049,60.65219883312273,US
HON,Honeywell International Inc.,Industrials,Conglomerates,222.67999267578125,-1.0531039075042798,0.1074189785786987,43.60026300135701,US
HOOD,"Robinhood Markets, Inc.",Financial Services,Capital Markets,113.4499969482422,0.4871527147297793,-0.117905701747782,61.89109336701485,US
HOOG,Leverage Shares 2X Long HOOD Daily ETF,ETF,ETF,37.7947998046875,0.4940270661024159,-0.0698329175946694,60.25387428586927,US
HOOZ,Defiance Daily Target 2X Short HOOD ETF,ETF,ETF,9.329999923706056,-1.7894744873046875,0.0299308655596535,34.53988819502017,US
HOPE,"Hope Bancorp, Inc.",Financial Services,Banks - Regional,13.390000343322754,0.2996251738580375,-0.0032322648626336,55.48711567698016,US
HOYY,GraniteShares YieldBOOST HOOD ETF,ETF,ETF,5.630000114440918,0.1509521026501441,-0.0002406268606644,55.57555800543845,US
HPE,Hewlett Packard Enterprise Company,Technology,Communication Equipment,49.560001373291016,14.009661793355214,0.1960062134116278,60.407120131046135,US
HPI,John Hancock Preferred Income Fund,Financial Services,Asset Management,16.209999084472656,-0.0374740028515998,-0.0019041234266712,61.16550029879564,US
HPQ,HP Inc.,Technology,Computer Hardware,24.6299991607666,7.273519786084528,0.0315755002327388,59.63792679896023,US
HPS,John Hancock Preferred Income Fund III,Financial Services,Asset Management,14.380000114440918,-0.5537679568155305,-0.0048004269299582,52.419499967009735,US
HQH,Abrdn Healthcare Investors,Financial Services,Asset Management,21.040000915527344,-4.75327854145595,-0.0534544991147162,52.69591886582651,US
HQL,Abrdn Life Sciences Investors,Financial Services,Asset Management,19.920000076293945,-3.441585619755658,-0.0547187006861459,62.89544181335216,US
HQY,"HealthEquity, Inc.",Healthcare,Health Information Services,94.5,-2.557231667445891,-0.1733577477176835,60.75614071882651,US
HR,Healthcare Realty Trust Incorporated,Real Estate,REIT - Healthcare Facilities,20.88999938964844,1.162226515988893,0.0067372933993268,61.67382083298003,US
HRB,"H&R Block, Inc.",Consumer Cyclical,Personal Services,40.93999862670898,2.786835914199868,0.0213410334536281,64.70094133894571,US
HRI,Herc Holdings Inc.,Industrials,Rental & Leasing Services,147.24000549316406,11.032354132777584,0.2191077414039723,54.85994927639729,US
HRMY,"Harmony Biosciences Holdings, Inc.",Healthcare,Biotechnology,34.810001373291016,-9.017242811274476,-0.168191473624846,48.37483535622154,US
HROW,"Harrow, Inc.",Healthcare,Drug Manufacturers - Specialty & Generic,41.369998931884766,-10.357535072482552,-0.1418375261838245,51.71410698242856,US
HRTS,HRTS,N/A,N/A,35.82360076904297,-4.635692589717997,-0.0910531671552503,51.45859582429311,US
HSCZ,iShares Currency Hedged MSCI EAFE Small-Cap ETF,ETF,ETF,42.84999847412109,-0.4183135261030619,0.0037181537708289,53.228510756669344,US
HSY,The Hershey Company,Consumer Defensive,Confectioners,171.4600067138672,-2.551855818273065,-0.1453345272460899,41.23619307375132,US
HTAX,Nomura National High-Yield Municipal Bond ETF,ETF,ETF,24.809999465942383,-0.4613832482978491,-9.073069513092225e-05,54.129368437778766,US
HTB,HTB,N/A,N/A,48.52999877929688,-0.9591861647002552,-0.0161223676897956,51.644642273896295,US
HTEC,Robo Global Healthcare Technology and Innovation ETF,ETF,ETF,37.62789916992188,-2.720013254790808,-0.0784661842048524,56.39383755818557,US
HTLD,"Heartland Express, Inc.",Industrials,Trucking,15.039999961853027,1.0073849232484338,0.0193030762661974,52.81639093207272,US
HTT,High Templar Tech Limited,Financial Services,Credit Services,2.680000066757202,2.2900833518668904,0.0040095126817323,47.29449468737605,US
HTUS,Hull Tactical US ETF,ETF,ETF,44.17490005493164,0.5391695822994157,-0.0013375676279687,57.26611805146414,US
HUBB,Hubbell Incorporated,Industrials,Electrical Equipment & Parts,483.8900146484375,1.0440810722834966,0.4098078640578255,46.15867482613831,US
HULL,Corgi Shipping & Global Logistics ETF,ETF,ETF,25.943700790405277,2.747329862991182,0.0201141915861584,61.12890663432006,US
HUM,Humana Inc.,Healthcare,Healthcare Plans,406.7699890136719,3.0789098491768714,0.1967831478883894,71.6311105073463,US
HUMN,Roundhill Humanoid Robotics ETF,ETF,ETF,31.8799991607666,-4.465087859785579,-0.0084687780778454,41.28830462876553,US
HUN,Huntsman Corporation,Basic Materials,Chemicals,11.90999984741211,8.568820031924181,0.0645597335931299,48.2646575078115,US
HURN,Huron Consulting Group Inc.,Industrials,Consulting Services,109.73500061035156,3.591994991233723,0.0833412947475835,57.144994098608805,US
HUSV,First Trust Horizon Managed Volatility Domestic ETF,ETF,ETF,39.92340087890625,-1.3798665732262745,-0.0309675267393994,55.52998921029697,US
HUTG,Leverage Shares 2X Long HUT Daily ETF,ETF,ETF,21.3169002532959,1.600969155971221,0.0702332111395969,39.616801711236455,US
HUYA,HUYA Inc.,Communication Services,Entertainment,2.390000104904175,1.702136250846386,-0.0048448230336738,49.31743774690989,US
HVT,"Haverty Furniture Companies, Inc.",Consumer Cyclical,Home Improvement Retail,25.190000534057617,0.2786611962006406,0.005028051803092,60.33183982972832,US
HWAY,Themes US Infrastructure ETF,ETF,ETF,37.630001068115234,0.2264027255705942,0.0241785503286979,46.623699773887225,US
HWC,Hancock Whitney Corporation,Financial Services,Banks - Regional,76.0199966430664,1.1038624480787198,0.0005576344187347,66.68799525302175,US
HWM,Howmet Aerospace Inc.,Industrials,Aerospace & Defense,276.7799987792969,0.4901449150110412,0.2935061089106638,57.92316278079591,US
HWSM,Hotchkis & Wiley SMID Cap Diversified Value Fund,ETF,ETF,30.836000442504883,-0.0971903714547034,-0.0083898525151871,60.022990737178944,US
HXL,Hexcel Corporation,Industrials,Aerospace & Defense,101.87999725341795,1.7680517753222202,0.1267165351723234,62.80656165344045,US
HY,"Hyster-Yale, Inc.",Industrials,Farm & Heavy Construction Machinery,32.349998474121094,2.1471373419293105,0.0763885136712113,41.396096100831656,US
HYBI,NEOS Enhanced Income Credit Select ETF,ETF,ETF,49.36280059814453,-0.0631663932854409,-0.0013236951401199,56.59907897797567,US
HYBL,State Street Blackstone High Income ETF,ETF,ETF,27.924999237060547,0.1614063043347235,0.0018073982723772,63.91831285317897,US
HYBX,TCW High Yield Bond ETF,ETF,ETF,29.71999931335449,0.0504944948222916,0.0032795547592393,55.95367207595832,US
HYD,VanEck High Yield Muni ETF,ETF,ETF,51.18000030517578,-0.544109569137868,-0.0065174208250245,49.1947843303427,US
HYDW,Xtrackers Low Beta High Yield Bond ETF,ETF,ETF,46.650001525878906,-0.1177610598854765,-0.0002078724650702,57.08568959133255,US
HYEM,VanEck Emerging Markets High Yield Bond ETF,ETF,ETF,20.049999237060547,0.0498918217386719,0.0013850061152853,56.06016852700152,US
HYG,iShares iBoxx $ High Yield Corporate Bond ETF,ETF,ETF,79.68000030517578,-0.1003031957271565,-5.838550231151984e-05,54.1830815107172,US
HYGH,iShares Interest Rate Hedged High Yield Bond ETF,ETF,ETF,86.41999816894531,-0.0578270510603861,-0.0078233763709558,62.06970800308651,US
HYHG,ProShares High Yield—Interest Rate Hedged,ETF,ETF,64.7061996459961,-0.1447583354074767,-0.0088868587222611,54.49381013327597,US
HYLB,Xtrackers USD High Yield Corporate Bond ETF,ETF,ETF,36.34999847412109,-0.1647936653185136,0.000282789867375,54.18983122451842,US
HYMB,State Street SPDR Nuveen ICE High Yield Municipal Bond ETF,ETF,ETF,25.239999771118164,-0.118720562334975,8.458388290547014e-05,54.715388742633074,US
HYMC,Hycroft Mining Holding Corporation,Basic Materials,Gold,21.86000061035156,0.690932898224716,0.078461398594543,39.65846298307186,US
HYP,Golden Eagle Dynamic Hypergrowth ETF,ETF,ETF,28.67569923400879,2.7581849526693074,0.0332831316084152,46.62654955542002,US
HYT,"BlackRock Corporate High Yield Fund, Inc.",Financial Services,Asset Management,8.520000457763672,-0.583421690093449,0.0003130604628858,50.49595478993081,US
HYTI,FT Vest High Yield & Target Income ETF,ETF,ETF,19.04019927978516,-0.03570958633158,0.0008037364079556,56.231750704499184,US
HYXF,iShares ESG Advanced High Yield Corporate Bond ETF,ETF,ETF,46.42499923706055,-0.2256598860755757,-0.0023313825596535,50.62223789505814,US
HYZD,WisdomTree Interest Rate Hedged High Yield Bond Fund,ETF,ETF,22.604400634765625,0.1968136962515103,0.0005587148553342,65.30440575520339,US
IACO,Idea Acquisition Corp.,Financial Services,Shell Companies,9.9399995803833,0.0,-0.0001467227025385,66.27498589418784,US
IAGG,iShares Core International Aggregate Bond ETF,ETF,ETF,49.90999984741211,-0.0600696438161914,0.0031866019724336,48.31010897556457,US
IALT,iShares Systematic Alternatives Active ETF,ETF,ETF,28.489999771118164,1.1718747354197216,0.008706055724912,59.36624601763464,US
IAPR,Innovator International Developed Power Buffer ETF - April,ETF,ETF,33.34989929199219,0.1799290321944856,0.0041131934695769,55.240273878112376,US
IART,Integra LifeSciences Holdings Corporation,Healthcare,Medical Devices,18.399999618530277,5.383737590762927,0.0010638199242458,59.28693342247306,US
IAT,iShares U.S. Regional Banks ETF,ETF,ETF,63.20000076293945,-0.4410818861310454,-0.0264546546521569,61.99849640849786,US
IAUM,iShares Gold Trust Micro,ETF,ETF,40.400001525878906,-1.4874343346022636,-0.0041820750424333,41.231815618364685,US
IBAT,iShares Energy Storage & Materials ETF,ETF,ETF,40.97840118408203,-0.9465742274915104,0.0528742183241314,40.856245571955725,US
IBB,iShares Biotechnology ETF,ETF,ETF,188.6699981689453,-4.822679596751678,-0.5280414183592734,57.4069594872791,US
IBBQ,Invesco Nasdaq Biotechnology ETF,ETF,ETF,32.459999084472656,-5.087724092545446,-0.0919639049568337,56.96664678958837,US
IBCB,iShares iBonds Dec 2036 Term Corporate ETF,EQUITY,EQUITY,24.799999237060547,-0.4815442972151256,0.0011948306427173,42.28027592407081,US
IBD,Inspire Corporate Bond ETF,ETF,ETF,23.700000762939453,-0.2105231034128289,0.0019834870519159,49.09929380143937,US
IBDR,iShares iBonds Dec 2026 Term Corporate ETF,ETF,ETF,24.190000534057617,0.0413574390224278,-0.00057281421255,71.60772085383606,US
IBDS,iShares iBonds Dec 2027 Term Corporate ETF,ETF,ETF,24.149999618530277,0.0414259699033968,5.63123815557863e-05,68.95349267288552,US
IBDT,iShares iBonds Dec 2028 Term Corporate ETF,ETF,ETF,25.15999984741211,0.0,0.0003876249187036,55.17268034190612,US
IBDU,iShares iBonds Dec 2029 Term Corporate ETF,ETF,ETF,23.049999237060547,-0.0866946598536756,0.0001737998121737,50.48276538756043,US
IBDV,iShares iBonds Dec 2030 Term Corporate ETF,ETF,ETF,21.649999618530277,-0.0922956054141943,0.0008768488992731,47.99103317182632,US
IBDW,IBDW,N/A,N/A,20.670000076293945,-0.1931386284256296,0.0003627534731432,46.21299123520871,US
IBDZ,iShares iBonds Dec 2034 Term Corporate ETF,ETF,ETF,25.739999771118164,-0.309837043577081,0.0013293376142212,43.99222261739231,US
IBEX,IBEX Limited,Technology,Information Technology Services,33.849998474121094,1.8657807415757808,-0.0225954838360261,66.50694653291384,US
IBGK,iShares iBonds Dec 2054 Term Treasury ETF,ETF,ETF,22.7450008392334,-0.5509135983839868,0.00265179069247,37.58608431400618,US
IBGL,iShares iBonds Dec 2055 Term Treasury ETF,ETF,ETF,23.38129997253418,-0.5516554327716588,0.002516286436043,37.50923638558864,US
IBGM,iShares iBonds Dec 2056 Term Treasury ETF,ETF,ETF,24.2992000579834,-0.5354082912748521,0.0025597117659704,37.37645133649793,US
IBHF,iShares iBonds 2026 Term High Yield and Income ETF,ETF,ETF,22.53499984741211,-0.1108139145482428,0.0001798079220423,45.13950859406735,US
IBHG,iShares iBonds 2027 Term High Yield and Income ETF,ETF,ETF,22.0,0.0454762573257063,0.0014566005065897,61.74594755026432,US
IBHI,iShares iBonds 2029 Term High Yield and Income ETF,ETF,ETF,23.26000022888184,-0.2359009389488926,-0.0010596307338915,52.03481016044459,US
IBHJ,iShares iBonds 2030 Term High Yield and Income ETF,ETF,ETF,26.29840087890625,-0.4225633061364627,-0.0028132909276792,52.789507721494495,US
IBHK,iShares iBonds 2031 Term High Y,ETF,ETF,25.575000762939453,-0.4088767172450756,-0.0029204843923911,51.20086002091341,US
IBHL,iShares iBonds 2032 Term High Yield and Income ETF,ETF,ETF,25.209999084472656,-0.5718811294874223,-0.0069641330951215,46.893589447630966,US
IBIC,iShares iBonds Oct 2026 Term TIPS ETF,ETF,ETF,25.562599182128903,0.0297353819697899,-0.0012168514980024,58.81898489454276,US
IBIE,iShares iBonds Oct 2028 Term TIPS ETF,ETF,ETF,25.690000534057617,-0.058352031483978,-0.0016957685870334,50.717188126089255,US
IBIH,iShares iBonds Oct 2031 Term TIPS ETF,ETF,ETF,25.645000457763672,-0.1168404291657126,-0.00110826171173,48.16502775743116,US
IBIK,iShares iBonds Oct 2034 Term TIPS ETF,ETF,ETF,25.104999542236328,-0.1392197623780404,0.0006477412184218,47.12775690894379,US
IBKR,"Interactive Brokers Group, Inc.",Financial Services,Capital Markets,95.61000061035156,1.0997154688415027,0.0777276380565115,58.64229349066841,US
IBLC,iShares Blockchain and Tech ETF,ETF,ETF,44.5348014831543,-1.567496256252823,0.0248682039868439,37.85306935060535,US
IBM,International Business Machines Corporation,Technology,Information Technology Services,217.07000732421875,-29.092214463814543,-5.187857345108632,30.354329810498584,US
IBMO,iShares iBonds Dec 2026 Term Muni Bond ETF,ETF,ETF,25.61000061035156,0.1172818089718011,-0.0002347834901124,57.148748147458285,US
IBMP,iShares iBonds Dec 2027 Term Muni Bond ETF,ETF,ETF,25.40999984741211,0.0590643409256247,0.0010302355960794,66.20465196565505,US
IBMQ,iShares iBonds Dec 2028 Term Muni Bond ETF,ETF,ETF,25.545000076293945,0.0195738472490119,-0.000359842678276,63.85719940795854,US
IBMV,iShares iBonds Dec 2033 Term Mu,ETF,ETF,25.27470016479492,-0.3363582157084898,9.799192465010514e-06,49.48485015301976,US
IBMW,iShares iBonds Dec 2034 Term Muni Bond ETF,ETF,ETF,25.13999938964844,-0.6716715917860869,-0.0036480223040482,42.99949076549943,US
IBMX,iShares iBonds Dec 2035 Term Muni Bond ETF,ETF,ETF,24.989999771118164,-0.6756759830085256,-0.0029720075880643,42.96420715610182,US
IBOC,International Bancshares Corporation,Financial Services,Banks - Regional,75.22000122070312,-1.0002659945409365,-0.0159779005947621,50.77599643339334,US
IBOT,Vaneck Robotics ETF,ETF,ETF,64.96880340576172,0.1168164003830392,0.0078011932195274,47.19876202278931,US
IBP,"Installed Building Products, Inc.",Consumer Cyclical,Residential Construction,224.3999938964844,0.9946403667108838,-0.0181307085448112,52.25286059891637,US
IBRN,iShares Neuroscience and Healthcare ETF,ETF,ETF,37.77519989013672,-4.629758933175335,-0.1256220640462293,52.167627796059605,US
IBTK,iShares iBonds Dec 2030 Term Treasury ETF,ETF,ETF,19.434999465942383,-0.0771274879621299,0.000590341633336,48.900576021753245,US
IBTL,iShares iBonds Dec 2031 Term Treasury ETF,ETF,ETF,20.05459976196289,-0.0518353940587874,0.0012110412951938,48.05714601544647,US
IBTM,iShares iBonds Dec 2032 Term Treasury ETF,ETF,ETF,22.51000022888184,-0.1552443880845744,0.0009551496589583,45.91395615478229,US
IBTO,Ishares Ibonds Dec 2033 Term Treasury ETF,ETF,ETF,23.905000686645508,-0.1670453484589387,0.0016000259083384,45.77258490964788,US
IBTP,iShares iBonds Dec 2034 Term Treasury ETF,ETF,ETF,25.1299991607666,-0.1509858070461558,0.0020831763848505,45.469762235695256,US
IBTQ,iShares iBonds Dec 2035 Term Treasury ETF,ETF,ETF,24.795000076293945,-0.2012446707280513,0.0018105679669405,44.69895031144017,US
IBX,Tradr 2X Long IBM Daily ETF,ETF,ETF,15.479999542236328,-55.4660521009095,-1.1087974829828255,29.235890431586995,US
ICE,"Intercontinental Exchange, Inc.",Financial Services,Financial Data & Stock Exchanges,137.61000061035156,0.8501309549676166,0.0066389283005725,52.86869422565105,US
ICFI,"ICF International, Inc.",Industrials,Consulting Services,76.3499984741211,-0.8184006954265161,-0.1915782572698305,57.65426354543619,US
ICLN,iShares Global Clean Energy ETF,ETF,ETF,19.06999969482422,-1.345060682400599,0.0255256087140809,40.74851392166827,US
ICLO,Invesco AAA CLO Floating Rate Note ETF,ETF,ETF,25.6299991607666,0.1171827298822592,0.0002826620085287,69.44062428995241,US
ICOI,Bitwise COIN Option Income Strategy ETF,ETF,ETF,10.6899995803833,0.9442816464074666,0.0114646562851797,53.45628129323603,US
ICPY,"Tweedy, Browne International Insider + Value ETF",EQUITY,EQUITY,12.65310001373291,1.1438831513423935,0.0038381763134705,66.6065610985882,US
ICSH,iShares Ultra Short Duration Bond Active ETF,ETF,ETF,50.470001220703125,0.0396441178616675,2.170565776789257e-06,76.84729075194721,US
ICVT,iShares Convertible Bond ETF,ETF,ETF,116.56999969482422,0.2321553189867482,0.0240717818883966,43.69147408676477,US
IDCC,"InterDigital, Inc.",Technology,Software - Application,265.4849853515625,-3.572204083826912,0.1018608700537708,42.24239631931357,US
IDEF,iShares Defense Industrials Act,ETF,ETF,31.5,-4.021936950329666,-0.0340993365419243,43.6100878927403,US
IDGT,iShares U.S. Digital Infrastructure and Real Estate ETF,ETF,ETF,117.98999786376952,2.333039671130094,0.0099897083531511,44.85206811670542,US
IDHQ,Invesco S&P International Developed Quality ETF,ETF,ETF,43.130001068115234,-1.146000430344705,-0.0205593590460706,54.394167281590754,US
IDMO,Invesco S&P International Developed Momentum ETF,ETF,ETF,59.88999938964844,-0.116743989147835,0.020304753511063,50.964553551220405,US
IDMY,Corgi U.S. Equities 30% Structured Buffer ETF - July Series,ETF,ETF,25.148099899291992,-0.0472970913842878,-0.0004995158659314,50.71250461242772,US
IDNA,iShares Genomics Immunology and Healthcare ETF,ETF,ETF,32.81999969482422,-5.4723544328274905,-0.0998061339206501,54.914628448062224,US
IDOG,ALPS International Sector Dividend Dogs ETF,ETF,ETF,42.170501708984375,1.3714020571856154,0.0299112704006751,54.99227795316559,US
IDR,"Idaho Strategic Resources, Inc.",Basic Materials,Gold,30.799999237060547,-1.66028244837309,0.0736950604208837,41.223886350258056,US
IDT,IDT Corporation,Communication Services,Telecom Services,62.380001068115234,2.128354941206948,0.0188509873992601,70.80260585914904,US
IDUB,Aptus International Enhanced Yield ETF,ETF,ETF,27.40999984741211,0.4029326499109694,0.0096365909287893,51.976238860937286,US
IDV,iShares International Select Dividend ETF,ETF,ETF,42.540000915527344,1.2616106050222702,0.03276364088054,54.51713877236135,US
IDVZ,Polen International Dividend Income ETF,ETF,ETF,34.880001068115234,1.4838584581896626,0.0289471534706316,58.83066618200637,US
IDX,VanEck Indonesia Index ETF,ETF,ETF,10.56999969482422,0.8587801194568133,0.0155165513679344,49.222670527888106,US
IDXX,"IDEXX Laboratories, Inc.",Healthcare,Diagnostics & Research,540.6799926757812,-5.185446264659141,-1.5263412707980932,44.182385655386895,US
IE,Ivanhoe Electric Inc.,Basic Materials,Copper,9.170000076293944,0.3282246372464064,0.0310206177091226,37.66624967087101,US
IEAG,Infinite Eagle Acquisition Corp.,Financial Services,Shell Companies,10.260000228881836,0.0975632086032774,-0.0027391737573054,85.7195957428303,US
IEDI,iShares U.S. Consumer Focused ETF,ETF,ETF,54.69240188598633,-0.6134779225863912,-0.0032822815092923,47.98256871794056,US
IEI,iShares 3-7 Year Treasury Bond ETF,ETF,ETF,116.73999786376952,-0.0855858244225781,0.0062781897361206,47.64691278826006,US
IEO,iShares U.S. Oil & Gas Exploration & Production ETF,ETF,ETF,118.70999908447266,5.613876755278282,0.1514809835252696,63.12675818112107,US
IEP,Icahn Enterprises L.P.,Energy,Oil & Gas Refining & Marketing,7.440000057220459,1.778387352373726,-0.0040696815473326,55.538078506101215,US
IETC,iShares U.S. Tech Independence Focused ETF,ETF,ETF,106.19200134277344,1.6969959824756269,0.0183594347132137,49.68929349816552,US
IEUR,iShares Core MSCI Europe ETF,ETF,ETF,74.87999725341797,-0.899947494900947,-0.0119997335474649,51.89921345210349,US
IEUS,iShares MSCI Europe Small-Cap ETF,ETF,ETF,69.94499969482422,-0.0642922850675009,0.0234891851669688,49.49209828043152,US
IFEB,Innovator International Developed Power Buffer ETF - February,ETF,ETF,31.348899841308597,-0.0449607118302987,0.0003281743118781,54.19011457960335,US
IFGL,iShares International Developed Real Estate ETF,ETF,ETF,22.520000457763672,-0.3098702715865172,-0.0017055106217581,52.002431687872125,US
IFLO,VictoryShares International Free Cash Flow ETF,ETF,ETF,33.49470138549805,-0.5459958210999453,0.0004361480239199,52.87213355212175,US
IFLR,Innovator International Developed Managed Floor ETF,EQUITY,EQUITY,53.59270095825195,0.7874171090328064,0.02617586989205,58.46873245648716,US
IFN,"Aberdeen India Fund, Inc.",Financial Services,Asset Management,11.520000457763672,-1.0309268214748768,-0.0036752781077172,51.97594662344593,US
IFRA,iShares U.S. Infrastructure ETF,ETF,ETF,62.02000045776367,0.3559890346587472,0.0329893235225955,51.22255631066272,US
IFS,Intercorp Financial Services Inc.,Financial Services,Banks - Regional,59.970001220703125,2.9351234954256697,-0.0116378085150987,65.6941984755116,US
IFV,First Trust Dorsey Wright International Focus 5 ETF,ETF,ETF,25.71999931335449,-1.1149592963298902,0.0173765291570462,39.595652674771536,US
IG,Principal Investment Grade Corporate ETF,ETF,ETF,20.354999542236328,-0.6346158859743539,-0.0006574534113301,38.05221811319875,US
IGBH,iShares Interest Rate Hedged Long-Term Corporate Bond ETF,ETF,ETF,24.3700008392334,-0.429007316035935,-0.0009956387138627,38.10258509466971,US
IGD,Voya Global Equity Dividend and Premium Opportunity Fund,Financial Services,Asset Management,6.320000171661377,1.4446252377584303,0.0038500244590099,62.055194497811925,US
IGE,iShares North American Natural Resources ETF,ETF,ETF,58.45000076293945,2.5618512747373803,0.0678718326739867,54.11490752934317,US
IGF,iShares Global Infrastructure ETF,ETF,ETF,67.12000274658203,-0.0744311801788847,0.003261948022989,55.81036910095411,US
IGGY,AB International Growth ETF,EQUITY,EQUITY,28.298999786376957,-3.125428283410383,-0.0304508819450038,47.39296189629674,US
IGIB,iShares 5-10 Year Investment Grade Corporate Bond ETF,ETF,ETF,52.56999969482422,-0.2845248907543665,0.0019795978571696,44.11127882548602,US
IGLB,iShares 10+ Year Investment Grade Corporate Bond ETF,ETF,ETF,48.72999954223633,-0.9351475855152552,0.0006134858961249,34.46450976122283,US
IGLD,FT Vest Gold Strategy Target Income ETF,ETF,ETF,20.82999992370605,-0.7622670279028115,0.0024971200750696,42.10225048404861,US
IGM,iShares Expanded Tech Sector ETF,ETF,ETF,160.05999755859375,2.176829744636143,0.0777257879418478,51.56083527395922,US
IGR,CBRE Global Real Estate Income Fund,Financial Services,Asset Management,4.659999847412109,0.6479423807706306,0.0021088566147882,60.06648538474112,US
IGSB,iShares 1-5 Year Investment Grade Corporate Bond ETF,ETF,ETF,52.130001068115234,-0.0766668626296536,0.0011590093928127,50.27651745279829,US
IGTR,Innovator Gradient Tactical Rotation Strategy ETF,ETF,ETF,30.762035369873047,-0.0894093943608461,0.0087955042938047,50.76591420781731,US
IGV,iShares Expanded Tech-Software Sector ETF,ETF,ETF,93.62999725341795,-0.5311802980870102,-0.0040036160570277,54.46065289162673,US
IHAK,iShares Cybersecurity and Tech ETF,ETF,ETF,65.27999877929688,3.1931718484982627,0.0524315114819562,70.72524498516283,US
IHE,iShares U.S. Pharmaceuticals ETF,ETF,ETF,98.8499984741211,-4.418874275513656,-0.2283180525319523,55.88724398554867,US
IHI,iShares U.S. Medical Devices ETF,ETF,ETF,49.220001220703125,-5.799040725927034,-0.1709825212677859,42.83589158849685,US
IHRT,"iHeartMedia, Inc.",Communication Services,Broadcasting,3.799999952316284,-5.707202122031734,-0.0193524809311796,40.18591478498185,US
IIGD,Invesco Investment Grade Defensive ETF,ETF,ETF,24.405000686645508,-0.1023316341300944,0.0006335389126348,48.15069005046459,US
IIIN,Insteel Industries Inc.,Industrials,Metal Fabrication,29.670000076293945,1.679231548984085,0.0411816910976945,54.46865889058785,US
IIIV,"i3 Verticals, Inc.",Technology,Software - Infrastructure,20.8700008392334,-2.476629853946113,-0.0306129592720316,50.974864178132506,US
IIM,Invesco Value Municipal Income Trust,Financial Services,Asset Management,12.850000381469728,-0.232917179383842,-0.0103383550394167,60.68930537538458,US
IIPR,"Innovative Industrial Properties, Inc.",Real Estate,REIT - Industrial,63.720001220703125,3.0901145526223006,-0.0509958031038866,66.51937236271965,US
IJAN,Innovator International Developed Power Buffer ETF - January,ETF,ETF,38.17739868164063,0.0849343911080202,0.0053999787580481,55.72392978637781,US
IJK,iShares S&P Mid-Cap 400 Growth ETF,ETF,ETF,113.58000183105467,-0.2371512048177834,0.0165111761473193,47.89453483059784,US
IJS,iShares S&P Small-Cap 600 Value ETF,ETF,ETF,135.39999389648438,0.7965399023632891,0.0423091194141871,57.26344263142629,US
IJT,iShares S&P Small-Cap 600 Growth ETF,ETF,ETF,173.27000427246094,-0.9432848809492552,-0.0705913013209911,54.80116875969722,US
IJUL,Innovator International Developed Power Buffer ETF - July,ETF,ETF,36.06999969482422,0.0832374543141324,-0.0002282932018663,57.617360343697136,US
IJUN,Innovator International Developed Power Buffer ETF - June,ETF,ETF,31.104999542236328,-1.1284156152806155,-0.0102940643932405,50.33566773087189,US
ILCG,iShares Morningstar Growth ETF,ETF,ETF,116.02999877929688,1.6736733147091072,0.0518509989051573,52.76648334996391,US
ILF,iShares Latin America 40 ETF,ETF,ETF,34.709999084472656,2.9359366190108576,0.034058381007926,57.5774644690209,US
ILIT,Ishares Lithium Miners And Producers ETF,ETF,ETF,15.065299987792969,-8.639780491813728,0.0198613543250616,28.153280853026416,US
ILMN,"Illumina, Inc.",Healthcare,Diagnostics & Research,191.1999969482422,-0.2920304415078542,-0.2757583719918308,65.46613670967457,US
ILPT,Industrial Logistics Properties Trust,Real Estate,REIT - Industrial,8.930000305175781,3.5962926187045183,0.008860193771359,54.35719621549536,US
ILS,Brookmont Catastrophic Bond ETF,ETF,ETF,19.749799728393555,0.3291860005548122,-0.0004440636743599,73.8032341907555,US
ILTB,iShares Core 10+ Year USD Bond ETF,ETF,ETF,48.04999923706055,-0.6615664707267129,0.0021851243345305,36.94122809838519,US
IMAY,Innovator International Developed Power Buffer ETF - May,ETF,ETF,31.823299407958984,0.1362451868406391,0.0035097759378899,54.612769705118914,US
IMCG,iShares Morningstar Mid-Cap Growth ETF,ETF,ETF,97.0,0.072216748791737,0.0006072666594283,55.39625181103776,US
IMCR,Immunocore Holdings plc,Healthcare,Biotechnology,33.470001220703125,0.2095799150487516,0.0016374119510074,64.22119818919523,US
IMFL,Invesco International Developed Dynamic Multifactor ETF,ETF,ETF,33.79999923706055,-0.879763197902252,0.005686123129162,47.57877876826228,US
IMKTA,"Ingles Markets, Incorporated",Consumer Defensive,Grocery Stores,89.94999694824219,-2.199528978693714,-0.0822783399809319,50.83626643389288,US
IMOM,Alpha Architect International Quantitative Momentum ETF,ETF,ETF,42.255001068115234,0.8689270675320999,0.0530600072029383,44.51387362919469,US
IMRA,IMRA,N/A,N/A,15.86139965057373,1.1439834748347537,0.0032127562607303,43.670171546226925,US
IMST,Bitwise MSTR Option Income Strategy ETF,ETF,ETF,7.429999828338623,0.1347675463862298,0.0192674720236682,42.69759296631193,US
IMTM,iShares MSCI Intl Momentum Factor ETF,ETF,ETF,52.560001373291016,0.8055274042177353,0.0286753711021083,50.555200898076095,US
IMTX,Immatics N.V.,Healthcare,Biotechnology,9.350000381469728,-8.869394026429605,-0.022420699226017,41.49707188590608,US
IMVT,"Immunovant, Inc.",Healthcare,Biotechnology,38.77000045776367,-3.29259089498659,-0.1022778896657481,60.00644679336712,US
IMXI,"International Money Express, Inc.",Technology,Software - Infrastructure,13.859999656677246,-5.003430351446304,-0.0277922887565613,39.20322656486412,US
INBX,"Inhibrx Biosciences, Inc.",Healthcare,Biotechnology,93.20999908447266,-7.483871876453938,-0.2174387767121709,45.40866870858544,US
INCO,Columbia India Consumer ETF,ETF,ETF,58.560001373291016,-2.253377528892464,-0.0695487911832045,44.74561120167627,US
INCY,Incyte Corporation,Healthcare,Biotechnology,114.87999725341795,-2.685307680127706,-0.2479194094450223,60.19016148602301,US
IND,Xtrackers Nifty 500 India ETF,ETF,ETF,22.815000534057617,-0.1094554219056817,-0.0037715557706153,53.70415221007664,US
INDA,iShares MSCI India ETF,ETF,ETF,48.72999954223633,-1.2163029932032972,-0.019694178522908,47.50341291401081,US
INDB,Independent Bank Corp.,Financial Services,Banks - Regional,84.19000244140625,-0.2488140766303966,0.0265248291226005,58.78615677464755,US
INDH,WisdomTree India Hedged Equity Fund ETF,ETF,ETF,39.164398193359375,-0.2587496815904177,-0.0016485337556788,49.90196257446946,US
INDL,Direxion Daily MSCI India Bull 2x Shares,ETF,ETF,43.79999923706055,-2.6450375572575524,-0.0389308266888805,46.19330993570986,US
INDV,"Indivior Pharmaceuticals, Inc.",Healthcare,Drug Manufacturers - Specialty & Generic,40.22999954223633,-1.4695132547410434,-0.0361667256149795,55.34601723933975,US
INDY,iShares India 50 ETF,ETF,ETF,42.880001068115234,-1.6288118421364683,-0.0247537772305628,46.82778637075587,US
INDZ,VanEck India Select ETF,ETF,ETF,25.059999465942383,-1.6869372657390125,-0.0145763245760778,52.25580961218562,US
INEQ,Columbia International Equity Income ETF,ETF,ETF,39.604400634765625,0.3862946663179304,0.0135002214781123,57.77009303736634,US
INFO,Harbor PanAgora Dynamic Large Cap Core ETF,ETF,ETF,27.543100357055664,1.1609838856462256,0.0033520314359306,60.90703835466786,US
INGM,Ingram Micro Holding Corporation,Technology,Information Technology Services,29.450000762939453,8.511427506413582,0.0593682304695907,60.1777199658321,US
INGR,Ingredion Incorporated,Consumer Defensive,Packaged Foods,98.1999969482422,-0.3753705465431381,-0.0522961263784196,48.06709827603806,US
INKM,State Street Income Allocation ETF,ETF,ETF,34.38999938964844,-0.2320911755774391,-0.0032275278800551,54.2534747659349,US
INMU,iShares Intermediate Muni Income Active ETF,ETF,ETF,24.09000015258789,-0.330988512426688,-0.0022413013818509,46.56327358692085,US
INNV,InnovAge Holding Corp.,Healthcare,Medical Care Facilities,11.609999656677246,-0.3433473232857806,-0.0261230821072311,66.87344123792835,US
INOV,Innovator International Developed Power Buffer ETF - November,ETF,ETF,36.83000183105469,-0.0271398520406921,0.002710607169105,54.25327696673424,US
INRO,iShares U.S. Industry Rotation Active ETF,ETF,ETF,36.27410125732422,0.6635254916735644,0.0047148883359727,53.40494592232725,US
INSM,Insmed Incorporated,Healthcare,Biotechnology,110.11000061035156,-2.419351130927284,-0.4605150155789859,52.36986642760544,US
INSP,"Inspire Medical Systems, Inc.",Healthcare,Medical Devices,49.150001525878906,-1.8570292954723628,-0.2564499496088317,59.23319330019366,US
INSW,INSW,N/A,N/A,88.12000274658203,3.390823977262382,0.0657363858001727,58.63503495140578,US
INTA,"Intapp, Inc.",Technology,Software - Application,27.739999771118164,-1.5613929357438754,-0.0954715799922878,62.82298089943564,US
INTC,Intel Corporation,Technology,Semiconductors,107.76000213623048,-2.3824597046465703,0.2493602613646515,43.212155042342616,US
INTF,iShares International Equity Factor ETF,ETF,ETF,41.29999923706055,0.1940757253477278,0.007895391807841,54.601104998033065,US
INTL,Main International ETF,ETF,ETF,30.420000076293945,0.3099645914685175,0.0094404953678301,50.365759890344165,US
INTU,Intuit Inc.,Technology,Software - Application,282.42999267578125,0.893069437105373,-0.1119027785849855,48.70603151867708,US
INTW,GraniteShares 2x Long INTC Daily ETF,ETF,ETF,29.049999237060547,-6.047868158535709,0.1604659297425863,41.62371351747658,US
INV,"Innventure, Inc.",Financial Services,Asset Management,4.545000076293945,-0.5470480181260718,0.0057429077992914,39.16333963868056,US
INVA,"Innoviva, Inc.",Healthcare,Biotechnology,21.739999771118164,-2.292135860143083,-0.0211206103207292,41.2990044475433,US
INVG,GMO Systematic Investment Grade Credit ETF,ETF,ETF,25.170900344848636,-0.2935254185834909,0.0014383144257554,42.144786898510525,US
INVX,"Innovex International, Inc.",Energy,Oil & Gas Equipment & Services,25.71999931335449,6.94386748137817,0.0539455215520824,48.95073009605786,US
IOCT,Innovator International Developed Power Buffer ETF- October,ETF,ETF,37.11959838867188,0.0204755255796053,0.0006459909359109,56.15868175056144,US
IONL,GraniteShares 2x Long IONQ Daily ETF,ETF,ETF,14.279999732971191,-26.353789672656077,0.0486903594811081,31.2255315248764,US
IONX,Defiance Daily Target 2X Long IONQ ETF,ETF,ETF,26.63999938964844,-26.65198344303739,0.0933236116390787,30.960901389111783,US
IOO,iShares Global 100 ETF,ETF,ETF,138.9499969482422,0.3538857508418176,-0.0029870480651235,54.772585350475374,US
IOPP,Simplify Tara India Opportunities ETF,ETF,ETF,26.05599975585937,-1.4075970474057842,-0.0279215227011446,55.10159406331627,US
IOSP,Innospec Inc.,Basic Materials,Specialty Chemicals,81.63999938964844,-0.024497026161927,0.0337547088283933,49.5883968588881,US
IOVA,"Iovance Biotherapeutics, Inc.",Healthcare,Biotechnology,3.930000066757202,-9.65516889846558,-0.0181738997777699,45.37752534641466,US
IOYY,GraniteShares YieldBOOST IONQ ETF,ETF,ETF,7.360000133514404,-3.588557855245284,-0.0018304864652719,27.021007109812828,US
IP,IP,N/A,N/A,36.5,-3.744721090488406,-0.0641769597453996,49.62406058873023,US
IPAC,iShares Core MSCI Pacific ETF,ETF,ETF,83.05999755859375,1.0831196415735067,0.0351480014921177,55.08183395275505,US
IPAV,Global X Infrastructure Development ex-U.S. ETF,ETF,ETF,31.49040031433105,0.0616429173857633,0.0267618586725429,42.06311614895543,US
IPAY,IPAY,N/A,N/A,48.37900161743164,-0.3522093147601443,-0.0495069297779761,62.09392980941849,US
IPGP,IPG Photonics Corporation,Technology,Semiconductor Equipment & Materials,106.4800033569336,10.227748487448816,0.1900344737513182,47.14496293679105,US
IPI,"Intrepid Potash, Inc.",Basic Materials,Agricultural Inputs,35.709999084472656,1.82491986090006,0.0334479146234591,52.88072720865658,US
IPKW,Invesco International BuyBack Achievers ETF,ETF,ETF,58.45000076293945,0.7411242705673622,0.0064981556725202,60.14931977203544,US
IPO,Renaissance IPO ETF,ETF,ETF,55.43999862670898,-2.118645437624715,-0.0761726238282554,46.47226721949259,US
IPSC,"Century Therapeutics, Inc.",Healthcare,Biotechnology,2.130000114440918,-7.792200553998094,-0.0092866685559557,40.92195043902775,US
IQDG,WisdomTree International Quality Dividend Growth Fund,ETF,ETF,43.040000915527344,-1.0347223397838174,-0.004396117462433,52.34046388012558,US
IQI,Invesco Quality Municipal Income Trust,Financial Services,Asset Management,10.279999732971191,0.6855993590860269,-0.0009467790418423,75.04736978998852,US
IQLT,iShares MSCI Intl Quality Factor ETF,ETF,ETF,49.36000061035156,-0.2223582123251038,-0.0063046676678211,53.12765826092792,US
IQMM,Proshares Genius Money Market ETF,EQUITY,EQUITY,100.05999755859376,-0.0099951396632072,-0.0057995597006803,67.93447088863388,US
IQRA,NYLI CBRE Real Assets ETF,ETF,ETF,30.57200050354004,0.3808810465367148,-0.0008203201621189,56.44131073337218,US
IQSI,NYLI Candriam International Equity ETF,ETF,ETF,37.87099838256836,-2.1142981490302444,-0.0272485103538064,49.50291764283585,US
IQSZ,Invesco Global Equity Net Zero ETF,EQUITY,EQUITY,31.434999465942383,-0.9109868123956976,-0.0114016416602686,51.09603331214212,US
IQV,IQVIA Holdings Inc.,Healthcare,Diagnostics & Research,207.8300018310547,-0.1920923520585149,-0.3740577284286441,68.2272716246223,US
IR,Ingersoll Rand Inc.,Industrials,Specialty Industrial Machinery,79.01000213623047,0.3811498605607212,0.0265236353994529,54.26403599484495,US
IRDM,Iridium Communications Inc.,Communication Services,Telecom Services,48.86000061035156,-4.364845440548253,-0.1269847774061239,51.10481270832047,US
IREG,Leverage Shares 2X Long IREN Daily ETF,ETF,ETF,8.850000381469727,-7.037815589048132,0.078204431682435,35.04478950474011,US
IREX,Tradr 2X Long IREN Daily ETF,ETF,ETF,15.670000076293944,-7.823528962976792,0.1362566938359588,34.84013622362602,US
IRM,Iron Mountain Incorporated,Real Estate,REIT - Specialty,122.66000366210938,5.969765582815874,0.3068228006942879,48.513583140760325,US
IRMD,IRADIMED CORPORATION,Healthcare,Medical Devices,91.66999816894533,-8.5494811227662,-0.4640810217070368,42.70832715097991,US
IRT,"Independence Realty Trust, Inc.",Real Estate,REIT - Residential,16.549999237060547,-4.610957503283992,-0.0269638704398059,48.70354054316577,US
IRTC,IRTC,N/A,N/A,112.5500030517578,-10.02477708310106,-0.5899990957300714,44.20992023299057,US
IRTR,Ishares Lifepath Retirement ETF,ETF,ETF,31.84959983825684,-0.0326452350768231,0.0003709864976293,51.28317115605244,US
IRWD,"Ironwood Pharmaceuticals, Inc.",Healthcare,Drug Manufacturers - Specialty & Generic,3.9800000190734863,-10.96196407421208,-0.040334593381805,47.6334302582779,US
ISBG,IncomeSTKd 1x Bitcoin & 1x Gold Premium ETF,ETF,ETF,11.89579963684082,1.231103443496056,0.0242750153443385,44.1422418645049,US
ISCF,iShares MSCI Intl Small-Cap Multifactor ETF,ETF,ETF,43.76959991455078,0.1134462316166847,0.0108715860727969,52.16752343904579,US
ISCG,iShares Morningstar Small-Cap Growth ETF,ETF,ETF,63.52000045776367,-0.7655079864299048,-0.0111199599491723,50.696967842095695,US
ISCV,iShares Morningstar Small-Cap Value ETF,ETF,ETF,78.29000091552734,-0.3690518055100577,-0.016406706114924,61.14141418113977,US
ISD,"PGIM High Yield Bond Fund, Inc.",Financial Services,Asset Management,12.729999542236328,-1.1167832470364012,-0.0079337403002242,46.66320527072307,US
ISEP,Innovator International Developed Power Buffer ETF - September,ETF,ETF,34.77360153198242,0.1399656155422143,0.0016757780844025,57.945452439466415,US
ISHG,iShares 1-3 Year International Treasury Bond ETF,ETF,ETF,74.30509948730469,0.033792014566926,0.0116845814588642,46.37584941758959,US
ISHP,First Trust S-Network Global E-Commerce ETF,ETF,ETF,34.54719924926758,0.7177649950215758,-0.0073066161195111,58.57129527488584,US
ISMCF,iShares VII Public Limited Company - iShares MSCI USA UCITS ETF,MUTUALFUND,MUTUALFUND,785.6973876953125,1.2350681045504193,0.3195380039228888,58.858509027243855,US
ISMF,iShares Managed Futures Active ETF,ETF,ETF,28.077999114990234,0.0641470042424573,0.0003444577882965,52.17791429087402,US
ISMJF,iShares VII Public Limited Company - iShares Core MSCI Pacific ex Japan UCITS ETF,MUTUALFUND,MUTUALFUND,241.08799743652344,1.404808235435088,0.0603052992886478,60.50007245150017,US
ISRA,VanEck Israel ETF,ETF,ETF,64.98999786376953,0.0769870965255827,0.0291423670016949,50.05132514890891,US
ISRG,"Intuitive Surgical, Inc.",Healthcare,Medical Instruments & Supplies,379.5,-11.186517472153156,-2.1604018173311683,33.41551812557091,US
ISTB,iShares Core 1-5 Year USD Bond ETF,ETF,ETF,48.04499816894531,-0.0312176527611192,0.0019586141098713,51.75010229426544,US
ISTM,iShares Strategic Metals ETF,ETF,ETF,29.113100051879883,0.7199424331116507,0.0251546716195193,44.415785447564566,US
ISTR,Investar Holding Corporation,Financial Services,Banks - Regional,29.18000030517578,-0.0342590911232362,-0.0092444780645309,49.27225222447745,US
ISUL,GraniteShares 2x Long ISRG Daily ETF,ETF,ETF,15.3100004196167,-21.73601776577931,-0.1866178307959509,33.01640124337007,US
ISVAF,iShares VII Public Limited Company -  iShares NASDAQ 100 UCITS ETF,EQUITY,EQUITY,1702.4508056640625,1.6195989565876336,0.716143387743224,50.93213289585508,US
ITA,iShares U.S. Aerospace & Defense ETF,ETF,ETF,235.2700042724609,-4.01452258716002,-0.2571434574254301,47.2089623564498,US
ITAN,Sparkline Intangible Value ETF,ETF,ETF,41.837100982666016,-0.6315456241971926,-0.0220860664312247,52.36270136420725,US
ITB,iShares U.S. Home Construction ETF,ETF,ETF,97.12999725341795,-2.743572061489542,0.0222469207268147,47.52000493176211,US
ITDB,Ishares Lifepath Target Date 2030 ETF,ETF,ETF,34.964900970458984,0.0369114965560002,0.0019170701084437,52.20081361145761,US
ITDE,Ishares Lifepath Target Date 2045 ETF,ETF,ETF,39.96739959716797,0.1187410581083917,0.0008531822901957,53.12362357677589,US
ITDF,Ishares Lifepath Target Date 2050 ETF,ETF,ETF,41.40280151367188,0.1737200399384421,0.0015862120649409,53.18930022445663,US
ITDG,Ishares Lifepath Target Date 2055 ETF,ETF,ETF,42.100399017333984,0.1913340283066511,0.0015342608034192,53.23461458714507,US
ITDI,Ishares Lifepath Target Date 2065 ETF,ETF,ETF,42.09629821777344,0.2054270404386075,0.0009559972261144,53.27388095921043,US
ITIC,Investors Title Company,Financial Services,Insurance - Specialty,278.7200012207031,0.7118342260896567,-0.1028042685059968,67.52477556798917,US
ITRN,Ituran Location and Control Ltd.,Technology,Scientific & Technical Instruments,55.20000076293945,0.217862977297704,0.0820327727889265,34.41140396912526,US
ITW,Illinois Tool Works Inc.,Industrials,Specialty Industrial Machinery,272.2799987792969,0.4389695147300874,0.0690873377594463,61.1549192416968,US
ITWO,ProShares Russell 2000 High Income ETF,ETF,ETF,45.810001373291016,-0.6075044008893401,-0.0060577881548589,52.639777671604485,US
IUS,Invesco RAFI Strategic US ETF,ETF,ETF,66.77890014648438,0.0882777648435859,-0.0205407169379978,63.26310750993851,US
IUSV,iShares Core S&P U.S. Value ETF,ETF,ETF,111.41999816894533,-0.3577191262480579,-0.0360242918997829,58.34823474535006,US
IVAL,Alpha Architect International Quantitative Value ETF,ETF,ETF,35.19089889526367,0.3161261642546791,0.0166292086953395,56.810041706862926,US
IVEP,Dan IVES Wedbush AI Power & Infrastructure ETF,ETF,ETF,26.75,0.8292472961194982,0.0270303058489785,44.662682809171145,US
IVES,Dan IVES Wedbush AI Revolution ETF,ETF,ETF,37.54999923706055,-0.0266297546985216,-0.0144647928027897,51.06554701381141,US
IVLU,iShares Edge MSCI Intl Value Factor ETF,ETF,ETF,42.43999862670898,0.1415704508768627,0.006535132333164,54.36011869800823,US
IVOO,Vanguard S&P Mid-Cap 400 Index Fund ETF Shares,ETF,ETF,127.94000244140624,0.1644085797804504,0.0303625106038766,51.90869379757984,US
IVRS,iShares Future Metaverse Tech And Communications ETF,ETF,ETF,32.0,-1.882622318518231,-0.0306057990750757,50.88862585456261,US
IVSI,Applied Finance IVS International Large ETF,ETF,ETF,28.85610008239746,-0.5545029288584666,-0.0053597698565473,54.05876339356512,US
IVSS,Applied Finance IVS US SMID ETF,ETF,ETF,30.18199920654297,0.5295889337570079,-0.0005688396597544,65.81555192345853,US
IVSX,Applied Finance IVS International SMID ETF,ETF,ETF,24.705799102783203,-0.5402618719014224,-0.0028020128944178,52.80240613645507,US
IVVM,iShares Large Cap Moderate Quarterly Laddered ETF,ETF,ETF,37.220001220703125,0.499531184158876,0.001067284938811,62.23015555347609,US
IWDL,ETRACS 2x Leveraged US Value Factor TR ETN,ETF,ETF,64.8550033569336,0.2411256208118014,-0.0002854984488038,63.88560162843564,US
IWFG,NYLI Winslow Focused Large Cap Growth ETF,ETF,ETF,54.34149932861328,1.887129017376596,0.027130453476846,53.90157113649509,US
IWFL,ETRACS 2x Leveraged US Growth Factor TR ETN,ETF,ETF,59.8046989440918,3.033388919974821,0.027773791806016,52.93750129766482,US
IWMI,NEOS Russell 2000 High Income ETF,ETF,ETF,52.88999938964844,-0.3203957392435209,-0.0054994929580068,54.32781722931018,US
IWML,ETRACS 2x Leveraged US Size Factor TR ETN,ETF,ETF,32.066001892089844,-3.627556760434183,-0.0527590305168808,50.24998957912933,US
IWMW,iShares Russell 2000 BuyWrite ETF,ETF,ETF,39.380001068115234,0.2290663031069635,-0.0051026427605429,64.2416863148388,US
IWN,iShares Russell 2000 Value ETF,ETF,ETF,219.6000061035156,-0.2634147477330808,-0.0294260973729896,56.588768773622895,US
IWO,iShares Russell 2000 Growth ETF,ETF,ETF,381.9599914550781,-0.9671007707530054,-0.0377391822862387,49.374029231977694,US
IWP,iShares Russell Mid-Cap Growth ETF,ETF,ETF,141.55999755859375,-0.2677221898522712,-0.0343979119949012,49.58951066548341,US
IWS,iShares Russell Mid-Cap Value ETF,ETF,ETF,165.4600067138672,-0.162908960738609,-0.0138536226879157,58.41152764966109,US
IWV,iShares Russell 3000 ETF,ETF,ETF,427.9500122070313,0.3729306009234581,-0.0381993170528986,56.68677972589813,US
IWX,iShares Russell Top 200 Value ETF,ETF,ETF,107.31999969482422,-0.7490960687767392,-0.0598025416502263,59.51021167113039,US
IWY,iShares Russell Top 200 Growth ETF,ETF,ETF,288.760009765625,1.740540594012138,0.0996541552002597,52.596141558326266,US
IXG,iShares Global Financials ETF,ETF,ETF,130.19000244140625,0.7272746161750484,0.0064091830999424,70.33854838613166,US
IXJ,iShares Global Healthcare ETF,ETF,ETF,97.66000366210938,-3.887409629480683,-0.1936387506570105,51.51755042490665,US
IXN,iShares Global Tech ETF,ETF,ETF,138.9199981689453,2.2523167561068007,0.0986659058438688,50.2946328599619,US
IXP,iShares Global Comm Services ETF,ETF,ETF,118.11399841308594,1.3158316674709662,0.0354656859594633,54.80862825052106,US
IYF,iShares U.S. Financials ETF,ETF,ETF,133.63999938964844,0.0299350930432031,-0.0244925356948082,68.11137443917262,US
IYH,iShares U.S. Healthcare ETF,ETF,ETF,66.73999786376953,-4.067847985437364,-0.1521978386813951,53.29325404338184,US
IYR,iShares U.S. Real Estate ETF,ETF,ETF,103.58999633789062,-0.8803040661511052,-0.0060764900306797,53.64340953239137,US
IYW,iShares U.S. Technology ETF,ETF,ETF,248.19000244140625,2.018252090901941,0.1187682060312211,52.72297948569808,US
IYY,iShares Dow Jones U.S. ETF,ETF,ETF,183.16000366210935,0.5103484367967679,-0.0121832313575456,56.43944112258571,US
JA,JA,N/A,N/A,50.150001525878906,0.1197871293835795,-0.0012260309204837,82.70521475337321,US
JAAA,Janus Henderson AAA CLO ETF,ETF,ETF,50.540000915527344,0.0,-0.0022534877127743,70.4655754727851,US
JADE,JPMorgan Active Developing Markets Equity ETF,ETF,ETF,77.5552978515625,-0.2119188967495167,0.0083759265130425,47.809534917224624,US
JAJL,Innovator Equity Defined Protection ETF - 6 Mo Jan/Jul,ETF,ETF,30.020000457763672,0.2839518735184756,0.0010758172182102,67.23776253672888,US
JAN,"Janus Living, Inc.",Real Estate,REIT - Residential,29.559999465942383,-0.971527342784794,-0.0059052305727544,65.90250263597937,US
JANB,Aptus January Buffer ETF,ETF,ETF,27.405000686645508,0.4250838470863989,0.0001829181216733,60.67469104285763,US
JANI,AllianzIM International Equity Buffer15 Uncapped Jan ETF,ETF,ETF,25.56999969482422,-1.5023089499325375,-0.0104931747501918,48.69698453200663,US
JANT,AllianzIM U.S. Equity Buffer10 Jan ETF,ETF,ETF,44.265098571777344,0.4427022425780464,-0.0002800204257314,59.333118372406766,US
JANU,AllianzIM U.S. Equity Buffer15 Uncapped Jan ETF,ETF,ETF,30.244800567626957,0.544533747694439,0.0008844685812697,55.18026891066328,US
JAPN,Horizon Kinetics Japan Owner Operator ETF,ETF,ETF,24.815000534057617,3.9154162736620464,0.0121616659300244,74.00527506658585,US
JAVA,JPMorgan Active Value ETF,ETF,ETF,80.06999969482422,-0.4970815456828834,-0.0327959345324441,58.27523454381812,US
JBHT,"J.B. Hunt Transport Services, Inc.",Industrials,Integrated Freight & Logistics,280.8699951171875,2.134543678977273,0.0114049324951523,53.33348120471481,US
JBIO,"Jade Biosciences, Inc.",Healthcare,Biotechnology,21.34000015258789,-4.9443232633824925,-0.0653205962082411,53.97871994262481,US
JBL,Jabil Inc.,Technology,Electronic Components,326.82000732421875,1.7877229948934283,0.7240128466092122,39.68135325742801,US
JBLU,JetBlue Airways Corporation,Industrials,Airlines,5.329999923706055,-6.818179734103253,-0.0291452282113466,46.10235890984308,US
JBND,Jpmorgan Active Bond ETF,ETF,ETF,52.97999954223633,-0.1883991811768412,0.0029767722824864,44.379949392532666,US
JBTM,JBT Marel Corporation,Industrials,Specialty Industrial Machinery,136.85000610351562,-3.958171922394245,-0.2328937166508051,51.26625967220027,US
JCI,Johnson Controls International plc,Industrials,Building Products & Equipment,145.24000549316406,3.285457642155667,0.2090741773177685,54.397014536341125,US
JD,"JD.com, Inc.",Consumer Cyclical,Internet Retail,28.84000015258789,8.871273694882827,0.0288216735790148,60.08957176440413,US
JDST,Direxion Daily Junior Gold Miners Index Bear 2X Shares,ETF,ETF,40.720001220703125,0.0,-0.0931949733822041,52.37903433637087,US
JDVI,John Hancock Disciplined Value International Select ETF,ETF,ETF,38.6890983581543,-1.2453730593382777,-0.0125976552366957,48.632021443028144,US
JDVL,John Hancock Disciplined Value Select ETF,EQUITY,EQUITY,31.65999984741211,0.253324648192926,0.0063279111607479,57.31615678278289,US
JELM,Janus Henderson Equity Linked Moderate Income ETF,ETF,ETF,25.334999084472656,-0.0197358645821619,-0.0003416280839384,60.24860278540242,US
JETS,U.S. Global Jets ETF,ETF,ETF,30.850000381469727,-5.106115120787215,-0.0764561968165662,48.05808408140766,US
JFR,Nuveen Floating Rate Income Fund,Financial Services,Asset Management,7.730000019073486,0.3896131240451645,6.339696170380021e-05,66.90556261313885,US
JGLO,Jpmorgan Global Select Equity ETF,ETF,ETF,71.88050079345703,0.4099945742594812,-0.0011837489372276,57.28167138765453,US
JGRO,JPMorgan Active Growth ETF,ETF,ETF,96.38999938964844,1.6129019285815969,0.0477342595467462,51.1434403066036,US
JGRW,Jensen Quality Growth ETF,ETF,ETF,27.32699966430664,-0.3173557109243127,-0.0174644978399912,57.473063254632095,US
JHAC,John Hancock Fundamental All Cap Core ETF,ETF,ETF,15.185999870300291,0.6828859374423041,-0.0005217109179647,62.24779506895616,US
JHAI,Janus Henderson Global Artificial Intelligence ETF,ETF,ETF,34.349998474121094,2.396700069809889,0.0264197840022266,49.58452350668632,US
JHDG,John Hancock Hedged Equity ETF,ETF,ETF,27.31999969482422,-0.8708264723108823,-0.0063346729588417,49.77600081290244,US
JHEM,John Hancock Multifactor Emerging Markets ETF,ETF,ETF,38.97909927368164,0.4615980416051735,0.0199438665579794,46.79251149847886,US
JHG,Janus Henderson Group PLC,Financial Services,Asset Management,51.95000076293945,0.05778620002357,-0.0015553904353431,61.55352067694749,US
JHHY,John Hancock High Yield ETF,ETF,ETF,25.6200008392334,-0.194776926030167,-0.0004171627598952,55.2498410644201,US
JHLN,JHancock Global Senior Loan ETF,EQUITY,EQUITY,24.649999618530277,0.101521293523953,-0.0012780175818085,62.23759984313424,US
JHMB,John Hancock Mortgage Backed Securities ETF,ETF,ETF,21.82550048828125,-0.1578230608739111,0.002208594570275,47.60973149977483,US
JHMD,John Hancock Multifactor Developed International ETF,ETF,ETF,44.68999862670898,-0.2232692270021624,0.0045803317489938,53.76711975998484,US
JHMM,John Hancock Multifactor Mid Cap ETF,ETF,ETF,73.94999694824219,-0.1215612725178681,0.001172420334729,52.11950954542117,US
JHPI,John Hancock Preferred Income ETF,ETF,ETF,22.709999084472656,-0.0879914569576102,-0.0004861388408377,49.20677608059175,US
JHSC,John Hancock Multifactor Small Cap ETF,ETF,ETF,48.04999923706055,-0.0624013994416324,0.0080404901309038,54.78689195193354,US
JIDE,JPMorgan International Dynamic ETF,EQUITY,EQUITY,49.900001525878906,-2.48191653021625,-0.0333821952397549,48.636760838481706,US
JIG,JPMorgan International Growth ETF,ETF,ETF,83.29000091552734,-0.8334289392143713,0.0105069200042154,45.9561487970922,US
JIII,Janus Henderson Income ETF,ETF,ETF,49.77000045776367,0.0201007567681938,0.0012781866294697,52.95939181655525,US
JIRE,JPMorgan International Research Enhanced Equity ETF,ETF,ETF,82.37000274658203,-0.2180500284935463,0.0010954184972039,53.22272681163928,US
JIVE,Jpmorgan International Value ETF,ETF,ETF,93.64289855957033,0.7161999235066545,0.0443018432024323,55.5562390229485,US
JJSF,J&J Snack Foods Corp.,Consumer Defensive,Packaged Foods,75.66999816894531,-1.6378553636190445,-0.0670095992122858,50.36525610389764,US
JMBS,Janus Henderson Mortgage-Backed Securities ETF,ETF,ETF,44.7599983215332,-0.1561532604555716,0.006820405793258,47.21646343392537,US
JMEE,JPMorgan Small & Mid Cap Enhanced Equity ETF,ETF,ETF,76.36000061035156,0.1048791719126256,0.0134231671096257,52.666204899629264,US
JMID,Janus Henderson Mid Cap Growth Alpha ETF,ETF,ETF,31.139299392700195,0.1199283349088901,-0.0020437215882216,49.62066815096405,US
JMMF,Jpmorgan 100% U.S. Treasury Securities Money Market ETF,EQUITY,EQUITY,100.125,0.0589820803046817,0.0001748141271735,82.58116367030091,US
JMOM,JPMorgan U.S. Momentum Factor ETF,ETF,ETF,83.30999755859375,0.4945669784901695,0.0108360193644154,52.31418552294317,US
JMTG,JPMorgan Mortgage-Backed Securities ETF,ETF,ETF,50.209999084472656,-0.178926747421458,-0.0022546722355598,45.14673517359179,US
JNJ,Johnson & Johnson,Healthcare,Drug Manufacturers - General,253.8500061035156,-5.010471718366731,-0.6359587566108162,55.8891416907801,US
JNK,State Street SPDR Bloomberg High Yield Bond ETF,ETF,ETF,95.9000015258789,-0.1561702458229761,-0.0018644110984918,54.14926955072282,US
JOBX,Tradr 2X Long JOBY Daily ETF,ETF,ETF,13.800000190734863,-6.630578889999214,0.11414006301358,36.194550236048805,US
JOET,Virtus Terranova U.S. Quality Momentum ETF,ETF,ETF,45.70000076293945,0.0876060351752517,-0.0031060806009842,54.65206750591523,US
JOJO,ATAC Credit Rotation ETF,ETF,ETF,15.15999984741211,-0.7268683236240199,0.000434753963153,31.504667019207943,US
JOUT,Johnson Outdoors Inc.,Consumer Cyclical,Leisure,44.77999877929688,3.0609850241748204,0.0841675382452218,48.97314100982888,US
JOYT,JPMorgan Equity And Options Total Return ETF,ETF,ETF,57.80950164794922,0.9949335303682616,0.0038450796863411,64.99259663318999,US
JPC,JPC,N/A,N/A,7.880000114440918,-0.1267395717857201,-0.0011521231428264,56.40050397762476,US
JPIE,JPMorgan Income ETF,ETF,ETF,45.86000061035156,0.0,0.0009823077101311,56.32558510540817,US
JPM,JPMorgan Chase & Co.,Financial Services,Banks - Diversified,342.8900146484375,1.0818977107858074,0.3580160496047222,65.51642054636999,US
JPMB,JPMorgan USD Emerging Markets Sovereign Bond ETF,ETF,ETF,39.82979965209961,-0.4304766111617805,-0.0032489920570276,46.46216489619605,US
JPRE,JPMorgan Realty Income ETF,ETF,ETF,53.05680084228516,-0.6798901892724025,0.0008368877092818,55.42728573257206,US
JPSE,JPMorgan Diversified Return U.S. Small Cap Equity ETF,ETF,ETF,59.49399948120117,0.1919811570147482,0.002524117640043,55.32619185194966,US
JPSV,Jpmorgan Active Small Cap Value ETF,ETF,ETF,68.61940002441406,0.2987635842307337,-0.0027306870271879,63.13347455859417,US
JPY,Lazard Japanese Equity ETF,ETF,ETF,37.75299835205078,0.976243337441741,0.0107151967623082,58.01573296277802,US
JQUA,JPMorgan U.S. Quality Factor ETF,ETF,ETF,72.33000183105469,0.528151353621126,-0.0057500740470781,59.34260286289803,US
JRE,Janus Henderson U.S. Real Estate ETF,ETF,ETF,27.60700035095215,0.2323678795916807,-0.0069346066237274,56.535584428455465,US
JTEK,JPMorgan U.S. Tech Leaders ETF,ETF,ETF,103.93000030517578,1.6529758183857817,0.0996038006334804,48.85922884702879,US
JTKWY,JTKWY,N/A,N/A,4.0,-5.88235294117647,0.0126050119325729,51.32787322485487,US
JUCY,Aptus Enhanced Yield ETF,ETF,ETF,22.0,0.0864341884050111,0.0023260487624722,56.67838077406783,US
JUDO,Janus Henderson U.S. Equity Enhanced Income ETF,ETF,ETF,27.971900939941406,1.200801583292619,0.0070365355997074,58.321206007370535,US
JULM,FT Vest U.S. Equity Max Buffer ETF - July,ETF,ETF,34.67499923706055,0.0721434634367063,-0.0006825144808715,79.09761580937426,US
JULP,PGIM S&P 500 Buffer 12 ETF - Jul,ETF,ETF,32.77980041503906,0.3053858902427095,0.0005008585930933,58.63684457995031,US
JULU,AllianzIM U.S. Equity Buffer15 Uncapped Jul ETF,ETF,ETF,32.189998626708984,0.515213405054006,-0.0006306482329743,55.85863680914502,US
JULW,AllianzIM U.S. Equity Buffer20 Jul ETF,ETF,ETF,40.91999816894531,0.3556018090505291,0.003115594493814,62.38679468839136,US
JULZ,Trueshares Structured Outcome (July) ETF,ETF,ETF,45.57279968261719,0.4779978272137898,0.0005417817753264,55.58905944593256,US
JUNM,FT Vest U.S. Equity Max Buffer ETF - June,ETF,ETF,35.18000030517578,0.2564837623155527,0.0015147544368857,69.87325223943712,US
JUNZ,TrueShares Structured Outcome (June) ETF,ETF,ETF,35.24599838256836,-0.3731131653319502,-0.0083691832688665,53.91531148194856,US
JUST,Goldman Sachs JUST U.S. Large Cap Equity ETF,ETF,ETF,107.36000061035156,0.4688415999088405,-0.003656883012322,57.01069032122906,US
JVAL,JPMorgan U.S. Value Factor ETF,ETF,ETF,57.9900016784668,0.4329753944105503,0.0007686960028686,53.92222237930552,US
JXN,Jackson Financial Inc.,Financial Services,Insurance - Life,121.91999816894533,11.566617433054995,0.3132412106897668,73.4203490020779,US
JXX,Janus Henderson Transformational Growth ETF,ETF,ETF,31.373699188232425,-0.5398853474522922,-0.0151019772341861,46.610658879611165,US
KAPR,Innovator Russell 2000 Power Buffer ETF - April,ETF,ETF,39.70500183105469,0.1892524878072633,-0.0006975139219819,58.28460495741195,US
KARO,Karooooo Ltd.,Technology,Software - Application,57.900001525878906,0.3118508339726409,-0.1195586519628397,73.23519658828508,US
KARS,KraneShares Electric Vehicles and Future Mobility Index ETF,ETF,ETF,30.200000762939453,-0.9836040559362192,0.0271133457809895,36.68705833883258,US
KAT,Scharf ETF,ETF,ETF,55.80590057373047,-0.0718047795261294,-0.0216109747041751,59.84553008137988,US
KAUG,Innovator U.S. Small Cap Power Buffer ETF - August,ETF,ETF,28.69099998474121,0.0278890632380186,-0.0011747746342892,66.24171161128217,US
KBA,KraneShares Bosera MSCI China A 50 Connect Index ETF,ETF,ETF,33.91999816894531,2.2919129222870467,0.0561035990962425,51.54594823771972,US
KBON,Karbon Capital Partners Corp.,Financial Services,Shell Companies,10.100000381469728,-0.2961474099928686,-0.0010958530148305,47.35833730092518,US
KBR,"KBR, Inc.",Industrials,Engineering & Construction,35.5099983215332,-3.1633485283194736,-0.0575464500413523,53.44091288065244,US
KBUF,KraneShares 90% KWEB Defined Outcome January 2027 ETF,ETF,ETF,26.687000274658203,1.110105269836654,-0.006954884666114,52.15834818398455,US
KBWB,Invesco KBW Bank ETF,ETF,ETF,96.95999908447266,0.8319419632868726,0.0442962168865594,65.79400266346136,US
KBWP,Invesco KBW Property & Casualty Insurance ETF,ETF,ETF,132.13900756835938,-1.5797609304747668,-0.2418085898916779,62.67806165174623,US
KCOP,Kurv Copper & Mining Enhanced Income ETF,ETF,ETF,22.906400680541992,4.167352973906968,0.0670226705480914,50.51630725824664,US
KCSH,Kraneshares Sustainable Ultra Short Duration Index ETF,ETF,ETF,25.075000762939453,0.0199484171364663,0.0004251130047816,70.49860492654045,US
KDEC,Innovator U.S. Small Cap Power Buffer ETF - December,ETF,ETF,28.350000381469727,0.1412960659906257,-0.0016284651460231,59.32716583141395,US
KDP,Keurig Dr Pepper Inc.,Consumer Defensive,Beverages - Non-Alcoholic,30.26000022888184,-3.906000480077656,-0.0609629916518489,43.17215130165655,US
KE,"Kimball Electronics, Inc.",Industrials,Electrical Equipment & Parts,25.149999618530277,2.111248377921126,0.0188554662718483,49.704606857679366,US
KELYA,"Kelly Services, Inc.",Industrials,Staffing & Employment Services,14.06999969482422,4.145073696928661,-0.0055855271401599,70.36716088356386,US
KEX,Kirby Corporation,Industrials,Marine Shipping,145.0399932861328,8.311544559514289,0.1918274508714763,60.1354252589601,US
KEY,KeyCorp,Financial Services,Banks - Regional,23.299999237060547,-0.2995361560078908,0.003271269515121,59.02051111470714,US
KEYS,"Keysight Technologies, Inc.",Technology,Scientific & Technical Instruments,325.7300109863281,5.37332302390978,0.8295647303147522,46.26457737945055,US
KFII,K&F Growth Acquisition Corp. II,Financial Services,Shell Companies,10.56999969482422,-0.2830253355269041,-0.0007070784675267,56.970330498449165,US
KGRN,KGRN,N/A,N/A,23.45499992370605,-0.8035547911999799,0.0172752011839146,35.38063338436213,US
KGS,"Kodiak Gas Services, Inc.",Energy,Oil & Gas Equipment & Services,69.08999633789062,1.587993188850113,0.1507147398443589,49.43992290211923,US
KHC,The Kraft Heinz Company,Consumer Defensive,Packaged Foods,25.07999992370605,-0.8695625295997146,-0.0197668002819988,59.1375734780858,US
KIDS,OrthoPediatrics Corp.,Healthcare,Medical Devices,19.25,-2.8758814510631305,-0.0921552250049295,50.418690238896296,US
KIO,KKR Income Opportunities Fund,Financial Services,Asset Management,11.260000228881836,0.0130194336859761,-0.0042455673655796,58.299192571014885,US
KIQQ,KraneShares InspereX Nasdaq Dynamic Buffered High Income Index ETF,ETF,ETF,25.828399658203125,1.8269264390556423,0.0082983171228165,52.42124655732415,US
KJUN,Innovator U.S. Small Cap Power Buffer ETF - June,ETF,ETF,29.616600036621094,-0.1833422912058762,-0.0014713771509733,53.07104874349408,US
KKR,KKR & Co. Inc.,Financial Services,Asset Management,97.20999908447266,2.1757407064367102,0.0331877940856761,55.95668188307643,US
KLAC,KLA Corporation,Technology,Semiconductor Equipment & Materials,230.3699951171875,6.421210245345989,0.6846274965465771,49.34339340279389,US
KLAG,Leverage Shares 2X Long KLAC Daily ETF,ETF,ETF,41.68999862670898,12.9198285328624,0.3164366434863863,47.172206277039535,US
KLAR,Klarna Group plc,Financial Services,Credit Services,19.6299991607666,1.08135470467378,-0.0075300254672262,57.84920575065031,US
KLC,"KinderCare Learning Companies, Inc.",Consumer Defensive,Education & Training Services,5.039999961853027,-0.982321988918642,-0.0144789413907741,68.28409627061279,US
KLIC,"Kulicke and Soffa Industries, Inc.",Technology,Semiconductor Equipment & Materials,110.08999633789062,3.9860144345229407,0.2258609547579007,46.828934336107686,US
KLMN,KLMN,N/A,N/A,30.90329933166504,0.4332105034718456,-0.0011343268951371,57.06500887454997,US
KMAR,Innovator U.S. Small Cap Power Buffer ETF - March,ETF,ETF,31.94599914550781,-0.680869777043315,-0.0104335459306801,54.31938033160129,US
KMAY,Innovator U.S. Small Cap Power Buffer ETF - May,ETF,ETF,30.21999931335449,-0.231104655189915,-0.0023443623715679,54.38557837567273,US
KMB,Kimberly-Clark Corporation,Consumer Defensive,Household & Personal Products,106.81999969482422,-6.902560847481193,-0.3900796963441757,50.19846721880967,US
KMCA,PLUS Korea Manufacturing Core Alliance Index ETF,ETF,ETF,18.107999801635746,-3.3208742968624776,0.0385441704867444,36.417255344983054,US
KMDA,Kamada Ltd.,Healthcare,Drug Manufacturers - Specialty & Generic,7.269999980926514,-0.5471951048718864,0.0047664510069409,45.01635830323647,US
KMI,"Kinder Morgan, Inc.",Energy,Oil & Gas Midstream,32.540000915527344,0.1538911495153432,0.0149354949351611,54.30728768587564,US
KMLI,KraneShares 2x Long MELI Daily ETF,ETF,ETF,10.09980010986328,6.347271619748139,-0.0096124023178956,69.31269853563394,US
KMPR,Kemper Corporation,Financial Services,Insurance - Property & Casualty,28.63999938964844,-2.915256306276483,-0.1207812983509381,55.99790656477355,US
KMTS,"Kestra Medical Technologies, Ltd.",Healthcare,Medical Instruments & Supplies,24.18000030517578,-13.177737974954628,-0.1865671660561572,51.67039110799838,US
KMX,"CarMax, Inc.",Consumer Cyclical,Auto & Truck Dealerships,55.72999954223633,9.167483594746582,0.1739046973839266,67.07295683125042,US
KNCT,Invesco Next Gen Connectivity E,ETF,ETF,198.56700134277344,1.0982117206080892,0.1599163015044071,48.0534377222883,US
KNF,Knife River Corporation,Basic Materials,Building Materials,80.05999755859375,-1.815064189742684,0.0853353049582814,46.46553141123803,US
KNG,FT Cboe Vest S&P 500 Dividend Aristocrats Target Income ETF,ETF,ETF,50.58000183105469,-1.7673331088522235,-0.0465559097378038,55.11753135701739,US
KNGZ,First Trust S&P 500 Diversified Dividend Aristocrats ETF,ETF,ETF,40.51409912109375,-0.6179162203896819,-0.0272903513572279,51.71748352515677,US
KNOW,Fundamentals First ETF,ETF,ETF,12.960000038146973,0.2320164908208296,0.0002739101952303,53.67836705706182,US
KNRG,Simplify Kayne Anderson Energy and Infrastructure Credit ETF,ETF,ETF,25.7549991607666,0.1088346045407902,-0.0018216345807274,59.54955082946309,US
KNSA,"Kiniksa Pharmaceuticals International, plc",Healthcare,Drug Manufacturers - Specialty & Generic,61.97999954223633,-7.891219053417665,-0.2005050060479587,56.38936821951354,US
KNSL,"Kinsale Capital Group, Inc.",Financial Services,Insurance - Property & Casualty,337.1400146484375,-3.323486930508257,-0.9309492324057064,55.870174987416334,US
KNTK,Kinetik Holdings Inc.,Energy,Oil & Gas Midstream,50.54999923706055,2.911238469607416,0.0597037789316459,62.66748610928963,US
KO,The Coca-Cola Company,Consumer Defensive,Beverages - Non-Alcoholic,83.08000183105469,-1.1540763658340385,-0.0761314627702706,55.59727337577129,US
KOD,Kodiak Sciences Inc.,Healthcare,Biotechnology,43.2599983215332,12.950389512470723,0.0856896853279517,65.77175983965412,US
KOID,KraneShares Global Humanoid Robotics and Physical AI Index ETF,ETF,ETF,38.61000061035156,-3.063020749730203,-0.0145494854877505,43.32769712405095,US
KOKU,Xtrackers MSCI Kokusai Equity ETF,ETF,ETF,129.4969940185547,-0.1341944023142062,-0.0028425126007003,52.88704494101779,US
KOMP,State Street SPDR S&P Kensho New Economies Composite ETF,ETF,ETF,67.77999877929688,-0.659540606033092,0.0108366374234899,44.55019463858292,US
KONG,Formidable Fortress ETF,ETF,ETF,31.746000289916992,0.274803032623439,-0.0057889512578872,63.48282319645712,US
KOOL,North Shore Equity Rotation ETF,ETF,ETF,14.387499809265137,0.9507434437399396,0.0021433209670299,53.35794583472112,US
KOPN,KOPN,N/A,N/A,3.759999990463257,-0.7915559813120093,0.006895786053868,41.49077167404035,US
KORP,American Century Diversified Corporate Bond ETF,ETF,ETF,46.209999084472656,-0.4309432527408324,7.989561924270916e-05,41.03081078591456,US
KOS,Kosmos Energy Ltd.,Energy,Oil & Gas E&P,2.5,13.122169993091257,0.0178792127953889,53.80677374892427,US
KPDD,KraneShares 2x Long PDD Daily ETF,ETF,ETF,5.489999771118164,3.0018733527646715,-0.0214896810773725,49.08259502126355,US
KPRO,KraneShares 100% KWEB Defined Outcome January 2027 ETF,ETF,ETF,26.84499931335449,0.3176348420988333,-0.0038166331417438,52.823550679161066,US
KR,The Kroger Co.,Consumer Defensive,Grocery Stores,58.7400016784668,0.3416480352093815,-0.0608080138900737,44.71499224210756,US
KRAQ,KRAKacquisition Corp.,Financial Services,Shell Companies,10.020000457763672,-0.0996936737161551,-0.0002588017240027,64.82439304107999,US
KRC,Kilroy Realty Corporation,Real Estate,REIT - Office,39.43999862670898,1.6494829954458607,0.0311556935967786,66.46692894406924,US
KRE,State Street SPDR S&P Regional Banking ETF,ETF,ETF,75.0,-0.0932458973075564,-0.0186679845413149,59.19416196673595,US
KREF,KKR Real Estate Finance Trust Inc.,Real Estate,REIT - Mortgage,7.480000019073486,5.20393640803203,0.0087518035197783,67.82028120833311,US
KRG,Kite Realty Group Trust,Real Estate,REIT - Retail,28.690000534057617,0.4619420279285081,0.0239441924888666,59.57280769309556,US
KRMN,Karman Holdings Inc.,Industrials,Aerospace & Defense,45.83000183105469,-10.957838072441744,-0.2209462122704604,39.16718504935687,US
KRNY,Kearny Financial Corp.,Financial Services,Banks - Regional,9.380000114440918,0.7518763874244885,-0.0047331599878615,63.16810139711983,US
KRP,"Kimbell Royalty Partners, LP",Energy,Oil & Gas E&P,14.649999618530272,-1.1470990539447623,-0.0101771706149227,46.88064461933043,US
KRSP,Rice Acquisition Corporation 3,Financial Services,Shell Companies,10.56999969482422,0.6666637602306548,0.0003658850635943,61.43844753413372,US
KRT,Karat Packaging Inc.,Consumer Cyclical,Packaging & Containers,35.45000076293945,3.989441490947955,0.0159396045835262,74.79626372031798,US
KRYP,ProShares CoinDesk 20 Crypto ETF,EQUITY,EQUITY,17.440000534057617,-4.438353238040453,-0.0299890098641217,44.114509868478926,US
KSA,iShares MSCI Saudi Arabia ETF,ETF,ETF,36.900001525878906,-1.415973216606112,-0.0084814963514364,36.26203342087065,US
KSEP,Innovator U.S. Small Cap Power Buffer ETF - September,ETF,ETF,30.847000122070312,-0.106862174848161,-0.0049116252062983,61.95168591597308,US
KSLV,Kurv Silver Enhanced Income ETF,ETF,ETF,25.030000686645508,-2.758349226052901,0.0195887141432953,38.65761940259699,US
KSS,Kohl's Corporation,Consumer Cyclical,Department Stores,16.43000030517578,-1.968973264913082,0.011269235714523,47.98858452340049,US
KTB,"Kontoor Brands, Inc.",Consumer Cyclical,Apparel Manufacturing,83.8499984741211,-4.899625478665125,-0.188098050864554,57.92848107152056,US
KURE,KraneShares MSCI All China Health Care Index ETF,ETF,ETF,17.219999313354492,3.703702427415648,0.0018770248023823,64.28286329526284,US
KVUE,Kenvue Inc.,Consumer Defensive,Household & Personal Products,18.76000022888184,-5.15672609886372,-0.0517555827658475,50.51964019585523,US
KVYO,"Klaviyo, Inc.",Technology,Software - Application,17.510000228881836,1.684093653258404,-0.0262469839024697,63.93845864555342,US
KWEB,KraneShares CSI China Internet ETF,ETF,ETF,26.18000030517578,2.626421286877868,-0.023264859244284,52.87548350883716,US
KWIN,KraneShares Wahed Alternative Income Index ETF,ETF,ETF,25.667400360107425,0.0444349186049978,0.0014754597196213,52.710374219043366,US
KWT,iShares MSCI Kuwait ETF,ETF,ETF,36.29999923706055,-1.0899223911810854,-0.0004369267621288,41.523331867851226,US
KXI,iShares Global Consumer Staples ETF,ETF,ETF,67.7699966430664,-1.8679423126721757,-0.0364271711624689,48.72826637242488,US
KYTX,"Kyverna Therapeutics, Inc.",Healthcare,Biotechnology,7.940000057220459,-17.97520860639813,-0.0602791188152038,42.59146631251716,US
L,Loews Corporation,Financial Services,Insurance - Property & Casualty,114.47000122070312,-2.120560745834494,-0.1794340399707672,58.1504279114425,US
LABD,Direxion Daily S&P Biotech Bear 3X Shares,ETF,ETF,8.029999732971191,16.04045728958596,0.0822485401477199,37.281838945208094,US
LABU,Direxion Daily S&P Biotech Bull 3X Shares,ETF,ETF,274.04998779296875,-15.0548658047609,-2.586589087300116,56.27404501048431,US
LAC,Lithium Americas Corp.,Basic Materials,Other Industrial Metals & Mining,3.150000095367432,-12.9834200290054,-0.0022462676781409,23.402962713392967,US
LAD,"Lithia Motors, Inc.",Consumer Cyclical,Auto & Truck Dealerships,319.25,2.4254860596675485,0.2027853260959347,64.4957299153709,US
LADR,Ladder Capital Corp,Real Estate,REIT - Mortgage,9.829999923706056,-0.2030503247623995,0.0076037111400302,47.897848383322994,US
LAR,Lithium Argentina AG,Basic Materials,Other Industrial Metals & Mining,7.230000019073486,-3.0831101594822137,0.0179459450919974,33.710340877444,US
LAUR,"Laureate Education, Inc.",Consumer Defensive,Education & Training Services,39.83000183105469,-0.0752603583480236,-0.0709075952894802,66.57715214916915,US
LAZ,LAZ,N/A,N/A,43.38999938964844,3.9530370024705968,0.1485592167477534,51.8361169816251,US
LB,LandBridge Company LLC,Energy,Oil & Gas Equipment & Services,78.73999786376953,1.6787130441362037,-0.1162439963109813,61.28679200374366,US
LBAY,Leatherback Long/Short Alternative Yield ETF,ETF,ETF,25.5310001373291,0.294629025701928,0.0135844625679676,52.77331641551561,US
LBO,WHITEWOLF Publicly Listed Private Equity ETF,ETF,ETF,24.527999877929688,-0.3817718449403475,0.0033320266676518,50.66127563013954,US
LBRDA,Liberty Broadband Corporation,Communication Services,Telecom Services,29.950000762939453,-7.189338896541794,-0.0820341241823526,39.24917077956343,US
LBRT,Liberty Energy Inc.,Energy,Oil & Gas Equipment & Services,25.270000457763672,6.804736351372638,0.0846326106913177,42.15493748793513,US
LCDL,GraniteShares 2x Long LCID Daily ETF,ETF,ETF,0.2876000106334686,-59.2056712848572,-0.0236704340436685,31.386739642803164,US
LCF,Touchstone US Large Cap Focused ETF,ETF,ETF,44.13800048828125,0.1633880840102503,-0.0140727860635531,57.451271925155424,US
LCO,Logiq Contrarian Opportunities ETF,ETF,ETF,26.15699958801269,-1.7060631768109529,-0.0014576802083923,39.91387373582119,US
LCOW,Pacer S&P 500 Quality FCF Aristocrats ETF,ETF,ETF,25.84000015258789,0.6426520756782472,-0.0083894248557155,63.3491846388145,US
LCR,Leuthold Core ETF,ETF,ETF,39.639198303222656,0.0232077589188399,-0.0030503952194528,52.99662045944819,US
LCTD,iShares World ex U.S. Carbon Transition Readiness Aware Active ETF,ETF,ETF,57.9473991394043,-0.187061831527787,0.0014062289097636,53.615598339631454,US
LDEM,iShares ESG MSCI EM Leaders ETF,ETF,ETF,59.65480041503906,0.9028975272313616,0.0200698774562129,47.636536251264005,US
LDI,"loanDepot, Inc.",Financial Services,Mortgage Finance,1.1200000047683716,-3.4482726727597,0.000905009533059,43.2919384157478,US
LDP,"Cohen & Steers Limited Duration Preferred and Income Fund, Inc.",Financial Services,Asset Management,21.15999984741211,-0.0944308662676663,-0.0100540073727321,61.15733782815858,US
LDRC,iShares iBonds 1-5 Year Corporate Ladder ETF,ETF,ETF,25.040000915527344,-0.1395806434583991,-0.0002233090141596,47.246772028565935,US
LDRH,iShares iBonds 1-5 Year High Yield and Income Ladder ETF,ETF,ETF,24.520000457763672,-0.2846673216342045,-0.0008740772728196,50.60942343895759,US
LDRI,iShares iBonds 1-5 Year TIPS Ladder ETF,ETF,ETF,24.94499969482422,-0.060093710731618,-0.0004537117360343,47.767090462661386,US
LDRX,SGI Enhanced Market Leaders ETF,ETF,ETF,36.02320098876953,1.348194597648376,0.0120591926115391,59.82757259427346,US
LDSF,First Trust Low Duration Strategic Focus ETF,ETF,ETF,18.88999938964844,0.1325185201886258,0.001239364779995,52.85244421666676,US
LEA,Lear Corporation,Consumer Cyclical,Auto Parts,135.91000366210938,3.471638634717734,0.1862088261756906,49.80074514004448,US
LEAD,Siren DIVCON Leaders Dividend ETF,ETF,ETF,85.92369842529297,-0.2684700334062194,0.0363843122369631,44.96856578592693,US
LEG,"Leggett & Platt, Incorporated",Consumer Cyclical,"Furnishings, Fixtures & Appliances",10.81999969482422,-3.7366555591323056,-0.0108618722058619,46.83284121022992,US
LEGH,Legacy Housing Corporation,Consumer Cyclical,Residential Construction,26.049999237060547,0.4627802949189056,-0.0069398134501413,57.58172119752857,US
LEGN,Legend Biotech Corporation,Healthcare,Biotechnology,25.670000076293945,-7.261561440467156,-0.0046015275215895,36.561646973647264,US
LEMB,iShares J.P. Morgan EM Local Currency Bond ETF,ETF,ETF,42.525001525878906,0.0823719605307681,0.0011987084650281,56.24811649373369,US
LEN,Lennar Corporation,Consumer Cyclical,Residential Construction,83.70999908447266,-2.917723136295554,0.0826063735101247,41.200237146360216,US
LEND,SEI High Yield Bond & Alternative Credit ETF,ETF,ETF,24.920000076293945,-0.6379579262313901,-0.0044955284040668,49.34491133577734,US
LEO,"BNY Mellon Strategic Municipals, Inc.",Financial Services,Asset Management,6.400000095367432,0.4709609159705119,0.0003546651810064,49.877276711396114,US
LEUX,Tradr 2X Long LEU Daily ETF,ETF,ETF,10.970000267028809,-8.65944997529658,-0.0499417999572205,42.44745629882351,US
LEXI,Alexis Practical Tactical ETF,ETF,ETF,40.34439849853516,0.1847480504737395,0.004637874943354,53.35725980333624,US
LFAI,LifeX 2050 Longevity Income ETF,ETF,ETF,147.39100646972656,-1.2164304785544902,-0.0323864774635637,38.05670933593721,US
LFAO,LifeX 2055 Longevity Income ETF,ETF,ETF,160.7480010986328,-1.3210514907809372,-0.0350536086212101,37.67534159172754,US
LFAW,LifeX 2060 Longevity Income ETF,ETF,ETF,171.56300354003906,-1.4283290850153092,-0.0372937049216131,37.1860889988205,US
LFBE,LifeX 2065 Longevity Income ETF,ETF,ETF,180.78599548339844,-1.5305331625353311,-0.0384238330116857,36.70723440931343,US
LFEQ,VanEck Long/Flat Trend ETF,ETF,ETF,59.85029983520508,0.5819746712160443,-0.0013530543031163,56.89062699978266,US
LFST,"LifeStance Health Group, Inc.",Healthcare,Medical Care Facilities,10.789999961853027,-1.0091711974947588,-0.0243433081884894,66.43153439093021,US
LGH,HCM Defender 500 Index ETF,ETF,ETF,65.12000274658203,1.845486620608303,0.0368381000386943,59.58334663226855,US
LGHT,Langar Global Healthtech ETF,ETF,ETF,8.78600025177002,-3.609429814695269,-0.0123057002563207,57.914569654112896,US
LGIH,"LGI Homes, Inc.",Consumer Cyclical,Residential Construction,58.84000015258789,-0.135773962735094,0.024042206433684,54.67124130155389,US
LGND,Ligand Pharmaceuticals Incorporated,Healthcare,Biotechnology,300.9700012207031,-5.779041379440804,-1.498248807123158,58.34551520878123,US
LGOV,First Trust Long Duration Opportunities ETF,ETF,ETF,21.149999618530277,-0.3298760466036654,-0.0008664851045534,42.33121432827655,US
LH,Labcorp Holdings Inc.,Healthcare,Diagnostics & Research,275.67999267578125,-2.881699816073151,-0.3526850492768991,55.64952069717984,US
LHX,"L3Harris Technologies, Inc.",Industrials,Aerospace & Defense,290.010009765625,-1.824639215377967,-0.0042074312915687,42.71754828351035,US
LIAE,LifeX 2050 Inflation-Protected Longevity Income ETF,ETF,ETF,204.75999450683597,-0.9582051133303192,-0.0210679710657429,38.59348858008787,US
LIAM,LifeX 2055 Inflation-Protected Longevity Income ETF,ETF,ETF,232.17300415039065,-1.13187337864275,-0.0257584259289552,38.07664288070615,US
LIAU,LifeX 2060 Inflation-Protected Longevity Income ETF,ETF,ETF,256.79998779296875,-1.2657146595061777,-0.027927991098378,37.71186879742691,US
LIBD,LifeX 2065 Inflation-Protected Longevity Income ETF,ETF,ETF,272.51300048828125,-1.400588369678479,-0.0265123730666045,37.110664040354806,US
LIF,"Life360, Inc.",Technology,Software - Application,53.0,-5.844734165957016,-0.1302839897969598,54.678448561877744,US
LIFE,Ethos Technologies Inc.,Financial Services,Insurance Brokers,19.84000015258789,2.0051381714675958,-0.0100562610706123,56.4411868338641,US
LIFT,LifeX 2028 Income Bucket ETF,ETF,ETF,23.351999282836918,-0.1112198488921052,-0.0016210425605802,52.383104146804136,US
LILA,Liberty Latin America Ltd.,Communication Services,Telecom Services,7.239999771118164,-3.9787823906186777,-0.0337670697590188,61.052915903224765,US
LIMI,Themes Lithium & Battery Metal Miners ETF,ETF,ETF,41.297000885009766,-13.774167919475111,-0.0920438993401133,22.630310379546373,US
LIN,Linde plc,Basic Materials,Specialty Chemicals,522.5399780273438,-2.915111199814932,-0.5394619284762223,50.88439661982059,US
LINC,Lincoln Educational Services Corporation,Consumer Defensive,Education & Training Services,53.5099983215332,-3.897273656158482,-0.1366566921996466,60.526548626480896,US
LIND,"Lindblad Expeditions Holdings, Inc.",Consumer Cyclical,Travel Services,26.18000030517578,1.986755852614186,-0.007091408325607,56.53410113827647,US
LION,Lionsgate Studios Corp.,EQUITY,EQUITY,13.289999961853027,-4.662838149901872,0.0135072386061786,39.18240493441966,US
LITE,Lumentum Holdings Inc.,Technology,Communication Equipment,814.7999877929688,16.581536836142984,4.691808323723073,49.25717165958826,US
LITL,Simplify Piper Sandler US Small-Cap PLUS Income ETF,ETF,ETF,34.04399871826172,-1.666617634565846,-0.0365971865483076,62.04894385248903,US
LITU,T-Rex 2X Long Lite Daily Target ETF,ETF,ETF,18.86000061035156,33.758865958170084,0.2114096524605697,45.952998991053406,US
LITZ,Tradr 2X Short LITE Daily ETF,ETF,ETF,15.880000114440918,-30.68528930507738,-0.2215478183553384,45.19428980665394,US
LIVN,LivaNova PLC,Healthcare,Medical Devices,79.12000274658203,-5.336203621397283,-0.2739283040261124,47.42605868786988,US
LKFN,Lakeland Financial Corporation,Financial Services,Banks - Regional,60.560001373291016,-1.6404065722581236,0.0184822560002366,48.92986148987483,US
LKOR,FlexShares Credit-Scored US Long Corporate Bond Index Fund,ETF,ETF,40.78340148925781,-0.8643828246544851,0.0020721023272081,34.2610337844646,US
LKQ,LKQ Corporation,Consumer Cyclical,Auto Parts,24.86000061035156,-5.150700195639689,-0.0350089175437053,39.52463786378861,US
LLY,Eli Lilly and Company,Healthcare,Drug Manufacturers - General,1152.5400390625,-6.719221696575321,-3.643766704808215,49.61015797513176,US
LLYX,Defiance Daily Target 2X Long LLY ETF,ETF,ETF,25.479999542236328,-13.067212533239502,-0.1616562845243898,48.14617311385937,US
LMAT,"LeMaitre Vascular, Inc.",Healthcare,Medical Instruments & Supplies,97.86000061035156,-7.417215292569605,-0.4174919097767333,48.85110530072454,US
LMBS,First Trust Low Duration Opportunities ETF,ETF,ETF,49.70500183105469,0.2319049770375841,0.0040914364450594,52.014983594462514,US
LMND,"Lemonade, Inc.",Financial Services,Insurance - Property & Casualty,70.13999938964844,-9.601749323197255,-0.2894935943962493,60.37542095603765,US
LMNX,Defiance Daily Target 2X Long LMND ETF,ETF,ETF,18.502500534057617,-19.49834173358445,-0.1362945511029936,57.562094352856064,US
LMRI,LMRI,N/A,N/A,10.90999984741211,-11.228642137707933,-0.0891490994798697,52.23871710466111,US
LMT,Lockheed Martin Corporation,Industrials,Aerospace & Defense,514.989990234375,-3.8085125448232975,-0.7505677044489882,46.65607115271149,US
LMTL,Direxion Daily LMT Bull 2X ETF,ETF,ETF,31.06999969482422,-7.5737784055414785,-0.0865366448074234,45.41876070479514,US
LNC,Lincoln National Corporation,Financial Services,Insurance - Life,41.2599983215332,6.495195534158614,0.0553453623834711,72.11487276549116,US
LNG,"Cheniere Energy, Inc.",Energy,Oil & Gas Midstream,265.0299987792969,3.933332854626225,-0.0781956465255042,69.0897753767806,US
LNN,Lindsay Corporation,Industrials,Farm & Heavy Construction Machinery,115.45999908447266,0.1909069982482978,0.1770327955522588,48.553954356647104,US
LNOK,Defiance Daily Target 2x Long NOK ETF,ETF,ETF,48.79999923706055,-4.257410107263566,0.0521810814411418,38.23728022297766,US
LNT,LNT,N/A,N/A,76.30999755859375,-1.7256972839061242,-0.042969675946451,55.52455973658521,US
LNTH,"Lantheus Holdings, Inc.",Healthcare,Drug Manufacturers - Specialty & Generic,102.37000274658205,-1.005706294069509,-0.1829661909209696,46.23723589645491,US
LOAR,Loar Holdings Inc.,Industrials,Aerospace & Defense,71.41000366210938,-8.213366502566046,-0.1431465411744699,47.69029734977298,US
LOB,"Live Oak Bancshares, Inc.",Financial Services,Banks - Regional,41.540000915527344,1.0459749423294984,-0.0169609621184118,60.707170212062834,US
LOCO,"El Pollo Loco Holdings, Inc.",Consumer Cyclical,Restaurants,16.559999465942383,2.0332713063070367,-0.0109572697057492,59.90812768724288,US
LODI,AAM SLC Low Duration Income ETF,ETF,ETF,25.19499969482422,0.0,-0.0002657034857462,64.8819845161697,US
LOGC,ContextLogic Holdings Inc.,Consumer Cyclical,Internet Retail,9.149999618530272,0.7709217556430107,0.0131937882734798,53.31883510473285,US
LOGO,Alpha Brands Consumption Leaders ETF,ETF,ETF,20.614999771118164,-0.9798764139977162,-0.0050708018131882,50.35016974888548,US
LONZ,PIMCO Senior Loan Active Exchange-Traded Fund,ETF,ETF,49.18999862670898,0.0406761409568319,-0.0015246081184414,67.0038230779104,US
LOT,LOT,N/A,N/A,1.0199999809265137,-19.047619948671883,-0.0088197853807289,33.01484624272631,US
LOUP,Innovator Deepwater Frontier Tech ETF,ETF,ETF,92.79759979248048,-2.554240763109271,-0.0691967847119803,47.65329978782094,US
LOW,"Lowe's Companies, Inc.",Consumer Cyclical,Home Improvement Retail,207.67999267578125,-5.984609138060063,-0.2064049097883096,37.6344849686982,US
LOWV,AB US Low Volatility Equity ETF,ETF,ETF,80.95600128173828,0.0989191250779792,-0.0282261278677428,61.4005781018636,US
LPG,Dorian LPG Ltd.,Energy,Oil & Gas Midstream,41.630001068115234,6.47059512206544,0.1352693509580429,57.56578947353748,US
LPLA,LPL Financial Holdings Inc.,Financial Services,Capital Markets,321.3500061035156,4.476890608100325,0.0373016373867596,65.13740452689474,US
LPRE,Long Pond Real Estate Select ETF,ETF,ETF,30.0,-2.072793289171172,-0.0103212993471202,53.27179842879765,US
LPX,Louisiana-Pacific Corporation,Industrials,Building Products & Equipment,75.41000366210938,0.8424777923196748,0.2141530907045283,50.00981355679512,US
LQ,Simplify Tax Aware Alternatives ETF,ETF,ETF,23.8799991607666,0.5050460047508715,0.0078653929282606,44.53651172816416,US
LQAI,LG QRAFT AI-Powered U.S. Large Cap Core ETF,ETF,ETF,45.60599899291992,-1.983709834751926,-0.0123468728753177,46.22595154709326,US
LQDA,Liquidia Corporation,Healthcare,Drug Manufacturers - Specialty & Generic,76.48999786376953,-5.835289052415713,-0.0471525777918309,55.8514324282734,US
LQDB,iShares BBB Rated Corporate Bond ETF,ETF,ETF,85.3145980834961,-0.321764535784438,0.0035118868108874,40.70995355519157,US
LQDH,iShares Interest Rate Hedged Corporate Bond ETF,ETF,ETF,92.37129974365234,-0.3943407377766135,-0.0068584077570822,36.57600649028081,US
LQDI,iShares Inflation Hedged Corporate Bond ETF,ETF,ETF,26.06999969482422,-0.0153398411225515,0.0076631298524351,44.51427237860585,US
LQDM,LQDM,N/A,N/A,24.200300216674805,-0.6147850613950842,-0.0004780424000332,37.55952548990263,US
LQDT,"Liquidity Services, Inc.",Consumer Cyclical,Internet Retail,38.93000030517578,2.366556809801576,0.0120052134521975,60.02460469806393,US
LQID,Kurv Enhanced Short Maturity ETF,ETF,ETF,25.045000076293945,0.0199646988171696,-0.001222062187385,68.43443237792988,US
LRCU,Tradr 2X Long LRCX Daily ETF,ETF,ETF,67.95999908447266,10.72010085020266,0.4581073001764415,46.52792928758238,US
LRCX,Lam Research Corporation,Technology,Semiconductor Equipment & Materials,346.1000061035156,6.123325337047382,1.0612339842580631,48.63428507732399,US
LRGF,iShares U.S. Equity Factor ETF,ETF,ETF,76.29000091552734,0.7927050532011402,0.0086826637117518,58.06666743105319,US
LRGG,Nomura Focused Large Growth ETF,ETF,ETF,28.440000534057617,0.1761223863478176,-0.0130186504762866,59.830277276365045,US
LSAK,"Lesaka Technologies, Inc.",Technology,Software - Infrastructure,4.860000133514404,-0.2053337223750211,-0.002271644312019,53.317542509966735,US
LSAT,LeaderShares AlphaFactor Tactical Focused ETF,ETF,ETF,45.08000183105469,-0.9296014247751866,-0.0192592568865529,62.73499484299178,US
LSEQ,LSEQ,N/A,N/A,34.554500579833984,2.2231729278948555,0.0417975349343732,48.36042638090596,US
LSGR,Natixis Loomis Sayles Focused Growth ETF,ETF,ETF,43.35499954223633,-0.0345847129763479,-0.0069714786427524,52.421840201323306,US
LST,Leuthold Select Industries ETF,ETF,ETF,45.83000183105469,-1.143224271611708,-0.0454563996265837,45.9104945527801,US
LSTR,"Landstar System, Inc.",Industrials,Integrated Freight & Logistics,211.41000366210935,3.6577626013695728,0.2586855556283054,56.59145282905624,US
LSVD,LSV Disciplined Value ETF,ETF,ETF,34.82789993286133,0.8335234791628519,0.002914064005574,58.130110711649,US
LTAX,Nomura Tax-Free USA ETF,ETF,ETF,25.16900062561035,-0.9796154266373874,-0.004374248598145,49.77878690321749,US
LTC,"LTC Properties, Inc.",Real Estate,REIT - Healthcare Facilities,40.02999877929688,2.0392537506895483,0.0158223919843866,67.43929905934726,US
LTCC,Canary Litecoin ETF,ETF,ETF,10.96500015258789,2.2377600240726063,0.0106097030220275,50.37546208750815,US
LTL,ProShares Ultra Communication Services,ETF,ETF,24.52519989013672,-0.0195711226025472,-0.0076294134183536,52.30625651732911,US
LTPZ,PIMCO 15+ Year U.S. TIPS Index Exchange-Traded Fund,ETF,ETF,49.02999877929688,-0.5879986158186803,0.0089733387020219,38.05135496228317,US
LUCK,Lucky Strike Entertainment Corporation,Consumer Cyclical,Leisure,7.179999828338623,-1.101933857039758,0.0023339053931374,40.52174748272356,US
LULG,Leverage Shares 2X Long LULU Daily ETF,ETF,ETF,6.348999977111816,3.31977212072415,-0.0156247735745574,46.20371799468119,US
LUNL,Defiance Daily Target 2X Long LUNR ETF,ETF,ETF,4.590000152587891,-31.4925330857386,0.0396270512389023,31.40341772860197,US
LUNR,"Intuitive Machines, Inc.",Industrials,Aerospace & Defense,14.90999984741211,-16.470590875222964,0.0150660634940393,28.35638356259801,US
LUV,Southwest Airlines Co.,Industrials,Airlines,47.560001373291016,-3.783125471049126,-0.0682407910905573,50.02717141893346,US
LVHD,Franklin U.S. Low Volatility High Dividend Index ETF,ETF,ETF,44.45000076293945,-1.3756355360170227,-0.0239535673976521,55.20242353089794,US
LVHI,Franklin International Low Volatility High Dividend Index ETF,ETF,ETF,41.61000061035156,0.7750052984471624,0.0084743347657342,66.73185331771303,US
LVS,Las Vegas Sands Corp.,Consumer Cyclical,Resorts & Casinos,44.77999877929688,-2.778989482914737,-0.0676288840641077,30.81756373069676,US
LW,"Lamb Weston Holdings, Inc.",Consumer Defensive,Packaged Foods,46.5,-0.0214971444722114,-0.0175548262859317,57.66811789467741,US
LWAY,"Lifeway Foods, Inc.",Consumer Defensive,Packaged Foods,32.33000183105469,10.266037406411762,0.0105738986268963,72.50985993783448,US
LWLG,"Lightwave Logic, Inc.",Basic Materials,Specialty Chemicals,6.869999885559082,1.9287851462248784,0.0406084602073377,37.36360846013222,US
LXFR,Luxfer Holdings PLC,Industrials,Specialty Industrial Machinery,17.09000015258789,1.968973264913082,0.030378165144223,45.97351425572458,US
LYFT,"Lyft, Inc.",Technology,Software - Application,15.609999656677246,1.1010367934849714,-0.0191037989977747,61.32132068131317,US
LYLD,Cambria LargeCap Shareholder Yield ETF,ETF,ETF,30.96999931335449,1.71105756717674,0.0212382194999604,66.26747977973497,US
LYV,"Live Nation Entertainment, Inc.",Communication Services,Entertainment,181.55999755859372,-1.2831669388033116,-0.1837184523614805,58.72258242111753,US
LZB,La-Z-Boy Incorporated,Consumer Cyclical,"Furnishings, Fixtures & Appliances",38.58000183105469,-1.3046772052760902,-0.0156681441464927,49.12935759008101,US
M,"Macy's, Inc.",Consumer Cyclical,Department Stores,23.209999084472656,0.3458708456926863,0.0580677012890967,50.68579388237518,US
MA,Mastercard Incorporated,Financial Services,Credit Services,538.02001953125,1.3735172479146078,-0.069620397527732,65.79285431281242,US
MAAS,Maase Inc.,Financial Services,Asset Management,14.109999656677246,-15.000004021518109,-0.0116622017039752,49.22829032636775,US
MAAY,GraniteShares YieldBOOST MARA ETF,ETF,ETF,6.090000152587891,-0.106317835499332,0.001070815728801,39.590646904888,US
MAC,The Macerich Company,Real Estate,REIT - Retail,24.88999938964844,-2.353865778176923,0.0011238128861739,55.03703787652634,US
MADE,iShares U.S. Manufacturing ETF,ETF,ETF,37.2599983215332,-0.9569394486251424,0.0078227825101765,46.03867701655717,US
MAGA,Point Bridge America First ETF,ETF,ETF,56.49300003051758,-0.2542525282800287,-0.0027148826166205,61.5611639772542,US
MAGG,Madison Aggregate Bond ETF,ETF,ETF,20.065000534057617,-0.3476518203551372,-0.0002905232805381,41.85595474942157,US
MAGN,Magnera Corporation,Consumer Defensive,Household & Personal Products,12.5600004196167,-0.2382822288133564,-0.0221596898815635,55.96533392576534,US
MAGS,Roundhill Magnificent Seven ETF,ETF,ETF,67.44000244140625,1.81160117200588,-0.0044504797893961,56.89758600487527,US
MAIN,Main Street Capital Corporation,Financial Services,Asset Management,53.09000015258789,1.8122536897658064,0.02533886734156,62.162182056376295,US
MAKX,ProShares S&P Kensho Smart Factories ETF,ETF,ETF,67.87020111083984,2.224938501628829,0.0466076190878979,47.4054672374711,US
MAMB,Monarch Ambassador Income ETF,ETF,ETF,23.784900665283203,-0.4690910861359846,0.0021215427641665,39.56226312479741,US
MAN,ManpowerGroup Inc.,Industrials,Staffing & Employment Services,39.18000030517578,-0.4067103375483443,-0.0741388231391826,62.12213172974719,US
MANE,"Veradermics, Incorporated",Healthcare,Biotechnology,110.16999816894533,-5.676373895191196,-0.6203427616108952,48.755163551345845,US
MANH,"Manhattan Associates, Inc.",Technology,Software - Application,158.60000610351562,0.271864411423341,-0.1628870856088888,65.17102263282855,US
MANI,Man Active Income ETF,EQUITY,EQUITY,25.677000045776367,0.0428570069682951,-0.0017062106417106,70.79656741038801,US
MANU,MANU,N/A,N/A,22.049999237060547,-1.3422869766834953,0.0004444678577805,50.53681560727551,US
MAR,"Marriott International, Inc.",Consumer Cyclical,Lodging,363.1900024414063,-4.61194945728004,-0.1773163982914285,39.07090752064135,US
MARA,"MARA Holdings, Inc.",Financial Services,Capital Markets,12.15999984741211,0.9128602069386176,0.0088442888334324,42.52124681492517,US
MARO,YieldMax MARA Option Income Strategy ETF,ETF,ETF,5.309999942779541,1.197682714679633,0.0014667374303886,43.310229072300615,US
MARS,Roundhill Space & Technology ETF,ETF,ETF,26.86000061035156,-7.379308240167026,-0.0090318094917387,34.38193960959049,US
MART,Allianzim U.S. Equity Buffer10 Mar ETF,ETF,ETF,42.16609954833984,0.4672345054400108,0.0012994926047138,60.44754378062496,US
MARU,AllianzIM U.S. Equity Buffer15 Uncapped Mar ETF,ETF,ETF,29.81110000610352,0.5806540959312899,0.0009154699838769,55.30876730532175,US
MARW,Allianzim U.S. Equity Buffer20 Mar ETF,ETF,ETF,36.20800018310547,0.022097845296747,-0.0034588815812378,60.6440104612011,US
MAT,"Mattel, Inc.",Consumer Cyclical,Leisure,13.670000076293944,1.862891196562793,0.021221259046602,46.68889233805648,US
MATV,"Mativ Holdings, Inc.",Basic Materials,Specialty Chemicals,7.730000019073486,-0.3866006304573581,0.0032584576554851,47.39831930649096,US
MATX,"Matson, Inc.",Industrials,Marine Shipping,210.9499969482422,6.255980579918533,0.2767946856373751,67.19938584615318,US
MAVF,Matrix Advisors Value ETF,ETF,ETF,136.79100036621094,-0.6096087239958669,-0.0254736383953526,55.72231822708094,US
MAXI,Simplify Bitcoin Strategy ETF,ETF,ETF,9.395400047302246,1.1345542075566937,0.0207254205362095,53.79774758973701,US
MAYC,Corgi U.S. Equities 10% Structured Buffer ETF - May Series,ETF,ETF,25.71999931335449,-0.15528305579165,-0.0039338150472874,54.25877445329488,US
MAYP,PGIM S&P 500 Buffer 12 ETF - May,ETF,ETF,32.62950134277344,0.522188117934554,0.0009884578423967,59.11549842794189,US
MAYT,AllianzIM U.S. Equity Buffer10 May ETF,ETF,ETF,39.16999816894531,0.3484084921723652,-0.0004768238215263,58.22645429534605,US
MAZE,"Maze Therapeutics, Inc.",Healthcare,Biotechnology,29.8799991607666,-9.013401273044854,-0.1375157756162743,56.28259079248532,US
MBAV,MBAV,N/A,N/A,10.875,0.1381247126792585,-0.000143480144299,54.68881145069092,US
MBBA,iShares Mortgage-Backed Securities Active ETF,ETF,ETF,49.22499847412109,-0.3239847177282278,0.0026549808620217,45.7855074994403,US
MBBB,VanEck Moody's Analytics BBB Corporate Bond ETF,ETF,ETF,21.09499931335449,-0.4248296193378597,-0.0003120837248163,39.72713445920731,US
MBC,"MasterBrand, Inc.",Consumer Cyclical,"Furnishings, Fixtures & Appliances",8.920000076293945,-1.1086516230013546,0.0008007366398103,48.31295781706128,US
MBCE,Northern Lights Fund Trust IV - Monarch Blue Chips Elite Index ETF,ETF,ETF,39.22999954223633,1.558458154365087,0.0116404863063223,49.274504336240575,US
MBLY,Mobileye Global Inc.,Consumer Cyclical,Auto Parts,10.09000015258789,6.210527921977796,0.0189663431077958,59.49112038416502,US
MBND,State Street Nuveen Municipal Bond ETF,ETF,ETF,27.1781005859375,-0.3004388930912908,-0.0007893286789553,47.85069076034839,US
MBS,Angel Oak Mortgage-Backed Securities ETF,ETF,ETF,8.600000381469727,-0.2898506496263587,-5.181317348079001e-05,49.33589153070739,US
MBSD,FlexShares Disciplined Duration MBS Index Fund,ETF,ETF,20.46999931335449,-0.141476341210602,0.0006792568401655,44.24512409040871,US
MBSF,Regan Floating Rate MBS ETF,ETF,ETF,25.709999084472656,0.1870408663295892,9.720837389742136e-05,60.19046979855465,US
MBSX,Regan Fixed Rate MBS ETF,ETF,ETF,26.49020004272461,-0.8785793653642765,-0.0606089942449912,47.13084005774625,US
MBUU,"Malibu Boats, Inc.",Consumer Cyclical,Recreational Vehicles,26.670000076293945,4.017163460079281,0.0396461847973727,49.50561249493855,US
MBVI,M3-Brigade Acquisition Vi Corp.,Financial Services,Shell Companies,10.15999984741211,-0.2944036722920351,-0.0021688565241128,53.6167488040345,US
MC,Moelis & Company,Financial Services,Capital Markets,66.97000122070312,-4.109386122104402,0.1643091875088723,51.28290134538825,US
MCB,Metropolitan Bank Holding Corp.,Financial Services,Banks - Regional,96.9000015258789,-0.1751294627379882,-0.0486893382540485,52.88253729236559,US
MCCK,"Mestek, Inc.",Industrials,Building Products & Equipment,71.0,1.6318342108338275,0.1466211120454026,51.36183958033816,US
MCD,McDonald's Corporation,Consumer Cyclical,Restaurants,268.94000244140625,-4.702168390726229,-0.4259477963038856,41.37240454669395,US
MCDIF,Mcdermott International Ltd.,Industrials,Engineering & Construction,15.600000381469728,-32.9032241657216,-0.6375790105311052,39.25322561935833,US
MCFT,"MasterCraft Boat Holdings, Inc.",Consumer Cyclical,Recreational Vehicles,23.799999237060547,-0.7092201967616768,-0.0194307685206807,48.93738215405612,US
MCH,Matthews China Active ETF,ETF,ETF,27.608999252319336,-2.613760561480372,-0.0352849829625848,39.78067536663401,US
MCHI,iShares MSCI China ETF,ETF,ETF,53.22999954223633,2.8003105390554874,0.0261804758035435,51.75145418198731,US
MCHP,Microchip Technology Incorporated,Technology,Semiconductors,87.11000061035156,3.517527071657103,0.1864779713264366,46.35405333628934,US
MCHS,Matthews China Innovators Active ETF,ETF,ETF,46.44609832763672,-0.6117866247723667,0.033006331439922,46.59602495455881,US
MCK,McKesson Corporation,Healthcare,Medical Distribution,803.3699951171875,-0.4905084524084478,-0.8384567437421016,57.07066107451595,US
MCO,Moody's Corporation,Financial Services,Financial Data & Stock Exchanges,494.7300109863281,-1.1508680214262683,-0.4074451855588776,64.57726280880402,US
MCY,Mercury General Corporation,Financial Services,Insurance - Property & Casualty,107.77999877929688,-2.7607340848925044,-0.2349111432932442,55.752258693954815,US
MD,"Pediatrix Medical Group, Inc.",Healthcare,Medical Care Facilities,24.11000061035156,-10.204840715790638,-0.1892683462446197,43.95455636677981,US
MDB,"MongoDB, Inc.",Technology,Software - Infrastructure,344.6700134277344,-4.608101837423037,-0.4241936880142747,51.900207106141856,US
MDLN,Medline Inc.,Healthcare,Medical Instruments & Supplies,38.65999984741211,-10.11392384068809,-0.2263184377401916,47.82369600861385,US
MDLZ,"Mondelez International, Inc.",Consumer Defensive,Confectioners,58.79999923706055,-2.3580238373598594,-0.0093896444706161,45.33779399672154,US
MDPL,Monarch Dividend Plus ETF,ETF,ETF,26.309999465942383,0.3049939958147403,-0.0079021936625048,57.75413407569963,US
MDRX,Veradigm Inc.,Healthcare,Health Information Services,4.760000228881836,2.3655942206107063,-0.0051534167129902,46.16856291618647,US
MDST,Westwood Salient Enhanced Midstream Income ETF,ETF,ETF,29.86000061035156,1.151762016651567,0.0216902275710905,62.848529088859735,US
MDT,Medtronic plc,Healthcare,Medical Devices,79.30000305175781,-5.403791817190137,-0.3116783485597424,46.19915983404178,US
MDU,"MDU Resources Group, Inc.",Utilities,Utilities - Regulated Gas,21.239999771118164,2.4108004123330966,0.01896886747466,51.71503091088067,US
MDXG,"MiMedx Group, Inc.",Healthcare,Biotechnology,4.199999809265137,0.0,-0.0008298361190386,65.67795812109085,US
MDY,State Street SPDR S&P MIDCAP 400 ETF Trust,ETF,ETF,689.1900024414062,0.155497199879583,0.1614892979483126,51.52291124333261,US
MDYG,State Street SPDR S&P 400 Mid Cap Growth ETF,ETF,ETF,108.41999816894533,-0.092147509412481,0.0229802930958695,48.21116809987824,US
MDYV,State Street SPDR S&P 400 Mid Cap Value ETF,ETF,ETF,94.33999633789062,0.6078700173083199,0.0291438583227644,58.15041786272146,US
MEDX,Horizon Kinetics Medical ETF,ETF,ETF,34.88639831542969,-7.445951287896745,-0.0967285683305042,44.9387661207726,US
MEI,"Methode Electronics, Inc.",Technology,Electronic Components,17.420000076293945,10.955415846653542,0.0893745112485098,63.77982651347412,US
MELI,"MercadoLibre, Inc.",Consumer Cyclical,Internet Retail,1873.8800048828125,3.3232073057629776,-1.0141331573446308,70.5428993050902,US
MEM,Matthews Emerging Markets Equity Active ETF,ETF,ETF,43.351600646972656,-0.3205271862189887,0.0180363482610086,45.656357747110576,US
MEME,Roundhill ETF Trust - Roundhill Meme Stock ETF,EQUITY,EQUITY,7.909999847412109,-0.1262655149684721,0.0148055508362946,38.3346706029321,US
MEMS,Matthews Emerging Markets Discovery Active ETF,ETF,ETF,30.6387996673584,-0.3357000537671034,-0.0045754564291211,45.22649137023013,US
MESH,Meshflow Acquisition Corp.,Financial Services,Shell Companies,10.020000457763672,0.0999023841476276,0.0002895680076953,62.21662428989666,US
MET,"MetLife, Inc.",Financial Services,Insurance - Life,92.54000091552734,0.9490594130684282,-0.0260008761455676,66.24813658924919,US
META,"Meta Platforms, Inc.",Communication Services,Internet Content & Information,661.0399780273438,7.3848987419072,-0.0227457921017588,63.53443064357749,US
METD,Direxion Daily META Bear 1X ETF,ETF,ETF,14.6899995803833,-7.318616865413993,0.0063450730301281,35.69896340169258,US
METL,Sprott Active Metals & Miners ETF,ETF,ETF,25.25,2.1853538467618607,0.0614352673677514,42.20408717597118,US
METV,Roundhill Ball Metaverse ETF,ETF,ETF,19.0,-0.0526050960622431,-0.0139824424280089,56.64096630839544,US
METW,Roundhill META WeeklyPay ETF,ETF,ETF,28.84000015258789,8.274703648308249,-0.0059878911054922,62.89480956867424,US
MEVO,M Evo Global Acquisition Corp II,Financial Services,Shell Companies,9.949999809265137,0.1006059286116218,0.0004828279010697,65.71517823937307,US
MEXX,Direxion Daily MSCI Mexico Bull 3X Shares,ETF,ETF,28.26000022888184,0.4442864723053455,0.0688120458370437,46.91716688241569,US
MFEM,PIMCO RAFI Dynamic Multi-Factor Emerging Markets Equity ETF,ETF,ETF,27.322599411010746,0.8028034401378217,0.0151078036456854,44.88134389774829,US
MFI,mF International Limited,Technology,Software - Application,8.850000381469727,-1.666662428114149,0.0119260698763382,48.73473515921084,US
MFLX,First Trust Flexible Municipal High Income ETF,ETF,ETF,17.30500030517578,-0.3225606570042025,-0.0009265854152709,54.70653931235037,US
MFM,Aberdeen Municipal Income Fund,Financial Services,Asset Management,5.579999923706055,0.5405357106342588,0.0013513126037419,60.22901854433323,US
MFSB,MFS Active Core Plus Bond ETF,ETF,ETF,24.76000022888184,-0.362173646705464,-0.0009612748437387,42.223837653541246,US
MFSV,MFS Active Value ETF,ETF,ETF,29.100000381469727,-0.068682888692521,-0.0090040619391315,66.18900328934208,US
MFUL,Mindful Conservative ETF,ETF,ETF,22.31369972229004,-0.2828845874694947,-0.0005820021117439,48.0148337565207,US
MFVL,Motley Fool Value Factor ETF,ETF,ETF,20.654699325561523,-0.5790627926724392,-0.0117130995071098,56.24945654289289,US
MG,"Mistras Group, Inc.",Industrials,Security & Protection Services,16.440000534057617,-1.142505329508543,0.0452962883863485,37.45166019101944,US
MGC,Vanguard Mega Cap Index Fund,ETF,ETF,275.5,0.5914981336007578,-0.0156861833952408,56.00321001407782,US
MGMT,Ballast Small/Mid Cap ETF,ETF,ETF,50.4635009765625,1.2510048596824388,0.0276136178728012,57.60104994859532,US
MGNR,American Beacon GLG Natural Resources ETF,ETF,ETF,48.95000076293945,2.2774762613607997,0.0868320377429181,44.220911249558185,US
MGV,Vanguard Mega Cap Value Index Fund,ETF,ETF,162.8300018310547,-0.7799639111183676,-0.0490108299713314,56.16896057438564,US
MGY,Magnolia Oil & Gas Corporation,Energy,Oil & Gas E&P,26.68000030517578,3.450947491485341,0.0451517920187261,50.31347184655627,US
MH,"McGraw Hill, Inc.",Consumer Defensive,Education & Training Services,10.079999923706056,-3.6328882701250578,-0.0074361701975695,45.66122879383648,US
MHD,"BlackRock MuniHoldings Fund, Inc.",Financial Services,Asset Management,11.970000267028809,1.5267201506206851,0.004119152132868,62.02480521300685,US
MHK,"Mohawk Industries, Inc.",Consumer Cyclical,"Furnishings, Fixtures & Appliances",109.91999816894533,-2.6222529735072517,0.0816797101728532,48.10887802408619,US
MHO,"M/I Homes, Inc.",Consumer Cyclical,Residential Construction,148.11000061035156,-1.443970046960274,0.1097195896244711,51.2719570701771,US
MHY,Man Active High Yield ETF,EQUITY,EQUITY,25.549999237060547,-0.0391245269592466,-0.0017856491517984,75.41240932132213,US
MIDD,The Middleby Corporation,Industrials,Specialty Industrial Machinery,134.58999633789062,-3.353438426795337,-0.0547075779097756,52.147413265433954,US
MIDE,Xtrackers S&P MidCap 400 Scored & Screened ETF,ETF,ETF,37.82609939575195,0.2122106093783587,0.0097856544236855,53.07116570514818,US
MIDU,Direxion Daily Mid Cap Bull 3X Shares,ETF,ETF,70.04000091552734,0.1143536765317705,0.0495653689259412,50.12696164672665,US
MIG,VanEck Moody's Analytics IG Corporate Bond ETF,ETF,ETF,21.05990028381348,-0.3081643369776257,0.0010658799315816,40.73146556612736,US
MIGO,Mig Core ETF,ETF,ETF,29.899999618530277,1.321583824546161,0.0088954839883989,53.40894345258406,US
MILK,Pacer US Cash Cows Bond ETF,ETF,ETF,24.34199905395508,-0.5027635310265941,-0.0001302760258947,41.12190372707308,US
MINO,PIMCO Municipal Income Opportunities Active Exchange-Traded Fund,ETF,ETF,45.40999984741211,-0.2197285823097452,-0.0002106811171248,50.299148178634056,US
MINT,PIMCO Enhanced Short Maturity Active Exchange-Traded Fund,ETF,ETF,100.55999755859376,0.0198892409830065,-0.0014564500237733,84.6311810967433,US
MINV,Matthews Asia Innovators Active ETF,ETF,ETF,50.92910003662109,-2.546686428735927,-0.0289321554305452,41.97510862981826,US
MINY,YieldMax Strategic Metals & Mining Portfolio Option Income ETF,EQUITY,EQUITY,36.810001373291016,0.5051232035249573,0.04867583630274,39.65818544425459,US
MIR,"Mirion Technologies, Inc.",Industrials,Specialty Industrial Machinery,16.290000915527344,1.4321385880037742,0.0022321611589033,40.77993004445487,US
MIRM,"Mirum Pharmaceuticals, Inc.",Healthcare,Biotechnology,120.88999938964844,-5.782868295634494,-0.3718717680417347,58.0252750871711,US
MISL,First Trust Indxx Aerospace & Defense ETF,ETF,ETF,43.709999084472656,-4.228747438619648,-0.0376405584589876,39.78381554829948,US
MJSC,MUFG Japan Small Cap Active ETF,EQUITY,EQUITY,61.716400146484375,0.0314465058826482,0.0010506460998906,51.105972388964354,US
MKL,Markel Group Inc.,Financial Services,Insurance - Property & Casualty,1943.219970703125,-1.3263324550622946,-2.2573715252599484,57.20091588058551,US
MKOR,Matthews Korea Active ETF,ETF,ETF,60.02000045776367,-0.3072857198977594,0.1177396824358867,44.695511409874,US
MKSI,MKS Inc.,Technology,Scientific & Technical Instruments,358.42999267578125,2.534538194332288,0.36267054036397,48.72198100437488,US
MKTX,MKTX,N/A,N/A,114.87000274658205,-3.1450217331604438,-0.0517266662315503,41.7168293300101,US
MLAA,Mountain Lake Acquisition Corp. II,EQUITY,EQUITY,9.949999809265137,0.0,0.0002790401718009,51.45707698714396,US
MLAB,"Mesa Laboratories, Inc.",Technology,Scientific & Technical Instruments,94.63999938964844,-1.5807032181508494,0.0124995654547401,43.86377483923997,US
MLCO,Melco Resorts & Entertainment Limited,Consumer Cyclical,Resorts & Casinos,5.190000057220459,-1.3308016847036812,-0.010925320451043,42.65467371833167,US
MLKN,"MillerKnoll, Inc.",Consumer Cyclical,"Furnishings, Fixtures & Appliances",20.559999465942383,0.8832203758001061,-0.0259940857642158,66.73615680736931,US
MLM,"Martin Marietta Materials, Inc.",Basic Materials,Building Materials,573.75,-3.436724085276441,0.1974258417281684,45.76786896020931,US
MLN,VanEck Long Muni ETF,ETF,ETF,17.65999984741211,-0.2823220759191568,-0.001169060710579,53.80770490548774,US
MLP,"Maui Land & Pineapple Company, Inc.",Real Estate,Real Estate Services,16.309999465942383,-4.897960182344758,0.009654097248395,39.43016477319411,US
MLPB,UBS ETRACS Alerian MLP Infrastructure Index ETN Series B,ETF,ETF,29.653200149536133,0.4852589615168663,-0.0164072019553953,56.79900975528608,US
MLPD,Global X MLP & Energy Infrastructure Covered Call ETF,ETF,ETF,25.15019989013672,0.5806867996138163,-0.001046663680353,58.43732782314535,US
MLPI,Neos Mlp & Energy Infrastructure High Income ETF,ETF,ETF,56.4900016784668,1.1459323577998983,0.0332929605573479,58.84005417631031,US
MLPX,Global X MLP & Energy Infrastructure ETF,ETF,ETF,76.1500015258789,1.3306719623360708,0.0390825087263542,59.70665860069307,US
MLR,"Miller Industries, Inc.",Consumer Cyclical,Auto Parts,49.02000045776367,2.5523038497398702,0.0504909812902159,49.349903436166095,US
MLTX,MoonLake Immunotherapeutics,Healthcare,Biotechnology,19.520000457763672,1.932119303414353,-0.0333851156851395,51.71487591951298,US
MMAX,iShares Large Cap Max Buffer Mar ETF,ETF,ETF,27.149999618530277,0.2029906129160626,0.0005339736881566,66.79017681539808,US
MMAY,Pacer Swan SOS Moderate (May) ETF,ETF,ETF,32.77000045776367,-0.0609955998939935,-0.0046285452249625,57.22823235559665,US
MMCA,NYLI MacKay California Muni Intermediate ETF,ETF,ETF,21.66349983215332,-0.4892081918738363,-0.0015491810958583,42.626779865270265,US
MMED,"MiniMed Group, Inc.",Healthcare,Medical Instruments & Supplies,15.039999961853027,-2.147039207307391,-0.0444074483719817,54.0038328927003,US
MMI,"Marcus & Millichap, Inc.",Real Estate,Real Estate Services,29.8700008392334,-6.74367162779796,-0.074206708800887,45.37302408342806,US
MMK,State Street Prime Money Market ETF,ETF,ETF,100.13500213623048,0.0649569717242759,-0.0006787468803877,99.1810538056428,US
MMKT,Texas Capital Government Money Market ETF,ETF,ETF,100.20999908447266,0.0638944387993056,-0.0005908613905484,98.95201893794672,US
MMM,3M Company,Industrials,Conglomerates,156.5800018310547,-0.9050014084516562,0.0496235437803596,47.1271917540748,US
MMMA,NYLI MacKay Muni Allocation ETF,EQUITY,EQUITY,25.3799991607666,-0.6770255512168987,-0.0024924437588982,50.43072788686671,US
MMSC,First Trust Multi-Manager Small Cap Opportunities ETF,ETF,ETF,28.520000457763672,-0.3494073324157356,-0.005073820040866,51.08730783650452,US
MMSD,NYLI MacKay Muni Short Duration ETF,ETF,ETF,25.350000381469727,0.0592117526708904,0.0018520497459154,56.87665901241293,US
MMSI,"Merit Medical Systems, Inc.",Healthcare,Medical Instruments & Supplies,71.0199966430664,-1.552540554557786,-0.1696296316549328,56.20323228992038,US
MMT,Aberdeen Multi-Market Income Fund,Financial Services,Asset Management,4.429999828338623,0.2262387301373593,0.0021142193760989,48.08758522218167,US
MMTM,State Street SPDR S&P 1500 Momentum Tilt ETF,ETF,ETF,309.8489990234375,1.5365694406400812,0.1845355576905485,49.86748799903313,US
MMU,Western Asset Managed Municipals Fund Inc.,Financial Services,Asset Management,10.399999618530272,0.3861000306814344,0.0021465904726391,55.30334712842778,US
MMYT,MakeMyTrip Limited,Consumer Cyclical,Travel Services,55.75,-5.02555489709968,-0.2837601878727502,59.85343917070954,US
MNA,NYLI Merger Arbitrage ETF,ETF,ETF,36.650001525878906,0.6315303912610121,0.007333388435413,58.28476476900387,US
MNBD,ALPS Intermediate Municipal Bond ETF,ETF,ETF,26.01499938964844,-0.1151878923310671,-0.0002937278721942,54.13868772824512,US
MNKD,MannKind Corporation,Healthcare,Biotechnology,3.880000114440918,-8.056864754850885,-0.0180962965336181,48.21020736076843,US
MNPR,Monopar Therapeutics Inc.,Healthcare,Biotechnology,99.79000091552734,4.79941150623572,-0.6285400818547799,69.42110470443482,US
MNR,Mach Natural Resources LP,Energy,Oil & Gas E&P,13.109999656677246,2.5019522734842674,0.0127256707821874,55.98461624204227,US
MNRO,"Monro, Inc.",Consumer Cyclical,Auto Parts,17.329999923706055,0.0577380430602682,0.0222239177672307,59.18043365022185,US
MNST,Monster Beverage Corporation,Consumer Defensive,Beverages - Non-Alcoholic,98.00499725341795,1.1194790600195317,0.0366353819533222,66.40451377759175,US
MNVT,Moonvest ETF,ETF,ETF,28.3799991607666,-0.2810960164426057,0.0366692567369532,44.533816671435936,US
MNZL,Manzil Russell Halal USA Broad Market ETF,ETF,ETF,60.55410003662109,0.5147409834844833,-0.0107632282298617,52.51064404831218,US
MO,"Altria Group, Inc.",Consumer Defensive,Tobacco,70.16000366210938,-3.8377130722294326,-0.1270779235559697,44.69369053256762,US
MOAT,VanEck Morningstar Wide Moat ETF,ETF,ETF,105.80999755859376,-0.1886657613492909,-0.0646224141386342,59.616428130395086,US
MOBI,"Mobia Medical, Inc.",Healthcare,Medical Devices,11.56999969482422,-6.3157948384830975,-0.030486537264763,41.31929434858304,US
MODL,Victoryshares Westend U.S. Sector ETF,ETF,ETF,51.50249862670898,0.1392789787315852,-0.0124281225778425,59.616294963193,US
MOO,VanEck Agribusiness ETF,ETF,ETF,81.51000213623047,0.7415627820593914,-0.0230495310402354,62.044434484102695,US
MORN,"Morningstar, Inc.",Financial Services,Financial Data & Stock Exchanges,170.47999572753906,0.0213156510413962,0.0285553994996528,53.538934510903154,US
MOS,The Mosaic Company,Basic Materials,Agricultural Inputs,22.940000534057617,8.617422455037554,0.0950981779646018,58.06132690501581,US
MOTG,MOTG,N/A,N/A,38.47930145263672,-0.4158849367238068,-0.0191131388321213,51.81520717164127,US
MOTI,VanEck Morningstar International Moat ETF,ETF,ETF,34.041500091552734,-1.982434378803508,-0.0226060318877139,51.08117619387146,US
MOV,"Movado Group, Inc.",Consumer Cyclical,Luxury Goods,37.810001373291016,-0.2374674115156345,0.0134185955451027,54.89745173537328,US
MPC,Marathon Petroleum Corporation,Energy,Oil & Gas Refining & Marketing,303.3999938964844,13.918825965231754,0.6501213387280345,77.63856173955813,US
MPG,Leverage Shares 2X Long MP Daily ETF,ETF,ETF,4.804200172424316,0.8650044274875648,0.0148680173591826,38.40641889495662,US
MPL,Defiance Daily Target 2X Long MP ETF,EQUITY,EQUITY,13.06999969482422,1.1531628612444782,0.0423335212241791,38.63091885614517,US
MPLT,"MapLight Therapeutics, Inc.",Healthcare,Biotechnology,37.90999984741211,2.293573779340667,-0.1225959502476561,61.81901594705492,US
MPLX,MPLX LP,Energy,Oil & Gas Midstream,56.5099983215332,-1.7388280806566718,-0.0517854388909452,49.62688608121436,US
MPRO,Monarch ProCap ETF,ETF,ETF,32.589298248291016,-0.5878324637913891,-0.0044154777715011,52.227547453043066,US
MPTI,"M-tron Industries, Inc.",Technology,Electronic Components,82.8499984741211,-4.297102037445812,-0.040064736959525,39.64099947033069,US
MPWR,"Monolithic Power Systems, Inc.",Technology,Semiconductors,1376.4100341796875,8.13946864156611,5.753183513037925,47.72851567107182,US
MPWX,MPWX,N/A,N/A,16.40999984741211,15.319749650766196,0.1348057850410136,45.16459781333485,US
MQ,"Marqeta, Inc.",Technology,Software - Infrastructure,16.1299991607666,1.255485572877479,0.0001676419754689,50.79998205450392,US
MQQQ,Tradr 2X Long Innovation 100 Monthly ETF,ETF,ETF,234.05349731445312,3.1895463177800454,0.2255890330811069,50.371967069180975,US
MQY,"BlackRock MuniYield Quality Fund, Inc.",Financial Services,Asset Management,11.640000343322754,0.4314080248195588,0.0025242708463739,62.37133903612749,US
MRAL,GraniteShares 2x Long MARA Daily ETF,ETF,ETF,52.5192985534668,0.2544514994746836,0.1225562119555148,40.94478345041248,US
MRAM,"Everspin Technologies, Inc.",Technology,Semiconductors,17.489999771118164,-1.0746636356221948,0.0858718743449264,37.82404832348138,US
MRCP,PGIM S&P 500 Buffer 12 ETF - Mar,ETF,ETF,34.54999923706055,0.3922659245733003,-0.0005422960262946,58.06043857471686,US
MRCY,"Mercury Systems, Inc.",Industrials,Aerospace & Defense,100.31999969482422,-13.39031502291848,-0.3737920435112944,40.54109813836656,US
MRK,"Merck & Co., Inc.",Healthcare,Drug Manufacturers - General,120.77999877929688,-6.27037233647631,-0.3291428181748883,47.151661750898406,US
MRLN,"Merlin, Inc.",Industrials,Aerospace & Defense,4.170000076293945,-4.357799344086448,0.0113601806920417,31.93681938885933,US
MRNA,"Moderna, Inc.",Healthcare,Biotechnology,67.44000244140625,-15.456932080405045,-0.4438404779691787,53.70119426311787,US
MRNX,Defiance Daily Target 2X Long MRNA ETF,EQUITY,EQUITY,37.810001373291016,-30.77626855972128,-0.5330964248844321,50.33038543897204,US
MRP,"Millrose Properties, Inc.",Real Estate,REIT - Residential,28.32999992370605,0.0353115430423665,0.0057046248804197,49.76314077533199,US
MRSH,"Marsh & McLennan Companies, Inc.",Financial Services,Insurance Brokers,178.0500030517578,0.0280916021111306,-0.3172423060457272,59.82106499081736,US
MRTN,"Marten Transport, Ltd.",Industrials,Trucking,17.43000030517578,1.1020912794669602,0.0115514359991928,54.66998682035464,US
MRVI,"Maravai LifeSciences Holdings, Inc.",Healthcare,Biotechnology,6.510000228881836,9.966218665274818,0.0179914556786142,73.1147774841251,US
MRVL,"Marvell Technology, Inc.",Technology,Semiconductors,222.44000244140625,-3.5566182521088057,0.4625312513464834,42.63623830885024,US
MRVU,Direxion Daily MRVL Bull 2X ETF,ETF,ETF,123.33999633789062,-8.181348428019875,0.8035263736389027,41.311833535499375,US
MRX,Marex Group Limited,Financial Services,Capital Markets,65.68000030517578,-2.2764451720552787,-0.093107016828533,55.707970152028,US
MS,Morgan Stanley,Financial Services,Capital Markets,227.6699981689453,2.5355814506611742,0.4159446550591381,63.669879122021975,US
MSA,MSA Safety Incorporated,Industrials,Security & Protection Services,167.8300018310547,-1.4735203480086088,-0.166746218897958,50.23542669822339,US
MSBI,"Midland States Bancorp, Inc.",Financial Services,Banks - Regional,30.530000686645508,0.8256274581600599,0.0040867029090773,58.29076172894875,US
MSCI,MSCI Inc.,Financial Services,Financial Data & Stock Exchanges,611.4299926757812,0.5492551551262894,-0.2997564579356186,56.97346680094712,US
MSDL,Morgan Stanley Direct Lending Fund,Financial Services,Asset Management,15.520000457763672,0.6485109012642802,-0.00077254821295,59.86561529022304,US
MSFO,YieldMax MSFT Option Income Strategy ETF,ETF,ETF,10.625,-0.5270376313743683,-0.0034238259904051,47.261912402157336,US
MSFT,Microsoft Corporation,Technology,Software - Infrastructure,384.9299926757813,-1.005555935329167,-0.2630773534928359,47.54785727503368,US
MSFU,Direxion Daily MSFT Bull 2X Shares,ETF,ETF,23.43000030517578,-2.2120150231572517,-0.0286690020543125,45.97156228207109,US
MSFW,Roundhill MSFT WeeklyPay ETF,ETF,ETF,25.06999969482422,-1.162633747096386,-0.0206450307715952,46.92133837428916,US
MSFX,T-Rex 2X Long Microsoft Daily Target ETF,ETF,ETF,15.510000228881836,-2.206806023782329,-0.0195122410066355,45.85696052015243,US
MSI,"Motorola Solutions, Inc.",Technology,Communication Equipment,413.7099914550781,-2.47518922503076,-0.7054593364920292,50.69141602650482,US
MSIF,"MSC Income Fund, Inc.",Financial Services,Asset Management,11.43000030517578,-1.0389600309733598,-0.0086006168214812,44.92366624855492,US
MSLC,Morgan Stanley Pathway Large Cap Equity ETF,ETF,ETF,59.27999877929688,0.3385188592480062,-0.0050252255550902,57.40479433800435,US
MSM,"MSC Industrial Direct Co., Inc.",Industrials,Industrial Distribution,124.11000061035156,4.119130694475896,0.0554777225765472,67.47977534878669,US
MSMR,McElhenny Sheffield Managed Risk ETF,ETF,ETF,35.04999923706055,-0.5391669476632004,-0.001473908399292,39.864759408361415,US
MSOS,AdvisorShares Pure US Cannabis ETF,ETF,ETF,4.690000057220459,3.076920013556846,0.0112352904895263,48.56293919909487,US
MSOX,AdvisorShares MSOS Daily Leveraged ETF,ETF,ETF,2.799999952316284,4.477607558580467,0.0129741020940605,46.15259776055664,US
MSSM,Morgan Stanley Pathway Small-Mid Cap Equity ETF,ETF,ETF,60.09560012817383,-0.3687135885765762,-0.0058195634703932,50.37966070128967,US
MSTB,LHA Market State Tactical Beta ETF,ETF,ETF,43.16450119018555,0.6916608179921868,0.0004132477463295,56.00632227449391,US
MSTP,GraniteShares 2x Long MSTR Daily ETF,ETF,ETF,13.814200401306152,-0.6172605725092325,0.1039955143870079,37.83225227461001,US
MSTR,Strategy Inc,Technology,Software - Application,97.58000183105467,0.2259667412940976,0.3630688674074527,41.63483895893971,US
MSTU,T-Rex 2X Long MSTR Daily Target ETF,ETF,ETF,1.9800000190734863,-0.9999990463256836,0.0148173498146491,37.4761987577103,US
MSTW,Roundhill MSTR WeeklyPay ETF,ETF,ETF,3.5,-0.189014529914065,0.0166235705878744,40.19638503141632,US
MSTY,Yieldmax MSTR Option Income Strategy ETF,ETF,ETF,13.199999809265137,1.2406015890028324,0.0460656080584973,41.71328239260212,US
MSTZ,T-Rex 2X Inverse MSTR Daily Target ETF,ETF,ETF,11.68000030517578,-1.3513500451867635,-0.0666954019720555,50.35764621441916,US
MTB,M&T Bank Corporation,Financial Services,Banks - Regional,241.8500061035156,0.8759149545424921,-0.052029052332764,64.62337399253127,US
MTD,Mettler-Toledo International Inc.,Healthcare,Diagnostics & Research,1314.8299560546875,1.4850369902481495,-0.2144636832397459,65.65380006062239,US
MTDR,Matador Resources Company,Energy,Oil & Gas E&P,52.47999954223633,0.6520908257919777,0.0031293697543262,51.21111246396669,US
MTG,MGIC Investment Corporation,Financial Services,Insurance - Specialty,28.549999237060547,1.2770439736884678,-0.0081384208269807,74.40535329683031,US
MTGP,WisdomTree Mortgage Plus Bond Fund,ETF,ETF,43.99100112915039,0.0341081250116563,0.0072974443216105,50.360584909893205,US
MTH,Meritage Homes Corporation,Consumer Cyclical,Residential Construction,73.72000122070312,-5.861315899615831,-0.0614398408035534,45.798191861605815,US
MTN,"Vail Resorts, Inc.",Consumer Cyclical,Resorts & Casinos,147.63999938964844,3.129362680174894,-0.2235678494876456,61.79011507562954,US
MTRA,Invesco International Growth Focus ETF,ETF,ETF,26.38800048828125,-3.858345159144811,-0.0306766467965036,45.49295983218634,US
MTRN,Materion Corporation,Basic Materials,Other Industrial Metals & Mining,253.2700042724609,2.455504611308578,0.3344801204483136,49.98369306376989,US
MTRX,Matrix Service Company,Industrials,Engineering & Construction,12.460000038146973,0.0803231247794388,0.0179054761025622,41.96522345382829,US
MTSI,"MACOM Technology Solutions Holdings, Inc.",Technology,Semiconductors,301.760009765625,-1.003870312009741,0.9354802830165152,37.87254134445619,US
MTUM,iShares MSCI USA Momentum Factor ETF,ETF,ETF,319.760009765625,2.342852153059855,0.3746102672345746,49.57883441969322,US
MTW,"The Manitowoc Company, Inc.",Industrials,Farm & Heavy Construction Machinery,12.6899995803833,3.42297560676846,0.0129929585436041,48.39754622253642,US
MTZ,"MasTec, Inc.",Industrials,Engineering & Construction,365.1000061035156,1.7416747648590245,-0.1708332858750409,45.17232238865161,US
MU,"Micron Technology, Inc.",Technology,Semiconductors,983.1199951171876,4.767790234401068,3.859080835479375,49.72361107104022,US
MUA,"BlackRock MuniAssets Fund, Inc.",Financial Services,Asset Management,10.9399995803833,0.1831456405643446,-0.0016617377432206,59.93935518771998,US
MUC,"BlackRock MuniHoldings California Quality Fund, Inc.",Financial Services,Asset Management,11.020000457763672,0.3643070782787724,0.0005292337315395,64.76791128279748,US
MUD,Direxion Daily MU Bear 1X Shares,ETF,ETF,11.25,-4.902788904873929,-0.0608582491950444,41.418647564002505,US
MUEL,Paul Mueller Company,Industrials,Metal Fabrication,440.0,-1.3961434311774703,-0.2114285309339933,44.336836047160034,US
MUJ,"BlackRock MuniHoldings New Jersey Quality Fund, Inc.",Financial Services,Asset Management,12.350000381469728,0.0,-0.0017714685568235,57.392399293729405,US
MUNC,Northern Trust 2045 Tax-Exempt Distributing Ladder ETF,EQUITY,EQUITY,102.06999969482422,-0.4292287896175337,-0.008207594766057,43.42259942659952,US
MUND,Northern Trust 2055 Tax-Exempt Distributing Ladder ETF,EQUITY,EQUITY,102.7300033569336,-0.3347015294910248,-0.0134397836456171,48.6744412562965,US
MUNI,PIMCO Intermediate Municipal Bond Active Exchange-Traded Fund,ETF,ETF,52.25,-0.2481883647657438,-0.0021160442580364,46.50099774966628,US
MUNX,AMG GW&K Muni Income ETF,EQUITY,EQUITY,25.06920051574707,-0.106790544001717,0.0008397303839869,52.81588110970515,US
MUR,Murphy Oil Corporation,Energy,Oil & Gas E&P,34.970001220703125,6.356447946148728,0.0858227232633026,49.78646094549235,US
MUSI,American Century Multisector Income ETF,ETF,ETF,43.34049987792969,-0.252015841397094,0.0012090226869446,46.41688297009152,US
MUSQ,MUSQ Global Music Industry Index ETF,ETF,ETF,25.57250022888184,-1.0390440714826537,-0.0232905321975172,52.37681967325254,US
MUST,Columbia Multi-Sector Municipal Income ETF,ETF,ETF,20.61000061035156,-0.1453429272479545,0.0005541047964536,50.86623009534007,US
MUU,Direxion Daily MU Bull 2X Shares,ETF,ETF,742.6500244140625,7.847699018612173,6.329697921290517,46.97819361442632,US
MUYY,MUYY,N/A,N/A,21.940000534057617,0.3084104032330639,0.0152618152317298,44.18095208972269,US
MVFG,Monarch Volume Factor Global Unconstrained ETF,ETF,ETF,34.62929916381836,-0.3043081752579629,9.36043701532524e-05,51.74809783258716,US
MVLL,GraniteShares 2x Long MRVL Daily ETF,ETF,ETF,30.6299991607666,-7.990392555141224,0.205420416546342,41.21420089984505,US
MVPA,Miller Value Partners Appreciat,ETF,ETF,34.89630126953125,2.272216299974901,0.0135562790002963,67.35117104331064,US
MVPL,Miller Value Ptnrs Leverage ETF,ETF,ETF,42.92829895019531,1.0767306434498063,-0.0021638432169181,55.64380938996948,US
MVV,ProShares Ultra MidCap400,ETF,ETF,88.18479919433594,0.1530904462307499,0.0437630117399567,50.59292126381977,US
MWA,"Mueller Water Products, Inc.",Industrials,Specialty Industrial Machinery,24.700000762939453,-1.5936239539883683,0.0085709055867942,40.50775165462412,US
MWH,"SOLV Energy, Inc.",Utilities,Utilities - Renewable,28.809999465942383,-0.7578409076797948,0.1047676017896297,39.048649387921,US
MYCG,State Street My2027 Corporate Bond ETF,ETF,ETF,24.93000030517578,0.0401293292585059,-8.796579054455578e-06,68.68204027705391,US
MYCH,State Street My2028 Corporate Bond ETF,ETF,ETF,24.834999084472656,0.0,0.0008676749684621,57.54545720000159,US
MYCK,State Street My2031 Corporate Bond ETF,ETF,ETF,24.6200008392334,-0.1824450623296609,0.0010861520948973,47.21325579697172,US
MYCO,State Street My2035 Corporate Bond ETF,ETF,ETF,24.18000030517578,-0.3708288046574828,0.0010265360086471,42.69451170264951,US
MYE,"Myers Industries, Inc.",Consumer Cyclical,Packaging & Containers,30.850000381469727,2.084715693017343,-0.0138891592530632,58.65693315099571,US
MYGN,"Myriad Genetics, Inc.",Healthcare,Diagnostics & Research,6.039999961853027,3.0716693555887717,-0.0073525946468266,66.81310295027816,US
MYHA,State Street My2027 High Yield Corporate Bond ETF,ETF,ETF,24.92539978027344,0.0618222920741126,-0.0002573002395055,63.97021273685128,US
MYHB,State Street My2028 High Yield Corporate Bond ETF,ETF,ETF,24.940000534057617,0.0802586585170119,0.0007615452476842,61.94485662404582,US
MYHC,State Street My2029 High Yield Corporate Bond ETF,ETF,ETF,25.09480094909668,0.019134302429623,0.0004088415325314,60.40082019431606,US
MYHD,State Street My2030 High Yield Corporate Bond ETF,ETF,ETF,24.96500015258789,-0.2198253563928882,-0.0024200071216559,57.36144304952762,US
MYHE,State Street My2031 High Yield Corporate Bond ETF,ETF,ETF,24.86000061035156,-0.1606385895240904,-0.001984639194266,54.20525608148791,US
MYI,"BlackRock MuniYield Quality Fund III, Inc.",Financial Services,Asset Management,11.06999969482422,1.0036464990363627,0.0042600806272525,57.64616493788619,US
MYLD,Cambria Micro And Smallcap Shareholder Yield ETF,ETF,ETF,32.279998779296875,0.7176272939512945,0.0007748894885535,63.17557163755536,US
MYMH,State Street My2028 Municipal Bond ETF,ETF,ETF,24.530000686645508,0.0203917153640065,-0.0001912188447005,69.45698619894321,US
MYRG,MYR Group Inc.,Industrials,Engineering & Construction,419.0400085449219,-0.0095394742351544,0.6792580634532337,43.04843813246202,US
MYY,ProShares Short MidCap400,ETF,ETF,15.279600143432615,-0.0680171252214299,-0.0039457499011525,49.3732559500784,US
MZZ,ProShares UltraShort MidCap400,ETF,ETF,5.989099979400635,-0.1816670099894206,-0.0025220384861354,48.79641387101108,US
NABL,"N-able, Inc.",Technology,Information Technology Services,4.510000228881836,2.9680390649375985,-0.0063867208185147,68.19472210018597,US
NAC,Nuveen California Quality Municipal Income Fund,Financial Services,Asset Management,12.109999656677246,0.0826386354733731,0.0002544186921284,59.678337815609765,US
NACP,Impact Shares NAACP Minority Empowerment ETF,ETF,ETF,59.76900100708008,0.8419108241310012,0.0084131933904966,53.49434434083787,US
NAIL,Direxion Daily Homebuilders & Supplies Bull 3X Shares,ETF,ETF,41.20000076293945,-8.50543664264613,0.0445651331228391,44.91450798154977,US
NANC,Unusual Whales Subversive Democratic Trading ETF,ETF,ETF,50.47999954223633,0.6179019027409555,0.0032495978706535,56.52897834142999,US
NANR,State Street SPDR S&P North American Natural Resources ETF,ETF,ETF,77.91000366210938,2.284371189434355,0.0971817793108817,50.81828249891266,US
NAPR,Innovator Nasdaq-100 Power Buffer ETF - April,ETF,ETF,59.29330062866211,0.6421110196996752,0.0093990466221681,55.76035571160903,US
NAT,Nordic American Tankers Limited,Energy,Oil & Gas Midstream,6.289999961853027,6.791173250163432,0.0122747970936859,62.74126146797626,US
NATH,"Nathan's Famous, Inc.",Consumer Cyclical,Restaurants,100.3499984741211,-0.6632332124426955,-0.0130567834947823,41.74197103418015,US
NAVN,"Navan, Inc.",Technology,Software - Application,25.799999237060547,-5.321103717209002,-0.0737440787680558,62.80190682570587,US
NB,NioCorp Developments Ltd.,Basic Materials,Other Industrial Metals & Mining,4.849999904632568,9.234230678563968,0.0295430870466043,48.909799327400414,US
NBB,Nuveen Taxable Municipal Income Fund,Financial Services,Asset Management,15.5600004196167,-0.1924293308375083,-0.0002204803374033,46.544497051414034,US
NBCE,Neuberger China Equity ETF,ETF,ETF,39.729000091552734,-6.055806972173187,-0.0950336142117339,38.43426762840824,US
NBCR,Neuberger Core Equity ETF,ETF,ETF,33.867000579833984,0.3764045496424484,-0.0022260008315235,57.95061675556069,US
NBFC,Neuberger Flexible Credit Income ETF,ETF,ETF,50.54499816894531,-0.2466943053426241,-0.0037052328860417,50.71218069431527,US
NBHC,National Bank Holdings Corporation,Financial Services,Banks - Regional,45.0099983215332,1.6485988309865074,0.0375514994058187,60.50550087996234,US
NBIE,Neuberger International Core Equity ETF,ETF,ETF,26.472299575805664,0.2358944670711892,0.0063242575181095,54.78881772446187,US
NBIL,GraniteShares 2x Long NBIS Daily ETF,ETF,ETF,26.07999992370605,-3.1203571701606503,-0.0375429348653062,38.48382319859908,US
NBIS,Nebius Group N.V.,Communication Services,Internet Content & Information,194.08999633789065,-0.563556580642922,-0.433248414371632,39.8122532158223,US
NBR,Nabors Industries Ltd.,Energy,Oil & Gas Drilling,83.55000305175781,6.991941311204669,0.2424600118602144,45.20866545810633,US
NBTR,Neuberger Total Return Bond ETF,ETF,ETF,49.52389907836914,-0.3643551876350551,0.0001728494668924,40.93178256746271,US
NC,"NACCO Industries, Inc.",Energy,Thermal Coal,47.52999877929688,0.4013490200603599,0.09009582011112,39.66500163201108,US
NCDL,Nuveen Churchill Direct Lending Corp.,Financial Services,Asset Management,12.8100004196167,1.5860489166115777,-0.0061493537967049,57.20927266375546,US
NCIQ,Hashdex Nasdaq CME Crypto Index ETF,ETF,ETF,16.139999389648438,1.464762731315639,0.0224141165600672,51.9142919723112,US
NCNO,"nCino, Inc.",Technology,Software - Application,17.520000457763672,-2.9900278191981298,-0.0229295580075796,60.349447346911504,US
NCPB,Nuveen Core Plus Bond ETF,ETF,ETF,24.71999931335449,-0.2622575527851138,0.0008748931506519,43.73909805123961,US
NCV,Virtus Convertible & Income Fund,Financial Services,Asset Management,16.75,-1.625199509258753,-0.016384589052348,42.93085248988815,US
NDAA,Ned Davis Research 360 Dynamic Allocation ETF,ETF,ETF,23.929399490356445,0.7171964585083248,0.0052315846615052,54.68154386033528,US
NDAQ,"Nasdaq, Inc.",Financial Services,Financial Data & Stock Exchanges,88.01000213623047,1.828071069623808,-0.0456535357794345,56.02488979186237,US
NDEC,Innovator Growth-100 Power Buffer ETF - December,ETF,ETF,30.0,0.6947965545957673,0.0028266834793654,55.03897360621452,US
NDIA,Global X Funds - Global X India Active ETF,ETF,ETF,27.104400634765625,-0.5270058748551621,-0.0113074148485914,51.82572826197346,US
NDIV,Amplify Energy & Natural Resources Covered Call ETF,ETF,ETF,32.97990036010742,1.8841564669373447,0.0280876492384924,52.23980522003399,US
NDMO,Nuveen Dynamic Municipal Opportunities Fund,Financial Services,Asset Management,10.380000114440918,0.1930546180161419,0.0048547462871607,54.202498308490426,US
NDOW,Anydrus Advantage ETF,ETF,ETF,29.256500244140625,-0.0563675489980995,0.0032695437247619,48.643726123624766,US
NE,Noble Corporation plc,Energy,Oil & Gas Drilling,41.68000030517578,8.654847867568352,0.1243991240713526,50.20623967226497,US
NEAR,iShares Short Duration Bond Active ETF,ETF,ETF,50.5,-0.0197947374093273,0.0006381493662398,55.46135707471952,US
NEE,"NextEra Energy, Inc.",Utilities,Utilities - Regulated Electric,89.54000091552734,1.209449169278213,0.073984094373587,58.01268318199032,US
NEHI,NEOS Ethereum High Income ETF,ETF,ETF,27.18000030517578,4.29777767531085,0.0582902364528341,55.97888272111291,US
NEM,Newmont Corporation,Basic Materials,Gold,94.75,-0.3261072654695489,0.0919321500700038,43.44240112296936,US
NEO,"NeoGenomics, Inc.",Healthcare,Diagnostics & Research,14.229999542236328,-1.8620721225080816,-0.0377613939902907,64.28498906353224,US
NEOG,Neogen Corporation,Healthcare,Medical Devices,9.670000076293944,2.981892680869812,-0.0009824546035962,57.23682669295789,US
NET,"Cloudflare, Inc.",Technology,Software - Infrastructure,281.75,4.806016468799427,0.2562354646356013,69.4406842376925,US
NETG,Leverage Shares 2X Long NET Daily ETF,ETF,ETF,17.43470001220703,9.035023525756063,0.0331265559139128,68.21700201963944,US
NETL,Colterpoint Net Lease Real Estate ETF,ETF,ETF,27.16830062866211,-0.1495792042145192,-0.0042179971178734,59.500337197344194,US
NEU,NewMarket Corporation,Basic Materials,Specialty Chemicals,733.6699829101562,-7.793335302687754,-1.597797492486869,34.28338772355005,US
NEWT,"NewtekOne, Inc.",Financial Services,Banks - Regional,14.81999969482422,3.636360119954888,0.0078943800902571,60.16955655091586,US
NEWZ,Stocksnips AI-Powered Sentiment US ALL Cap ETF,ETF,ETF,29.9689998626709,-0.902720428307672,-0.0184791756321571,57.13103923744284,US
NEXA,Nexa Resources S.A.,Basic Materials,Other Industrial Metals & Mining,14.520000457763672,12.645462149155694,0.0419632772080175,56.486025884511335,US
NEXN,Nexxen International Ltd.,Communication Services,Advertising Agencies,9.920000076293944,5.644299399286766,0.0056967795760451,68.98913151350732,US
NEXT,NextDecade Corporation,Energy,Oil & Gas Equipment & Services,8.180000305175781,4.737520679988108,0.0038322121216703,56.45731402086758,US
NFBK,"Northfield Bancorp, Inc.",Financial Services,Banks - Regional,14.720000267028809,-0.8086245574475666,0.0040991401518265,54.473869307521625,US
NFEB,Innovator Growth-100 Power Buffer ETF - February,ETF,ETF,30.322999954223636,0.7743429725961734,0.0062835674644082,55.646191513946896,US
NFG,National Fuel Gas Company,Energy,Oil & Gas Integrated,79.86000061035156,-0.224887934928624,-0.0548602862029973,56.37153573435381,US
NFJ,"Virtus Dividend, Interest & Premium Strategy Fund",Financial Services,Asset Management,15.130000114440918,0.5315609481208149,0.0004048257328096,58.05419943442185,US
NFLP,Kurv Yield Premium Strategy Netflix ETF,ETF,ETF,18.181100845336918,-3.9916534739287393,-0.0153328445305129,38.1982773115017,US
NFLW,Roundhill NFLX WeeklyPay ETF,ETF,ETF,16.572799682617188,-4.132396266413989,-0.0133976711750029,38.38886059729869,US
NFLX,"Netflix, Inc.",Communication Services,Entertainment,73.52999877929688,-3.478605297011086,-0.0558103393952151,38.88719655978466,US
NFRA,FlexShares STOXX Global Broad Infrastructure Index Fund,ETF,ETF,65.45999908447266,0.8784091542388701,0.0137521984894604,57.9576337883592,US
NFXS,Direxion Daily NFLX Bear 1X Shares,ETF,ETF,20.950000762939453,3.836241797271421,0.0186655562289783,59.80821755530155,US
NGHT,Nicholas Bitcoin And Treasuries Afterdark ETF,ETF,ETF,21.96699905395508,-0.6467731906327187,0.0376215621559637,43.96321898387634,US
NGL,NGL Energy Partners LP,Energy,Oil & Gas Midstream,15.359999656677246,-0.3891077776902305,0.0153724318043842,46.52912234044592,US
NGNE,Neurogene Inc.,Healthcare,Biotechnology,39.08000183105469,6.195659351258886,-0.1215373786203546,63.113312524070444,US
NGS,"Natural Gas Services Group, Inc.",Energy,Oil & Gas Equipment & Services,41.29999923706055,6.553150220639305,0.1071337014263233,50.82128984884636,US
NI,NiSource Inc.,Utilities,Utilities - Regulated Gas,46.619998931884766,-1.8319703428785368,-0.0166224361888185,45.96398287306712,US
NIHI,NEOS MSCI EAFE High Income ETF,ETF,ETF,51.68999862670898,-0.2316208133588176,0.0013727540571905,54.306144492466885,US
NIKA,NIKA PHARMACEUTICALS INC.,Healthcare,Drug Manufacturers - Specialty & Generic,0.7689999938011169,0.0,-0.0066593257108576,71.17924673544911,US
NIKL,Sprott Nickel Miners ETF,ETF,ETF,13.073100090026855,2.0538615284294326,0.0272472912150294,43.81074798186487,US
NINE,"Nine Energy Service, Inc.",Energy,Oil & Gas Equipment & Services,11.510000228881836,7.570097514537517,0.0258883189154903,51.81523832285967,US
NIOG,Leverage Shares 2X Long NIO Daily ETF,ETF,ETF,12.524100303649902,5.3773669538094255,0.0591827593870828,45.65386422497842,US
NISM,NYLI International Small-Mid Cap Equity ETF,EQUITY,EQUITY,24.280000686645508,-2.60729887915535,-0.0122747297061371,44.52602395845423,US
NITE,The Nightview ETF,ETF,ETF,37.24300003051758,-1.3038308516656485,-0.0211702466215955,49.318061573690535,US
NJR,New Jersey Resources Corporation,Utilities,Utilities - Regulated Gas,58.7599983215332,2.244644289941944,-0.0136262373185593,62.50526954029807,US
NJUL,Innovator Nasdaq-100 Power Buffer ETF - July,ETF,ETF,76.5999984741211,0.922262100355184,0.0271423616142262,48.598568723681446,US
NJUN,Innovator Growth-100 Power Buffer ETF - June,ETF,ETF,32.56480026245117,0.8510354262383588,0.0046572489300341,50.50644425744146,US
NKE,"NIKE, Inc.",Consumer Cyclical,Footwear & Accessories,42.86000061035156,-0.8099941715732744,-0.0545570463074749,47.56164491226024,US
NKLR,Terra Innovatum Global N.V.,Utilities,Utilities - Regulated Electric,4.920000076293945,5.353318970358496,0.0130119921635579,47.93931333824747,US
NKTR,Nektar Therapeutics,Healthcare,Biotechnology,67.16999816894531,-10.320431507952344,-0.3755779941244068,49.28411683670394,US
NKX,Nuveen California AMT-Free Quality Municipal Income Fund,Financial Services,Asset Management,12.640000343322754,0.6369420464437858,0.0004593233560905,68.2285401200739,US
NLR,VanEck Uranium and Nuclear ETF,ETF,ETF,111.37000274658205,0.5416684316142227,0.0907330668999879,37.67034692083546,US
NLSI,Neos Long/Short Equity Income ETF,ETF,ETF,53.81999969482422,3.269626465490114,0.0374087226460082,70.22565574316103,US
NMAI,Nuveen Multi-Asset Income Fund,Financial Services,Asset Management,14.229999542236328,2.007166572039841,0.0115412861929324,60.96144342361113,US
NMAY,Innovator Growth-100 Power Buffer ETF - May,ETF,ETF,29.43899917602539,0.8461213530336298,0.0050003150981564,53.18021089258082,US
NMBL,NovaTide Flexible Allocation ETF,ETF,ETF,20.55620002746582,0.0739966943376604,0.0009520959649336,48.8400464012205,US
NMCO,Nuveen Municipal Credit Opportunities Fund,Financial Services,Asset Management,10.920000076293944,0.4599833602692959,0.0039133942132392,65.87792309076096,US
NMFC,New Mountain Finance Corporation,Financial Services,Asset Management,7.010000228881836,-0.5673753300829047,0.0034323770436977,40.216336668969696,US
NML,Neuberger Berman Income Funds - Neuberger Energy Infrastructure and Income Fund Inc.,Financial Services,Asset Management,10.460000038146973,1.9493158362914893,7.789140110130849e-05,63.83095656108333,US
NMM,Navios Maritime Partners L.P.,Industrials,Marine Shipping,74.5199966430664,-0.877897924222191,-0.0932056391404546,55.31061929518756,US
NMZ,Nuveen Municipal High Income Opportunity Fund,Financial Services,Asset Management,10.449999809265137,-0.5708888516654456,0.000436804645599,55.91137119839618,US
NNI,"Nelnet, Inc.",Financial Services,Credit Services,131.8699951171875,-0.6629038665254238,-0.0772778136782371,49.72904173705437,US
NNNN,Anbio Biotechnology,Healthcare,Medical Instruments & Supplies,9.510000228881836,-18.71794543662349,0.0204211064098229,24.551011385988105,US
NNOV,Innovator Growth-100 Power Buffer ETF - November,ETF,ETF,31.399999618530277,0.8608494452992483,0.0066274875097302,55.62126732317405,US
NOAH,NOAH,N/A,N/A,8.770000457763672,-1.6917106956307282,-0.0032615574926724,47.06628588407919,US
NOBL,ProShares S&P 500 Dividend Aristocrats ETF,ETF,ETF,56.29999923706055,-2.103980385649919,-0.0579714161316636,54.83915913833837,US
NOC,Northrop Grumman Corporation,Industrials,Aerospace & Defense,528.6699829101562,-3.710111454975509,-1.1368084574749266,46.59042738451625,US
NOCT,Innovator Growth-100 Power Buffer ETF - October,ETF,ETF,62.59939956665039,0.771733166465912,0.0063095907771994,57.29721006062024,US
NODE,VanEck Onchain Economy ETF,ETF,ETF,39.87049865722656,-0.631796153472445,0.0190349036459595,39.63516576552588,US
NOEQ,NORTHERN TRUST US EQUITY ETF,ETF,ETF,28.75,-0.9986257106909514,-0.0151987920865485,53.83584072974114,US
NOG,"Northern Oil and Gas, Inc.",Energy,Oil & Gas E&P,20.13999938964844,8.982683379499841,0.0516859553327553,53.52588679306982,US
NOMD,Nomad Foods Limited,Consumer Defensive,Packaged Foods,11.5,0.7887831182425779,-0.0124319602945472,68.1826909015016,US
NORW,Global X MSCI Norway ETF,ETF,ETF,33.4900016784668,1.4233834469636362,0.0388963226054889,51.05989634502431,US
NOV,NOV Inc.,Energy,Oil & Gas Equipment & Services,19.299999237060547,5.579860569481275,0.0429183061661546,52.220702367610095,US
NOVM,FT Vest U.S. Equity Max Buffer ETF – November,ETF,ETF,33.85499954223633,0.2814017340828189,0.0009702165156037,68.66136031693863,US
NOVP,PGIM S&P 500 Buffer 12 ETF - Nov,ETF,ETF,32.75809860229492,0.5343081587974291,0.0005894116089237,59.12716934268681,US
NOVT,Novanta Inc.,Technology,Scientific & Technical Instruments,146.6199951171875,-0.8319316439303667,-0.2702175678418459,42.57041171073784,US
NOW,"ServiceNow, Inc.",Technology,Software - Application,104.8499984741211,-5.310218282806827,-0.4282727861646995,50.52300580382637,US
NOWL,GraniteShares 2x Long NOW Daily ETF,ETF,ETF,4.800000190734863,-10.946190915871505,-0.0398969737991988,48.43160770421045,US
NP,Neptune Insurance Holdings Inc.,Financial Services,Insurance Brokers,31.790000915527344,-5.918910760019987,-0.0877157618918627,56.85676553140337,US
NPAC,New Providence Acquisition Corp. III,Financial Services,Shell Companies,10.380000114440918,0.0,-0.0001792162649048,57.49439916293935,US
NPB,"Northpointe Bancshares, Inc.",Financial Services,Banks - Regional,18.6299991607666,1.525878874529205,-0.0030930501663937,54.68726556640699,US
NPCE,"NeuroPace, Inc.",Healthcare,Medical Devices,15.84000015258789,-11.011231283604966,-0.0988831864395582,45.15705124510015,US
NPFE,NPF Core Equity ETF,ETF,ETF,27.26609992980957,-0.4159942821336531,-0.0103406827930183,54.41093575205533,US
NPFI,Nuveen Preferred And Income ETF,ETF,ETF,25.959999084472656,-0.3454900392467195,-0.0055570853774996,52.158199837050354,US
NPKI,NPK International Inc.,Industrials,Building Products & Equipment,14.510000228881836,5.758017102605415,0.0275958297157818,47.0317215936792,US
NPO,Enpro Inc.,Industrials,Specialty Industrial Machinery,332.1400146484375,2.686660106181732,0.8564398578312202,46.67441778381543,US
NRC,NRC Health,Healthcare,Health Information Services,21.979999542236328,-3.469481333532361,-0.0259943195562557,61.489145199770256,US
NRDS,"NerdWallet, Inc.",Communication Services,Internet Content & Information,9.380000114440918,-1.2631566900956004,-0.0248381631105179,58.62701032173869,US
NRES,Xtrackers RREEF Global Natural Resources ETF,ETF,ETF,31.773700714111328,2.1498189413794893,0.0395739915114232,50.26181873512158,US
NRG,"NRG Energy, Inc.",Utilities,Utilities - Independent Power Producers,138.36000061035156,0.2536092438568196,-0.1341152688453182,49.4189186727553,US
NRIM,"Northrim BanCorp, Inc.",Financial Services,Banks - Regional,27.15999984741211,0.1844309698814812,-0.0186088277099575,58.33570659829515,US
NRP,Natural Resource Partners L.P.,Energy,Thermal Coal,98.48999786376952,0.746722290903594,-0.0390055485066764,40.632484303311024,US
NRSH,Aztlan North America Nearshoring Stock Selection ETF,ETF,ETF,32.34700012207031,-1.93718528400679,-0.0257174685205933,46.99240341384987,US
NSA,National Storage Affiliates Trust,Real Estate,REIT - Industrial,44.7400016784668,-2.6120961778708525,-0.0173309917728986,52.220723185664994,US
NSC,Norfolk Southern Corporation,Industrials,Railroads,326.8299865722656,1.2672728703128653,-0.1636958893099245,63.858821877935,US
NSCI,Nuveen Securitized Income ETF,EQUITY,EQUITY,25.13999938964844,0.0,-0.0003226940099961,63.2559158642144,US
NSP,"Insperity, Inc.",Industrials,Staffing & Employment Services,47.5,4.281011625907749,-0.0328540261138159,68.0924095999696,US
NSSC,"Napco Security Technologies, Inc.",Industrials,Security & Protection Services,35.900001525878906,-6.510416407965962,-0.0384700030597275,40.69447432624659,US
NTAP,"NetApp, Inc.",Technology,Software - Infrastructure,174.5500030517578,5.6099342113766495,0.476107931071323,65.98046754364708,US
NTES,"NetEase, Inc.",Communication Services,Electronic Gaming & Multimedia,128.38999938964844,-1.8575201028294424,-0.3026382572963584,54.020592191339766,US
NTGR,"NETGEAR, Inc.",Technology,Communication Equipment,23.0,7.226103412259921,0.0354558638461759,47.36924656805439,US
NTRA,"Natera, Inc.",Healthcare,Diagnostics & Research,272.6600036621094,-3.0611105656010777,-0.6892876684525007,63.55620888286894,US
NTRL,First Trust Equity Market Neutral ETF,EQUITY,EQUITY,20.782699584960938,-0.845894595687572,-0.0077699840358597,47.15677964504784,US
NTRS,Northern Trust Corporation,Financial Services,Asset Management,186.63999938964844,2.894316124188491,0.1221280409289335,71.56707278854718,US
NTSE,WisdomTree Emerging Markets Efficient Core Fund,ETF,ETF,46.16270065307617,-0.1563749460818723,0.0298332581747512,45.71177834293081,US
NTSI,WisdomTree International Efficient Core Fund,ETF,ETF,46.86809921264648,0.0172825484196277,0.0090748236258274,53.15883703938003,US
NTSK,"Netskope, Inc.",Technology,Software - Infrastructure,14.270000457763672,18.423238438915103,0.0722254964310162,76.97131713665898,US
NTST,NETSTREIT Corp.,Real Estate,REIT - Retail,21.399999618530277,-2.550088749039812,-0.0391903203300127,57.320725451385336,US
NU,Nu Holdings Ltd.,Financial Services,Banks - Regional,13.989999771118164,2.7920655696305245,0.0015945927436951,62.1164204394702,US
NUAI,"New Era Energy & Digital, Inc.",Technology,Software - Infrastructure,4.159999847412109,-4.587162384811293,0.0121136968677498,37.90075134054251,US
NUDM,Nuveen ESG International Developed Markets Equity ETF,ETF,ETF,40.1150016784668,0.2875041961669922,-0.0016634319471104,55.86760330457464,US
NUE,Nucor Corporation,Basic Materials,Steel,234.16000366210935,2.9636819749497407,0.7269376604685807,49.903032760878745,US
NUGO,Nuveen Growth Opportunities ETF,ETF,ETF,43.37239837646485,1.8131453756106877,0.0157786499912545,54.899035241939465,US
NUGT,Direxion Daily Gold Miners Index Bull 2X Shares,ETF,ETF,114.37999725341795,-2.927950881799488,0.1883694537417906,41.350141654362936,US
NUGY,Graniteshares YieldBOOST Gold Miners ETF,ETF,ETF,13.53499984741211,0.7640687609346151,0.006128264297961,47.272081500632815,US
NUKX,Nicholas Nuclear Income ETF,EQUITY,EQUITY,36.64899826049805,-0.7340192900529801,0.0132398953435839,39.08509062371133,US
NUKZ,Range Nuclear Renaissance ETF,ETF,ETF,64.79000091552734,-0.8265741625475567,0.0419643408426004,38.47903268629969,US
NULC,Nuveen ESG Large-Cap ETF,ETF,ETF,54.67660140991211,1.211732365604511,9.889987482358809e-05,58.991515562006406,US
NULG,Nuveen ESG Large-Cap Growth ETF,ETF,ETF,115.86000061035156,1.8549455915178568,0.0473445550823636,55.85221351308629,US
NUMI,Nuveen Municipal Income ETF,ETF,ETF,25.1200008392334,-0.0198971572800062,0.0007625976376869,54.835598256854254,US
NUSA,Nuveen ESG 1-5 Year U.S. Aggregate Bond ETF,ETF,ETF,23.05500030517578,-0.065016861061349,0.0005910273028597,48.7847528431583,US
NUSB,Nuveen Ultra Short Income ETF,ETF,ETF,25.209999084472656,0.0595332003576837,-0.0001669118351386,87.78832730523457,US
NUV,"Nuveen Municipal Value Fund, Inc.",Financial Services,Asset Management,9.199999809265137,-0.10858011770267,0.0013792252995288,56.19501460358889,US
NUVB,Nuvation Bio Inc.,Healthcare,Biotechnology,5.900000095367432,4.056437671581482,0.0001481162124987,57.71814942520826,US
NVAX,"Novavax, Inc.",Healthcare,Biotechnology,8.420000076293945,-10.993657057709092,-0.0523667996896637,38.22618210846726,US
NVBT,Allianzim U.S. Equity Buffer10 Nov ETF,ETF,ETF,39.7599983215332,-0.0050367587450124,-0.0050616909197347,57.77746465808872,US
NVCR,NovoCure Limited,Healthcare,Medical Devices,15.550000190734863,-12.246045184574198,-0.0824663147853401,44.63953793026727,US
NVD,Graniteshares 2x Short NVDA Daily ETF,ETF,ETF,4.570000171661377,-15.055760697947774,-0.0243185073959116,41.73718465972743,US
NVDA,NVIDIA Corporation,Technology,Semiconductors,211.8000030517578,7.550911963145215,0.4659771621960389,56.41390769681514,US
NVDD,Direxion Daily NVDA Bear 1X Shares,ETF,ETF,32.04999923706055,-7.503613778707935,-0.0799591525363682,42.69424688204717,US
NVDL,GraniteShares 2x Long NVDA Daily ETF,ETF,ETF,33.16999816894531,14.73537995163476,0.1386769943348775,54.95164019641084,US
NVDQ,T-Rex 2X Inverse NVIDIA Daily Target ETF,ETF,ETF,10.420000076293944,-15.077427159337752,-0.0550412511276093,41.23823360290695,US
NVDS,Tradr 1.5X Short NVDA Daily ETF,ETF,ETF,20.729999542236328,-11.224360022083456,-0.0777460799094683,42.19601207811776,US
NVDU,Direxion Daily Nvda Bull 2X Shares,ETF,ETF,132.10000610351562,14.96954251455146,0.5584649480935218,54.98646787934541,US
NVEC,NVE Corporation,Technology,Semiconductors,90.43000030517578,-1.84521545525078,0.1935914462841188,43.16333240705357,US
NVGS,Navigator Holdings Ltd.,Energy,Oil & Gas Midstream,21.07999992370605,4.9278236117416725,0.060570194131607,51.59138162639101,US
NVIR,Horizon Kinetics Energy Remediation ETF,ETF,ETF,38.90010070800781,1.7182247129301411,0.0210775581130421,54.11125267804635,US
NVIT,YieldMax NVDA Performance & Distribution Target 25 ETF,ETF,ETF,49.93069839477539,5.655548282623399,0.0605606497807523,56.9753919197594,US
NVOH,Novo Nordisk A/S (B Shares) ADRhedged,ETF,ETF,26.71500015258789,-0.9528398647459856,-0.0359789744843727,63.28569589961384,US
NVRI,Enviri Corporation,Industrials,Waste Management,22.549999237060547,0.088764091458253,-0.0512523375244502,55.77611325474257,US
NVST,Envista Holdings Corporation,Healthcare,Medical Instruments & Supplies,26.11000061035156,-3.7596704090211897,-0.0159046707609035,53.07466555077077,US
NVT,nVent Electric plc,Industrials,Electrical Equipment & Parts,161.77999877929688,5.61431421511965,0.4539397047497986,49.60002092475181,US
NVTS,Navitas Semiconductor Corporation,Technology,Semiconductors,13.09000015258789,-6.433163926051588,0.10308682573098,34.19132335998982,US
NWAX,New America Acquisition I Corp.,Financial Services,Shell Companies,10.135000228881836,-0.0493107916333609,-0.0006172846377858,50.18277730892476,US
NWBI,"Northwest Bancshares, Inc.",Financial Services,Banks - Regional,15.109999656677246,0.5322682975872547,0.0040122928705574,60.48952664864425,US
NWE,"NorthWestern Energy Group, Inc.",Utilities,Utilities - Regulated Electric,72.91000366210938,3.05300870969523,0.0351251282603585,58.15499276713719,US
NWN,Northwest Natural Holding Company,Utilities,Utilities - Regulated Gas,50.560001373291016,1.50572170110833,0.0001128122622768,54.334253868939605,US
NWPX,"NWPX Infrastructure, Inc.",Basic Materials,Steel,138.2100067138672,2.067796304580792,0.3856974823929615,56.01146732754192,US
NX,NX,N/A,N/A,17.18000030517578,3.4939753637204607,0.0154754577678833,49.17060956534228,US
NXPI,NXP Semiconductors N.V.,Technology,Semiconductors,283.8699951171875,3.9245840967383225,0.2882990695216305,47.41587272313713,US
NXST,"Nexstar Media Group, Inc.",Communication Services,Broadcasting,175.55999755859375,-2.151377020256634,-0.1839234322297762,48.77296974507067,US
NXTE,Axs Green Alpha ETF,ETF,ETF,48.66329956054688,-2.570122473269929,-0.0248506512991967,44.33842461897234,US
NXTG,First Trust IndXX NextG ETF,ETF,ETF,149.3426971435547,1.552223325756164,0.0635506981521096,47.24245947119014,US
NXUS,Nuveen International Aggregate Bond ETF,EQUITY,EQUITY,24.76499938964844,-0.7016886153238099,-0.003385780876631,42.08235550743955,US
NYSX,Global X NYSE 100 ETF,EQUITY,EQUITY,125.87100219726562,1.8126708676163945,0.0381273736719788,51.879778016564686,US
NZAC,State Street SPDR MSCI ACWI Climate Paris Aligned ETF,ETF,ETF,45.84400177001953,0.1398055754243496,-0.0060051440433652,52.24823418190529,US
O,Realty Income Corporation,Real Estate,REIT - Retail,63.77000045776367,-0.3749440250853435,-0.0263784803639887,58.60173248625596,US
OACP,OneAscent Core Plus Bond ETF,ETF,ETF,22.55909919738769,-0.1588852270757917,0.0008700538958529,43.938591286583,US
OAKI,Oakmark International Large Cap ETF,EQUITY,EQUITY,25.962099075317383,-1.4159864139700635,-0.0149116292809485,53.295373597224255,US
OAKM,Oakmark U.S. Large Cap ETF,ETF,ETF,29.06999969482422,-0.903355711330854,-0.0249242235211047,58.862606920501456,US
OALC,OneAscent Large Cap Core ETF,ETF,ETF,40.69329833984375,0.9458673908207096,0.0099450707637561,53.76384820735025,US
OARK,YieldMax Innovation Option Income Strategy ETF,ETF,ETF,30.562599182128903,-0.8579734334380711,-0.010104531845214,51.93157089533005,US
OASC,OneAscent Enhanced Small and Mid Cap ETF,ETF,ETF,34.6963996887207,0.1714890127426766,0.0009951130575222,50.1361053517192,US
OBDC,Blue Owl Capital Corporation,Financial Services,Asset Management,10.989999771118164,1.4773762561334998,0.0049386630610276,57.14684212382574,US
OBK,"Origin Bancorp, Inc.",Financial Services,Banks - Regional,50.83000183105469,-0.9354892406730432,-0.0286266563801265,55.51835276701595,US
OBND,State Street Loomis Sayles Opportunistic Bond ETF,ETF,ETF,25.575000762939453,-0.2340529175216625,-9.50005348609971e-05,48.13469726521917,US
OBOR,KraneShares MSCI One Belt One Road Index ETF,ETF,ETF,25.559999465942383,-2.3607611062913727,-0.0086403715020234,36.917682117392665,US
OBT,"Orange County Bancorp, Inc.",Financial Services,Banks - Regional,36.91999816894531,1.1783953705112102,-0.0008152114680677,55.727089409751805,US
OBTC,Osprey Bitcoin Trust,ETF,ETF,20.690000534057617,1.168648564559521,0.0241559952681166,50.75617106803388,US
OCFC,OceanFirst Financial Corp.,Financial Services,Banks - Regional,19.26000022888184,1.5822845933303151,0.0051245759100102,57.83462044854106,US
OCGN,"Ocugen, Inc.",Healthcare,Biotechnology,1.4299999475479126,-4.666670163472494,-0.0040475686523947,50.27509143993607,US
OCIO,ClearShares OCIO ETF,ETF,ETF,37.40869903564453,0.4637957200727698,0.0059906584276035,51.444057848225086,US
OCS,Oculis Holding AG,Healthcare,Biotechnology,12.93000030517578,-4.64601839930272,-0.0840667139543176,37.90414797016169,US
OCTH,Innovator Premium Income 20 Barrier ETF - October,ETF,ETF,24.049999237060547,0.1248908356584934,0.0006837136622467,66.2351781783589,US
OCTJ,Innovator Premium Income 30 Barrier ETF - October,ETF,ETF,23.9950008392334,0.0834221374158151,-5.514931161682002e-05,64.13028291116589,US
OCTM,FT Vest U.S. Equity Max Buffer ETF – October,ETF,ETF,33.709999084472656,0.1188028443798301,-0.0003829612070041,67.7493173567908,US
OCTP,PGIM S&P 500 Buffer 12 ETF - Oct,ETF,ETF,32.514801025390625,0.4008112106991044,-5.1420623988010505e-05,57.54101726694894,US
OCTT,AllianzIM U.S. Equity Buffer10 Oct ETF,ETF,ETF,46.90499877929688,0.3959707914386177,-0.0016550171334918,61.07585978175241,US
OCTU,AllianzIM U.S. Equity Buffer15 Uncapped Oct ETF,ETF,ETF,30.59000015258789,0.6879287390806631,0.0037843951081955,55.97173711677407,US
OCTV,Octave Intelligence plc,Technology,Software - Application,16.6200008392334,-4.482751703432274,-0.0357331733823902,43.28016636393061,US
OCUL,"Ocular Therapeutix, Inc.",Healthcare,Biotechnology,9.699999809265137,-6.098742682419064,-0.0376827713353942,51.2272209991959,US
ODC,Oil-Dri Corporation of America,Basic Materials,Specialty Chemicals,103.83999633789062,3.005653062867847,-0.1131930268722589,68.5334203591031,US
ODD,Oddity Tech Ltd.,Consumer Defensive,Household & Personal Products,16.350000381469727,-6.678082452763184,-0.1098593575921091,59.32199710770996,US
ODDS,Pacer BlueStar Digital Entertainment ETF,ETF,ETF,25.030000686645508,-0.2073201668842553,-0.026957739660693,55.70205074151807,US
ODFL,"Old Dominion Freight Line, Inc.",Industrials,Trucking,228.6100006103516,6.078607228167368,0.1609745534412187,55.93590048194846,US
ODHY,Obra Defensive High Yield ETF,ETF,ETF,9.949999809265137,-0.3505242725642359,-0.0014085835725716,50.04726091068062,US
OEC,Orion S.A.,Basic Materials,Specialty Chemicals,6.090000152587891,7.787611500771928,0.0481577861664511,43.840691151098575,US
OEF,iShares S&P 100 ETF,ETF,ETF,370.6400146484375,0.6490195922437203,-0.0321507308738588,56.71227093765523,US
OFG,OFG Bancorp,Financial Services,Banks - Regional,49.84999847412109,-0.0401051898777652,-0.0137433987060409,62.6271172079194,US
OFIX,Orthofix Medical Inc.,Healthcare,Medical Devices,10.949999809265137,-6.569969626450173,-0.0797451151597012,54.95180273036016,US
OGS,"ONE Gas, Inc.",Utilities,Utilities - Regulated Gas,79.1500015258789,1.682946106911111,-0.0363046114990261,52.39834562293381,US
OGSP,Obra High Grade Structured Products ETF,ETF,ETF,10.020000457763672,0.2000045776367187,0.0009255784030146,79.2996838149314,US
OI,"O-I Glass, Inc.",Consumer Cyclical,Packaging & Containers,8.449999809265137,-14.38703234811142,-0.0818825539873379,37.97616626696859,US
OII,"Oceaneering International, Inc.",Energy,Oil & Gas Equipment & Services,43.27999877929688,8.525570762584554,0.0368016784405795,66.83515952503241,US
OILK,ProShares K-1 Free Crude Oil ETF,ETF,ETF,51.79999923706055,6.826144450441703,0.1494707422499153,56.33330410939087,US
OIS,"Oil States International, Inc.",Energy,Oil & Gas Equipment & Services,8.420000076293945,7.535123350405282,0.0017938592254743,53.6489235829047,US
OKE,"ONEOK, Inc.",Energy,Oil & Gas Midstream,91.9000015258789,1.3565715030033747,0.0334514773163091,58.62763789283917,US
OKLL,Defiance Daily Target 2X Long OKLO ETF,ETF,ETF,3.7300000190734863,-7.901238434344707,0.0048391751508689,34.09749088868635,US
OKLS,Defiance Daily Target 2X Short OKLO ETF,ETF,ETF,29.899999618530277,4.765237068591035,-0.0174905401273756,60.76780702347816,US
OKTA,"Okta, Inc.",Technology,Software - Infrastructure,154.6199951171875,4.142246814790758,0.4626613465354587,71.57107830254883,US
OKTG,Leverage Shares 2X Long OKTA Daily ETF,ETF,ETF,35.98099899291992,6.013554651722284,0.1954919357605953,69.83793459926676,US
OLED,Universal Display Corporation,Technology,Electronic Components,78.6500015258789,-1.4040305432115745,0.0706986242560758,37.43305171725058,US
OLLI,"Ollie's Bargain Outlet Holdings, Inc.",Consumer Defensive,Discount Stores,65.94000244140625,-3.072168712910017,0.2118093151380518,37.26440986523616,US
OLN,OLN,N/A,N/A,21.65999984741211,4.435873126551847,0.0812604285680687,46.844057471717335,US
OLP,"One Liberty Properties, Inc.",Real Estate,REIT - Diversified,24.5,-2.1565530981769587,-0.0285007532131066,54.29981786421568,US
OLPX,"Olaplex Holdings, Inc.",Consumer Cyclical,Specialty Retail,2.069999933242798,0.0,-0.0002177113601582,63.7448859999663,US
OMAH,VistaShares Target 15 Berkshire Select Income ETF,ETF,ETF,18.920000076293945,-0.2109652431970222,-0.0067524835664713,63.51890023814788,US
OMC,Omnicom Group Inc.,Communication Services,Advertising Agencies,80.75,-0.1113264992176189,-0.1495157657941155,60.36109919865431,US
OMCL,"Omnicell, Inc.",Healthcare,Health Information Services,45.93999862670898,3.561762837281665,-0.0697258027064333,64.12123650099292,US
OMDA,"Omada Health, Inc.",Healthcare,Health Information Services,23.440000534057617,1.9130458002505095,-0.06129565719978,77.71023788220452,US
OMER,Omeros Corporation,Healthcare,Biotechnology,10.5,1.6456929094821815,0.0138025756761506,52.09502781957827,US
OMF,"OneMain Holdings, Inc.",Financial Services,Credit Services,59.959999084472656,0.5702786962078569,0.0491675086336966,57.56856274176819,US
OMFL,Invesco Russell 1000 Dynamic Multifactor ETF,ETF,ETF,68.9000015258789,0.1599078483610443,-0.0150270586509722,57.07870152602968,US
ON,ON Semiconductor Corporation,Technology,Semiconductors,93.7300033569336,2.8869428395869945,0.3646486691819248,43.10117124850427,US
OND,ProShares On-Demand ETF,ETF,ETF,34.53099822998047,-1.794552474980491,-0.0506666370439995,48.38809676564757,US
ONDG,Leverage Shares 2X Long ONDS Daily ETF,ETF,ETF,2.559999942779541,-0.7751930820906612,0.022799194874448,37.57112774328873,US
ONDS,Ondas Inc.,Technology,Communication Equipment,7.360000133514404,0.1360575375726601,0.0292033746237493,39.44749963637861,US
ONDU,Tradr 2X Long ONDS Daily ETF,ETF,ETF,4.090000152587891,-1.3268957440701648,0.0337295794771661,37.35366495610713,US
ONEQ,Fidelity Nasdaq Composite Index ETF,ETF,ETF,102.86000061035156,1.0611140145487714,0.0170042995110067,52.21722273650392,US
ONEV,State Street SPDR Russell 1000 Low Volatility Focus ETF,ETF,ETF,144.8800048828125,-0.8554026950197018,-0.0671036299878133,57.94091922450352,US
ONEY,State Street SPDR Russell 1000 Yield Focus ETF,ETF,ETF,130.2100067138672,-0.6303525733399709,-0.0212641157678294,56.60612133578691,US
ONLN,ProShares Online Retail ETF,ETF,ETF,57.3223991394043,2.1789673770616877,-0.0192807194003779,58.44982809706588,US
OOMA,"Ooma, Inc.",Technology,Software - Application,20.540000915527344,1.6831690086451991,-0.0086554270782935,66.3296184415681,US
OOSP,Obra Opportunistic Structured Products ETF,ETF,ETF,10.130000114440918,0.1482980095124183,0.0018951301379295,57.53031345708092,US
OPEN,Opendoor Technologies Inc.,Real Estate,Real Estate Services,4.550000190734863,-5.01043367493722,-0.0203231165082643,47.146984546855975,US
OPFI,OppFi Inc.,Financial Services,Credit Services,9.199999809265137,-2.95358382375132,-0.0182255467037754,51.7463229244525,US
OPK,OPK,N/A,N/A,1.2200000286102295,-18.12080397304558,-0.0056445726525565,27.53469267634644,US
OPLN,"OPENLANE, Inc.",Consumer Cyclical,Auto & Truck Dealerships,40.310001373291016,-2.088891993935029,0.0088865632288313,55.55509222785896,US
OPPE,WisdomTree European Opportunities Fund,ETF,ETF,57.06129837036133,0.3663794824269158,0.0191974044754175,57.52449710486197,US
OPRA,Opera Limited,Communication Services,Internet Content & Information,20.1299991607666,2.286579515308605,0.0473119652358303,63.050641226956586,US
OPTU,"Optimum Communications, Inc.",Communication Services,Telecom Services,1.0099999904632568,-14.406776664517867,-0.0053657019546897,41.93329421400647,US
OPTX,"Syntec Optics Holdings, Inc.",Technology,Electronic Components,8.199999809265137,-14.583338714307995,0.0061163074296642,39.08405086508608,US
ORA,"Ormat Technologies, Inc.",Utilities,Utilities - Renewable,107.36000061035156,-2.4620687671357264,0.1768406469004064,30.52556373653242,US
ORC,"Orchid Island Capital, Inc.",Real Estate,REIT - Mortgage,6.829999923706055,0.8862620819583765,0.0010848921662238,54.96985736297043,US
ORCL,Oracle Corporation,Technology,Software - Infrastructure,127.94000244140624,-9.332554763468853,-0.0603634798883749,25.661314519760964,US
ORCX,Defiance Daily Target 2X Long ORCL ETF,ETF,ETF,17.549999237060547,-18.523683885224727,0.0235371069653069,27.025807360679067,US
ORKA,"Oruka Therapeutics, Inc.",Healthcare,Biotechnology,87.47000122070312,3.514794344027367,0.0009897371250389,60.40269276450488,US
ORLY,"O'Reilly Automotive, Inc.",Consumer Cyclical,Auto Parts,85.75,-1.0386630236932095,-0.0076610499687055,43.76198391469462,US
ORN,"Orion Group Holdings, Inc.",Industrials,Engineering & Construction,13.600000381469728,-4.561400831791393,0.0133681943235581,39.31450851171523,US
ORO,Arrow Valtoro ETF,ETF,ETF,17.823999404907227,-3.309106053198617,-0.0249244891836942,38.27337837601375,US
OSBC,"Old Second Bancorp, Inc.",Financial Services,Banks - Regional,23.01000022888184,0.08699633737621,-0.002892882372544,58.32283246337219,US
OSCR,"Oscar Health, Inc.",Healthcare,Healthcare Plans,31.06999969482422,-0.1606720535371663,-0.0351258800753877,61.02779731617616,US
OSCV,Opus Small Cap Value Plus ETF,ETF,ETF,42.0099983215332,0.4231064892620736,0.0103334955499558,59.79224944112626,US
OSEA,Harbor International Compounders ETF,ETF,ETF,29.670000076293945,-1.7874843579729196,-0.0106982819159657,42.74390693571861,US
OSPN,OneSpan Inc.,Technology,Software - Infrastructure,15.489999771118164,4.5209182867118285,0.0134302451904722,67.08217724787866,US
OSS,"One Stop Systems, Inc.",Technology,Computer Hardware,13.56999969482422,-2.444285811053737,0.0425185190353445,38.49777628867334,US
OTCM,OTC Markets Group Inc.,Financial Services,Financial Data & Stock Exchanges,52.09999847412109,1.6585336080411586,-0.0588962262491951,51.43806309164614,US
OTF,Blue Owl Technology Finance Corp.,Financial Services,Asset Management,10.279999732971191,0.1949269360935976,0.0044434790374231,47.65221401212024,US
OTGL,OTG Latin America ETF,ETF,ETF,10.74209976196289,2.500956404341912,0.0062360268132479,57.62524402657144,US
OTIS,Otis Worldwide Corporation,Industrials,Specialty Industrial Machinery,72.55999755859375,-1.1848055875885763,-0.0424879341880388,50.13271338802991,US
OUNZ,OUNZ,N/A,N/A,38.97999954223633,-1.4162907443714887,-0.0033275968910548,41.46532097848957,US
OUT,OUTFRONT Media Inc.,Real Estate,REIT - Specialty,33.150001525878906,-0.1806611269128335,-0.0259498119444605,58.58169753804285,US
OVID,Ovid Therapeutics Inc.,Healthcare,Biotechnology,2.4600000381469727,-10.869563527278498,-0.0083834672101803,46.6339486454085,US
OVS,Overlay Shares Small Cap Equity ETF,ETF,ETF,41.82640075683594,0.0727326094998152,-0.0009715054515249,56.4618597054452,US
OVT,Overlay Shares Short Term Bond ETF,ETF,ETF,21.82010078430176,0.0463150784352324,-0.0004032085500743,52.11487412831542,US
OWLS,Obook Holdings Inc.,Technology,Software - Infrastructure,5.650000095367432,0.1773090269249827,-0.0040078468077335,46.67295201283407,US
OXM,"Oxford Industries, Inc.",Consumer Cyclical,Apparel Manufacturing,37.22999954223633,3.2732325385535748,0.0747006200819673,48.889817072353225,US
OXY,Occidental Petroleum Corporation,Energy,Oil & Gas E&P,54.56999969482422,5.592104049115113,0.0787207834162502,55.70107033483766,US
OZK,Bank OZK,Financial Services,Banks - Regional,50.77999877929688,2.5928373606818216,0.0565850813662258,55.75790826255684,US
P,"Everpure, Inc.",Technology,Computer Hardware,77.02999877929688,-1.5591069913138975,-0.1185846128073779,51.5734292938556,US
PAAA,PGIM AAA CLO ETF,ETF,ETF,51.36000061035156,0.0584429733620732,-0.001180766875123,85.6982832524907,US
PAB,PGIM Active Aggregate Bond ETF,ETF,ETF,41.81230163574219,-0.2925950483621,-0.000271309008426,43.39122134169559,US
PACB,"Pacific Biosciences of California, Inc.",Healthcare,Medical Devices,1.5,-3.84615031925166,-0.0044430599808055,48.94189626862411,US
PACK,Ranpak Holdings Corp.,Consumer Cyclical,Packaging & Containers,6.909999847412109,6.635799800508406,0.0245392703781441,52.05609858677408,US
PACS,"PACS Group, Inc.",Healthcare,Medical Care Facilities,44.95000076293945,3.049064336593783,0.0028267505902987,66.5674949264194,US
PAGP,"Plains GP Holdings, L.P.",Energy,Oil & Gas Midstream,25.309999465942383,2.677484209435704,0.0114615077503942,63.50442654416544,US
PAHC,Phibro Animal Health Corporation,Healthcare,Drug Manufacturers - Specialty & Generic,33.040000915527344,-0.2415399122504422,-0.0167197565115575,49.68354414527212,US
PALC,Pacer Lunt Large Cap Multi-Factor Alternator ETF,ETF,ETF,57.551300048828125,0.3335066883559958,0.0029112493127717,49.496313500579305,US
PALL,abrdn Physical Palladium Shares ETF,ETF,ETF,23.700000762939453,2.998698510187488,0.0520215404794739,54.14627416500019,US
PALU,Direxion Daily PANW Bull 2X Shares,ETF,ETF,54.31999969482422,8.228733176169928,0.2524130489366207,64.12658760238807,US
PAMC,Pacer Lunt MidCap Multi-Factor Alternator ETF,ETF,ETF,53.99620056152344,0.3870795884399094,0.0262562415010226,47.91269032953614,US
PANG,Leverage Shares 2X Long PANW Daily ETF,ETF,ETF,33.520999908447266,8.181113542950861,0.1572882075709301,64.19758289266599,US
PANL,Pangaea Logistics Solutions Ltd.,Industrials,Marine Shipping,7.179999828338623,5.899699205784836,0.0213911957870176,51.52230351758202,US
PANW,"Palo Alto Networks, Inc.",Technology,Software - Infrastructure,352.8900146484375,4.702707601967996,0.8489746852167706,65.86551723172292,US
PAPR,Innovator U.S. Equity Power Buffer ETF - April,ETF,ETF,42.43980026245117,0.3779599994514342,0.0036916031542763,62.793199246778286,US
PATH,"UiPath, Inc.",Technology,Software - Infrastructure,11.9399995803833,2.489270140333385,-0.0055454715988089,61.991161900863,US
PATK,PATK,N/A,N/A,84.27999877929688,-3.9325252999252887,0.0985169029855295,43.23399817528222,US
PATN,Pacer Nasdaq International Patent Leaders ETF,ETF,ETF,35.439998626708984,-0.7505364484771231,0.0065614752795824,46.340978783106976,US
PATX,Tradr 2X Long PATH Daily ETF,ETF,ETF,9.289999961853027,4.617115339281984,-0.0080897670666403,60.12844402818453,US
PAUG,Innovator U.S. Equity Power Buffer ETF - August,ETF,ETF,45.810001373291016,0.2187755213767427,-0.0011140369140048,68.78612442857192,US
PAVE,Global X U.S. Infrastructure Development ETF,ETF,ETF,56.709999084472656,0.4783849474367281,0.045801801977149,47.5207156170786,US
PAWZ,ProShares Pet Care ETF,ETF,ETF,48.1505012512207,-1.5930902290892144,-0.0593297051995813,50.10420460861921,US
PAX,Patria Investments Limited,Financial Services,Asset Management,11.100000381469728,0.2710089202580072,0.0080487916032415,47.837389689037,US
PAYC,"Paycom Software, Inc.",Technology,Software - Application,143.6699981689453,-0.0765061978616469,-0.0949917482189894,59.77706931878164,US
PAYH,TrueShares S&P Autocallable High Income ETF,ETF,ETF,25.25,0.7742666268794874,0.0022907803585497,59.66174038922494,US
PAYS,"Paysign, Inc.",Technology,Software - Infrastructure,8.699999809265137,2.112668331343154,-0.0327473420895148,64.05627683717992,US
PAYX,"Paychex, Inc.",Technology,Software - Application,109.5199966430664,1.2948518876435495,-0.0557873093375338,65.78266574944232,US
PB,"Prosperity Bancshares, Inc.",Financial Services,Banks - Regional,72.5,0.6804580603157602,0.0389239970538011,55.7386469436274,US
PBAM,"Private Bancorp of America, Inc.",Financial Services,Banks - Regional,77.0,3.717675398233544,0.1926069126192509,68.49495989912953,US
PBAP,PGIM S&P 500 Buffer 20 ETF - April,ETF,ETF,31.073999404907227,0.3034211234985478,-0.0003782120078493,59.1093755061724,US
PBAU,PGIM S&P 500 Buffer 20 ETF - August,ETF,ETF,31.540000915527344,0.4778640611518223,0.0015465446085466,64.26413989108589,US
PBD,Invesco Global Clean Energy ETF,ETF,ETF,18.499799728393555,-1.01766078239255,0.0189575319321601,38.06310074952335,US
PBDC,Putnam BDC Income ETF,ETF,ETF,26.739999771118164,0.9818739931136644,0.0083446177357034,55.78414773154333,US
PBE,Invesco Biotechnology & Genome ETF,ETF,ETF,89.33000183105469,-4.131786286232972,-0.2320887511485239,55.994040116287856,US
PBEU,Portfolio Building Block European Banks Index ETF,ETF,ETF,33.485801696777344,-0.3369068423175158,-0.0016179819368727,59.414450175488845,US
PBF,PBF Energy Inc.,Energy,Oil & Gas Refining & Marketing,60.88999938964844,25.650021749914863,0.2371582901787894,81.41123652110909,US
PBFR,PGIM Laddered S&P 500 Buffer 20 ETF,ETF,ETF,30.739999771118164,0.2282350656996714,-0.0015896420763006,61.885692877891046,US
PBFS,"Pioneer Bancorp, Inc.",Financial Services,Banks - Regional,16.780000686645508,-1.0029502574751747,-0.0042071712309115,53.155597913013146,US
PBJ,Invesco Food & Beverage ETF,ETF,ETF,48.13330078125,-0.0761830788670673,-0.0296551339183515,53.1679566275542,US
PBJA,PGIM S&P 500 Buffer 20 ETF - January,ETF,ETF,32.435001373291016,0.2317699676293,0.0022934199752583,61.34382635436312,US
PBL,PGIM Portfolio Ballast ETF,ETF,ETF,33.36240005493164,0.4195902957903185,-0.0016254855049052,57.01636552458008,US
PBMR,PGIM S&P 500 Buffer 20 ETF - March,ETF,ETF,32.150001525878906,0.2807241070889946,-0.0005314736645736,58.18003574474314,US
PBMY,PGIM S&P 500 Buffer 20 ETF - May,ETF,ETF,31.29459953308105,0.2903443747122152,0.0024635168460376,59.09782704416026,US
PBNV,PGIM S&P 500 Buffer 20 ETF - November,ETF,ETF,31.083999633789062,0.4005185819872848,0.0010381457482273,61.4158070609932,US
PBOG,Portfolio Building Block Integrated Oil And Gas And Exploration And Production Index ETF,ETF,ETF,31.59339904785156,4.3581914272636695,0.0484448348424834,56.915822383956616,US
PBPH,Portfolio Building Block World Pharma And Biotech Index ETF,ETF,ETF,26.603599548339844,-5.122686591611639,-0.0613859940998601,49.878828125528166,US
PBQQ,PGIM Laddered Nasdaq-100 Buffer 12 ETF,ETF,ETF,31.399999618530277,0.6732897751744178,0.0057549510598315,53.93818671983416,US
PBSE,PGIM S&P 500 Buffer 20 ETF - September,ETF,ETF,30.958999633789062,0.3858608320765077,0.0004895931201329,62.740155855681486,US
PBTP,Invesco 0-5 Yr US TIPS ETF,ETF,ETF,25.659900665283203,-0.0782696248197748,-0.0009845626861919,49.76785843795636,US
PBUS,Invesco MSCI USA ETF,ETF,ETF,75.4800033569336,0.5461618006875297,-0.000832636939468,57.600661705888704,US
PBW,Invesco WilderHill Clean Energy ETF,ETF,ETF,34.97999954223633,-0.9065147358084342,0.0708358088615526,39.349213632379815,US
PBYI,"Puma Biotechnology, Inc.",Healthcare,Biotechnology,8.279999732971191,4.020096649380321,0.0087504363801617,61.72081650851506,US
PCAR,PACCAR Inc,Industrials,Farm & Heavy Construction Machinery,123.94000244140624,-0.4178022231170656,-0.079854522438592,57.83738332942314,US
PCB,PCB Bancorp,Financial Services,Banks - Regional,29.23500061035156,2.11317313070002,-0.0003338042665498,71.81381792542416,US
PCEF,Invesco CEF Income Composite ETF,ETF,ETF,20.33300018310547,0.2613387310921611,-0.0027089876381477,57.629259205731934,US
PCFI,Polen Floating Rate Income ETF,ETF,ETF,22.59000015258789,0.1551755572536074,-0.0017081765275109,57.32795087839538,US
PCG,PG&E Corporation,Utilities,Utilities - Regulated Electric,17.440000534057617,1.51338896544435,0.0081741856424303,59.73530336784723,US
PCGG,Polen Capital Global Growth ETF,ETF,ETF,11.0649995803833,-0.717818520363021,-0.0048401710086397,54.47449640342269,US
PCHI,Polen High Income ETF,ETF,ETF,24.39550018310547,-0.1207740220123266,-0.0137042334113092,50.80916793928746,US
PCI,PGIM Corporate Bond 5-10 Year E,ETF,ETF,49.3849983215332,-1.1053967000198996,-0.0159618270717417,38.27468204311988,US
PCIG,Polen Capital International Gro,ETF,ETF,8.720000267028809,-0.6833652365280736,-0.002219595131988,52.71230594333084,US
PCL,PGIM Corporate Bond 10+ Year ETF,ETF,ETF,48.51300048828125,-2.2644408925209434,-0.0202815932725531,31.455093902873216,US
PCLG,Polen Focus Growth ETF,ETF,ETF,21.944599151611328,-0.2744831241028289,-0.0097063185179487,47.82126046169832,US
PCLN,Pictet Cleaner Planet ETF,EQUITY,EQUITY,31.325000762939453,-2.910361944587573,-0.020173994476919,45.80208154115432,US
PCLO,Virtus SEIX AAA Private Credit CLO ETF,ETF,ETF,24.959999084472656,0.1203320454458513,6.967742970735019e-05,79.35222238964951,US
PCMM,BondBloxx Private Credit CLO ETF,ETF,ETF,49.7400016784668,0.0,-0.0009328653019529,57.96557186764182,US
PCOR,"Procore Technologies, Inc.",Technology,Software - Application,43.040000915527344,-3.756708987740423,-0.105768774097043,46.999516377877775,US
PCPI,PIMCO Inflation Plus Active Exchange-Traded Fund,ETF,ETF,49.98500061035156,-0.1099126781964441,-0.0042080637926522,51.35863680795545,US
PCQ,PIMCO California Municipal Income Fund,Financial Services,Asset Management,8.880000114440918,-0.2663603900635193,0.0015923632619393,55.94898009407645,US
PCR,Simplify VettaFi Private Credit Strategy ETF,EQUITY,EQUITY,19.503700256347656,1.2390390566400882,0.0072880412241498,53.42217173027387,US
PCS,PGIM Corporate Bond 0-5 Year ETF,ETF,ETF,49.78499984741211,-0.380187358699716,-0.0066071847272044,45.19679933296436,US
PCSG,Polen 5Perspectives Small-Mid Growth ETF,ETF,ETF,23.443700790405277,-1.0396780840011133,0.0064856429697009,40.69408701710395,US
PCT,"PureCycle Technologies, Inc.",Industrials,Pollution & Treatment Controls,6.760000228881836,-5.454543514457869,0.0032860095771387,31.74442153767356,US
PCTY,Paylocity Holding Corporation,Technology,Software - Application,123.12999725341795,3.609896539654749,-0.0031859268224803,64.88547239956284,US
PCVX,"Vaxcyte, Inc.",Healthcare,Biotechnology,56.209999084472656,-7.351243149955396,-0.2391173465651794,53.36844405789305,US
PDBC,Invesco Optimum Yield Diversified Commodity Strategy No K-1 ETF,ETF,ETF,17.079999923706055,4.656864234641285,0.0292842403558717,58.041330362664674,US
PDD,PDD Holdings Inc.,Consumer Cyclical,Internet Retail,83.91000366210938,1.672125170512764,-0.1657194858089559,51.43138318676884,US
PDDL,GraniteShares 2x Long PDD Daily ETF,ETF,ETF,13.25220012664795,2.8897516218942,-0.0509164687407951,48.58995699433115,US
PDEC,Innovator U.S. Equity Power Buffer ETF - December,ETF,ETF,46.15999984741211,0.347825755243716,-0.0001818666270219,62.01265793779119,US
PDI,PIMCO Dynamic Income Fund,Financial Services,Asset Management,16.25,-1.513113639986623,-0.0190555804642542,43.809283343396,US
PDLB,"Ponce Financial Group, Inc.",Financial Services,Banks - Regional,19.790000915527344,-1.3459549232463304,-0.0106461417629452,55.08980847750817,US
PDM,"Piedmont Realty Trust, Inc.",Real Estate,REIT - Office,9.550000190734863,-0.1046049000302961,0.0058789475464586,61.456994768201405,US
PDO,Pimco Dynamic Income Opportunities Fund,Financial Services,Asset Management,13.020000457763672,-1.3023715260718656,-0.0136293706565093,52.44714345978835,US
PEB,Pebblebrook Hotel Trust,Real Estate,REIT - Hotel & Motel,18.700000762939453,1.6857062728643295,0.0412738415617036,59.10329217586646,US
PEBO,Peoples Bancorp Inc.,Financial Services,Banks - Regional,38.220001220703125,-0.6756713217936097,-0.0221016775638254,59.6394932732257,US
PECO,"Phillips Edison & Company, Inc.",Real Estate,REIT - Retail,42.459999084472656,0.4019819467133078,0.0218434868553879,61.284762171592575,US
PEG,Public Service Enterprise Group Incorporated,Utilities,Utilities - Regulated Electric,80.5,-1.5772110295727415,-0.019552904877455,50.26842281787136,US
PEGA,Pegasystems Inc.,Technology,Software - Application,30.68000030517578,-4.750073960835458,-0.0834684175129886,43.53841532283863,US
PEO,"Adams Natural Resources Fund, Inc.",Financial Services,Asset Management,26.049999237060547,3.16831381014078,0.0277852135762164,61.55366976830387,US
PEP,"PepsiCo, Inc.",Consumer Defensive,Beverages - Non-Alcoholic,135.4499969482422,-6.573319809725063,-0.2216102121076051,38.654732496490354,US
PEPS,Parametric Equity Plus ETF,ETF,ETF,32.464698791503906,0.5566019666752487,-0.0008696501781711,58.97748429744557,US
PEVC,Pacer PE/VC ETF,ETF,ETF,30.363000869750977,0.2608653810181402,-0.0123609871688461,57.20204568725606,US
PEXL,PEXL,N/A,N/A,72.66999816894531,-1.7972997716955237,-0.0591733227871429,48.57639390801957,US
PEZ,Invesco Dorsey Wright Consumer Cyclicals Momentum ETF,ETF,ETF,99.84500122070312,-0.8982618156792804,0.002417012491699,42.88790627566042,US
PFBC,Preferred Bank,Financial Services,Banks - Regional,105.8499984741211,0.5987428683796767,-0.0356382516770232,64.2934146291008,US
PFE,Pfizer Inc.,Healthcare,Drug Manufacturers - General,24.25,0.7478201390026888,0.0109029602377853,43.53203524850527,US
PFEB,Innovator U.S. Equity Power Buffer ETF - February,ETF,ETF,43.27000045776367,0.3362329455389493,0.0010778129882503,60.87980300811534,US
PFF,iShares Preferred and Income Securities ETF,ETF,ETF,30.51000022888184,0.0,0.0060235934764506,46.37467972201697,US
PFFL,ETRACS 2xMonthly Pay Leveraged Preferred Stock Index ETN,ETF,ETF,7.519999980926514,-2.2106641746292994,-0.0009487818549288,40.8831219110229,US
PFG,"Principal Financial Group, Inc.",Financial Services,Asset Management,112.91999816894533,0.0354366730161596,-0.0124017807343219,61.61837479913484,US
PFI,Invesco Dorsey Wright Financial Momentum ETF,ETF,ETF,62.6150016784668,0.0239667806891488,0.0133463805141983,62.07335137095861,US
PFIS,Peoples Financial Services Corp.,Financial Services,Banks - Regional,66.68000030517578,-0.5518310659828242,-0.0193802220698973,62.332621046874095,US
PFIX,Simplify Interest Rate Hedge ETF,ETF,ETF,46.7400016784668,0.6026745577094081,-0.0304176088437599,58.42700097565584,US
PFM,Invesco Dividend Achievers ETF,ETF,ETF,55.68709945678711,-0.6828968077780365,-0.026776751629043,56.50470455397387,US
PFN,PIMCO Income Strategy Fund II,Financial Services,Asset Management,7.099999904632568,0.5979552841194615,-0.0006524080945396,70.35481285367752,US
PFOE,Pathfinder Focused Opportunities ETF,ETF,ETF,22.894699096679688,-1.693075994277872,-0.017317415476205,46.905573188219776,US
PFSI,"PennyMac Financial Services, Inc.",Financial Services,Mortgage Finance,82.91000366210938,2.2192122281011173,0.0718677778268833,49.05669428429293,US
PFXF,PFXF,N/A,N/A,17.739999771118164,-0.1126151886594378,0.006837326569119,42.53626232683187,US
PG,The Procter & Gamble Company,Consumer Defensive,Household & Personal Products,146.0800018310547,-4.36661091256649,-0.1148712449371969,46.23776811874143,US
PGEN,"Precigen, Inc.",Healthcare,Biotechnology,5.119999885559082,-7.078045864290247,-0.0199097430440068,50.67267837900821,US
PGF,Invesco Financial Preferred ETF,ETF,ETF,13.699999809265137,-0.4360495539146874,-0.001614169023156,46.525284577587165,US
PGHY,Invesco Global ex-US High Yield Corporate Bond ETF,ETF,ETF,19.790000915527344,0.0505572726728346,0.0002973433505028,55.364900230519744,US
PGJ,Invesco Golden Dragon China ETF,ETF,ETF,23.593000411987305,2.267016575992508,-0.0061316037601505,48.1325146213013,US
PGNY,"Progyny, Inc.",Healthcare,Healthcare Plans,32.36000061035156,5.133203016436474,0.0159496496206434,82.13959330803351,US
PGR,The Progressive Corporation,Financial Services,Insurance - Property & Casualty,226.5800018310547,-3.336174176217406,-0.70253942080027,58.37157101134717,US
PGRI,Putnam International Stock ETF,EQUITY,EQUITY,26.222000122070312,-4.609117041707787,-0.0376662348555089,41.23322199299745,US
PGX,Invesco Preferred ETF,ETF,ETF,10.850000381469728,-0.2757328369084578,9.842036926538052e-05,45.87378816597396,US
PGY,Pagaya Technologies Ltd.,Technology,Software - Infrastructure,18.270000457763672,-0.3816777221473542,-0.0019431086797088,60.564345074316506,US
PH,Parker-Hannifin Corporation,Industrials,Specialty Industrial Machinery,964.5499877929688,0.7352380607558311,0.5246082415902009,57.16106089349724,US
PHDG,Invesco S&P 500 Downside Hedged ETF,ETF,ETF,41.319801330566406,0.9523601819796051,0.0120331127338554,51.965826283286,US
PHIG,PHIG,N/A,N/A,30.0,0.0,-0.0031663781250453,55.57709467987634,US
PHM,"PulteGroup, Inc.",Consumer Cyclical,Residential Construction,124.55999755859376,-4.125616291482338,0.0351426984828164,46.68934517209408,US
PHR,"Phreesia, Inc.",Healthcare,Health Information Services,10.739999771118164,-1.9178086009580115,-0.0306490539354691,58.69765271735616,US
PI,"Impinj, Inc.",Technology,Semiconductors,144.60000610351562,4.676420111777755,-0.1948402491314933,55.76403746881114,US
PICS,PicS N.V.,Technology,Software - Infrastructure,11.380000114440918,-0.1754342522682809,-0.0381663976881873,54.804777880482966,US
PID,Invesco International Dividend Achievers ETF,ETF,ETF,22.729999542236328,0.5307338728236317,0.0019486473842947,59.213540579318654,US
PIE,Invesco Dorsey Wright Emerging Markets Momentum ETF,ETF,ETF,31.90999984741211,0.409059653737608,-0.0172521945241944,47.70654131489516,US
PIFI,PIFI,N/A,N/A,93.11499786376952,-0.1661828936158726,0.0013603675431258,45.81733027389262,US
PII,Polaris Inc.,Consumer Cyclical,Recreational Vehicles,67.5,5.172950575004092,0.1408016371254331,50.78683690932445,US
PILL,Direxion Daily Pharmaceutical & Medical Bull 3X Shares ETF,ETF,ETF,18.32999992370605,-11.662650970091304,-0.1344785158276231,59.52321566832543,US
PIO,Invesco Global Water ETF,ETF,ETF,45.051300048828125,-0.3069231734804331,-0.0189104326138973,53.25601221333862,US
PIPE,Invesco SteelPath MLP & Energy Infrastructure ETF,ETF,ETF,30.86160087585449,1.3683730832853231,0.0216134914652195,60.57183132123283,US
PIPR,Piper Sandler Companies,Financial Services,Capital Markets,74.94000244140625,-0.1864669502319201,0.2549235559026397,48.2655043164982,US
PIT,VanEck Commodity Strategy ETF,ETF,ETF,71.61000061035156,6.0574706318578535,0.1374493062407062,61.68721387836744,US
PIZ,Invesco Dorsey Wright Developed Markets Momentum ETF,ETF,ETF,53.47999954223633,-0.2424940619943444,0.0427453518556124,44.165961563608136,US
PJFM,PGIM Jennison Focused Mid-Cap ETF,ETF,ETF,67.4520034790039,-0.8292098490711098,-0.0118686323498714,47.79575021694127,US
PJIO,PGIM Jennison International Opportunities ETF,ETF,ETF,62.70500183105469,-6.579163334350267,-0.1198509741793341,40.99632204262842,US
PJT,PJT,N/A,N/A,164.6999969482422,-2.2899861570120006,0.3169528691953327,57.097491830975954,US
PJUL,Innovator U.S. Equity Power Buffer ETF - July,ETF,ETF,48.9900016784668,0.2865981754735808,-0.0003799250324551,60.82527593631525,US
PJUN,Innovator U.S. Equity Power Buffer ETF - June,ETF,ETF,43.45000076293945,0.4624295096865968,-0.0011721555752642,57.24468649074419,US
PJUS,PGIM Jennison U.S. Core Equity ETF,ETF,ETF,51.59999847412109,0.0969917319118042,-0.0202563346335399,57.34833287974902,US
PKB,Invesco Building & Construction ETF,ETF,ETF,103.8000030517578,-0.7173600938382662,0.1137684881463559,44.13495016025124,US
PKE,PKE,N/A,N/A,33.52000045776367,-9.209095015723744,-0.1040321517325056,44.99093693963293,US
PKG,Packaging Corporation of America,Consumer Cyclical,Packaging & Containers,225.75999450683597,-2.8571426695501665,-0.0126293986018324,45.652076049749326,US
PKOH,Park-Ohio Holdings Corp.,Industrials,Specialty Industrial Machinery,36.88999938964844,4.5634939514123465,0.0508776315469416,58.06865744974476,US
PLAB,"Photronics, Inc.",Technology,Semiconductor Equipment & Materials,29.46999931335449,6.969147475369586,0.0566205990818975,42.54202652165486,US
PLAY,"Dave & Buster's Entertainment, Inc.",Communication Services,Entertainment,9.539999961853027,-11.090397308025263,-0.0286532128879117,37.24978064923743,US
PLBC,Plumas Bancorp,Financial Services,Banks - Regional,58.31999969482422,-0.0856591365007455,-0.0156583540370587,59.64672726833432,US
PLD,"Prologis, Inc.",Real Estate,REIT - Industrial,142.49000549316406,-0.779886576441369,0.0834426243881691,52.373186527172166,US
PLGO,Pelagos Insurance Capital Limit,Financial Services,Insurance - Diversified,25.229999542236328,3.0637255474862037,-0.0124369585481638,63.7993046338555,US
PLNT,"Planet Fitness, Inc.",Consumer Cyclical,Leisure,50.900001525878906,-2.6768599074655084,-0.0314724035961836,43.68618640663671,US
PLOW,"Douglas Dynamics, Inc.",Consumer Cyclical,Auto Parts,43.5,-1.5391586701644222,0.0958073522596509,36.40920657070282,US
PLPC,Preformed Line Products Company,Industrials,Electrical Equipment & Parts,345.9200134277344,6.012879671700805,0.9249136047000376,43.77087284111395,US
PLSE,"Pulse Biosciences, Inc.",Healthcare,Medical Instruments & Supplies,25.459999084472656,-9.16875326156268,-0.0896092389525711,44.752069191672746,US
PLTA,ProShares Ultra PLTR,EQUITY,EQUITY,12.529999732971191,-1.4162101072819824,0.0305238063146562,52.99459993067224,US
PLTG,Leverage Shares 2X Long PLTR Daily ETF,ETF,ETF,11.649999618530272,-1.6047342196704992,0.0276081910353771,52.89404538254647,US
PLTK,Playtika Holding Corp.,Communication Services,Electronic Gaming & Multimedia,3.940000057220459,4.509285866154465,-0.0019300663455446,57.69179881494264,US
PLTM,GraniteShares Platinum Trust,ETF,ETF,15.640000343322754,-0.6353203891330568,0.0161603987979512,43.59307547136405,US
PLTR,Palantir Technologies Inc.,Technology,Software - Infrastructure,133.72000122070312,-0.4837344050786775,0.1450061170285788,54.9630426702876,US
PLTW,Roundhill PLTR WeeklyPay ETF,ETF,ETF,19.098100662231445,-0.4984960353546219,0.0256404255910442,54.41541089358171,US
PLTZ,Defiance Daily Target 2X Short PLTR ETF,ETF,ETF,26.59000015258789,0.0752745878561975,-0.0329543387295179,41.74191954288667,US
PLU,Defiance Daily Target 2X Long PL ETF,ETF,ETF,13.020000457763672,-21.424256502366863,-0.0371930908541831,32.88108803918047,US
PLUL,Leverage Shares 2X Long PLUG Daily ETF,ETF,ETF,9.330599784851074,-16.369990773540422,0.0446818368224986,31.717228896083355,US
PLUS,ePlus inc.,Technology,Software - Application,87.55999755859375,4.4494758989224925,-0.1456661660620131,59.15687490758171,US
PLWN,Pinelawn Cemetery,Consumer Cyclical,Personal Services,575.0,0.0,-0.1925984735702215,98.0736336925704,US
PLXS,Plexus Corp.,Technology,Electronic Components,260.3599853515625,1.7269605641924386,0.1956897977114433,41.44917824698853,US
PLYY,GraniteShares YieldBoost PLTR ETF,ETF,ETF,8.864999771118164,1.0221184960183447,0.0077927195073795,50.11720631685601,US
PM,Philip Morris International Inc.,Consumer Defensive,Tobacco,175.9499969482422,-6.304913340004331,-0.4468502905935974,44.35094866593961,US
PMAP,PGIM S&P 500 Max Buffer ETF - April,ETF,ETF,27.325000762939453,0.0183055203920146,-0.000307810450103,67.52646228242111,US
PMAR,Innovator U.S. Equity Power Buffer ETF - March,ETF,ETF,48.02989959716797,0.3445062423874417,-0.0004148169678314,61.48433587125285,US
PMAU,PGIM S&P 500 Max Buffer ETF - August,ETF,ETF,26.68000030517578,0.1125729346151575,-0.000392608044296,76.30219281614717,US
PMAY,Innovator U.S. Equity Power Buffer ETF - May,ETF,ETF,41.54999923706055,0.4593777173722565,0.0016990972710493,58.801805480906296,US
PMDE,PGIM S&P 500 Max Buffer ETF - December,ETF,ETF,25.905000686645508,0.251550052917114,0.0002950682892915,70.13134729536227,US
PMFB,PGIM S&P 500 Max Buffer ETF - February,ETF,ETF,27.334999084472656,0.091540164844931,-0.0002258512798938,64.90777481225834,US
PMJA,PGIM S&P 500 Max Buffer ETF - January,ETF,ETF,27.479999542236328,0.0910567058814212,-5.577698491942423e-05,65.83976329628553,US
PMJL,PGIM S&P 500 Max Buffer ETF - July,ETF,ETF,26.700000762939453,0.0749642336390524,-0.0007956543149922,64.9857594674823,US
PMJN,PGIM S&P 500 Max Buffer ETF - June,ETF,ETF,26.729999542236328,0.1386084279754937,-0.0003675050082487,57.39826859135939,US
PMMF,iShares Prime Money Market ETF,ETF,ETF,100.30999755859376,0.0588503937451308,-0.0005628735602501,98.80094215071394,US
PMMR,PGIM S&P 500 Max Buffer ETF - March,ETF,ETF,27.125,0.018433483082233,-0.0007606343491974,62.003010333769424,US
PMMY,PGIM S&P 500 Max Buffer ETF - May,ETF,ETF,26.815000534057617,0.0,-0.0010287271279977,59.2706084701612,US
PMNV,PGIM S&P 500 Max Buffer ETF - November,ETF,ETF,26.020000457763672,0.11543165413509,-0.0004629783691802,67.73905241156378,US
PMOC,PGIM S&P 500 Max Buffer ETF - October,ETF,ETF,26.125,0.1341504300782371,1.405163369566642e-05,72.2019363104308,US
PMSE,PGIM S&P 500 Max Buffer ETF - September,ETF,ETF,26.395000457763672,0.1517773334172841,-4.147086249740861e-05,72.18419865549632,US
PNC,"The PNC Financial Services Group, Inc.",Financial Services,Banks - Regional,251.8800048828125,-0.8385455966639593,-0.1873390645237007,64.61914406435847,US
PNOV,Innovator U.S. Equity Power Buffer ETF - November,ETF,ETF,44.619998931884766,0.3937433642977979,0.0003067723039681,60.83452911498967,US
PNQI,Invesco NASDAQ Internet ETF,ETF,ETF,48.234901428222656,0.4684505614501984,-0.0343047373033977,58.59061022392491,US
PNTG,"The Pennant Group, Inc.",Healthcare,Medical Care Facilities,39.7599983215332,0.1511273487172288,-0.1041758498452507,69.28796489312175,US
POCT,Innovator U.S. Equity Power Buffer ETF October,ETF,ETF,46.63999938964844,0.2579512697849493,-0.0011819263111629,61.742530549133086,US
POET,POET Technologies Inc.,Technology,Semiconductors,8.8100004196167,6.529624328449568,0.0808174026998542,42.17605336957516,US
PONX,Tradr 2X Long PONY Daily ETF,ETF,ETF,3.1600000858306885,11.267612018748096,0.0292404039430698,38.66381510867701,US
POOL,Pool Corporation,Industrials,Industrial Distribution,210.07000732421875,0.2146800007221028,-0.1611574811017186,57.27297949984145,US
POR,Portland General Electric Company,Utilities,Utilities - Regulated Electric,53.08000183105469,0.9509318801595992,-0.0055601762960176,63.21715710781999,US
POST,"Post Holdings, Inc.",Consumer Defensive,Packaged Foods,85.12000274658203,-4.111742744748055,-0.0510041102945202,38.10780491079042,US
POW,VistaShares Electrification Supercycle ETF,EQUITY,EQUITY,27.850000381469727,0.7233300748598133,0.0408434575102721,40.598521586888005,US
POWA,Invesco Bloomberg Pricing Power,ETF,ETF,88.61489868164062,-0.5221184776086525,-0.0443365513090029,52.385246619919,US
POWI,"Power Integrations, Inc.",Technology,Semiconductors,70.76000213623047,5.864760642001485,0.241718377513006,43.78437369480034,US
PPA,Invesco Aerospace & Defense ETF,ETF,ETF,171.6999969482422,-3.917179697561744,-0.1771651172064048,45.066512863550194,US
PPC,Pilgrim's Pride Corporation,Consumer Defensive,Packaged Foods,28.21999931335449,-1.911717537914603,-0.0003712012993641,48.033090734698455,US
PPG,"PPG Industries, Inc.",Basic Materials,Specialty Chemicals,114.66000366210938,-4.624852355796068,-0.028852058415044,45.18227504787878,US
PPH,VanEck Pharmaceutical ETF,ETF,ETF,106.77999877929688,-4.318996201368163,-0.2258888619555794,49.25336018383089,US
PPI,Astoria Real Asset ETF,ETF,ETF,21.065900802612305,0.1992990602697305,0.0105013727373454,46.9651677518195,US
PPL,PPL Corporation,Utilities,Utilities - Regulated Electric,36.09999847412109,-0.7969247606248598,0.0091759956890847,50.41786334043277,US
PPTY,Vident U.S. Diversified Real Estate ETF,ETF,ETF,34.529998779296875,-1.1309963246742707,-0.0065870887958114,57.64357800522533,US
PQAP,PGIM Nasdaq-100 Buffer 12 ETF - April,ETF,ETF,32.01499938964844,0.7236103298425982,0.0049206779871686,55.13158024029176,US
PQDI,Principal Spectrum Preferred and Income ETF,ETF,ETF,19.315000534057617,-0.4227397421377055,-0.0035910053882739,48.23930229687888,US
PQJA,PGIM Nasdaq-100 Buffer 12 ETF - January,ETF,ETF,31.684999465942383,0.8273674946512299,0.00589875192344,55.62746331792307,US
PQJL,PGIM Nasdaq-100 Buffer 12 ETF - July,ETF,ETF,30.839399337768555,1.1459480789546002,0.0133361717339708,48.8325340823583,US
PQOC,PGIM Nasdaq-100 Buffer 12 ETF - October,ETF,ETF,31.299999237060547,0.7986577061657323,0.0052461888330546,57.52006224512645,US
PQUS,Pictet AI Enhanced US Equity ETF,EQUITY,EQUITY,27.920000076293945,0.8306231050932545,0.0025444142871491,57.79530674247867,US
PRAB,State Street IG Public & Private ABS ETF,EQUITY,EQUITY,24.90999984741211,-0.1202914434766728,0.0001750191977795,39.2108699998408,US
PRAE,PlanRock Alternative Growth ETF,ETF,ETF,40.09000015258789,1.337173776181868,0.0207969304969291,54.17902892157704,US
PRAY,FIS Christian Stock Fund ETF,ETF,ETF,35.36029815673828,0.281604507403072,0.0058091744743504,50.97411566713994,US
PRCH,"Porch Group, Inc.",Financial Services,Insurance - Property & Casualty,13.75,-6.335151810915751,-0.0739584860547417,55.25773700955951,US
PRCS,Parnassus Core Select ETF,ETF,ETF,28.57699966430664,0.4111053534707178,-0.0052427321768453,58.42973880475264,US
PRCT,PROCEPT BioRobotics Corporation,Healthcare,Medical Devices,19.309999465942383,-8.178797739152534,-0.0572133147876317,35.867460204822805,US
PRDO,Perdoceo Education Corporation,Consumer Defensive,Education & Training Services,36.31999969482422,3.299203220837014,-0.0134472211939905,65.90400578514397,US
PRF,Invesco RAFI US 1000 ETF,ETF,ETF,54.40999984741211,0.1103981140304639,-0.0047405998965028,60.87013121292165,US
PRFD,PIMCO Preferred And Capital Securities Active Exchange-Traded Fund,ETF,ETF,50.90499877929688,-0.2351842096882018,8.83101552823784e-05,50.069826500684286,US
PRFZ,Invesco RAFI US 1500 Small-Mid ETF,ETF,ETF,54.34999847412109,-0.5489534188132628,-0.0230942904341724,55.975250070857854,US
PRG,"PROG Holdings, Inc.",Industrials,Rental & Leasing Services,45.209999084472656,3.313530206937745,0.0111339281006479,66.75691271750327,US
PRGO,Perrigo Company plc,Healthcare,Drug Manufacturers - Specialty & Generic,9.899999618530272,-11.528150225442992,-0.034258189147924,41.26661235458524,US
PRGS,Progress Software Corporation,Technology,Software - Infrastructure,37.47999954223633,-4.412138695819088,-0.1589640372884242,61.51186396137651,US
PRIM,Primoris Services Corporation,Industrials,Engineering & Construction,88.62999725341797,1.9086995623954104,0.2326938138466356,41.023352582170574,US
PRIV,State Street IG Public & Private Credit ETF,ETF,ETF,24.90999984741211,-0.4794280301295541,-0.0003342021337313,43.791227594516926,US
PRKS,United Parks & Resorts Inc.,Consumer Cyclical,Leisure,46.880001068115234,-1.0135125338900728,0.0206503312132726,58.59015665215492,US
PRLB,"Proto Labs, Inc.",Industrials,Metal Fabrication,76.9800033569336,3.523403341953851,0.2378525086174662,51.7706467551274,US
PRM,"Perimeter Solutions, Inc.",Basic Materials,Specialty Chemicals,33.31999969482422,-0.3588484952535878,-0.0009479837947414,47.55020213699796,US
PRME,"Prime Medicine, Inc.",Healthcare,Biotechnology,3.470000028610229,-13.032580944451876,-0.0375482875327597,48.2218603774992,US
PRMR,PeakShares RMR Prime Equity ETF,ETF,ETF,28.269500732421875,0.3959790561503422,-0.0025665794104569,58.56801315630494,US
PRN,Invesco Dorsey Wright Industrials Momentum ETF,ETF,ETF,228.9987945556641,0.6190070918942634,0.4012712981718724,42.48819522031362,US
PRNT,The 3D Printing ETF,ETF,ETF,24.11739921569824,-0.052216931233242,0.0085730644438108,46.62576630047096,US
PROK,ProKidney Corp.,Healthcare,Biotechnology,1.5499999523162842,-20.51282490185408,-0.0127876426961617,36.77689960386591,US
PRSD,PRSD,N/A,N/A,24.90999984741211,0.0602506100527499,0.0009936432079352,49.05573528914422,US
PRSU,"Pursuit Attractions and Hospitality, Inc.",Consumer Cyclical,Travel Services,51.81999969482422,-5.039398965327149,-0.1577914821365351,52.530716960881456,US
PRTA,Prothena Corporation plc,Healthcare,Biotechnology,8.640000343322754,-10.743800920098646,-0.0466780227458188,39.58841070274354,US
PRTH,"Priority Technology Holdings, Inc.",Technology,Software - Infrastructure,7.139999866485596,2.4390255582672107,0.0013456783248609,59.29898464418382,US
PRU,"Prudential Financial, Inc.",Financial Services,Insurance - Life,114.79000091552734,-0.5888978072114726,-0.1363118323300969,64.22665764827084,US
PRVS,Parnassus Value Select ETF,ETF,ETF,32.499698638916016,-0.8399782582634312,-0.0114332459751026,57.99617657460894,US
PRXG,Praxis Impact Large Cap Growth ETF,ETF,ETF,39.41740036010742,1.460493972385322,0.0040499251824336,55.57781387723152,US
PRXV,Praxis Impact Large Cap Value ETF,ETF,ETF,35.1432991027832,0.0065458083921388,-0.0049482958386262,63.92997888381857,US
PSA,Public Storage,Real Estate,REIT - Industrial,318.92999267578125,-2.969366178810036,-0.196505763105578,50.9434571955295,US
PSAI,Pacer S&P 500 3AI TOP 100 ETF,ETF,ETF,28.039899826049805,1.4101273522558415,0.0052311964526624,56.191942911483096,US
PSCD,Invesco S&P SmallCap Consumer Discretionary ETF,ETF,ETF,116.87210083007812,-0.279774852134909,-0.007075362135466,57.56335733483691,US
PSCF,Invesco S&P SmallCap Financials ETF,ETF,ETF,66.02300262451172,-0.0711322393364285,0.0004685770410042,63.912168491390666,US
PSCH,Invesco S&P SmallCap Health Care ETF,ETF,ETF,52.85580062866211,-2.9099890485111923,-0.1223476209824652,65.26295595516318,US
PSCI,Invesco S&P SmallCap Industrials ETF,ETF,ETF,178.4600067138672,-0.0056001046492838,0.0965796690808717,51.595357082013706,US
PSCM,Invesco S&P SmallCap Materials ETF,ETF,ETF,98.07659912109376,-1.032693611286577,0.1350916966250455,37.166881037580666,US
PSCT,Invesco S&P SmallCap Information Technology ETF,ETF,ETF,82.57939910888672,1.9498754430700236,0.0530766003390951,47.04217768339755,US
PSCU,PSCU,N/A,N/A,64.06159973144531,-1.367817180199142,-0.0344660969252739,45.122487746554405,US
PSCW,Pacer Swan SOS Conservative (April) ETF,ETF,ETF,30.07999992370605,-0.0166167888274316,-0.0036119828292149,58.73546558726596,US
PSDM,PGIM Short Duration Multi-Secto,ETF,ETF,50.899898529052734,-0.0002023513223658,0.0012737206362695,53.599953007622936,US
PSEC,PSEC,N/A,N/A,2.2699999809265137,3.1818150784359176,0.0017536869290307,51.57667747249462,US
PSEP,Innovator U.S. Equity Power Buffer ETF - September,ETF,ETF,46.2599983215332,0.2383462448914882,-0.0015143732353534,65.61355434086582,US
PSET,Principal Quality ETF,ETF,ETF,76.97440338134766,0.6319777279243171,-0.0093831218537628,61.03612326597781,US
PSFD,Pacer Swan SOS Flex (January) ETF,ETF,ETF,40.03499984741211,0.4037701155583278,-0.0006596816475491,60.50548125794688,US
PSFF,Pacer Swan SOS Fund of Funds ETF,ETF,ETF,34.41999816894531,0.3293758271367342,0.0008344028079818,59.39922278963085,US
PSFM,Pacer Swan SOS Flex (April) ETF,ETF,ETF,34.935001373291016,-0.0657898326391336,-0.0051784677343541,58.63445312718961,US
PSH,PGIM Short Duration High Yield ETF,ETF,ETF,49.86000061035156,-0.1701853738953264,-0.0021544726731416,54.174530269333566,US
PSI,Invesco Semiconductors ETF,ETF,ETF,157.89999389648438,6.44465268612915,0.4587811495941154,48.29895896941345,US
PSK,State Street SPDR ICE Preferred Securities ETF,ETF,ETF,30.41399955749512,-0.2165353862612574,-0.0017166035465767,46.38773716094498,US
PSL,Invesco Dorsey Wright Consumer Staples Momentum ETF,ETF,ETF,113.92410278320312,-1.1504531165265726,-0.0890787363989027,56.25628182324442,US
PSMD,Pacer Swan SOS Moderate (January) ETF,ETF,ETF,34.47999954223633,0.2908623357020036,-0.0001545576512524,60.85643393405137,US
PSMJ,Pacer Swan SOS Moderate (July) ETF,ETF,ETF,33.94499969482422,0.3636718814324097,0.0021998217350115,59.614074499877205,US
PSMR,Pacer Swan SOS Moderate (April) ETF,ETF,ETF,32.2599983215332,0.0310025473897771,-0.0044087610375056,59.04130598820048,US
PSMT,"PriceSmart, Inc.",Consumer Defensive,Discount Stores,194.55999755859372,1.3597294357109724,0.0858464214313059,61.51701343711374,US
PSN,Parsons Corporation,Technology,Information Technology Services,54.02999877929688,-4.337820082854847,-0.1466835785531182,48.59780468461464,US
PSNL,"Personalis, Inc.",Healthcare,Diagnostics & Research,15.029999732971191,7.510731224007598,-0.0150215544791989,71.78049047577159,US
PSP,Invesco Global Listed Private Equity ETF,ETF,ETF,57.8759994506836,0.688935128046208,0.0106936318852518,54.6322665058253,US
PSQ,ProShares Short QQQ,ETF,ETF,25.6299991607666,-1.4230801508976865,-0.0118470574234561,48.91781926454171,US
PSQO,Palmer Square Credit Opportunities ETF,ETF,ETF,20.739999771118164,0.2416589452389989,0.0023592816195095,68.44905959405261,US
PSR,Invesco Active U.S. Real Estate Fund,ETF,ETF,104.3030014038086,-0.3411066747650312,0.0211086139852259,56.59973041797465,US
PSTR,PeakShares Sector Rotation ETF,ETF,ETF,30.77400016784668,-0.2107738012846941,-0.0095445655067655,53.93683158884982,US
PSX,Phillips 66,Energy,Oil & Gas Refining & Marketing,201.4499969482422,12.64258615149681,0.4246169940797015,74.39245100694775,US
PTBD,Pacer Trendpilot US Bond ETF,ETF,ETF,19.100000381469727,-0.2089812406177179,-4.17267622052804e-05,49.72409601359081,US
PTCT,"PTC Therapeutics, Inc.",Healthcare,Biotechnology,78.05999755859375,-12.488788980690618,-0.5317567354916894,45.24944989895384,US
PTF,Invesco Dorsey Wright Technology Momentum ETF,ETF,ETF,113.12000274658205,4.624491188479982,0.3201889317811879,43.55054174300102,US
PTGX,"Protagonist Therapeutics, Inc.",Healthcare,Biotechnology,131.27000427246094,-6.801562950600093,-0.4221917131357706,63.53579891935617,US
PTIN,Pacer Trendpilot International ETF,ETF,ETF,36.43999862670898,-0.1315510224137516,0.0163413729192181,50.578568149905614,US
PTIR,GraniteShares 2x Long PLTR Daily ETF,ETF,ETF,12.170000076293944,-1.377634312737781,0.0288815959533174,53.05475543719082,US
PTL,Inspire 500 ETF,ETF,ETF,282.6400146484375,0.6266055735648763,0.0495675455787648,51.174942670150415,US
PTLC,Pacer Trendpilot US Large Cap ETF,ETF,ETF,58.63999938964844,0.574563215366141,-0.0029448835591657,56.62028840256108,US
PTRB,PGIM Total Return Bond ETF,ETF,ETF,41.18000030517578,-0.2422443727669049,0.0026448794429003,44.69334307795216,US
PTRN,Pattern Group Inc.,Technology,Software - Application,28.07999992370605,-0.7773827536588407,-0.1337389504871602,71.36824062578177,US
PTY,PTY,N/A,N/A,11.8100004196167,-1.670235420218448,-0.0147058633184351,49.28728486108383,US
PUBM,"PubMatic, Inc.",Technology,Software - Application,13.6899995803833,2.7777769822536382,-0.0123724378026133,68.80679559148757,US
PUI,Invesco Dorsey Wright Utilities Momentum ETF,ETF,ETF,47.34270095825195,0.0057051239023176,0.0064369407848046,53.576178452236775,US
PULS,PGIM Ultra Short Bond ETF,ETF,ETF,49.61000061035156,0.0403316348097009,0.0001112880264045,83.37206483759839,US
PUMP,ProPetro Holding Corp.,Energy,Oil & Gas Equipment & Services,13.75,11.788616152684032,0.083088019128793,47.06249011718253,US
PURR,Hyperliquid Strategies Inc.,Financial Services,Capital Markets,7.349999904632568,-10.146703784571276,0.0096188312086573,42.80735808736856,US
PVAL,Putnam Focused Large Cap Value ETF,ETF,ETF,51.72999954223633,0.0,-0.0063233145295532,58.85531896917798,US
PVEX,TrueShares ConVequity ETF,ETF,ETF,30.680599212646484,0.4834056988449463,-0.0013489153267136,53.23451486062867,US
PVI,Invesco Floating Rate Municipal Income ETF,ETF,ETF,24.84000015258789,-0.1206300186294346,0.0022326997382029,50.760281226636806,US
PVLA,"Palvella Therapeutics, Inc.",Healthcare,Biotechnology,149.67999267578125,2.7316374817446967,-0.1459529621025526,61.56278680893904,US
PWP,Perella Weinberg Partners,Financial Services,Capital Markets,15.399999618530272,-5.579398388775668,0.016216510952512,44.67869204888997,US
PWR,"Quanta Services, Inc.",Industrials,Engineering & Construction,660.9400024414062,0.6318647593446872,1.0036045063134154,43.59482906669582,US
PWS,Pacer WealthShield ETF,ETF,ETF,32.49700164794922,-0.9751033968089384,-0.0316306991320217,51.93871374097629,US
PXE,Invesco Dynamic Energy Exploration & Production ETF,ETF,ETF,36.130001068115234,4.211142129444007,0.0382591869584369,58.54410268710923,US
PXED,"Phoenix Education Partners, Inc.",Consumer Defensive,Education & Training Services,34.56999969482422,-1.2567799137492657,-0.0047640235168331,63.17022058009045,US
PXF,Invesco RAFI Developed Markets ex-U.S. ETF,ETF,ETF,76.05000305175781,0.4093018177078312,0.0400483837516571,51.952289965574046,US
PXI,Invesco DWA Energy Momentum ETF,ETF,ETF,58.77560043334961,6.535440246640895,0.101484193180137,61.23802573711584,US
PY,Principal Value ETF,ETF,ETF,55.15549850463867,0.098903401782712,-0.0173190997844763,63.13773801903936,US
PYLD,PIMCO ETF Trust - PIMCO Multisector Bond Active Exchange-Traded Fund,ETF,ETF,26.280000686645508,-0.2277884039286457,9.321048476582106e-05,49.62075531016494,US
PYPG,Leverage Shares 2X Long PYPL Daily ETF,ETF,ETF,6.110000133514404,6.986520228424288,0.0013907625626066,62.35146932941121,US
PYPL,"PayPal Holdings, Inc.",Financial Services,Credit Services,47.369998931884766,3.767792658299904,0.0051793924284653,63.977234762376064,US
PYZ,Invesco DWA Basic Materials Momentum ETF,ETF,ETF,120.88179779052734,0.2336644444209672,0.1786682101953354,39.41257247469773,US
PZA,Invesco National AMT-Free Municipal Bond ETF,ETF,ETF,23.420000076293945,-0.1704987627437073,-0.0003950662884247,52.84504600630959,US
PZLV,Pzena U.S. Large Cap Value ETF,EQUITY,EQUITY,29.09860038757324,-0.5176055125701122,-0.0139635012653865,59.44738176568482,US
PZZA,"Papa John's International, Inc.",Consumer Cyclical,Restaurants,33.20000076293945,-4.761904240813977,-0.0138349729186186,43.2450794899593,US
Q,"Qnity Electronics, Inc.",Technology,Semiconductor Equipment & Materials,141.6699981689453,0.8040450667390194,0.222288305858171,43.36302282832334,US
QABA,First Trust NASDAQ ABA Community Bank Index Fund,ETF,ETF,67.25389862060547,-0.1278552449767674,-0.0176524274699705,59.51829314888432,US
QAI,NYLI Hedge Multi-Strategy Tracker ETF,ETF,ETF,36.27999877929688,0.1933159254186106,0.0060191208814858,49.40349425963289,US
QALT,SEI DBi Multi-Strategy Alternative ETF,ETF,ETF,26.3799991607666,0.4378441796708656,0.0012929302598576,57.7479635010785,US
QARP,Xtrackers Russell 1000 US QARP ETF,ETF,ETF,65.64510345458984,0.1618913736471995,-0.0119892083620365,58.98373244526272,US
QAT,iShares MSCI Qatar ETF,ETF,ETF,17.809999465942383,-1.6293846106195866,0.0042618373314998,42.0604568583892,US
QB,ProShares Nasdaq 100 Dynamic Daily Buffer ETF,ETF,ETF,47.49509811401367,1.0276037304382355,0.0004896789906119,65.55756368375114,US
QBER,TrueShares Quarterly Bear Hedge,ETF,ETF,23.80500030517578,-0.062969730649059,-0.0004647933646639,48.783203699626846,US
QBIF,AllianzIM International Equity Buffer15 ETF,ETF,ETF,26.149599075317383,0.1133163672779309,9.86083319837322e-05,60.61349691024645,US
QBIG,Invesco Top QQQ ETF,ETF,ETF,40.25659942626953,1.8509750085945291,0.0081801556936923,54.39417345231228,US
QBIV,AllianzIM International Equity Buffer5 ETF,ETF,ETF,26.61000061035156,-0.9307520265046184,-0.0087201044526541,51.38109877128826,US
QBKF,Allianzim U.S. Small Cap Buffer15 ETF,ETF,ETF,26.045000076293945,0.0191980053411619,0.0010978206544594,52.24789723678735,US
QBKV,Allianzim U.S. Small Cap Buffer5 ETF,ETF,ETF,27.209999084472656,-1.1623741162058188,-0.0083258586501854,44.93691646415949,US
QBQF,AllianzIM Growth-100 Buffer15 ETF,ETF,ETF,25.9109001159668,0.742227090625092,0.0058062889383295,52.68923158517377,US
QBQV,AllianzIM Growth-100 Buffer5 ETF,ETF,ETF,26.765600204467773,1.3464610341166243,0.0126136651842059,49.40525670886896,US
QBSV,AllianzIM U.S. Equity Buffer5 ETF,ETF,ETF,26.78849983215332,0.369049442205944,0.0011151033907147,63.70173991084074,US
QBUF,Innovator Nasdaq-100 10 Buffer ETF - Quarterly,ETF,ETF,30.63999938964844,0.938889315466986,0.0081705279683252,51.16814823301316,US
QBUL,TrueShares Quarterly Bull Hedge,ETF,ETF,24.145000457763672,0.1991963126123576,0.0005645918209413,50.65169688699632,US
QBY,GraniteShares YieldBOOST QBTS ETF,ETF,ETF,7.395100116729736,-3.2850585410224937,-0.0041396440488168,31.244035324262825,US
QCJA,FT Vest Nasdaq-100 Conservative Buffer ETF - January,ETF,ETF,23.36100006103516,0.6939624689706451,0.0027015971597382,55.81823156192957,US
QCJL,FT Vest NASDAQ-100 Conservative Buffer ETF - July,ETF,ETF,25.114999771118164,0.1195961241396971,-0.0005128403710218,70.77498756603231,US
QCLN,First Trust NASDAQ Clean Edge Green Energy Index Fund,ETF,ETF,54.900001525878906,-0.4171948807912317,0.0897075753476077,41.77112210703865,US
QCLR,Global X NASDAQ 100 Collar 95-110 ETF,ETF,ETF,28.414600372314453,0.6967182559244371,0.0060973708548247,47.50475232978263,US
QCML,GraniteShares 2x Long QCOM Daily ETF,ETF,ETF,18.149999618530277,-5.763242975911455,-0.0154545328870803,39.59021651010137,US
QCOC,FT Vest Nasdaq-100 Conservative Buffer ETF – October,ETF,ETF,23.950000762939453,0.5457643567622796,0.0031965694255851,58.28212390544434,US
QCOM,QUALCOMM Incorporated,Technology,Semiconductors,178.10000610351562,-2.6616358335775416,-0.1485948644354442,40.52842468367714,US
QCRH,"QCR Holdings, Inc.",Financial Services,Banks - Regional,96.06999969482422,0.1772660753289331,-0.019438246623489,52.64895831792479,US
QDEC,FT Vest Nasdaq-100 Buffer ETF – December,ETF,ETF,35.599998474121094,0.9499477960319792,0.0068964999656227,55.41439655750154,US
QDEF,FlexShares Quality Dividend Defensive Index Fund,ETF,ETF,87.78500366210938,0.2111931406516356,-0.0218146304451075,59.17732322522683,US
QDIV,Global X S&P 500 Quality Dividend ETF,ETF,ETF,37.85530090332031,-1.109451122047197,-0.0239791324485189,54.600391626564026,US
QDTE,Roundhill Innovation-100 0DTE Covered Call Strategy ETF,ETF,ETF,30.32999992370605,2.12850256277327,0.014895339199905,52.78245628610184,US
QDVO,Amplify CWP Growth & Income ETF,ETF,ETF,29.989999771118164,1.3175654885889323,0.0029872930682677,56.590997648113785,US
QEFA,State Street SPDR MSCI EAFE StrategicFactors ETF,ETF,ETF,96.9000015258789,-0.3496465912791875,-0.0116825340222528,54.69563302032789,US
QEMM,State Street SPDR MSCI Emerging Markets StrategicFactors ETF,ETF,ETF,78.0291976928711,-0.0266564485243158,0.0052564057836594,46.09001880470628,US
QEW,Invesco QQQ Equal Weight ETF,ETF,ETF,29.5625,-0.0929373181685688,-0.0063258725232858,50.57576850276236,US
QFIN,"Qfin Holdings, Inc.",Financial Services,Credit Services,12.270000457763672,-15.437627400304889,-0.0686843865159829,31.42072799047021,US
QFLR,Innovator Nasdaq-100 Managed Floor ETF,ETF,ETF,36.119998931884766,1.6605690201477863,0.0079956691714152,52.349123925504095,US
QGEN,Qiagen N.V.,Healthcare,Diagnostics & Research,41.560001373291016,7.334710906644745,-0.0058501827844107,66.0714606004813,US
QGRW,QGRW,N/A,N/A,66.2300033569336,1.300101161248042,0.0140290154833796,54.76827258718362,US
QHDG,Innovator Hedged Nasdaq-100 ETF,ETF,ETF,30.239999771118164,-0.0826024088367372,-0.0012335254379102,72.05578810276256,US
QHY,WisdomTree U.S. High Yield Corporate Bond Fund,ETF,ETF,45.900001525878906,0.021795895322511,0.0036768427388325,56.84646035399821,US
QID,ProShares UltraShort QQQ,ETF,ETF,14.149999618530272,-2.882636136520609,-0.0122538727798792,48.18787805242339,US
QIG,WisdomTree U.S. Corporate Bond Fund,ETF,ETF,43.95479965209961,-0.3608803706605374,0.0016226371489983,40.272678874153286,US
QINT,American Century Quality Diversified International ETF,ETF,ETF,69.86000061035156,0.4457189719503759,0.0217657072960474,53.077677759342976,US
QJUN,FT Vest Nasdaq-100 Buffer ETF - June,ETF,ETF,33.369998931884766,1.1242715730553992,0.0103274806912984,49.71036048183439,US
QKIE,QKIE,N/A,N/A,2.3499999046325684,3.070172549174617,0.0028441322133719,77.59473951955565,US
QLC,FlexShares US Quality Large Cap Index Fund,ETF,ETF,90.80999755859376,0.6539529260782545,-0.0022281655305363,59.43911502769794,US
QLD,ProShares Ultra QQQ,ETF,ETF,92.12999725341795,2.720475800639817,0.0794602482963355,49.85319451350763,US
QLTY,GMO U.S. Quality ETF,ETF,ETF,41.68000030517578,0.04800878021346,-0.0167084544407982,57.64745573934799,US
QLV,FlexShares US Quality Low Volatility Index Fund,ETF,ETF,76.80999755859375,-0.7456077522936639,-0.0526303428464466,60.58325159336548,US
QLVE,QLVE,N/A,N/A,33.19340133666992,0.0434023985257671,0.0137334510071526,48.103704349526495,US
QLYS,"Qualys, Inc.",Technology,Software - Infrastructure,164.1199951171875,4.170099611658741,0.0831794006999864,77.13953880487348,US
QMAG,QMAG,N/A,N/A,25.425600051879883,0.5361768740359556,0.0017887225508816,61.45898489939074,US
QMAR,FT Vest Nasdaq-100 Buffer ETF – March,ETF,ETF,37.21500015258789,0.7717298810099558,0.0059737221386323,55.10810345062456,US
QMCO,Quantum Corporation,Technology,Computer Hardware,10.0600004196167,-0.6910137614355011,0.0598116272644161,41.735878986190514,US
QMNV,FT Vest Nasdaq-100 Moderate Buffer ETF – November,ETF,ETF,25.1200008392334,0.7217333653621061,0.0041834453308866,56.54411176050547,US
QMOM,Alpha Architect U.S. Quantitative Momentum ETF,ETF,ETF,76.15360260009766,0.8616932601977967,0.0637581640432095,46.26082980949527,US
QMY,Corgi Growth & Technology 10% Structured Buffer ETF May Series,ETF,ETF,25.749099731445312,0.9372775398597356,0.0042643478367124,49.82186656336554,US
QNXT,iShares Nasdaq-100 ex Top 30 ETF,ETF,ETF,30.708799362182617,-0.8017616835190098,-0.0127643201771199,46.39381530436786,US
QPX,AdvisorShares Q Dynamic Growth ETF,ETF,ETF,48.3119010925293,0.438451062141076,0.0031556370895975,50.81738976590763,US
QQA,Invesco QQQ Income Advantage ETF,ETF,ETF,56.959999084472656,1.3703514443541291,0.0181483984340263,52.67800966522823,US
QQH,HCM Defender 100 Index ETF,ETF,ETF,84.4207992553711,2.154888527196336,0.0381225134654433,51.43667166667446,US
QQMG,Invesco ESG NASDAQ 100 ETF,ETF,ETF,50.125,1.8179981029571537,0.0275599585065044,51.88638592996208,US
QQMY,Corgi Technology Leaders 15% Structured Buffer ETF - May Series,ETF,ETF,25.691600799560547,0.6724151203714845,0.0021422351350572,50.59715907503678,US
QQQA,ProShares Nasdaq-100 Dorsey Wright Momentum ETF,ETF,ETF,76.1281967163086,1.748459004036686,0.0913058619664735,46.58435372347611,US
QQQG,Pacer Nasdaq 100 Top 50 Cash Cows Growth Leaders ETF,ETF,ETF,31.624900817871094,2.92219076379423,0.0253015689352334,51.98435541225634,US
QQQI,NEOS NASDAQ-100(R) High Income ETF,ETF,ETF,55.97999954223633,1.4314204297606663,0.0155468258042745,52.05135780925454,US
QQQP,Tradr 2X Long Innovation 100 Quarterly ETF,ETF,ETF,222.3202972412109,3.083071822524279,0.2129776803618501,49.85578254116978,US
QQQS,Invesco NASDAQ Future Gen 200 ETF,ETF,ETF,43.22510147094727,-2.030545419332694,-0.0689198215345399,51.16994742843193,US
QQQU,Direxion Daily Magnificent 7 Bull 2X Shares,ETF,ETF,56.06999969482422,3.2406523237518248,-0.0029965698804826,55.86138438538157,US
QQQX,Nuveen Nasdaq 100 Dynamic Overwrite Fund,Financial Services,Asset Management,30.40999984741211,1.231687485380592,-0.0015746917932059,56.40823164390794,US
QQQY,Defiance Nasdaq 100 Target 30 Weekly Distribution ETF,ETF,ETF,23.2406005859375,1.0592722880578342,0.008977907446311,50.20683672323728,US
QQUP,ProShares Ultra QQQ Mega,ETF,ETF,60.019798278808594,3.368350665709489,0.0185854705429386,53.94420192558929,US
QQXL,ProShares Ultra QQQ TOP 30,ETF,ETF,56.85860061645508,4.719683060323518,0.0856341647296664,50.971946616740055,US
QQXT,First Trust NASDAQ-100 Ex-Technology Sector Index Fund,ETF,ETF,98.4229965209961,-1.5179166333316436,-0.0773736976135708,50.672008189272425,US
QRVO,"Qorvo, Inc.",Technology,Semiconductors,82.51000213623047,-3.0776403168300432,0.0409713129259401,32.3301204664897,US
QS,QuantumScape Corporation,Consumer Cyclical,Auto Parts,6.420000076293945,-5.4491883304533495,0.0015881982992428,39.17824223357224,US
QSIG,QSIG,N/A,N/A,48.27009963989258,-0.0515550885117222,0.0008484198162194,50.66533073258199,US
QSIX,Pacer Metarus Nasdaq 100 Dividend Multiplier 600 ETF,ETF,ETF,42.62939834594727,1.4502567385646008,0.0192414332413672,50.86218618333222,US
QSOL,Invesco Galaxy Solana ETF,ETF,ETF,7.760000228881836,-4.901956201103737,-0.0137383004511298,52.16273879039476,US
QSPT,FT Vest Nasdaq-100 Buffer ETF – September,ETF,ETF,34.88880157470703,1.0654432584085285,0.0099659186982638,57.47268382304569,US
QSR,Restaurant Brands International Inc.,Consumer Cyclical,Restaurants,74.61000061035156,0.9061376072799734,-0.0626311890104822,52.71734462769021,US
QTAC,Q3 All-Season Tactical Advantage ETF,ETF,ETF,24.57169914245605,2.092813413634071,0.0122308908793573,49.68388750788108,US
QTAP,Innovator Growth-100 Accelerated Plus ETF – April,ETF,ETF,51.00699996948242,-0.2542211421816723,-0.0082824312732089,52.0667240775821,US
QTEC,First Trust NASDAQ-100-Technology Sector Index Fund,ETF,ETF,316.1099853515625,1.5451325882456048,0.1597245255309363,49.8575419255138,US
QTJA,Innovator Growth Accelerated Plus ETF - January,ETF,ETF,32.96379852294922,0.985847217638529,0.0055445006677884,55.403254833338615,US
QTJL,Innovator Growth Accelerated Plus ETF - July,ETF,ETF,41.67610168457031,1.60194217644846,0.0237122234824719,48.18160573833186,US
QTOC,Innovator Growth Accelerated Plus ETF - October,ETF,ETF,38.084999084472656,0.8580214611438535,0.0046430500671447,57.923907411130784,US
QTPI,North Square RCIM Tax-Advantaged Preferred and Income Securities ETF,ETF,ETF,25.55500030517578,0.156774119083743,0.0015440720755549,55.94048891196149,US
QTR,Global X NASDAQ 100 Tail Risk ETF,ETF,ETF,34.513301849365234,0.9574124422330474,0.0122189119103599,49.92081956152686,US
QTUM,Defiance Quantum ETF,ETF,ETF,149.84500122070312,-1.0532231873941285,0.0140299069991896,43.46843743415171,US
QUAD,"Quad/Graphics, Inc.",Industrials,Specialty Business Services,8.359999656677246,0.9661826846140192,-0.0043075435106324,62.68575670762992,US
QUBT,Quantum Computing Inc.,Technology,Computer Hardware,8.319999694824219,-4.257766437576306,0.008642739369133,40.55637458708482,US
QUBX,Tradr 2X Long QUBT Daily ETF,ETF,ETF,7.760000228881836,-10.804593114843986,0.019585162599045,38.66523521682298,US
QUIZ,Zacks Quality International ETF,EQUITY,EQUITY,28.934799194335938,0.0131327590080705,0.003644201479509,49.31590929160812,US
QULL,ETRACS 2x Leveraged MSCI US Quality Factor TR ETN,ETF,ETF,66.6240005493164,-0.0285059091375863,-0.0233391740491932,56.90392122211088,US
QUSA,VistaShares Target 15 USA Quality Income ETF,ETF,ETF,18.40660095214844,0.4178997750202675,-0.0010436186978571,51.63053972153291,US
QVAL,Alpha Architect U.S. Quantitative Value ETF,ETF,ETF,56.68960189819336,0.6330245396637638,0.0054933306161501,60.36815544158992,US
QVMS,Invesco S&P SmallCap 600 QVM Multi-factor ETF,ETF,ETF,34.10300064086914,-1.4392678639250889,-0.0132850774269565,54.12156664630175,US
QVOL,Infrastructure Capital NASDAQ Option Income ETF,ETF,ETF,100.20020294189452,1.130602634374133,0.023740076825755,49.24760169954882,US
QVOY,Q3 All-Season Active Rotation ETF,ETF,ETF,29.73500061035156,0.6873934212746878,0.0196181432662434,44.98593518697944,US
QWLD,State Street SPDR MSCI World StrategicFactors ETF,ETF,ETF,153.28500366210938,-0.0899477161495137,-0.0394560334244336,60.1326598711923,US
QXQ,SGI Enhanced Nasdaq-100 ETF,ETF,ETF,31.920900344848636,1.3941299441069672,0.0130096705542831,50.44074064093753,US
QYLD,Global X NASDAQ 100 Covered Call ETF,ETF,ETF,18.3700008392334,1.6602166545421075,0.0033530358122931,56.15382278248853,US
QYLG,Global X Nasdaq 100 Covered Call & Growth ETF,ETF,ETF,29.97439956665039,1.5049064330223854,0.0089171630937749,53.24419577238496,US
RAA,SMI 3Fourteen REAL Asset Allocation ETF,ETF,ETF,29.584999084472656,0.6634899587405243,0.0115131928688231,51.1609962193765,US
RAAX,VanEck Real Assets ETF,ETF,ETF,39.84999847412109,1.3736888373577532,0.0346585582549874,48.516456996058814,US
RAFE,PIMCO RAFI ESG U.S. ETF PIMCO RAFI ESG U.S. ETF,ETF,ETF,47.900001525878906,-0.3950896779083497,-0.0208498709993489,58.48409238821538,US
RAL,Ralliant Corporation,Technology,Electronic Components,67.54000091552734,-0.3099617482991236,-0.0238507989658729,51.25224601804098,US
RAMP,RAMP,N/A,N/A,37.93999862670898,0.984825485467699,0.0185027215734316,68.73934723065693,US
RAPP,"Rapport Therapeutics, Inc.",Healthcare,Biotechnology,41.459999084472656,4.380659139714724,-0.0155600679232188,58.41553698945542,US
RAUS,RACWI US ETF,ETF,ETF,29.51609992980957,0.6928673502227355,0.000288997884574,57.77978519432336,US
RAYJ,Rayliant SMDAM Japan Equity ETF,ETF,ETF,38.34999847412109,-0.3197075871357853,0.0151575349469237,45.56499837839394,US
RBB,RBB Bancorp,Financial Services,Banks - Regional,27.09000015258789,1.8804061569414363,-0.0037455500395856,61.356818931560944,US
RBBN,RBBN,N/A,N/A,2.3399999141693115,10.37736040029132,0.0085711305521103,46.12688761395527,US
RBC,RBC,N/A,N/A,588.1799926757812,-2.012464081117192,0.2415025595079205,42.00699714550837,US
RBCAA,"Republic Bancorp, Inc.",Financial Services,Banks - Regional,88.4800033569336,-1.9612151169710872,-0.0244716341947164,56.65656535801399,US
RBLX,Roblox Corporation,Communication Services,Electronic Gaming & Multimedia,54.470001220703125,-3.949916945745197,-0.2025061096179361,56.89847641932106,US
RBUF,Innovator U.S. Small Cap 10 Buffer ETF - Quarterly,ETF,ETF,30.979999542236328,-0.0645176056892641,0.0019092039425965,50.84856041711445,US
RCAT,"Red Cat Holdings, Inc.",Industrials,Aerospace & Defense,8.789999961853027,-4.767059612190336,0.0220961065271667,39.39171287787149,US
RCBC,River City Bank,Financial Services,Banks - Regional,44.0,2.923976608187134,0.0124382376843158,74.6519845852753,US
RCGE,RockCreek Global Equality ETF,ETF,ETF,30.030799865722656,-0.5800156005284706,-0.0110837180963418,60.161003531816725,US
RCL,Royal Caribbean Cruises Ltd.,Consumer Cyclical,Travel Services,283.0899963378906,0.2940503590837418,0.1379075396900377,43.9258802012822,US
RCLO,Reckoner BBB-B CLO ETF,EQUITY,EQUITY,24.84499931335449,0.0604083354592243,0.0007520982791671,69.6358716578103,US
RCLY,Reckoner BBB-B CLO Annual ETF,EQUITY,EQUITY,101.2300033569336,0.0790922687571282,0.0014714963133571,66.06000106281476,US
RCTR,First Trust Bloomberg Nuclear Power ETF,ETF,ETF,33.20000076293945,0.2718216578943609,0.0218147749773139,43.34943320191276,US
RCUS,RCUS,N/A,N/A,28.32999992370605,-6.347107690227919,-0.0854187535449275,52.89656872492063,US
RDAG,RDAG,N/A,N/A,10.350000381469728,0.0967140109696525,0.0012349379294002,59.16879470976518,US
RDDT,"Reddit, Inc.",Communication Services,Internet Content & Information,203.2700042724609,1.9203779503461995,-0.1277270148689249,63.10547455539586,US
RDFI,Rareview Dynamic Fixed Income ETF,ETF,ETF,23.920000076293945,1.377413741883461,0.0154287132534165,71.04323811814886,US
RDN,Radian Group Inc.,Financial Services,Insurance - Specialty,36.900001525878906,-2.971331290268479,-0.0966593978628672,52.34286554332469,US
RDNT,"RadNet, Inc.",Healthcare,Diagnostics & Research,62.77999877929688,-7.445087594625073,-0.282787660947164,54.3871581873088,US
RDTE,Roundhill Russell 2000 0DTE Covered Call Strategy ETF,ETF,ETF,28.899999618530277,0.1306952761359823,-0.001287311055484,58.103948238177054,US
RDTY,YieldMax Russell 2000 0DTE Covered Call Strategy ETF,ETF,ETF,38.31999969482422,0.0809585750334355,-0.007364588502701,58.22258517071533,US
RDVI,FT Vest Rising Dividend Achievers Target Income ETF,ETF,ETF,29.040000915527344,0.4496750909767696,0.0034033927495117,58.18693393902584,US
RDVY,First Trust Rising Dividend Achievers ETF,ETF,ETF,80.16999816894531,0.5140371385830313,0.0088260157758233,58.151917888802,US
RDWR,Radware Ltd.,Technology,Software - Infrastructure,31.190000534057617,2.295837219397204,-0.0312195711763142,59.49685934595217,US
REAL,"The RealReal, Inc.",Consumer Cyclical,Luxury Goods,10.880000114440918,-0.4574582739141026,0.025158971160206,48.27969503817429,US
REAX,The Real Brokerage Inc.,Real Estate,Real Estate Services,2.0,-11.11111111111111,-0.0134604711450309,53.35966051836385,US
RECS,Columbia Research Enhanced Core ETF,ETF,ETF,44.45000076293945,1.926164046850535,0.0105772904174271,64.87113883401415,US
REET,iShares Global REIT ETF,ETF,ETF,27.93000030517578,-0.6403425872196381,0.0006345212547065,57.17038745011339,US
REFA,Columbia Research Enhanced International Equity ETF,EQUITY,EQUITY,22.488000869750977,-2.32800249386826,-0.0174068998872056,49.92899546106251,US
REGN,"Regeneron Pharmaceuticals, Inc.",Healthcare,Biotechnology,656.1199951171875,-2.9738381811499446,-1.3777058533062974,55.15166413751308,US
REGS,Columbia ETF Trust I - Columbia Large Cap Growth ETF,ETF,ETF,11.395000457763672,1.9230782354125369,0.0007463383785603,54.84748798692895,US
REIT,ALPS Active REIT ETF,ETF,ETF,30.72780036926269,-0.7820437502798359,0.0019508785033356,56.78643107003303,US
RELY,"Remitly Global, Inc.",Technology,Software - Infrastructure,23.520000457763672,-2.52796818988182,-0.0567469093930887,61.61766297240076,US
REM,iShares Mortgage Real Estate Capped ETF,ETF,ETF,22.239999771118164,0.907435786220497,0.0073206377234377,59.16951830483666,US
REMC,Columbia Research Enhanced Mid Cap ETF,EQUITY,EQUITY,22.59720039367676,0.3606308549463785,-0.0004894026306742,63.27847218092488,US
REMX,VanEck Rare Earth and Strategic Metals ETF,ETF,ETF,79.13999938964844,-2.368613652569448,0.1984029064480181,34.20184246025286,US
RES,"RPC, Inc.",Energy,Oil & Gas Equipment & Services,5.849999904632568,4.838709401759068,0.022871723766697,41.611898735832696,US
RESM,Columbia Research Enhanced Small Cap ETF,EQUITY,EQUITY,24.09760093688965,-0.3284076135847527,-0.0052711737369425,56.790832775329896,US
REW,ProShares UltraShort Technology,ETF,ETF,12.114800453186035,-5.056424483719151,-0.0163702283618452,47.55061687494031,US
REX,REX American Resources Corporation,Basic Materials,Chemicals,47.060001373291016,2.126735033191508,-0.0560863847158411,57.86917502595962,US
REXC,Sprott Rare Earths Ex-China ETF,ETF,ETF,18.05620002746582,-0.7355717573579983,0.0178494660941448,35.80884082228184,US
REXR,"Rexford Industrial Realty, Inc.",Real Estate,REIT - Industrial,35.5099983215332,3.4071000691511077,0.0614516750417297,63.88026159598867,US
REYN,Reynolds Consumer Products Inc.,Consumer Cyclical,Packaging & Containers,26.200000762939453,0.0,-0.0224973353034634,63.67151206673047,US
REZ,iShares Residential and Multisector Real Estate ETF,ETF,ETF,95.91999816894533,-1.6810162266183606,-0.045085540758962,59.58273477448578,US
REZI,"Resideo Technologies, Inc.",Industrials,Industrial Distribution,36.86000061035156,13.660191993488075,0.1746365108498057,66.83088982899937,US
RF,Regions Financial Corporation,Financial Services,Banks - Regional,30.920000076293945,1.0787836615232476,-0.0122425614638984,64.05225812651209,US
RFDA,ALPS Dynamic US Dividend Advantage ETF,ETF,ETF,71.65899658203125,0.7607081118668964,0.0095790082482926,66.09690455304626,US
RFDI,First Trust RiverFront Dynamic Developed International ETF,ETF,ETF,88.36219787597656,0.7068463605859875,0.0297755748655715,58.74607969301721,US
RFEM,First Trust RiverFront Dynamic Emerging Markets ETF,ETF,ETF,92.58450317382812,0.3789261789600267,-0.0428119611748836,48.55858459670832,US
RFFC,ALPS Active Equity Opportunity ETF,ETF,ETF,75.11319732666016,-0.1817975725446428,-0.013122872310058,57.11486528980751,US
RFIX,Simplify Bond Bull ETF,ETF,ETF,38.130001068115234,0.5272891150284589,0.0384371550694466,46.48463678537342,US
RFLR,Innovator U.S. Small Cap Managed Floor ETF,ETF,ETF,32.49190139770508,-0.3621564257468782,-0.0114426935075144,60.973021247404745,US
RGEF,Rockefeller Global Equity ETF,ETF,ETF,34.80220031738281,0.6221947715698251,0.004598813119334,54.232647378815926,US
RGEN,Repligen Corporation,Healthcare,Medical Instruments & Supplies,147.1300048828125,5.220627158810895,0.1227487881119131,64.60399954118776,US
RGNX,REGENXBIO Inc.,Healthcare,Biotechnology,12.289999961853027,-18.175768393532486,-0.1964127476266834,56.9249222336978,US
RGR,"Sturm, Ruger & Company, Inc.",Industrials,Aerospace & Defense,37.869998931884766,-1.0710550169449096,-0.0319013329734935,42.34785586276156,US
RGTI,"Rigetti Computing, Inc.",Technology,Computer Hardware,16.110000610351562,-2.6586020966314723,0.0536386669380289,37.95552507666715,US
RGTX,Defiance Daily Target 2X Long RGTI ETF,ETF,ETF,12.359999656677246,-7.207207658720908,0.1020104136814978,36.50891663697712,US
RGTZ,Defiance Daily Target 2X Short RGTI ETF,ETF,ETF,4.929999828338623,1.440322899201239,-0.0370036166616739,50.729945351906366,US
RGYY,GraniteShares YieldBOOST RGTI ETF,ETF,ETF,7.159999847412109,-2.18629372458795,-1.179326786097945e-05,33.317300913512256,US
RHTX,RH Tactical Outlook ETF,ETF,ETF,19.68400001525879,-1.5011971991828863,-0.0089415081424974,45.02000720980393,US
RIG,Transocean Ltd.,Energy,Oil & Gas Drilling,5.309999942779541,5.776891692328326,0.0080788931647132,46.01696733709639,US
RIGS,ALPS Strategic Income Fund,ETF,ETF,22.60300064086914,1.7694802908444855,0.0023660939300508,48.498225924830855,US
RINF,ProShares Inflation Expectations ETF,ETF,ETF,32.470001220703125,0.185132285015443,0.0027048666938508,60.12031730684688,US
RIOX,Defiance Daily Target 2X Long RIOT ETF,ETF,ETF,30.40999984741211,-10.215527586614298,0.2893049681809834,30.66859114851883,US
RISE,Pictet Emerging Markets Rising Economies ETF,EQUITY,EQUITY,18.059999465942383,-0.7146842457306692,-0.0052488277136259,46.02869719401945,US
RISN,Inspire Capital Appreciation ETF,ETF,ETF,31.34970092773437,1.0954553252023245,0.005689889961422,65.34114724429094,US
RISR,FolioBeyond Alternative Income and Interest Rate Hedge ETF,ETF,ETF,36.43000030517578,-0.246440721412307,-0.0056219467265072,59.27528044193546,US
RITM,Rithm Capital Corp.,Real Estate,REIT - Mortgage,9.220000267028809,0.0,0.0033357556381758,54.71019319608861,US
RJF,"Raymond James Financial, Inc.",Financial Services,Asset Management,167.42999267578125,-0.1014399889874519,-0.2067946662789896,65.91616301941059,US
RKLB,Rocket Lab Corporation,Industrials,Aerospace & Defense,78.80999755859375,-5.514933343187548,0.1558998563017688,36.9863593573149,US
RKLX,Defiance Daily Target 2X Long RKLB ETF,ETF,ETF,25.790000915527344,-11.768726242155108,0.1649888605173464,35.75822582191337,US
RKLZ,Defiance Daily Target 2X Short RKLB ETF,ETF,ETF,3.880000114440918,9.60452418790186,-0.013073560875879,52.26873090461552,US
RKNG,Defiance Retail Kings ETF,ETF,ETF,24.537900924682617,0.3020774225720483,0.0385358521667633,41.8275176737156,US
RKT,"Rocket Companies, Inc.",Financial Services,Mortgage Finance,14.300000190734863,-2.2556385586102614,-0.0076864179001257,49.0170745524836,US
RL,Ralph Lauren Corporation,Consumer Cyclical,Apparel Manufacturing,368.9700012207031,-6.66312425705511,-0.7215365211335474,39.923946128381154,US
RLAY,"Relay Therapeutics, Inc.",Healthcare,Biotechnology,19.07999992370605,-3.343464311371286,-0.0730126669260349,58.982664898047744,US
RLGT,"Radiant Logistics, Inc.",Industrials,Integrated Freight & Logistics,9.3100004196167,-1.8967266158348528,-0.0097726418765224,56.32998855967608,US
RLI,RLI Corp.,Financial Services,Insurance - Property & Casualty,60.13999938964844,-3.187378583839672,-0.1568657271548263,62.474849066763895,US
RLJ,RLJ Lodging Trust,Real Estate,REIT - Hotel & Motel,11.600000381469728,1.843722842994316,0.0127784350566237,62.41385859484239,US
RMCA,Rockefeller California Municipal Bond ETF,ETF,ETF,24.38999938964844,-0.2045873294458489,-0.0003227809811275,54.04033871332168,US
RMD,ResMed Inc.,Healthcare,Medical Instruments & Supplies,193.00999450683597,-12.168375651041668,-0.9532802027277454,43.08010790936184,US
RMIF,LHA Risk-Managed Income ETF,ETF,ETF,24.16320037841797,-0.1685675665473877,-0.0011422502173467,51.47107441924478,US
RMIX,"Suncrete, Inc.",Basic Materials,Building Materials,19.6299991607666,-4.476886182237841,0.005795236536559,46.953138853843406,US
RMME,Rareview Government Money Market ETF,ETF,ETF,100.18000030517578,0.0649277758510282,0.0003478246070657,86.96157553938885,US
RMNI,"Rimini Street, Inc.",Technology,Software - Application,4.670000076293945,-1.6842089201274673,-0.0122926065344079,63.15951692926496,US
RMNY,Rockefeller New York Municipal Bond ETF,ETF,ETF,24.729999542236328,-0.0404212973902705,0.0016055908335015,58.50688985714047,US
RMR,The RMR Group Inc.,Real Estate,Real Estate Services,20.540000915527344,4.263960000286587,0.0259149738051424,55.014791019461015,US
RMRC,ARMOR Core Risk-Managed ETF,EQUITY,EQUITY,25.540000915527344,0.0783716982951203,-0.0017308441216402,60.07610085569766,US
RND,First Trust Bloomberg R&D Leaders ETF,ETF,ETF,31.966100692749023,0.1193347434538985,-0.0139269267818785,54.246526185073975,US
RNIN,Bushido Capital US SMID Cap Equity ETF,ETF,ETF,33.52980041503906,0.5150149806737873,-0.016309341058742,63.93932735883202,US
RNRG,Global X Renewable Energy Producers ETF,ETF,ETF,35.345001220703125,1.063682419277043,0.0507311974187009,41.43621417199226,US
RNST,Renasant Corporation,Financial Services,Banks - Regional,42.56999969482422,0.2118647682620776,0.013424186150488,54.46047204515584,US
RNTY,YieldMax Target 12 Real Estate Option Income ETF,ETF,ETF,49.996700286865234,-0.4426640819591313,0.0022887428548313,53.92790010356885,US
RNWZ,TrueShares Eagle Global Next Gen Power Infrastructure ETF,ETF,ETF,31.005699157714844,-0.794145262020213,-0.0069660392761926,40.195105380606975,US
ROAD,"Construction Partners, Inc.",Industrials,Engineering & Construction,97.3499984741211,-6.132485456075735,0.3870862420346346,34.25170458266905,US
ROBT,First Trust Nasdaq Artificial Intelligence and Robotics ETF,ETF,ETF,55.5369987487793,-0.8073008575216765,-0.0322392309911066,49.94262973934423,US
ROCK,"Gibraltar Industries, Inc.",Industrials,Building Products & Equipment,41.59999847412109,-3.592127455263725,-0.0284701271594061,50.18538511770944,US
ROCY,JPMorgan Equity Premium Yield ETF,ETF,ETF,54.557498931884766,0.6410253703760781,0.0042136566511382,62.5701927823381,US
ROE,Astoria US Equal Weight Quality Kings ETF,ETF,ETF,42.06589889526367,0.1807506876947719,-0.0018687095253716,52.10149984372041,US
ROIV,Roivant Sciences Ltd.,Healthcare,Biotechnology,34.90999984741211,-3.8556911950676,-0.099313347816595,59.722363851230895,US
ROK,"Rockwell Automation, Inc.",Industrials,Specialty Industrial Machinery,469.7699890136719,0.1855395880810274,0.2695206505903265,51.81841989447202,US
ROKT,State Street SPDR S&P Kensho Final Frontiers ETF,ETF,ETF,110.9000015258789,-3.674103907279892,-0.0453224427002434,39.14256131194127,US
ROKU,ROKU,N/A,N/A,141.75999450683594,0.3894821661493057,-0.0477472718278382,61.94060000863924,US
ROL,"Rollins, Inc.",Consumer Cyclical,Personal Services,44.290000915527344,1.5359972490802354,-0.0232736288843982,43.97276383241042,US
ROMA,Roma Green Finance Limited,Industrials,Consulting Services,9.28499984741211,4.560807744952265,0.0316932077143169,63.55510464511971,US
ROMO,Strategy Shares Newfound/ReSolve Robust Momentum ETF,ETF,ETF,33.87289810180664,0.2127138748967494,-0.0003804257203471,54.48458138360829,US
RONB,Baron First Principles ETF,ETF,ETF,23.15999984741211,-3.580352181357248,-0.0252201171847162,41.85031409916011,US
ROP,"Roper Technologies, Inc.",Technology,Software - Application,346.6499938964844,-4.464658105148173,-1.1713394388692704,51.66486354470153,US
ROSC,Hartford Multifactor Small Cap ETF,ETF,ETF,55.42509841918945,-0.4863917165946183,-0.027328764234617,58.63451028224706,US
ROST,"Ross Stores, Inc.",Consumer Cyclical,Apparel Retail,220.92999267578125,2.9161012531939003,0.2335908792775884,49.25968239689614,US
ROUS,Hartford Multifactor US Equity ETF,ETF,ETF,66.80999755859375,0.2400540570921373,-0.0096677107086374,54.183391882325296,US
RPAR,RPAR Risk Parity ETF,ETF,ETF,21.979999542236328,0.0910767695696931,0.0079692059880092,43.13563478975912,US
RPD,"Rapid7, Inc.",Technology,Software - Infrastructure,12.970000267028809,15.80357578488036,0.0332582925393963,84.73553572293173,US
RPRX,Royalty Pharma plc,Healthcare,Biotechnology,55.66999816894531,-3.6851230038589824,-0.1161040588480324,50.22999862648634,US
RQI,"Cohen & Steers Quality Income Realty Fund, Inc.",Financial Services,Asset Management,12.199999809265137,-1.2145794945047512,0.0019568726832654,40.79705928113204,US
RR,Richtech Robotics Inc.,Industrials,Specialty Industrial Machinery,1.6699999570846558,-8.493155427353862,0.001386767670915,33.960733788572895,US
RRBI,"Red River Bancshares, Inc.",Financial Services,Banks - Regional,96.1999969482422,-1.130530389531938,-0.106979320258107,60.23728055389884,US
RRR,"Red Rock Resorts, Inc.",Consumer Cyclical,Resorts & Casinos,64.0,-3.264817930090949,-0.0431193564105121,56.008666005039935,US
RSBY,Return Stacked Bonds & Futures Yield ETF,ETF,ETF,18.273399353027344,0.5303367277780034,0.0067433131067579,48.98153042465013,US
RSDE,FT Vest U.S. Equity Equal Weight Buffer ETF - December,ETF,ETF,23.55500030517578,-0.1483673047296262,-0.0045460646431577,62.53934497978739,US
RSEE,Rareview Systematic Equity ETF,ETF,ETF,39.0973014831543,0.5227039409939104,0.0077696053320449,51.45931792750904,US
RSG,"Republic Services, Inc.",Industrials,Waste Management,220.02999877929688,-1.0923347393834435,-0.2174442630138475,58.65771353625149,US
RSI,"Rush Street Interactive, Inc.",Consumer Cyclical,Gambling,33.5099983215332,3.714010824011175,-0.0407288030761738,66.6724465500981,US
RSJN,FT Vest U.S. Equity Equal Weight Buffer ETF - June,ETF,ETF,37.332801818847656,-0.4405548961146611,-0.007403308829777,60.2716465338242,US
RSMC,Rockefeller U.S. Small-Mid Cap ETF,ETF,ETF,27.96660041809082,-0.7643133720695715,0.0033763079539399,45.15035429898752,US
RSPA,Invesco S&P 500 Equal Weight Income Advantage ETF,ETF,ETF,53.619998931884766,-0.4825577785378537,-0.020610645584339,58.2303957328449,US
RSPC,Invesco S&P 500 Equal Weight Communication Services ETF,ETF,ETF,35.90570068359375,-1.0862219332066465,-0.0203793543101266,46.35642441785593,US
RSPE,Invesco ESG S&P 500 Equal Weight ETF,ETF,ETF,34.0,-0.3516967633097665,-0.0094754469640533,58.76057842197029,US
RSPG,Invesco S&P 500 Equal Weight Energy ETF,ETF,ETF,103.87999725341795,4.213480071612827,0.129027950242932,59.421687825544026,US
RSPH,Invesco S&P 500 Equal Weight Health Care ETF,ETF,ETF,33.52000045776367,-2.896871340495873,-0.065311369205977,56.92435419568536,US
RSPM,Invesco S&P 500 Equal Weight Materials ETF,ETF,ETF,38.46149826049805,-1.4313228875283155,0.0107585799074696,46.79815852628328,US
RSPS,Invesco S&P 500 Equal Weight Consumer Staples ETF,ETF,ETF,30.190000534057617,-1.3721008425981915,-0.0221377535133387,50.33260922340101,US
RSPT,Invesco S&P 500 Equal Weight Technology ETF,ETF,ETF,62.060001373291016,1.3555476682343497,0.0190936349284301,49.916135314051765,US
RSPU,Invesco S&P 500 Equal Weight Utilities ETF,ETF,ETF,81.5,-0.3545676883251982,-0.0062732095676641,55.66045918764893,US
RSSB,Return Stacked Global Stocks & Bonds ETF,ETF,ETF,30.57099914550781,0.0032693840156071,0.0030746376548828,50.45174097304975,US
RSSX,Return Stacked U.S. Stocks & Gold/Bitcoin ETF,ETF,ETF,24.023700714111328,-0.0137333544599425,0.0094384360878855,48.53742342740495,US
RSSY,Return Stacked U.S. Stocks & Fu,ETF,ETF,25.559999465942383,1.5898236127033056,0.0060890377456732,56.75687155044631,US
RSVR,"Reservoir Media, Inc.",Communication Services,Entertainment,10.149999618530272,-0.1966613334673666,-8.333323167615363e-05,49.45123749525514,US
RTAI,Rareview Tax Advantaged Income ETF,ETF,ETF,21.474000930786133,-0.8541459095698898,-0.0020193032329555,54.442259792526215,US
RTH,VanEck Retail ETF,ETF,ETF,258.1189880371094,0.0034879261004229,-0.0216101086265438,50.34684031257822,US
RTRE,Rareview Total Return Bond ETF,ETF,ETF,24.674999237060547,-0.4639034861622977,-0.0002781753998367,43.68034579157743,US
RTX,RTX Corporation,Industrials,Aerospace & Defense,193.38999938964844,-3.7142178178587617,-0.3683964882437767,55.560216912658426,US
RTXG,Leverage Shares 2X Long RTX Daily ETF,ETF,ETF,23.26799964904785,-7.080390923820613,-0.0800607439115699,54.661668255733474,US
RTYY,GraniteShares YieldBOOST RIOT ETF,ETF,ETF,10.481599807739258,-1.9698341111584037,0.0009328813281769,31.77068586439229,US
RUM,RUM,N/A,N/A,5.989999771118164,-3.231022362738111,0.0036742871057451,38.9240442170148,US
RUSC,Russell Investments U.S. Small Cap Equity ETF,ETF,ETF,38.0099983215332,-0.3486962992847555,-0.0047328555498972,52.397205309672685,US
RUSHA,"Rush Enterprises, Inc.",Consumer Cyclical,Auto & Truck Dealerships,75.86000061035156,5.229580335655277,0.024570616418603,63.35996787206024,US
RVI,Robinhood Ventures Fund I,Financial Services,Asset Management,28.90999984741211,-6.470397961413924,-0.0280506366687456,34.77608764730839,US
RVLV,"Revolve Group, Inc.",Consumer Cyclical,Internet Retail,24.43000030517578,8.385090119257518,0.025178606640401,66.06718790256573,US
RVMD,"Revolution Medicines, Inc.",Healthcare,Biotechnology,184.97000122070312,-2.8824977946219623,-0.442517232960455,62.64807791824824,US
RVT,"Royce Small-Cap Trust, Inc.",Financial Services,Asset Management,18.149999618530277,-0.1100740653808036,0.0046602526586573,51.69979673235325,US
RW,Rainwater Equity ETF,ETF,ETF,25.034799575805664,-1.0482200365698302,-0.0081364145264996,49.08284335023202,US
RWEM,Rayliant NxtGen Multifactor Emerging Markets Equity ETF,EQUITY,EQUITY,35.13999938964844,-1.0558918948181126,0.0585789753189543,48.00816571090974,US
RWL,Invesco S&P 500 Revenue ETF,ETF,ETF,130.33999633789062,0.1921746537302221,-0.0231357909354205,65.67788814652685,US
RWLC,Rayliant NxtGen Multifactor US Equity ETF,EQUITY,EQUITY,37.755001068115234,1.1114111243477904,0.0017056841254831,59.9907890618622,US
RWT,"Redwood Trust, Inc.",Real Estate,REIT - Mortgage,5.090000152587891,7.83899107718428,0.0048559382869955,57.377661327935854,US
RWWI,"Rand Worldwide, Inc.",Technology,Software - Application,14.5,-0.3436439180715774,0.0022990440207964,51.04792868697084,US
RWX,State Street SPDR Dow Jones International Real Estate ETF,ETF,ETF,27.3700008392334,0.0731278153005901,0.0069603655657609,57.215643714324685,US
RXD,ProShares UltraShort Health Care,ETF,ETF,17.087900161743164,8.014541664838088,0.0719033955469785,45.011680154278366,US
RXI,iShares Global Consumer Discretionary ETF,ETF,ETF,194.61599731445312,-0.680785738486856,-0.0572744079328429,49.306351890180935,US
RXL,ProShares Ultra Health Care,ETF,ETF,52.44710159301758,-7.419064112366097,-0.2292361486876646,52.3666572380028,US
RXO,"RXO, Inc.",Industrials,Trucking,28.040000915527344,4.354298622073752,0.0903071491634237,61.42107377393458,US
RXRX,"Recursion Pharmaceuticals, Inc.",Healthcare,Biotechnology,3.3399999141693115,-13.020833624371644,-0.0183183239303522,45.57121601705222,US
RXT,"Rackspace Technology, Inc.",Technology,Software - Infrastructure,4.650000095367432,-31.21301866972595,-0.0120686811551971,43.40028221057637,US
RYAM,Rayonier Advanced Materials Inc.,Basic Materials,Chemicals,7.230000019073486,1.8309875519307568,0.0207839661041993,37.00108725429266,US
RYLG,Global X Russell 2000 Covered Call & Growth ETF,ETF,ETF,24.45599937438965,-1.0919698276975935,-0.0124876298490252,54.00191929258208,US
RYN,Rayonier Inc.,Real Estate,REIT - Specialty,21.71999931335449,-0.5038965219239809,0.0269984906342548,57.48237677067278,US
RYTM,"Rhythm Pharmaceuticals, Inc.",Healthcare,Biotechnology,109.95999908447266,-3.931504487151842,-0.2095695350871436,60.49945254774969,US
RYZ,Ryerson Holding Corporation,Industrials,Metal Fabrication,28.1299991607666,10.054772099070794,0.152459387577384,57.85015319248995,US
RZLT,"Rezolute, Inc.",Healthcare,Biotechnology,4.829999923706055,-2.8168988409594498,-0.002419764078571,55.77154810072158,US
S,"SentinelOne, Inc.",Technology,Software - Infrastructure,19.920000076293945,9.691631297742797,0.0593863831474893,70.25772679893531,US
SAA,ProShares Ultra SmallCap600,ETF,ETF,36.359500885009766,-0.1935202294137764,0.0010081852391053,55.850349087930255,US
SAEF,Schwab Ariel Opportunities ETF,ETF,ETF,31.239999771118164,-0.2044501713104162,-0.0006090534241397,53.86732522224335,US
SAFE,SAFE,N/A,N/A,16.440000534057617,2.493763065456301,0.0047336797971787,60.2785757180781,US
SAGP,Strategas Global Policy Opportunities ETF,ETF,ETF,35.77140045166016,-1.5375759736875154,-0.0336694245507681,56.353286351912345,US
SAIC,Science Applications International Corporation,Technology,Information Technology Services,113.91999816894533,0.5461524657396344,-0.002464905247403,58.16207504087222,US
SAIL,"SailPoint, Inc.",Technology,Software - Infrastructure,15.199999809265137,-6.114890007013246,0.042004041855053,53.6747034329136,US
SAM,"The Boston Beer Company, Inc.",Consumer Defensive,Beverages - Brewers,168.75,-7.86744014740943,-0.453539864561113,39.99720004207592,US
SAMM,Strategas Macro Momentum ETF,ETF,ETF,31.60650062561035,0.8181825869840705,0.0249547600091367,46.39353345148398,US
SAMT,Strategas Macro Thematic Opportunities ETF,ETF,ETF,44.2599983215332,-1.7754172822373868,0.0072326119272774,42.85824311354072,US
SASS,M.D. Sass Concentrated Equities ETF,EQUITY,EQUITY,24.479999542236328,-2.0800018310546875,-0.0104856572450175,46.3936268601709,US
SATL,Satellogic Inc.,Industrials,Aerospace & Defense,4.309999942779541,-10.580917234823396,0.0033566655049626,31.511879101454923,US
SATO,Invesco Alerian Galaxy Crypto Economy ETF,ETF,ETF,16.095300674438477,0.7026270049208235,0.0293200681996117,41.889037538461416,US
SAWG,AAM Sawgrass U.S. Large Cap Quality Growth ETF,ETF,ETF,24.32469940185547,1.129588455009512,-0.0041907886234363,59.08691933622005,US
SAWS,AAM Sawgrass U.S. Small Cap Quality Growth ETF,ETF,ETF,24.686500549316406,-1.0164393717435407,-0.0073284341339542,48.30377469113667,US
SB,"Safe Bulkers, Inc.",Industrials,Marine Shipping,7.130000114440918,5.943537804365405,0.0146719989752057,62.67659127060261,US
SBB,ProShares Short SmallCap600,ETF,ETF,22.533599853515625,0.2384355532507482,0.001905348947763,44.83609772245661,US
SBH,"Sally Beauty Holdings, Inc.",Consumer Cyclical,Specialty Retail,14.359999656677246,0.0696813584787891,-0.042183633248447,54.51839655742897,US
SBIL,Simplify Government Money Market ETF,EQUITY,EQUITY,100.20999908447266,0.089888469258654,-0.0001603372544071,98.06716846416802,US
SBIO,ALPS Medical Breakthroughs ETF,ETF,ETF,65.29000091552734,-3.7588377948349536,-0.2466096196824554,63.64770869920859,US
SBIT,ProShares UltraShort Bitcoin ETF,ETF,ETF,56.33000183105469,-3.3790693512626286,-0.1545180388200084,45.97641170127664,US
SBND,Columbia Short Duration Bond ETF,ETF,ETF,18.709999084472656,0.0,0.0006863716677763,52.23507420976211,US
SBRA,"Sabra Health Care REIT, Inc.",Real Estate,REIT - Healthcare Facilities,19.75,-1.545361287116164,-0.0214429523180788,54.4418450232016,US
SBUX,Starbucks Corporation,Consumer Cyclical,Restaurants,106.16999816894533,2.4708016055527207,-0.0566443110762258,59.39343758304541,US
SCAP,Infrastructure Capital Small Cap Income ETF,ETF,ETF,38.17160034179688,-0.8143439355185828,0.0100529381157289,47.02766891058408,US
SCC,ProShares UltraShort Consumer Discretionary,ETF,ETF,14.828399658203123,2.476844399173658,0.0131684964710433,51.65461898843762,US
SCCO,Southern Copper Corporation,Basic Materials,Copper,182.3800048828125,7.440356337444771,0.6935630422450751,54.10785642621222,US
SCDL,ETRACS 2x Leveraged US Dividend Factor TR ETN,ETF,ETF,55.29199981689453,1.823140422831338,0.030915117165768,58.5215596370358,US
SCDV,Bahl & Gaynor Small Cap Dividend ETF,ETF,ETF,27.454700469970703,0.192321881260206,0.0011160203162043,54.87105872762425,US
SCEC,Sterling Capital Enhanced Core Bond ETF,ETF,ETF,24.73500061035156,-0.3223853394492493,-0.0005666860323973,41.33294096567479,US
SCEP,Sterling Capital Hedged Equity Premium Income ETF,ETF,ETF,25.030000686645508,0.8460958678620819,0.0018479882279241,57.550951640084136,US
SCHA,Schwab U.S. Small-Cap ETF,ETF,ETF,34.56999969482422,0.2028976661571558,0.0034261048821834,49.868476482591895,US
SCHC,Schwab International Small-Cap Equity ETF,ETF,ETF,48.2400016784668,-0.1242185497752843,0.0212334266336978,46.43009825084173,US
SCHE,Schwab Emerging Markets Equity ETF,ETF,ETF,36.04999923706055,0.7264551966535545,-0.0034946937693339,49.83838673010655,US
SCHH,Schwab U.S. REIT ETF,ETF,ETF,24.030000686645508,-0.4968899949492776,0.0036417639828114,55.83953630631917,US
SCHI,Schwab 5-10 Year Corporate Bond ETF,ETF,ETF,22.3700008392334,-0.4007045810677552,3.283810631033238e-05,42.716289720151664,US
SCHJ,Schwab 1-5 Year Corporate Bond ETF,ETF,ETF,24.540000915527344,-0.0814273243074425,0.0007638734808102,50.550050556796045,US
SCHK,Schwab 1000 ETF,ETF,ETF,36.2599983215332,0.4710395351248634,-0.0017306796495202,56.61735243105231,US
SCHM,Schwab U.S. Mid-Cap ETF,ETF,ETF,35.56999969482422,0.1125834981752154,0.0053313616164162,49.45819025618085,US
SCHO,Schwab Short-Term U.S. Treasury ETF,ETF,ETF,24.07999992370605,0.0831274239718213,0.0006325875514266,56.18853562232393,US
SCHP,Schwab U.S. TIPS ETF,ETF,ETF,26.200000762939453,-0.1524352459131384,-0.0001123515706837,44.62611770339824,US
SCHQ,Schwab Long-Term U.S. Treasury ETF,ETF,ETF,30.540000915527344,-0.5211721284556403,0.0030695802504695,38.28424566987668,US
SCHR,Schwab Intermediate-Term U.S. Treasury ETF,ETF,ETF,24.489999771118164,-0.0816012141040453,0.001078811246358,46.72171055358102,US
SCHV,Schwab U.S. Large-Cap Value ETF,ETF,ETF,34.20000076293945,-0.3786806326285607,-0.001634075373985,51.40427821509288,US
SCHW,The Charles Schwab Corporation,Financial Services,Capital Markets,101.0999984741211,-0.8142861067101772,-0.238954983740804,65.9984152687255,US
SCHZ,Schwab U.S. Aggregate Bond ETF,ETF,ETF,22.90999984741211,-0.1742959224295049,0.0013980249314251,43.40537002682793,US
SCJ,iShares MSCI Japan Small-Cap ETF,ETF,ETF,106.5999984741211,-0.4854408692381496,-0.012718615203097,54.120247095486505,US
SCL,Stepan Company,Basic Materials,Specialty Chemicals,56.900001525878906,0.6901490283659979,-0.0087018642076852,63.05204620412002,US
SCLZ,Swan Enhanced Dividend Income ETF,ETF,ETF,56.185001373291016,0.0552089700616163,-0.0099509215970284,56.65470136938061,US
SCMB,Schwab Municipal Bond ETF,ETF,ETF,25.655000686645508,-0.3302217763343975,-0.0021363748528414,49.54959413128444,US
SCMC,Sterling Capital Multi-Strategy Income ETF,ETF,ETF,24.975000381469727,-0.080017831934929,-0.0002526025560828,53.401134599869046,US
SCMY,Corgi U.S. Small-Cap 15% Structured Buffer ETF - May Series,ETF,ETF,25.540000915527344,-0.7384322972765611,-0.0071530050793599,50.967213540449166,US
SCNM,Sterling Capital National Municipal Bond ETF,ETF,ETF,25.0664005279541,-0.0342980447604317,0.000586311844838,55.09694606493708,US
SCO,ProShares UltraShort Bloomberg Crude Oil,ETF,ETF,28.71999931335449,-13.753753839756364,-0.1929900231593113,41.03629907885858,US
SCSB,Sterling Capital Short Duration Bond ETF,ETF,ETF,24.90999984741211,0.1205815420316253,0.0021116504793971,60.611517532701534,US
SCUB,Sterling Capital Ultra Short Bond ETF,ETF,ETF,24.9950008392334,-0.0999185374615614,-0.0018539628273784,56.13132316834167,US
SCUS,Schwab Ultra-Short Income ETF,ETF,ETF,25.1200008392334,0.0199126743412736,-0.0004446668123587,63.346016228153005,US
SCYB,Schwab High Yield Bond ETF,ETF,ETF,26.059999465942383,-0.1532602105084385,-0.0004972352092335,54.30040555519364,US
SCZ,iShares MSCI EAFE Small-Cap ETF,ETF,ETF,83.0999984741211,-0.3477646212374752,0.01211966407538,49.90676529208176,US
SD,"SandRidge Energy, Inc.",Energy,Oil & Gas E&P,13.699999809265137,1.7074947117804404,0.0181348274897699,45.80436200486593,US
SDCI,USCF SummerHaven Dynamic Commodity Strategy No K-1 Fund,ETF,ETF,28.36000061035156,4.804143274449641,0.0355069633928464,66.92012457335738,US
SDFI,AB Short Duration Income ETF,ETF,ETF,35.4213981628418,-0.0101653473431346,-0.0003315210105731,53.68979757295403,US
SDG,iShares MSCI Global Sustainable Development Goals ETF,ETF,ETF,87.98789978027344,-1.2148870756240286,-0.0016431982987857,44.657789163312906,US
SDGR,"Schrödinger, Inc.",Healthcare,Health Information Services,16.1299991607666,-2.1831450294019703,-0.0354627619982407,53.84575696988435,US
SDMF,Simplify DBi CTA Managed Future,EQUITY,EQUITY,25.79700088500977,1.0854248521842205,0.0044975584612892,57.91323170728924,US
SDOW,ProShares UltraPro Short Dow30,ETF,ETF,23.940000534057617,2.351437190086419,0.01944202627113,40.4191191794166,US
SDP,ProShares UltraShort Utilities,ETF,ETF,21.13870048522949,0.469104398323999,-0.0033771090075599,44.40589487770151,US
SDSI,American Century Short Duration Strategic Income ETF,ETF,ETF,51.14030075073242,-0.0678035893413294,0.0003477901337136,52.39043746801243,US
SDVD,FT Vest SMID Rising Dividend Achievers Target Income ETF,ETF,ETF,23.040000915527344,0.043422616516181,-0.0018264447149818,58.036574870718844,US
SDVY,First Trust SMID Cap Rising Dividend Achievers ETF,ETF,ETF,42.91999816894531,-0.2788167844548962,-0.0043885704371957,56.256374512918896,US
SDY,State Street SPDR S&P Dividend ETF,ETF,ETF,153.0399932861328,-1.657885819307379,-0.1280720651546638,54.06502610222022,US
SE,Sea Limited,Consumer Cyclical,Internet Retail,109.29000091552734,4.854645875109385,-0.2836561185138375,69.6213786765115,US
SEA,U.S. Global Sea to Sky Cargo ETF,ETF,ETF,17.735000610351562,4.866366617159663,0.0303339664898622,64.30139928197734,US
SEB,Seaboard Corporation,Industrials,Conglomerates,4645.75,4.373314470911706,6.0076046837145896,44.91941292541823,US
SECR,NYLI MacKay Securitized Income ETF,ETF,ETF,25.2549991607666,-0.0909910486358058,0.0035164583382042,47.19429653023786,US
SECT,Main Sector Rotation ETF,ETF,ETF,71.48999786376953,0.9175629015825286,0.019340254626004,53.93990262068847,US
SECU,iShares Securitized Income Active ETF,ETF,ETF,49.57500076293945,-0.1912571159812397,-0.0033582560632882,51.59663181494877,US
SEEM,SEI Select Emerging Markets Equity ETF,ETF,ETF,38.392799377441406,-0.096801788808117,0.0135067104452965,47.00911079240772,US
SEI,"Solaris Energy Infrastructure, Inc.",Energy,Oil & Gas Equipment & Services,69.5,6.350423294229037,0.2313291327758858,46.26237845115078,US
SEIQ,SEI QiM U.S. Large Cap Quality Active ETF,ETF,ETF,40.20000076293945,-0.7235800443466918,-0.0347015267308482,57.22353032966697,US
SEIS,SEI Select Small Cap ETF,ETF,ETF,32.39440155029297,-0.4688583604244772,-0.0035849777273263,49.62789544767254,US
SEIX,Virtus Seix Senior Loan ETF,ETF,ETF,23.229999542236328,0.172483860532763,0.0022975506660659,69.39606139488829,US
SELV,SEI QiM U.S. Large Cap Low Volatility Active ETF,ETF,ETF,32.959999084472656,-1.4354053886023366,-0.0364350276997282,52.07584934047012,US
SEMG,Suncoast Select Growth ETF,ETF,ETF,27.026199340820312,0.8064150659628899,-0.0084267621566649,61.300571708851805,US
SEMUF,Siem Industries S.A.,Industrials,Marine Shipping,70.0,0.0,0.0086667006307177,97.563371979498,US
SEPI,Shelton Equity Premium Income ETF,ETF,ETF,28.36000061035156,1.3219036879563983,0.0039956914851036,63.963284327877744,US
SEPM,FT Vest U.S. Equity Max Buffer ,ETF,ETF,32.94499969482422,0.1672250112388012,-0.0004040854481995,66.33099029936841,US
SEPN,"Septerna, Inc.",Healthcare,Biotechnology,34.540000915527344,-3.600337286082052,-0.0674193435578882,51.74022216762444,US
SEPP,PGIM S&P 500 Buffer 12 ETF - Sep,ETF,ETF,32.685001373291016,0.2915042045361303,-0.0011492061490512,59.53756393967232,US
SEPT,AllianzIM U.S. Equity Buffer10 Sep ETF,ETF,ETF,37.75910186767578,0.3564169240552325,-0.0011662646741637,63.72741095618041,US
SEPU,AllianzIM U.S. Equity Buffer15 Uncapped Sep ETF,ETF,ETF,31.190000534057617,0.4864878981772373,-0.0025620877381713,54.77086955002635,US
SERV,Serve Robotics Inc.,Industrials,Specialty Industrial Machinery,5.820000171661377,-3.801653087973694,0.0021722810247887,35.45154802560367,US
SETH,ProShares Short Ether ETF,ETF,ETF,46.709999084472656,-5.003048964981124,-0.1172523711078674,39.96728779766494,US
SETM,Sprott Critical Materials ETF,ETF,ETF,30.21999931335449,1.239527394158606,0.0604695049055861,40.14696535113265,US
SEZL,Sezzle Inc.,Financial Services,Credit Services,182.38999938964844,2.679724357366448,0.4900177269958252,63.64975469184993,US
SFBS,"ServisFirst Bancshares, Inc.",Financial Services,Banks - Regional,85.47000122070312,-0.6740288326379547,-0.0161126984497155,56.35346248833139,US
SFIX,"Stitch Fix, Inc.",Consumer Cyclical,Apparel Retail,3.7200000286102295,0.0,0.0159742459765939,47.19026093532884,US
SFL,SFL Corporation Ltd.,Industrials,Marine Shipping,11.300000190734863,3.0082034245513665,0.0176085985486206,55.90498702938889,US
SFLO,Victoryshares Small Cap Free Cash Flow ETF,ETF,ETF,36.028099060058594,0.9309817199886208,-0.0214520396781847,69.46108383257572,US
SFM,"Sprouts Farmers Market, Inc.",Consumer Defensive,Grocery Stores,75.3499984741211,-10.39362378926793,-0.3175865735306655,36.64992394692355,US
SFST,"Southern First Bancshares, Inc.",Financial Services,Banks - Regional,61.40999984741211,0.4744779460001881,0.0067046084837721,57.14135224258291,US
SFTX,Horizon International Managed Risk ETF,ETF,ETF,30.36000061035156,0.1088170488680498,0.0081722186753815,47.09749630145432,US
SFTY,Horizon Managed Risk ETF,ETF,ETF,30.979999542236328,0.5191429234146913,-0.0024839156092415,57.77953236335807,US
SFY,SoFi Select 500 ETF,ETF,ETF,149.04800415039062,1.1798293534731537,0.0369539424560082,54.82297741765722,US
SGDJ,Sprott Junior Gold Miners ETF,ETF,ETF,75.81999969482422,-1.2503244331015964,0.0283870297603954,44.32075167892578,US
SGDM,Sprott Gold Miners ETF,ETF,ETF,61.40999984741211,-3.1586558102022475,-0.0087194358740834,40.92424546588712,US
SGHC,Super Group (SGHC) Limited,Consumer Cyclical,Gambling,14.8100004196167,-0.2693600055589257,-0.0354237612679319,60.0816783970546,US
SGLC,SGI U.S. Large Cap Core ETF,ETF,ETF,44.0359001159668,0.7917177846884911,0.0020565300829162,58.4300272187274,US
SGML,Sigma Lithium Corporation,Basic Materials,Other Industrial Metals & Mining,11.989999771118164,1.6101659094250258,0.0333943196136097,40.29744641669907,US
SGMT,Sagimet Biosciences Inc.,Healthcare,Biotechnology,7.755000114440918,0.8452543138725694,0.0188661593000005,60.07481094312961,US
SGOL,abrdn Physical Gold Shares ETF,ETF,ETF,38.61000061035156,-1.4548230995008955,-0.0032486454653706,41.31870488068343,US
SGRT,SMART Earnings Growth 30 ETF,EQUITY,EQUITY,34.26599884033203,3.6479050724278976,0.0508052687178255,46.481174313417725,US
SGRW,Harbor Active Small Cap Growth ETF,EQUITY,EQUITY,25.38820075988769,-0.7498012681407832,-0.0230853926462591,55.79342148616627,US
SGRY,"Surgery Partners, Inc.",Healthcare,Medical Care Facilities,15.119999885559082,-11.939430294850323,-0.1043928864549524,45.27553799433583,US
SGU,"Star Group, L.P.",Energy,Oil & Gas Refining & Marketing,13.06999969482422,0.0765641262346376,0.0021329557149118,60.18388278121054,US
SGVT,Schwab Government Money Market ETF,ETF,ETF,100.62000274658205,0.0745980197947678,0.0004846046436571,91.9519121441034,US
SH,ProShares Short S&P500,ETF,ETF,32.86000061035156,-0.4544008446186244,0.001251922155474,44.86560513063376,US
SHAZ,SharonAI Holdings Inc.,Technology,Information Technology Services,71.26000213623047,-0.6967669803727027,0.0072222541957538,47.99016599315206,US
SHC,Sotera Health Company,Healthcare,Diagnostics & Research,17.770000457763672,-1.3873473565439944,-0.0517667819506222,58.9853823105845,US
SHDG,Soundwatch Hedged Equity ETF,ETF,ETF,32.88999938964844,0.38456675289438,-0.0004627558137103,60.83815121714418,US
SHLD,Global X Defense Tech ETF,ETF,ETF,60.220001220703125,-5.596487919088951,-0.0972750034120943,41.938001432009806,US
SHLS,"Shoals Technologies Group, Inc.",Technology,Solar,10.760000228881836,7.17131742793276,0.0685215952133976,55.34183603837511,US
SHM,State Street SPDR Nuveen ICE Short Term Municipal Bond ETF,ETF,ETF,47.869998931884766,0.0836234566148586,0.0003810683641089,60.04857937716554,US
SHMD,SCHMID Group N.V.,Industrials,Specialty Industrial Machinery,4.519999980926514,-4.237284282951545,0.0121866810622894,36.70962414068618,US
SHO,"Sunstone Hotel Investors, Inc.",Real Estate,REIT - Hotel & Motel,11.359999656677246,1.519214322330852,0.0165775899909094,53.15051450442138,US
SHOC,Strive U.S. Semiconductor ETF,ETF,ETF,112.3000030517578,5.436110036052487,0.24486624390182,50.07864252735681,US
SHOE,Shoe Station Group Inc.,Consumer Cyclical,Apparel Retail,14.3100004196167,-5.231787694671134,-0.0492435961674643,35.929537729895074,US
SHOP,Shopify Inc.,Technology,Software - Application,125.68000030517578,3.1178233815157443,0.0013854122793532,62.82470038769264,US
SHUS,Stratified LargeCap Hedged ETF,ETF,ETF,50.97700119018555,-0.0705688701921638,-0.0015269497486459,61.2896133258053,US
SHV,iShares 0–1 Year Treasury Bond ETF,ETF,ETF,110.19000244140624,0.0817474736898489,5.763736816186138e-05,90.04122504070914,US
SHW,The Sherwin-Williams Company,Basic Materials,Specialty Chemicals,328.5,-4.02033815608422,-0.4404907967605203,49.57333144773139,US
SHY,iShares 1-3 Year Treasury Bond ETF,ETF,ETF,81.93000030517578,0.0855114760594895,0.0041610903140409,55.29831874387555,US
SHYG,iShares 0-5 Year High Yield Corporate Bond ETF,ETF,ETF,42.220001220703125,-0.1182853951243891,-0.0003526972867385,55.91149989201416,US
SHYL,Xtrackers Short Duration High Yield Bond ETF,ETF,ETF,44.13999938964844,-0.1583345312685245,-0.0012755894376803,53.49877932228743,US
SHYM,BlackRock ETF Trust II - iShares Short Duration High Yield Muni Active ETF,ETF,ETF,22.32999992370605,-0.0894875052452086,-0.0014077628879817,58.12745006643113,US
SI,"Shoulder Innovations, Inc.",EQUITY,EQUITY,21.59000015258789,1.124120687728262,-0.0103401114954053,59.70168718463584,US
SIFI,Harbor Ares Systematic Multi-Sector Income ETF,ETF,ETF,43.36000061035156,-0.5618597281430004,-0.0104241623409101,45.674706841415485,US
SIGI,"Selective Insurance Group, Inc.",Financial Services,Insurance - Property & Casualty,96.33999633789062,-1.683846884222631,-0.0810026184320462,57.03178310273437,US
SIJ,ProShares UltraShort Industrials,ETF,ETF,16.317800521850586,2.3059606080484016,0.0156890488578774,47.989058078546805,US
SIL,Global X Silver Miners ETF,ETF,ETF,75.52999877929688,-1.306677140925975,0.0548131534086566,41.87880215332127,US
SILJ,Amplify Junior Silver Miners ETF,ETF,ETF,25.36000061035156,0.1184393475557436,0.0348196731905195,43.683873648840375,US
SIO,Touchstone Strategic Income ETF,ETF,ETF,25.48500061035156,-0.3908480660520409,-0.0004831189462772,41.59275847131789,US
SION,"Sionna Therapeutics, Inc.",Healthcare,Biotechnology,42.59000015258789,-5.208101795446305,-0.2118374096472579,52.97106192412599,US
SITE,"SiteOne Landscape Supply, Inc.",Industrials,Industrial Distribution,105.83999633789062,-3.773071739685803,-0.0642500722175845,42.05394340669284,US
SIVR,abrdn Physical Silver Shares ETF,ETF,ETF,55.88999938964844,-2.40964040000834,0.0414636203443228,38.78683054922247,US
SIXA,ETC 6 Meridian Mega Cap Equity ETF,ETF,ETF,56.13100051879883,-0.5421970593231148,-0.0211349231390978,53.11247921082881,US
SIXH,ETC 6 Meridian Hedged Equity-Index Option Strategy ETF,ETF,ETF,42.92919921875,-0.5946408565852815,-0.0189266376794013,54.11322017116198,US
SIXJ,SIXJ,N/A,N/A,36.6781005859375,0.4356624619237986,0.0010113414902439,63.07446443020755,US
SIXL,ETC 6 Meridian Low Beta Equity Strategy ETF,ETF,ETF,39.617801666259766,-1.039613144687786,-0.0294456978616238,58.41001475658485,US
SIXZ,AllianzIM U.S. Equity 6 Month Buffer10 May/Nov ETF,ETF,ETF,31.68000030517578,0.4438788382517608,-0.0014235958908508,61.03827777083883,US
SJB,ProShares Short High Yield,ETF,ETF,15.149999618530272,0.1321844278789319,-9.18524933714018e-05,50.29639137306824,US
SJCP,SanJac Alpha Core Plus Bond ETF,ETF,ETF,24.96999931335449,-0.1599396847711749,-0.0035982012682162,49.36038606940049,US
SJLD,SanJac Alpha Low Duration ETF,ETF,ETF,25.174999237060547,0.0795012914694773,-0.0010657983970897,65.93982282619938,US
SJNK,State Street SPDR Bloomberg Short Term High Yield Bond ETF,ETF,ETF,24.90999984741211,-0.1603243058283221,-0.0003986377664247,54.77817047613446,US
SKOR,FlexShares Credit-Scored US Corporate Bond Index Fund,ETF,ETF,48.1349983215332,-0.2280041720114204,0.0006311328257923,45.54187292984321,US
SKRE,Tuttle Capital Daily 2X Inverse Regional Banks ETF,ETF,ETF,6.255000114440918,0.0960160328385057,0.0035506618349531,39.96884347687158,US
SKT,Tanger Inc.,Real Estate,REIT - Retail,39.880001068115234,-0.0751660721913538,0.0205866025606095,56.91737322108253,US
SKY,"Champion Homes, Inc.",Consumer Cyclical,Residential Construction,81.43000030517578,-1.8324251946806327,0.042011485136737,50.40982036088188,US
SKYT,"SkyWater Technology, Inc.",Technology,Semiconductors,32.349998474121094,-3.085687720297903,0.0357914662297205,37.117755474049694,US
SKYU,ProShares Ultra Cloud Computing,ETF,ETF,38.63290023803711,0.4469507018225963,-0.0648651238231478,56.57002136304019,US
SKYW,SKYW,N/A,N/A,97.19000244140624,-0.6440372678219327,-0.1644830044434435,56.95921028184028,US
SKYY,First Trust Cloud Computing ETF,ETF,ETF,139.30999755859375,0.2158140159793039,-0.1256529675904465,57.485318649417806,US
SLAB,Silicon Laboratories Inc.,Technology,Semiconductors,218.0,0.0918259620936095,-0.0226742287551594,47.97402416927039,US
SLB,SLB N.V.,Energy,Oil & Gas Equipment & Services,47.540000915527344,2.412759135633284,0.0604314805885004,41.20149565928387,US
SLDE,"Slide Insurance Holdings, Inc.",Financial Services,Insurance - Property & Casualty,20.8799991607666,0.4812245948834778,-0.0689650511343809,64.44423988499122,US
SLDP,"Solid Power, Inc.",Consumer Cyclical,Auto Parts,2.369999885559082,-1.6597592882582417,0.0084430134175172,37.500083297212925,US
SLG,SL Green Realty Corp.,Real Estate,REIT - Office,49.869998931884766,-0.7957062308264417,0.0933196676726324,53.48213672599966,US
SLGN,Silgan Holdings Inc.,Consumer Cyclical,Packaging & Containers,44.709999084472656,-1.0402860060390084,-0.0408108962507245,60.81294821815877,US
SLJY,Amplify SILJ Junior Silver Miners Covered Call ETF,EQUITY,EQUITY,27.32999992370605,-0.2918640063896527,0.0248923475693708,43.57619043132604,US
SLM,SLM Corporation,Financial Services,Credit Services,25.530000686645508,1.794261420687265,0.0243145357083475,62.09871955441842,US
SLN,Silence Therapeutics plc,Healthcare,Biotechnology,9.75,-3.940883089296053,-0.0111165818009535,59.651731893898265,US
SLNZ,TCW Senior Loan ETF,ETF,ETF,45.744998931884766,0.2630113575556507,0.00541778845037,68.89928451633712,US
SLRC,SLR Investment Corp.,Financial Services,Asset Management,13.0600004196167,3.650793843018249,0.0053743256185297,58.22026075863661,US
SLTY,YieldmaxTM Ultra Short Option Income Strategy ETF,EQUITY,EQUITY,22.530000686645508,-0.678889651338789,0.0024830051222807,44.89646103593524,US
SLV,iShares Silver Trust,ETF,ETF,53.16999816894531,-2.368712701457136,0.0395709851631376,38.74357411108331,US
SLVM,Sylvamo Corporation,Basic Materials,Paper & Paper Products,37.84000015258789,-2.2727299596382973,-0.0653048784897158,44.7692622842618,US
SLVP,iShares MSCI Global Silver and Metals Miners ETF,ETF,ETF,30.530000686645508,-0.5861230973404938,0.0184586678300026,43.86355145466275,US
SLVR,Sprott Silver Miners & Physical Silver ETF,ETF,ETF,49.79999923706055,0.8097119409441639,0.055092342422585,43.710396823381714,US
SLVX,Nicholas Silver Income ETF,EQUITY,EQUITY,13.557600021362305,-2.171018463893214,0.0136944571348207,39.968960777768594,US
SLX,VanEck Steel ETF,ETF,ETF,101.25,2.864979870040632,0.2658025002017536,48.39024876595741,US
SLYG,State Street SPDR S&P 600 Small Cap Growth ETF,ETF,ETF,115.6050033569336,-0.9382978748441924,-0.0476426696866851,54.743157016356825,US
SLYV,State Street SPDR S&P 600 Small Cap Value ETF,ETF,ETF,108.0,0.7838711358570424,0.0338251718215665,57.22448759539169,US
SM,SM Energy Company,Energy,Oil & Gas E&P,29.71999931335449,6.446988653803312,0.0587788296029565,55.34674464692538,US
SMA,"SmartStop Self Storage REIT, Inc.",Real Estate,REIT - Industrial,33.189998626708984,1.997534397337637,0.0112614147914175,58.45112325647874,US
SMAX,iShares Large Cap Max Buffer Sep ETF,ETF,ETF,27.972400665283203,0.2056233131768644,0.0001490162346403,66.20392567746634,US
SMBS,Schwab Mortgage-Backed Securities ETF,ETF,ETF,25.170000076293945,-0.1586632670817792,0.001854800778904,45.89728930632339,US
SMC,Summit Midstream Corporation,Energy,Oil & Gas Midstream,30.34000015258789,0.4303246344090501,-0.0301447941689521,54.41242966042068,US
SMCF,Themes US Small Cap Cash Flow Champions ETF,ETF,ETF,39.46620178222656,0.6405753631549954,-0.002763186107957,71.0900698829755,US
SMCP,SMART Mid Cap ETF,EQUITY,EQUITY,25.09339904785156,1.922819628274653,0.020397389806704,55.74381738714944,US
SMCX,Defiance Daily Target 2X Long SMCI ETF,ETF,ETF,7.739999771118164,9.631725691925505,0.0574484141466333,38.93085813156372,US
SMDV,ProShares Russell 2000 Dividend Growers ETF,ETF,ETF,76.47000122070312,-0.0196108904082396,-0.0138953957464149,59.02159876666468,US
SMG,The Scotts Miracle-Gro Company,Basic Materials,Agricultural Inputs,64.12000274658203,-3.997601635493601,-0.0721405209270584,48.45996179277576,US
SMHB,ETRACS 2xMonthly Pay Leveraged US Small Cap High Dividend ETN,ETF,ETF,4.139100074768066,-0.7410072172790231,-0.0038125978179181,58.33110072122662,US
SMIN,iShares MSCI India Small-Cap ETF,ETF,ETF,69.94000244140625,0.1862267402364292,-0.0384220672727494,53.84963801458108,US
SMLF,iShares U.S. Small-Cap Equity Factor ETF,ETF,ETF,87.05999755859375,-0.5028599330357143,-0.0112109855297907,51.56277143127758,US
SMLV,State Street SPDR US Small Cap Low Volatility Index ETF,ETF,ETF,157.08399963378906,-0.2894462814375961,-0.0501885269653796,62.33851504440818,US
SMMD,iShares Russell 2500 ETF,ETF,ETF,89.69000244140625,-0.5102596524533687,-0.0045782776511452,51.54422538470254,US
SMN,ProShares UltraShort Materials,ETF,ETF,20.384599685668945,3.580281349425876,-0.0053400249308356,52.82010754640537,US
SMOM,Symmetry Panoramic Sector Momentum ETF,ETF,ETF,28.109699249267575,1.2962135108741553,0.0127453141806372,59.96507422997044,US
SMOX,Horizon Small/Mid Cap Core Equity ETF,ETF,ETF,30.11549949645996,0.3448632853871428,0.0072459286438908,53.521467397637245,US
SMPL,The Simply Good Foods Company,Consumer Defensive,Packaged Foods,12.350000381469728,-6.226269476643524,-0.0551896463263914,46.25883815689256,US
SMRI,Bushido Capital US Equity ETF,ETF,ETF,42.39899826049805,-0.0777737242223391,-0.0149284600958206,61.120578094209655,US
SMST,Defiance Daily Target 2X Short MSTR ETF,ETF,ETF,58.7599983215332,-2.715237024692838,-0.3707102901430117,49.810228499860905,US
SMTH,ALPS Smith Core Plus Bond ETF,ETF,ETF,25.540000915527344,-0.3122557419418431,-0.0001848872432312,41.534629853041146,US
SMU,Tradr 2X Long SMR Daily ETF,ETF,ETF,6.03000020980835,-9.459454234800925,0.0174662955387407,35.92997597917251,US
SMWB,Similarweb Ltd.,Technology,Software - Application,6.599999904632568,3.77358122767122,-0.0305658185124562,65.21457130268135,US
SN,"SharkNinja, Inc.",Consumer Cyclical,"Furnishings, Fixtures & Appliances",149.88999938964844,-0.6956426624979125,-0.179107822795201,63.05576522982629,US
SNA,Snap-on Incorporated,Industrials,Tools & Accessories,404.6199951171875,-1.0079745597745549,-0.0359635577822725,59.77984995854619,US
SNAP,Snap Inc.,Communication Services,Internet Content & Information,4.679999828338623,0.6451555345359816,0.0023228864955998,42.64439292231142,US
SNAV,Mohr Sector Nav ETF,ETF,ETF,38.45750045776367,-0.5495157001385406,-0.0085067564773814,52.463929940093074,US
SNDA,"Sonida Senior Living, Inc.",Healthcare,Medical Care Facilities,40.02000045776367,-2.223307697598614,-0.0866849172085058,58.25362633100721,US
SNDG,Leverage Shares 2X Long SNDK Daily ETF,ETF,ETF,14.460000038146973,13.768686032633068,0.0949852652962288,44.977479623848,US
SNDK,Sandisk Corporation,Technology,Computer Hardware,1757.8199462890625,8.661680122799252,4.056381820120343,48.0650825706808,US
SNDR,"Schneider National, Inc.",Industrials,Trucking,36.93000030517578,3.2429405439393504,0.036917812709626,57.79191439897204,US
SNDX,"Syndax Pharmaceuticals, Inc.",Healthcare,Biotechnology,24.1299991607666,3.829601542227624,-0.0300678587193776,65.7923895653766,US
SNOU,T-Rex 2X Long SNOW Daily Target ETF,ETF,ETF,47.91999816894531,9.857861857757614,0.1324656529474168,69.13602769166022,US
SNOW,Snowflake Inc.,Technology,Software - Application,275.94000244140625,5.023982909969773,0.3810160392925343,71.33549829427803,US
SNPD,Xtrackers S&P Dividend Aristocrats Screened ETF,ETF,ETF,30.022300720214844,-0.5818240753530929,-0.0037958631206599,60.08953268093258,US
SNPE,Xtrackers S&P 500 Scored & Screened ETF,ETF,ETF,68.69000244140625,0.7628051729915174,0.0187983926213751,54.75492350523717,US
SNPS,"Synopsys, Inc.",Technology,Software - Infrastructure,425.8999938964844,-2.457460748536501,-0.5406501383062086,35.73740130293436,US
SNSR,Global X Internet of Things ETF,ETF,ETF,47.48199844360352,-0.2772293314609424,-0.0099160493913939,44.302706446805246,US
SNTH,MRP SynthEquity ETF,ETF,ETF,29.850000381469727,0.403635523313472,-0.0011453369957167,52.96005979470207,US
SNX,TD SYNNEX Corporation,Technology,Electronics & Computer Distribution,252.9600067138672,7.336533576296439,0.8042553398214132,45.95893148331536,US
SNXX,Tradr 2X Long Sndk Daily ETF,ETF,ETF,22.93000030517578,12.622787906585636,0.1473747728842684,45.07006393604572,US
SO,The Southern Company,Utilities,Utilities - Regulated Electric,95.95999908447266,-1.36704884216156,-0.0348532436996753,53.2748101932146,US
SOCL,Global X Social Media ETF,ETF,ETF,46.29790115356445,0.5601655797320598,-0.0240241096750759,56.13884524411096,US
SOEZ,Franklin Solana ETF,ETF,ETF,13.445199966430664,-5.021193585779016,-0.0257136388245316,52.13158949188067,US
SOFA,Direxion Daily SOFI Bull 2X ETF,ETF,ETF,15.857000350952148,8.461015561394872,-0.0054223684726625,55.49866662825444,US
SOFI,"SoFi Technologies, Inc.",Financial Services,Credit Services,18.549999237060547,4.507037955270687,-0.0004998804022506,57.1334420758345,US
SOFX,Defiance Daily Target 2X Long SOFI ETF,ETF,ETF,10.8100004196167,8.100004196166992,-0.0010272494755293,55.11105670633278,US
SOLR,Guinness Atkinson Sustainable Energy ETF,ETF,ETF,34.904998779296875,0.0,0.0121434294026747,46.66200613332708,US
SOLZ,Solana ETF,ETF,ETF,7.730000019073486,-5.153369559697324,-0.0147222230088649,51.741475092912765,US
SON,Sonoco Products Company,Consumer Cyclical,Packaging & Containers,53.20000076293945,-5.824041100677549,-0.1610846525706035,49.41303739807017,US
SONO,"Sonos, Inc.",Technology,Consumer Electronics,15.220000267028809,7.943261384808117,0.0489792530772711,60.34691684545306,US
SOPH,SOPHiA GENETICS SA,Healthcare,Health Information Services,5.679999828338623,4.411760452090707,-0.0023657234047086,56.51260244403794,US
SOVF,Sovereign's Capital Flourish Fund,ETF,ETF,30.395099639892575,-0.5558674666984673,-0.0309879943647343,64.72152825899988,US
SOXL,Direxion Daily Semiconductor Bull 3X Shares,ETF,ETF,176.66000366210938,6.885288581111709,0.950679113479115,45.24466992323096,US
SOXQ,Invesco PHLX Semiconductor ETF,ETF,ETF,99.6500015258789,2.96549161271118,0.1529250499341785,47.85703477581632,US
SOXY,YieldMax Target 12 Semiconductor Option Income ETF,ETF,ETF,99.83000183105467,2.8263635717819744,0.0792708669915021,48.29604764888052,US
SPAB,State Street SPDR Portfolio Aggregate Bond ETF,ETF,ETF,25.270000457763672,-0.1974693430615145,0.0025814873222977,44.9614611386309,US
SPAM,Themes Cybersecurity ETF,ETF,ETF,44.0806999206543,3.226238986058574,0.0450628634558052,68.6008145446452,US
SPB,"Spectrum Brands Holdings, Inc.",Consumer Defensive,Household & Personal Products,84.12000274658203,0.8996041445263694,0.0303023826494961,52.42950554128322,US
SPBU,AllianzIM Buffer15 Uncapped Allocation ETF,ETF,ETF,30.322900772094727,0.516793039236489,0.0011003773578586,55.09926578338029,US
SPBW,AllianzIM Buffer20 Allocation ETF,ETF,ETF,28.82699966430664,0.2852629072159353,0.0003121148628632,62.53146671553914,US
SPBX,AllianzIM 6 Month Buffer10 Allocation ETF,ETF,ETF,29.34499931335449,0.403736385578494,0.0001713405076823,63.927300951920245,US
SPCK,SPAC and New Issue ETF,ETF,ETF,22.20499992370605,0.5205965157256534,-0.0018336630569744,51.26201016821823,US
SPCL,Tidal Trust II - Defiance Daily 2X Space ETF,ETF,ETF,28.6200008392334,-17.805855571309532,-0.0880408257509006,39.89228620855968,US
SPCT,Liberty One Spectrum ETF,ETF,ETF,27.605199813842773,-0.4931178831084488,-0.0068246419324996,58.32570997771683,US
SPCZ,RiverNorth Market Neutral ETF,ETF,ETF,26.07010078430176,0.0,0.0009587231610881,52.19588645907629,US
SPDF,Defender Risk Adaptive 500 ETF,ETF,ETF,27.6200008392334,0.7293973828700476,0.0015185868225987,56.98130609136696,US
SPDN,Direxion Daily S&P 500 Bear 1X Shares,ETF,ETF,8.630000114440918,-0.5760390435130373,0.0001113674444829,44.94929082805784,US
SPEM,State Street SPDR Portfolio Emerging Markets ETF,ETF,ETF,51.27000045776367,0.5097081842496597,-0.0043418369771819,49.0943306560688,US
SPEU,State Street SPDR Portfolio Europe ETF,ETF,ETF,54.7400016784668,-0.7973878656679044,-0.0070518221714503,51.8458129689345,US
SPG,"Simon Property Group, Inc.",Real Estate,REIT - Retail,221.27999877929688,-2.6013484742285717,0.0430828037651354,56.20360279743428,US
SPGI,S&P Global Inc.,Financial Services,Financial Data & Stock Exchanges,438.8699951171875,-1.0350418135421773,-0.4740258829891184,63.91787556232536,US
SPHB,Invesco S&P 500 High Beta ETF,ETF,ETF,147.8000030517578,1.3508888404084287,0.1010797107608163,49.2668193732904,US
SPHD,Invesco S&P 500 High Dividend Low Volatility ETF,ETF,ETF,51.97999954223633,-0.6308580049534911,-0.0116244169722311,58.3278825130262,US
SPHQ,Invesco S&P 500 Quality ETF,ETF,ETF,87.02999877929688,0.3921978640160132,-0.0076855736963201,50.1586894341845,US
SPHR,Sphere Entertainment Co.,Communication Services,Entertainment,137.02000427246094,-12.43608894836731,-0.6367481558913766,36.65432325914134,US
SPHY,State Street SPDR Portfolio High Yield Bond ETF,ETF,ETF,23.31999969482422,-0.1284825959545422,-0.0003180368987672,55.239098818613456,US
SPIB,State Street SPDR Portfolio Intermediate Term Corporate Bond ETF,ETF,ETF,33.209999084472656,-0.1803467762712762,0.0011920239673587,46.638179618093226,US
SPIP,State Street SPDR Portfolio TIPS ETF,ETF,ETF,25.31999969482422,-0.1577323129519799,-0.0002041401818845,43.71183038962428,US
SPIR,"Spire Global, Inc.",Industrials,Specialty Business Services,14.5,-13.895487716063297,-0.0069255605875615,38.16153358637728,US
SPIT,F/m Emerald Special Situations ETF,ETF,ETF,33.15950012207031,-1.926889728275457,-0.0261674463067591,48.42026218651637,US
SPLV,Invesco S&P 500 Low Volatility ETF,ETF,ETF,75.91000366210938,-1.3130454119585504,-0.0413736704038015,56.54964917986647,US
SPMB,State Street SPDR Portfolio Mortgage Backed Bond ETF,ETF,ETF,22.1200008392334,-0.0451799453789801,0.0037926508337567,46.87634520949573,US
SPMD,State Street SPDR Portfolio S&P 400 Mid Cap ETF,ETF,ETF,66.2300033569336,0.1815198086131028,0.0155338937957331,51.71794492502429,US
SPMO,Invesco S&P 500 Momentum ETF,ETF,ETF,152.86000061035156,2.3022369719993763,0.1712627822165049,51.00623229041754,US
SPOG,Leverage Shares 2X Long SPOT Daily ETF,ETF,ETF,6.794300079345703,-5.120789095271215,-0.0096496858049036,50.443692064907246,US
SPOT,Spotify Technology S.A.,Communication Services,Internet Content & Information,481.05999755859375,-2.6095787690829853,-0.3176906662278809,52.23767416439928,US
SPRE,SP Funds S&P Global REIT Sharia ETF,ETF,ETF,21.299999237060547,-0.9762946982181674,0.0017851912692487,52.61872068535487,US
SPRX,Spear Alpha ETF,ETF,ETF,48.65779876708984,-0.1891307341746795,0.0181992089909852,42.745060866063085,US
SPSB,State Street SPDR Portfolio Short Term Corporate Bond ETF,ETF,ETF,29.899999618530277,-0.0334343996417679,0.0007553646083893,54.140512552550746,US
SPSC,"SPS Commerce, Inc.",Technology,Software - Application,63.29999923706055,3.889707730205679,0.0282466119101836,68.9359894139416,US
SPSK,SP Funds Dow Jones Global Sukuk ETF,ETF,ETF,17.90999984741211,-0.4446910768419777,-0.0026070578541917,41.901092445245474,US
SPSM,State Street SPDR Portfolio S&P 600 Small Cap ETF,ETF,ETF,56.5099983215332,-0.0707354837612956,-0.0034690931874125,56.43899726803431,US
SPT,"Sprout Social, Inc.",Technology,Software - Application,8.479999542236328,3.28866629518671,-0.0121762185133729,65.648013305123,US
SPTE,SP Funds S&P Global Technology ETF,ETF,ETF,46.709999084472656,1.3232117799179437,0.0077075882801816,48.92084147848042,US
SPTI,State Street SPDR Portfolio Intermediate Term Treasury ETF,ETF,ETF,28.170000076293945,-0.1063854107583388,0.0010513488934363,46.32943208175293,US
SPTL,State Street SPDR Portfolio Long Term Treasury ETF,ETF,ETF,25.61000061035156,-0.4276777058303244,0.0036382615333065,39.17617580157946,US
SPTM,State Street SPDR Portfolio S&P 1500 Composite Stock Market ETF,ETF,ETF,91.2699966430664,0.5397641224481701,-0.0030141666943615,56.69321209431557,US
SPTS,State Street SPDR Portfolio Short Term Treasury ETF,ETF,ETF,28.93000030517578,0.0691817982332581,0.0009529702962228,54.67290848131909,US
SPUC,Simplify US Equity Income ETF,ETF,ETF,49.61280059814453,0.6937157563929722,0.0002164037581638,58.47631810665384,US
SPUS,SP Funds S&P 500 Sharia Industry Exclusions ETF,ETF,ETF,57.2599983215332,0.8809020697421578,-0.0019921398375162,52.70867268402771,US
SPUU,Direxion Daily S&P 500 Bull 2X Shares,ETF,ETF,217.5500030517578,0.9419073585069836,-0.0265585158295249,55.35391481385099,US
SPWO,SP Funds S&P World ETF,ETF,ETF,32.65999984741211,-1.2099259203360626,-0.0066391151105885,44.85023395261905,US
SPXD,Xtrackers S&P 500 Diversified Sector Weight ETF,ETF,ETF,28.62929916381836,-0.8852382310449266,-0.0120258010790865,55.19635320963977,US
SPXE,ProShares S&P 500 ex-Energy ETF,ETF,ETF,81.09760284423828,0.5113779489735941,-0.0045698765199797,56.36490317358006,US
SPXL,Direxion Daily S&P500 Bull 3X Shares,ETF,ETF,275.6300048828125,1.4987506852295414,-0.0348054928652707,55.02320561119832,US
SPXN,ProShares S&P 500 ex-Financials ETF,ETF,ETF,82.32319641113281,0.6900692364801486,-0.0003075618711039,54.1948734010244,US
SPXT,ProShares S&P 500 ex-Technology ETF,ETF,ETF,109.88600158691406,-0.815957506221651,-0.0408579540770123,59.02621913303052,US
SPYD,State Street SPDR Portfolio S&P 500 High Dividend ETF,ETF,ETF,48.5099983215332,-0.0823911764282977,0.0035763026952204,57.70318382730944,US
SPYH,NEOS S&P 500 Hedged Equity Income ETF,ETF,ETF,56.21200180053711,0.495218415026913,-0.0015730724915255,59.50134912422399,US
SPYI,Neos S&P 500(R) High Income ETF,ETF,ETF,53.560001373291016,0.5255304061736238,-0.0036808150961027,58.5530681049348,US
SPYT,SPYT,N/A,N/A,17.3700008392334,0.346628394813466,-0.0031147508364502,57.01561340573501,US
SPYX,State Street SPDR S&P 500 Fossil Fuel Reserves Free ETF,ETF,ETF,61.66999816894531,0.4970202593272966,-0.00543424809021,57.37709003427285,US
SQLT,Ishares MSCI USA Small-Cap Quality Factor ETF,ETF,ETF,28.23929977416992,-0.2849573500138336,-0.0022354900899416,51.39041804152471,US
SQLV,Royce Quant Small-Cap Quality Value ETF,ETF,ETF,52.408199310302734,-0.165348363364401,-0.0340822096148188,63.5172599726466,US
SR,Spire Inc.,Utilities,Utilities - Regulated Gas,81.38999938964844,0.4318836008971882,-0.0298937779165653,53.36581690410527,US
SRAD,Sportradar Group AG,Technology,Software - Application,15.029999732971191,-5.233290931104245,-0.0446401247850226,48.9258862768825,US
SRCE,1st Source Corporation,Financial Services,Banks - Regional,81.5,-0.2570053687744593,-0.0339783664100108,61.10632478565004,US
SRE,Sempra,Utilities,Utilities - Diversified,93.36000061035156,-1.3003444076108437,-0.1142909936608685,53.110933019230686,US
SRET,Global X SuperDividend REIT ETF,ETF,ETF,22.790000915527344,0.6403199595165365,0.0079670264346381,63.64835937101344,US
SRHQ,SRH U.S. Quality GARP ETF,ETF,ETF,46.948001861572266,0.0191795430343841,-0.0055765535498065,67.32168013704228,US
SRHR,SRH REIT Covered Call ETF,ETF,ETF,59.84199905395508,-0.0651316185532104,-0.0103662018181792,58.66633162799527,US
SRLN,State Street Blackstone Senior Loan ETF,ETF,ETF,40.33000183105469,0.1241386625451266,-0.0028210197360178,66.06634426191025,US
SROI,Calamos Antetokounmpo Global Sustainable Equities ETF,ETF,ETF,37.05390167236328,-0.1995708979108141,-0.0033019396649069,51.81351499838646,US
SRPT,"Sarepta Therapeutics, Inc.",Healthcare,Biotechnology,17.959999084472656,-9.247103316801052,-0.1387029560762251,49.13373235891547,US
SRRK,Scholar Rock Holding Corporation,Healthcare,Biotechnology,53.77999877929688,-4.915138837508805,-0.2466196939356173,54.880048787555126,US
SRTA,"Strata Critical Medical, Inc.",Healthcare,Medical Care Facilities,5.28000020980835,0.7633671839197399,0.0193149566469518,46.15110531532504,US
SRTY,ProShares UltraPro Short Russell2000,ETF,ETF,22.76000022888184,1.8800361388775195,0.0067342837063916,47.57629731415012,US
SSCP,SMART Small Cap ETF,EQUITY,EQUITY,25.713600158691406,-0.7580072940074506,-0.0051504588443904,53.589205083939206,US
SSFI,Day Hagan Smart Sector Fixed Income ETF,ETF,ETF,21.141700744628903,-0.2279367069910221,0.0012526775804037,43.17466285613008,US
SSII,"SS Innovations International, Inc.",Healthcare,Medical Devices,3.670000076293945,2.5139707962541378,-0.0057522423442937,49.08500178853511,US
SSK,REX-Osprey SOL + Staking ETF,ETF,ETF,10.4399995803833,-5.03911981606595,-0.0198023792266801,52.085325692069,US
SSMG,Virtus Silvant Small/Mid Growth ETF,ETF,ETF,26.36000061035156,-4.665457598466616,-0.0359409803123363,42.29797557226095,US
SSO,ProShares Ultra S&P500,ETF,ETF,68.1500015258789,0.977928112313192,-0.0056286972600109,55.47471742018682,US
SSRM,SSR Mining Inc.,Basic Materials,Gold,27.809999465942383,-7.021064500779072,-0.0472519234578374,44.13934533276436,US
SSTK,"Shutterstock, Inc.",Communication Services,Internet Content & Information,7.610000133514404,-12.729358939487945,0.0179836681063667,22.17664588412013,US
SSUS,Day Hagan Smart Sector ETF,ETF,ETF,55.19499969482422,0.5739770783131337,-0.0001160844223475,54.10259747714734,US
SSYS,SSYS,N/A,N/A,8.329999923706055,1.4616307551950565,-0.0026877166018,45.36534687386598,US
ST,Sensata Technologies Holding plc,Technology,Scientific & Technical Instruments,44.66999816894531,0.8579752665680076,0.0793965326418882,41.98136911501723,US
STAA,STAAR Surgical Company,Healthcare,Medical Instruments & Supplies,27.34000015258789,2.975521424590473,4.6651608272108014e-05,42.97617150179504,US
STAG,"STAG Industrial, Inc.",Real Estate,REIT - Industrial,39.34000015258789,0.5623753239006685,0.0090945381112297,60.54292497649589,US
STBA,"S&T Bancorp, Inc.",Financial Services,Banks - Regional,48.81999969482422,0.1230545023717075,-0.0092934336873083,58.65981510295175,US
STBF,Performance Trust Short Term Bond ETF,ETF,ETF,25.34000015258789,-0.1182526040721027,-0.0005463282804732,53.90745690049252,US
STC,Stewart Information Services Corporation,Financial Services,Insurance - Property & Casualty,68.87999725341797,0.7754188604664636,-0.0160684672251603,56.67107267150208,US
STE,STERIS plc,Healthcare,Medical Devices,208.72999572753903,-3.092067264488535,-0.5724148175005481,46.57950945728283,US
STEP,StepStone Group Inc.,Financial Services,Asset Management,43.41999816894531,1.259321565716121,0.0234580318123041,48.51196644709009,US
STEW,"SRH Total Return Fund, Inc.",Financial Services,Asset Management,18.21999931335449,-0.2736789444793481,-0.0001338393652964,62.66611087139104,US
STGW,Stagwell Inc.,Communication Services,Advertising Agencies,7.590000152587891,-1.4285670052210573,-0.0264646113748458,59.3280939057306,US
STHH,STMicroelectronics NV ADRhedged,ETF,ETF,14.161499977111816,-89.5794697475125,-7.895391916286659,16.532025181360297,US
STIP,iShares 0-5 Year TIPS Bond ETF,ETF,ETF,101.27999877929688,-0.0394797825185812,-0.0051374844251057,50.97441845258199,US
STLD,"Steel Dynamics, Inc.",Basic Materials,Steel,233.3500061035156,1.6244277787849002,0.7316257163406465,45.46265379281001,US
STLU,2x Stellar ETF,ETF,ETF,18.964599609375,-7.75972713039298,0.0430991630406115,45.60698905732954,US
STOK,"Stoke Therapeutics, Inc.",Healthcare,Biotechnology,29.1299991607666,-11.780742710687797,-0.1531418439323112,37.10267396580549,US
STOT,State Street DoubleLine Short Duration Total Return Tactical ETF,ETF,ETF,46.86000061035156,-0.0319986979166666,7.302935624668716e-05,55.126268230800505,US
STOX,Horizon Core Equity ETF,ETF,ETF,31.149999618530277,0.4482278559257062,-0.0063028583379059,56.93357324223561,US
STPZ,PIMCO 1-5 Year U.S. TIPS Index Exchange-Traded Fund,ETF,ETF,52.89970016479492,-0.0761210105013704,-0.0032103506372765,50.19481325146732,US
STRA,"Strategic Education, Inc.",Consumer Defensive,Education & Training Services,84.08000183105469,0.1667850674011632,-0.1215283521507275,61.5674103078101,US
STRL,"Sterling Infrastructure, Inc.",Industrials,Engineering & Construction,679.6199951171875,0.7755127382003738,3.259224094077055,40.77016005428776,US
STRN,SMART Trend 25 ETF,EQUITY,EQUITY,27.35740089416504,1.3424709896839255,0.0213035844835524,49.79329876855719,US
STRO,"Sutro Biopharma, Inc.",Healthcare,Biotechnology,26.030000686645508,-18.985372482676848,-0.2355470751173793,38.65305710586435,US
STRZ,Starz Entertainment Corp.,Communication Services,Entertainment,27.459999084472656,-5.5383578508885085,-0.0334998870334994,50.418079378492,US
STT,State Street Corporation,Financial Services,Asset Management,183.6499938964844,2.0617936005009265,0.1715492213600544,71.7059089364244,US
STTK,"Shattuck Labs, Inc.",Healthcare,Biotechnology,6.289999961853027,-13.360884799561571,-0.0524460603372648,51.40743040652755,US
STUB,"StubHub Holdings, Inc.",Communication Services,Internet Content & Information,10.670000076293944,-21.138209261806026,-0.040307791812424,43.70087101386432,US
STVN,Stevanato Group S.p.A.,Healthcare,Medical Instruments & Supplies,19.81999969482422,1.1740660563800178,-0.0200945959620359,65.32508202198255,US
STWD,"Starwood Property Trust, Inc.",Real Estate,REIT - Mortgage,16.610000610351562,-0.0601698458295457,0.0015227685132108,52.908928214967865,US
STX,Seagate Technology Holdings plc,Technology,Computer Hardware,878.3099975585938,6.122224881995308,2.345839566694748,48.06000702128254,US
STXD,Strive 1000 Dividend Growth ETF,ETF,ETF,39.5004997253418,0.3008982681204658,0.0010811987913464,55.59186611450885,US
STXE,Strive Emerging Markets Ex-China ETF,ETF,ETF,49.02519989013672,-1.0591308880007175,0.0264881009202013,45.40166413963715,US
STXG,STXG,N/A,N/A,55.3827018737793,0.7416160272385005,-0.0011000516886483,54.91215881512706,US
STXK,Strive Small-Cap ETF,ETF,ETF,38.21480178833008,-0.5392720105852833,-0.0080901018668794,55.532764677939966,US
STXU,Leverage Shares 2X Long STX Daily ETF,ETF,ETF,14.670000076293944,12.75941443664971,0.0933106597527644,45.42874992696234,US
STXV,Strive 1000 Value ETF,ETF,ETF,38.27999877929688,-0.2553535279639447,-0.0054825337092926,61.17220095611223,US
STXX,Tradr 2X Long STX Daily ETF,ETF,ETF,48.060001373291016,11.767445054165153,0.3079860522682172,45.89567836964362,US
STZ,"Constellation Brands, Inc.",Consumer Defensive,Beverages - Brewers,131.33999633789062,-0.3187600079351265,0.0056693699895311,37.65712367197595,US
SUB,iShares Short-Term National Muni Bond ETF,ETF,ETF,106.25,-0.0282261758011223,-0.0014199622467754,53.41637096635625,US
SUIS,Canary Staked SUI ETF,ETF,ETF,19.79450035095215,3.473608046718378,0.0527338016052274,49.96757000180512,US
SUJA,"Suja Life, Inc.",Consumer Defensive,Beverages - Non-Alcoholic,9.510000228881836,-12.188362918958465,-0.0277798121756178,38.57509819881239,US
SUNB,"Sunbelt Rentals Holdings, Inc.",Industrials,Rental & Leasing Services,72.41999816894531,5.1167401590864765,0.0598766183197658,45.5651755007276,US
SUPL,SUPL,N/A,N/A,47.30500030517578,1.319371029625121,0.0166819025962954,61.7512749829852,US
SURE,AdvisorShares Insider Advantage ETF,ETF,ETF,148.7570037841797,0.3826178105352469,-0.0028418881205434,63.06910159273773,US
SURI,Simplify Propel Opportunities ETF,ETF,ETF,18.190000534057617,-1.141299395795478,-0.0114194233223057,65.3578280435039,US
SUSA,iShares ESG Optimized MSCI USA ETF,ETF,ETF,155.218994140625,0.6347177208213509,-0.0091442584018861,58.58231497600393,US
SVAL,iShares US Small Cap Value Factor ETF,ETF,ETF,42.06999969482422,1.1784459889166443,0.0041430428095026,64.43478084314422,US
SVCO,"Silvaco Group, Inc.",Technology,Software - Application,10.220000267028809,2.6104440550806283,0.0019568762635071,42.58743156699314,US
SVIX,-1x Short VIX Futures ETF,ETF,ETF,24.405000686645508,0.4734449023616571,-0.0155642949190245,59.98228494531343,US
SVOL,Simplify Volatility Premium ETF,ETF,ETF,16.209999084472656,0.6832217415940719,8.335782198956587e-05,61.66981971763202,US
SVRA,Savara Inc.,Healthcare,Biotechnology,5.690000057220459,-8.373590623707607,-0.0286179146394765,47.20536456295356,US
SVV,"Savers Value Village, Inc.",Consumer Cyclical,Specialty Retail,9.6899995803833,0.6230474063277429,0.0062625651234699,52.02250778476264,US
SVXY,ProShares Short VIX Short-Term Futures ETF,ETF,ETF,58.0,0.293961894453933,-0.022536661519934,60.82802732341442,US
SW,Smurfit Westrock Plc,Consumer Cyclical,Packaging & Containers,42.90999984741211,-4.6444447835286455,-0.0218715288628118,46.642569877577074,US
SWAN,Amplify BlackSwan Growth & Treasury Core ETF,ETF,ETF,33.18980026245117,0.1502742115870108,0.0025022612394028,51.06283947812764,US
SWBI,"Smith & Wesson Brands, Inc.",Industrials,Aerospace & Defense,15.1899995803833,-1.6191710284605705,-0.027924426750855,49.75794436054451,US
SWMR,"Swarmer, Inc",Technology,Software - Infrastructure,41.59999847412109,3.456850090268205,0.0754397918044544,47.2735908449945,US
SWP,SWP Growth & Income ETF,ETF,ETF,27.87470054626465,-1.8150716958862536,-0.0277904607852539,44.82397331541736,US
SWRD,Stewards Inc.,Financial Services,Credit Services,3.0,20.0,0.0091556210136903,55.7698231472644,US
SWX,"Southwest Gas Holdings, Inc.",Utilities,Utilities - Regulated Gas,92.37999725341795,1.4161828602365891,0.0312410380814189,63.42658018728788,US
SXI,Standex International Corporation,Industrials,Specialty Industrial Machinery,311.8800048828125,0.4315052170473502,0.2598605093443744,50.3767041063313,US
SXQG,ETC 6 Meridian Quality Growth ETF,ETF,ETF,32.07569885253906,-1.3662410792449386,-0.0271403724677145,53.95587274018592,US
SXT,Sensient Technologies Corporation,Basic Materials,Specialty Chemicals,113.54000091552734,-7.930586120255517,-0.2148731246796122,41.58343748270645,US
SYF,Synchrony Financial,Financial Services,Credit Services,73.68000030517578,-2.436435937076485,0.1103594658830319,49.20843987177333,US
SYFI,AB Short Duration High Yield ETF,ETF,ETF,35.59000015258789,-0.1262752099475234,-0.0014178995899685,54.96767903229563,US
SYK,Stryker Corporation,Healthcare,Medical Devices,311.07000732421875,-5.662031741095723,-1.447900822965441,45.68128020325548,US
SYLD,Cambria Shareholder Yield ETF,ETF,ETF,81.0999984741211,0.8580957350917975,0.0193114414677191,62.04996924447489,US
SYM,Symbotic Inc.,Industrials,Specialty Industrial Machinery,43.65999984741211,5.663117545668814,0.0171167850314362,49.7872589973542,US
SYNA,Synaptics Incorporated,Technology,Semiconductors,122.83999633789062,2.9069226032232387,0.1483653862198237,47.39042088594296,US
SYRE,"Spyre Therapeutics, Inc.",Healthcare,Biotechnology,98.9499969482422,5.009013502238498,0.1149558854014811,63.73891613823555,US
SYY,Sysco Corporation,Consumer Defensive,Food Distribution,82.8499984741211,-2.0917090699721483,-0.09631804490508,59.42543460505434,US
SYZ,Lazard US Systematic Small Cap Equity ETF,ETF,ETF,30.178300857543945,0.1436888280512087,0.0039627724191148,51.77925819940841,US
SZK,ProShares UltraShort Consumer Staples,ETF,ETF,21.26000022888184,-1.1622501038578366,-0.0171902296271954,46.62249584640844,US
T,AT&T Inc.,Communication Services,Telecom Services,21.280000686645508,2.251947001668754,0.0253196935318906,43.06963012389536,US
TABD,Transamerica Bond Active ETF,EQUITY,EQUITY,24.770000457763672,-0.7810923037547226,-0.0047350341111634,40.626988763096,US
TACN,T. Rowe Price Active Core International Equity ETF,EQUITY,EQUITY,28.17099952697754,-1.9457014415785008,-0.0205709998535996,49.85972301161063,US
TACO,Berto Acquisition Corp.,Financial Services,Shell Companies,10.520000457763672,0.0951496542726513,-0.0010958509008406,65.91767025503837,US
TAFL,AB Tax-Aware Long Municipal ETF,ETF,ETF,25.155000686645508,-0.1191136785110608,0.0002183384215834,55.793479350408006,US
TAFM,AB Tax-Aware Intermediate Municipal ETF,ETF,ETF,25.520000457763672,-0.1369589003879631,-4.432742110330179e-06,53.641694664791295,US
TAGS,Teucrium Agricultural Fund,ETF,ETF,24.903499603271484,0.6202004172585227,-0.005712724915978,62.31124482745828,US
TAIL,Cambria Tail Risk ETF,ETF,ETF,10.529999732971191,-0.472591598255407,0.0012439446146904,34.25762515341748,US
TAL,TAL Education Group,Consumer Defensive,Education & Training Services,10.300000190734863,3.309928935482356,-0.0138283161837926,61.05872104529598,US
TALO,Talos Energy Inc.,Energy,Oil & Gas E&P,14.15999984741211,4.19425819296754,0.0194980096824712,51.27105820511906,US
TALV,Transamerica Large Value Active ETF,EQUITY,EQUITY,27.982999801635746,-0.1142230544703105,-0.002146371499278,60.37713129084432,US
TAOZ,Thornburg American Opportunities Fund ETF Class,ETF,ETF,88.51499938964844,0.1981017195070343,-0.0074365095835891,64.34374100838613,US
TAP,Molson Coors Beverage Company,Consumer Defensive,Beverages - Brewers,38.86000061035156,-1.0440535844991377,-0.0184432203845626,44.149431358512295,US
TARK,Tradr 2X Long Innovation ETF,ETF,ETF,46.2338981628418,-4.247906577720003,-0.0649711285896055,49.9737822997927,US
TASK,"TaskUs, Inc.",Technology,Information Technology Services,5.800000190734863,11.753374311928123,0.0192627951842366,61.936780820026826,US
TATT,TAT Technologies Ltd.,Industrials,Aerospace & Defense,44.2599983215332,-3.698870315064452,0.0733826880137213,50.73910981743264,US
TAX,Cambria Tax Aware ETF,ETF,ETF,30.80649948120117,-0.9596529992866067,-0.0121911889552307,49.91493808845981,US
TAXE,T. Rowe Price Intermediate Municipal Income ETF,ETF,ETF,51.06499862670898,-0.3707002974280434,-0.0053179379109637,44.34586588523745,US
TAXF,American Century Diversified Municipal Bond ETF,ETF,ETF,50.56999969482422,-0.0790375717149509,0.0001598009092727,54.50420114429751,US
TAXS,Northern Trust Short-Term Tax-Exempt Bond ETF,ETF,ETF,50.28499984741211,-0.0596219419967361,-0.0002972134497261,59.50084498144575,US
TAXT,Northern Trust Tax-Exempt Bond ETF,ETF,ETF,51.43999862670898,-0.15528305579165,-0.001834408217534,50.08546505503763,US
TBBB,BBB Foods Inc.,Consumer Defensive,Discount Stores,40.459999084472656,-0.3693709027935118,-0.0794705597783618,47.49791321624992,US
TBF,ProShares Short 20+ Year Treasury,ETF,ETF,24.84000015258789,0.6890963752258067,-0.0030739805892594,65.01298845824353,US
TBG,TBG Dividend Focus ETF,ETF,ETF,37.119998931884766,-1.3028494297124038,-0.0140770642854118,54.67646172749357,US
TBIL,F/m US Treasury 3 Month Bill Fund - ETF Class Shares,ETF,ETF,49.93000030517578,0.0601177923437881,-0.0006559648664448,97.72452506492904,US
TBJL,Innovator 20+ Year Treasury Bond Buffer ETF – July,ETF,ETF,19.22050094604492,-0.5150038838041615,0.006400847249311,20.33064833783152,US
TBLA,Taboola.com Ltd.,Communication Services,Internet Content & Information,5.489999771118164,1.1049713568388595,-0.013596726141521,62.84891887706458,US
TBLD,Thornburg Income Builder Opportunities Trust,Financial Services,Asset Management,21.96999931335449,0.1137018953937347,0.0101605666722166,54.37916411849079,US
TBLL,Invesco Short Term Treasury ETF,ETF,ETF,105.72000122070312,0.0757306243060493,2.8353663682617603e-06,91.7683025532401,US
TBLU,Tortoise Global Water Fund,ETF,ETF,51.49869918823242,-0.19438329638821,0.00090861884606,56.39207177735457,US
TBRG,"TruBridge, Inc.",Healthcare,Health Information Services,26.239999771118164,-0.0380961100260416,0.0016573457117548,79.09804336268209,US
TBX,ProShares Short 7-10 Year Treasury,ETF,ETF,28.55039978027344,0.2471918510135669,-0.004503185910414,57.72115500340564,US
TBXU,Direxion Daily Biotech Top 5 Bull 2X ETF,ETF,ETF,31.31480026245117,-10.442142030107156,-0.1424957107069209,49.0456284328886,US
TCAF,T. Rowe Price Capital Appreciation Equity ETF,ETF,ETF,41.63999938964844,0.2166068694114798,-0.0213949107271348,62.91232988695042,US
TCAL,T. Rowe Price Capital Appreciation Premium Income ETF,ETF,ETF,22.649999618530277,-0.3124908708174073,-0.0187114849766653,63.83115244293148,US
TCAN,21Shares Canton Network ETF,ETF,ETF,22.473899841308597,0.6895167947518516,0.0612063379789916,36.6806678075261,US
TCBI,"Texas Capital Bancshares, Inc.",Financial Services,Banks - Regional,101.9800033569336,-2.130512146186818,-0.042928852852437,50.27076020849831,US
TCBK,TriCo Bancshares,Financial Services,Banks - Regional,58.810001373291016,9.475055913859991,0.1483313881612875,69.45753348211628,US
TCBX,"Third Coast Bancshares, Inc.",Financial Services,Banks - Regional,40.2599983215332,-0.3958432821875713,0.0080896013461684,53.71336946679135,US
TCI,"Transcontinental Realty Investors, Inc.",Real Estate,Real Estate Services,44.369998931884766,-2.4406346119698794,-0.1314969629815321,53.82610786770488,US
TCMD,"Tactile Systems Technology, Inc.",Healthcare,Medical Devices,27.6200008392334,-12.289612448439048,-0.1895124170213313,46.20237563088234,US
TCPB,TCPB,N/A,N/A,50.36000061035156,-0.3265728066189771,0.0010395804133481,44.48849478832884,US
TCV,Towle Value ETF,EQUITY,EQUITY,33.238800048828125,3.9297094743436207,0.0461881639044943,67.74483136708771,US
TDAQ,TappAlpha Innovation 100 Growth & Daily Income ETF,ETF,ETF,27.350000381469727,0.0731813312093113,-0.0152449737817086,47.02189580243551,US
TDAY,"USA TODAY Co., Inc.",Communication Services,Publishing,8.420000076293945,-1.8648001029701509,-0.0152746038630082,55.12674004709418,US
TDG,TransDigm Group Incorporated,Industrials,Aerospace & Defense,1215.3399658203125,-8.595627252904315,-3.693997332894536,36.92218114598395,US
TDIV,First Trust NASDAQ Technology Dividend Index Fund,ETF,ETF,110.70459747314452,-1.367961885110316,-0.1346229128860705,41.90594542037924,US
TDOC,"Teladoc Health, Inc.",Healthcare,Health Information Services,9.270000457763672,-2.626050293895964,-0.0307966781828711,63.94072850819864,US
TDOG,21Shares Dogecoin ETF,ETF,ETF,14.933600425720217,-0.6083141106861416,0.0339971917676158,39.41139061426092,US
TDOT,21Shares Polkadot ETF,ETF,ETF,10.18589973449707,-1.5855134388831158,0.011646950424506,39.295898780970745,US
TDS,"Telephone and Data Systems, Inc.",Communication Services,Telecom Services,34.2599983215332,-2.7809401539626464,0.0662076376699358,29.446414899401148,US
TDTF,FlexShares iBoxx 5-Year Target Duration TIPS Index Fund,ETF,ETF,23.520000457763672,-0.0424999090098267,0.0001093106283715,48.8103745044862,US
TDTT,FlexShares iBoxx 3-Year Target Duration TIPS Index Fund,ETF,ETF,23.70499992370605,-0.0210846096990169,-0.0005999902630512,50.49037064996996,US
TDVI,FT Vest Technology Dividend Target Income ETF,ETF,ETF,30.600000381469727,-1.4492717122315169,-0.0368294780646102,41.512283816179576,US
TDY,Teledyne Technologies Incorporated,Technology,Scientific & Technical Instruments,623.0999755859375,-2.8985563763855486,-0.797012677877885,45.894996519448426,US
TEAM,Atlassian Corporation,Technology,Software - Application,89.08000183105469,0.7806340606073788,-0.2085858747250053,52.26319992602599,US
TEC,Harbor Transformative Technologies ETF,ETF,ETF,32.691001892089844,-1.4024501227960733,-0.032560586502897,50.74944647890064,US
TECB,TECB,N/A,N/A,71.8812026977539,0.0573585216645504,-0.0151127662052598,55.38863475523485,US
TECL,Direxion Daily Technology Bull 3X Shares,ETF,ETF,203.30999755859372,6.859036806757048,0.3877412150262631,48.51290483015106,US
TECS,Direxion Daily Technology Bear 3X Shares,ETF,ETF,6.769999980926514,-7.639835588107408,-0.0140470879714812,46.622141094171006,US
TECX,"Tectonic Therapeutic, Inc.",Healthcare,Biotechnology,34.810001373291016,-4.734536121757952,-0.0701927314430812,58.30033472340352,US
TEKY,Lazard Next Gen Technologies ETF,ETF,ETF,44.846900939941406,1.3672536327011,0.0265377827558337,49.22265668044884,US
TEL,TE Connectivity plc,Technology,Electronic Components,200.97999572753903,1.5871408450117628,0.2746977030096897,47.167104421046616,US
TEMR,T. Rowe Price Emerging Markets Equity Research ETF,EQUITY,EQUITY,27.489999771118164,-4.647936719160544,-0.0415526223500049,42.37651707162665,US
TEMT,Tradr 2X Long TEM Daily ETF,ETF,ETF,24.51000022888184,-6.699658158405919,-0.0659183243757921,54.178666518480405,US
TEND,Ishares Large Cap 10% Target Buffer Dec ETF,ETF,ETF,27.40699958801269,0.3551817062145275,-0.0008723243410771,60.52546807217791,US
TER,"Teradyne, Inc.",Technology,Semiconductor Equipment & Materials,353.2300109863281,2.9494990139667,1.2045424026285794,43.85146396501198,US
TEST,YieldMax TSLA Performance & Distribution Target 25 ETF,ETF,ETF,43.62570190429688,-1.2658129492154466,-0.0479458545199072,48.97281789127015,US
TEX,Terex Corporation,Industrials,Farm & Heavy Construction Machinery,65.20999908447266,-2.101788790047449,-0.0243116919411359,47.88012281385381,US
TEXU,Direxion Daily Energy Top 5 Bull 2X ETF,EQUITY,EQUITY,35.480499267578125,5.3146355412720485,0.0923917894811978,51.95354888758646,US
TEXX,Horizon Kinetics Texas ETF,ETF,ETF,29.25779914855957,2.089391617090067,0.0231769436582213,61.8703653758404,US
TFC,Truist Financial Corporation,Financial Services,Banks - Regional,51.95000076293945,1.1487541775242436,0.0038202999573424,60.213785238857625,US
TFGZ,Thornburg Focus Growth Fund ETF Class,ETF,ETF,36.29990005493164,0.8610679689138754,0.0007050995844616,55.21236451530517,US
TFI,State Street SPDR Nuveen ICE Municipal Bond ETF,ETF,ETF,45.56800079345703,-0.0701703546815288,0.0002985452586177,54.62972395849551,US
TFIN,"Triumph Financial, Inc.",Financial Services,Banks - Regional,78.23999786376953,1.072205351239922,-0.0106404512528288,59.45121880951287,US
TFJL,Innovator 20+ Year Treasury Bond 5 Floor ETF – Quarterly,ETF,ETF,19.075000762939453,-0.3864400452169814,0.0055717656315203,36.53279424431154,US
TFLO,iShares Treasury Floating Rate Bond ETF,ETF,ETF,50.56999969482422,0.0791627082796069,0.0002485026579224,88.51923416440715,US
TFLR,T. Rowe Price Floating Rate ETF,ETF,ETF,50.66999816894531,0.1383393220061448,0.0018041332992385,66.73819719905157,US
TFPN,Blueprint Chesapeake Multi-Asset Trend ETF,ETF,ETF,30.299999237060547,-0.1153777763917074,0.0187362034491217,40.71630720945883,US
TFSL,TFS Financial Corporation,Financial Services,Banks - Regional,17.690000534057617,-0.5061875653103287,-0.0063692879271139,66.52544103880248,US
TFX,Teleflex Incorporated,Healthcare,Medical Instruments & Supplies,130.16000366210938,-2.5310691882252967,-0.4048026957508771,49.34089751015433,US
TGLB,T. Rowe Price Global Equity ETF,ETF,ETF,29.55500030517578,1.8260144482728689,0.0092745986110433,61.27690724758476,US
TGLS,Tecnoglass Inc.,Basic Materials,Building Materials,44.22999954223633,2.265894895344111,0.0712771773361003,50.7399191081842,US
TGRW,T. Rowe Price Growth Stock ETF,ETF,ETF,47.46490097045898,1.5596133782778066,0.0089976501796685,52.82585880790536,US
TGT,Target Corporation,Consumer Defensive,Discount Stores,134.0,5.056837941136606,0.0589478357087067,54.717656361532725,US
TH,Target Hospitality Corp.,Industrials,Specialty Business Services,17.31999969482422,-3.6171376926387695,0.0093107426521138,42.12715914062837,US
THG,"The Hanover Insurance Group, Inc.",Financial Services,Insurance - Property & Casualty,214.16000366210935,-1.9683250570388549,-0.2655867115056241,60.03116941275038,US
THIR,THOR Index Rotation ETF,ETF,ETF,34.400001525878906,0.7615762767391958,0.0082788591775589,54.08892212389023,US
THLV,THOR Equal Weight Low Volatility ETF,ETF,ETF,33.23619842529297,-0.2694646454853254,-0.0002871510975947,54.32833660517019,US
THNR,Amplify Weight Loss Drug & Treatment ETF,ETF,ETF,25.642000198364254,-3.419958812762727,-0.0628999576313338,54.33361950456268,US
THO,"THOR Industries, Inc.",Consumer Cyclical,Recreational Vehicles,72.30999755859375,-4.22516879656457,-0.010726815123207,42.58727507933653,US
THRO,iShares U.S. Thematic Rotation Active ETF,ETF,ETF,43.060001373291016,0.8903492628821557,0.0064235282570272,54.494760942276976,US
THRV,Prospera Income ETF,ETF,ETF,24.289499282836918,0.1918048602103771,0.0007795303210822,61.201574754755015,US
THVB,"Thomasville Bancshares, Inc.",Financial Services,Banks - Regional,104.0,-0.9523809523809524,-0.0603367884857857,50.48232369785698,US
THW,Abrdn World Healthcare Fund,Financial Services,Asset Management,13.170000076293944,-3.657644456543078,-0.0371457902988378,53.13741666555969,US
THY,Toews Agility Shares Dynamic Tactical Income ETF,ETF,ETF,21.855199813842773,-0.1908916587270022,-0.0008693527317761,51.122589066704265,US
THYF,T. Rowe Price U.S. High Yield ETF,ETF,ETF,51.59999847412109,-0.3091187260443673,-0.0004238486144099,53.79426163496805,US
THYM,T. Rowe Price High Income Municipal ETF,ETF,ETF,50.935001373291016,-0.1861599221601398,-0.0007781840499567,53.43809998083604,US
THYP,21Shares Hyperliquid ETF,ETF,ETF,37.82870101928711,-6.894659057802661,-0.0291767852531266,51.79971209912695,US
TIC,"TIC Solutions, Inc.",Industrials,Specialty Business Services,7.099999904632568,-10.240201749745244,-0.0141670048153485,28.491545364089248,US
TIER,T. Rowe Price International Equity Research ETF,ETF,ETF,31.986499786376957,-0.176323947484964,0.0033068518636358,49.688531464646594,US
TIIV,AAM Todd International Intrinsic Value ETF,EQUITY,EQUITY,29.78499984741211,-0.2043852529732424,-0.0027588875105407,59.53404929558685,US
TILE,"Interface, Inc.",Consumer Cyclical,"Furnishings, Fixtures & Appliances",32.939998626708984,-2.080858429369813,0.0031805088647605,51.22429216889165,US
TINS,Templeton International Insights ETF,EQUITY,EQUITY,28.854999542236328,-2.910497278273765,-0.0204417409918634,45.94329281285124,US
TIP,iShares TIPS Bond ETF,ETF,ETF,108.01000213623048,-0.147911653344908,0.0007950211512931,44.612104768221904,US
TIPA,Northern Trust 2030 Inflation-Linked Distributing Ladder ETF,EQUITY,EQUITY,99.25499725341795,-0.0050421949473978,-0.0047607250897692,52.96593536255186,US
TIPB,Northern Trust 2035 Inflation-Linked Distributing Ladder ETF,EQUITY,EQUITY,98.23799896240234,-0.3024317416746681,-0.0101871686991759,45.85954370687488,US
TIPC,Northern Trust 2045 Inflation-Linked Distributing Ladder ETF,EQUITY,EQUITY,97.15899658203124,-0.7670381493089051,-0.0111870240688022,40.57618001133105,US
TIPT,Tiptree Inc.,Financial Services,Insurance - Specialty,17.8700008392334,0.5061875653103287,-0.0255724953255579,50.73625930490671,US
TIPZ,PIMCO Broad U.S. TIPS Index Exchange-Traded Fund,ETF,ETF,51.560001373291016,-0.1935704111816855,-0.0006235012022676,42.99352107026044,US
TITN,Titan Machinery Inc.,Industrials,Industrial Distribution,19.01000022888184,8.628572736467634,0.0951985434301587,45.64296095201782,US
TJAN,Innovator Equity Defined Protec,ETF,ETF,28.2549991607666,0.1595181770803893,8.953110028332018e-05,65.1900111870281,US
TJUN,FT Vest Emerging Markets Buffer ETF - June,ETF,ETF,22.4335994720459,0.0160462185517076,0.010080974301359,40.76341057232392,US
TJX,"The TJX Companies, Inc.",Consumer Cyclical,Apparel Retail,150.33999633789062,-2.4463073502886656,0.1035919611874036,37.88747747648884,US
TKO,"TKO Group Holdings, Inc.",Communication Services,Entertainment,184.55999755859372,-4.659574432865782,0.1899687873282269,38.94868685173474,US
TLA,TLA,N/A,N/A,24.45499992370605,-0.061297057904908,-0.0040736823519845,53.49670905710451,US
TLDR,The Laddered T-Bill ETF,ETF,ETF,25.01499938964844,0.0399929182862222,-0.0011011772892566,73.59819818261926,US
TLH,iShares 10-20 Year Treasury Bond ETF,ETF,ETF,98.20999908447266,-0.4359289414400652,0.0116864069986947,39.981168640263846,US
TLRY,"Tilray Brands, Inc.",Healthcare,Drug Manufacturers - Specialty & Generic,4.380000114440918,1.6241339348193469,0.0010741828078603,36.97168915854144,US
TLTD,FlexShares Morningstar Developed Markets ex-US Factor Tilt Index Fund,ETF,ETF,99.3105010986328,-0.0196322682597376,0.0243919693260371,53.50044921935957,US
TLTP,Amplify TLT U.S. Treasury 12% Option Income ETF,ETF,ETF,20.53499984741211,-0.4122259377388522,0.0048619809160116,39.60062251965888,US
TMAT,Main Thematic Innovation ETF,ETF,ETF,29.709999084472656,1.8163083404864355,0.0343408677067597,50.85119490022792,US
TMB,Thornburg Multi Sector Bond ETF,ETF,ETF,25.334999084472656,-0.0394564180420661,-0.0004626350292011,48.0451535738381,US
TMC,TMC the metals company Inc.,Basic Materials,Other Industrial Metals & Mining,4.179999828338623,3.465343262562358,0.0175358394812743,39.296260679893386,US
TMDV,ProShares Russell US Dividend Growers ETF,ETF,ETF,51.74599838256836,-0.7442369599202143,-0.0098481488153391,60.02050050353306,US
TMED,T. Rowe Price Health Care ETF,ETF,ETF,34.20240020751953,-3.344829385392425,-0.0820560683085457,58.97378453971705,US
TMFE,Motley Fool Capital Efficiency 100 Index ETF,ETF,ETF,30.083999633789062,0.3468982426307822,-0.0086499903464101,60.39105066108133,US
TMFS,Motley Fool Small-Cap Growth ETF,ETF,ETF,35.446800231933594,-1.9723440776771957,-0.0372116459861074,52.57527613459494,US
TMFX,Motley Fool Next Index ETF,ETF,ETF,23.097000122070312,-0.956258900824086,-0.0191984432696879,59.637694158123765,US
TMHC,Taylor Morrison Home Corporation,Consumer Cyclical,Residential Construction,71.94000244140625,0.2368758621869989,0.0184346675807547,71.6870165568215,US
TMNL,T. Rowe Price Long Municipal Income ETF,ETF,ETF,50.34000015258789,-0.2417693385043638,-0.0001290746613596,50.731821755937645,US
TMNS,T. Rowe Price Short Municipal Income ETF,ETF,ETF,50.02999877929688,-0.0958511452966399,-0.0029395459738929,51.885384381017104,US
TMO,Thermo Fisher Scientific Inc.,Healthcare,Diagnostics & Research,534.0700073242188,3.37772683441588,0.0015158419364631,67.45394577291444,US
TMP,Tompkins Financial Corporation,Financial Services,Banks - Regional,91.27999877929688,-2.405645278911352,-0.039357496242683,50.79276708056708,US
TMSF,T. Rowe Price Multi-Sector Income ETF,ETF,ETF,50.14049911499024,-0.1682416360338935,-0.002205384378643,54.41534153883008,US
TMSL,T. Rowe Price Small-Mid Cap ETF,ETF,ETF,42.83000183105469,-0.2561639477693836,-0.0056035106196209,51.887238430743736,US
TMUS,"T-Mobile US, Inc.",Communication Services,Telecom Services,187.1300048828125,1.2991984034976354,0.0466743003685647,54.97741624216595,US
TMV,Direxion Daily 20+ Year Treasury Bear 3X Shares,ETF,ETF,40.02000045776367,1.832064210383373,-0.0109007521931911,64.56711930200072,US
TNC,Tennant Company,Industrials,Specialty Industrial Machinery,85.1500015258789,-1.7877687161726097,0.0182169247696634,45.63120431953337,US
TNGX,"Tango Therapeutics, Inc.",Healthcare,Biotechnology,29.649999618530277,-1.5604289761204644,-0.0051876671805879,52.59117161150849,US
TNGY,Tortoise Energy Fund,ETF,ETF,10.260000228881836,4.480657308874727,0.007759533113182,63.67530242173641,US
TNL,Travel + Leisure Co.,Consumer Cyclical,Travel Services,73.2300033569336,-3.147728123536253,-0.0074406435701952,48.66523599438427,US
TNXT,T. Rowe Price Innovation Leaders ETF,ETF,ETF,27.789400100708008,0.0338351829739821,-0.0151561158644488,56.78084402243143,US
TOAK,Twin Oak Short Horizon Absolute Return ETF,ETF,ETF,28.90999984741211,0.1385486907376655,-7.154370856388148e-05,72.79564398784176,US
TOCT,Innovator Equity Defined Protection ETF - 2 Yr To October 2027,ETF,ETF,27.13500022888184,0.1846082558586625,0.0015620236224133,59.59327321970135,US
TOGA,Tremblant Global ETF,ETF,ETF,31.47920036315918,-1.624426317178619,-0.0288720824938675,58.35033933996096,US
TOI,"The Oncology Institute, Inc.",Healthcare,Medical Care Facilities,6.28000020980835,8.275862125664345,0.011306743897152,70.5971571814005,US
TOK,iShares MSCI Kokusai ETF,ETF,ETF,150.8699951171875,0.2125486940838366,-0.0303153850858749,56.41988381535073,US
TOLZ,ProShares DJ Brookfield Global Infrastructure ETF,ETF,ETF,60.42210006713867,0.5359427640522724,0.0246003492952724,56.56207478681784,US
TOPC,iShares S&P 500 3% Capped ETF,ETF,ETF,34.5099983215332,0.3197581127185327,-0.0032050909695859,56.15263212424726,US
TOPT,iShares Top 20 U.S. Stocks ETF,ETF,ETF,33.529998779296875,1.7293680541779617,0.0102763795923135,56.52242262044124,US
TOS,Twin Oak Strategic Solutions ETF,ETF,ETF,29.488800048828125,1.7205942795725724,0.0090618977852414,48.17501500767104,US
TOTL,State Street DoubleLine Total Return Tactical ETF,ETF,ETF,39.06999969482422,-0.3061978466184055,-0.0017210093136595,44.77853879067407,US
TOTR,T. Rowe Price Total Return ETF,ETF,ETF,39.81850051879883,-0.2967167164394376,0.0007102855079378,44.27547928874227,US
TOV,JLens 500 Jewish Advocacy U.S. ETF,ETF,ETF,31.702299118041992,0.5368920398244076,-0.000591301200497,56.11673597606032,US
TPB,"Turning Point Brands, Inc.",Consumer Defensive,Tobacco,79.98999786376953,-8.697640330436991,-0.3873782502946735,41.43191347291568,US
TPC,Tutor Perini Corporation,Industrials,Engineering & Construction,77.7699966430664,3.873372232000841,0.1837497244647901,50.66856432991474,US
TPFG,Timothy Plan Free Cash Flow Growth ETF,EQUITY,EQUITY,26.37310028076172,0.6606851632886941,0.0024248651551599,48.32445441390897,US
TPFI,Timothy Plan Fixed Income ETF,EQUITY,EQUITY,24.76000022888184,-0.1843702925619297,0.0027814289656787,46.39944537086045,US
TPIF,Timothy Plan International ETF,ETF,ETF,37.52999877929688,0.0599346790311309,0.0059161723827585,52.94564700595914,US
TPL,Texas Pacific Land Corporation,Energy,Oil & Gas E&P,415.9299926757813,3.2699331092528663,0.5467743884017366,58.16577851829777,US
TPLS,Thornburg Core Plus Bond ETF,ETF,ETF,24.94770050048828,-0.3088875892919274,0.0008675136798192,42.078696798538026,US
TPOR,Direxion Daily Transportation Bull 3X Shares,ETF,ETF,43.34000015258789,1.309026155377136,-0.0562374525999056,57.18250749638393,US
TPR,"Tapestry, Inc.",Consumer Cyclical,Luxury Goods,135.36000061035156,-7.477786885305744,-0.1558582721554506,36.556914376694266,US
TPRY,VistaShares Target 15 TEPRTantrum Contrarian Distribution ETF,EQUITY,EQUITY,19.68199920654297,2.617303927944785,0.0079135792726688,49.31070560139676,US
TPYP,Tortoise North American Pipeline Fund,ETF,ETF,43.510501861572266,1.44672996212163,0.0210550620662087,61.13840158178302,US
TQQY,GraniteShares YieldBOOST QQQ ETF,ETF,ETF,12.884699821472168,1.6755875404577507,0.0025961597994536,55.65103846846743,US
TRAX,"First Tracks Biotherapeutics, Inc.",Healthcare,Biotechnology,34.369998931884766,73.76136369443968,-0.0201828296539474,76.75263065459309,US
TRBF,Angel Oak Total Return ETF,ETF,ETF,49.040000915527344,-0.2643832789484872,-0.0010358305145101,44.182440388379,US
TRC,Tejon Ranch Co.,Industrials,Conglomerates,18.15999984741211,-0.5476472081942036,-0.0077182126301632,38.29037833171402,US
TREE,"LendingTree, Inc.",Financial Services,Financial Conglomerates,45.61000061035156,1.0412078579046378,-0.0990384599048062,65.44181543684562,US
TREX,"Trex Company, Inc.",Industrials,Building Products & Equipment,44.16999816894531,-6.240718325866967,-0.1432519678291528,43.66403155340225,US
TRFK,Pacer Data and Digital Revolution ETF,ETF,ETF,98.08000183105467,2.379956896311435,0.1149892394510707,48.22764416986429,US
TRFM,AAM Transformers ETF,ETF,ETF,60.470001220703125,0.2652957117705641,0.0045382333810681,50.201985313295445,US
TRGP,Targa Resources Corp.,Energy,Oil & Gas Midstream,281.6000061035156,2.845041676484022,0.2984825256429002,62.07928435457929,US
TRIN,Trinity Capital Inc.,Financial Services,Asset Management,17.649999618530273,0.9725405076995564,0.0007032756477574,61.83536795485299,US
TRIP,"Tripadvisor, Inc.",Consumer Cyclical,Travel Services,14.0,2.040814340536656,-0.0104746245694997,60.66771215144701,US
TRLV,Trulieve Cannabis Corp.,Healthcare,Drug Manufacturers - Specialty & Generic,9.0600004196167,1.4557683090511273,0.0240591741217398,48.50933325574975,US
TRND,Pacer Trendpilot Fund of Funds ETF,ETF,ETF,36.79069900512695,0.3537811557634956,0.0076884549304871,51.6787747317933,US
TRNO,Terreno Realty Corporation,Real Estate,REIT - Industrial,71.12999725341797,3.431730006619834,0.0586968694763718,69.68617864576761,US
TROW,"T. Rowe Price Group, Inc.",Financial Services,Asset Management,116.06999969482422,-3.4037981380112727,-0.1640578581297047,59.89101596397773,US
TRS,TriMas Corporation,Consumer Cyclical,Packaging & Containers,40.63999938964844,-0.2944036722920351,0.0084790086082123,43.30593841061062,US
TRSY,Xtrackers US 0-1 Year Treasury ETF,ETF,ETF,30.145000457763672,0.0996204113349521,0.0002865393193192,84.91069028763079,US
TRTX,"TPG RE Finance Trust, Inc.",Real Estate,REIT - Mortgage,8.520000457763672,1.3079739874836196,0.0051907557518274,57.824165704362,US
TRTY,TRTY,N/A,N/A,30.724300384521484,1.3668786733059095,0.0147769225762293,57.229101111078464,US
TRUD,VanEck Consumer Disc TruSector ETF,ETF,ETF,25.83650016784668,-0.7776773036203293,-0.0105054975886002,49.824534909484925,US
TRUT,Vaneck Technology Trusector ETF,ETF,ETF,31.021299362182617,3.033411606762586,0.0188948151849829,51.80786396793824,US
TRV,"The Travelers Companies, Inc.",Financial Services,Insurance - Property & Casualty,336.8299865722656,-2.0073965593702403,-0.6018997144538432,63.88438518655706,US
TRVG,TRVG,N/A,N/A,5.400000095367432,2.661594304062544,-0.0018080246374636,68.13878732038219,US
TSAT,Telesat Corporation,Technology,Communication Equipment,39.0099983215332,-11.219846288704876,-0.0785420776540315,39.33908752347522,US
TSCV,Thrivent Small Cap Value ETF,ETF,ETF,31.97559928894043,0.1428092180671133,0.0041775638575312,52.82532399115727,US
TSEC,Touchstone Securitized Income ETF,ETF,ETF,25.700000762939453,0.0389265421329146,-6.48435056658167e-05,53.31344739444029,US
TSEL,Touchstone Sands Capital US Select Growth ETF,ETF,ETF,29.05680084228516,1.6611857032271842,0.0200341938118717,52.14902270938092,US
TSEM,Tower Semiconductor Ltd.,Technology,Semiconductors,255.4900054931641,20.553963253338388,2.7649746885287527,53.22114572175557,US
TSES,Truth Social American Energy Security ETF,EQUITY,EQUITY,30.752899169921875,2.091093169832675,0.0292839912361142,57.45008653522201,US
TSHA,"Taysha Gene Therapies, Inc.",Healthcare,Biotechnology,5.699999809265137,-12.30769524207482,-0.0216555393651846,42.27329195627669,US
TSIC,Truth Social American Icons ETF,EQUITY,EQUITY,25.19300079345703,-0.959230564007416,-0.0062975200951744,48.76569665633348,US
TSLA,"Tesla, Inc.",Consumer Cyclical,Auto Manufacturers,396.1799926757813,-1.6679079976431248,-0.4258273655774798,47.69797923786648,US
TSLI,ProShares Ultra TSLA,EQUITY,EQUITY,23.049999237060547,-3.67739681108529,-0.0417354740932561,46.08639853013592,US
TSLL,Direxion Daily TSLA Bull 2X Shares,ETF,ETF,12.350000381469728,-3.816197549027327,-0.0230246514180424,46.05496719278048,US
TSLP,Kurv Yield Premium Strategy Tesla ETF,ETF,ETF,17.472400665283203,-2.0056043743859013,-0.0168684336113124,47.34723131656515,US
TSLR,Graniteshares 2x Long TSLA Daily ETF,ETF,ETF,21.200000762939453,-3.854868496741072,-0.0409038363851563,46.04083869704224,US
TSLS,Direxion Daily TSLA Bear 1X Shares,ETF,ETF,53.63999938964844,1.5909094028893296,0.0686563306980377,50.34402394972667,US
TSLT,T-Rex 2X Long Tesla Daily Target ETF,ETF,ETF,17.290000915527344,-3.7840758141921818,-0.0323958518220477,46.04531741844864,US
TSLW,Roundhill ETF Trust - Roundhill TSLA WeeklyPay ETF,ETF,ETF,21.729999542236328,-2.2033139412909724,-0.0276201277132603,47.24931410267877,US
TSLX,"Sixth Street Specialty Lending, Inc.",Financial Services,Asset Management,17.149999618530273,0.1752265059948343,0.0007009485697547,53.14353574532527,US
TSLY,YieldMax TSLA Option Income Strategy ETF,ETF,ETF,26.82999992370605,-1.311418731488411,-0.0238196302917963,48.33862723165908,US
TSME,Thrivent Small-Mid Cap Equity ETF,ETF,ETF,49.43000030517578,0.3451116310092615,0.011716834749735,48.89924714750882,US
TSMG,Leverage Shares 2X Long TSM Daily ETF,ETF,ETF,38.908199310302734,-5.519051162018617,-0.0817362315011295,44.45692224606925,US
TSMU,GraniteShares 2x Long TSM Daily ETF,ETF,ETF,70.28199768066406,-5.581900099276326,-0.1462230359422383,44.28680654471886,US
TSMX,Direxion Daily TSM Bull 2X Shares,ETF,ETF,80.37999725341797,-5.856172594102348,-0.1708097498644532,44.36118094547575,US
TSMZ,Direxion Daily TSM Bear 1X Shares,ETF,ETF,7.963699817657471,2.75741700203188,0.0105748658181954,52.3747291947142,US
TSN,"Tyson Foods, Inc.",Consumer Defensive,Farm Products,57.47999954223633,-2.278136959435928,-0.0579253059301898,43.18043309138935,US
TSOL,21Shares Solana ETF,ETF,ETF,7.47100019454956,-5.0578188538710736,-0.0140726563942137,51.9675190165379,US
TSPA,T. Rowe Price US Equity Research ETF,ETF,ETF,47.52999877929688,0.4013490200603599,-1.349540853032294e-05,54.64948244151836,US
TSPX,Twin Oak Active Opportunities ETF,ETF,ETF,29.892000198364254,-0.200318732020698,-0.0070312605236688,55.103796443941896,US
TSRS,Truth Social American Red State REITs ETF,EQUITY,EQUITY,27.94700050354004,0.3014737507339181,-0.000708090468357,59.605936495909,US
TSSD,Truth Social American Security & Defense ETF,EQUITY,EQUITY,29.028400421142575,-0.1431003581642527,0.0055472379955958,62.96983898693471,US
TSYW,TSYW,N/A,N/A,42.790000915527344,-0.7234959118546965,0.0082781320821354,37.24898202575582,US
TSYY,GraniteShares YieldBOOST TSLA ETF,ETF,ETF,22.32999992370605,-1.6281246229345216,-0.0192178423730972,45.69781734301933,US
TT,Trane Technologies plc,Industrials,Building Products & Equipment,483.5499877929688,1.6416525242593392,0.3744870730707834,53.90707142319728,US
TTAN,"ServiceTitan, Inc.",Technology,Software - Application,80.08999633789062,0.4893342591991643,-0.1147232034485368,64.2249647861488,US
TTEK,"Tetra Tech, Inc.",Industrials,Engineering & Construction,31.11000061035156,0.5819602437755562,-0.039443717746367,66.17517769854847,US
TTI,"TETRA Technologies, Inc.",Industrials,Conglomerates,9.479999542236328,2.3758024613035844,0.0262343641321321,44.21089728948515,US
TTWO,"Take-Two Interactive Software, Inc.",Communication Services,Electronic Gaming & Multimedia,237.0399932861328,-8.049192975286788,-0.8455621873536616,48.23839012674858,US
TTXU,Direxion Daily Technology Top 5 Bull 2X ETF,EQUITY,EQUITY,31.742000579833984,7.236487063375846,0.0573941152149783,53.69871821399607,US
TUA,Simplify Short Term Treasury Futures Strategy ETF,ETF,ETF,20.38999938964844,0.0245237219056719,0.0054709127153382,48.1729353762823,US
TUG,STF Tactical Growth ETF,ETF,ETF,46.5786018371582,1.6112602140308123,0.0190828470255792,52.444556927958686,US
TUGN,STF Tactical Growth & Income ETF,ETF,ETF,27.996000289916992,1.5451599557788445,0.0121510204195171,53.57636914474695,US
TUR,iShares MSCI Turkey ETF,ETF,ETF,38.630001068115234,-1.65478037520773,0.009611140593664,45.14304221173106,US
TURF,T. Rowe Price Natural Resources ETF,ETF,ETF,32.079200744628906,2.5222109492171034,0.0440440083404455,49.780488479500754,US
TUSB,Thrivent Ultra Short Bond ETF,ETF,ETF,50.45500183105469,0.2085468919876202,0.0039631592115362,70.22641783819769,US
TUSI,Touchstone Ultra Short Income ETF,ETF,ETF,25.334999084472656,0.1779286963872148,-0.0010456538322271,67.61089619489735,US
TVAL,T. Rowe Price Value ETF,ETF,ETF,42.0,-0.6152350493604334,-0.0170772384962124,60.11029544302876,US
TVTX,"Travere Therapeutics, Inc.",Healthcare,Biotechnology,57.060001373291016,-1.365595715933302,-0.0286634293718828,61.74420405710085,US
TW,Tradeweb Markets Inc.,Financial Services,Capital Markets,98.83000183105467,-1.4262919157260112,-0.0503606271745393,47.40753871342622,US
TWFG,"TWFG, Inc.",Financial Services,Insurance Brokers,25.520000457763672,-1.9215987363705576,-0.0940058910838406,65.85151219198883,US
TWI,"Titan International, Inc.",Industrials,Farm & Heavy Construction Machinery,7.550000190734863,3.142076689614129,0.0202882941330604,51.5969947290653,US
TWLO,Twilio Inc.,Technology,Software - Infrastructure,217.8300018310547,2.764542424213194,-0.157319947764444,63.80391860694433,US
TWN,"The Taiwan Fund, Inc.",Financial Services,Asset Management,91.6500015258789,-0.2720348159402374,-0.1023344521494093,44.08492946977192,US
TWO,Two Harbors Investment Corp.,Real Estate,REIT - Mortgage,12.109999656677246,0.2483421619260053,0.0017167008398265,60.206966184915416,US
TWST,Twist Bioscience Corporation,Healthcare,Diagnostics & Research,92.52999877929688,1.64780843690525,0.0129593191792913,57.77131254148865,US
TXG,"10x Genomics, Inc.",Healthcare,Health Information Services,45.790000915527344,21.041498015308804,0.1732094587285759,74.30189333350002,US
TXN,Texas Instruments Incorporated,Technology,Semiconductors,305.54998779296875,4.176611152349208,0.2032862260162342,52.31697700034162,US
TXNM,"TXNM Energy, Inc.",Utilities,Utilities - Regulated Electric,57.0,0.7601207486220358,0.0181495832627699,44.2287156237949,US
TXUE,Thornburg International Equity ETF,ETF,ETF,34.82500076293945,-0.0200963749863103,0.0055812644841454,54.865776248554425,US
TXUG,Thornburg International Growth ETF,ETF,ETF,27.401500701904297,0.6704906137410528,0.000488404827049,55.2768407320576,US
TXXD,21Shares 2x Long Dogecoin ETF,ETF,ETF,3.375,-1.7467232541200604,0.0151626316660135,37.28288972364601,US
TXXH,21Shares 2x Long HYPE ETF,ETF,ETF,48.35380172729492,-14.5390594512931,-0.0652752081852141,48.58919964403599,US
TXXI,BondBloxx IR+M Tax-Aware Intermediate Duration ETF,ETF,ETF,50.55500030517578,-0.2446783622913805,-0.0016252811229083,49.45877319445064,US
TY,Tri-Continental Corporation,Financial Services,Asset Management,35.099998474121094,0.5730571332321764,-0.0228320074907244,56.61841471004325,US
TYA,Simplify Intermediate Term Treasury Futures Strategy ETF,ETF,ETF,12.470000267028809,-0.7955404154590837,0.0004705937007317,42.01178597308882,US
TYIDY,Toyota Industries Corporation,Industrials,Farm & Heavy Construction Machinery,127.83999633789062,-0.0859715615281018,-0.0173722764890712,52.3201277366864,US
TYLD,Cambria Tactical Yield ETF,ETF,ETF,25.25,-0.1384213866850846,-0.0031811384740129,48.87205799868791,US
TYRA,"Tyra Biosciences, Inc.",Healthcare,Biotechnology,32.880001068115234,2.943019781904183,-0.0376618974597761,59.1403064957322,US
TZA,Direxion Daily Small Cap Bear 3X Shares,ETF,ETF,4.039999961853027,1.7632224871117343,0.0010428115673447,47.512666746014,US
UAL,"United Airlines Holdings, Inc.",Industrials,Airlines,120.3499984741211,-6.20372475717464,-0.3498564849483427,47.52484275426639,US
UAN,UAN,N/A,N/A,115.16999816894533,0.2088209024034285,-0.2003197971321886,49.56961660349158,US
UAPR,Innovator U.S. Equity Ultra Buffer ETF - April,ETF,ETF,35.25619888305664,0.1312121550277407,7.52615419198216e-05,62.31213831436884,US
UAUG,Innovator U.S. Equity Ultra Buffer ETF - August,ETF,ETF,42.2234001159668,0.1266349284805292,-0.0011942932756595,69.13253888322787,US
UBER,"Uber Technologies, Inc.",Technology,Software - Application,72.08000183105469,-3.027041496802388,-0.1728042862659842,47.40129811209879,US
UBEW,Roundhill UBER WeeklyPay ETF,ETF,ETF,27.00180053710937,-3.547107067962787,-0.0766631747741298,47.14694579509367,US
UBOT,"Direxion Daily Robotics, Artificial Intelligence & Automation Index Bull 2X Shares",ETF,ETF,23.09000015258789,-4.119261480207674,-0.0297085705402,39.97954033936195,US
UBR,ProShares Ultra MSCI Brazil Capped,ETF,ETF,31.91110038757324,8.099931885945205,0.0399165491963691,57.85185193409416,US
UBRL,GraniteShares 2x Long UBER Daily ETF,ETF,ETF,14.850000381469728,-6.012656948081669,-0.0719629340387883,46.19719805017926,US
UBSI,"United Bankshares, Inc.",Financial Services,Banks - Regional,46.18999862670898,0.1083641909881868,-0.0019426366846221,58.51554346998002,US
UBT,ProShares Ultra 20+ Year Treasury,ETF,ETF,15.539999961853027,-1.0191073207382315,0.0053429912353199,37.95512173735212,US
UCB,"United Community Banks, Inc.",Financial Services,Banks - Regional,35.61000061035156,0.8781908781617005,-0.0056566482585309,59.77558789510616,US
UCIB,UBS ETRACS UBS Bloomberg Constant Maturity Commodity Index (CMCI) Total Return ETN Series B,ETF,ETF,34.418800354003906,5.904001089242788,0.029290393449273,58.75143335946227,US
UCON,First Trust Smith Unconstrained Plus Bond ETF,ETF,ETF,24.78499984741211,-0.1812326880073092,0.0007770332576644,47.17750965461617,US
UCOP,ProShares Ultra Copper K-1 Free ETF,ETF,ETF,40.96960067749024,5.837255609556315,0.1259462427182817,52.81937442378398,US
UCRD,VictoryShares ESG Corporate Bond ETF,ETF,ETF,21.241300582885746,-0.2847061823602328,0.0006817018968324,40.36632472052089,US
UCTT,"Ultra Clean Holdings, Inc.",Technology,Semiconductor Equipment & Materials,103.7699966430664,14.309317072531188,0.3253479384969262,49.12912429014327,US
UCYB,ProShares Ultra Nasdaq Cybersecurity,ETF,ETF,84.4220962524414,5.2854662333346045,0.1192027986037826,66.70430766267671,US
UDEC,Innovator U.S. Equity Ultra Buffer ETF - December,ETF,ETF,41.964500427246094,0.3815335986268732,0.0011691881609488,62.488593726991866,US
UDI,USCF Dividend Income ETF,ETF,ETF,36.41310119628906,0.096494710617585,-0.0049303774206714,64.56955095179788,US
UDOW,ProShares UltraPro Dow30,ETF,ETF,70.75,-2.413793103448276,-0.0614033310743391,58.42289230876955,US
UEC,Uranium Energy Corp.,Energy,Uranium,10.390000343322754,4.949502461346808,0.0248649062179021,42.71875236883961,US
UEVM,VictoryShares Emerging Markets Value Momentum ETF,ETF,ETF,58.46720123291016,1.4112179270231906,0.0238954326201863,50.3117283926855,US
UFCS,"United Fire Group, Inc.",Financial Services,Insurance - Property & Casualty,51.66999816894531,-1.618435417764185,-0.0725839829332399,58.62648627947312,US
UFEB,Innovator U.S. Equity Ultra Buffer ETF - February,ETF,ETF,38.84379959106445,0.4234728143648795,0.0002778200504949,60.78796384542438,US
UFIV,F/m US Treasury 5 Year Note ETF,ETF,ETF,48.084999084472656,-0.0831187855113636,0.0028571301874203,47.069613529739534,US
UFO,Procure Space ETF,ETF,ETF,45.7599983215332,-5.630033537709528,-0.0244853102585076,35.7893109681725,US
UFOD,Tuttle Capital UFO Disclosure ETF,ETF,ETF,24.026599884033203,-1.3281334388915664,0.0095362468886845,40.20262649005534,US
UFOX,Defiance Space and Connective Tech ETF,ETF,ETF,86.57260131835938,-0.0893251080860222,0.0039164442544792,41.64425445570981,US
UFPI,"UFP Industries, Inc.",Basic Materials,Lumber & Wood Production,84.33999633789062,-1.2874602903598886,0.0270113162741701,46.15360467427268,US
UFPT,"UFP Technologies, Inc.",Healthcare,Medical Devices,230.1100006103516,-12.873418888707604,-0.9799716319789268,40.10450716158741,US
UGI,UGI Corporation,Utilities,Utilities - Regulated Gas,36.29999923706055,2.920325392482808,0.0013475910214383,63.54621110092774,US
UGL,ProShares Ultra Gold,ETF,ETF,44.5,-3.218789815073464,-0.0106376453576526,40.112387212237465,US
UHT,Universal Health Realty Income Trust,Real Estate,REIT - Healthcare Facilities,42.47999954223633,-4.108351526339623,-0.1106542816116076,52.30924918980936,US
UI,Ubiquiti Inc.,Technology,Communication Equipment,549.510009765625,4.505344435629106,0.4653238372555428,44.12971215005396,US
UITB,VictoryShares Core Intermediate Bond ETF,ETF,ETF,46.36000061035156,-0.2038951780063206,0.0019469431932048,44.82054631388561,US
UJB,ProShares Ultra High Yield,ETF,ETF,78.51899719238281,-0.3313043805005146,-0.0012234779897486,50.94567068418554,US
UJUN,Innovator U.S. Equity Ultra Buffer ETF - June,ETF,ETF,38.68349838256836,0.4088080828884207,-0.0016943463383046,57.684620269074,US
ULCC,"Frontier Group Holdings, Inc.",Industrials,Airlines,6.394999980926514,-13.1114148788351,-0.038931404032188,44.64359872234779,US
ULE,ProShares Ultra Euro,ETF,ETF,12.35099983215332,0.0080927178358095,0.0028469164522701,42.343085279957975,US
ULH,"Universal Logistics Holdings, Inc.",Industrials,Trucking,15.119999885559082,7.769067521978183,0.0675345607011349,49.178637151850296,US
ULS,UL Solutions Inc.,Industrials,Specialty Business Services,87.55999755859375,-0.9614365663463028,0.1245520978343892,37.18696878717707,US
ULST,State Street Ultra Short Term Bond ETF,ETF,ETF,40.334999084472656,0.0123909079868198,-0.0006686652710378,70.8806944166075,US
ULTA,"Ulta Beauty, Inc.",Consumer Cyclical,Specialty Retail,469.1199951171875,3.380491951861342,0.1970034961496676,49.1111510663212,US
ULTY,YieldMax Ultra Option Income Strategy ETF,ETF,ETF,28.739999771118164,2.197574800804068,0.0254192871409293,52.19364300613449,US
ULVM,VictoryShares US Value Momentum ETF,ETF,ETF,107.2072982788086,-0.0704604814339689,0.0006408759248668,63.03967393913219,US
UMAR,Innovator U.S. Equity Ultra Buffer ETF - March,ETF,ETF,42.415000915527344,0.2386958015520771,0.000743390466048,60.48445864225143,US
UMDD,ProShares UltraPro MidCap400,ETF,ETF,35.23609924316406,0.1025524984153292,0.024132693697536,50.12986559283589,US
UMH,"UMH Properties, Inc.",Real Estate,REIT - Residential,15.369999885559082,-0.2595714617073456,0.0001537327721275,52.73825961332478,US
UMI,USCF Midstream Energy Income Fund,ETF,ETF,61.20000076293945,1.745634597546595,0.0410894958915363,61.7233759714034,US
UNF,UniFirst Corporation,Industrials,Specialty Business Services,275.260009765625,0.452529305039588,0.0869030173100655,61.64016220766343,US
UNH,UnitedHealth Group Incorporated,Healthcare,Healthcare Plans,425.1900024414063,-0.7006235509691803,-0.3668103830123268,58.61867799359237,US
UNHU,Direxion Daily Unh Bull 2X ETF,EQUITY,EQUITY,57.68470001220703,-1.4778808473592686,-0.0970292552042053,57.65532991538438,US
UNHW,Roundhill UNH WeeklyPay ETF,ETF,ETF,54.3380012512207,-0.8665385705078325,-0.0551901968025512,58.38184196049037,US
UNL,"United States 12 Month Natural Gas Fund, LP",ETF,ETF,6.061299800872803,-4.546458395206397,0.0006480131770234,34.18307029907125,US
UNP,Union Pacific Corporation,Industrials,Railroads,288.29998779296875,1.8296103295838133,-0.1810392137610259,68.51710713264386,US
UNPA,UNB Corp.,Financial Services,Banks - Regional,88.0,0.0,-0.0154392168049986,23.09368631070184,US
UNTY,"Unity Bancorp, Inc.",Financial Services,Banks - Regional,55.540000915527344,-1.820750901278709,-0.0759503990890558,46.07278514719372,US
UNX,Tradr 2X Long U Daily ETF,ETF,ETF,56.67259979248047,13.784409210172996,0.1618692283799856,65.14067644613347,US
UOCT,Innovator U.S. Equity Ultra Buffer ETF October,ETF,ETF,41.36000061035156,0.3639930337572482,-0.0009151977278289,63.687186939361645,US
UPAL,ProShares Ultra Palladium K-1 Free ETF,ETF,ETF,25.45070075988769,4.050293182733364,0.0945202396723745,51.15958617624068,US
UPAR,UPAR Ultra Risk Parity ETF,ETF,ETF,15.77299976348877,-2.6478206993360653,-0.0073721636630475,37.96593880031435,US
UPBD,"Upbound Group, Inc.",Technology,Software - Application,21.07999992370605,2.779130611717667,-0.0077646739806908,61.823190716850576,US
UPGR,Xtrackers US Green Infrastructure Select Equity ETF,ETF,ETF,25.629199981689453,-2.809256101508266,0.0170154767147412,41.80619355284622,US
UPLT,ProShares Ultra Platinum K-1 Free ETF,ETF,ETF,22.45989990234375,-1.7931828676898072,0.0481792226853139,41.03198283119579,US
UPRO,ProShares UltraPro S&P500,ETF,ETF,144.27999877929688,1.4555881919017153,-0.0179811763462602,54.98132466136296,US
UPS,"United Parcel Service, Inc.",Industrials,Integrated Freight & Logistics,113.66999816894533,1.5273303844728328,0.056054544083159,63.68328612950431,US
UPSX,Tradr 2X Long UPST Daily ETF,ETF,ETF,18.08799934387207,-8.646464440180631,-0.0527741011644271,45.12236275544963,US
UPW,ProShares Ultra Utilities,ETF,ETF,24.200000762939453,-0.9008980862701126,0.0006088058843607,54.24774188677148,US
URA,Global X Uranium ETF,ETF,ETF,41.54999923706055,-0.4790437435675524,0.0273546624054747,38.04290874359867,US
URAN,Themes Uranium & Nuclear ETF,ETF,ETF,37.45000076293945,-0.0667050358892026,-0.0011306897097838,38.49712977962882,US
URBN,"Urban Outfitters, Inc.",Consumer Cyclical,Apparel Retail,70.19000244140625,2.902805136357673,0.1345611855600507,47.08957983556001,US
URE,ProShares Ultra Real Estate,ETF,ETF,70.27020263671875,-1.7199963122814683,0.0114027995654757,51.4912118522749,US
URGN,UroGen Pharma Ltd.,Healthcare,Biotechnology,39.18999862670898,3.8145658985668462,-0.0721563725333664,69.7192717367687,US
URI,"United Rentals, Inc.",Industrials,Rental & Leasing Services,1065.8299560546875,0.9289536506885514,-1.0074022788029673,49.22159350430156,US
URTH,iShares MSCI World ETF,ETF,ETF,203.97999572753903,0.418446720964207,-0.0028598949105643,56.12949420126488,US
USA,Liberty All-Star Equity Fund,Financial Services,Asset Management,5.949999809265137,1.190470977242055,9.61125041369984e-05,62.59962141098573,US
USAF,Atlas America Fund,ETF,ETF,27.655000686645508,0.0759930080910811,-0.0017376054732096,64.20611446432989,US
USAR,"USA Rare Earth, Inc.",Basic Materials,Other Industrial Metals & Mining,18.190000534057617,2.3059608075271827,0.0728313552841677,39.89125014608377,US
USB,U.S. Bancorp,Financial Services,Banks - Regional,62.13999938964844,-1.1925584469371906,-0.0558341602485363,63.74823761019972,US
USCA,Xtrackers MSCI USA Climate Action Equity ETF,ETF,ETF,44.48640060424805,0.8236055947393265,-0.002932142549852,59.06103142408665,US
USCL,USCL,N/A,N/A,84.51180267333984,0.8337598031156962,-0.0051878468007706,58.80052613827142,US
USD,ProShares Ultra Semiconductors,ETF,ETF,94.88999938964844,10.749298613058356,0.343629958944847,50.040933032242,US
USE,USCF Energy Commodity Strategy Absolute Return Fund,ETF,ETF,30.00690078735352,12.028751010998034,0.1460139650533318,58.33079866271587,US
USEP,Innovator U.S. Equity Ultra Buffer ETF - September,ETF,ETF,41.53499984741211,0.2292500575564562,-0.0020506970098822,64.32655094134412,US
USEW,Cambria US EW ETF,ETF,ETF,55.90140151977539,0.2338161617008662,-0.0044376298547054,58.60196065027174,US
USFD,US Foods Holding Corp.,Consumer Defensive,Food Distribution,101.0,-2.8752744736917206,-0.1131354813275304,62.868585856239775,US
USFR,WisdomTree Floating Rate Treasury Fund,ETF,ETF,50.43999862670898,0.0793593246411724,0.0004151379556688,99.72895265083126,US
USHY,iShares Broad USD High Yield Corporate Bond ETF,ETF,ETF,36.86000061035156,-0.1895469651929794,-0.001020297450978,55.09899951772219,US
USIG,iShares Broad USD Investment Grade Corporate Bond ETF,ETF,ETF,50.619998931884766,-0.3935473517128381,0.0017331099819293,41.147062029003415,US
USIN,Wisdomtree 7-10 Year Laddered Treasury Fund ETF,ETF,ETF,49.22499847412109,-0.182500567969491,0.0030061205497773,44.6931170522026,US
USLN,iShares Broad USD Floating Rate Loan ETF,ETF,ETF,50.52999877929688,0.1982916389370527,-9.25464387330488e-05,70.75292977257597,US
USMC,Principal U.S. Mega-Cap ETF,ETF,ETF,74.6759033203125,0.7228269963256655,0.0102972110946524,60.58804716632597,US
USML,ETRACS 2x Leveraged MSCI US Minimum Volatility Factor TR ETN,ETF,ETF,44.42699813842773,-0.648524994214016,-0.0278230216035371,63.52065608963895,US
USMV,iShares MSCI USA Min Vol Factor ETF,ETF,ETF,96.87999725341795,-1.4946631860801984,-0.0951473050980513,53.960075942577305,US
USNG,Amplify Samsung U.S. Natural Gas Infrastructure ETF,ETF,ETF,36.15439987182617,0.9250983810192652,0.0347836966071458,51.51575561867545,US
USOI,UBS ETRACS Crude Oil Shares Covered Call ETN,ETF,ETF,46.4900016784668,4.990973261280236,0.1150038172934815,51.80762982048336,US
USRT,iShares Core U.S. REIT ETF,ETF,ETF,67.16000366210938,-0.7536493581138901,8.477569304576882e-05,57.12245855453993,US
USSG,Xtrackers MSCI USA Selection Equity ETF,ETF,ETF,69.69999694824219,0.319525795520182,-0.0025268815181683,56.22714066055231,US
USSH,Wisdomtree 1-3 Year Laddered Treasury Fund ETF,ETF,ETF,50.27000045776367,0.0497592325811368,0.0019891949951984,55.11824904008126,US
USVN,F/m US Treasury 7 Year Note ETF,ETF,ETF,47.30709838867188,-0.1643978803855481,0.0029169175794313,45.44898278307927,US
UTHR,United Therapeutics Corporation,Healthcare,Drug Manufacturers - Specialty & Generic,526.6599731445312,-6.570877818057635,-1.2884683851989251,37.539279073207325,US
UTHY,UTHY,N/A,N/A,39.72999954223633,-0.5606423173623154,0.004034937649465,37.67441654768061,US
UTWO,UTWO,N/A,N/A,47.97499847412109,0.0730076103769635,0.0024674360801625,54.47100361105092,US
UVSP,Univest Financial Corporation,Financial Services,Banks - Regional,43.47999954223633,-0.4806571093464801,-0.021260376142314,56.836601861315415,US
UVV,Universal Corporation,Consumer Defensive,Tobacco,50.41999816894531,-0.8053519014815442,-0.0104527481920622,41.60609011738298,US
UVXY,ProShares Ultra VIX Short-Term Futures ETF,ETF,ETF,23.799999237060547,-1.4084513719320446,0.0248311160757583,37.79484030181091,US
UX,Roundhill Uranium ETF,ETF,ETF,28.24349975585937,2.595446418945753,0.0182723031660027,49.86493720048966,US
UXAP,FT Vest U.S. Equity Uncapped Ac,ETF,ETF,43.07099914550781,-0.2431896086427598,-0.0118139654748419,53.97969887376659,US
UXI,ProShares Ultra Industrials,ETF,ETF,60.12329864501953,-2.3179538744526407,-0.0477389449524923,50.66129723442191,US
UXJL,FT Vest U.S. Equity Uncapped Accelerator ETF - July,ETF,ETF,36.66999816894531,0.700253321452583,-0.0005099951751179,56.0877922210357,US
UXOC,FT Vest U.S. Equity Uncapped Accelerator ETF - October,ETF,ETF,39.41680145263672,0.6557752967958199,0.0012750351873074,56.09100360283649,US
UXRP,ProShares Ultra XRP ETF,ETF,ETF,11.170000076293944,-1.6725315680060056,0.0309360694906737,45.11909842094592,US
UYG,ProShares Ultra Financials,ETF,ETF,93.5,0.1821473969892789,-0.0204296100431333,68.24959755658855,US
V,Visa Inc.,Financial Services,Credit Services,356.0199890136719,1.0846043935952947,-0.123458888219722,64.6773668501279,US
VAL,Valaris Limited,Energy,Oil & Gas Drilling,78.48999786376953,5.228585222356101,0.0933829562820491,45.01776224465069,US
VAW,Vanguard Materials Index Fund ETF Shares,ETF,ETF,225.72999572753903,-1.4193379599269194,0.0834476129199486,44.50543100318568,US
VBCH,Vanguard Target Maturity 2034 Corporate Bond ETF,ETF,ETF,74.75340270996094,-0.2623005287338584,0.0034635613718966,44.25688353887926,US
VBIL,Vanguard 0-3 Month Treasury Bill ETF,ETF,ETF,75.58000183105469,0.0794560257621388,-0.0005435591593066,99.91772239734122,US
VBK,Vanguard Small-Cap Growth Index Fund ETF Shares,ETF,ETF,350.8900146484375,-0.9372905583499538,-0.1009085104731597,47.75248940707783,US
VBND,Vident U.S. Bond Strategy ETF,ETF,ETF,43.400001525878906,-0.2298815497036638,0.0029604823638214,46.269405154810215,US
VC,VC,N/A,N/A,103.97000122070312,-1.701801531144586,0.0609307846367075,44.17987809768949,US
VCLN,Virtus Duff & Phelps Clean Energy ETF,ETF,ETF,28.77400016784668,-6.750494731874332,-0.0189748983319755,35.36008412088897,US
VCLT,Vanguard Long-Term Corporate Bond Index Fund ETF Shares,ETF,ETF,73.16000366210938,-0.9611466875239936,0.0017708825326529,34.42907872862375,US
VCR,Vanguard Consumer Discretionary Index Fund ETF Shares,ETF,ETF,392.1000061035156,-0.9748422655980428,-0.1630628936525926,49.965657861148216,US
VCRB,Vanguard Core Bond ETF,ETF,ETF,76.4000015258789,-0.2871328802098472,0.0023301649779853,42.82652589759186,US
VCTR,"Victory Capital Holdings, Inc.",Financial Services,Asset Management,97.6999969482422,9.186402864245808,0.3643754589198187,72.75398927785722,US
VCV,Invesco California Value Municipal Income Trust,Financial Services,Asset Management,10.869999885559082,0.5550366661735086,0.000148693670393,67.43180804747576,US
VCYT,"Veracyte, Inc.",Healthcare,Diagnostics & Research,56.619998931884766,0.819086691101288,-0.0908523009914312,57.10760468699268,US
VDC,Vanguard Consumer Staples Index Fund ETF Shares,ETF,ETF,226.2899932861328,-1.65580735172549,-0.1485157064074539,47.68308007148399,US
VDE,Vanguard Energy Index Fund ETF Shares,ETF,ETF,160.91000366210938,4.263592142153816,0.2261586724658382,59.44981609109844,US
VDG,Vanguard Developed Markets ex US Growth Index ETF,ETF,ETF,79.68000030517578,-0.7102799935504284,0.0092321539898411,49.78853261022447,US
VDIG,Vanguard Wellington Dividend Growth Active ETF,ETF,ETF,62.790000915527344,-1.102537004935794,-0.0543482746102785,54.38368457405928,US
VDV,Vanguard Developed Markets ex US Value Index ETF,ETF,ETF,76.1636962890625,0.1100084857958687,0.0327761052735919,50.28632416154336,US
VECO,Veeco Instruments Inc.,Technology,Semiconductor Equipment & Materials,58.02000045776367,8.753518495240245,0.4096013549936024,43.996115105491725,US
VEEV,Veeva Systems Inc.,Healthcare,Health Information Services,193.08999633789065,0.4108129347872057,-0.4096152064109031,65.21852419191791,US
VEFA,VanEck MSCI EAFE Analyst Sentiment ETF,EQUITY,EQUITY,80.11869812011719,0.0858151976770805,0.0128166577840712,54.595254675254246,US
VEGA,AdvisorShares STAR Global Buy-Write ETF,ETF,ETF,52.40739822387695,0.1861916421888442,0.0012011052786825,52.72137073611861,US
VEGI,iShares MSCI Agriculture Producers ETF,ETF,ETF,44.29729843139648,0.356363941828545,0.0034602547208137,54.34826079924102,US
VEGN,US Vegan Climate ETF,ETF,ETF,78.58000183105469,1.684828741920955,0.0351169265337212,51.5602794406204,US
VELO,"Velo3D, Inc.",Technology,Computer Hardware,12.789999961853027,-5.817378249568002,0.110532382025914,39.2216397764949,US
VEM,Virtus Emerging Markets Dividend ETF,EQUITY,EQUITY,26.190000534057617,-4.485775123318575,-0.0373888342397625,42.9723158363455,US
VEMY,Virtus Stone Harbor Emerging Markets High Yield Bond ETF,ETF,ETF,28.86000061035156,-0.0692470602360925,0.0001980216207735,55.822802541588025,US
VERS,ProShares Metaverse ETF,ETF,ETF,71.51599884033203,-2.9027622502104573,-0.04789483890898,43.0191299603756,US
VERX,"Vertex, Inc.",Technology,Software - Application,12.479999542236328,-6.865672406600052,-0.0402063333472977,50.9212656052208,US
VEXC,Vanguard Emerging Markets Ex-China ETF,ETF,ETF,93.9000015258789,0.0085238731829686,-0.0268063368546591,48.758486891364754,US
VFC,V.F. Corporation,Consumer Cyclical,Apparel Manufacturing,16.670000076293945,1.3373817820734282,0.0070550332761943,47.784889845520766,US
VFDEF,Vanguard Funds Public Limited Company - Vanguard FTSE Developed Europe UCITS ETF,MUTUALFUND,MUTUALFUND,56.21039962768555,0.0719271142197955,-0.0601470543546233,51.30328515878878,US
VFH,Vanguard Financials Index Fund ETF Shares,ETF,ETF,137.61000061035156,0.3354041081579509,-0.014808986235574,69.30644239290501,US
VFLO,Victoryshares Free Cash Flow ETF,ETF,ETF,47.459999084472656,0.0531575077058281,-0.020792036654504,62.17546188293103,US
VFMF,Vanguard U.S. Multifactor ETF Shares,ETF,ETF,179.42999267578125,0.5999058431084059,-0.0264640113783023,66.17164416194615,US
VFQY,VFQY,N/A,N/A,170.86900329589844,0.1559213347216858,-0.0548554763529942,62.24382392137132,US
VFS,VinFast Auto Ltd.,Consumer Cyclical,Auto Manufacturers,3.119999885559082,0.3215431125584883,0.0033921875775072,45.182791558392346,US
VFVA,Vanguard U.S. Value Factor ETF Shares,ETF,ETF,151.6199951171875,-0.0441707887538817,-0.0639535936753228,62.339202992714256,US
VG,"Venture Global, Inc.",Energy,Oil & Gas Midstream,13.229999542236328,14.150123969431078,0.0240710856410158,61.46992659312606,US
VGK,Vanguard FTSE Europe ETF,ETF,ETF,88.30000305175781,-0.8310847441158167,-0.0103492018007077,51.86317034988979,US
VGLT,Vanguard Long-Term Treasury Index Fund ETF Shares,ETF,ETF,53.84000015258789,-0.4805884082558231,0.0066500351620253,38.741366992448,US
VGM,Invesco Trust for Investment Grade Municipals,Financial Services,Asset Management,10.59000015258789,-0.3762931460244028,-0.0042623681812375,64.36874980458101,US
VGMS,Vanguard Multi-Sector Income Bond ETF,ETF,ETF,51.005001068115234,-0.1956725858855528,-0.001562251303049,50.60651687800266,US
VGRO,Virtus Silvant Growth Opportunities ETF,EQUITY,EQUITY,25.54030036926269,0.2760151464603405,-0.0061078348347839,49.087100037549845,US
VGSH,Vanguard Short-Term Treasury Index Fund ETF Shares,ETF,ETF,58.06999969482422,0.0689314429929209,0.0024042930786176,55.68828469753549,US
VGSR,Vert Global Sustainable Real Estate ETF,ETF,ETF,11.425100326538086,-0.4782161836876493,0.0012388102180573,54.760284411654496,US
VGUS,Vanguard Ultra-Short Treasury ETF,ETF,ETF,75.54499816894531,0.0662234857201124,0.0002206630596571,95.55124163809572,US
VHI,"Valhi, Inc.",Basic Materials,Chemicals,14.039999961853027,5.563907973728209,0.0196506154827226,50.71518631313464,US
VHT,Vanguard Health Care Index Fund ETF Shares,ETF,ETF,298.5899963378906,-3.7706699812531648,-0.6608080170372039,55.11380098738911,US
VIA,"Via Transportation, Inc.",Technology,Software - Application,18.670000076293945,2.301370281062714,-0.0149369831348052,61.93574623696623,US
VICE,AdvisorShares Vice ETF,ETF,ETF,33.42129898071289,0.4638251048305053,-0.0122561643763356,50.85989809450877,US
VICI,VICI Properties Inc.,Real Estate,REIT - Diversified,26.280000686645508,-1.8304062859141916,0.0121487536283815,44.20482368149664,US
VIGI,Vanguard International Dividend Appreciation Index Fund ETF Shares,ETF,ETF,95.0999984741211,-0.1784383068493418,0.0031914970073078,60.09126995564164,US
VIK,Viking Holdings Ltd,Consumer Cyclical,Travel Services,97.6500015258789,-2.359764583483204,-0.0964379215850486,51.2143853504422,US
VINP,Vinci Compass Investments Ltd.,Financial Services,Asset Management,9.949999809265137,1.4271089058109094,0.0032035006082822,52.13682857904733,US
VIOG,Vanguard S&P Small-Cap 600 Growth Index Fund ETF Shares,ETF,ETF,148.86000061035156,-1.0897005911285298,-0.069698721610858,54.61245796329246,US
VIOO,Vanguard S&P Small-Cap 600 Index Fund ETF Shares,ETF,ETF,134.7899932861328,-0.0148388641964353,-0.0039788038754107,56.475368941669664,US
VIPS,Vipshop Holdings Limited,Consumer Cyclical,Internet Retail,13.859999656677246,2.363365551889004,-0.0056993129783481,53.92054615685436,US
VIR,"Vir Biotechnology, Inc.",Healthcare,Biotechnology,9.489999771118164,-7.414636379334985,-0.0435709573323463,47.09335026160888,US
VIS,Vanguard Industrials Index Fund ETF Shares,ETF,ETF,347.8099975585937,-1.0497873233019204,-0.0684940525735324,49.06860765135612,US
VITL,"Vital Farms, Inc.",Consumer Defensive,Farm Products,13.109999656677246,-0.3041822282387107,-0.0163320077828091,64.91810755831318,US
VIXY,ProShares VIX Short-Term Futures ETF,ETF,ETF,20.65999984741211,-1.0062337488099635,0.0109165921946683,38.40314995499555,US
VKI,Invesco Advantage Municipal Income Trust II,Financial Services,Asset Management,9.369999885559082,-1.1603339872239826,-0.0086083727727763,55.70683625077634,US
VKQ,Invesco Municipal Trust,Financial Services,Asset Management,9.979999542236328,-0.4985064014558223,-0.0049325053409842,56.22966736303826,US
VKTX,"Viking Therapeutics, Inc.",Healthcare,Biotechnology,37.970001220703125,-9.87419829561902,-0.1796581292591463,56.36980300711044,US
VLGEA,"Village Super Market, Inc.",Consumer Defensive,Grocery Stores,43.52999877929688,3.445810088278328,0.0098137788586825,58.40180589389012,US
VLLU,Harbor AlphaEdge Large Cap Value ETF,ETF,ETF,26.261999130249023,-0.1368971213962331,0.0018233113269226,53.2093164795726,US
VLO,Valero Energy Corporation,Energy,Oil & Gas Refining & Marketing,301.42999267578125,13.225900117808258,0.5642010658008809,74.00313715061928,US
VLTO,Veralto Corporation,Industrials,Pollution & Treatment Controls,91.9000015258789,-1.2889333704723414,-0.1625164316834197,61.3447682109024,US
VLU,State Street SPDR S&P 1500 Value Tilt ETF,ETF,ETF,241.0319976806641,0.1379313405198194,-0.0222427342480848,63.57515232027208,US
VLUE,iShares MSCI USA Value Factor ETF,ETF,ETF,195.3000030517578,1.7876729149210555,0.2047418502683595,51.41198915647597,US
VLY,Valley National Bancorp,Financial Services,Banks - Regional,14.579999923706056,-1.950235131707427,-0.0052681016415858,55.9224853766761,US
VMBS,Vanguard Mortgage-Backed Securities Index Fund ETF Shares,ETF,ETF,46.459999084472656,0.0,0.0086440196504037,48.50164659895002,US
VMC,Vulcan Materials Company,Basic Materials,Building Materials,291.8900146484375,-2.67088343149872,0.000288097841933,48.81462077230693,US
VMD,"Viemed Healthcare, Inc.",Healthcare,Medical Devices,11.9399995803833,-1.077051513900732,-0.040623333437172,65.16295234597294,US
VMO,Invesco Municipal Opportunity Trust,Financial Services,Asset Management,9.880000114440918,0.3045658051712189,-0.0010240327944431,58.44555258676954,US
VNET,"VNET Group, Inc.",Technology,Information Technology Services,7.75,0.5188062471480994,-0.0018251155385942,42.01247794914152,US
VNGLF,Vanguard Funds Public Limited Company - Vanguard FTSE Developed Europe UCITS ETF,MUTUALFUND,MUTUALFUND,67.75810241699219,-1.7286360899257245,-0.0357406541102555,50.027147600518425,US
VNLA,Janus Henderson Short Duration Income ETF,ETF,ETF,48.90999984741211,0.0409090980023751,1.4768849105194217e-05,69.14383234964525,US
VNM,VanEck Vietnam ETF,ETF,ETF,17.670000076293945,-2.321725111947341,-0.0108393012215016,39.22651515842792,US
VNO,Vornado Realty Trust,Real Estate,REIT - Office,39.130001068115234,-0.7859978939852649,0.0423049231138441,59.8139525920488,US
VNQI,Vanguard Global ex-U.S. Real Estate Index Fund ETF Shares,ETF,ETF,45.34000015258789,-0.3516480162903502,-0.0033880194867935,50.96066905517184,US
VNT,Vontier Corporation,Technology,Scientific & Technical Instruments,29.36000061035156,3.0537060239479707,0.0164318217178149,50.059990086898544,US
VOE,Vanguard Mid-Cap Value Index Fund ETF Shares,ETF,ETF,201.7899932861328,0.5430973365543799,-0.0139200728444088,65.06393318679585,US
VOLT,Tema Electrification ETF,ETF,ETF,38.86000061035156,1.0400455938658557,0.0467760956603445,46.30097004276952,US
VONE,Vanguard Russell 1000 Index Fund ETF Shares,ETF,ETF,340.5799865722656,0.5491217952466205,-0.0084627240143462,57.23167087970231,US
VONV,Vanguard Russell 1000 Value Index Fund ETF Shares,ETF,ETF,108.01000213623048,-0.5615914149576446,-0.0462088863144922,59.73167955143995,US
VOOG,Vanguard S&P 500 Growth Index Fund ETF Shares,ETF,ETF,82.87999725341797,1.369857005778128,0.0171103092285152,54.75561128281252,US
VOOV,Vanguard S&P 500 Value Index Fund ETF Shares,ETF,ETF,221.9499969482422,-0.3680959323481595,-0.0786889745662233,58.2401899039041,US
VOT,Vanguard Mid-Cap Growth Index Fund ETF Shares,ETF,ETF,300.739990234375,0.0066470516063894,-0.0029116164451825,51.361730875602674,US
VOTE,TCW Transform 500 ETF,ETF,ETF,88.62999725341797,0.5148733647388839,-0.0062951309211564,56.671166936686646,US
VOX,Vanguard Communication Services Index Fund ETF Shares,ETF,ETF,191.0200042724609,0.5421331383318134,-0.040093194518092,55.66999688189484,US
VOXP,Advisors Series Trust - Vox Populi ETF,ETF,ETF,38.75,-0.2265854276369003,-0.0115234016474493,55.20275443939147,US
VOYA,"Voya Financial, Inc.",Financial Services,Financial Conglomerates,98.3000030517578,1.970955908510898,-0.0438370459654273,75.4956933960893,US
VOYG,"Voyager Technologies, Inc.",Industrials,Aerospace & Defense,29.780000686645508,-6.616490258346759,-0.0240500477688141,39.59731024036478,US
VPC,Virtus Private Credit ETF,ETF,ETF,15.022000312805176,0.7241568895969437,0.0036926467271274,52.49328348849898,US
VPG,"Vishay Precision Group, Inc.",Technology,Scientific & Technical Instruments,110.87000274658205,2.2314484706668942,0.5140579381035009,43.72272342761668,US
VPL,Vanguard FTSE Pacific Index Fund ETF Shares,ETF,ETF,112.5,0.1870149459083473,0.0948414534909226,47.72736193957507,US
VPU,Vanguard Utilities Index Fund ETF Shares,ETF,ETF,197.38999938964844,0.0709756094542142,0.0190194300029182,55.58378944311249,US
VRAI,Virtus Real Asset Income ETF,ETF,ETF,28.24740028381348,1.2270187734911286,0.0178380600859662,59.73001634446131,US
VRDN,"Viridian Therapeutics, Inc.",Healthcare,Biotechnology,19.07999992370605,-6.790422258302721,-0.0714708196834995,56.32486764026577,US
VREX,Varex Imaging Corporation,Healthcare,Medical Devices,10.56999969482422,-0.7511730194511959,-0.0241764430185014,49.78328331629002,US
VRNS,"Varonis Systems, Inc.",Technology,Software - Infrastructure,48.18999862670898,5.126523704839964,0.0542269028702602,79.78038940413902,US
VRP,Invesco Variable Rate Preferred ETF,ETF,ETF,24.36000061035156,-0.0820285114989734,-0.0014294219346852,56.88767229065683,US
VRRM,Verra Mobility Corporation,Technology,Information Technology Services,4.340000152587891,2.843610624700776,-0.0084782816591575,34.41716088572132,US
VRSK,"Verisk Analytics, Inc.",Industrials,Consulting Services,190.5399932861328,-0.8894703323106308,-0.1176968900187249,58.67555413189661,US
VRSN,"VeriSign, Inc.",Technology,Software - Infrastructure,268.8500061035156,0.7759229828662066,-0.0883183970104291,50.91497875241209,US
VRT,Vertiv Holdings Co,Industrials,Electrical Equipment & Parts,303.5799865722656,-0.6544931238574507,-0.6192138583912716,46.31386345973982,US
VRTL,GraniteShares 2x Long VRT Daily ETF,ETF,ETF,41.93000030517578,-2.0098167608112654,-0.1533282092395624,44.61588378063792,US
VRTX,Vertex Pharmaceuticals Incorporated,Healthcare,Biotechnology,476.30999755859375,-8.796553842298946,-1.4071947511257132,48.77396327193957,US
VSDA,VictoryShares Dividend Accelerator ETF,ETF,ETF,57.860599517822266,-1.8282835448202763,-0.042759583052086,55.27095645947505,US
VSDB,Vanguard Short Duration Bond ETF Shares,ETF,ETF,75.94000244140625,-0.1446424798651207,-0.0013575712089416,50.98279145427298,US
VSDM,Vanguard Short Duration Tax-Exe,ETF,ETF,76.37999725341797,-0.1046322678689831,-0.0012772250247754,59.56510189362268,US
VSEC,VSE Corporation,Industrials,Aerospace & Defense,208.6000061035156,-5.636474980859214,-0.214273488673351,49.85049161722229,US
VSGX,Vanguard ESG International Stock ETF,ETF,ETF,80.80999755859375,-0.234570915316358,0.009150537574292,49.07348468304874,US
VSH,"Vishay Intertechnology, Inc.",Technology,Semiconductors,41.7400016784668,-1.0665962618858926,0.1886647358252347,36.59779027377548,US
VSHY,Virtus Newfleet Short Duration High Yield Bond ETF,ETF,ETF,21.739999771118164,-0.045978063824533,0.000179082634537,55.8937192616783,US
VSLU,Applied Finance Valuation Large Cap US ETF,ETF,ETF,47.150001525878906,0.150816632401454,-0.0175471024577685,61.30965879064728,US
VSMV,VictoryShares US Multi-Factor Minimum Volatility ETF,ETF,ETF,59.73740005493164,0.3652482642231413,-0.0128764058016929,52.81315637117968,US
VSNT,"Versant Media Group, Inc.",Communication Services,Entertainment,34.79999923706055,-6.926986346260658,-0.0408962629961323,34.47364903552048,US
VSS,Vanguard FTSE All-World ex-US Small-Cap Index Fund ETF Shares,ETF,ETF,153.0800018310547,-0.2866091904383691,0.0157466859477255,45.03736289338569,US
VST,Vistra Corp.,Utilities,Utilities - Independent Power Producers,158.42999267578125,1.7337680744344386,0.0808997644154436,52.1978969980289,US
VSTS,Vestis Corporation,Industrials,Rental & Leasing Services,14.899999618530272,5.598865918321814,0.016524600259287,67.30199696905487,US
VSXY,Victorias Secret & Co.,Consumer Cyclical,Apparel Retail,81.91999816894531,4.690093506639377,0.3280234001010229,60.46179809843874,US
VTEC,Vanguard California Tax-Exempt Bond ETF,ETF,ETF,100.0199966430664,-0.2095247997940527,-0.0031703949130472,53.09649557973989,US
VTEX,VTEX,Technology,Software - Application,4.070000171661377,-1.2135853224889142,-0.0049888389937204,57.1240047279255,US
VTG,Vanguard Total Treasury ETF,ETF,ETF,74.56999969482422,-0.1606677502469926,0.003375001943018,43.44756312420319,US
VTHR,Vanguard Russell 3000 Index Fund ETF Shares,ETF,ETF,332.360107421875,0.4382169604175275,-0.0180142187373153,56.76720946548835,US
VTIP,Vanguard Short-Term Inflation-Protected Securities Index Fund ETF Shares,ETF,ETF,49.61000061035156,-0.0604326745884906,-0.0026780070866537,50.84402518106207,US
VTOL,Bristow Group Inc.,Energy,Oil & Gas Equipment & Services,43.34999847412109,1.379794611195709,-0.0258722366628707,54.565982424995546,US
VTP,Vanguard Total Inflation-Protected Securities ETF,ETF,ETF,75.38500213623047,-0.1390856146645274,-0.0006637987114471,44.3023691495567,US
VTR,"Ventas, Inc.",Real Estate,REIT - Healthcare Facilities,92.4000015258789,-1.7752717916052003,-0.0835191537384485,63.759175416511255,US
VTS,"Vitesse Energy, Inc.",Energy,Oil & Gas E&P,15.6899995803833,-0.3809550451853918,0.0059840473053797,44.64141079962163,US
VTWO,Vanguard Russell 2000 Index Fund ETF Shares,ETF,ETF,119.05999755859376,-0.5595972434264895,-0.0139422751546449,51.981700171622926,US
VUS,Virtus U.S. Dividend ETF,ETF,ETF,29.757999420166016,0.7789201543862042,0.0005947921057495,54.38461003633653,US
VUSB,Vanguard Ultra-Short Bond ETF,ETF,ETF,49.68000030517578,0.1007439774017431,0.0010107566396534,71.41778406313821,US
VUSE,Vident U.S. Equity Strategy ETF,ETF,ETF,71.87000274658203,0.0835610500325107,-0.0067872613280897,53.31156848925855,US
VUSG,Vanguard Wellington U.S. Growth Active ETF,ETF,ETF,64.22260284423828,1.080652785393677,0.0088921766146464,52.98950899806149,US
VUSV,Vanguard Wellington U.S. Value Active ETF,ETF,ETF,68.68779754638672,-0.711481290283021,-0.0171402842935453,57.8658329937502,US
VVR,Invesco Senior Income Trust,Financial Services,Asset Management,2.9600000381469727,-1.333332061767578,-0.0024288853512041,42.06213489153501,US
VVV,Valvoline Inc.,Consumer Cyclical,Auto & Truck Dealerships,38.88999938964844,0.1029624635738127,0.032960977991599,57.368129805720784,US
VWOB,Vanguard Emerging Markets Government Bond Index Fund,ETF,ETF,66.51000213623047,-0.2549462629983177,-0.0027462686704499,46.46585262931982,US
VXX,iPath Series B S&P 500 VIX Short-Term Futures ETN,ETF,ETF,21.51000022888184,-0.8298769052271112,0.0160725112906667,38.83038699848306,US
VYMI,Vanguard International High Dividend Yield Index Fund ETF Shares,ETF,ETF,100.79000091552734,0.8202457585390147,0.0264440650667444,60.73546665737806,US
VZ,Verizon Communications Inc.,Communication Services,Telecom Services,42.470001220703125,1.41815447980916,0.069030060753507,41.99860292731582,US
WAB,Westinghouse Air Brake Technologies Corporation,Industrials,Railroads,262.0199890136719,1.0918579210652175,0.2565735160879627,46.83626475532384,US
WABC,Westamerica Bancorporation,Financial Services,Banks - Regional,58.619998931884766,-0.2552348557266187,0.0086195218114234,56.142949463292304,US
WAGN,Pabrai Wagons ETF,ETF,ETF,13.920000076293944,0.5054129450990713,0.0132162194875244,39.20826532888193,US
WAMA,Wisdomtree U.S. Adaptive Moving Average Fund,EQUITY,EQUITY,26.39559936523437,0.5929862632372286,-0.0010860995730224,57.48627110488128,US
WAT,Waters Corporation,Healthcare,Diagnostics & Research,376.3900146484375,0.3894118905336006,0.0149296025683423,57.17913424788717,US
WBD,"Warner Bros. Discovery, Inc.",Communication Services,Entertainment,27.479999542236328,5.206732998875526,0.0527329852956505,60.53328264211689,US
WBIF,WBI BullBear Value 3000 ETF,ETF,ETF,35.59199905395508,0.2337440810633669,0.0064941982322893,60.99909303461062,US
WBIG,WBI BullBear Yield 3000 ETF,ETF,ETF,25.972900390625,0.1384127523870721,0.0010476776152428,62.65285538122752,US
WBIL,WBI BullBear Quality 3000 ETF,ETF,ETF,39.643699645996094,0.3612571765194424,0.0065304337376472,53.13613537805176,US
WBIY,WBI Power Factor High Dividend ETF,ETF,ETF,35.85390090942383,0.5493857147946339,0.0059071763065319,61.31936129626784,US
WBTN,WEBTOON Entertainment Inc.,Communication Services,Internet Content & Information,11.359999656677246,-0.4382137721605997,-0.0143773877653343,46.494593013038525,US
WCAP,Warcap Unconstrained Equity ETF,EQUITY,EQUITY,9.221799850463867,0.4006470241261421,0.0055779218666693,46.75404685947739,US
WCBR,WisdomTree Cybersecurity Fund,ETF,ETF,40.45000076293945,5.174211455637331,0.0696521760738049,73.31784179761411,US
WCCB,West Coast Community Bancorp,Financial Services,Banks - Regional,52.04999923706055,2.058822033452053,0.0195905040564476,86.14967572472341,US
WCLD,WisdomTree Cloud Computing Fund,ETF,ETF,34.984100341796875,1.5798540557023355,-0.0103513176547911,66.4095420593784,US
WCPB,Weitz Core Plus Bond ETF,EQUITY,EQUITY,25.209999084472656,-0.1979459380685566,0.0012527088754343,47.59982010417218,US
WD,"Walker & Dunlop, Inc.",Financial Services,Mortgage Finance,48.5,-5.3104278716879465,-0.0481237315209372,38.79342529370573,US
WDAF,WisdomTree Asia Defense Fund,ETF,ETF,29.62739944458008,-5.768266088996216,-0.0264578735482735,38.62329202413613,US
WDAY,"Workday, Inc.",Technology,Software - Application,139.80999755859375,-2.673161504383888,-0.3282759427790325,56.89509422018116,US
WDC,Western Digital Corporation,Technology,Computer Hardware,563.3200073242188,5.86732440720419,1.397859736053478,47.98202852229242,US
WDE,Principal Securitized Debt ETF,ETF,ETF,25.15999984741211,-0.5140413737012457,-0.0043671847134671,45.250386192959496,US
WDEF,WisdomTree Trust,EQUITY,EQUITY,27.600000381469727,-7.101981716672885,-0.0427917252604285,43.702583978946144,US
WDFC,WDFC,N/A,N/A,249.1199951171875,-0.2122967323270335,-0.4773193490892815,58.93806345564444,US
WDGF,WisdomTree Global Defense Fund,ETF,ETF,30.23150062561035,-5.227435134211893,-0.0368664246713664,41.02832507619774,US
WDH,Waterdrop Inc.,Financial Services,Insurance - Diversified,1.149999976158142,-4.958682652664732,-0.0006547341425473,35.41114833972348,US
WDIG,WisdomTree Efficient Rare Earth Plus Strategic Metals Fund,ETF,ETF,41.56159973144531,1.394481653019283,0.1010604407702957,40.01693563694257,US
WDIV,State Street SPDR S&P Global Dividend ETF,ETF,ETF,81.74030303955078,1.2389214791274066,0.0265074751093972,66.75886081466317,US
WDNA,WisdomTree BioRevolution Fund,ETF,ETF,20.270000457763672,-4.517403691428027,-0.0745499395578274,57.72893558316144,US
WDTE,Defiance S&P 500 Target 30 Weekly Distribution ETF,ETF,ETF,29.897600173950195,0.4901497881494608,-0.0029423541081244,58.0850782772855,US
WEAV,"Weave Communications, Inc.",Healthcare,Health Information Services,7.429999828338623,9.104256839479875,0.0070018225586524,78.2609290854069,US
WEBL,Direxion Daily Dow Jones Internet Bull 3X Shares,ETF,ETF,25.770000457763672,3.95320494571866,-0.0184972473155726,57.63124823662596,US
WEC,"WEC Energy Group, Inc.",Utilities,Utilities - Regulated Electric,115.0500030517578,-2.234871895477295,-0.0619622327684979,49.82791042974358,US
WEED,Roundhill Cannabis ETF,ETF,ETF,20.512399673461918,3.577049022440528,0.0460121705947821,48.93916216741127,US
WEEI,Westwood Salient Enhanced Energy Income ETF,ETF,ETF,23.349199295043945,2.8644429586449265,0.0255450028140482,59.10288657243846,US
WEEK,Roundhill Weekly T-Bill ETF,ETF,ETF,100.01000213623048,-0.0199906461165977,-0.0046521843204792,67.5685258899285,US
WEEUF,WisdomTree Issuer ICAV - WisdomTree Europe Equity UCITS ETF,EQUITY,EQUITY,43.07699966430664,-1.0747468694864504,0.003374570005144,53.196101618225306,US
WELL,Welltower Inc.,Real Estate,REIT - Healthcare Facilities,236.0,-0.6692185539787618,-0.1188330744834376,65.3317535088942,US
WEN,The Wendy's Company,Consumer Cyclical,Restaurants,7.420000076293945,-4.627250948663823,-0.0184861658191713,48.97891562381066,US
WEPN,Nicholas Defense and Rare Earth,EQUITY,EQUITY,42.60459899902344,-1.1494187764185495,0.040430991661245,47.9641833811909,US
WEX,WEX Inc.,Technology,Software - Infrastructure,155.08999633789062,1.2733426642379877,-0.3994636226129424,61.35221281671472,US
WFC,Wells Fargo & Company,Financial Services,Banks - Diversified,85.29000091552734,-2.167927716256535,-0.1667076028720049,54.137499298069706,US
WFHG,World Financial Holding Group,Financial Services,Shell Companies,8.40999984741211,11.984015860200238,-0.0043081706962047,99.7754635604884,US
WFRD,Weatherford International plc,Energy,Oil & Gas Equipment & Services,82.01000213623047,-1.6312829141742102,0.0754314544266838,34.682122172415035,US
WGS,GeneDx Holdings Corp.,Healthcare,Diagnostics & Research,62.43000030517578,-4.570464609381287,-0.2863770126436411,49.72944971344381,US
WH,"Wyndham Hotels & Resorts, Inc.",Consumer Cyclical,Lodging,77.62999725341797,-4.86519766536783,0.0130420736668404,41.06184182313356,US
WHD,"Cactus, Inc.",Energy,Oil & Gas Equipment & Services,52.59999847412109,1.2317155522038687,-0.0240247678764435,45.587474597924206,US
WILC,G. Willi-Food International Ltd.,Consumer Defensive,Food Distribution,31.799999237060547,-0.094252864333701,0.028329114892209,43.95552882242004,US
WIMA,Wisdomtree International Adaptive Moving Average Fund,ETF,ETF,42.37409973144531,0.1514969417958,0.0067794789751211,54.92215667133832,US
WINA,Winmark Corporation,Consumer Cyclical,Specialty Retail,376.6600036621094,-8.479928589637934,-0.7112805216191935,37.577438806342215,US
WING,Wingstop Inc.,Consumer Cyclical,Restaurants,148.41000366210938,-12.807709412998774,-0.5625925139542067,41.55783557115817,US
WIP,State Street SPDR FTSE International Government Inflation-Protected Bond ETF,ETF,ETF,39.11000061035156,0.4623691337393851,0.0166244362570978,49.139584754424256,US
WISE,Themes Generative Artificial Intelligence ETF,ETF,ETF,36.419898986816406,0.0601686293699419,0.024453275996435,41.22463478007244,US
WIW,Western Asset Inflation-Linked Opportunities & Income Fund,Financial Services,Asset Management,8.380000114440918,0.2392399352277154,-0.0003373966244013,49.52780147629077,US
WKC,World Kinect Corporation,Energy,Oil & Gas Refining & Marketing,36.400001525878906,9.903389794002884,0.0490808973278802,83.80190786631647,US
WLDN,"Willdan Group, Inc.",Industrials,Engineering & Construction,72.62000274658203,-5.5533836350130965,0.1978527843692261,30.318246148573195,US
WLDR,Affinity World Leaders Equity ETF,ETF,ETF,45.63570022583008,1.2551598287914425,0.0260118166340104,52.06314456252846,US
WLDU,Leverage Shares 2x Long World S,ETF,ETF,17.273399353027344,0.3683920507113158,0.003152934571361,51.29120908536558,US
WLFC,Willis Lease Finance Corporation,Industrials,Rental & Leasing Services,216.97999572753903,-2.208405015071733,-0.5003947764713779,54.01250366326296,US
WLTG,WealthTrust DBS Long Term Growth ETF,ETF,ETF,37.56969833374024,0.2018959129100553,-0.0055473567424345,54.42354072863196,US
WLTH,Wealthfront Corporation,Technology,Software - Application,9.09000015258789,-4.012672689819703,-0.0199665146369761,45.99575485981163,US
WM,"Waste Management, Inc.",Industrials,Waste Management,234.2700042724609,-1.2394091135255545,-0.2354267556226523,61.27276230034577,US
WMB,"The Williams Companies, Inc.",Energy,Oil & Gas Midstream,75.9800033569336,1.1987233669813877,0.0619037799716478,57.40846068380959,US
WMK,"Weis Markets, Inc.",Consumer Defensive,Grocery Stores,77.94000244140625,-3.16808981244997,-0.0825836341872627,48.8589284001442,US
WMT,Walmart Inc.,Consumer Defensive,Discount Stores,113.6999969482422,1.9365214407257128,0.0698112979249421,43.955214618903724,US
WMTI,REX WMT Growth & Income ETF,ETF,ETF,21.700000762939453,1.354511525428138,0.012406606351485,40.62643123687488,US
WNC,Wabash National Corporation,Industrials,Farm & Heavy Construction Machinery,13.420000076293944,9.194468006088927,0.0234047825891068,69.70123463945308,US
WNTR,YieldMax MSTR Short Option Income Strategy ETF,ETF,ETF,27.290000915527344,0.6392161802998014,-0.0539827653967734,54.06975063213087,US
WOMN,Impact Shares Women’s Empowerment ETF,ETF,ETF,43.34999847412109,0.6267331281118383,0.0031138386339223,63.56735897887352,US
WOOD,iShares Global Timber & Forestry ETF,ETF,ETF,67.76399993896484,0.8993392553911281,0.0442115612125225,54.757714977123655,US
WR,Corgi U.S. War Machine ETF,ETF,ETF,24.940000534057617,1.879089054015834,0.0197097048381416,55.87956618016169,US
WRB,W. R. Berkley Corporation,Financial Services,Insurance - Property & Casualty,71.9800033569336,0.6150439415366992,-0.0953794572757738,59.37526523587615,US
WS,"Worthington Steel, Inc.",Basic Materials,Steel,33.939998626708984,5.534822101188879,0.2005982149125051,41.16601219780797,US
WSC,WillScot Holdings Corporation,Industrials,Rental & Leasing Services,26.84000015258789,4.557849913582321,0.0913802543700034,50.6824871424956,US
WSDB,Weitz Short Duration Bond ETF,EQUITY,EQUITY,24.95499992370605,-0.1800003051757812,-0.0006638036542588,52.53708331681743,US
WSFS,WSFS Financial Corporation,Financial Services,Banks - Regional,77.66999816894531,1.8756562765531508,0.0013379601100256,59.59558274391382,US
WSGE,Warren Street Global Equity ETF,ETF,ETF,27.98730087280273,0.0725920532570875,0.0005527932524858,53.00012353655715,US
WSM,"Williams-Sonoma, Inc.",Consumer Cyclical,Specialty Retail,220.33999633789065,-0.9663396566995436,0.2103838156546711,50.87104277317882,US
WSML,iShares MSCI World Small-Cap ETF,ETF,ETF,34.64500045776367,-0.1757644837254904,0.0028513307759999,50.5385768995578,US
WSR,Whitestone REIT,Real Estate,REIT - Retail,18.989999771118164,0.1054320426337177,0.0006491782837351,65.69194179682034,US
WST,"West Pharmaceutical Services, Inc.",Healthcare,Medical Instruments & Supplies,357.6499938964844,0.4409142281014214,-0.2389127638387531,63.45423963387029,US
WTAI,WisdomTree Artificial Intelligence and Innovation Fund,ETF,ETF,42.79999923706055,1.929024830235077,0.0521080881130906,47.794625906397314,US
WTBA,"West Bancorporation, Inc.",Financial Services,Banks - Regional,26.46999931335449,-0.1132101382849351,-0.0109014755445572,58.29821690362228,US
WTI,"W&T Offshore, Inc.",Energy,Oil & Gas E&P,3.5899999141693115,8.459213783388867,0.0089387336437597,53.20496877771694,US
WTIP,WisdomTree Inflation Plus Fund,ETF,ETF,35.35499954223633,0.985436267475994,0.0227713202377672,46.57660517221945,US
WTM,"White Mountains Insurance Group, Ltd.",Financial Services,Insurance - Property & Casualty,2167.7900390625,0.089569513991263,-2.9383074164799314,62.542411284186784,US
WTMF,WisdomTree Managed Futures Strategy Fund,ETF,ETF,41.11000061035156,0.6857672464856764,0.0104979908257792,55.108682400877285,US
WTMY,Wisdomtree High Income Laddered Municipal Fund,ETF,ETF,25.395000457763672,-0.2748858998813122,-0.0006059667543975,56.25089302813944,US
WTPI,WisdomTree Equity Premium Income Fund,ETF,ETF,33.04999923706055,0.4559200736317702,-0.0005721392849659,59.33987033866075,US
WTV,WisdomTree U.S. Value Fund,ETF,ETF,104.45999908447266,0.6067583957506412,-0.0075277790928569,64.23397314656191,US
WTW,Willis Towers Watson Public Limited Company,Financial Services,Insurance Brokers,288.739990234375,-1.755700499921344,-0.7375617722922074,62.94872624492688,US
WULX,Tradr 2X Long WULF Daily ETF,ETF,ETF,26.670000076293945,-11.011008717608089,-0.1393141883658164,34.52366450401591,US
WWD,"Woodward, Inc.",Industrials,Aerospace & Defense,397.8900146484375,-1.7167230887069955,-0.0799529340610032,47.01647016224113,US
WWJD,Inspire International ETF,ETF,ETF,38.79999923706055,0.1807376598284794,0.0043811065981805,55.22844813192224,US
WWW,"Wolverine World Wide, Inc.",Consumer Cyclical,Footwear & Accessories,17.670000076293945,2.9720293322656923,5.092179062700375e-05,55.65324389321052,US
WXET,Teucrium 2x Daily Wheat ETF,ETF,ETF,20.36000061035156,8.240304031989107,0.0355843973577256,61.74034696360113,US
WYFI,"WhiteFiber, Inc.",Technology,Information Technology Services,31.1299991607666,-6.852181728443764,-0.3825091688273141,46.26230773020401,US
XA,Corgi AI Cybersecurity ETF,ETF,ETF,39.40570068359375,4.000267401322268,0.0590358539520312,70.71176591945617,US
XAIX,Xtrackers Artificial Intelligence and Big Data ETF,ETF,ETF,55.18999862670898,1.1639598899845651,0.0488780356388597,48.93201525606843,US
XAPR,FT Vest U.S. Equity Enhance & Moderate Buffer ETF - April,ETF,ETF,37.89500045776367,0.2380641498779963,-0.0006391187629473,60.93880161281034,US
XAR,State Street SPDR S&P Aerospace & Defense ETF,ETF,ETF,266.5599975585937,-4.571649886349793,-0.1814436204997531,41.152270121297896,US
XAUG,FT Vest U.S. Equity Enhance & Moderate Buffer ETF - August,ETF,ETF,39.20500183105469,0.0893634509718372,-0.001220865816346,66.63452215730408,US
XB,BondBloxx B Rated USD High Yield Corporate Bond ETF,ETF,ETF,39.0098991394043,-0.2635947785470307,-0.0019577642769423,51.05429485979877,US
XBB,BondBloxx BB Rated USD High Yield Corporate Bond ETF,ETF,ETF,40.81499862670898,-0.1590079249213848,0.0010640949531654,54.24592927434544,US
XBCI,NEOS Boosted Bitcoin High Income ETF,ETF,ETF,32.22999954223633,1.3267070239275467,0.0506359724440503,48.89050642648608,US
XBI,State Street SPDR S&P Biotech ETF,ETF,ETF,155.4499969482422,-5.138218355913151,-0.4969262591197569,58.72669697515148,US
XBIL,F/m US Treasury 6 Month Bill ETF,ETF,ETF,50.084999084472656,0.0799298970744407,0.0002812470386245,87.3325437126648,US
XBJA,Innovator U.S. Equity Accelerated 9 Buffer ETF - January,ETF,ETF,33.974998474121094,0.3248096565848948,0.000350413743958,62.33255758846298,US
XBJL,Innovator U.S. Equity Accelerated 9 Buffer ETF - July,ETF,ETF,40.1259994506836,0.3626734234163319,0.0034317450572503,61.33984051919517,US
XBOC,Innovator U.S. Equity Accelerated 9 Buffer ETF - October,ETF,ETF,35.70500183105469,0.2527029295138449,-0.00104501462643,65.06148421510807,US
XC,WisdomTree True Emerging Markets Fund,ETF,ETF,31.857799530029297,0.008789790717957,-0.0008617806303583,52.38374260623265,US
XCHG,Ab US Equity ETF,ETF,ETF,26.90399932861328,0.0557826236843486,-0.0083420979893681,58.64535433741894,US
XCLR,Global X S&P 500 Collar 95-110 ETF,ETF,ETF,27.672100067138672,0.4833164304522803,0.0008470222308463,59.25488930788254,US
XCOR,Fundx ETF,ETF,ETF,87.68000030517578,-1.0662902057254935,-0.0395193140565683,46.758597193452815,US
XDAT,Franklin Exponential Data ETF,ETF,ETF,25.19300079345703,-0.8617970132866659,-0.0341500560090009,54.44933622910104,US
XDEC,FT Vest U.S. Equity Enhance & Moderate Buffer ETF - December,ETF,ETF,43.040000915527344,0.2912734412986415,0.0008074004838634,64.65936610518244,US
XDEF,Xtrackers Europe Defense Technologies ETF,ETF,ETF,20.895000457763672,-6.718746367841898,-0.0898719738722493,32.85276211492274,US
XDIV,Roundhill S&P 500 No Dividend Target ETF,ETF,ETF,30.6299991607666,0.4591649416181785,-0.0043335211353782,56.32740472703856,US
XDQQ,Innovator Growth-100 Accelerated ETF – Quarterly,ETF,ETF,40.12179946899414,1.7029117694866966,0.0247174233675596,48.35752391254825,US
XDSQ,Innovator U.S. Equity Accelerated ETF – Quarterly,ETF,ETF,43.31499862670898,0.6623282721291455,0.0030994233608075,63.73685306374209,US
XE,"X-Energy, Inc.",Industrials,Specialty Industrial Machinery,15.329999923706056,-7.315604140537683,-0.0013389504227645,31.81534362053664,US
XEL,Xcel Energy Inc.,Utilities,Utilities - Regulated Electric,80.16999816894531,-0.6198091128660516,-0.0029805165507028,51.62491627924864,US
XEMD,BondBloxx JP Morgan USD Emerging Markets 1-10 Year Bond ETF,ETF,ETF,44.66999816894531,-0.1341412338588541,0.0027628760188079,51.0085206154356,US
XEML,Xtrackers Europe Market Leaders ETF,ETF,ETF,25.382999420166016,-2.335515030002763,-0.0191112993358908,46.64370066037858,US
XENE,Xenon Pharmaceuticals Inc.,Healthcare,Biotechnology,67.30000305175781,6.201679321625578,-0.2543781433274077,70.41658068483983,US
XERS,"Xeris Biopharma Holdings, Inc.",Healthcare,Drug Manufacturers - Specialty & Generic,8.279999732971191,-7.382548975285433,-0.0272066024206683,64.73905330927124,US
XES,State Street SPDR S&P Oil & Gas Equipment & Services ETF,ETF,ETF,114.3499984741211,6.085905466996587,0.2470625240728621,50.07252932745113,US
XFEB,FT Vest U.S. Equity Enhance & Moderate Buffer ETF - February,ETF,ETF,37.540000915527344,0.2403208297847482,0.0003520509865531,63.68535829373711,US
XHR,"Xenia Hotels & Resorts, Inc.",Real Estate,REIT - Hotel & Motel,20.280000686645508,0.2471633491873638,0.0106850951492935,62.44244708759549,US
XIDE,FT Vest U.S. Equity Buffer & Premium Income ETF - December,ETF,ETF,30.32999992370605,0.2976195544612689,0.0010377890696876,64.67025840100501,US
XIMR,FT Vest U.S. Equity Buffer & Premium Income ETF - March,ETF,ETF,31.40999984741211,0.1434722672479747,0.0003178340887126,66.13984398672952,US
XITK,State Street SPDR FactSet Innovative Technology ETF,ETF,ETF,190.6820068359375,0.7321874463704314,0.0736259823272358,50.09050523709758,US
XJR,iShares ESG Select Screened S&P Small-Cap ETF,ETF,ETF,51.539798736572266,-0.0740633197747806,-0.0024468934520969,55.93135062586462,US
XLB,State Street Materials Select Sector SPDR ETF,ETF,ETF,50.63999938964844,-1.688990410083302,0.0064354487278427,46.74883338017138,US
XLBI,State Street Materials Select Sector SPDR Premium Income ETF,EQUITY,EQUITY,23.60330009460449,-1.6529162724812825,0.0017895072239705,48.7443639473246,US
XLC,State Street Communication Services Select Sector SPDR ETF,ETF,ETF,111.4499969482422,0.3873178870273694,-0.0163238111226258,53.95309013660665,US
XLCI,State Street Communication Services Select Sector SPDR Premium Income ETF,EQUITY,EQUITY,23.70560073852539,0.4176743597551787,-0.0039432455821724,55.83611357686252,US
XLFI,State Street Financial Select Sector SPDR Premium Income ETF,EQUITY,EQUITY,23.894100189208984,0.3911583201901434,0.0001052704728271,70.24530089795617,US
XLG,Invesco S&P 500 Top 50 ETF,ETF,ETF,61.709999084472656,1.0645229226378037,0.0087048285968359,52.84686842146388,US
XLII,State Street Industrial Select Sector SPDR Premium Income ETF,EQUITY,EQUITY,25.86289978027344,-0.4966943547266244,-0.0088957292425266,55.55980748954043,US
XLP,State Street Consumer Staples Select Sector SPDR ETF,ETF,ETF,83.41999816894531,-1.6969154266428237,-0.056815769104016,47.93873437062887,US
XLRE,State Street Real Estate Select Sector SPDR ETF,ETF,ETF,44.47999954223633,-0.9133434016188798,-0.001099599488013,51.63938940112327,US
XLRI,State Street Real Estate Select Sector SPDR Premium Income ETF,EQUITY,EQUITY,23.619400024414062,-0.7504845313050262,1.513375525354077e-05,53.672917806854045,US
XLSI,State Street Consumer Staples Select Sector SPDR Premium Income ETF,EQUITY,EQUITY,23.21910095214844,-1.38415427092581,-0.014745025568875,49.702300578066975,US
XLSR,State Street US Sector Rotation ETF,ETF,ETF,64.91999816894531,0.479798105038376,0.000480939927983,52.15468157591874,US
XLU,State Street Utilities Select Sector SPDR ETF,ETF,ETF,45.68999862670898,-0.0218865121739341,0.0023136131909403,55.79934850147367,US
XLUI,State Street Utilities Select Sector SPDR Premium Income ETF,EQUITY,EQUITY,24.65999984741211,0.4071676858478689,0.0015778853288695,61.05281531195795,US
XLY,State Street Consumer Discretionary Select Sector SPDR ETF,ETF,ETF,115.9000015258789,-1.2692715491239033,-0.0595338666220969,47.94311071722881,US
XMAG,Defiance Large Cap ex-Mag 7 ETF,ETF,ETF,25.679399490356445,0.1341354337248982,-0.0007035819812224,54.39455091398755,US
XMAR,FT Vest U.S. Equity Enhance & Moderate Buffer ETF - March,ETF,ETF,42.860198974609375,0.1874712426390073,0.0002634871804192,64.7518226554522,US
XMAX,XMax Inc.,Consumer Cyclical,"Furnishings, Fixtures & Appliances",8.609999656677246,-1.2614748507231792,-0.0043496843279379,50.60192761279038,US
XMAY,FT Vest U.S. Equity Enhance & Moderate Buffer ETF - May,ETF,ETF,36.167999267578125,-0.0663187287378487,-0.0058595547991582,57.141741859600224,US
XME,State Street SPDR S&P Metals & Mining ETF,ETF,ETF,104.41999816894533,1.902992997962616,0.2682211281696092,39.58822914470717,US
XMHQ,Invesco S&P MidCap Quality ETF,ETF,ETF,113.04000091552734,-0.4841935382471856,-0.0329730255719131,56.20113163727095,US
XMLV,Invesco S&P MidCap Low Volatility ETF,ETF,ETF,67.37999725341797,-0.1185915092505561,-0.0156746067022716,62.86714552277654,US
XMMO,Invesco S&P MidCap Momentum ETF,ETF,ETF,160.77999877929688,0.324475408888621,0.153705655367111,43.18351581632311,US
XMPT,VanEck CEF Municipal Income ETF,ETF,ETF,22.174999237060547,0.4302505148675148,0.0026427345774737,59.89207999947912,US
XMTR,"Xometry, Inc.",Industrials,Industrial Distribution,97.1500015258789,4.350164466311552,0.1147952233336897,62.63233484963626,US
XMVM,Invesco S&P MidCap Value with Momentum ETF,ETF,ETF,72.29000091552734,1.559427656072727,0.0198678459974004,66.75616345452652,US
XNAV,FundX Aggressive ETF,ETF,ETF,91.63999938964844,-3.0500546478785475,-0.06184625012351,41.7393526497932,US
XOCT,FT Vest U.S. Equity Enhance & Moderate Buffer ETF - October,ETF,ETF,39.68999862670898,0.2399227252863118,-6.725554179400073e-05,65.87924202382055,US
XOEF,iShares S&P 500 ex S&P 100 ETF,ETF,ETF,29.899999618530277,0.4366783969353258,0.0019296957900599,56.01115005185851,US
XOEX,DBX ETF Trust - Xtrackers S&P 100 Ex Top 20 ETF,ETF,ETF,40.10049819946289,-1.5068588000803154,-0.0251894047056265,50.46098341727896,US
XOM,ExxonMobil Holdings Corporation,Energy,Oil & Gas Integrated,145.08999633789062,2.399600421977825,0.2562373821162351,55.87153194071786,US
XOMO,Yieldmax XOM Option Income Strategy ETF,ETF,ETF,10.90999984741211,1.9077929330464585,0.0120394636621684,56.45123868440077,US
XOMX,Direxion Daily XOM Bull 2X Shares,ETF,ETF,38.831298828125,4.407661395371736,0.1354117327114403,54.21778178080403,US
XONE,Bondbloxx Bloomberg One Year Target Duration US Treasury ETF,ETF,ETF,49.290000915527344,0.0812201330504441,0.0010119337243902,70.31083696548404,US
XOP,State Street SPDR S&P Oil & Gas Exploration & Production ETF,ETF,ETF,165.85000610351562,5.395275457698217,0.2360157982878188,59.62906836369345,US
XPAY,Roundhill S&P 500 Target 20 Managed Distribution ETF,ETF,ETF,52.91999816894531,0.5319125808195513,0.0015697931990404,56.72143080478022,US
XPEL,"XPEL, Inc.",Consumer Cyclical,Auto Parts,44.209999084472656,-11.650682902457032,-0.0607718575412699,41.3373308626224,US
XPER,XPER,N/A,N/A,7.769999980926514,-1.520911122810107,-0.0066589586544487,47.47476322526401,US
XPO,"XPO, Inc.",Industrials,Trucking,209.97000122070312,3.5406125411915457,0.1597315650681394,52.33871919904307,US
XPRO,Expro Group Holdings N.V.,Energy,Oil & Gas Equipment & Services,16.350000381469727,13.937281859466822,0.0656558480201068,61.844081876803486,US
XQQI,NEOS Boosted Nasdaq-100 High Income ETF,ETF,ETF,50.61000061035156,2.298225390448799,0.0330333851619685,50.46873357201592,US
XRAY,DENTSPLY SIRONA Inc.,Healthcare,Medical Instruments & Supplies,12.699999809265137,4.183759199652077,-0.0058249577318225,69.34325727926206,US
XRN,Chiron Real Estate Inc.,Real Estate,REIT - Healthcare Facilities,36.810001373291016,-1.9968050388127152,0.0022743044277181,53.036843849864574,US
XRPC,Canary XRP ETF,ETF,ETF,11.84000015258789,-0.4205230386132212,0.0178097144512128,47.3100826366479,US
XRPI,XRP ETF,ETF,ETF,6.130000114440918,-0.6482975908981448,0.0095186749129099,46.843324604272745,US
XRPZ,Franklin XRP ETF,EQUITY,EQUITY,12.09000015258789,-0.6981522531035147,0.0169061602852432,47.11030436488121,US
XRT,State Street SPDR S&P Retail ETF,ETF,ETF,87.77999877929688,0.6997827499884907,0.0174051816646796,56.23116621592378,US
XRX,Xerox Holdings Corporation,Industrials,Business Equipment & Supplies,2.7300000190734863,2.2471888039352814,0.0054859410576982,42.14341160678557,US
XSD,State Street SPDR S&P Semiconductor ETF,ETF,ETF,547.1300048828125,2.2539102161422684,0.6594201096794698,45.20017873157321,US
XSHD,Invesco S&P SmallCap High Dividend Low Volatility ETF,ETF,ETF,14.20419979095459,0.2413529603140919,-0.0001105908867177,61.35965488055343,US
XSHQ,Invesco S&P SmallCap Quality ETF,ETF,ETF,47.68000030517578,-0.0628773420090846,0.0054591139958771,55.40458430177963,US
XSLV,Invesco S&P SmallCap Low Volatility ETF,ETF,ETF,52.65999984741211,-0.3029152751543609,-0.011484200468582,61.289585202695086,US
XSMO,Invesco S&P SmallCap Momentum ETF,ETF,ETF,88.23999786376953,-1.2312497416731656,-0.0123648588083772,46.71389968230285,US
XSPI,NEOS Boosted S&P 500 High Income ETF,ETF,ETF,49.369998931884766,0.529420318268943,-0.0132740154997173,56.9527934602553,US
XSVM,Invesco S&P SmallCap Value with Momentum ETF,ETF,ETF,69.86000061035156,0.5035224620409919,-0.0013298437804825,59.11574110834669,US
XT,iShares Future Exponential Technologies ETF,ETF,ETF,81.68000030517578,-0.4388110754925977,-0.0194558184106274,51.399207275970845,US
XTAP,Innovator U.S. Equity Accelerated Plus ETF – April,ETF,ETF,45.59090042114258,0.290153299492045,-0.0005231084193182,62.73603540312197,US
XTEN,Bondbloxx Bloomberg Ten Year Target Duration US Treasury ETF,ETF,ETF,44.81999969482422,-0.2670203283305113,0.0052530877864376,41.99871644860151,US
XTJA,Innovator U.S. Equity Accelerated Plus ETF - January,ETF,ETF,34.26499938964844,0.4220304619036146,-0.0004068277623882,62.84637153741334,US
XTL,State Street SPDR S&P Telecom ETF,ETF,ETF,217.41000366210935,1.736081781398315,0.0425515451582834,45.73280614178349,US
XTOC,Innovator U.S. Equity Accelerated Plus ETF - October,ETF,ETF,36.34000015258789,0.2206338520627508,-0.004310522554252,62.14414923310598,US
XTR,Global X S&P 500 Tail Risk ETF,ETF,ETF,28.52039909362793,0.4982535853604555,-0.0005298570962921,55.41174048928209,US
XTRE,Bondbloxx Bloomberg Three Year Target Duration US Treasury ETF,ETF,ETF,48.84000015258789,0.0,0.002606575057926,50.899241618705545,US
XTWO,Bondbloxx Bloomberg Two Year Target Duration US Treasury ETF,ETF,ETF,48.83000183105469,0.0614807263590191,0.0022525211644494,54.1859707015938,US
XTWY,Bondbloxx Bloomberg Twenty Year Target Duration US Treasury ETF,ETF,ETF,36.29999923706055,-0.6568190269661716,0.006562576021804,37.48820307627533,US
XUDV,Franklin U.S. Dividend Booster Index ETF,ETF,ETF,32.115699768066406,0.4871736171901054,0.0019369641715159,62.26960825158515,US
XV,Simplify Target 15 Distribution ETF,ETF,ETF,24.899999618530277,0.8914072554057259,0.0075563656380882,60.891031584322064,US
XVV,iShares ESG Select Screened S&P 500 ETF,ETF,ETF,57.41999816894531,0.7050345532563316,0.0001522727044114,57.60296623076087,US
XXRP,Teucrium 2x Long Daily XRP ETF,ETF,ETF,23.01000022888184,-2.2514896602910124,0.0586984862286095,44.72176492608222,US
XYL,Xylem Inc.,Industrials,Specialty Industrial Machinery,121.5500030517578,0.7459606419365521,-0.0545850399468919,67.18087751316526,US
XYLD,Global X S&P 500 Covered Call ETF,ETF,ETF,41.2400016784668,0.5853699474799924,-0.0020215697285763,68.25200624801448,US
XYLG,Global X S&P 500 Covered Call & Growth ETF,ETF,ETF,29.1299991607666,0.8656509946843222,0.0035950508212701,60.592138951417,US
XYZ,"Block, Inc.",Technology,Software - Infrastructure,79.98999786376953,3.1330587695545047,0.0763328349197216,62.24739038488713,US
XYZG,Leverage Shares 2X Long XYZ Daily ETF,ETF,ETF,17.98699951171875,6.49496839379783,0.036583668167608,61.57354092266455,US
XZO,"Exzeo Group, Inc.",Financial Services,Insurance - Diversified,16.280000686645508,-11.76151754233435,-0.1228566272785193,52.99879066055206,US
YALL,Truth Social God Bless America ETF,ETF,ETF,42.34700012207031,-0.9959523521796964,-0.0214564551508677,45.25764121234039,US
YB,Yuanbao Inc.,Technology,Software - Application,13.81999969482422,-7.248321821182604,-0.0542275541224791,45.52943690137189,US
YBTY,GraniteShares YieldBOOST TopYielders ETF,ETF,ETF,11.851400375366213,-0.996614853932672,0.0030989304025944,33.40322463759162,US
YCL,ProShares Ultra Yen,ETF,ETF,17.40999984741211,-0.1147473173464764,0.0035382126824631,40.948891118051485,US
YCS,ProShares UltraShort Yen,ETF,ETF,56.47999954223633,0.1063477051370086,-0.0039691084963217,61.68821632320629,US
YDEC,FT Vest International Equity Moderate Buffer ETF – December,ETF,ETF,27.638999938964844,0.0506785120899321,0.0016052478985869,55.851878390098605,US
YELP,Yelp Inc.,Communication Services,Internet Content & Information,25.57999992370605,-3.653481511217868,-0.0745623825073103,55.596131885224686,US
YEXT,"Yext, Inc.",Technology,Software - Infrastructure,5.429999828338623,5.847947508874469,0.0053068617269326,75.90131339444835,US
YFFI,Indexperts Yield Focused Fixed Income ETF,ETF,ETF,9.914999961853027,-1.047909092951072,-0.0028686572207165,41.90772361617429,US
YFYA,Yields for You Strategy A ETF,ETF,ETF,9.795000076293944,0.1021995813774156,-5.49073688194332e-05,57.15549251728663,US
YINN,Direxion Daily FTSE China Bull 3X Shares,ETF,ETF,25.959999084472656,11.60790554179894,0.0589740236530107,50.97343171478307,US
YLD,Principal Active High Yield ETF,ETF,ETF,18.915000915527344,-0.0792360771612687,-0.0001244261366392,51.4225843899936,US
YLDE,Franklin ClearBridge Enhanced Income ETF,ETF,ETF,56.700801849365234,-0.258932107541073,-0.0178220250464622,64.46413505213458,US
YLDW,Westwood Enhanced Income Opport,EQUITY,EQUITY,25.4950008392334,-0.3906953577018397,-0.0052309467268111,51.020036028967496,US
YMAR,FT Vest International Equity Moderate Buffer ETF - March,ETF,ETF,28.7721004486084,0.1116933811617266,0.0034860390891967,56.46070186764838,US
YMM,Full Truck Alliance Co. Ltd.,Technology,Software - Application,8.640000343322754,3.473053276699168,-0.0044153306118352,57.86409997707526,US
YOKE,Yoke Core ETF,ETF,ETF,31.8346004486084,0.2759338164978839,0.0055041334170512,49.67807983636549,US
YOLO,AdvisorShares Pure Cannabis ETF,ETF,ETF,2.711199998855591,1.5430682166433665,0.0023389886804303,43.34410076466565,US
YORW,The York Water Company,Utilities,Utilities - Regulated Water,31.0,1.606030047336129,0.0120700269660308,59.83711764452392,US
YOU,"Clear Secure, Inc.",Technology,Software - Application,53.540000915527344,-4.238953565288671,-0.1066812669687762,46.43331299442331,US
YSWY,"Yesway, Inc.",Consumer Defensive,Grocery Stores,20.13999938964844,0.7503732878826493,-0.0232237467211886,43.69803755390545,US
YUM,"Yum! Brands, Inc.",Consumer Cyclical,Restaurants,158.17999267578125,-5.558548278728662,-0.4832900132467017,50.03619915263216,US
YXI,ProShares Short FTSE China 50,ETF,ETF,22.88520050048828,-4.246021482172714,-0.022777178721577,46.57257392016255,US
YYY,Amplify CEF High Income ETF,ETF,ETF,11.5,-0.3466201211893625,-0.0037551134877585,58.07626621307976,US
YYYM,YYYM,N/A,N/A,20.24519920349121,0.2237546477457689,0.0019912455140888,60.87053393650712,US
Z,"Zillow Group, Inc.",Communication Services,Internet Content & Information,31.86000061035156,-2.8065839023958814,-0.0646398342064011,42.686350639267545,US
ZALT,Innovator U.S. Equity 10 Buffer ETF - Quarterly,ETF,ETF,34.040000915527344,0.3537817012381122,0.0014772157803607,66.69511725374538,US
ZAP,Global X U.S. Electrification ETF,ETF,ETF,33.86000061035156,-0.0295196984012622,0.0147521611392777,50.62627176769331,US
ZAPR,Innovator Equity Defined Protec,ETF,ETF,26.71999931335449,0.149921318295305,-0.0001553838047316,65.11809540594241,US
ZBIO,"Zenas BioPharma, Inc.",Healthcare,Biotechnology,28.780000686645508,3.973989773634654,-0.0880031010816293,67.8818120692001,US
ZD,"Ziff Davis, Inc.",Communication Services,Advertising Agencies,51.93999862670898,-2.4784073158532904,-0.0977987075261814,61.28363647401208,US
ZETA,Zeta Global Holdings Corp.,Technology,Software - Infrastructure,22.530000686645508,3.0178318339527053,0.0205771736792288,62.78124515813053,US
ZETX,Defiance Daily Target 2X Long ZETA ETF,EQUITY,EQUITY,23.950000762939453,5.646231505680525,0.0536175179746482,60.91876407271805,US
ZFEB,Innovator Equity Defined Protection ETF - 1 Yr February,ETF,ETF,26.07999992370605,0.2113364302861316,0.0013382181207462,67.32509680272418,US
ZGN,Ermenegildo Zegna N.V.,Consumer Cyclical,Apparel Manufacturing,13.020000457763672,-4.40528217941891,-0.0148410261529298,43.96079979382457,US
ZIG,The Acquirers Fund ETF,ETF,ETF,39.12779998779297,0.8006765959972656,0.02348951933787,50.7358135837816,US
ZJUN,Innovator Equity Defined Protection ETF - 1 Yr June,ETF,ETF,27.475000381469727,0.1640542318384671,-0.0007137309710435,57.85726445253847,US
ZKP,Lafayette Digital Acquisition Corp. I,Financial Services,Shell Companies,9.989999771118164,0.3012021371113645,0.000712547334414,72.01067371472062,US
ZM,"Zoom Communications, Inc.",Technology,Software - Application,91.1500015258789,6.384221756792748,0.0809596905164649,51.0004800108619,US
ZMUN,F/m Ultrashort Tax Free Municipal ETF,ETF,ETF,50.084999084472656,0.0699297661251371,0.0010163037589473,68.66002419448122,US
ZNOG,"Zion Oil & Gas, Inc.",Energy,Oil & Gas E&P,0.4388000071048736,9.70000014156103,0.0023538092860407,44.15715270019934,US
ZS,"Zscaler, Inc.",Technology,Software - Infrastructure,152.08999633789062,1.732439022000418,0.3126083922627034,59.532546067736696,US
ZSC,USCF Sustainable Commodity Strategy Fund,ETF,ETF,30.274999618530277,0.5479873956627742,0.0036902106522562,57.5803047020863,US
ZSQR,Z Squared Inc.,Technology,Software - Infrastructure,5.599999904632568,-34.04004645932955,-0.0826730930126041,31.936225270686776,US
ZTAX,X-Square Municipal Income Tax Free ETF,ETF,ETF,25.209400177001957,-3.5231496874554047,-0.0082182819113511,48.47772267268191,US
ZTEN,F/M 10-Year Investment Grade Corporate Bond ETF,ETF,ETF,49.970001220703125,-0.3092244973503741,0.0014565022015485,42.87456046648673,US
ZTS,Zoetis Inc.,Healthcare,Drug Manufacturers - Specialty & Generic,74.06999969482422,-2.9099504444379773,-0.0817887862840036,38.56213286900143,US
ZTWO,F/M 2-Year Investment Grade Corporate Bond ETF,ETF,ETF,50.38999938964844,-0.0396755759258321,-0.0001837543572741,56.20105865886428,US
ZURA,Zura Bio Limited,Healthcare,Biotechnology,5.059999942779541,-0.3937004178520325,-0.0290784616438143,54.15789201305678,US
ZYME,Zymeworks Inc.,Healthcare,Biotechnology,24.65999984741211,-7.709579037724031,-0.1155835601366377,47.79115926283015,US
