ticker,name,sector,industry,close,velocity,acceleration,rsi,region
A,"Agilent Technologies, Inc.",Healthcare,Diagnostics & Research,146.92999267578125,-2.033606573305013,0.1821789810591187,48.14035467809615,US
AAAC,Columbia AAA CLO ETF,EQUITY,EQUITY,20.09499931335449,0.149507991519642,0.0002787670740841,94.38466494541144,US
AAAD,PGIM AAA CLO Aggregate Duration ETF,EQUITY,EQUITY,48.91999816894531,-0.7305207371531087,-0.014203938832673,32.303071201861755,US
AAAP,Pacer Barings CLO Market Flex ETF,ETF,ETF,25.399999618530277,0.1182450859460888,-0.0003037681316059,93.32871468871843,US
AAEQ,Alpha Architect US Equity 2 ETF,ETF,ETF,54.70000076293945,-0.8033672106222951,0.0154154160570724,52.1509612790101,US
AALG,Leverage Shares 2X Long AAL Daily ETF,ETF,ETF,9.928000450134276,0.2119800443616927,0.036417041252067,35.51947086968967,US
AAOG,Leverage Shares 2X Long AAOI Daily ETF,ETF,ETF,2.369999885559082,8.219170029021745,0.0113987150399192,41.39319614978303,US
AAPB,GraniteShares 2x Long AAPL Daily ETF,ETF,ETF,43.45800018310547,2.270962633598117,0.1415190645830278,61.99465445743491,US
AAPD,Direxion Daily AAPL Bear 1X Shares,ETF,ETF,10.470000267028809,-1.412425801757688,-0.0187271646151401,36.77962348772324,US
AAPL,Apple Inc.,Technology,Consumer Electronics,332.2699890136719,1.2370121764405333,0.5357323228114186,62.84281902791122,US
AAPR,Innovator Equity Defined Protection ETF - 2 Yr To April 2028,ETF,ETF,29.71500015258789,-0.4022085991858399,-0.002133158868688,48.00310438686808,US
AAPU,Direxion Daily AAPL Bull 2X Shares,ETF,ETF,44.43999862670898,2.02019565122774,0.1389229571594992,61.70117131902658,US
AAPX,T-Rex 2X Long Apple Daily Target ETF,ETF,ETF,40.08000183105469,2.010692026263448,0.1257646182681492,61.4502636149196,US
AAPY,Kurv Yield Premium Strategy Apple ETF,ETF,ETF,27.819000244140625,1.1489655010755233,0.0545286889462687,62.44308109193868,US
AAT,"American Assets Trust, Inc.",Real Estate,REIT - Diversified,21.5,-2.978338682115043,-0.0015394627971392,31.676796020978543,US
AAUS,Alpha Architect US Equity ETF,ETF,ETF,61.07270050048828,-1.1640654429986363,-0.0104468567257644,47.91810211786621,US
AAVM,Alpha Architect Global Factor Equity ETF,ETF,ETF,34.01380157470703,-1.7368195135283166,-0.0112588435565976,43.97375090402442,US
AAXJ,iShares MSCI All Country Asia ex Japan ETF,ETF,ETF,117.6500015258789,0.3839629601999474,-0.0550764486874686,54.612908429026376,US
ABBV,AbbVie Inc.,Healthcare,Drug Manufacturers - General,257.1199951171875,-1.187501033535091,0.2945552989439917,52.05721841681551,US
ABCB,Ameris Bancorp,Financial Services,Banks - Regional,84.66000366210938,-1.3631575719272422,0.0258445085050446,41.60229933399357,US
ABCS,Alpha Blue Capital US Small-Mid Cap Dynamic ETF,ETF,ETF,35.224700927734375,-1.943878299233121,0.0223122089887634,44.14274774516424,US
ABEQ,Absolute Select Value ETF,ETF,ETF,38.77999877929688,-0.8234934302275385,0.0104198302411239,50.29895793054323,US
ABFL,Abacus FCF Leaders ETF,ETF,ETF,80.83999633789062,-1.2339672022716115,0.0277559327668855,40.77025356925767,US
ABI,VictoryShares Pioneer Asset-Based Inc ETF,ETF,ETF,24.55500030517578,-0.2035016043231765,-0.0036401029061831,38.54830386068797,US
ABIG,Argent Large Cap ETF,ETF,ETF,35.06100082397461,-0.5728374259410228,0.0215967558762152,49.30323624530261,US
ABLD,Abacus FCF ETF Trust - Abacus FCF Real Assets Leaders ETF,ETF,ETF,32.54999923706055,-1.2828688356363278,-0.006602564316249,52.31995723996329,US
ABLG,Abacus FCF ETF Trust - Abacus FCF International Leaders ETF,ETF,ETF,31.288000106811523,-0.6540908674130443,-0.0007869639226238,46.31962075492828,US
ABNB,"Airbnb, Inc.",Consumer Cyclical,Travel Services,170.19000244140625,-8.129553337972336,0.0256920013743737,44.21587372023201,US
ABOT,Abacus FCF ETF Trust - Abacus FCF Innovation Leaders ETF,ETF,ETF,42.85699844360352,-3.7159423161504703,0.0074844460410354,48.04928221380726,US
ABR,"Arbor Realty Trust, Inc.",Real Estate,REIT - Mortgage,4.71999979019165,-9.055881731155903,-0.0133814040526308,37.12032101947749,US
ABSI,Absci Corporation,Healthcare,Biotechnology,8.210000038146973,-6.704547043181614,-0.0144786077602284,41.9512117016983,US
ABT,Abbott Laboratories,Healthcare,Medical Devices,101.9499969482422,-6.287346180460321,-0.0890752860064629,33.67332652332094,US
ABTC,ABTC,N/A,N/A,8.319999694824219,-10.920775600641228,-0.0011818805967894,53.04876164162723,US
ABUF,Aptus Laddered Buffer ETF,ETF,ETF,27.63999938964844,-0.3963985958614865,-0.0014461471210341,53.51946362847174,US
ABUS,Arbutus Biopharma Corporation,Healthcare,Biotechnology,5.119999885559082,0.0,-0.004795583003735,59.90645513180139,US
ABX,"Abacus Global Management, Inc.",Financial Services,Insurance - Life,9.510000228881836,-2.461536114032452,-0.0096477615297225,46.93200060816558,US
ACA,"Arcosa, Inc.",Industrials,Engineering & Construction,145.0,-0.3299393329911957,-0.0209707272096938,49.98967886862399,US
ACAD,ACADIA Pharmaceuticals Inc.,Healthcare,Biotechnology,27.82999992370605,-0.107683725729571,0.0317824677280584,46.31664374595668,US
ACCO,ACCO,N/A,N/A,4.239999771118164,-2.304156174052149,-0.0028777855894409,50.31092995865251,US
ACDC,ProFrac Holding Corp.,Energy,Oil & Gas Equipment & Services,5.210000038146973,1.7578155195224776,-0.0120433847060806,53.87046669568233,US
ACEL,"Accel Entertainment, Inc.",Consumer Cyclical,Gambling,11.600000381469728,-1.6949136104436064,0.0015805397817677,40.376899384785375,US
ACEP,ARS Core Equity Portfolio ETF,ETF,ETF,20.461000442504883,-1.2309285849104377,0.0029372436613356,46.23049220956175,US
ACES,ALPS Clean Energy ETF,ETF,ETF,29.670000076293945,-2.079205203398278,-0.0222426677799392,39.88111115845647,US
ACGL,Arch Capital Group Ltd.,Financial Services,Insurance - Diversified,96.08999633789062,-3.7463742608092767,0.0031832818185832,40.11857423214533,US
ACGO,Hartford Alpha Capture Growth ETF,ETF,ETF,38.040000915527344,-0.8083378642190534,0.0035697261337293,49.879828469685656,US
ACGR,American Century ETF Trust - American Century Large Cap Growth ETF,ETF,ETF,68.30419921875,-2.0770420878376274,-0.0465962387749163,44.34488851354537,US
ACHV,"Achieve Life Sciences, Inc.",Healthcare,Biotechnology,7.059999942779541,-15.042122908759309,-0.0395593383495755,41.7018883691941,US
ACI,"Albertsons Companies, Inc.",Consumer Defensive,Grocery Stores,12.079999923706056,-4.050835764104456,0.0047912922899054,45.256670829575135,US
ACIC,American Coastal Insurance Corporation,Financial Services,Insurance - Property & Casualty,9.34000015258789,-2.096434067765858,0.0002845452512663,39.68654448965467,US
ACII,Innovator Index Autocallable In,EQUITY,EQUITY,25.38500022888184,0.0197047607588782,0.0013273251954634,52.46923648889085,US
ACIW,"ACI Worldwide, Inc.",Technology,Software - Infrastructure,52.09000015258789,-1.5498009774882393,0.010622197455427,44.76550571656927,US
ACLO,TCW AAA CLO ETF,ETF,ETF,50.43999862670898,0.1389710071641637,0.000890790412271,82.0125729423983,US
ACLS,"Axcelis Technologies, Inc.",Technology,Semiconductor Equipment & Materials,113.43000030517578,2.772490244128868,0.1250492479205052,39.627882109089,US
ACMR,"ACM Research, Inc.",Technology,Semiconductor Equipment & Materials,72.0,3.716510946565882,-0.0067367665489634,42.38048981896731,US
ACN,Accenture plc,Technology,Information Technology Services,183.8999938964844,-4.774234389923384,0.2837418718024045,55.24059443854248,US
ACNB,ACNB Corporation,Financial Services,Banks - Regional,65.19000244140625,-0.6401435223871156,0.001744172863491,57.77260610260293,US
ACOM,Harbor Active Commodity ETF,EQUITY,EQUITY,24.278099060058597,1.923171163322534,-0.0176953411190788,66.42418332547754,US
ACP,Abrdn Income Credit Strategies Fund,Financial Services,Asset Management,4.570000171661377,-7.67676065143472,-0.0182185030603323,24.234859660924144,US
ACSG,American Century Small Cap Growth Insights ETF,ETF,ETF,47.08829879760742,-2.9407412346488213,-0.0032748294134856,36.889858750016046,US
ACSI,American Customer Satisfaction ETF,ETF,ETF,78.1530990600586,0.1783002040692386,0.045912271236496,56.64498812732521,US
ACSV,American Century Small Cap Value Insights ETF,ETF,ETF,48.64619827270508,-2.3207976287937098,0.0036660387384516,39.31359815861041,US
ACT,"Enact Holdings, Inc.",Financial Services,Insurance - Specialty,49.43000030517578,-0.1615795174095746,0.0063667110431259,58.777910288164186,US
ACTG,Acacia Research Corporation,Industrials,Business Equipment & Supplies,4.570000171661377,1.330375603870353,0.0007796002285991,51.22292821982523,US
ACTS,FIS Tactical Equity ETF,EQUITY,EQUITY,25.43910026550293,-3.5301499586813474,-0.0288770247625386,37.54053417693988,US
ACVA,ACV Auctions Inc.,Consumer Cyclical,Auto & Truck Dealerships,10.40999984741211,55.37313647407237,0.2161872328235915,78.75967732666221,US
ACVF,American Conservative Values ETF,ETF,ETF,54.79800033569336,-1.3981114108490331,0.0180602776040032,45.4877974190743,US
ACVT,Advent Convertible Bond ETF,ETF,ETF,28.415000915527344,-0.958520785678704,0.0014159651337906,46.22032819216969,US
ACVU,Hartford Funds Exchange-Traded Trust - Hartford Alpha Capture Value ETF,ETF,ETF,31.850000381469727,-1.086957680673595,0.0058913181859658,45.43267954077157,US
ACWV,iShares MSCI Global Min Vol Factor ETF,ETF,ETF,125.97000122070312,-1.7547964269062122,0.0124738932818013,48.40642850433199,US
ACWX,iShares MSCI ACWI ex U.S. ETF,ETF,ETF,77.25,-1.0756772663376912,-0.0106251624202883,50.274258732941234,US
ACYN,FT Vest Laddered Autocallable Barrier & Income ETF,EQUITY,EQUITY,20.690000534057617,0.0,-0.0018322528374756,64.0730573709186,US
ACYQ,FT Vest Autocallable Barrier & High Income ETF,EQUITY,EQUITY,20.770000457763672,-0.8118437056267056,-0.0085851848995191,58.19138591070728,US
ACYS,FT Vest Laddered Autocallable Barrier & Resilient Income ETF,EQUITY,EQUITY,20.40999984741211,-0.3417953925236029,-0.0056789524195094,51.91311294690495,US
ADAM,"Adamas Trust, Inc.",Real Estate,REIT - Mortgage,9.09000015258789,-6.288656378060889,-0.0166889278997512,31.97485491709196,US
ADBE,Adobe Inc.,Technology,Software - Application,252.22999572753903,-11.73053517846402,-0.1459828501130395,42.467788418775775,US
ADBG,Leverage Shares 2X Long ADBE Daily ETF,ETF,ETF,4.179999828338623,-23.16176866964275,-0.0055744706016051,40.92315735919241,US
ADBU,Direxion Daily Adbe Bull 2X ETF,EQUITY,EQUITY,23.68000030517578,-22.791000175187516,-0.0272533714969163,41.21134785604734,US
ADDS,Hedgeye Index Adds ETF,EQUITY,EQUITY,23.92009925842285,-4.70080121559658,-0.0355942436044115,40.64987432966733,US
ADI,"Analog Devices, Inc.",Technology,Semiconductors,378.7799987792969,6.2496490264507365,1.2530601223659232,56.635559364574966,US
ADIV,Guinness Atkinson Asia Pacific Dividend Builder ETF,ETF,ETF,19.88999938964844,-1.6028559464002403,-0.0056272932625724,51.69088117157987,US
ADM,Archer-Daniels-Midland Company,Consumer Defensive,Farm Products,86.72000122070312,2.7731737893489563,-0.0353686965494571,65.27305800298464,US
ADMA,"ADMA Biologics, Inc.",Healthcare,Biotechnology,9.229999542236328,-3.6534486874434937,-0.011910378644923,45.19703698423406,US
ADNT,Adient plc,Consumer Cyclical,Auto Parts,19.239999771118164,-1.6862541075732949,0.0293286194863122,49.22370008305631,US
ADP,"Automatic Data Processing, Inc.",Technology,Software - Application,268.260009765625,-4.780152584104866,0.1512841255292798,47.06764078127283,US
ADPV,Adaptiv Select ETF,ETF,ETF,45.22999954223633,-0.0221090536237303,0.0027309522552987,49.92272844865081,US
ADSE,ADS-TEC Energy PLC,Industrials,Electrical Equipment & Parts,11.579999923706056,-0.1724177336719863,0.0076076894395843,48.44991791450965,US
ADSK,"Autodesk, Inc.",Technology,Software - Application,212.3999938964844,-10.575955677047402,0.4486176683099794,35.53728003364586,US
ADT,ADT Inc.,Industrials,Security & Protection Services,7.050000190734863,-5.38705346341205,-0.0006430297577978,40.70750036652336,US
ADTN,"ADTRAN Holdings, Inc.",Technology,Communication Equipment,7.539999961853027,5.454543514457869,0.02095118547631,41.47721323452443,US
ADUS,Addus HomeCare Corporation,Healthcare,Medical Care Facilities,117.08999633789062,-1.3480546554925723,-0.0820243032767837,49.797884865772,US
ADV,Advantage Solutions Inc.,Communication Services,Advertising Agencies,33.31999969482422,4.385963706716945,0.109291256015771,49.968279438565766,US
ADVE,ADVE,N/A,N/A,47.37099838256836,0.2009421356365467,0.0007471509242768,56.952891219654745,US
AEBI,Aebi Schmidt Holding AG,Industrials,Farm & Heavy Construction Machinery,12.0600004196167,-4.0572735687298005,-0.0152854835512162,44.5301243183408,US
AEE,Ameren Corporation,Utilities,Utilities - Regulated Electric,104.9000015258789,-0.7196845605313781,-0.031390821042078,39.27389414928409,US
AEP,"American Electric Power Company, Inc.",Utilities,Utilities - Regulated Electric,123.33000183105467,-1.106565041735927,-0.0720522132364236,43.13111145289562,US
AER,AerCap Holdings N.V.,Industrials,Rental & Leasing Services,141.5,-3.399778722551393,0.0534170385301586,37.63528997833033,US
AESI,Atlas Energy Solutions Inc.,Energy,Oil & Gas Equipment & Services,14.15999984741211,7.517082501010518,-0.0135116933800159,60.7268912638073,US
AESR,Anfield U.S. Equity Sector Rotation ETF,ETF,ETF,19.899999618530277,-0.748127801685963,0.0046059808600261,48.37496621751699,US
AETH,Bitwise Trendwise Ethereum & Treasuries Rotation Strategy ETF,ETF,ETF,39.37099838256836,0.8866030574271981,0.014672986102048,69.35917191272236,US
AEVA,"Aeva Technologies, Inc.",Technology,Software - Infrastructure,15.520000457763672,1.7038022606955572,0.0666223260730922,41.57366795559231,US
AEXA,American Exceptionalism Acquisition Corp. A,Financial Services,Shell Companies,11.300000190734863,-1.8245007295484093,-0.00516972506331,39.33814209040274,US
AFGR,First Trust Active Factor Large Cap Growth ETF,EQUITY,EQUITY,36.86869812011719,-0.927883525754434,0.0049280815591066,47.9224630382961,US
AFIF,Anfield Universal Fixed Income ETF,ETF,ETF,9.359999656677246,-0.5313516636093686,-0.0016539807311082,33.921109908396474,US
AFIX,Allspring Broad Market Core Bond ETF,ETF,ETF,24.077999114990234,-1.0967352881287384,-0.0058895912018119,33.79645093475837,US
AFK,VanEck Africa Index ETF,ETF,ETF,28.989999771118164,-2.946103258756451,-0.0441300394159597,52.7434268244936,US
AFL,Aflac Incorporated,Financial Services,Insurance - Life,115.27999877929688,-2.6022320168738795,0.0478512726284359,39.87407251646007,US
AFLG,First Trust Active Factor Large Cap ETF,ETF,ETF,44.68000030517578,-1.150443471209037,0.0144720402357521,50.65655008950359,US
AFMC,First Trust Active Factor Mid Cap ETF,ETF,ETF,40.7400016784668,-0.8035013849756842,0.0205729538880597,46.84268118495902,US
AFRM,"Affirm Holdings, Inc.",Financial Services,Credit Services,71.44000244140625,-3.849260421105595,0.1935280417787088,45.361434404705726,US
AFRU,T-REX 2X Long AFRM Daily Target ETF,ETF,ETF,9.175000190734863,-8.524422382841394,0.047862106395729,43.02556586718457,US
AFSC,abrdn Focused U.S. Small Cap Active ETF,ETF,ETF,37.04570007324219,-2.1456537563349887,-0.0007139120174007,36.95523663656152,US
AFSM,First Trust Active Factor Small Cap ETF,ETF,ETF,39.82070159912109,-1.580072911066639,0.0017347393058326,44.003948968286565,US
AFYA,Afya Limited,Consumer Defensive,Education & Training Services,13.890000343322754,-5.702642396593343,-0.0101021313960092,44.91081966116298,US
AGBK,AGI Inc,Financial Services,Banks - Regional,6.650000095367432,-2.9197052853953966,-0.0166886510912433,54.322842676226834,US
AGCC,Agencia Comercial Spirits Ltd,Consumer Defensive,Beverages - Wineries & Distilleries,13.699999809265137,-6.100070829436494,-0.0091819066972075,38.72250171681458,US
AGGA,EA Astoria Beacon Dynamic Core US Fixed Income ETF,ETF,ETF,24.634899139404297,-0.6857535322666022,-0.0028593477621134,32.78279143577696,US
AGGH,Simplify Aggregate Bond ETF,ETF,ETF,19.45499992370605,-1.3438103391260183,-0.0047914103929128,34.97258653197531,US
AGGY,WisdomTree Yield Enhanced U.S. Aggregate Bond Fund,ETF,ETF,42.08000183105469,-0.9882309857536764,-0.0134999299788594,32.14373751775328,US
AGIQ,Sofi Agentic AI ETF,EQUITY,EQUITY,25.301000595092773,-2.2032379437851555,0.0034025290715,51.9351266413649,US
AGIX,KraneShares Artificial Intelligence and Technology Public and Private ETF,ETF,ETF,45.81999969482422,1.0586668297770858,-0.0013991494210215,54.48682054515675,US
AGL,"agilon health, inc.",Healthcare,Medical Care Facilities,89.7699966430664,3.804339914920962,-0.0827123782947145,45.00781009788534,US
AGM,Federal Agricultural Mortgage Corporation,Financial Services,Credit Services,225.50999450683597,-0.2918175122486241,0.0891161851781656,54.89914238394464,US
AGMB,AgomAb Therapeutics NV,Healthcare,Biotechnology,13.0600004196167,-11.935263069421705,-0.1091232752664131,44.74316013646243,US
AGMI,Themes Silver Miners ETF,ETF,ETF,76.11000061035156,-5.398185476223351,-0.1494047113330827,52.50135967763647,US
AGNG,Global X Aging Population ETF,ETF,ETF,36.5890007019043,-5.293260414956213,-0.0219878586179831,34.17774764698753,US
AGNT,"AGNT, Inc",Real Estate,Real Estate Services,4.019999980926514,-0.4950490375089082,0.0194701007720262,45.72172797379983,US
AGQI,First Trust Active Global Quality Income ETF,ETF,ETF,18.54199981689453,-1.675681345132908,-0.0011719166464809,45.51404658214187,US
AGRO,Adecoagro S.A.,Consumer Defensive,Farm Products,11.770000457763672,1.4655178508917102,-0.057297882211232,58.52485016617258,US
AGRW,Allspring LT Large Growth ETF,ETF,ETF,32.40399932861328,-1.5823839651325655,0.0011668953789985,48.85300223011499,US
AGZ,iShares Agency Bond ETF,ETF,ETF,107.41799926757812,-0.6400900368759949,-0.0051479532595884,33.674874773271824,US
AGZD,WisdomTree Interest Rate Hedged U.S. Aggregate Bond Fund,ETF,ETF,22.57999992370605,0.0886545134624913,0.0003861969883249,64.25924943379783,US
AHCO,AdaptHealth Corp.,Healthcare,Medical Devices,6.059999942779541,-5.607478648539527,-0.0035718204136835,43.75375750760836,US
AHG,Akso Health Group,Healthcare,Medical Distribution,0.8389999866485596,-4.004579600740271,0.0071596162566424,37.20436495053117,US
AHLT,American Beacon AHL Trend ETF,ETF,ETF,30.322900772094727,2.3903461301625213,0.00255510456911,65.23418673570173,US
AHYB,American Century Select High Yield ETF,ETF,ETF,45.47999954223633,-0.7312078605656825,-0.0081555727581414,39.47187370196799,US
AI,"C3.ai, Inc.",Technology,Software - Infrastructure,10.539999961853027,-3.302749259414997,-0.0017286551152762,55.83104399104134,US
AIA,iShares Asia 50 ETF,ETF,ETF,141.42999267578125,1.4853559531887155,-0.0608804942769041,55.904757135380166,US
AIAI,AIAI Holdings Corporation,Industrials,Conglomerates,3.359999895095825,-19.999998864673383,-0.0045073549536907,37.596219644708775,US
AIBD,Direxion Daily AI And Big Data Bear 2X Shares,ETF,ETF,47.49700164794922,-1.210501331323752,-0.0448454760354372,42.974830192482905,US
AIBU,Direxion Daily AI And Big Data Bull 2X Shares,ETF,ETF,66.4020004272461,0.8382717781564347,0.0577821843318409,55.52741081129358,US
AIEQ,Amplify AI Powered Equity ETF,ETF,ETF,49.928001403808594,-1.9654802448285236,0.0137434960140726,44.61927793018963,US
AIFD,TCW Artificial Intelligence ETF,ETF,ETF,52.14899826049805,2.4075524158488184,0.0158787951864391,52.37080353419487,US
AIG,"American International Group, Inc.",Financial Services,Insurance - Diversified,75.33000183105469,-1.9906307144770088,0.0231310658918737,42.68161388439559,US
AIIR,AIR Global PLC,Consumer Defensive,Tobacco,7.25,1.82584433329257,-0.0112943444053845,50.75813248818066,US
AIMS,Acuitas Small Cap Active ETF,ETF,ETF,27.482999801635746,-1.9514836661077088,0.0034103881602081,39.74288675466968,US
AIN,Albany International Corp.,Consumer Cyclical,Textile Manufacturing,60.27999877929688,-3.690687598113873,-0.0457658776368425,45.77612740767498,US
AINP,Allspring Income Plus ETF,ETF,ETF,24.48500061035156,-0.8905052177044879,-0.003371180663523,31.898687656234443,US
AINT,FINQ DOLLAR NEUTRAL U.S. Large Cap AI-Managed Equity ETF,EQUITY,EQUITY,30.309999465942383,0.7311376279124783,-0.0201752553219475,49.54242546622987,US
AIO,Virtus Artificial Intelligence & Technology Opportunities Fund,Financial Services,Asset Management,24.65999984741211,-5.007701397948469,-0.0542610958974903,31.823234857103728,US
AIOT,"PowerFleet, Inc.",Technology,Software - Application,3.0,-1.31578823536055,0.002923815760092,41.41949949054467,US
AIP,"Arteris, Inc.",Technology,Semiconductors,22.690000534057617,9.719536746712592,0.0666404718630357,40.55341686358168,US
AIPO,Defiance AI & Power Infrastructure ETF,ETF,ETF,28.96999931335449,1.7562346753042029,0.0106318532482698,48.81171482667942,US
AIQ,Global X Artificial Intelligence & Technology ETF,ETF,ETF,63.97999954223633,-0.4976726194925681,0.0057037019514764,54.13655962074934,US
AIR,AAR Corp.,Industrials,Aerospace & Defense,125.4800033569336,-0.1432439120882003,0.2104697970326521,40.8219134346583,US
AIRR,First Trust RBA American Industrial RenaissanceTM ETF,ETF,ETF,107.29000091552734,-0.3251565181212297,0.180101168525617,37.112493303416834,US
AIS,VistaShares Artificial Intelligence Supercycle ETF,ETF,ETF,71.55999755859375,6.488096441000822,0.0483825093915169,54.82342769099002,US
AIUP,FINQ FIRST U.S. Large Cap AI-Managed Equity ETF,ETF,ETF,29.489999771118164,0.1018353278270131,-0.011640182923651,50.682001744330506,US
AIV,Apartment Investment and Management Company,Real Estate,REIT - Residential,2.400000095367432,-5.511805849928456,-0.0035117396908623,27.06902778078208,US
AIVC,Amplify Bloomberg AI Value Chain ETF,ETF,ETF,111.45600128173828,1.415832333262501,0.047175578774629,52.34232316494644,US
AIVI,WisdomTree International Al Enhanced Value Fund,ETF,ETF,59.83000183105469,-1.5144002780992798,0.0093326740372877,50.71003252311923,US
AIYY,YieldMax AI Option Income Strategy ETF,ETF,ETF,7.599999904632568,-1.628251332059471,-0.0005231690978479,55.57992528972026,US
AJG,Arthur J. Gallagher & Co.,Financial Services,Insurance Brokers,240.32000732421875,-9.63695422101062,-0.4472926667318364,37.15854496069416,US
AJUL,Innovator Equity Defined Protection ETF - 2 Yr to July 2028,ETF,ETF,30.15390014648437,-0.7768978213421207,-0.0030943740016309,41.4722653445303,US
AKAF,The Frontier Economic Fund,ETF,ETF,32.564998626708984,-2.15137658529272,0.0027952704309568,42.223520444014845,US
AKRE,Akre Focus ETF,ETF,ETF,56.97999954223633,-6.436784705131425,-0.0038812527464462,40.47559821203447,US
AKTS,"Aktis Oncology, Inc.",Healthcare,Biotechnology,23.299999237060547,-12.570358084134472,-0.0982436748568683,39.33231551354567,US
ALAB,"Astera Labs, Inc.",Technology,Semiconductors,291.2200012207031,2.970084746110201,0.0385686485717595,47.43438963100865,US
ALB,ALB,N/A,N/A,117.5199966430664,-10.777914488812009,-0.4338044130028879,35.261982965596545,US
ALF,Centurion Acquisition Corp.,Financial Services,Shell Companies,10.890000343322754,0.0,-0.0006925111718149,67.67910216088171,US
ALG,Alamo Group Inc.,Industrials,Farm & Heavy Construction Machinery,169.0800018310547,-1.4340629307212345,-0.1705218494719744,54.39238640837797,US
ALH,Alliance Laundry Holdings Inc.,Consumer Cyclical,"Furnishings, Fixtures & Appliances",21.61000061035156,-4.7178116420925935,0.0256968785643474,31.1862511726348,US
ALHC,"Alignment Healthcare, Inc.",Healthcare,Healthcare Plans,12.609999656677246,-6.902919264305572,-0.0378621058451004,31.316111772327474,US
ALIL,Argent Focused Small Cap ETF,ETF,ETF,30.405799865722656,-2.32637107153109,-0.00166017177787,40.921207416578525,US
ALK,"Alaska Air Group, Inc.",Industrials,Airlines,41.15999984741211,-0.5797141778286486,0.0758709225385723,42.10315610430263,US
ALKT,"Alkami Technology, Inc.",Technology,Software - Application,20.51000022888184,2.090592698377073,0.1016505972265977,58.41886178827733,US
ALL,The Allstate Corporation,Financial Services,Insurance - Property & Casualty,253.7100067138672,-3.5726423020909834,0.0373432851944151,46.35496986093788,US
ALMR,"Alamar Biosciences, Inc.",Healthcare,Medical Devices,27.88999938964844,-8.766765887896067,-0.0097465215998948,41.16263069464323,US
ALNT,Allient Inc.,Technology,Electronic Components,98.66000366210938,9.367037649256744,0.4087620340816207,54.11442823565063,US
ALNY,"Alnylam Pharmaceuticals, Inc.",Healthcare,Biotechnology,248.67999267578125,-5.981099177398393,-0.9355924417910976,50.30724094817122,US
ALOY,REalloys Inc.,Basic Materials,Other Industrial Metals & Mining,8.40999984741211,-16.401595461041314,-0.0302768782531849,35.6556599461362,US
ALRG,Allspring LT Large Core ETF,ETF,ETF,31.050500869750977,-0.584314452802602,0.0064099594761963,49.35436603242547,US
ALRS,Alerus Financial Corporation,Financial Services,Banks - Regional,33.27000045776367,-0.2996657995860647,0.017658888103772,53.249682901777625,US
ALT,"Altimmune, Inc.",Healthcare,Biotechnology,3.2699999809265137,1.2383889045456165,-0.0071423673832974,56.21181377726688,US
ALTI,"AlTi Global, Inc.",Financial Services,Asset Management,3.289999961853028,-14.322915745045348,0.0093878851934301,39.15561284809436,US
ALTL,Pacer Lunt Large Cap Alternator ETF,ETF,ETF,45.59700012207031,-1.2303710217538135,0.0039842263428009,38.66475025573863,US
ALTO,"Alto Ingredients, Inc.",Basic Materials,Specialty Chemicals,3.900000095367432,-3.225809123397049,-0.0062087729686751,37.76161820548567,US
ALVO,Alvotech,Healthcare,Drug Manufacturers - Specialty & Generic,5.289999961853027,-1.672865254153313,-0.0096782321158114,69.22592600686635,US
ALX,"Alexander's, Inc.",Real Estate,REIT - Retail,249.17999267578125,-5.326754894001279,-0.3943376159539027,29.311478752141184,US
AMAL,Amalgamated Financial Corp.,Financial Services,Banks - Regional,47.869998931884766,-2.385811504485769,-0.0097145428660898,44.673125001877175,US
AMAT,"Applied Materials, Inc.",Technology,Semiconductor Equipment & Materials,456.489990234375,4.721154917155323,0.4451348009259241,41.70816191301444,US
AMAU,Leverage Shares 2X Long AMAT Daily ETF,ETF,ETF,12.529999732971191,8.861854768081491,0.0235236143134189,40.08046055773763,US
AMAX,Adaptive Hedged Multi-Asset Income ETF,ETF,ETF,7.570000171661377,-0.7863688319739621,0.001164584672638,52.68776443897108,US
AMBQ,"Ambiq Micro, Inc.",Technology,Semiconductors,63.52000045776367,12.5642390824825,0.1931521147354926,52.53928827424097,US
AMBZ,American Business Bank,Financial Services,Banks - Regional,72.98999786376953,0.0,-0.0026911101153453,60.75041431410384,US
AMC,"AMC Entertainment Holdings, Inc.",Communication Services,Entertainment,2.4600000381469727,-3.14960334281626,0.0007655789968175,47.59332642453017,US
AMCR,AMCR,N/A,N/A,42.31999969482422,-6.454461332509907,-0.0497436978825135,33.55230903137685,US
AMCX,AMC Global Media Inc.,Communication Services,Entertainment,12.170000076293944,-4.847536258078736,0.0112820560598312,52.43659104564614,US
AMD,"Advanced Micro Devices, Inc.",Technology,Semiconductors,516.1300048828125,13.146703073319992,0.7231952288478736,57.95526947839074,US
AMDD,Direxion Daily AMD Bear 1X Shares,ETF,ETF,27.39699935913086,-12.225675407545836,-0.0457018001469454,40.53584021321496,US
AMDW,Roundhill AMD WeeklyPay ETF,ETF,ETF,86.48999786376953,15.746794617849508,0.1438821237442629,57.36175372873781,US
AME,"AMETEK, Inc.",Industrials,Specialty Industrial Machinery,241.8699951171875,3.274977911566911,0.5868678084341268,52.09544887644398,US
AMGN,Amgen Inc.,Healthcare,Drug Manufacturers - General,377.3500061035156,-15.03422267580041,-0.9643346977516832,31.98734809625472,US
AMHI,American Beacon Aberdeen Municipal High Income ETF,EQUITY,EQUITY,23.84000015258789,-1.2018193877529244,0.0018084456682579,23.87035828052633,US
AMID,Argent Mid Cap ETF,ETF,ETF,36.167999267578125,-0.8471143803634864,0.0184300939703648,46.92877077814115,US
AMKL,Defiance Daily Target 2X Long AMKR ETF,ETF,ETF,6.710000038146973,19.82143129317133,0.0314324810237101,45.2582287851637,US
AMLP,Alerian MLP ETF,ETF,ETF,55.90999984741211,0.8841604017615615,-0.0100803814147639,60.64874411893284,US
AMLX,"Amylyx Pharmaceuticals, Inc.",Healthcare,Drug Manufacturers - Specialty & Generic,31.6200008392334,-6.8904543825773015,-0.0769569838680079,52.94055477946258,US
AMN,"AMN Healthcare Services, Inc.",Healthcare,Medical Care Facilities,33.34000015258789,-0.209517195881223,-0.0025946505076624,46.89007304970133,US
AMOM,QRAFT AI-Enhanced U.S. Large Cap Momentum ETF,ETF,ETF,59.33000183105469,2.220846396014485,0.0225280821004818,54.23487625718291,US
AMP,"Ameriprise Financial, Inc.",Financial Services,Asset Management,557.6099853515625,-1.3219422935448746,0.3368095998914064,54.1388862747412,US
AMPH,"Amphastar Pharmaceuticals, Inc.",Healthcare,Drug Manufacturers - Specialty & Generic,23.780000686645508,-0.2516756105635751,0.0024485039918513,69.199368967622,US
AMPL,"Amplitude, Inc.",Technology,Software - Application,12.59000015258789,-7.084871030506669,0.003580903282202,52.28746399540957,US
AMPU,Defiance Daily Target 2X Long AMPX ETF,ETF,ETF,2.0199999809265137,-6.046516682535364,-0.0076537589704793,37.57284440563852,US
AMPX,"Amprius Technologies, Inc.",Industrials,Electrical Equipment & Parts,9.4399995803833,-1.973006560744448,-0.0123253157279515,40.3446840807306,US
AMR,"Alpha Metallurgical Resources, Inc.",Basic Materials,Coking Coal,209.41000366210935,-3.577672564558633,-1.3537091846681903,54.98507395418451,US
AMRC,"Ameresco, Inc.",Industrials,Engineering & Construction,23.780000686645508,4.435661873416721,0.065321055838858,51.32200998200902,US
AMRX,"Amneal Pharmaceuticals, Inc.",Healthcare,Drug Manufacturers - Specialty & Generic,17.010000228881836,-4.8125381643152485,0.0023103001781874,41.6977832906829,US
AMRZ,Amrize Ltd,Basic Materials,Building Materials,40.52000045776367,-7.930011353947146,-0.0141605207566797,30.22319416713158,US
AMSC,American Superconductor Corporation,Industrials,Specialty Industrial Machinery,29.530000686645508,1.7924869136883657,0.0288186058705763,45.65821130466258,US
AMSF,"AMERISAFE, Inc.",Financial Services,Insurance - Specialty,24.770000457763672,-4.261524565717604,0.0245939947982167,33.53892391757785,US
AMT,American Tower Corporation,Real Estate,REIT - Specialty,177.85000610351562,0.0562622242000703,0.1973238212054135,55.92947522497467,US
AMTB,Amerant Bancorp Inc.,Financial Services,Banks - Regional,29.31999969482422,-0.2381752170055288,0.0085067069080655,57.77212730277377,US
AMTD,AMTD IDEA Group,Financial Services,Asset Management,0.7689999938011169,1.854304458001146,0.0004907459143128,48.3189720638309,US
AMTM,"Amentum Holdings, Inc.",Industrials,Specialty Business Services,19.459999084472656,-3.232230264301036,0.0073682775167863,38.217033135896266,US
AMUN,AMUN,N/A,N/A,26.024999618530277,-0.1151436818043261,-0.0016778941159809,55.84427320335057,US
AMUU,Direxion Daily AMD Bull 2X Shares,ETF,ETF,204.1000061035156,27.12550745808348,0.5432920478754699,56.13501640362555,US
AMZD,Direxion Daily AMZN Bear 1X Shares,ETF,ETF,8.526000022888184,0.8039706586734524,-0.0116702448410382,49.515370967772775,US
AMZN,"Amazon.com, Inc.",Consumer Cyclical,Internet Retail,256.7799987792969,-0.8188471097589655,0.3185974637422948,48.91355076485959,US
AMZP,Kurv Yield Premium Strategy Amazon ETF,ETF,ETF,25.90399932861328,-0.8815102095031798,0.0357621942931042,47.95260346537004,US
AMZW,Roundhill AMZN WeeklyPay ETF,ETF,ETF,36.31999969482422,-0.799330012290332,0.0613654577126751,48.94435320164721,US
AMZY,YieldMax AMZN Option Income Strategy ETF,ETF,ETF,10.539999961853027,-0.5484238775042097,0.0082706023185097,49.81509683691102,US
AN,"AutoNation, Inc.",Consumer Cyclical,Auto & Truck Dealerships,203.6699981689453,-1.6941763833000878,-0.3915048848824118,48.336971443223874,US
ANAB,"AnaptysBio, Inc.",Healthcare,Biotechnology,53.869998931884766,-6.2478249387198685,-0.1072126356422404,40.47225447248462,US
ANDG,Andersen Group Inc.,Consumer Cyclical,Personal Services,53.650001525878906,-6.614445929671592,-0.10408285698752,56.14065233377684,US
ANEL,Defiance Daily Target 2X Long ANET ETF,ETF,ETF,26.75,8.268908434916545,0.1515457289559556,55.505180937972696,US
ANET,"Arista Networks, Inc.",Technology,Computer Hardware,199.58999633789065,4.257205282359329,0.5788079975652902,57.06392418723286,US
ANEW,ProShares MSCI Transformational Changes ETF,ETF,ETF,53.305999755859375,-2.2535987805839426,-0.0065707739850373,46.14963786194644,US
ANF,Abercrombie & Fitch Co.,Consumer Cyclical,Apparel Retail,145.22999572753906,1.1773739169942672,-0.5758704080733121,63.65583810368687,US
ANGL,VanEck Fallen Angel High Yield Bond ETF,ETF,ETF,28.51000022888184,-1.0413024735220482,-0.008728992731735,31.71992748199429,US
ANGO,"AngioDynamics, Inc.",Healthcare,Medical Instruments & Supplies,15.270000457763672,-1.2928235669872357,0.0090311262706298,48.533989616752535,US
ANGX,"Angel Studios, Inc.",Communication Services,Entertainment,5.449999809265137,21.38084826467373,0.0232084847162776,72.10945779274242,US
ANIP,"ANI Pharmaceuticals, Inc.",Healthcare,Drug Manufacturers - Specialty & Generic,70.19000244140625,-2.5003409859373904,0.0044201290684962,35.641262407163225,US
ANL,Adlai Nortye Group Ltd.,Healthcare,Biotechnology,15.210000038146973,3.1186443264201538,0.0024249223274613,60.0114031714044,US
ANNX,"Annexon, Inc.",Healthcare,Biotechnology,3.940000057220459,-18.59504270648033,-0.0223860906313033,25.65589441531317,US
ANRO,"Alto Neuroscience, Inc.",Healthcare,Biotechnology,32.0,-12.087915773164696,-0.1222489138781806,44.76814757607468,US
ANV,Graniteshares Autocallable Nvda ETF,ETF,ETF,25.299999237060547,0.0295085287792616,0.0022660287190727,62.8528664572982,US
AOA,iShares Core 80/20 Aggressive Allocation ETF,ETF,ETF,98.36000061035156,-1.1059707261678646,-0.0005378918980701,48.14471237287717,US
AOD,Abrdn Total Dynamic Dividend Fund,Financial Services,Asset Management,10.510000228881836,-1.8674118445637315,-0.0032822603644842,45.256368291233805,US
AOHY,Angel Oak High Yield Opportunities ETF,ETF,ETF,10.93000030517578,-0.7716753109181637,-0.0027424812271192,37.32237102893215,US
AOK,iShares Core 30/70 Conservative Allocation ETF,ETF,ETF,40.84999847412109,-1.1613920533943145,-0.0064576611612705,41.71998092182346,US
AON,Aon plc,Financial Services,Insurance Brokers,302.69000244140625,-7.434250017918578,0.0002908005895525,28.76382928320531,US
AOR,iShares Core 60/40 Balanced Allocation ETF,ETF,ETF,69.36000061035156,-1.0556317829917174,-0.00013734152613,46.80292614505127,US
AORT,"Artivion, Inc.",Healthcare,Medical Devices,25.07999992370605,-2.1077318416805397,0.03929940211717,40.435917720643786,US
AOSL,Alpha and Omega Semiconductor Limited,Technology,Semiconductors,25.780000686645508,5.439672319855412,0.0857107950469564,42.21023030715798,US
AOTG,AOT Growth and Innovation ETF,ETF,ETF,65.61499786376953,-0.1400198877239981,-0.0441650592463211,54.77484644045035,US
APC,ARKO Petroleum Corp.,Energy,Oil & Gas Refining & Marketing,18.920000076293945,2.270270682669975,0.0052343063184535,51.952479902942535,US
APCB,ActivePassive Core Bond ETF,ETF,ETF,28.459999084472656,-1.2662677148514865,-0.0064909449682462,29.39533455910612,US
APD,"Air Products and Chemicals, Inc.",Basic Materials,Specialty Chemicals,291.42999267578125,-4.204197124975711,-0.246499234928933,37.77021923198556,US
APDB,Aptus April Deep Buffer ETF,ETF,ETF,26.149999618530277,-0.4188903632627515,0.0036441241337666,54.29953593364695,US
APEI,"American Public Education, Inc.",Consumer Defensive,Education & Training Services,44.93999862670898,-0.9695954849049204,-0.0087418664796683,38.00751839960483,US
APH,Amphenol Corporation,Technology,Electronic Components,83.91999816894531,2.254171415864846,0.1700599238717604,57.4252295488784,US
APHU,T-Rex 2x Long Aph Daily Target ETF,ETF,ETF,26.479999542236328,4.088046329977154,0.1033497048557222,55.72105498645215,US
APIE,ActivePassive International Equity ETF,ETF,ETF,38.923099517822266,-2.2278367869230533,-0.0116388834128748,44.20608667553283,US
APLE,"Apple Hospitality REIT, Inc.",Real Estate,REIT - Hotel & Motel,15.550000190734863,-0.1925528441469677,0.0133406628693011,41.56844712660688,US
APLX,Tradr 2X Long APLD Daily ETF,ETF,ETF,8.34000015258789,2.5830262631111154,0.003926087959819,42.96450163016794,US
APLY,YieldMax AAPL Option Income Strategy ETF,ETF,ETF,11.850000381469728,0.819620189229502,0.0129274349489173,60.27080543727284,US
APLZ,Tradr 2X Short Apld Daily ETF,ETF,ETF,22.0,-6.779662523760027,-0.0330026658153473,48.48277173872006,US
APMU,ActivePassive Intermediate Municipal Bond ETF,ETF,ETF,24.399999618530277,-0.8935873810066663,-0.0024189217316768,23.713227027892216,US
APO,"Apollo Global Management, Inc.",Financial Services,Asset Management,128.97999572753906,-4.096965975590703,-0.049282201500711,45.41595229000358,US
APOC,Innovator Equity Defined Protection ETF - 6 Mo Apr/Oct,ETF,ETF,26.56419944763184,0.0911775857940333,0.0002945186140459,77.90889826837736,US
APOG,"Apogee Enterprises, Inc.",Industrials,Building Products & Equipment,37.880001068115234,-0.8117244559860933,0.0333736473117031,38.673993570250886,US
APP,AppLovin Corporation,Communication Services,Advertising Agencies,323.9599914550781,3.3101617856024723,0.5647421288029548,46.12896626229527,US
APPF,"AppFolio, Inc.",Technology,Software - Application,208.47999572753903,-6.7495688609055335,0.0768184951970081,49.00460996097047,US
APPN,Appian Corporation,Technology,Software - Infrastructure,34.7599983215332,-14.845667365498278,-0.0089237354741014,46.74582042893542,US
APPS,"Digital Turbine, Inc.",Technology,Software - Application,11.8100004196167,8.547796832661803,0.0449188344674698,56.76878644030953,US
APPX,Tradr 2X Long APP Daily ETF,ETF,ETF,13.670000076293944,5.723122611388862,0.0356169700305799,42.20306916985356,US
APRB,Aptus April Buffer ETF,ETF,ETF,27.424999237060547,-0.2400785224600697,0.0007112751116068,59.902432901129856,US
APRH,Innovator Premium Income 20 Barrier ETF - April,ETF,ETF,25.2549991607666,-0.1384015559258129,-0.0014366362310094,60.27171517823736,US
APRJ,Innovator Premium Income 30 Barrier ETF - April,ETF,ETF,25.01499938964844,0.1000384904331467,-2.014498325358244e-05,63.9638336348891,US
APRP,PGIM S&P 500 Buffer 12 ETF - Apr,ETF,ETF,33.20000076293945,-0.4199141841862606,-0.0025872918351888,53.3345408819269,US
APRW,AllianzIM U.S. Equity Buffer20 Apr ETF,ETF,ETF,37.7234001159668,-0.2026431815867587,-0.0010975489552651,58.061996874804656,US
APRZ,TrueShares Structured Outcome (April) ETF,ETF,ETF,40.43600082397461,-1.0183108638283285,0.0092293223243262,49.062277636041415,US
APXM,FT Vest U.S. Equity Max Buffer ,ETF,ETF,32.05500030517578,-0.202361858251688,-0.0012018865883232,55.22100096137947,US
APXT,Apex Treasury Corporation,Financial Services,Shell Companies,10.145000457763672,0.098670238342355,0.0003849719653802,63.55615707002768,US
AQEC,AQE Core ETF,ETF,ETF,25.82999992370605,-1.0231068594679391,0.0128001337645585,50.18763451912943,US
AQLG,HCM Large Cap Growth ETF,ETF,ETF,26.353500366210938,-0.7401087626975184,0.0080030906892642,49.34221924602389,US
AQLT,iShares MSCI Global Quality Factor ETF,ETF,ETF,31.59499931335449,-1.311885317198369,0.0074990044439254,46.53980689504243,US
AQST,"Aquestive Therapeutics, Inc.",Healthcare,Drug Manufacturers - Specialty & Generic,4.78000020980835,-10.654200093174872,-0.0319198779883231,49.51049686455178,US
AQWA,Global X Clean Water ETF,ETF,ETF,18.309999465942383,-2.5545578829019955,-0.0013343002072402,30.06785324229986,US
ARB,AltShares Merger Arbitrage ETF,ETF,ETF,29.795000076293945,-0.0234882540489557,0.0004668568485435,56.42849882943304,US
ARCO,Arcos Dorados Holdings Inc.,Consumer Cyclical,Restaurants,8.010000228881836,-2.909088134765625,-0.0095209568907949,46.66475379012535,US
ARCX,Tradr 2X Long ACHR Daily ETF,ETF,ETF,12.52400016784668,-7.77613963028055,0.0269334297861231,44.46813003881244,US
ARDT,"Ardent Health, Inc.",Healthcare,Medical Care Facilities,10.979999542236328,2.04460324047181,0.0059944797652864,52.06707931250077,US
ARDX,"Ardelyx, Inc.",Healthcare,Biotechnology,3.5799999237060547,-3.504046175316184,-0.0073511393983714,27.23953197196677,US
ARES,Ares Management Corporation,Financial Services,Asset Management,131.63999938964844,-6.9813486323750045,-0.1035491661314529,40.85288432001536,US
ARGT,Global X MSCI Argentina ETF,ETF,ETF,95.4000015258789,-1.4462825224606055,-0.1264388167484401,53.08839308567718,US
ARHS,"Arhaus, Inc.",Consumer Cyclical,Specialty Retail,8.100000381469727,-3.571419651005139,0.0063771597437445,40.82192732308375,US
ARI,"Apollo Commercial Real Estate Finance, Inc.",Real Estate,REIT - Mortgage,6.630000114440918,-3.6337208697897743,-0.0073194996515635,38.39982634169118,US
ARKF,ARK Blockchain & Fintech Innovation ETF,ETF,ETF,45.09000015258789,-5.332775264680157,-0.0427618708161401,52.062830620300126,US
ARKK,ARK Innovation ETF,ETF,ETF,83.58000183105469,-4.085377075429094,-0.0859379136655376,51.67729832252504,US
ARKO,Arko Corp.,Consumer Cyclical,Specialty Retail,4.519999980926514,-6.418218378390332,-0.0036509675915905,34.99458354369156,US
ARKX,ARK Space & Defense Innovation ETF,ETF,ETF,31.84000015258789,-1.5765018410779357,0.0136405908042261,43.185210339872704,US
ARLI,AllianzIM International Equity Buffer15 Uncapped Apr ETF,ETF,ETF,26.59000015258789,-1.299184760695365,0.0032069778639804,46.140457063974566,US
ARLO,"Arlo Technologies, Inc.",Industrials,Building Products & Equipment,13.1899995803833,-2.151335101639896,-0.0046794885764831,46.54345442777323,US
ARLU,AllianzIM U.S. Equity Buffer15 Uncapped Apr ETF,ETF,ETF,32.3650016784668,-1.039596800343387,0.0072497193281438,48.7418148466228,US
ARM,Arm Holdings plc,Technology,Semiconductors,264.7900085449219,9.15124800781564,0.5081771650448967,53.38587072547079,US
ARMG,Leverage Shares 2X Long ARM Daily ETF,ETF,ETF,18.850000381469727,18.404524441798014,0.0647994647478167,50.787880882281314,US
ARMH,Arm Holdings PLC ADRhedged,ETF,ETF,11.140000343322754,9.32287342551312,0.0229175940937576,53.69546978452641,US
ARMW,Roundhill ARM WeeklyPay ETF,ETF,ETF,42.45000076293945,10.800695391042956,0.0929583543112082,52.510902459393,US
ARMY,Tema International Defense Innovation ETF,ETF,ETF,23.464000701904297,-1.94734474437384,0.0391425511166631,28.45916073597576,US
AROC,"Archrock, Inc.",Energy,Oil & Gas Equipment & Services,32.77000045776367,0.6449603059443314,-0.0041039019188309,48.01049534196719,US
AROW,Arrow Financial Corporation,Financial Services,Banks - Regional,39.150001525878906,-0.7604543251172137,0.0021495296767021,52.64488187721275,US
ARP,Pmv Adaptive Risk Parity ETF,ETF,ETF,34.45000076293945,-0.081210851584292,-0.0006801078817144,65.33116476856438,US
ARQQ,Arqit Quantum Inc.,Technology,Software - Infrastructure,20.049999237060547,-2.764314156032027,-0.0656948007512972,46.57115869766452,US
ARR,"ARMOUR Residential REIT, Inc.",Real Estate,REIT - Mortgage,15.800000190734863,-2.0458709683903957,-0.0133476270207673,35.44028641175666,US
ARRY,"Array Technologies, Inc.",Technology,Solar,4.619999885559082,1.762112871767564,0.0058641621078477,42.434770519326776,US
ARTY,iShares Future AI & Tech ETF,ETF,ETF,75.4800033569336,1.4925380790073683,-0.0087499294605917,54.87071888978962,US
ARVN,"Arvinas, Inc.",Healthcare,Biotechnology,8.449999809265137,-9.237385301718058,-0.0269938042691941,39.67890992948296,US
ARVR,First Trust Indxx Metaverse ETF,ETF,ETF,57.542999267578125,0.0,0.0279845209632687,56.385491299789,US
ARWG,Archer Growth ETF,ETF,ETF,26.167999267578125,0.4645386357628405,0.0227607131062618,50.18411599577878,US
ASA,ASA Gold and Precious Metals Limited,Financial Services,Asset Management,58.619998931884766,-7.085118417961789,-0.1822547076532517,45.07047267540247,US
ASAN,"Asana, Inc.",Technology,Software - Application,8.770000457763672,-13.082256440656884,0.0152354343614216,46.39698924612895,US
ASB,Associated Banc-Corp,Financial Services,Banks - Regional,30.040000915527344,-2.8146196576497395,-0.0170313755427032,41.86344980168661,US
ASC,Ardmore Shipping Corporation,Industrials,Marine Shipping,18.670000076293945,3.607101010090318,0.0100488225605346,67.62930291292619,US
ASCE,Allspring SMID Core ETF,ETF,ETF,33.75,-3.654007490440932,-0.0381378075851823,38.74268171932339,US
ASCI,abrdn International Small Cap Active ETF,ETF,ETF,36.17649841308594,-2.2415340595682816,-0.0198608686548414,43.257378682209485,US
ASEA,Global X FTSE Southeast Asia ETF,ETF,ETF,21.63999938964844,-0.8703643367918117,-0.0100271765417755,53.56055951914641,US
ASEC,American Century Securitized Credit ETF,ETF,ETF,49.43999862670898,-0.5631588638769968,-0.0080189129592031,34.42771105673788,US
ASIA,Matthews Pacific Tiger Active ETF,ETF,ETF,41.512001037597656,0.1979259759059928,-0.0123839599873905,51.26914330825812,US
ASIC,Ategrity Specialty Insurance Company Holdings,Financial Services,Insurance - Property & Casualty,27.46999931335449,0.4020420341705404,0.0058483750066935,63.535912013209895,US
ASIX,AdvanSix Inc.,Basic Materials,Chemicals,16.600000381469727,-3.488374156136883,-0.0311224988679499,41.35900976315233,US
ASLV,Allspring Special Large Value ETF,ETF,ETF,30.422199249267575,-1.4346364008884112,0.0079776736864959,42.32080117020256,US
ASMB,"Assembly Biosciences, Inc.",Healthcare,Biotechnology,29.799999237060547,-17.520070976806366,-0.2299285857538875,41.53677495502018,US
ASMF,Virtus AlphaSimplex Managed Fut,ETF,ETF,26.860200881958008,2.0951038290301085,0.004369864764251,69.0989402162931,US
ASMH,ASML Holding NV ADRhedged,ETF,ETF,11.503000259399414,3.444248001636341,0.0024614476447814,46.87778732285597,US
ASMU,Direxion Daily ASML Bull 2X ETF,ETF,ETF,29.26000022888184,6.091371681737233,0.0065350774739426,45.507133512566334,US
ASPI,ASP Isotopes Inc.,Basic Materials,Specialty Chemicals,3.309999942779541,-15.12820867078222,-0.0342425370716233,34.41248025024515,US
ASPN,"Aspen Aerogels, Inc.",Basic Materials,Specialty Chemicals,4.909999847412109,2.719657571081404,0.0145777971743634,44.59006826810254,US
ASST,"Strive, Inc.",Financial Services,Asset Management,27.6200008392334,2.982852921372574,-0.0985367287559499,81.6914615643326,US
ASTE,"Astec Industries, Inc.",Industrials,Farm & Heavy Construction Machinery,41.41999816894531,-2.31132858883377,-0.0635368814062466,36.67642464917829,US
ASTH,"Astrana Health, Inc.",Healthcare,Medical Care Facilities,37.97999954223633,0.3965046363241445,-0.0147574720027542,46.99219915403734,US
ASTL,Algoma Steel Group Inc.,Basic Materials,Steel,4.260000228881836,-4.269653674764469,-0.0091526741710733,49.091663934531965,US
ASTS,"AST SpaceMobile, Inc.",Technology,Communication Equipment,59.86000061035156,-3.653630160532258,-0.0881397361959035,44.33162496317976,US
ASTY,Defiance Daily Target 2X Long A,ETF,ETF,5.460000038146973,-8.69565182722324,-0.0184668188536644,41.54514497869041,US
ATAI,AtaiBeckley Inc.,Healthcare,Biotechnology,7.349999904632568,0.1362364010462872,0.0044192752768022,61.81351665086439,US
ATAT,Atour Lifestyle Holdings Limited,Consumer Cyclical,Lodging,32.40999984741211,-6.383590851117166,-0.0371440917052283,39.05370971734239,US
ATEC,"Alphatec Holdings, Inc.",Healthcare,Medical Devices,10.579999923706056,13.39764212456152,0.1045742694269293,65.56706594232664,US
ATEX,Anterix Inc.,Communication Services,Telecom Services,82.18000030517578,-5.648677675243736,-0.0320396101635356,36.33042138615606,US
ATFV,Alger 35 ETF,ETF,ETF,39.560001373291016,-0.6703951923722529,-0.0160519546472276,49.9624342349584,US
ATHM,Autohome Inc.,Communication Services,Internet Content & Information,21.68000030517578,0.6032532376691013,0.0152699753890114,47.00269007558233,US
ATI,ATI Inc.,Industrials,Metal Fabrication,198.7700042724609,-2.820958835957419,-0.0984053881323789,41.62212600159296,US
ATLC,Atlanticus Holdings Corporation,Financial Services,Credit Services,94.45999908447266,-2.326543295729645,0.1268406308628806,48.13885562700718,US
ATMU,Atmus Filtration Technologies Inc.,Consumer Cyclical,Auto Parts,45.40999984741211,-5.099265840162186,-0.0270140621473928,35.227897298453414,US
ATNI,"ATN International, Inc.",Communication Services,Telecom Services,30.31999969482422,-2.413904111254106,0.0045725897887667,54.48172800273815,US
ATO,Atmos Energy Corporation,Utilities,Utilities - Regulated Gas,163.19000244140625,-3.506381768561552,-0.1908689774872605,34.23924957625279,US
ATR,"AptarGroup, Inc.",Healthcare,Medical Instruments & Supplies,124.83999633789062,-2.7043888135985057,0.1873643128589925,35.49649137622782,US
ATRC,"AtriCure, Inc.",Healthcare,Medical Instruments & Supplies,54.540000915527344,3.964929217222071,0.0304391059392159,76.89169788794125,US
ATTR,Arin Tactical Tail Risk ETF,ETF,ETF,95.45379638671876,-0.0169737443984246,0.0038923466644977,58.146807519880966,US
AU,AngloGold Ashanti plc,Basic Materials,Gold,104.41999816894533,-6.492343618589024,-0.1257672439279895,49.93677664173592,US
AUAU,Global X Gold Miners ETF,EQUITY,EQUITY,40.53200149536133,-5.436046014886415,-0.089849387875464,49.13378301068485,US
AUB,Atlantic Union Bankshares Corporation,Financial Services,Banks - Regional,39.720001220703125,-2.575421204982105,0.0101773647092904,39.02706642386308,US
AUGM,FT Vest U.S. Equity Max Buffer ETF - August,ETF,ETF,35.349998474121094,-0.2455111884832033,-0.0012336875135601,49.80154235338022,US
AUGO,Aura Minerals Inc.,Basic Materials,Gold,87.08000183105469,-1.1689919102961237,0.062055739815606,61.92807061144898,US
AUGP,PGIM S&P 500 Buffer 12 ETF - Aug,ETF,ETF,33.86000061035156,-0.5959519614451614,-0.0007448407229066,50.813932358918905,US
AUGT,AllianzIM U.S. Equity Buffer10 Aug ETF,ETF,ETF,39.0702018737793,-0.6352945650653282,-0.0001048869893578,50.296070496485264,US
AUGW,AllianzIM U.S. Equity Buffer20 Aug ETF,ETF,ETF,34.63019943237305,-0.4593316440039956,-0.0010344402522443,50.41813311974159,US
AUMI,Themes Gold Miners ETF,ETF,ETF,99.9459991455078,-5.616045180529968,-0.0956142020464403,52.36355806372474,US
AUPH,Aurinia Pharmaceuticals Inc.,Healthcare,Biotechnology,16.100000381469727,-0.124072312173794,-0.0035693965682907,50.9330311855449,US
AUSF,Global X Adaptive U.S. Factor ETF,ETF,ETF,51.209999084472656,-1.990432374215012,0.0116513185516917,44.18459478450132,US
AUSM,Allspring Ultra Short Municipal ETF,ETF,ETF,24.96999931335449,-0.2596386437139777,-0.0022926433529763,34.00317223514084,US
AUTL,Autolus Therapeutics plc,Healthcare,Biotechnology,1.8799999952316284,-17.903928971668375,-0.0081200417481491,38.09553806629192,US
AVAH,Aveanna Healthcare Holdings Inc.,Healthcare,Medical Care Facilities,14.079999923706056,3.2258032940497365,0.0018089993314704,71.88153397312598,US
AVAV,"AeroVironment, Inc.",Industrials,Aerospace & Defense,146.7100067138672,-0.339650823446977,0.4151641954938672,43.2670337794485,US
AVBC,"Avidia Bancorp, Inc.",Financial Services,Banks - Regional,21.770000457763672,-1.269835777709538,-0.0012935413140635,49.57097789044552,US
AVBP,"ArriVent BioPharma, Inc.",Healthcare,Biotechnology,29.0,-6.542058142844858,-0.045353741986154,42.0288152847788,US
AVDE,Avantis International Equity ETF,ETF,ETF,92.94000244140624,-1.3114209585286758,0.0096108587859027,50.226390986235806,US
AVDV,Avantis International Small Cap Value ETF,ETF,ETF,111.61000061035156,-1.3474029400592054,-0.0245631960173868,56.46424466284924,US
AVEE,Avantis Emerging Markets Small Cap Equity ETF,ETF,ETF,69.15899658203125,-0.4075083672099636,-0.0331589312690628,56.074798618705536,US
AVEM,Avantis Emerging Markets Equity ETF,ETF,ETF,95.3499984741211,0.6633072266996946,-0.0264566170583596,57.40806885803106,US
AVEX,AEVEX Corp.,Industrials,Aerospace & Defense,16.079999923706055,-1.4705868603311214,0.0294418483152417,40.99680209228197,US
AVGB,Avantis Credit ETF,ETF,ETF,49.9900016784668,-0.8113295947477136,-0.0113544125030716,27.070506674602758,US
AVGE,Avantis All Equity Markets ETF,ETF,ETF,100.6449966430664,-1.0881936933937733,0.0122460720617378,49.93037265159793,US
AVGO,Broadcom Inc.,Technology,Semiconductors,361.989990234375,1.352331314464602,0.1985645463704681,42.24471071103172,US
AVIE,Avantis Inflation Focused Equity ETF,ETF,ETF,80.18840026855469,-0.9285917348416926,-0.0111824799351568,54.58909405121712,US
AVK,Advent Convertible and Income Fund,Financial Services,Asset Management,12.0600004196167,-2.7419291078484167,-0.007638057342977,33.33648853407445,US
AVL,Direxion Daily AVGO Bull 2X Shares,ETF,ETF,38.41999816894531,2.12652647467916,0.0471299288661106,40.654751104564,US
AVLN,Avalyn Pharma Inc.,Healthcare,Biotechnology,33.56999969482422,-5.276520892626278,-0.1178409022617956,43.8277426135393,US
AVLV,Avantis US Large Cap Value ETF,ETF,ETF,93.52999877929688,-1.1910912455301232,0.0192643153096121,49.92352717893184,US
AVMA,Avantis Moderate Allocation ETF,ETF,ETF,72.74009704589844,-1.5008373914957889,-0.0164453439776065,42.850108485641606,US
AVMU,Avantis Core Municipal Fixed Income ETF,ETF,ETF,43.70000076293945,-1.3254408797706652,0.0046310479486026,22.328167450602137,US
AVMV,Avantis U.S. Mid Cap Value ETF,ETF,ETF,79.97000122070312,-2.1618187186124187,0.0206453147605004,38.9733640259999,US
AVNM,Avantis All International Markets Equity ETF,ETF,ETF,85.26000213623047,-0.8041863349747914,-0.0031096369676685,54.51730977293491,US
AVNV,Avantis All International Markets Value ETF,ETF,ETF,86.99400329589844,-0.8731008066654438,0.0004091724804496,56.51303694138217,US
AVO,"Mission Produce, Inc.",Consumer Defensive,Food Distribution,13.010000228881836,3.50040210612567,-0.0051599243805663,51.96724392642922,US
AVOS,Avos Global Equities ETF,ETF,ETF,27.6299991607666,-1.6726021862016156,0.0008924525725189,47.87389402343183,US
AVR,Anteris Technologies Global Corp.,Healthcare,Medical Devices,8.350000381469727,-4.243117823724027,-0.0041077752700255,42.381180637950216,US
AVRE,Avantis Real Estate ETF,ETF,ETF,46.220001220703125,-1.8198059845994723,0.0080093371228126,33.68002888807932,US
AVRY,Avory Foundational ETF,ETF,ETF,25.83309936523437,-1.1059657692178229,0.0391214173364347,52.74407581365093,US
AVS,AVS,N/A,N/A,8.069999694824219,-1.223994865800399,-0.0034385132559093,57.11418815704676,US
AVSC,Avantis US Small Cap Equity ETF,ETF,ETF,71.4800033569336,-1.5740645413421357,0.0106501262632157,40.43707791225405,US
AVSD,AVSD,N/A,N/A,81.7300033569336,-1.5814291835620224,0.0199325012165874,48.205938039554816,US
AVSE,Avantis Responsible Emerging Markets Equity ETF,ETF,ETF,80.0469970703125,0.7738379440213006,-0.0197357258000486,57.55979964543294,US
AVSF,Avantis Short-Term Fixed Income ETF,ETF,ETF,45.828399658203125,-0.6107155680349718,-0.0044997740353598,26.847319800511528,US
AVSU,AVSU,N/A,N/A,88.1041030883789,-1.721075476857394,-0.0069332919351653,45.37244710030597,US
AVT,"Avnet, Inc.",Technology,Electronics & Computer Distribution,99.62999725341795,10.141450512984571,0.4819617023955564,67.64989507873761,US
AVTM,Avantis Total Equity Markets ETF,ETF,ETF,55.130001068115234,-0.9786614207918652,0.0173586416376576,49.66047019655963,US
AVTR,"Avantor, Inc.",Healthcare,Medical Instruments & Supplies,14.8100004196167,-2.501640363817658,-0.0174468402198285,61.19528932722148,US
AVTX,"Avalo Therapeutics, Inc.",Healthcare,Biotechnology,16.1200008392334,-15.15789031982422,-0.1174249950090993,32.421386629344056,US
AVUQ,Avantis U.S. Quality ETF,ETF,ETF,66.22000122070312,-1.7026186396989873,-0.0182264196680781,46.13258184175864,US
AVUS,Avantis US Equity ETF,ETF,ETF,129.64999389648438,-1.1028352234978511,0.0247909933948031,49.39749120183765,US
AVUV,Avantis US Small Cap Value ETF,ETF,ETF,124.5,-1.079115059697584,0.0156375173427942,45.95569236533506,US
AVXX,Defiance Daily Target 2X Long AVAV ETF,ETF,ETF,23.100000381469727,-1.4925388916100577,0.1472206453339155,41.08500599343829,US
AWAY,Amplify Travel Tech ETF,ETF,ETF,17.777999877929688,-6.382305991555638,0.0041805909626366,25.230635194164847,US
AWF,AllianceBernstein Global High Income Fund,Financial Services,Asset Management,9.9399995803833,-0.897309620976728,-0.003337227480293,38.628914578445645,US
AWI,"Armstrong World Industries, Inc.",Industrials,Building Products & Equipment,163.8699951171875,-4.079841588686131,0.0024283808886955,36.08541259183961,US
AWK,"American Water Works Company, Inc.",Utilities,Utilities - Regulated Water,137.69000244140625,-2.271273306909603,-0.2016293916761036,50.86058660098412,US
AX,"Axos Financial, Inc.",Financial Services,Banks - Regional,93.26000213623048,-3.895299612154103,-0.0444630997001114,38.6434143496392,US
AXG,Solowin Holdings,Financial Services,Capital Markets,2.130000114440918,-6.578941176802751,0.0033068525829174,32.569133152349025,US
AXON,"Axon Enterprise, Inc.",Industrials,Aerospace & Defense,479.3399963378906,-10.928184596888984,0.7766596581493399,35.925542373471174,US
AXP,American Express Company,Financial Services,Credit Services,324.69000244140625,-1.5553952970990077,0.286912428882105,40.5920691962621,US
AXS,AXIS Capital Holdings Limited,Financial Services,Insurance - Specialty,98.23999786376952,-3.116374373330647,-0.0569122525059633,39.05959969121177,US
AXTA,Axalta Coating Systems Ltd.,Basic Materials,Specialty Chemicals,34.15999984741211,-5.03197473412717,-0.010298103588476,39.59413566601074,US
AXTI,"AXT, Inc.",Technology,Semiconductor Equipment & Materials,64.7699966430664,15.249102782536534,0.1030183961165587,48.93411435831748,US
AXTU,T-REX 2X Long AXTI Daily Target ETF,ETF,ETF,35.06999969482422,27.66654740240565,0.1093221470340868,44.91986166969026,US
AXTX,Tradr 2X Long AXTI Daily ETF,ETF,ETF,6.53000020980835,28.54331314722667,0.0228211576227226,45.10244772470102,US
AZO,"AutoZone, Inc.",Consumer Cyclical,Auto Parts,2876.75,-3.075768448573063,-1.5126374208222408,37.80976270057994,US
AZTA,"Azenta, Inc.",Healthcare,Medical Instruments & Supplies,30.850000381469727,-1.0583704954334967,0.0802188530937657,46.24165165532605,US
AZYY,Graniteshares YieldBOOST AMZN ETF,ETF,ETF,14.307000160217283,1.0798554991110187,0.0041059475432535,64.53748602324343,US
AZZ,AZZ Inc.,Industrials,Specialty Business Services,137.07000732421875,-0.2764566260168964,0.0538762047944518,40.08802048059798,US
BA,The Boeing Company,Industrials,Aerospace & Defense,210.4499969482422,-0.0285010499070635,0.377883586039323,44.9095231849085,US
BAB,Invesco Taxable Municipal Bond ETF,ETF,ETF,25.96999931335449,-0.9912323043055178,-0.0082711617740355,34.19593031579922,US
BABA,Alibaba Group Holding Limited,Consumer Cyclical,Internet Retail,109.3000030517578,-2.244874842717514,0.1464566785807071,36.60844745618518,US
BABO,YieldMax BABA Option Income Strategy ETF,ETF,ETF,7.349999904632568,-1.1728159617454417,0.0093732807488378,38.369337974406086,US
BABU,Direxion Daily BABA Bull 2X ETF,ETF,ETF,9.15999984741211,-4.583338714307995,0.0283648451991638,35.73503012275789,US
BABX,GraniteShares 2x Long BABA Daily ETF,ETF,ETF,16.93000030517578,-4.592845846790199,0.0522403628645837,35.85229355387452,US
BAC,Bank of America Corporation,Financial Services,Banks - Diversified,62.68999862670898,-0.0478296883571019,0.0163971805466984,54.947650905410136,US
BAGY,Amplify Bitcoin Max Income Covered Call ETF,ETF,ETF,23.687000274658203,-3.770056896562813,-0.0215137965838466,53.10362212976421,US
BAH,Booz Allen Hamilton Holding Corporation,Industrials,Consulting Services,75.9000015258789,2.734169393011834,0.1862194519533677,56.543428294986654,US
BAI,iShares A.I. Innovation and Tech Active ETF,ETF,ETF,44.5099983215332,2.34535894159654,-0.0011077365929186,50.217049198883934,US
BAIG,Leverage Shares 2X Long BBAI Daily ETF,ETF,ETF,14.0,-8.082200452436473,0.031196219063362,39.55970127245379,US
BAIV,Brown Advisory International Value Select ETF,ETF,ETF,28.825000762939453,-1.1827196175939276,0.0231754166096864,55.03054781767749,US
BALQ,iShares Nasdaq Premium Income Active ETF,ETF,ETF,55.492000579833984,0.144376367684174,0.0151102226271929,54.03109789242044,US
BALT,BALT,N/A,N/A,34.77000045776367,-0.143593444855713,0.0019839016350841,58.41264503103154,US
BAM,Brookfield Asset Management Ltd.,Financial Services,Asset Management,47.2599983215332,-6.025059731225038,-0.0062953369270203,35.63455578442944,US
BAMB,Brookstone Intermediate Bond ETF,ETF,ETF,25.25,-1.0967515829013408,-0.0061843237400072,27.779783015545675,US
BAMD,Brookstone Dividend Stock ETF,ETF,ETF,34.08000183105469,-1.4459224219906586,0.0095453897943897,44.34460511084946,US
BAMG,Brookstone Growth Stock ETF,ETF,ETF,43.83319854736328,-1.8337406433042804,-0.0132010767531027,43.61236165399384,US
BAMU,Brookstone Ultra-Short Bond ETF,ETF,ETF,25.18000030517578,-0.0198497553012137,-0.0012869220384606,65.9273383812348,US
BAMV,Brookstone Value Stock ETF,ETF,ETF,37.58000183105469,-1.2430020111542774,0.0079342225085542,48.12909505923734,US
BAND,Bandwidth Inc.,Technology,Software - Infrastructure,56.869998931884766,20.768738049705448,0.5542865296793629,60.09318090913023,US
BAP,Credicorp Ltd.,Financial Services,Banks - Regional,377.8999938964844,-1.637212968830749,-0.0486511078665343,49.22826437390469,US
BASG,Brown Advisory Sustainable Growth ETF,ETF,ETF,27.88260078430176,-1.8252818629681344,0.0143390215971195,45.33515139325792,US
BATT,Amplify Lithium & Battery Technology ETF,ETF,ETF,15.055999755859377,-4.101911218022526,-0.0246410223438454,42.61331858959151,US
BAUG,Innovator U.S. Equity Buffer ETF - August,ETF,ETF,55.196998596191406,-0.6640810627603699,0.0092982715987798,52.79046863754839,US
BAVA,Bitwise Avalanche ETF,EQUITY,EQUITY,20.637500762939453,3.032950851065025,-0.0272791045488662,58.557328361452456,US
BBAG,JPMorgan BetaBuilders U.S. Aggregate Bond ETF,ETF,ETF,44.470001220703125,-1.0238127784291733,-0.0127090965486348,30.89262091888196,US
BBAI,"BigBear.ai Holdings, Inc.",Technology,Information Technology Services,2.869999885559082,-3.6912796245083417,0.0036699108609694,41.84489422081075,US
BBAX,JPMorgan BetaBuilders Developed Asia Pacific ex-Japan ETF,ETF,ETF,63.79999923706055,-2.862364584926904,-0.0317101555194408,45.25619094180027,US
BBB,CYBER HORNET S&P 500 and Bitcoin 75/25 Strategy ETF,ETF,ETF,31.45499992370605,-2.2438333483303574,-0.01134702435586,56.32851843021219,US
BBBI,Bondbloxx BBB Rated 5-10 Year Corporate Bond ETF,ETF,ETF,49.52000045776367,-1.2660718512375273,-0.0090931519458817,27.525759307345112,US
BBBL,Bondbloxx BBB Rated 10+ Year Corporate Bond ETF,ETF,ETF,45.19039916992188,-1.1864573038858812,-0.006579349786878,37.51645057220272,US
BBBS,Bondbloxx BBB Rated 1-5 Year Corporate Bond ETF,ETF,ETF,50.15869903564453,-0.666006343903257,-0.0045647009137962,28.366195881449528,US
BBBY,"Bed Bath & Beyond, Inc.",EQUITY,EQUITY,3.5799999237060547,-7.969156114091071,-0.0045716968240171,31.340950021128226,US
BBCA,JPMorgan BetaBuilders Canada ETF,ETF,ETF,104.47000122070312,-3.026085616491956,-0.0177829103421167,45.14208041442811,US
BBCP,"Concrete Pumping Holdings, Inc.",Industrials,Engineering & Construction,10.43000030517578,15.248619727695957,0.0095246900178202,62.10510279385207,US
BBDC,"Barings BDC, Inc.",Financial Services,Asset Management,8.770000457763672,-2.4471559394392397,0.0014350703631918,45.545653830893606,US
BBEM,JPMorgan Betabuilders Emerging Markets Equity ETF,ETF,ETF,78.05999755859375,0.5824088233894692,-0.0190714312140852,55.90270503572094,US
BBEU,JPMorgan BetaBuilders Europe ETF,ETF,ETF,78.51000213623047,-1.862497329711914,0.0099815166332999,41.42206063454551,US
BBHL,BBH Select Large Cap ETF,ETF,ETF,17.062000274658203,-1.4611622962516055,0.0072620806733652,42.52438559686395,US
BBHM,BBH Select Mid Cap ETF,ETF,ETF,11.600000381469728,-2.0270250677801456,0.0117568868893562,39.17220439604603,US
BBHY,JPMorgan BetaBuilders USD High Yield Corporate Bond ETF,ETF,ETF,45.20000076293945,-0.7574869247466445,-0.0087252309486157,34.49409477484252,US
BBIB,Jpmorgan Betabuilders U.S. Treasury Bond 3-10 Year ETF,ETF,ETF,95.05899810791016,-1.1274868261351385,-0.0273053643414529,27.6986573388906,US
BBIN,JPMorgan BetaBuilders International Equity ETF,ETF,ETF,80.25499725341797,-1.3678583892495366,0.0184312994684212,48.51733577642681,US
BBJP,JPMorgan BetaBuilders Japan ETF,ETF,ETF,79.55000305175781,0.5816243964684651,0.0651353450715481,61.585229447947455,US
BBLB,Jpmorgan Betabuilders U.S. Treasury Bond 20+ Year ETF,ETF,ETF,76.35800170898438,-1.547225262407382,-0.0381374690479457,37.21034448378282,US
BBN,BlackRock Taxable Municipal Bond Trust,Financial Services,Asset Management,15.15999984741211,-3.130989029149772,-0.0061174642081997,22.743364533998744,US
BBOT,"BridgeBio Oncology Therapeutics, Inc.",Healthcare,Biotechnology,4.949999809265137,-44.38202223111366,-0.1133405566312141,16.831829787381963,US
BBP,Virtus LifeSci Biotech Products ETF,ETF,ETF,103.45999908447266,-4.957883334892756,-0.1440641842800873,46.71480598672122,US
BBSB,Jpmorgan Betabuilders U.S. Treasury Bond 1-3 Year ETF,ETF,ETF,97.37999725341795,-0.403993113062124,-0.012832369616889,33.19809786758536,US
BBSC,JPMorgan BetaBuilders U.S. Small Cap Equity ETF,ETF,ETF,88.10299682617188,-2.088201401359203,0.0120394168559374,38.75271719243808,US
BBSI,"Barrett Business Services, Inc.",Industrials,Staffing & Employment Services,33.349998474121094,-1.418868847039105,0.0273326174793789,44.672961947728666,US
BBUS,JPMorgan BetaBuilders U.S. Equity ETF,ETF,ETF,137.9499969482422,-1.1040278760311222,0.0342413597723449,50.70423716183021,US
BBW,"Build-A-Bear Workshop, Inc.",Consumer Cyclical,Specialty Retail,27.57999992370605,-5.125558261988739,0.0675090630281216,30.3460803640139,US
BBWI,"Bath & Body Works, Inc.",Consumer Cyclical,Specialty Retail,18.56999969482422,-2.1085905799094142,0.0383998811856302,47.48894376909431,US
BC,Brunswick Corporation,Consumer Cyclical,Recreational Vehicles,70.72000122070312,-2.8037394937232083,0.0926957781602926,32.324199982809944,US
BCAL,California BanCorp,Financial Services,Banks - Regional,21.809999465942383,0.6460516343125945,0.0044675172159937,57.95986134376856,US
BCAR,D Boral ARC Acquisition I Corp,Financial Services,Shell Companies,3.809999942779541,-19.279658641153453,-0.0335983898407346,35.759485110868155,US
BCAX,Bicara Therapeutics Inc.,Healthcare,Biotechnology,22.809999465942383,-2.2707827042869253,-0.0169564604343729,39.27881569268151,US
BCCC,Global X Bitcoin Covered Call ETF,ETF,ETF,12.83899974822998,-3.263978388309131,-0.0162366784943484,59.38705227102595,US
BCDF,Horizon Kinetics Blockchain Development ETF,ETF,ETF,33.1609992980957,-2.499198051095922,-0.0305011847891546,45.764537361993874,US
BCGD,Baron Global Durable Advantage ETF,ETF,ETF,26.21500015258789,-1.510314530145309,0.003008862511756,42.34739819801541,US
BCHP,Principal Focused Blue Chip ETF,ETF,ETF,37.54899978637695,-2.6723742761666665,0.0136942620708738,44.01137822124391,US
BCIL,Bancreek International Large Cap ETF,ETF,ETF,28.729999542236328,-3.6520362620751614,-0.018390198804702,38.5089067563304,US
BCKT,LifeX 2030 Income Bucket ETF,ETF,ETF,39.2599983215332,-0.456390241996317,-0.0053379731435553,30.62215709206599,US
BCLO,iShares BBB-B CLO Active ETF,ETF,ETF,49.71500015258789,0.1914575226685045,-0.0002238386555015,81.8459380597752,US
BCOR,Grayscale Bitcoin Adopters ETF,ETF,ETF,26.13800048828125,-5.358822291986912,-0.0527597546350298,57.81730772738325,US
BCPC,Balchem Corporation,Basic Materials,Specialty Chemicals,164.38999938964844,-4.279728582987722,-0.1396938704999533,32.399103409884546,US
BCSF,"Bain Capital Specialty Finance, Inc.",Financial Services,Asset Management,11.470000267028809,-3.3698367513626413,0.0027304380672951,29.986526413913225,US
BCSM,Baron SMID Cap ETF,ETF,ETF,24.1387996673584,-2.105609776812836,0.0334948356109425,39.337274467242864,US
BCSS,Bain Capital GSS Investment Cor,Financial Services,Shell Companies,10.289999961853027,0.0972784935953068,-0.0006430824239438,55.21407067280789,US
BCTK,Baron Technology ETF,ETF,ETF,29.81999969482422,0.5971057176126658,0.0029093087714358,49.6239348650254,US
BCUS,Bancreek U.S. Large Cap ETF,ETF,ETF,34.08259963989258,-3.737780761021692,-0.044902381352682,38.6020094284032,US
BCX,Blackrock Resources & Commodities Strategy Trust,Financial Services,Asset Management,12.699999809265137,-2.75651300754038,-0.0219218313275506,46.94617627144268,US
BD,Russell Investments Core Plus Bond ETF,EQUITY,EQUITY,24.25,-1.5827897699229692,-0.0099124508039852,26.300873544995014,US
BDBT,Bluemonte Core Bond ETF,ETF,ETF,24.440000534057617,-1.1126830541470922,-0.0042457863500612,30.70781719227618,US
BDC,Belden Inc.,Technology,Communication Equipment,122.26000213623048,2.808614210151714,0.4180744084885465,52.93571957003298,US
BDCX,ETRACS Quarterly Pay 1.5X Leveraged Wells Fargo BDC Index ETN,ETF,ETF,20.214000701904297,-3.2498873237405066,-0.0049372071357826,43.99576826436291,US
BDCZ,UBS ETRACS Wells Fargo Business Development Company Index ETN,ETF,ETF,15.17959976196289,-2.1554736258705027,0.0047595061905798,46.38588796235067,US
BDEC,Innovator U.S. Equity Buffer ETF - December,ETF,ETF,54.54800033569336,-0.4997961904239698,0.0120695509027059,54.00688048155149,US
BDIV,AAM Brentview Dividend Growth ETF,ETF,ETF,24.554100036621094,-1.2304930258251623,0.0006141653179482,38.18580875128134,US
BDJ,BlackRock Enhanced Equity Dividend Trust,Financial Services,Asset Management,9.760000228881836,-1.3144601610523472,0.0042034721880206,49.82127171374781,US
BDN,Brandywine Realty Trust,Real Estate,REIT - Office,3.009999990463257,-1.3114741796192448,0.0013702827497845,45.82317246068312,US
BDRY,Breakwave Dry Bulk Shipping ETF,ETF,ETF,16.010000228881836,-0.8054471231887277,-0.0327863629669986,63.94050656907565,US
BDVG,iMGP Berkshire Dividend Growth ETF,ETF,ETF,15.156999588012695,-0.4793168510687539,0.0103694323890052,55.81013138979401,US
BDX,"Becton, Dickinson and Company",Healthcare,Medical Instruments & Supplies,177.85000610351562,-4.648317402361201,0.0018586691947177,46.796469101375855,US
BDYN,iShares Dynamic Equity Active ETF,ETF,ETF,28.030000686645508,-0.9190534481005666,0.0083678212982562,49.3903927713761,US
BE,Bloom Energy Corporation,Industrials,Electrical Equipment & Parts,275.75,17.066438729533353,0.31006320275785,65.03947550375992,US
BEDY,Bny Mellon Enhanced Dividend Income ETF,ETF,ETF,29.57999992370605,-1.027199837645295,0.0055843267127046,47.30510285249419,US
BEEX,The BeeHive ETF,ETF,ETF,27.42250061035156,-1.855693692683887,-0.0018533017479685,43.28768076750009,US
BEEZ,Honeytree U.S. Equity ETF,ETF,ETF,34.10179901123047,-2.056987092610873,0.0268500760086214,40.802762875912514,US
BEG,Leverage Shares 2X Long BE Daily ETF,ETF,ETF,52.19400024414063,34.34749625256301,0.1054190604921343,62.10716714729684,US
BEGS,Rareview 2x Bull Cryptocurrency & Precious Metals ETF,ETF,ETF,17.80699920654297,-7.110072323038194,-0.0270034729549608,54.76213162752151,US
BELFA,Bel Fuse Inc.,Technology,Electronic Components,208.72000122070312,3.5060786204873824,0.6125902252200817,45.10672020004247,US
BENJ,Horizon Landmark ETF,ETF,ETF,53.20000076293945,0.0752462671974425,-0.0003722032286761,72.08901489092099,US
BEPC,Brookfield Renewable Corporation,Utilities,Utilities - Renewable,30.770000457763672,-2.3174588642423117,-0.0218464545938079,36.31518110695678,US
BESF,Bastion Energy ETF,ETF,ETF,41.547000885009766,0.0867223066644856,-0.0246223024429886,61.24997579491945,US
BESO,GSR Crypto Core3 ETF,ETF,ETF,33.459999084472656,-2.420536042268936,-0.0366272131803833,64.71172464900904,US
BETE,Proshares Bitcoin & Ether Equal Weight ETF,ETF,ETF,38.625,-2.683292173238586,-0.0353458212974451,64.82795410838207,US
BETH,ProShares Bitcoin & Ether Market Cap Weight ETF,ETF,ETF,43.26300048828125,-4.578839810061918,-0.0720269425196737,60.82243164354182,US
BETR,Better Home & Finance Holding Company,Financial Services,Mortgage Finance,12.949999809265137,-1.8939394213060816,-0.0420325480248282,41.12692482713203,US
BETZ,Roundhill Sports Betting & iGaming ETF,ETF,ETF,19.358999252319336,-0.6364551176867306,0.010420328049284,50.42125506439232,US
BEX,Tradr 2X Long BE Daily ETF,ETF,ETF,37.650001525878906,34.320373184352825,0.0698631970787686,62.41910609758611,US
BFC,Bank First Corporation,Financial Services,Banks - Regional,153.22999572753906,-1.9202458439747512,-0.0894032114622881,49.60152202674448,US
BFEB,Innovator U.S. Equity Buffer ETF - February,ETF,ETF,53.89799880981445,-0.4800807483450076,0.0095177418947887,54.47832315008419,US
BFH,"Bread Financial Holdings, Inc.",Financial Services,Credit Services,106.37000274658205,-2.224467458938969,-0.0650933512289693,48.89598591067543,US
BFIX,Build Bond Innovation ETF,ETF,ETF,24.770000457763672,-0.58198054359013,-0.0048231829686961,27.59768101451297,US
BFJL,FT Vest Bitcoin Strategy Floor15 ETF - July,ETF,ETF,18.54400062561035,-0.9666208393698752,-0.0091570540523474,66.77220558338064,US
BFLB,BufferLABS US Equity Dynamic Buffer ETF,ETF,ETF,55.25339889526367,-0.6162345708067664,-0.0014229603669349,49.37333822929966,US
BFLX,iShares Flexible Equity Active ETF,ETF,ETF,25.84000015258789,-0.8061385436583696,0.0097019527953342,49.62421760881273,US
BFOC,FT Vest Bitcoin Strat Floor15 ETF - Oct,ETF,ETF,17.125699996948242,0.7334895023459009,0.0080179668918277,54.561785440954345,US
BFOR,Barron's 400 ETF,ETF,ETF,23.61000061035156,-1.829516177409917,0.0060157434641138,41.72344050201049,US
BFRZ,Innovator Equity Managed 100 Buffer ETF,ETF,ETF,26.979999542236328,-0.5162289552533352,0.0036877105894222,47.67362456076399,US
BFS,"Saul Centers, Inc.",Real Estate,REIT - Retail,31.270000457763672,-3.7846139761117783,-0.0228598415791756,22.82679528823907,US
BFST,"Business First Bancshares, Inc.",Financial Services,Banks - Regional,31.420000076293945,-0.2222918238583816,0.0068659082736217,51.91884130420745,US
BG,Bunge Global SA,Consumer Defensive,Farm Products,122.41000366210938,1.906427625013108,-0.2105393808447637,59.83125008112303,US
BGB,Blackstone Strategic Credit 2027 Term Fund,Financial Services,Asset Management,11.170000076293944,-0.1787265848018057,-0.0030160080252683,46.087351455806136,US
BGC,"BGC Group, Inc.",Financial Services,Capital Markets,12.170000076293944,0.1646128262684771,-0.0107418484052572,60.66043514337005,US
BGDV,Bahl & Gaynor Dividend ETF,ETF,ETF,30.46999931335449,-1.7477100222341553,-0.0056286531704614,34.21961617882094,US
BGRN,iShares USD Green Bond ETF,ETF,ETF,46.26499938964844,-0.8507980150362613,-0.0121688295826573,30.983707039166266,US
BGY,BlackRock Enhanced International Dividend Trust,Financial Services,Asset Management,5.809999942779541,-1.6920458073506828,-0.0022141863536332,46.88140775522484,US
BH,Biglari Holdings Inc.,Consumer Cyclical,Restaurants,372.6700134277344,-3.335663993017678,0.5353896350763465,45.52524295468047,US
BHB,Bar Harbor Bankshares,Financial Services,Banks - Regional,40.560001373291016,0.9206338870988148,0.0225253053613267,61.1923182215312,US
BHDG,Nicholas Bitcoin Tail ETF,ETF,ETF,22.149999618530277,-0.5834877204162574,-0.0297641037991243,39.56502152027754,US
BHK,BlackRock Core Bond Trust,Financial Services,Asset Management,8.680000305175781,-2.908269434128677,-0.0058731578922529,32.75727598306423,US
BHRB,Burke & Herbert Financial Services Corp.,Financial Services,Banks - Regional,71.52999877929688,-1.3107126567838925,0.0140977478273582,49.02879325602404,US
BHYP,Bitwise Hyperliquid ETF,EQUITY,EQUITY,45.43000030517578,-6.078144907237081,-0.1957523379049019,59.29382697512228,US
BIB,ProShares Ultra Nasdaq Biotechnology,ETF,ETF,109.7699966430664,-9.958171318483998,-0.2093719503588254,44.468931404476834,US
BIBL,Inspire 100 ETF,ETF,ETF,54.93999862670898,-0.2088850746150762,0.0343173746741017,45.91008807882431,US
BIDD,BIDD,N/A,N/A,30.82999992370605,-0.6125097719334944,0.0015561769041291,52.32788759762798,US
BIDU,"Baidu, Inc.",Communication Services,Internet Content & Information,91.4000015258789,-4.373300089033548,-0.038320355486948,37.36005745623142,US
BIIB,Biogen Inc.,Healthcare,Drug Manufacturers - General,217.1499938964844,-3.278250764077882,0.1219705709774507,53.1837066455838,US
BILD,Nomura Global Listed Infrastructure ETF,ETF,ETF,28.90699958801269,-1.780436180195874,-0.0079120811141807,31.043442163913326,US
BILI,Bilibili Inc.,Communication Services,Internet Content & Information,15.539999961853027,0.2580642700195312,0.0125743252418323,39.294185875384805,US
BILS,State Street SPDR Bloomberg 3-12 Month T-Bill ETF,ETF,ETF,99.19000244140624,0.0302529025705734,-0.0012952613228537,94.2661177895351,US
BILT,iShares Infrastructure Active ETF,ETF,ETF,27.0,-2.035487853135613,-0.0123404916002923,32.36368183730127,US
BILZ,PIMCO Ultra Short Government Active Exchange-Traded Fund,ETF,ETF,100.7300033569336,0.0596058300185721,-0.0011411572891674,97.763657660744,US
BINC,iShares Flexible Income Active ETF,ETF,ETF,51.27999877929688,-0.716365412683761,-0.0091062982174073,30.231645586512656,US
BINV,Brandes International ETF,ETF,ETF,44.10100173950195,-3.287273650831044,-0.0036266953057088,38.80797905714189,US
BIO,"Bio-Rad Laboratories, Inc.",Healthcare,Medical Devices,369.3200073242188,-4.789890916374676,-0.503799358373513,51.78613454209519,US
BIOA,"BioAge Labs, Inc.",Healthcare,Drug Manufacturers - Specialty & Generic,8.489999771118164,-10.631581356650903,-0.0374860680464916,29.231006416510997,US
BIRK,Birkenstock Holding plc,Consumer Cyclical,Footwear & Accessories,31.1299991607666,-8.306337374964732,0.0046885022067459,30.1738210526286,US
BIS,ProShares UltraShort Nasdaq Biotechnology,ETF,ETF,11.960000038146973,10.8433742393917,0.0222451296327391,52.41296973797172,US
BIT,BIT,N/A,N/A,11.619999885559082,-2.188554094084466,-0.0084708846060699,22.53441391014212,US
BITA,iShares Bitcoin Premium Income ETF,EQUITY,EQUITY,58.91999816894531,-4.304046676975498,-0.0980144096769186,60.16167753315438,US
BITC,Bitwise Trendwise Bitcoin and Treasuries Rotation Strategy ETF,ETF,ETF,39.834999084472656,-5.7828755094984885,-0.0754679961702824,54.688533927484976,US
BITI,ProShares Short Bitcoin ETF,ETF,ETF,19.200000762939453,5.96026420356251,0.0479758794082538,38.478451312111936,US
BITS,Global X Blockchain & Bitcoin Strategy ETF,ETF,ETF,65.00399780273438,-4.038972759546683,-0.1108252700730749,56.61701662095426,US
BITW,Bitwise 10 Crypto Index Fund,ETF,ETF,50.84199905395508,-4.565077309668089,-0.0889784645132016,60.85864760083712,US
BITX,2x Bitcoin Strategy ETF,ETF,ETF,17.030000686645508,-11.20959115913095,-0.0695396258158334,57.15306343639065,US
BITY,Amplify Bitcoin 2% Monthly Option Income ETF,ETF,ETF,27.558000564575195,-4.282587565393484,-0.0328843748623816,55.02389375365495,US
BIV,Vanguard Intermediate-Term Bond Index Fund ETF Shares,ETF,ETF,74.05999755859375,-1.200642391770432,-0.0234915218262534,28.237112021360048,US
BJRI,"BJ's Restaurants, Inc.",Consumer Cyclical,Restaurants,60.77999877929688,3.3321983927944894,0.1310365977656959,42.729109481125725,US
BJUL,Innovator U.S. Equity Buffer ETF - July,ETF,ETF,55.380001068115234,-0.8060196098527552,0.008569339556617,51.74829789892136,US
BKCG,BNY Mellon ETF Trust II: BNY Mellon Concentrated Growth ETF,ETF,ETF,38.84999847412109,-0.6978059372885356,0.0170513025694311,49.79017645961524,US
BKCI,BNY Mellon Concentrated International ETF,ETF,ETF,52.4900016784668,-2.585226800083964,-0.009422665932539,32.92642441102245,US
BKE,"The Buckle, Inc.",Consumer Cyclical,Apparel Retail,40.70000076293945,-6.242799110800303,-0.0032855630526228,36.440367864760525,US
BKEM,BNY Mellon Emerging Markets Equity ETF,ETF,ETF,30.86000061035156,-0.1940474314176467,-0.0137699009364251,53.56102648337303,US
BKF,iShares MSCI BIC ETF,ETF,ETF,39.84000015258789,-2.472456203818582,-0.0188059619791228,38.507586551074034,US
BKFI,BNY Mellon Active Core Bond ETF,ETF,ETF,23.13999938964844,-1.1744672864673802,-0.0085169949938112,31.29567286562782,US
BKH,Black Hills Corporation,Utilities,Utilities - Regulated Gas,71.30000305175781,-2.7285128468381936,-0.1043924206456046,41.87595152172371,US
BKHY,BNY Mellon High Yield ETF,ETF,ETF,46.69499969482422,-0.9229818871896998,-0.0092699844830819,35.67831535706239,US
BKLC,BNY Mellon US Large Cap Core Equity ETF,ETF,ETF,48.86000061035156,-1.113133452254713,0.0114410938978466,50.53139790896916,US
BKLG,Bny Mellon US Large Cap Equity Growth ETF,ETF,ETF,25.549999237060547,-1.0840135016358672,0.006914433732691,51.21169274071179,US
BKLN,Invesco Senior Loan ETF,ETF,ETF,20.59000015258789,0.0,-0.0016834139233642,74.35099169166945,US
BKMC,BNY Mellon US Mid Cap Core Equity ETF,ETF,ETF,39.9379997253418,-2.182269640777134,0.0105346713695696,39.31228585583238,US
BKNG,Booking Holdings Inc.,Consumer Cyclical,Travel Services,173.9199981689453,-10.654428065149874,0.1240909952861786,30.284705538038367,US
BKR,Baker Hughes Company,Energy,Oil & Gas Equipment & Services,59.060001373291016,-7.196728567383355,-0.1850407490622159,35.94847027315075,US
BKSE,BNY Mellon US Small Cap Core Equity ETF,ETF,ETF,43.0885009765625,-2.721582554257426,0.0076164856568691,36.02293280105851,US
BKSY,BlackSky Technology Inc.,Industrials,Specialty Business Services,20.61000061035156,-0.096939172218056,0.0555121076825659,35.04825216654504,US
BKUI,BNY Mellon Ultra Short Income ETF,ETF,ETF,49.54999923706055,-0.0403479077805203,-0.0021340655699778,60.00599978825615,US
BL,"BlackLine, Inc.",Technology,Software - Application,28.350000381469727,-14.685522804669246,-0.0953966487830723,38.59367935639458,US
BLCO,Bausch + Lomb Corporation,Healthcare,Medical Instruments & Supplies,17.25,-4.906281254652711,-0.0410396023442499,48.85239422612038,US
BLCR,iShares Large Cap Core Active ETF,ETF,ETF,49.2599983215332,-0.825447679739295,0.0047828054085224,48.27074634402054,US
BLDG,Cambria Global Real Estate ETF,ETF,ETF,26.51000022888184,-1.394829818885951,-0.0052315760271405,36.60273175144882,US
BLDX,Impax Global Sustainable Infrastructure ETF,ETF,ETF,25.19569969177246,-2.228563274309887,-0.0059282672232445,27.073547404384342,US
BLES,Inspire Global Hope ETF,ETF,ETF,49.05199813842773,-1.8567455228253305,-0.0056031750966474,43.1542474395953,US
BLFS,"BioLife Solutions, Inc.",Healthcare,Medical Instruments & Supplies,34.95000076293945,-1.63241777732732,0.0128499289464827,50.55749297183115,US
BLGR,Bluemonte Large Cap Growth ETF,ETF,ETF,32.099998474121094,-1.3248894264245692,-0.0030411929157918,47.95522995400184,US
BLK,"BlackRock, Inc.",Financial Services,Asset Management,1079.6500244140625,-3.637125312693391,0.9941226995925144,40.89327774391528,US
BLKB,"Blackbaud, Inc.",Technology,Software - Application,45.47999954223633,-6.14940073985921,0.0579908445311458,52.5905190145214,US
BLLN,"BillionToOne, Inc.",Healthcare,Diagnostics & Research,98.7699966430664,-0.7336717155111495,-0.0353114380066799,46.70963972103481,US
BLMN,"Bloomin' Brands, Inc.",Consumer Cyclical,Restaurants,8.6899995803833,-10.68859209436299,-0.0025702098987382,35.343044322080175,US
BLND,"Blend Labs, Inc.",Technology,Software - Application,1.409999966621399,-6.622518177048375,-0.0022805032859393,37.67594822831335,US
BLST,Bluemonte Short Term Bond ETF,ETF,ETF,24.59000015258789,-0.7066393756250005,-0.0024958632447349,29.415189950480908,US
BLTD,Bluemonte Long Term Bond ETF,ETF,ETF,24.020000457763672,-1.1522583871930403,-0.0092895931357516,35.096949641698814,US
BLTE,"Belite Bio, Inc",Healthcare,Biotechnology,173.7899932861328,1.5781150307057603,-0.7067363913257676,54.91343965724107,US
BLUI,Bluemonte Diversified Income ETF,ETF,ETF,25.350000381469727,-1.0538659208402696,-0.0062336137147528,30.844337191145694,US
BLUX,Bluemonte Dynamic Total Market ETF,ETF,ETF,31.95330047607422,-1.950658848502009,-0.0013360147003485,42.137675003429024,US
BLV,Vanguard Long-Term Bond Index Fund ETF Shares,ETF,ETF,64.83999633789062,-1.3990355359690092,-0.0304877086368187,35.60112107443106,US
BLW,BlackRock Limited Duration Income Trust,Financial Services,Asset Management,12.279999732971191,-2.151398037133114,-0.0050237793775812,30.577709641892355,US
BLX,Bladex Inc.,Financial Services,Banks - Regional,55.290000915527344,-0.9849556510702432,-0.0400371863807497,48.1671846531724,US
BLZE,"Backblaze, Inc.",Technology,Software - Infrastructure,12.399999618530272,-6.836970491340014,0.024736595485958,35.13765726570898,US
BMAR,Innovator U.S. Equity Buffer ETF - March,ETF,ETF,58.983001708984375,-0.4825444890855147,0.009168348844839,55.21666012304792,US
BMAY,Innovator U.S. Equity Buffer ETF- May,ETF,ETF,48.45800018310547,-0.3946584516987203,0.0106754893033969,54.03448855427249,US
BMBL,Bumble Inc.,Communication Services,Internet Content & Information,2.990000009536743,4.181189155493115,0.0013318081156422,59.51573973526543,US
BME,BlackRock Health Sciences Trust,Financial Services,Asset Management,44.4900016784668,-2.881466176060473,0.0164426660371258,46.590859750124416,US
BMED,iShares Health Innovation Active ETF,ETF,ETF,32.96500015258789,-4.227187953978922,-0.0119612199780462,47.92160385765115,US
BMI,"Badger Meter, Inc.",Technology,Scientific & Technical Instruments,125.12999725341795,-8.00618047124102,-0.1467342467092556,38.05090968419135,US
BMNG,Leverage Shares 2X Long BMNR Daily ETF,ETF,ETF,26.6299991607666,-10.607592002837652,0.0003575370165789,58.300492640299744,US
BMNR,"Bitmine Immersion Technologies, Inc.",Financial Services,Capital Markets,25.030000686645508,-5.368620171397444,-0.0084605703553386,61.01049274234405,US
BMNU,T-REX 2X Long BMNR Daily Target ETF,ETF,ETF,19.5,-10.632446046158886,0.001829762635142,58.419778928060765,US
BMNZ,Defiance Daily Target 2X Short BMNR ETF,EQUITY,EQUITY,5.260000228881836,9.128631567429965,0.0205681445887524,32.5746824538099,US
BMRC,Bank of Marin Bancorp,Financial Services,Banks - Regional,27.790000915527344,1.6459427960056463,0.0167655266475477,54.26005986113634,US
BMVP,Invesco Bloomberg MVP Multi-fac,ETF,ETF,53.77999877929688,-1.6819048826520335,0.0152373337331958,45.99258583158653,US
BMY,Bristol-Myers Squibb Company,Healthcare,Drug Manufacturers - General,63.63999938964844,-6.5354636328066,-0.0545754807677445,42.45064590413343,US
BN,Brookfield Corporation,Financial Services,Asset Management,38.220001220703125,-5.442842770667034,0.0119972284592406,27.397495080822157,US
BNDC,Northern Trust Core Bond ETF,ETF,ETF,21.416000366210938,-0.9757129202367872,-0.0059045776188978,31.62659470955488,US
BNDI,Neos Enhanced Income Aggregate Bond ETF,ETF,ETF,45.54399871826172,-1.068443173722032,-0.01360842230218,32.797930835171286,US
BNDP,Vanguard Core-Plus Bond Index ETF,ETF,ETF,72.01799774169922,-0.9721564073644612,-0.0180919792537107,29.831080287142328,US
BNDS,Infrastructure Capital Bond Income ETF,ETF,ETF,50.01499938964844,-0.3883682501092138,-0.0107104825761358,48.87516414375816,US
BNDY,Horizon Core Bond ETF,ETF,ETF,24.319799423217773,-1.1390282679142485,-0.0039210815540283,33.20067365833263,US
BNED,"Barnes & Noble Education, Inc.",Consumer Cyclical,Specialty Retail,11.229999542236328,-7.9508219851950654,-0.0031221757011688,40.779990086997145,US
BNGE,First Trust S-Network Streaming & Gaming ETF,ETF,ETF,32.25699996948242,-1.2732236462424946,0.0226752908518033,49.5170495787544,US
BNL,"Broadstone Net Lease, Inc.",Real Estate,REIT - Diversified,20.420000076293945,-2.1562086480298515,-0.012983274411736,36.82443370426786,US
BNO,"United States Brent Oil Fund, LP",ETF,ETF,61.369998931884766,9.78532604059684,-0.0014629567276114,71.17036975775083,US
BNOV,Innovator U.S. Equity Buffer ETF - November,ETF,ETF,48.98400115966797,-0.7597398472204469,0.0115991249564499,52.67000504515006,US
BNTC,Benitec Biopharma Inc.,Healthcare,Biotechnology,12.1899995803833,-2.00964637003868,-0.0086698345295128,44.54634495818821,US
BNTX,BioNTech SE,Healthcare,Biotechnology,96.7300033569336,-5.97783248509958,-0.0441797446903287,43.58224731054921,US
BNY,The Bank of New York Mellon Corporation,Financial Services,Banks - Diversified,162.66000366210938,-1.0162466684946632,-0.0241476165949123,55.3069574715343,US
BOAT,SonicShares Global Shipping ETF,ETF,ETF,52.0,3.2770637058250847,0.0449314311842363,74.66502172028461,US
BOBS,"Bob's Discount Furniture, Inc.",Consumer Cyclical,Specialty Retail,15.850000381469728,-3.530127285045412,-0.0026861475407992,41.93897092424398,US
BOC,Boston Omaha Corporation,Industrials,Conglomerates,13.56999969482422,-1.666670237186401,-0.0001336879718427,42.13170669443466,US
BOE,BlackRock Enhanced Global Dividend Trust,Financial Services,Asset Management,12.18000030517578,-2.247188861267712,-0.0014139448548242,43.02974551599854,US
BOEG,Leverage Shares 2X Long BA Daily ETF,ETF,ETF,12.142000198364258,-0.5650662651722151,0.0412945234550056,43.16989096423348,US
BOEU,Direxion Daily BA Bull 2X Shares,ETF,ETF,30.6879997253418,-0.5799101018228906,0.1072755982102275,43.298485087494285,US
BOND,PIMCO Active Bond Exchange-Traded Fund,ETF,ETF,88.83999633789062,-1.343705355758528,-0.0355849951944576,30.97911986309376,US
BOOT,"Boot Barn Holdings, Inc.",Consumer Cyclical,Apparel Retail,144.38999938964844,-2.0154731327372786,0.1605462619753819,39.997896232456974,US
BORR,Borr Drilling Limited,Energy,Oil & Gas Drilling,4.269999980926514,-7.375274246005143,-0.011175692239409,45.63952169385555,US
BOT,"Robostrategy, Inc.",Financial Services,Asset Management,26.850000381469727,-1.1413824288806855,-0.0006432637724507,45.925373629715,US
BOTT,Themes Humanoid Robotics ETF,ETF,ETF,41.292999267578125,-1.3615835199387942,-0.0088168215539564,39.81153561500732,US
BOTZ,Global X Robotics & Artificial Intelligence ETF,ETF,ETF,35.279998779296875,-1.4800406972043414,0.0206559898891081,44.80905465856727,US
BOUT,CapForce IBD Breakout Opportunities ETF,ETF,ETF,43.65879821777344,-2.263711646791299,-0.0056241684369917,38.14836889153808,US
BOW,Bowhead Specialty Holdings Inc.,Financial Services,Insurance - Property & Casualty,33.66999816894531,0.0891759210498264,0.0062465559100668,61.75146315049605,US
BOXA,Alpha Architect Aggregate Bond ,ETF,ETF,103.54299926757812,-1.1267823782644837,-0.0212282813902913,34.51435315644535,US
BOXX,Alpha Architect 1-3 Month Box ETF,ETF,ETF,118.19000244140624,0.0931576970238771,0.0015768091433212,85.36126382981713,US
BPI,Grayscale Bitcoin Premium Income ETF,ETF,ETF,24.36899948120117,-3.147727987713403,-0.0411375655052638,63.22753700970625,US
BPRO,Bitwise Proficio Currency Debasement ETF,EQUITY,EQUITY,20.97590065002441,-3.674221406082828,-0.023425795247253,46.644192302465896,US
BR,BR,N/A,N/A,167.74000549316406,-6.243361433294163,-0.0359394707105265,44.94914438078818,US
BRAI,Braiin Limited,Technology,Computer Hardware,5.679999828338623,1.4285700905079517,0.0041739442247724,51.43108824705947,US
BRAZ,Global X Brazil Active ETF,ETF,ETF,32.72200012207031,-0.155611904910173,-0.0483483678813162,63.729900440159575,US
BRBR,"BellRing Brands, Inc.",Consumer Defensive,Packaged Foods,9.140000343322754,-12.11537809061557,-0.0192323506134605,31.961410857497512,US
BRC,Brady Corporation,Industrials,Security & Protection Services,86.94000244140625,-3.7635532812816166,0.0442217982520933,33.05144642408018,US
BRCB,"Black Rock Coffee Bar, Inc.",Consumer Cyclical,Restaurants,8.479999542236328,-9.787235251375373,-0.0467383475882922,45.616786428936194,US
BRCE,MFS Blended Research Core Equity ETF,ETF,ETF,30.049999237060547,-1.5399777642649617,-0.005665423887994,47.65615133058041,US
BREE,MFS Blended Research Emerging Markets Equity ETF,ETF,ETF,27.690000534057617,0.9110786994690774,-0.0068128868796482,57.632460638514125,US
BRES,Burney U.S. Equity Select ETF,ETF,ETF,26.541200637817383,-2.2423535516272213,0.0045922621657993,39.70586466643599,US
BRF,VanEck Brazil Small-Cap ETF,ETF,ETF,16.610000610351562,-1.3657929937784643,-0.0401597413867293,58.0168113810536,US
BRHY,iShares High Yield Active ETF,ETF,ETF,50.45500183105469,-0.6126088649520792,-0.0061983859390314,40.39729055487143,US
BRIF,FIS Bright Portfolios Focused Equity ETF,ETF,ETF,36.723899841308594,-2.077429925545097,-0.0146125122338636,41.608538654892925,US
BRKC,YieldMax BRK.B Option Income Strategy ETF,ETF,ETF,40.06700134277344,0.7060809715962577,0.0175195960280383,59.724639288216814,US
BRKW,Roundhill BRKB WeeklyPay ETF,ETF,ETF,39.209999084472656,0.3867736347775539,0.0201008365546069,55.52443947450118,US
BRLN,BRLN,N/A,N/A,50.77999877929688,-0.3336643397388051,-0.005505556772718,58.23181501873887,US
BRNY,Burney U.S. Factor Rotation ETF,ETF,ETF,57.90700149536133,-1.6658724779000458,0.0234832416034594,44.99387553458052,US
BRO,"Brown & Brown, Inc.",Financial Services,Insurance Brokers,66.19000244140625,-8.778935131638605,-0.0505872601937171,35.44899276702846,US
BRSL,Brightstar Lottery PLC,Consumer Cyclical,Gambling,10.800000190734863,-4.761904361436843,-0.005826238698101,43.5446214760103,US
BRSM,MFS Blended Research Small-Mid Cap ETF,EQUITY,EQUITY,25.43000030517578,-2.6043672511680773,-0.0006934878264136,40.264568357645786,US
BRTR,iShares Total Return Active ETF,ETF,ETF,48.685001373291016,-1.0869561847696083,-0.0164433677052222,30.77906717555776,US
BRUN,"Boost Run, Inc.",Technology,Software - Infrastructure,16.6299991607666,-1.8299962427259815,-0.0159284591164785,41.66707362529157,US
BRZU,Direxion Daily MSCI Brazil Bull 2X Shares,ETF,ETF,106.66000366210938,-0.0093695575208579,-0.3108650652908054,63.90155401731107,US
BSCA,Invesco Bulletshares 2036 Corporate Bond ETF,ETF,ETF,19.350000381469727,-1.4765734072861498,-0.0044705281444615,31.458721704301965,US
BSCQ,Invesco BulletShares 2026 Corporate Bond ETF,ETF,ETF,19.55500030517578,0.1280062347738063,0.0005104161085526,83.03012802020993,US
BSCR,Invesco BulletShares 2027 Corporate Bond ETF,ETF,ETF,19.61000061035156,-0.0254864176647226,-0.0007080173563763,61.43415014848861,US
BSCS,Invesco BulletShares 2028 Corporate Bond ETF,ETF,ETF,20.239999771118164,-0.3446563105114822,-0.002061199838015,37.42726795753752,US
BSCT,Invesco BulletShares 2029 Corporate Bond ETF,ETF,ETF,18.34499931335449,-0.6498826874722782,-0.0021446776350783,30.19678482653657,US
BSCU,Invesco BulletShares 2030 Corporate Bond ETF,ETF,ETF,16.325000762939453,-0.7900283279814364,-0.0014887591425872,29.210473882753703,US
BSCX,Invesco Bulletshares 2033 Corporate Bond ETF,ETF,ETF,20.40999984741211,-1.1143389003765165,-0.006072469654325,28.95818398434278,US
BSCY,Invesco BulletShares 2034 Corporate Bond ETF,ETF,ETF,19.96500015258789,-1.1388935167712568,-0.0062689663897094,29.19147498039877,US
BSCZ,Invesco Bulletshares 2035 Corporate Bond ETF,ETF,ETF,19.68000030517578,-1.2296057278088472,-0.0073414556223779,30.264619877550828,US
BSEP,Innovator U.S. Equity Buffer ETF - September,ETF,ETF,53.93999862670898,-0.8929557063775031,0.0028763963236841,52.79909056274949,US
BSJQ,Invesco BulletShares 2026 High Yield Corporate Bond ETF,ETF,ETF,22.88999938964844,-0.1308930477558653,-0.0015123840352122,56.99551955917107,US
BSJR,Invesco BulletShares 2027 High Yield Corporate Bond ETF,ETF,ETF,22.30579948425293,-0.2647005923142676,-0.0010601858097454,46.92030275424029,US
BSJS,Invesco BulletShares 2028 High Yield Corporate Bond ETF,ETF,ETF,21.674999237060547,-0.4592440102025416,-0.0032713901745287,43.54168407247899,US
BSJT,Invesco BulletShares 2029 High Yield Corporate Bond ETF,ETF,ETF,21.030000686645508,-0.4779699478189287,-0.0046745571849497,42.86207058994026,US
BSJV,Invesco BulletShares 2031 High Yield Corporate Bond ETF,ETF,ETF,25.67300033569336,-0.8381578179636442,-0.0037895101567663,31.38943903730062,US
BSJX,Invesco Bulletshares 2033 High Yield Corporate Bond ETF,ETF,ETF,24.75,-1.0593619672767132,-0.0057981775209218,32.61796126910281,US
BSJY,Invesco Bulletshares 2034 High Yield Corporate Bond ETF,ETF,ETF,24.575000762939453,-1.2655630149994697,-0.0059598283471631,31.783009429739224,US
BSMC,Brandes U.S. Small-Mid Cap Value ETF,ETF,ETF,39.28499984741211,-3.1315508524397413,-0.0001989871485836,36.992019339282464,US
BSMU,Invesco BulletShares 2030 Municipal Bond ETF,ETF,ETF,21.28059959411621,-1.2592819742191106,-0.0030078829353299,20.08750552757992,US
BSMV,Invesco BulletShares 2031 Municipal Bond ETF,ETF,ETF,20.327999114990234,-1.2244937300779148,-0.0057532363164377,19.614470252646427,US
BSMW,Invesco Bulletshares 2032 Municipal Bond ETF,ETF,ETF,24.149999618530277,-1.267373170668564,-0.0001043839002691,22.2181882394254,US
BSMY,Invesco Bulletshares 2034 Municipal Bond ETF,ETF,ETF,23.3799991607666,-1.0160951309880917,0.0029528035067429,22.918309715657173,US
BSOL,Bitwise Solana Staking ETF,EQUITY,EQUITY,14.029999732971191,-2.9737227112129743,-0.0242499919045777,62.40366268946113,US
BSRR,Sierra Bancorp,Financial Services,Banks - Regional,40.72999954223633,0.0491291039387429,-0.0053433915768764,54.3970329691414,US
BSSX,Invesco Bulletshares 2033 Municipal Bond ETF,ETF,ETF,24.69499969482422,-1.0973614055575964,0.00330885089354,27.95840788821998,US
BST,BlackRock Science and Technology Trust,Financial Services,Asset Management,50.34999847412109,-0.807722342335423,0.0035619421787053,56.55015794080154,US
BSTP,Innovator Buffer Step-Up Strategy ETF,ETF,ETF,40.00749969482422,-0.7627407723165475,-0.0022097792020353,49.467622987683285,US
BSTZ,BlackRock Science and Technology Term Trust,Financial Services,Asset Management,30.440000534057617,-2.341994034165956,-0.045054964371422,48.86826166408717,US
BSVN,Bank7 Corp.,Financial Services,Banks - Regional,54.88999938964844,4.6520468850651735,-0.0255265856485572,62.10878887068338,US
BSX,Boston Scientific Corporation,Healthcare,Medical Devices,42.97999954223633,-8.455806509457808,-0.0479313533145657,33.2811814873528,US
BTC,Grayscale Bitcoin Mini Trust ETF,ETF,ETF,34.150001525878906,-5.558623700262693,-0.0731888611514866,59.213934512186775,US
BTCC,Grayscale Bitcoin Covered Call ETF,ETF,ETF,13.449999809265137,-3.014134845201907,-0.0115080668954682,56.31492004841888,US
BTCI,NEOS ETF Trust - NEOS Bitcoin High Income ETF,ETF,ETF,32.130001068115234,-4.089549050402286,-0.0447894538575968,59.7298602233343,US
BTCL,T-Rex 2X Long Bitcoin Daily Target ETF,ETF,ETF,17.360000610351562,-11.247438219113604,-0.0729310390406168,57.05374926281488,US
BTCU,Direxion Daily Bitcoin Bull 2X ETF,EQUITY,EQUITY,23.770000457763672,-11.30596591624832,-0.0916765575855467,57.2119677512349,US
BTCW,WisdomTree Bitcoin Fund,ETF,ETF,81.5999984741211,-5.599264033531206,-0.1762940854476591,59.21633605677735,US
BTCZ,T-Rex 2X Inverse Bitcoin Daily Target ETF,ETF,ETF,3.5450000762939453,11.477987480325782,0.0192913017749151,36.226888913170846,US
BTDR,Bitdeer Technologies Group,Technology,Software - Application,11.960000038146973,0.4198168881230312,-0.0345356400979191,54.5267121328996,US
BTF,CoinShares Bitcoin and Ether ETF,ETF,ETF,21.527000427246094,-3.0009477871387658,-0.035300924136745,62.22762147361132,US
BTGO,"BitGo Holdings, Inc.",Financial Services,Capital Markets,7.650000095367432,1.728724930460719,-0.0070849022838882,65.89140412094864,US
BTO,BTO,N/A,N/A,38.93999862670898,-1.3897742730144351,0.0118107636187769,46.161147194067006,US
BTOT,iShares Total USD Fixed Income Market ETF,EQUITY,EQUITY,48.00550079345703,-1.3349049473539618,-0.0074705951250834,29.57614893328818,US
BTR,Beacon Tactical Risk ETF,ETF,ETF,28.02300071716309,-1.5700688688872977,0.0026258737124724,43.97779625763777,US
BTT,Blackrock Municipal 2030 Target Term Trust,Financial Services,Asset Management,22.25,-1.0671399446894334,-0.0023287386342185,32.60818964020066,US
BTZ,BlackRock Credit Allocation Income Trust,Financial Services,Asset Management,9.670000076293944,-2.814067721995976,-0.0033719185997584,26.8615512299924,US
BUCK,BUCK,N/A,N/A,23.32999992370605,0.0428826286994139,0.000245998021973,52.731402814045765,US
BUFC,AB Conservative Buffer ETF,ETF,ETF,43.27999877929688,-0.2029174763853016,0.0046383021050787,55.60938580799111,US
BUFF,Innovator Laddered Allocation Power Buffer ETF,ETF,ETF,53.72999954223633,-0.426240819382282,0.0045023174343614,55.20539224747355,US
BUFH,FT Vest Laddered Max Buffer ETF,ETF,ETF,21.62969970703125,-0.1629411816493084,-4.751744805897573e-05,56.17559598945096,US
BUFI,AB International Buffer ETF,ETF,ETF,43.08000183105469,-1.056497645383857,-0.004610510628731,47.30941034780856,US
BUFP,PGIM Laddered S&P 500 Buffer 12 ETF,ETF,ETF,32.720001220703125,-0.5168688723017018,-0.0006908358056399,52.31819432076209,US
BUFR,FT Vest Laddered Buffer ETF,ETF,ETF,37.36000061035156,-0.5854209951669677,0.0041738397144142,54.00195533112779,US
BUFS,FT Vest Laddered Small Cap Mode,ETF,ETF,25.0231990814209,-1.1878073391047377,-0.0021315502842455,39.91290873171364,US
BUFT,FT Vest Buffered Allocation Defensive ETF,ETF,ETF,26.354999542236328,-0.1326254195588885,-0.0003786951160424,60.58215965106086,US
BUFX,FT Vest Laddered Enhance & Moderate Buffer ETF,ETF,ETF,22.55500030517578,-0.243256539987002,-0.0009061556194696,56.3181515836424,US
BUFY,FT Vest Laddered International Moderate Buffer ETF,ETF,ETF,23.909299850463867,-0.7336236352847929,-0.0016418852693384,49.12391338788832,US
BUFZ,FT Vest Laddered Moderate Buffer ETF,ETF,ETF,28.489999771118164,-0.1926792959494784,0.0034562401202992,57.40361154084368,US
BUI,BUI,N/A,N/A,26.25,-1.426958966361689,-0.0150255404529336,35.2055176870624,US
BUL,Pacer US Cash Cows Growth ETF,ETF,ETF,63.0,-1.6546949718881931,0.0481455050648867,46.84965717970708,US
BULD,Pacer BlueStar Engineering the Future ETF,ETF,ETF,34.090999603271484,-1.6132810908822686,0.0213577103082965,40.63114292799624,US
BULG,Leverage Shares 2X Long BULL Daily ETF,ETF,ETF,57.757999420166016,-15.319543741921166,-0.3509581145113065,54.3779884917112,US
BURL,"Burlington Stores, Inc.",Consumer Cyclical,Apparel Retail,239.0399932861328,-7.5495066741859,0.8352760300241968,18.97826601665652,US
BUXX,Strive Enhanced Income Short Maturity ETF,ETF,ETF,20.209999084472656,0.0494966393840283,0.0008789871675565,65.86666259503534,US
BUYO,KraneShares Man Buyout Beta Index ETF,ETF,ETF,32.48649978637695,-2.3872434297592937,0.0072085498867828,39.328455447833385,US
BUYZ,Franklin Disruptive Commerce ETF,ETF,ETF,34.84199905395508,-4.280226391793287,0.0167010573670433,41.518403640988815,US
BUZZ,VanEck Social Sentiment ETF,ETF,ETF,37.25,-0.3744300399405646,-0.0129162627827757,54.78648859779722,US
BV,"BrightView Holdings, Inc.",Industrials,Specialty Business Services,11.1899995803833,-1.2356605848675033,-6.340918141961582e-05,42.62119652434416,US
BVAL,Bluemonte Large Cap Value ETF,ETF,ETF,31.81999969482422,-1.2414696173936928,-0.0002440262688918,45.259342093276366,US
BVS,Bioventus Inc.,Healthcare,Medical Devices,12.979999542236328,-9.610028881854692,-0.026663123201878,41.18964309693384,US
BW,"Babcock & Wilcox Enterprises, Inc.",Industrials,Specialty Industrial Machinery,7.940000057220459,11.360447822980928,0.0547024813081939,46.65832949329766,US
BWB,"Bridgewater Bancshares, Inc.",Financial Services,Banks - Regional,21.38999938964844,-0.6963858844164488,0.003208970479694,49.99145394304675,US
BWEL,JG Boswell Company,Basic Materials,Agricultural Inputs,599.0,1.697792869269949,-0.3897457768985148,75.80604769035114,US
BWET,Breakwave Tanker Shipping ETF,ETF,ETF,726.9199829101562,46.43540169366686,7.035025664760077,85.35550898016413,US
BWFG,"Bankwell Financial Group, Inc.",Financial Services,Banks - Regional,68.56999969482422,3.658349377359533,0.1155209297038902,64.69176574771696,US
BWMN,Bowman Consulting Group Ltd.,Industrials,Engineering & Construction,42.41999816894531,-0.4459104404708487,-0.0149481860582856,79.85284200712816,US
BWMX,"Betterware de México, S.A.P.I. de C.V.",Consumer Cyclical,Specialty Retail,15.539999961853027,0.582525266659996,0.0123777843675536,40.064716898677325,US
BWTG,Brendan Wood TopGun ETF,ETF,ETF,41.351600646972656,-2.089313085348813,-0.0265053601260308,40.71393179841852,US
BX,Blackstone Inc.,Financial Services,Asset Management,128.50999450683594,-6.660370901195124,0.0867651840922372,38.50836812453236,US
BXC,BlueLinx Holdings Inc.,Industrials,Industrial Distribution,79.76000213623047,3.20911412539771,0.0866915371289773,53.55754451719239,US
BXDC,Blackstone Digital Infrastructure Trust Inc.,Real Estate,REIT - Specialty,19.899999618530277,-3.163015292759927,-0.0053717968914998,44.59763238387308,US
BXSL,Blackstone Secured Lending Fund,Financial Services,Asset Management,24.40999984741211,-1.0539125580776834,0.0017641035164528,49.824924547326,US
BY,"Byline Bancorp, Inc.",Financial Services,Banks - Regional,38.66999816894531,-0.1291401089395536,0.0309719331972011,53.93243277767815,US
BYD,Boyd Gaming Corporation,Consumer Cyclical,Resorts & Casinos,77.0,-1.0155558635167143,0.1096835631388839,36.6842884854274,US
BYRE,Principal Real Estate Active Opportunities ETF,ETF,ETF,26.559999465942383,-1.6696909369268589,-0.0007793180065348,34.36632599146553,US
BZ,Kanzhun Limited,Communication Services,Internet Content & Information,16.440000534057617,-2.375294625331719,-0.003813566008739,49.67013769557557,US
BZH,"Beazer Homes USA, Inc.",Consumer Cyclical,Residential Construction,33.25,0.1506001081673471,0.0050306664197568,59.78659736452436,US
BZQ,ProShares UltraShort MSCI Brazil Capped,ETF,ETF,18.530000686645508,-0.4298759864712514,0.0667836554390973,35.113019914501976,US
BZZ,Corgi Drones & Urban Air Mobility ETF,ETF,ETF,22.953399658203125,-2.94545442521423,0.0163444682011082,36.90848877460598,US
C,Citigroup Inc.,Financial Services,Banks - Diversified,138.82000732421875,0.4922599808707318,0.0235838792364234,59.8738241077464,US
CAAP,Corporación América Airports S.A.,Industrials,Airports & Air Services,24.59000015258789,1.5696038103485606,-0.0106650817318,57.23501148800572,US
CABA,"Cabaletta Bio, Inc.",Healthcare,Biotechnology,2.7300000190734863,-21.551724019808475,-0.020742187516848,39.2270971204393,US
CABZ,Roundhill Robotaxi Autonomous Vehicles & Technology ETF,ETF,ETF,20.572999954223636,-3.030729925865485,0.0052702899661331,38.12477512701047,US
CAC,Camden National Corporation,Financial Services,Banks - Regional,57.93999862670898,0.6951645895328792,0.032641045725008,57.00474029540109,US
CACC,Credit Acceptance Corporation,Financial Services,Credit Services,604.239990234375,0.4421644783679696,-0.0059837919246339,54.95375740996614,US
CAFG,Pacer US Small Cap Cash Cows Growth Leaders ETF,ETF,ETF,32.5281982421875,-1.6829404796522185,0.0077876606685771,38.90041308871256,US
CAG,"Conagra Brands, Inc.",Consumer Defensive,Packaged Foods,14.600000381469728,-6.530086501680195,-0.02033770943185,35.51780740141369,US
CAGE,Calamos Autocallable Growth ETF,EQUITY,EQUITY,28.25,-2.787334758528412,-0.0060254549138343,45.25674799050616,US
CAH,"Cardinal Health, Inc.",Healthcare,Medical Distribution,234.57000732421875,-5.647396827023787,-0.4434239940896884,47.11987285277963,US
CAI,"Caris Life Sciences, Inc.",Healthcare,Biotechnology,24.34000015258789,-3.8704563745972496,-0.0050701073326631,56.03293854969206,US
CAIE,Calamos US Equity Autocallable Income ETF,ETF,ETF,26.65999984741211,-1.277538693116177,0.0078667412617665,49.29034243958653,US
CAIQ,Calamos Nasdaq Autocallable Income ETF,ETF,ETF,25.399999618530277,-0.2944092711143116,0.0026438043090971,50.88705615579617,US
CAKE,CAKE,N/A,N/A,102.6999969482422,-4.179887426924417,0.0373295610333075,45.05425645968525,US
CAL,"Caleres, Inc.",Consumer Cyclical,Apparel Retail,12.510000228881836,3.9153612175071553,0.0549159647943355,49.02497320445145,US
CALF,Pacer US Small Cap Cash Cows 100 ETF,ETF,ETF,55.93999862670898,-3.3016420013676204,0.0050807666302766,47.722349793038354,US
CAMT,Camtek Ltd.,Technology,Semiconductor Equipment & Materials,147.97000122070312,6.529883169741677,0.3165983654104196,51.181954884156056,US
CAMX,Cambiar Aggressive Value ETF,ETF,ETF,34.60499954223633,-3.367683823376676,0.0084825181123585,38.701250488286064,US
CANC,Tema Oncology ETF,ETF,ETF,41.52899932861328,-6.383987575855815,-0.0551907731118293,38.76745870862239,US
CANE,Teucrium Sugar Fund,ETF,ETF,11.520000457763672,1.1413530335592037,-0.0146330292317873,60.76623154403932,US
CANQ,Calamos Nasdaq Equity & Income ETF,ETF,ETF,29.71299934387207,-1.256190436951513,0.006957737127434,43.7888507742548,US
CAOS,Alpha Architect Tail Risk ETF,ETF,ETF,90.51000213623048,0.0331551483022531,-0.0037878653103448,53.0468767496608,US
CAPE,DoubleLine Shiller CAPE U.S. Equities ETF,ETF,ETF,32.28499984741211,-1.9944188834339176,0.0103573843162758,41.100330022842606,US
CAPL,CrossAmerica Partners LP,Energy,Oil & Gas Refining & Marketing,22.799999237060547,-0.4801423443221369,-0.0059836733241251,48.31281514386205,US
CAPR,"Capricor Therapeutics, Inc.",Healthcare,Biotechnology,8.369999885559082,-9.806033120657789,-0.0819786096292958,44.33034161196891,US
CAR,"Avis Budget Group, Inc.",Industrials,Rental & Leasing Services,121.73999786376952,-12.107427123057716,-0.5608066455252527,29.67162316495505,US
CARR,Carrier Global Corporation,Industrials,Building Products & Equipment,57.459999084472656,-2.7420492491090216,0.0069733039480974,36.74574004238166,US
CARS,Cars.com Inc.,Communication Services,Internet Content & Information,11.609999656677246,-1.5267201506206851,0.0246223641591526,47.3252604477694,US
CAS,Simplify China A Shares PLUS Income ETF,ETF,ETF,24.888999938964844,-2.506950552233815,-0.0129288757567282,41.372360324374846,US
CASH,"Pathward Financial, Inc.",Financial Services,Banks - Regional,78.62000274658203,-4.95380406385518,-0.0442358358502072,31.873711763074724,US
CASS,"Cass Information Systems, Inc.",Industrials,Specialty Business Services,55.18000030517578,-0.9513530569139694,0.0215237753766784,45.252420791954,US
CASY,"Casey's General Stores, Inc.",Consumer Cyclical,Specialty Retail,615.469970703125,-18.848397382478428,-1.5362757485558518,19.00356607207148,US
CAT,Caterpillar Inc.,Industrials,Farm & Heavy Construction Machinery,818.5700073242188,2.3033459567547,0.7324000403890203,47.686229624421976,US
CATF,American Century California Municipal Bond ETF,ETF,ETF,48.31999969482422,-1.0180913089263146,0.0010491222014569,25.094397342260606,US
CATG,Leverage Shares 2X Long CAT Daily ETF,ETF,ETF,10.539999961853027,4.563492476474615,0.0160994739988339,45.72529668025198,US
CATY,Cathay General Bancorp,Financial Services,Banks - Regional,62.0099983215332,-0.9108397137160612,0.0206717413549287,48.95286226646101,US
CAVG,ACC Aviation Holdings Ltd.,Industrials,Consulting Services,0.5099999904632568,0.0,0.0006419551606934,21.45103655047264,US
CB,Chubb Limited,Financial Services,Insurance - Property & Casualty,338.25,-2.5780852339443303,0.0894597785632644,46.0340739319193,US
CBAN,"Colony Bankcorp, Inc.",Financial Services,Banks - Regional,21.459999084472656,-0.232455341130319,0.0083473771679645,50.734014619327766,US
CBC,"Central Bancompany, Inc.",Financial Services,Banks - Regional,32.40999984741211,-0.8261947834832482,0.0155224493307587,51.94666048166846,US
CBIL,Corgi 3-12 Month T-Bill ETF,ETF,ETF,24.780000686645508,-0.040339768102115,-0.0003035747393887,69.37905453428361,US
CBIO,"Crescent Biopharma, Inc.",Healthcare,Biotechnology,19.40999984741211,-4.852940145248342,-0.0762920444822705,57.98051397532678,US
CBK,"Commercial Bancgroup, Inc.",Financial Services,Banks - Regional,33.75,-3.0172392531041825,-0.0029298828702181,46.332909924918624,US
CBL,"CBL & Associates Properties, Inc.",Real Estate,REIT - Retail,54.72999954223633,-0.3459552677414685,0.0140557077908464,45.74932293559272,US
CBLS,Clough Hedged Equity ETF,ETF,ETF,30.38999938964844,-1.3151507895506651,-0.0429403568390757,42.110710819707016,US
CBNK,"Capital Bancorp, Inc.",Financial Services,Banks - Regional,36.25,-1.091409302115476,0.0059747238365638,46.96768819922233,US
CBOA,Calamos Bitcoin Structured Alt ,ETF,ETF,24.8700008392334,-0.0401861811513624,-0.0009100178145556,67.17255454421968,US
CBOE,"Cboe Global Markets, Inc.",Financial Services,Financial Data & Stock Exchanges,281.0400085449219,-5.849243368535386,-0.6054344159920388,40.62233874702038,US
CBOJ,Calamos Bitcoin Structured Alt Protection ETF - January,ETF,ETF,24.128999710083008,-0.642372403991287,-0.0060360382258989,58.91600324740885,US
CBOL,Calamos Laddered Bitcoin 90 Series Structured Alt Protection ETF,ETF,ETF,23.850000381469727,-0.375940478613834,-0.0043202622769365,62.35851138650261,US
CBON,VanEck China Bond ETF,ETF,ETF,24.15999984741211,0.2073796590410696,0.0009859956613904,60.83314150743654,US
CBOO,Calamos Bitcoin Structured Alt Protection ETF - October,ETF,ETF,24.655000686645508,0.040577109742701,-0.0004699143916252,72.14875246873281,US
CBOT,Corgi Robots & Humanoids ETF,ETF,ETF,24.239999771118164,-2.962369033942408,0.007743046049673,44.503551284895934,US
CBOX,Calamos Tax-Aware Collateral ET,ETF,ETF,101.69000244140624,0.0885865833040159,0.0048886674196135,71.5210382832438,US
CBOY,Calamos Bitcoin Structured Alt Protection ETF - July,ETF,ETF,24.98500061035156,-0.3907011603018421,-0.0040732692182235,61.96559853885741,US
CBRE,"CBRE Group, Inc.",Real Estate,Real Estate Services,140.50999450683594,-5.533152267300654,0.108180991251261,43.05040529828689,US
CBRL,"Cracker Barrel Old Country Store, Inc.",Consumer Cyclical,Restaurants,49.47999954223633,-8.455133689790507,-0.0361991095317766,33.37004834606107,US
CBRS,Cerebras Systems Inc.,Technology,Semiconductors,191.92999267578125,0.7823935177870173,-0.0026334478904708,47.14361969693452,US
CBRX,Tradr 2X Long CBRS Daily,ETF,ETF,9.640000343322754,-0.2070342070938364,0.0099692712947201,44.90788440958626,US
CBSE,Clough Select Equity ETF,ETF,ETF,46.28310012817383,-2.74412270581301,-0.0588039443322493,38.640592074062624,US
CBT,Cabot Corporation,Basic Materials,Specialty Chemicals,79.68000030517578,-1.859837530267618,0.0617069278408655,38.06117707190206,US
CBTA,Calamos Bitcoin 80 Series Struc,ETF,ETF,23.63039970397949,-0.0744291806910315,-0.0001774829180434,66.11564639478408,US
CBTJ,Calamos Bitcoin 80 Series Structured Alt Protection ETF - January,ETF,ETF,19.90069961547852,-0.6455370281300109,0.0014857995624078,62.6938783561306,US
CBTL,Calamos Laddered Bitcoin Structured Alt Protection ETF,ETF,ETF,19.270000457763672,-0.2381420947084109,9.239888854278844e-05,64.36301301242975,US
CBTO,Calamos Bitcoin 80 Series Structured Alt Protection ETF - October,ETF,ETF,19.81999969482422,-0.1259743985652355,-0.0019934376227214,49.01687916275581,US
CBTY,Calamos Bitcoin 80 Series Structured Alt Protection ETF - July,ETF,ETF,21.739999771118164,-0.1515682035453574,-0.0021771415937969,66.5943506457098,US
CBXA,Calamos Bitcoin 90 Series Struc,ETF,ETF,23.145000457763672,-0.0129612031556121,-0.0005855833391288,66.76085761426901,US
CBXJ,Calamos Bitcoin 90 Series Structured Alt Protection ETF - January,ETF,ETF,21.2549991607666,-2.455262653887752,-0.0186799716680169,57.44620159952013,US
CBXO,Calamos Bitcoin 90 Series Structured Alt Protection ETF - October,ETF,ETF,22.209999084472656,-0.0674973981533776,0.0006338543079069,58.17846043499446,US
CBXY,Calamos Bitcoin 90 Series Structured Alt Protection ETF - July,ETF,ETF,23.55069923400879,0.0284514450409544,0.0007085158300797,67.9886404308632,US
CBZ,"CBIZ, Inc.",Industrials,Specialty Business Services,54.540000915527344,-0.6738279601401301,0.0186888108600569,69.2177971452156,US
CCAP,"Crescent Capital BDC, Inc.",Financial Services,Asset Management,9.920000076293944,-5.071767872199243,-0.0062479045681146,27.802958354244296,US
CCB,Coastal Financial Corporation,Financial Services,Banks - Regional,47.459999084472656,-3.516974162501765,-0.1127549558499905,40.99130827633426,US
CCBG,"Capital City Bank Group, Inc.",Financial Services,Banks - Regional,50.70000076293945,-0.9610444966232404,0.0088093577479833,48.10177369339871,US
CCCC,"C4 Therapeutics, Inc.",Healthcare,Biotechnology,3.509999990463257,-6.149733114625724,0.0072720668962874,39.909479634601446,US
CCEC,Capital Clean Energy Carriers Corp.,Industrials,Marine Shipping,22.31999969482422,-1.456953330083402,-0.0126110728031079,44.07948188163439,US
CCEF,Calamos CEF Income & Arbitrage ETF,ETF,ETF,29.520000457763672,-1.1287131635034782,-0.0086276703864038,43.898136445795615,US
CCEP,Coca-Cola Europacific Partners PLC,Consumer Defensive,Beverages - Non-Alcoholic,102.7699966430664,-5.845171592874265,-0.072577176038848,38.11520794005252,US
CCI,Crown Castle Inc.,Real Estate,REIT - Specialty,75.62000274658203,-2.1227017140857325,0.0272514855871733,49.0958201454468,US
CCL,Carnival Corporation Ltd.,Consumer Cyclical,Travel Services,22.75,-3.109027071841246,0.0473732831456054,30.243427009361213,US
CCNE,CNB Financial Corporation,Financial Services,Banks - Regional,34.47999954223633,0.3784601859973173,0.0033903160613895,54.31919499855135,US
CCO,"Clear Channel Outdoor Holdings, Inc.",Communication Services,Advertising Agencies,2.380000114440918,0.0,-1.538324671699568e-05,49.74802720474103,US
CCOI,"Cogent Communications Holdings, Inc.",Communication Services,Telecom Services,9.329999923706056,-6.513022528502249,-0.001124541458638,41.51029431520944,US
CCOM,Simplify Chinese Commodities Strategy No K-1 ETF,ETF,ETF,24.26499938964844,1.654790685075337,-0.0162889657415573,56.80669907517958,US
CCOR,Core Alternative ETF,ETF,ETF,25.93950080871582,-1.1753215181094576,0.0131473981758147,40.99493557673598,US
CCRP,Columbia Corporate Bond ETF Shares,EQUITY,EQUITY,19.03899955749512,-1.1217845374493631,-0.0055398041470429,31.359833091273916,US
CCS,"Century Communities, Inc.",Real Estate,Real Estate - Development,60.540000915527344,-5.228553689325159,0.0492804253487747,33.646914766902455,US
CCSB,Carbon Collective Short Duration Green Bond ETF,ETF,ETF,19.600000381469727,-0.9100116224834548,-0.0044695655657487,30.94212035107948,US
CCSI,"Consensus Cloud Solutions, Inc.",Technology,Software - Infrastructure,36.72999954223633,4.5545073312658895,0.0814112334059911,49.28662788992422,US
CCUP,T-REX 2X Long CRCL Daily Target ETF,ETF,ETF,26.479999542236328,-23.600693425238266,-0.2451728303079492,52.19912481122904,US
CCXI,Churchill Capital Corp XI,Financial Services,Shell Companies,12.31999969482422,-10.853835261384056,-0.0233977815163581,35.63316893480557,US
CDC,VictoryShares US EQ Income Enhanced Volatility Wtd ETF,ETF,ETF,75.41500091552734,-2.104620985500586,0.0043287829026386,41.87782835164762,US
CDEI,"Calvert US Large-Cap Diversity, Equity And Inclusion Index ETF",ETF,ETF,93.5009994506836,-1.4305617173593217,0.035322628911627,49.59816848361682,US
CDNA,"CareDx, Inc.",Healthcare,Diagnostics & Research,50.2599983215332,0.8022416893003328,0.0001247139838156,62.420731415159445,US
CDNL,CDNL,N/A,N/A,35.650001525878906,0.8486649638116328,0.1109852896550229,36.43866163817983,US
CDNS,"Cadence Design Systems, Inc.",Technology,Software - Application,289.3699951171875,-5.087250563245898,0.5563665760969609,32.74607960276353,US
CDP,COPT Defense Properties,Real Estate,REIT - Office,35.43000030517578,0.3682749884559477,0.0358632028382433,37.7593131339946,US
CDRE,"Cadre Holdings, Inc.",Industrials,Aerospace & Defense,28.57999992370605,-4.350733847300396,0.0247469052080593,36.71912925979671,US
CDRO,"Codere Online Luxembourg, S.A.",Consumer Cyclical,Gambling,9.31999969482422,5.549261329013754,0.0078032033744645,60.03067606888083,US
CE,Celanese Corporation,Basic Materials,Chemicals,46.09000015258789,1.9690251651016983,0.0612188186758022,53.50184076009016,US
CECO,CECO Environmental Corp.,Industrials,Pollution & Treatment Controls,78.33999633789062,5.366506988104814,0.0760218071341105,56.734774504656855,US
CEF,Sprott Physical Gold and Silver Trust,Financial Services,Asset Management,43.290000915527344,-4.373756399856108,-0.0454410329685037,44.09558908444891,US
CEFD,ETRACS Monthly Pay 1.5X Leveraged Closed-End Fund Index ETN,ETF,ETF,18.161800384521484,-4.572295199287972,-0.0306956731945362,23.20009151953579,US
CEG,Constellation Energy Corporation,Utilities,Utilities - Independent Power Producers,284.75,-0.1052404160026242,-0.6623091240801848,53.78887446478938,US
CEGX,Tradr 2X Long CEG Daily ETF,ETF,ETF,14.699999809265137,-0.8766022596743925,-0.0714574921491125,52.34113795972717,US
CELC,Celcuity Inc.,Healthcare,Biotechnology,83.44999694824219,-13.460544763927482,-0.4294103402255911,37.91573455953325,US
CELH,"Celsius Holdings, Inc.",Consumer Defensive,Beverages - Non-Alcoholic,27.21999931335449,-13.888013958340274,-0.0278337689103024,38.16541970356555,US
CENX,Century Aluminum Company,Basic Materials,Aluminum,44.04999923706055,-7.282675661355396,-0.1694309878446762,42.17358499010589,US
CEPF,"Cantor Equity Partners IV, Inc.",Financial Services,Shell Companies,10.354999542236328,-0.3368700666975379,-0.0006239494816931,42.77807992991947,US
CEPI,REX Crypto Equity Premium Income ETF,ETF,ETF,31.631999969482425,0.7931676700029635,-0.0010894238235222,58.30637688795182,US
CERS,Cerus Corporation,Healthcare,Medical Devices,2.490000009536743,-3.1128375791477807,0.0012710334962642,39.64412933839231,US
CERT,"Certara, Inc.",Healthcare,Health Information Services,7.550000190734863,-7.134070301866656,0.0020530482049999,42.47413177910915,US
CERY,State Street SPDR Bloomberg Enhanced Roll Yield Commodity Strategy No K-1 ETF,ETF,ETF,39.70500183105469,1.7033834526957032,-0.0322519267776891,69.07735787090108,US
CET,Central Securities Corporation,Financial Services,Asset Management,55.900001525878906,2.044546862978968,0.0097018273390373,62.14695566475696,US
CEVA,"CEVA, Inc.",Technology,Semiconductors,29.01000022888184,9.720119678189027,0.0958102288876046,47.16005052759937,US
CEW,WisdomTree Emerging Currency Strategy Fund,ETF,ETF,20.040000915527344,-0.0498669422127566,-0.0020063070416315,59.03511967251307,US
CFA,VictoryShares US 500 Volatility Wtd ETF,ETF,ETF,98.7310028076172,-2.1174712576386163,0.0277032238325236,39.07978174652164,US
CFFN,"Capitol Federal Financial, Inc.",Financial Services,Banks - Regional,8.819999694824219,0.2272670869986125,0.0004143675168288,57.94172105704526,US
CFG,"Citizens Financial Group, Inc.",Financial Services,Banks - Regional,70.4800033569336,-0.4941387336907289,0.0741552755126926,49.557041641989365,US
CGBL,Capital Group Core Balanced ETF,ETF,ETF,37.630001068115234,-1.363041774483106,-0.0031956828218018,42.315950064083424,US
CGCB,Capital Group Core Bond ETF,ETF,ETF,25.459999084472656,-1.049360522997525,-0.0069563284141489,31.219735818809795,US
CGCP,Capital Group Core Plus Income ETF,ETF,ETF,21.649999618530277,-1.1415525312998964,-0.007116323474978,30.425650037683923,US
CGDG,Capital Group Dividend Growers ETF,ETF,ETF,38.27999877929688,-1.416438387386173,0.0050323489071998,43.93501049027105,US
CGEM,"Cullinan Therapeutics, Inc.",Healthcare,Biotechnology,20.59000015258789,-7.084836216763632,-0.056847600670454,48.10920519884721,US
CGGE,Capital Group Global Equity ETF,ETF,ETF,34.93000030517578,-0.7952251819863079,0.0110758167669851,45.49437878277926,US
CGGG,Capital Group U.S. Large Growth ETF,ETF,ETF,28.18000030517578,-2.5924645423035813,-0.0187097086487996,44.27860769228598,US
CGGO,Capital Group Global Growth Equity ETF,ETF,ETF,39.93000030517578,-0.7703811142157665,-0.0037641315355464,45.12836425140016,US
CGGR,Capital Group Growth ETF,ETF,ETF,46.72999954223633,-1.1632809882841673,0.0005601332715291,50.45429325529148,US
CGHM,Capital Group Municipal High-Income ETF,ETF,ETF,24.790000915527344,-1.077408444409501,0.0022421993049862,24.955871875533504,US
CGHY,Capital Group High Yield Bond ETF,ETF,ETF,24.93400001525879,-0.6613560306297389,-0.0026243891207418,33.70513290874817,US
CGMM,Capital Group U.S. Small and Mid Cap ETF,ETF,ETF,32.02000045776367,-1.8995065670295148,0.0089582662356212,40.51986465828647,US
CGMS,Capital Group U.S. Multi-Sector Income ETF,ETF,ETF,26.809999465942383,-0.6669148080853209,-0.0046931269444866,34.85228349775437,US
CGMU,Capital Group Municipal Income ETF,ETF,ETF,26.559999465942383,-0.8955215595166096,-0.0003942306081449,23.875922074962205,US
CGNG,Capital Group New Geography Equity ETF,ETF,ETF,36.97999954223633,0.3255532552841732,-0.0049384858314039,53.32769851065342,US
CGNT,Cognyte Software Ltd.,Technology,Software - Infrastructure,8.020000457763672,-5.424517798397737,-0.0031677166441798,34.66386250991218,US
CGON,"CG Oncology, Inc.",Healthcare,Biotechnology,72.3499984741211,-2.6638010334426747,0.0473649730503162,43.641425938402165,US
CGOV,Corgi 0-3 Month T-Bill ETF,ETF,ETF,25.020000457763672,0.1200507679883241,0.0004060983323819,84.97742064056754,US
CGUS,Capital Group Core Equity ETF,ETF,ETF,44.630001068115234,-1.2828976511893402,0.0081521579469587,43.71531843791795,US
CGV,Conductor Global Equity Value ETF,ETF,ETF,16.136999130249023,-1.2423563062618233,-0.0021902837851732,51.60381065542492,US
CGVV,Capital Group U.S. Large Value ETF,ETF,ETF,31.56999969482422,-1.7123264487863217,0.0066537725220618,45.08165384551682,US
CGW,Invesco S&P Global Water Index ETF,ETF,ETF,63.4900016784668,-1.8246428388568483,-0.0136703987411727,36.649797329647065,US
CGXU,Capital Group International Focus Equity ETF,ETF,ETF,35.31999969482422,0.8854652617916483,0.00145024087669,54.80540432320296,US
CHAU,Direxion Daily CSI 300 China A Share Bull 2X Shares,ETF,ETF,20.76000022888184,-2.51232611174152,-0.0135475061242716,38.87167199829289,US
CHCO,City Holding Company,Financial Services,Banks - Regional,143.9600067138672,-0.682987413051481,0.0189025973279637,51.91044096443167,US
CHCT,Community Healthcare Trust Incorporated,Real Estate,REIT - Healthcare Facilities,14.609999656677246,-1.9463085186416451,-0.0048397698448017,36.83486426961298,US
CHD,"Church & Dwight Co., Inc.",Consumer Defensive,Household & Personal Products,94.1500015258789,-4.50349424580039,-0.028558587338223,32.45283542511011,US
CHDN,Churchill Downs Incorporated,Consumer Cyclical,Gambling,83.86000061035156,-7.1112076381834814,0.0043147781810641,42.10983878419442,US
CHE,Chemed Corporation,Healthcare,Medical Care Facilities,515.969970703125,-1.616939900186079,0.2664951743952914,44.206479920798216,US
CHEF,CHEF,N/A,N/A,110.4499969482422,-3.29218296679039,0.0147743267297824,51.519042943460185,US
CHGX,Stance Sustainable Beta ETF,ETF,ETF,32.98600006103516,-1.9062029359568269,0.0110475664275407,43.97014994525828,US
CHH,"Choice Hotels International, Inc.",Consumer Cyclical,Lodging,96.7699966430664,-2.645880123178645,-0.030513270210877,32.2337817650977,US
CHI,Calamos Convertible Opportunities and Income Fund,Financial Services,Asset Management,12.170000076293944,-2.8731018703053137,-0.0076210489258732,32.23177389560337,US
CHIQ,Global X MSCI China Consumer Discretionary ETF,ETF,ETF,16.270000457763672,-3.556611450038265,0.0034774364962858,30.164448229155084,US
CHPS,Xtrackers Semiconductor Select Equity ETF,ETF,ETF,84.83999633789062,5.130110961842627,0.0368859254755803,52.83597950155836,US
CHPX,Global X AI Semiconductor & Quantum ETF,ETF,ETF,95.70999908447266,3.793433799330504,0.0298223808758588,54.72656290446457,US
CHRD,Chord Energy Corporation,Energy,Oil & Gas E&P,152.00999450683594,2.70945574786212,0.0601553141386603,64.64956603406817,US
CHRI,Global X S&P 500 Christian Values ETF,ETF,ETF,90.35810089111328,-1.2436623227526655,-0.0039649968696644,47.46285608559536,US
CHRW,"C.H. Robinson Worldwide, Inc.",Industrials,Integrated Freight & Logistics,152.77999877929688,4.600849878836479,0.0411307084588301,51.02619604922548,US
CHW,Calamos Global Dynamic Income Fund,Financial Services,Asset Management,8.210000038146973,-4.200696260172156,-0.0165270349115437,35.56513594501888,US
CHWY,"Chewy, Inc.",Consumer Cyclical,Internet Retail,20.440000534057617,-14.691146431204096,-0.0774979380929269,34.65698760222439,US
CHY,Calamos Convertible and High Income Fund,Financial Services,Asset Management,12.220000267028809,-4.902724480455317,-0.0206073842224094,29.195892084136787,US
CHYG,Corgi 0-5 Year High Yield Corporate Bond ETF,ETF,ETF,24.924999237060547,-0.3000030517578125,-0.0007863504223456,44.29166072606147,US
CHYM,"Chime Financial, Inc.",Technology,Software - Application,33.0,-1.9316537783185996,-0.0217762388727997,57.77130231127319,US
CI,The Cigna Group,Healthcare,Healthcare Plans,280.760009765625,-1.3767566970145813,0.0130939820846065,51.64996982808724,US
CIBR,First Trust NASDAQ Cybersecurity ETF,ETF,ETF,94.4000015258789,-0.9651680359743722,0.0433793470810314,48.25969065921334,US
CIEG,Leverage Shares 2X Long CIEN Daily ETF,ETF,ETF,4.110000133514404,20.527860119193907,0.0443874123841304,40.98308037482564,US
CIEI,Corgi 3-7 Year Treasury Bond ETF,ETF,ETF,24.540000915527344,-1.0084711204807226,-0.0063906467852894,27.615849558489032,US
CIEN,Ciena Corporation,Technology,Communication Equipment,349.5400085449219,10.10521576051362,1.859943273659674,43.30767377589302,US
CIFG,Leverage Shares 2X Long CIFR Daily ETF,ETF,ETF,4.230000019073486,-7.843139902978705,-0.0100795225520594,44.8107776706297,US
CIFU,T-REX 2X LONG CIFR DAILY TARGET ETF,ETF,ETF,10.380000114440918,-8.303883442798075,-0.0184828914751848,44.8781374348875,US
CII,"BlackRock Enhanced Large Cap Core Fund, Inc.",Financial Services,Asset Management,24.18000030517578,-1.5872991228835571,-0.0039982696812007,43.88440181153025,US
CIM,Chimera Investment Corporation,Real Estate,REIT - Mortgage,11.130000114440918,-3.802935107942418,-0.0158324978678172,30.00132944470559,US
CINF,Cincinnati Financial Corporation,Financial Services,Insurance - Property & Casualty,169.8000030517578,-2.815932998266444,0.0040337317514955,43.48581485803746,US
CINT,CI&T Inc.,Technology,Software - Infrastructure,3.2300000190734863,-7.977207183775962,0.0066782581971657,42.86252526303726,US
CIVB,"Civista Bancshares, Inc.",Financial Services,Banks - Regional,27.440000534057617,-0.4715239833354318,0.0139632213718189,45.94488686407636,US
CIVG,Corgi 1-5 Year Investment Grade Corporate Bond ETF,ETF,ETF,24.68000030517578,-0.6441217650131141,-0.0044036340059618,31.6468376986015,US
CL,Colgate-Palmolive Company,Consumer Defensive,Household & Personal Products,86.80000305175781,-3.651896347951217,-0.0523105327326779,33.473576623223934,US
CLB,Core Laboratories Inc.,Energy,Oil & Gas Equipment & Services,12.5,-0.2394232530767794,-0.0070996580044924,56.69666079615548,US
CLBK,"Columbia Financial, Inc.",Financial Services,Banks - Regional,11.529999732971191,-1.4529921287633152,4.452068503024709e-06,54.99264368703219,US
CLBR,Colombier Acquisition Corp. III,Financial Services,Shell Companies,10.229999542236328,-0.1951264172065548,6.269313034970234e-05,45.03727713197122,US
CLCG,Crossmark Large Cap Growth ETF,ETF,ETF,28.454500198364254,-2.392632473447472,-0.0169437719962384,44.51883613998981,US
CLCV,Crossmark Large Cap Value ETF,ETF,ETF,31.356000900268555,-1.1537709488473171,-0.0017101421632755,51.00947043923203,US
CLDT,Chatham Lodging Trust,Real Estate,REIT - Hotel & Motel,12.899999618530272,-0.6928418335156253,0.0047817288101905,45.43467857830429,US
CLF,Cleveland-Cliffs Inc.,Basic Materials,Steel,12.0600004196167,-1.7915253920063607,-0.0069280623600257,53.71825947651896,US
CLFD,"Clearfield, Inc.",Technology,Communication Equipment,30.020000457763672,6.002827617438662,0.0965265039324961,53.346711092112336,US
CLH,CLH,N/A,N/A,322.82000732421875,1.3086500886891692,0.3007095143763285,60.39161768009152,US
CLIP,Global X 1-3 Month T-Bill ETF,ETF,ETF,100.18000030517578,0.0999185374615614,0.0007286781353885,99.8951195497756,US
CLIX,ProShares Long Online/Short Stores ETF,ETF,ETF,57.78900146484375,-1.9977234860357316,0.0165961437945092,41.92286142281164,US
CLM,"Cornerstone Strategic Investment Fund, Inc.",Financial Services,Asset Management,6.519999980926514,-3.1203571701606503,-0.0016140262399322,31.71705601104182,US
CLMB,"Climb Global Solutions, Inc.",Technology,Electronics & Computer Distribution,27.5,-2.413059963845659,0.0103008942366337,49.41235180364481,US
CLNE,Clean Energy Fuels Corp.,Energy,Oil & Gas Refining & Marketing,1.6299999952316284,0.6172833601124982,0.0001955862524538,44.74274757448684,US
CLNK,Bitwise Chainlink ETF,EQUITY,EQUITY,21.299999237060547,-0.2341973935165692,-0.0457256981569731,60.29242751052523,US
CLOB,VanEck AA-BB CLO ETF,ETF,ETF,50.20000076293945,-0.3177121633696351,-0.0039868209275071,53.99696027477688,US
CLOC,AAM Crescent Clo ETF,EQUITY,EQUITY,24.95499992370605,0.0601418978638537,0.0003276332788884,64.72277243506907,US
CLOD,Themes Cloud Computing ETF,ETF,ETF,34.000999450683594,-3.488504421010049,-0.0099791171755926,49.17612918393105,US
CLOU,Global X Cloud Computing ETF,ETF,ETF,27.1299991607666,-4.639724312037133,-0.0058268089662885,48.73036516803892,US
CLOZ,Eldridge BBB-B CLO ETF,ETF,ETF,26.125,0.2301916927413257,0.0026971133648132,54.49301150281555,US
CLPT,"ClearPoint Neuro, Inc.",Healthcare,Medical Devices,13.720000267028809,-2.3487538734958164,0.0166204977745777,40.21120156556104,US
CLSE,Convergence Long/Short Equity ETF,ETF,ETF,34.029998779296875,0.0588075823308956,0.0055867436541997,57.535020996921006,US
CLSK,"CleanSpark, Inc.",Financial Services,Capital Markets,13.670000076293944,8.664548165329224,0.035113496278431,56.28775902994105,US
CLSM,ETC Cabana Target Leading Sector Moderate ETF,ETF,ETF,27.30699920654297,-0.5861409750601047,0.006575806356608,49.84080519657716,US
CLSX,Tradr 2X Long CLSK Daily ETF,ETF,ETF,14.40999984741211,16.68015710374602,0.0697628828705175,53.66582634499117,US
CLUB,Bancreek Billionaires Club ETF,EQUITY,EQUITY,26.209999084472656,0.1911285831505579,0.0108071867201506,54.53320387896584,US
CLVT,Clarivate Plc,Technology,Information Technology Services,1.870000004768372,-13.023259450191258,-0.0059347911968132,41.145849539642505,US
CMAY,Corgi U.S. Equities 15% Structured Buffer ETF - May Series,ETF,ETF,25.950000762939453,-0.3073373860765898,0.0019774078574183,55.3381381936872,US
CMBO,Wayfinder Dynamic U.S. Interest Rate ETF,ETF,ETF,103.55999755859376,0.0773040191970541,-6.02366608589977e-05,99.89692894324308,US
CMBS,iShares CMBS ETF,ETF,ETF,47.72999954223633,-0.7485976485949118,-0.0139640128911731,34.32395740217909,US
CMC,Commercial Metals Company,Industrials,Metal Fabrication,67.16999816894531,-2.2981844815340917,-0.0772678196317308,45.19171163479022,US
CMCI,VanEck CMCI Commodity Strategy ETF,ETF,ETF,31.684999465942383,1.0041396821227568,-0.0207378019916278,70.25756285722832,US
CMCO,Columbus McKinnon Corporation,Industrials,Farm & Heavy Construction Machinery,17.739999771118164,-2.794521802092252,0.010524975961777,49.143472781120025,US
CMCSA,Comcast Corporation,Communication Services,Telecom Services,25.200000762939453,-5.440896346514794,-0.0083215121625297,44.7714195137726,US
CMDB,Costamare Bulkers Holdings Limited,Industrials,Marine Shipping,24.51000022888184,10.355701212149734,0.0191098111736995,76.85314754867963,US
CMDT,PIMCO Commodity Strategy Active Exchange-Traded Fund,ETF,ETF,35.34000015258789,1.1448241030356976,-0.0248984316860821,69.39330826991882,US
CMDY,iShares Bloomberg Roll Select Commodity Strategy ETF,ETF,ETF,65.29000091552734,1.6978255749200637,-0.0436906905841749,68.48922275635151,US
CME,CME Group Inc.,Financial Services,Financial Data & Stock Exchanges,275.5400085449219,-1.8494991483342105,-0.0896322225208994,54.51934603414286,US
CMF,iShares California Muni Bond ETF,ETF,ETF,55.34000015258789,-0.7176202257515052,0.0083456330770426,28.37372693173809,US
CMG,"Chipotle Mexican Grill, Inc.",Consumer Cyclical,Restaurants,36.20000076293945,-3.6465236705165633,-0.0399801908948058,51.081974000648,US
CMI,Cummins Inc.,Industrials,Specialty Industrial Machinery,556.75,2.0623281393217234,0.8343710278517555,35.682695008089624,US
CMP,"Compass Minerals International, Inc.",Basic Materials,Other Industrial Metals & Mining,24.799999237060547,-1.3524270518792771,-0.037463641394168,42.01575191671712,US
CMPR,Cimpress plc,Industrials,Specialty Business Services,84.7699966430664,-4.10634029429267,0.0295262133474323,36.322834989444,US
CMPS,COMPASS Pathways plc,Healthcare,Medical Care Facilities,14.350000381469728,7.975924925953899,0.0065867757607173,56.0557568144005,US
CMRE,Costamare Inc.,Industrials,Marine Shipping,15.279999732971191,-0.7147537875090976,0.0070212085326736,51.693068810832926,US
CMRF,"CIM Group, Inc.",Real Estate,REIT - Diversified,2.4600000381469727,17.070944643805166,0.0031580671593817,66.35277821766147,US
CMS,CMS Energy Corporation,Utilities,Utilities - Regulated Electric,67.1500015258789,-2.0994239523180056,-0.0458742934412631,32.33959732027323,US
CNBS,Amplify Seymour Cannabis ETF,ETF,ETF,27.792999267578125,-2.7196375062855047,-0.0857849125539014,49.17479731043827,US
CNC,Centene Corporation,Healthcare,Healthcare Plans,66.41999816894531,-2.3522472112385637,0.0664585955300037,53.48937920497275,US
CNEQ,Alger Concentrated Equity ETF,ETF,ETF,39.77000045776367,-0.5501405638139493,-0.0164151631368523,50.49499995269908,US
CNMD,CONMED Corporation,Healthcare,Medical Devices,46.29999923706055,-6.313231581310175,0.0072817606035822,40.26511091965978,US
CNND,Canandaigua National Corporation,Financial Services,Banks - Regional,220.0,0.0,0.0700409137789524,46.07943940419735,US
CNNE,"Cannae Holdings, Inc.",Consumer Cyclical,Restaurants,15.40999984741211,-2.714648365110837,-0.0091391363776672,51.8393460366111,US
CNO,"CNO Financial Group, Inc.",Financial Services,Insurance - Life,54.93999862670898,-2.819020741541362,-0.026290450278933,52.923779702887,US
CNOB,"ConnectOne Bancorp, Inc.",Financial Services,Banks - Regional,31.799999237060547,-0.8109860420875555,0.0150459283512025,46.44122265900515,US
CNP,"CenterPoint Energy, Inc.",Utilities,Utilities - Regulated Electric,39.11000061035156,-2.176085397313892,-0.0312019609324017,39.03910575141,US
CNR,"Core Natural Resources, Inc.",Energy,Thermal Coal,97.47000122070312,0.0410560560423387,-0.1744241055554276,54.029060193123705,US
CNRG,State Street SPDR S&P Kensho Clean Power ETF,ETF,ETF,88.88999938964844,1.3222341141323637,-0.00519206696416,44.79791798591975,US
CNS,"Cohen & Steers, Inc.",Financial Services,Asset Management,74.94999694824219,-5.114572762104578,-0.0804874646789099,32.818499269098126,US
CNX,CNX Resources Corporation,Energy,Oil & Gas E&P,35.90999984741211,-4.92454484460891,-0.0809932217050609,47.03898695173093,US
CNXC,Concentrix Corporation,Technology,Information Technology Services,28.239999771118164,-14.03348224394787,-0.0597777764924041,52.36715275310396,US
CNXN,"PC Connection, Inc.",Technology,Electronics & Computer Distribution,85.76000213623047,2.6697035670091567,0.13877706697151,66.36720338686014,US
CNXT,VanEck ChiNext Innovators ETF,ETF,ETF,47.54499816894531,-0.4501678394970861,0.0237653879659628,40.75949067545943,US
CNYA,iShares MSCI China A ETF,ETF,ETF,34.84000015258789,-1.8397990515544624,-0.0135278322459594,38.8602026695235,US
COAG,"Hemab Therapeutics Holdings, Inc.",Healthcare,Biotechnology,39.400001525878906,-11.20125653740858,-0.0893011240822461,33.6125090440832,US
COAL,Range Global Coal ETF,ETF,ETF,26.996000289916992,-0.6038275346704156,-0.0919909369461247,54.36282075395327,US
COCO,"The Vita Coco Company, Inc.",Consumer Defensive,Beverages - Non-Alcoholic,52.0099983215332,-5.573717152257943,0.1181111411400142,25.7419628918001,US
CODI,Compass Diversified,Industrials,Conglomerates,11.010000228881836,-4.675324267840295,-0.0096038297937306,44.07714531947256,US
COF,Capital One Financial Corporation,Financial Services,Credit Services,208.3000030517578,-5.532878434576956,-0.1082986367366007,41.95173730911159,US
COFS,"ChoiceOne Financial Services, Inc.",Financial Services,Banks - Regional,34.04999923706055,0.0293722716342301,0.0116128868788898,54.75469638627469,US
COGT,"Cogent Biosciences, Inc.",Healthcare,Biotechnology,33.40999984741211,-4.406297230071427,-0.0209533893417921,34.621060523975544,US
COHH,Leverage Shares 2X Long COHR Daily ETF,ETF,ETF,6.53000020980835,31.124501702777824,0.0387347025129587,49.43346164918914,US
COHR,Coherent Corp.,Technology,Scientific & Technical Instruments,305.3699951171875,15.491089931461543,0.9675135046068428,52.57262688157837,US
COHX,Tradr 2X Long COHR Daily ETF,ETF,ETF,26.280000686645508,31.006985973570767,0.1553008072244797,49.58957888250379,US
COIG,Leverage Shares 2X Long COIN Daily ETF,ETF,ETF,5.197000026702881,-18.080073467799814,-0.0149877908415836,49.46717798669125,US
COIN,"Coinbase Global, Inc.",Financial Services,Financial Data & Stock Exchanges,175.25999450683594,-9.050338722159143,-0.2685953580881985,51.56002505367845,US
COIW,Roundhill COIN WeeklyPay ETF,ETF,ETF,8.600000381469727,-11.034402745163732,-0.0162897142179199,51.12115658267708,US
COLD,"Americold Realty Trust, Inc.",Real Estate,REIT - Industrial,14.619999885559082,3.614459541396867,0.051490405191771,49.94770457331705,US
COLL,"Collegium Pharmaceutical, Inc.",Healthcare,Drug Manufacturers - Specialty & Generic,22.75,-4.008441908681301,0.0262834818829156,22.150095644612776,US
COLO,Global X MSCI Colombia ETF,ETF,ETF,51.380001068115234,2.862863430097831,-0.00384416952965,70.20862384927842,US
COM,Direxion Auspice Broad Commodity Strategy ETF,ETF,ETF,35.5,-0.0844322553547486,-0.0291407581443455,62.6414837521094,US
COMB,GraniteShares Bloomberg Commodity Broad Strategy No K-1 ETF,ETF,ETF,28.575000762939453,1.5819467310667503,-0.0172066633263325,69.31677604740113,US
COMD,Global X Commodity Strategy ETF,ETF,ETF,30.600000381469727,1.3245020146527318,-0.0206387521208948,69.25635600069576,US
CONI,GraniteShares 2x Short COIN Daily ETF,ETF,ETF,31.15800094604492,19.792390126343328,0.1666870257924735,42.64345618455408,US
CONL,GraniteShares 2x Long COIN Daily ETF,ETF,ETF,5.320000171661377,-17.901232160458648,-0.0145845624258107,49.62862029091552,US
CONX,Direxion Daily COIN Bull 2X ETF,ETF,ETF,6.4670000076293945,-17.973108173935007,-0.018393706728116,49.60823499789114,US
COP,ConocoPhillips,Energy,Oil & Gas E&P,137.35000610351562,1.201005649979212,-0.0114719352425591,67.83650142728388,US
COPA,Themes Copper Miners ETF,ETF,ETF,54.93899917602539,-2.7507847939615786,-0.1319101903672388,49.460453770874096,US
COPJ,Sprott Junior Copper Miners ETF,ETF,ETF,45.43999862670898,-1.2817731223865636,-0.0702266985480715,50.198364255649686,US
COPX,Global X Copper Miners ETF,ETF,ETF,88.52999877929688,-2.9808232555650687,-0.2041791667809969,48.06164379892584,US
COPZ,Defiance Daily Target 2X Long Copper Miners ETF,EQUITY,EQUITY,16.920000076293945,-6.879471627690586,-0.0845571241196029,46.13576791906418,US
COR,"Cencora, Inc.",Healthcare,Medical Distribution,321.57000732421875,-4.640885427861023,-0.2841426338834809,50.40278107834586,US
CORD,T-REX 2X Inverse CRWV Daily Target ETF,ETF,ETF,2.930000066757202,-15.804596244304502,0.0060979944584315,41.96723102042351,US
CORN,Teucrium Corn Fund,ETF,ETF,19.920000076293945,-1.2394645466255012,-0.0212446595852934,64.45465549377431,US
CORO,iShares International Country Rotation Active ETF,ETF,ETF,37.09000015258789,-0.4562484610931064,0.0042022024066902,53.11894934125301,US
COST,Costco Wholesale Corporation,Consumer Defensive,Discount Stores,904.77001953125,-2.2303578102953603,0.4274211474891523,35.5991070982185,US
COSW,Roundhill COST WeeklyPay ETF,ETF,ETF,36.73500061035156,-2.686301346606724,0.0225464922898204,35.05230783708666,US
COTY,Coty Inc.,Consumer Defensive,Household & Personal Products,2.700000047683716,-7.849829823657322,-0.0008720488764982,47.38095190207062,US
COUR,"Coursera, Inc.",Consumer Defensive,Education & Training Services,5.21999979019165,-13.14476553417978,-0.0096963270116639,35.756396275393925,US
COWZ,Pacer US Cash Cows 100 ETF,ETF,ETF,69.94000244140625,-3.170428920252181,0.0136115785279231,50.37985414442242,US
COYY,GraniteShares YieldBOOST COIN ETF,ETF,ETF,15.619999885559082,-1.225910831949607,-0.0025623813651484,42.47566061107436,US
COZX,Tradr 2X Long CORZ Daily ETF,ETF,ETF,8.90999984741211,-1.1098821190833297,0.0095478388247776,42.76545858630392,US
CPA,"Copa Holdings, S.A.",Industrials,Airlines,129.14999389648438,-0.2009193711978308,-0.0091665799932449,44.771559020062185,US
CPAG,F/m Compoundr U.S. Aggregate Bond ETF,ETF,ETF,100.30899810791016,-1.027134071912935,-0.0292279740229774,30.340282229532534,US
CPAY,"Corpay, Inc.",Technology,Software - Infrastructure,408.2200012207031,-2.730649936874976,-0.0114793121919394,53.656134915521534,US
CPB,The Campbell's Company,Consumer Defensive,Packaged Foods,21.0,-5.106187092722228,-0.0113077158621008,35.49697271992581,US
CPER,"United States Copper Index Fund, LP",ETF,ETF,39.18000030517578,-1.8291143699006145,-0.0485915190508149,45.86957489599012,US
CPF,Central Pacific Financial Corp.,Financial Services,Banks - Regional,37.83000183105469,0.0528972680170284,0.012436220225849,50.74643924187274,US
CPHY,F/m Compoundr High Yield Bond ETF,ETF,ETF,51.400001525878906,-0.7070226068312013,-0.0089316338180872,33.31258378390409,US
CPII,American Beacon Ionic Inflation Protection ETF,ETF,ETF,19.09499931335449,0.0523983723424541,-0.0023683007986319,62.624522450054265,US
CPLS,AB Core Plus Bond ETF,ETF,ETF,34.025001525878906,-1.1906485583303026,-0.0063842088540833,30.86685460147841,US
CPNG,"Coupang, Inc.",Consumer Cyclical,Internet Retail,15.119999885559082,-2.5145089462765937,0.0321741371578416,40.62884939256698,US
CPNM,Calamos Nasdaq-100 Structured Alt Protection ETF - March,ETF,ETF,27.049999237060547,-0.0184848200289158,0.0011890052021063,62.82186806051478,US
CPNQ,Calamos Nasdaq-100 Structured Alt Protection ETF - December,ETF,ETF,27.71030044555664,-0.0602259087250384,-0.0010023220696315,61.55642596854974,US
CPNS,Calamos Nasdaq-100 Structured Alt Protection ETF - September,ETF,ETF,28.32410049438477,-0.3023560488866683,-0.0017841481766581,47.97875460686292,US
CPPTL,Copper Property CTL Pass Through Trust,EQUITY,EQUITY,10.68000030517578,-2.4308151146788117,-0.004310937935027,48.991571345211945,US
CPRA,Calamos Russell 2000 Structured Alt Protection ETF - April,ETF,ETF,27.8700008392334,-0.1969504004646759,-0.0004907550630368,50.25252963556713,US
CPRI,Capri Holdings Limited,Consumer Cyclical,Luxury Goods,13.890000343322754,4.909369965568323,0.0743717496906473,48.09477587755227,US
CPRJ,Calamos Russell 2000 Structured Alt Protection ETF - July,ETF,ETF,27.57999992370605,-0.4547731665657322,-0.0002284702441666,38.24893354384305,US
CPRO,Calamos Russell 2000 Structured Alt Protection ETF - October,ETF,ETF,28.520000457763672,0.0526268985747511,-0.0001387965503835,67.05065750111513,US
CPRT,"Copart, Inc.",Industrials,Specialty Business Services,29.950000762939453,-10.810008547284294,-0.1255302548737962,39.38891871512016,US
CPS,Cooper-Standard Holdings Inc.,Consumer Cyclical,Auto Parts,24.100000381469727,-9.46656791253596,-0.0222496094079297,37.58695259207105,US
CPSF,Calamos S&P 500 Structured Alt Protection ETF - February,ETF,ETF,26.51000022888184,-0.2633547593120485,-0.0022972015440123,52.47384304719326,US
CPSL,Calamos Laddered S&P 500 Structured Alt Protection ETF,ETF,ETF,28.280000686645508,-0.1412394371812835,0.0013788375114725,55.6991138641918,US
CPSM,Calamos S&P 500 Structured Alt Protection ETF - May,ETF,ETF,29.55500030517578,-0.1250295686744145,0.0005984774971035,59.21020379489491,US
CPSP,Calamos S&P 500 Structured Alt Protection ETF - April,ETF,ETF,27.184999465942383,-0.1285813677259646,-0.0007509982456713,60.103190767594654,US
CPST,Calamos S&P 500 Structured Alt Protection ETF - September,ETF,ETF,28.026599884033203,-0.3711230771755103,-0.0023330478223615,47.164220370358166,US
CPSU,Calamos S&P 500 Structured Alt Protection ETF - June,ETF,ETF,27.83550071716309,-0.277646219868446,-0.0009710417614644,48.06818880201801,US
CPT,CPT,N/A,N/A,103.01000213623048,-2.4526480826847203,-0.0014344645761914,31.785915128702527,US
CPXR,USCF Daily Target 2X Copper Index ETF,ETF,ETF,30.927000045776367,-3.953418282611485,-0.077681859299481,45.2789375302859,US
CQP,"Cheniere Energy Partners, L.P.",Energy,Oil & Gas Midstream,67.73999786376953,-0.9793974016565408,-0.0935212919976402,49.56878501693527,US
CQQQ,Invesco China Technology ETF,ETF,ETF,46.33000183105469,-3.5795992368699987,-0.0019791566581142,32.21317112407195,US
CQTM,Corgi Quantum Computing ETF,ETF,ETF,22.81999969482422,-0.997828849670968,0.0179847271037819,41.34730236997181,US
CRAI,"CRA International, Inc.",Industrials,Consulting Services,161.8800048828125,-6.210892723997866,-0.2068523925078313,37.47810746800718,US
CRAK,VanEck Oil Refiners ETF,ETF,ETF,65.6500015258789,4.588180734606038,-0.0379672986653996,76.31566493334583,US
CRC,California Resources Corporation,Energy,Oil & Gas E&P,56.75,7.04517712600568,0.0235916505390468,66.44353267666969,US
CRCA,ProShares Ultra CRCL,ETF,ETF,22.350000381469727,-23.720133230583876,-0.210066242912021,52.05019130515587,US
CRCD,T-REX 2X Inverse CRCL Daily Target ETF,ETF,ETF,2.095000028610229,26.58610663606073,0.0280018079661179,36.717219861242135,US
CRCG,Leverage Shares 2X Long CRCL Daily ETF,ETF,ETF,15.149999618530272,-23.60060677348268,-0.1398903050677209,52.16521117903456,US
CRCO,YieldMax CRCL Option Income Strategy ETF,EQUITY,EQUITY,14.619999885559082,-10.305002686722537,-0.0562950438176862,54.74747077141767,US
CRCT,"Cricut, Inc.",Technology,Computer Hardware,5.619999885559082,-3.931624321760264,0.011157486870841,53.42191394153366,US
CRDO,Credo Technology Group Holding Ltd,Technology,Semiconductors,162.9499969482422,-0.7431328709936617,0.9220409058845772,33.21120352974572,US
CRDU,Tradr 2X Long CRDO Daily ETF,ETF,ETF,6.570000171661377,-2.666664123535156,0.1128579552045236,32.914542918175826,US
CRF,"Cornerstone Total Return Fund, Inc.",Financial Services,Asset Management,6.340000152587891,-1.8575833568184243,0.001801890051441,35.159983915503304,US
CRH,CRH plc,Basic Materials,Building Materials,88.55000305175781,-3.7918272805892177,-0.0031133284594595,35.82368675132409,US
CRI,"Carter's, Inc.",Consumer Cyclical,Apparel Retail,30.43000030517578,-8.20513150981223,-0.014027640210569,27.277579932975144,US
CRK,"Comstock Resources, Inc.",Energy,Oil & Gas E&P,14.779999732971191,-1.1371242706544331,-0.0400517707560452,53.29974708631021,US
CRM,"Salesforce, Inc.",Technology,Software - Application,247.72000122070312,-6.319249675874067,-0.6568076437930692,64.8923482212058,US
CRMD,CorMedix Inc.,Healthcare,Biotechnology,7.829999923706055,-7.556084098534033,-0.0232665518921228,43.57500846669922,US
CRML,Critical Metals Corp.,Basic Materials,Other Industrial Metals & Mining,6.429999828338623,-12.635873482405843,-0.0447557183016582,42.76050092644282,US
CRMU,Leverage Shares 2X Long CRML Daily ETF,ETF,ETF,1.7799999713897705,-25.52301701839724,-0.0284606440001805,39.86846973598836,US
CRMX,Tradr 2X Long CRML Daily ETF,ETF,ETF,4.230000019073486,-24.19354700879534,-0.0624362240494676,40.53944883323472,US
CRNC,Cerence Inc.,Technology,Software - Application,8.510000228881836,0.235576658455407,0.0123678267537435,50.06378997537177,US
CROX,"Crocs, Inc.",Consumer Cyclical,Footwear & Accessories,112.4800033569336,-3.042840026113955,0.2498920053059552,36.29715732446071,US
CRPT,First Trust SkyBridge Crypto Industry and Digital Economy ETF,ETF,ETF,14.90999984741211,-5.393403357393439,-0.0300692995321677,59.89748225627974,US
CRS,Carpenter Technology Corporation,Industrials,Metal Fabrication,443.1900024414063,-5.195945917275222,-0.1784099872986608,30.1354559676182,US
CRSH,YieldMax Short TSLA Option Inco,ETF,ETF,19.395000457763672,3.8932035680547408,0.0238415916072833,46.045987196191554,US
CRSP,CRISPR Therapeutics AG,Healthcare,Biotechnology,51.720001220703125,-8.44397294394475,-0.0981401136459638,39.32627641456004,US
CRSR,"Corsair Gaming, Inc.",Technology,Computer Hardware,13.539999961853027,6.029753143988536,0.0642679663198848,64.50496265785486,US
CRTC,Xtrackers US National Critical Technologies ETF,ETF,ETF,40.67300033569336,-0.9569998010256376,0.0119759528254321,51.5494723153085,US
CRTO,Criteo S.A.,Communication Services,Advertising Agencies,17.440000534057617,-4.017608911233548,-0.0085832106356608,43.78188896028501,US
CRUS,"Cirrus Logic, Inc.",Technology,Semiconductors,118.79000091552734,5.003097144456415,0.3673480480139863,51.68237382445626,US
CRVS,"Corvus Pharmaceuticals, Inc.",Healthcare,Biotechnology,12.90999984741211,-11.877131852736015,-0.0253401112082587,35.93173255375663,US
CRWD,"CrowdStrike Holdings, Inc.",Technology,Software - Infrastructure,206.7400054931641,-3.828439168630593,-0.235281001018083,49.95606261534937,US
CRWG,Leverage Shares 2X Long CRWV Daily ETF,ETF,ETF,19.46999931335449,7.986680931052683,-0.0804178460762656,47.30595246465733,US
CRWL,GraniteShares 2x Long CRWD Daily ETF,ETF,ETF,66.06099700927734,-7.692206826242959,-0.0932872606061699,47.738842376078765,US
CRWU,T-REX 2X Long CRWV Daily Target ETF,ETF,ETF,37.48500061035156,7.901550947783122,-0.1497413802872167,47.46964531450353,US
CRWV,"CoreWeave, Inc.",Technology,Software - Infrastructure,88.98999786376953,5.238884145078319,-0.1607241692926234,50.018247297628456,US
CRXP,Columbia Core Plus Bond ETF Shares,EQUITY,EQUITY,19.15999984741211,-1.5618621225308782,-0.0082329717532216,25.74141730327257,US
CSB,VictoryShares US Small Cap High Div Volatility Wtd ETF,ETF,ETF,64.91799926757812,-1.9544622137958283,0.004367686602576,35.898157675509,US
CSCL,Direxion Daily CSCO Bull 2X Shares,ETF,ETF,54.26100158691406,6.038576666422397,0.2738422314660915,49.07000747633101,US
CSCO,"Cisco Systems, Inc.",Technology,Communication Equipment,112.12999725341795,3.240950762623343,0.2913732591366418,50.97160517114621,US
CSD,Invesco S&P Spin-Off ETF,ETF,ETF,129.5,-0.6520951773800491,0.0228361472256009,40.58451385019545,US
CSEN,Cohen & Steers Future of Energy Active ETF,ETF,ETF,26.309999465942383,0.9205975217783074,-0.0053506858485618,65.13286789178542,US
CSEX,Tradr 2X Long CLS Daily ETF,ETF,ETF,14.399999618530272,23.393312119868444,0.1022773398193738,56.08482871276,US
CSHP,iShares Dynamic Short-Term Active ETF,ETF,ETF,99.81999969482422,0.4427474879922248,0.0308565329220124,66.19436600500737,US
CSHR,CoinShares PLC,Financial Services,Capital Markets,5.360000133514404,-8.998297877507898,-0.0053891842098287,48.96656073574451,US
CSIQ,Canadian Solar Inc.,Technology,Solar,12.760000228881836,-5.6910533576208975,-0.0154601041152302,39.20331584878563,US
CSL,CSL,N/A,N/A,335.239990234375,-2.8402556422006864,0.3046830052437119,40.97004775731718,US
CSM,ProShares Large Cap Core Plus,ETF,ETF,87.44159698486328,-1.6736796527660351,-0.0133556823804452,45.02608767434514,US
CSMD,Congress SMID Growth ETF,ETF,ETF,33.18949890136719,-3.1529079135209144,0.0050319945182104,36.37181578341672,US
CSNR,Cohen & Steers Natural Resources Active ETF,ETF,ETF,38.11650085449219,-1.53319102045273,-0.0584356297514729,52.4808766181103,US
CSR,Centerspace,Real Estate,REIT - Residential,58.290000915527344,11.261694206174525,0.1524788123173439,68.10453555547352,US
CSTK,Invesco Comstock Contrarian Equity ETF,ETF,ETF,33.547298431396484,-0.6300352509231375,0.0037192875179319,47.97249735336237,US
CSTM,Constellium SE,Basic Materials,Aluminum,26.170000076293945,-1.170692867452377,-0.0232329446958219,39.88140184589194,US
CSV,"Carriage Services, Inc.",Consumer Cyclical,Personal Services,32.52000045776367,-3.957472322603061,0.0185534698534695,35.095030584280266,US
CSW,"CSW Industrials, Inc.",Industrials,Specialty Industrial Machinery,300.7099914550781,-1.5904754238474736,0.7546250443335079,42.20463917101248,US
CSWC,Capital Southwest Corporation,Financial Services,Asset Management,24.190000534057617,-1.4663898745034485,0.0050224059960144,41.90013020705517,US
CSX,CSX Corporation,Industrials,Railroads,48.95000076293945,-0.0816511821940309,0.0361037290412711,42.63218053281479,US
CTAP,Simplify US Equity PLUS Managed Futures Strategy ETF,EQUITY,EQUITY,31.074800491333008,5.071173929682394,-0.0297315073820338,65.62025033593036,US
CTAS,Cintas Corporation,Industrials,Specialty Business Services,201.5,0.2238233978670178,0.2048502025759295,51.62659362546724,US
CTBI,"Community Trust Bancorp, Inc.",Financial Services,Banks - Regional,77.66999816894531,0.2322884373957899,0.0476265620198951,55.99958191939633,US
CTEC,Global X ClimateTech ETF,ETF,ETF,58.53200149536133,2.1447394751491147,-0.0056009561540693,52.19657940537727,US
CTEF,Castellan Targeted Equity ETF,ETF,ETF,87.18199920654297,-1.5971205724547486,0.0057276817980727,44.00031816401326,US
CTEV,Claritev Corporation,Healthcare,Health Information Services,35.97999954223633,-7.956000507064899,-0.102376305217708,50.60627091227456,US
CTEX,ProShares S&P Kensho Cleantech ETF,ETF,ETF,32.46699905395508,1.5196464776136585,-0.000557908194524,44.02717445653576,US
CTGO,Contango Silver & Gold Inc.,Basic Materials,Gold,18.309999465942383,-9.08639512991564,-0.0672430964459827,43.73402512871774,US
CTIF,Castellan Targeted Income ETF,ETF,ETF,53.14590072631836,-1.1422946696203136,0.0321548201070468,41.52619892523353,US
CTKB,"Cytek Biosciences, Inc.",Healthcare,Medical Devices,4.610000133514404,-1.9148867958104072,-0.0013092312667043,50.03504617661597,US
CTMA,Corgi U.S. Equities 30% Structured Buffer ETF - May Series,ETF,ETF,25.76000022888184,-0.3866990684822226,0.0023065704966359,53.789007856319095,US
CTNM,"Contineum Therapeutics, Inc.",Healthcare,Biotechnology,14.81999969482422,-15.651679270148744,-0.0395919319410412,42.51705982160585,US
CTRN,"Citi Trends, Inc.",Consumer Cyclical,Apparel Retail,60.619998931884766,-12.322824028024618,-0.3144622178734969,33.288203665570705,US
CTS,CTS Corporation,Technology,Electronic Components,57.84999847412109,2.316939401099286,0.1372196818480813,46.23398458287794,US
CTVA,"Corteva, Inc.",Basic Materials,Agricultural Inputs,83.9000015258789,-5.326112699635602,-0.2164532800867054,51.37946078467146,US
CURE,Direxion Daily Healthcare Bull 3X Shares,ETF,ETF,121.87999725341795,-13.652141322229532,-0.1901311733017161,39.46288683637575,US
CUST,Corgi 1-3 Year Treasury Bond ETF,ETF,ETF,24.8700008392334,-0.3206409669729789,-0.0025815715229737,35.6889712024924,US
CUT,Invesco MSCI Global Timber ETF,ETF,ETF,28.959999084472656,-1.963445541905236,0.0033289849070131,38.5776511673349,US
CUZ,Cousins Properties Incorporated,Real Estate,REIT - Office,28.190000534057617,-3.623929798093616,0.0159261877066161,37.16243726304729,US
CVBF,CVBF,N/A,N/A,22.440000534057617,-0.1779315346673348,0.0144200596887709,50.13532291285697,US
CVCO,"Cavco Industries, Inc.",Consumer Cyclical,Residential Construction,529.6400146484375,-5.579917220512052,-0.0031444079589713,35.11137832684983,US
CVGD,Cresalta Global Dividend ETF,ETF,ETF,26.71910095214844,-1.150202466145974,0.0179057580670019,50.51992154835613,US
CVLC,Calvert US Large-Cap Core Responsible Index ETF,ETF,ETF,94.56999969482422,-1.7056249964315644,-0.0061957138283649,43.65562930148579,US
CVLG,"Covenant Logistics Group, Inc.",Industrials,Trucking,35.630001068115234,3.847273803526533,0.0129434504511314,48.0971278442495,US
CVLT,"Commvault Systems, Inc.",Technology,Software - Application,130.07000732421875,-5.141473194294957,-0.1086705291614293,44.07986766205967,US
CVMC,Calvert US Mid-Cap Core Responsible Index ETF,ETF,ETF,75.12999725341797,-2.123508125911246,0.0320574181285436,39.57747196917644,US
CVNA,Carvana Co.,Consumer Cyclical,Auto & Truck Dealerships,69.16000366210938,-5.815057367997085,-0.234383771494073,44.768813511524506,US
CVNY,YieldMax CVNA Option Income Strategy ETF,ETF,ETF,19.496000289916992,-3.887682648559616,-0.047019032049985,45.890171947453794,US
CVRD,Madison Covered Call ETF,ETF,ETF,18.69499969482422,-1.5378934239415205,0.0077824443729156,49.91435468467948,US
CVRT,Calamos Convertible Equity Alternative ETF,ETF,ETF,47.14599990844727,-0.06994837840399,0.006355839131989,45.48715600353968,US
CVS,CVS Health Corporation,Healthcare,Healthcare Plans,94.66000366210938,-2.613161899053688,-0.1033680005665953,43.20255638095593,US
CVSA,Covista Inc.,Consumer Defensive,Education & Training Services,125.08999633789062,-1.9978087307673689,0.0642797465435613,44.00261267964012,US
CVSB,Calvert Ultra-Short Investment Grade ETF,ETF,ETF,50.61000061035156,-0.0691081984317447,-0.0009398171494494,55.35035414388732,US
CVSM,Cresalta Small And Mid-Cap ETF,ETF,ETF,25.6200008392334,-3.0646971494122943,-0.0046955797742974,34.377479535874016,US
CVX,Chevron Corporation,Energy,Oil & Gas Integrated,214.05999755859372,1.296607107424124,-0.0118632862318142,69.5193687410575,US
CVY,Invesco Zacks Multi-Asset Income ETF,ETF,ETF,30.28890037536621,-1.3712104254648378,-0.0076749976790221,47.432119821052446,US
CW,Curtiss-Wright Corporation,Industrials,Aerospace & Defense,558.9000244140625,-1.7266751292242852,0.949545730313602,26.43291733363759,US
CWB,State Street SPDR Bloomberg Convertible Securities ETF,ETF,ETF,102.6500015258789,0.1854406042397125,0.0090745621207418,47.966302682482464,US
CWCO,Consolidated Water Co. Ltd.,Utilities,Utilities - Regulated Water,28.15999984741211,-2.829536603784712,0.0043523201393497,35.10617715602852,US
CWEB,Direxion Daily CSI China Internet Bull 2X Shares,ETF,ETF,18.649999618530277,-7.673272702310668,0.0087096824753113,31.71297844013104,US
CWH,"Camping World Holdings, Inc.",Consumer Cyclical,Auto & Truck Dealerships,6.039999961853027,-10.119045380494422,-0.0203973667793804,41.08145752948988,US
CWI,State Street SPDR MSCI ACWI ex-US ETF,ETF,ETF,41.27000045776367,-0.8647624336173508,-0.0011791749570444,50.870930335609465,US
CWS,AdvisorShares Focused Equity ETF,ETF,ETF,69.26100158691406,-3.850908494719,0.0287583551037153,37.065469040139405,US
CWST,"Casella Waste Systems, Inc.",Industrials,Waste Management,89.91000366210938,-6.304705585748838,-0.102261850925738,42.99667753316678,US
CWVX,Tradr 2X Long CRWV Daily ETF,ETF,ETF,16.229999542236328,8.127910024991222,-0.0675901137469022,47.36247926791272,US
CXII,Churchill Capital Corp XII,Financial Services,Shell Companies,10.779999732971191,-0.0926805274994509,0.002757315755223,53.27162190707241,US
CXM,"Sprinklr, Inc.",Technology,Software - Application,5.480000019073486,-12.179483652584992,0.0148797254950363,32.835092257057255,US
CXRN,Teucrium 2x Daily Corn ETF,ETF,ETF,21.660999298095703,-2.607796160244048,-0.0455570816532042,62.57687600446878,US
CXSE,WisdomTree China ex-State-Owned Enterprises Fund,ETF,ETF,36.22999954223633,-2.6860059422389457,-0.0005311238422245,31.39076901401133,US
CYD,China Yuchai International Limited,Consumer Cyclical,Auto Manufacturers,35.81999969482422,-4.911066004898854,0.0124168076930888,30.95649156699824,US
CYH,"Community Health Systems, Inc.",Healthcare,Medical Care Facilities,2.9200000762939453,0.343642273824959,0.0018121300947186,48.08790822028539,US
CYRX,"Cryoport, Inc.",Industrials,Integrated Freight & Logistics,15.550000190734863,-1.95459944926209,0.0187241752070793,47.98194842705598,US
CZA,Invesco Zacks Mid-Cap ETF,ETF,ETF,122.4800033569336,-2.414149253226901,0.029887741854734,36.28783225536228,US
CZNC,Citizens & Northern Corporation,Financial Services,Banks - Regional,25.96999931335449,0.5420030586990051,0.0094779031742602,60.52460660765409,US
CZR,"Caesars Entertainment, Inc.",Consumer Cyclical,Resorts & Casinos,29.670000076293945,-0.0336934931907397,0.0012471898392938,47.40872143842055,US
D,"Dominion Energy, Inc.",Utilities,Utilities - Regulated Electric,64.36000061035156,-2.664772683348289,-0.048967367312492,34.42256304850832,US
DABS,DoubleLine Asset-Backed Securities ETF,ETF,ETF,49.91999816894531,-0.5181389690100321,-0.0045112326916513,35.740741501410824,US
DAC,Danaos Corporation,Industrials,Marine Shipping,159.3300018310547,3.360368562874429,0.1650592221372449,71.65928319263824,US
DADS,Digital Asset Debt Strategy ETF,ETF,ETF,20.040000915527344,-0.7183480517782093,-0.0075205262885599,50.54435639223746,US
DAKT,"Daktronics, Inc.",Technology,Electronic Components,17.889999389648438,-8.162218634248267,-0.0738911082143516,31.37875649404873,US
DAL,"Delta Air Lines, Inc.",Industrials,Airlines,79.91000366210938,1.473020523313492,0.1794828443932772,43.29927478330837,US
DALI,First Trust Dorsey Wright DALI 1 ETF,ETF,ETF,28.919099807739254,-2.8908692379322574,-0.0419629586622141,43.33169814342491,US
DAMD,Defiance Daily Target 2X Short AMD ETF,EQUITY,EQUITY,13.300000190734863,-23.999998910086497,-0.0513236329431134,39.02175264663244,US
DANA,Dana Limited Volatility ETF,ETF,ETF,25.01000022888184,0.0,0.0020718019465214,52.90086375669614,US
DAO,"Youdao, Inc.",Consumer Defensive,Education & Training Services,14.40999984741211,-7.628208365117382,0.0115929300792992,39.579988433617,US
DASH,"DoorDash, Inc.",Consumer Cyclical,Internet Retail,201.9499969482422,-9.031532906197212,0.1775104001336291,40.77152672270605,US
DAT,ProShares Big Data Refiners ETF,ETF,ETF,47.709999084472656,-6.943634370012834,-0.033142705422857,45.53417515958057,US
DAVE,Dave Inc.,Technology,Software - Application,350.7099914550781,-10.27221905572429,-1.3485166101283854,46.15951701160103,US
DAX,Global X DAX Germany ETF,ETF,ETF,45.874000549316406,-2.208482842604094,0.0072245293756113,42.943858124299055,US
DBAW,Xtrackers MSCI All World ex US Hedged Equity ETF,ETF,ETF,47.970001220703125,-1.1335515908317384,-0.0009386758576095,46.31394850970153,US
DBCA,D. Boral Acquisition I Corp.,Financial Services,Shell Companies,10.020000457763672,-0.0996936737161551,-0.0007632412658608,55.60678322975672,US
DBE,Invesco DB Energy Fund,ETF,ETF,37.18000030517578,7.612159554823163,-0.0193718638042266,70.34155846884597,US
DBEF,Xtrackers MSCI EAFE Hedged Equity ETF,ETF,ETF,55.0099983215332,-1.5569125446535632,0.015777189688563,44.022324238941,US
DBEM,Xtrackers MSCI Emerging Markets Hedged Equity ETF,ETF,ETF,39.36000061035156,0.2802563321058917,-0.0095743838882653,52.89894482232414,US
DBEU,Xtrackers MSCI Europe Hedged Equity ETF,ETF,ETF,53.869998931884766,-1.499359508895206,0.0111702381784712,41.64063210952667,US
DBEZ,Xtrackers MSCI Eurozone Hedged Equity ETF,ETF,ETF,62.30799865722656,-0.8828727778445962,0.0209468518609706,42.84664280629949,US
DBIN,"Dacotah Banks, Inc.",Financial Services,Banks - Regional,52.0,-3.327757733892567,-0.0389540399514299,53.93652271592205,US
DBJP,Xtrackers MSCI Japan Hedged Equity ETF,ETF,ETF,114.43000030517578,-1.1745406335593072,0.0532244203478865,47.91070372888892,US
DBMF,iMGP DBi Managed Futures Strategy ETF,ETF,ETF,31.989999771118164,1.846545452160648,0.024521496858153,64.64641215449434,US
DBND,DoubleLine Opportunistic Core Bond ETF,ETF,ETF,44.22499847412109,-1.0072764871278406,-0.0147099875515606,28.70965967544302,US
DBO,Invesco DB Oil Fund,ETF,ETF,25.21999931335449,9.224768933264276,-0.0012032941714587,70.86416222786622,US
DBP,Invesco DB Precious Metals Fund,ETF,ETF,100.25,-3.0182864116110277,-0.0162536423318866,47.45888879355696,US
DBX,"Dropbox, Inc.",Technology,Software - Infrastructure,35.560001373291016,-0.3921551446961657,0.0590528756447864,58.268754822699584,US
DC,Dakota Gold Corp.,Basic Materials,Gold,5.809999942779541,-5.065358636869019,-0.0048894901410453,49.2058999433809,US
DCH,Dauch Corporation,Consumer Cyclical,Auto Parts,6.480000019073486,-2.848576537438794,-0.0171248337184829,50.97802473062156,US
DCOM,"Dime Commercial Bancshares, Inc.",Financial Services,Banks - Regional,40.709999084472656,-0.5375060324035835,0.0076600631829451,52.57691189382305,US
DCOR,Dimensional US Core Equity 1 ETF,ETF,ETF,83.91000366210938,-1.2823486328125,0.0196696352682859,48.308241355051,US
DCRE,DCRE,N/A,N/A,51.13999938964844,-0.3118905454028175,-0.0053006777419876,33.481343590286414,US
DCTH,"Delcath Systems, Inc.",Healthcare,Medical Devices,15.90999984741211,-3.458736108355924,0.0038305753975323,51.14809955982791,US
DDD,3D Systems Corporation,Technology,Computer Hardware,3.319999933242798,0.0,-0.0003785231534143,50.82079452659231,US
DDDD,YieldMax U.S. Stocks Target Double Distribution ETF,EQUITY,EQUITY,33.43000030517578,-2.6783062876652783,-0.0046106708417079,44.50411955992714,US
DDFA,Innovator Equity Dual Directional 15 Buffer ETF - April,ETF,ETF,20.51930046081543,-0.1007811771627791,0.0007475073508221,58.04088577329263,US
DDFD,Innovator Equity Dual Directional 15 Buffer ETF - December,ETF,ETF,20.292499542236328,-0.1844583453539454,-0.0001087980379491,56.88289698899565,US
DDFF,Innovator Equity Dual Directional 15 Buffer ETF - February,ETF,ETF,20.280000686645508,-0.0492864880759224,2.694916599668695e-07,59.34245823505768,US
DDFJ,Innovator Equity Dual Directional 15 Buffer ETF - January,ETF,ETF,20.065000534057617,-0.124438120161254,0.0002729369374649,59.68684649907785,US
DDFL,Innovator Equity Dual Directional 15 Buffer ETF - July,ETF,ETF,21.56100082397461,-0.5029960864586082,0.0005465744083337,53.50375967123018,US
DDFN,Innovator Equity Dual Directional 15 Buffer ETF November,ETF,ETF,20.423999786376957,-0.2003438353542002,0.0013478736779734,56.890954000227936,US
DDFO,Innovator Equity Dual Directional 15 Buffer ETF - October,ETF,ETF,22.84000015258789,-0.1093357480014131,-1.13064710563493e-05,62.470285416884494,US
DDFY,Innovator Equity Dual Directional 15 Buffer ETF - May,ETF,ETF,20.384899139404297,-0.3670574214509796,-0.0010812880438863,54.58143531203251,US
DDFZ,Innovator Equity Dual Directional 15 Buffer ETF - June,ETF,ETF,19.649200439453125,-0.4599763562200678,-0.0043155880395682,49.5213537620456,US
DDI,"DoubleDown Interactive Co., Ltd.",Communication Services,Electronic Gaming & Multimedia,12.68000030517578,-2.235928726927167,-0.0091385972644023,54.63485133314048,US
DDIV,First Trust Dorsey Wright Momentum & Dividend ETF,ETF,ETF,45.887001037597656,-0.5871136160425214,0.0253164529313841,43.39572103686917,US
DDL,Dingdong (Cayman) Limited,Consumer Defensive,Grocery Stores,2.140000104904175,-5.309729471922889,-0.0008819406451803,38.544416114801066,US
DDM,ProShares Ultra Dow30,ETF,ETF,65.5999984741211,-4.205614400748857,0.0349661920063722,44.24803231673079,US
DDNQ,Innovator Growth-100 Dual Directional 5 Buffer ETF,ETF,ETF,20.829500198364254,-0.2179631216083458,-0.0004389936512863,54.601993005277066,US
DDOG,"Datadog, Inc.",Technology,Software - Application,221.2100067138672,3.0033583404780457,0.470021452442201,44.304162934122495,US
DDSQ,Innovator Equity Dual Directional 5 Buffer ETF,ETF,ETF,21.4601993560791,-0.4167047988893301,-0.001699161307879,53.76230310648549,US
DDTA,Innovator Equity Dual Directional 10 Buffer ETF - April,ETF,ETF,20.8400993347168,-0.3342922678402775,-0.000804709365446,55.92755211973211,US
DDTD,Innovator Equity Dual Directional 10 Buffer ETF - December,ETF,ETF,20.72929954528809,-0.4117270553479296,-0.0023223451287915,51.39643539811839,US
DDTF,Innovator Equity Dual Directional 10 Buffer ETF - February,ETF,ETF,20.670000076293945,-0.337510586290835,0.002011385170464,55.95498305026827,US
DDTJ,Innovator Equity Dual Directional 10 Buffer ETF - January,ETF,ETF,20.46999931335449,-0.4377439441911259,-0.0013297375900176,52.28746111937537,US
DDTL,Innovator Equity Dual Directional 10 Buffer ETF - July,ETF,ETF,22.370100021362305,-0.687678578429542,-0.001557079294605,51.058109401152784,US
DDTM,Innovator Equity Dual Directional 10 Buffer ETF - March,ETF,ETF,20.43370056152344,-0.3720120258748439,-0.0018561902593203,52.08782149780115,US
DDTO,Innovator Equity Dual Directional 10 Buffer ETF - October,ETF,ETF,23.4950008392334,-0.1699554214490857,0.0001345266198091,58.65839425775591,US
DDTS,Innovator Equity Dual Directional 10 Buffer ETF - September,ETF,ETF,22.8799991607666,-0.6944520329984546,-0.0012507563446008,49.28564174116455,US
DDTY,Innovator Equity Dual Directional 10 Buffer ETF - May,ETF,ETF,20.58919906616211,-0.5352738777465128,-0.001588563597531,51.29213030529889,US
DDTZ,Innovator Equity Dual Directional 10 Buffer ETF - June,ETF,ETF,19.713600158691406,-0.6370967385299995,0.0016975354401122,50.50402073023444,US
DDV,Defined Duration 5 ETF,ETF,ETF,25.274999618530277,-0.7695066848183411,-0.003276753342006,34.19793447519146,US
DDX,EA Series Trust - Defined Duration 10 ETF,ETF,ETF,25.132999420166016,-1.214527246740463,-0.0053340831749313,40.0153313912712,US
DDXX,Defined Duration 20 ETF,ETF,ETF,28.32439994812012,-2.0018680837742,-0.0099035959357205,44.62248724794284,US
DE,Deere & Company,Industrials,Farm & Heavy Construction Machinery,675.739990234375,-2.688610998141636,-1.3119057734531872,60.84234350025859,US
DEA,"Easterly Government Properties, Inc.",Real Estate,REIT - Office,23.88999938964844,-1.7276844324178346,-0.0047161329468205,37.65494116043443,US
DEC,Diversified Energy Company,Energy,Oil & Gas Integrated,14.8100004196167,-5.788803002254057,-0.0375105679221625,54.44325800132658,US
DECM,FT Vest U.S. Equity Max Buffer ETF - December,ETF,ETF,34.16999816894531,-0.0877268810667767,-0.0003348604570771,60.14163227212892,US
DECO,State Street Galaxy Digital Asset Ecosystem ETF,ETF,ETF,74.08899688720703,0.4937245447535791,-0.0107208240618691,51.98667725170652,US
DECP,PGIM S&P 500 Buffer 12 ETF - Dec,ETF,ETF,33.22679901123047,-0.5275001267644817,-0.0016018578434893,52.059112358720384,US
DECT,Allianzim U.S. Equity Buffer10 Dec ETF,ETF,ETF,40.11800003051758,-0.661132356351398,-0.0020825440096629,50.47765078255647,US
DECW,Allianzim U.S. Equity Buffer20 Dec ETF,ETF,ETF,36.34619903564453,-0.2601543632802563,-0.0006077215099499,56.018714478590695,US
DEED,First Trust Securitized Plus ETF,ETF,ETF,20.79730033874512,-1.1065161212674626,-0.0024739492480219,30.20517994665063,US
DEEF,Xtrackers FTSE Developed ex US Multifactor ETF,ETF,ETF,40.40499877929688,-1.1546838925460494,0.0064116764297279,52.58844057018328,US
DEEP,Acquirers Small and Micro Deep Value ETF,ETF,ETF,42.983001708984375,-1.7261815156815303,-0.0013829444732515,45.32563737149267,US
DEFR,Aptus Deferred Income ETF,ETF,ETF,26.320499420166016,-1.0916562331473696,-0.0031562491044812,34.43279410311558,US
DEI,"Douglas Emmett, Inc.",Real Estate,REIT - Office,10.729999542236328,-4.87588833116037,-0.001533888359302,31.345268058574632,US
DELL,Dell Technologies Inc.,Technology,Computer Hardware,567.2899780273438,9.85688373807138,2.24047384972539,66.57472265866411,US
DEM,WisdomTree Emerging Markets High Dividend Fund,ETF,ETF,56.75,0.2473050488235422,-0.0215912055998118,65.15333731317489,US
DEMZ,Democratic Large Cap Core ETF,ETF,ETF,47.25690078735352,-1.0699647303426465,0.009444986709614,45.78984819299798,US
DESK,Vaneck Office And Commercial REIT ETF,ETF,ETF,39.1259994506836,-3.0982972601295398,0.0213582820284959,35.62501735736109,US
DEW,WisdomTree Global High Dividend Fund,ETF,ETF,72.02999877929688,-1.2340621446768785,0.0063521128611087,47.40530545191877,US
DFAE,Dimensional Emerging Core Equity Market ETF,ETF,ETF,40.130001068115234,0.3500859809261329,-0.0145068083676577,56.23702340473253,US
DFAI,Dimensional International Core Equity Market ETF,ETF,ETF,42.77000045776367,-1.5423531080255737,0.0058748542060397,48.5330835614182,US
DFAL,Dimensional US Large Cap Core Equity Market ETF,ETF,ETF,51.23270034790039,-1.2476883324751245,-0.003870201928985,47.09514947620232,US
DFAS,Dimensional U.S. Small Cap ETF,ETF,ETF,80.5199966430664,-1.8647243775558004,0.0160531135602879,40.6966451524553,US
DFAT,Dimensional U.S. Targeted Value ETF,ETF,ETF,70.41999816894531,-1.5793219211955554,0.0068517352718341,44.02431925485034,US
DFAU,Dimensional US Core Equity Market ETF,ETF,ETF,52.77999877929688,-1.2350296863260877,0.0119152867613118,49.15005089347648,US
DFAX,Dimensional World ex U.S. Core Equity 2 ETF,ETF,ETF,38.060001373291016,-0.9885464802122496,-0.0046139496836146,52.35608411780788,US
DFCA,Dimensional California Municipal Bond ETF,ETF,ETF,48.7599983215332,-0.530400109756201,0.0030149633069801,25.45984639219625,US
DFCF,Dimensional Core Fixed Income ETF,ETF,ETF,40.90999984741211,-1.183578889871537,-0.0144532120012222,29.380123344209863,US
DFE,WisdomTree Europe SmallCap Dividend Fund,ETF,ETF,76.4800033569336,-1.8102401383536688,-0.0150146446423685,47.199384523791,US
DFEM,Dimensional Emerging Markets Core Equity 2 ETF,ETF,ETF,40.52999877929688,0.1977701232349952,-0.0152956950487053,56.01506842145865,US
DFGP,Dimensional Global Core Plus Fixed Income ETF,ETF,ETF,52.555999755859375,-1.2383733812626287,-0.0166645141580346,29.273596326496005,US
DFGR,Dimensional Global Real Estate ETF,ETF,ETF,28.43000030517578,-1.83010633995856,0.0040574448358844,32.787480583520875,US
DFH,"Dream Finders Homes, Inc.",Consumer Cyclical,Residential Construction,12.270000457763672,-11.0869544335109,-0.0109353597758186,36.242274175001526,US
DFIC,Dimensional International Core Equity 2 ETF,ETF,ETF,38.92499923706055,-1.4057758652758676,0.0025390721320611,49.56026944746917,US
DFII,FT Vest Bitcoin Strategy & Target Income ETF,ETF,ETF,13.359999656677246,-4.578249619085419,-0.0207347578767218,58.75991488282673,US
DFIN,"Donnelley Financial Solutions, Inc.",Technology,Software - Application,47.95000076293945,-2.282451475138078,-0.0768062961864803,48.153914425184816,US
DFIS,Dimensional International Small Cap ETF,ETF,ETF,37.119998931884766,-1.3290803141842351,-0.0021654908103588,49.991677443024,US
DFIV,Dimensional International Value ETF,ETF,ETF,58.58000183105469,-0.8463100617867299,0.0107040175144106,59.09690927190972,US
DFLV,Dimensional US Large Cap Value ETF,ETF,ETF,41.709999084472656,-1.1611413971753342,0.0093734038845885,52.00909234905285,US
DFMC,DFA US Micro Cap Portfolio ETF Class,EQUITY,EQUITY,58.823001861572266,-2.5463862379678406,0.0023591393483142,38.392572112330136,US
DFP,Flaherty & Crumrine Dynamic Preferred and Income Fund Inc.,Financial Services,Asset Management,19.459999084472656,-3.5678949941267275,-0.0169854313923419,15.447524337257803,US
DFSB,Dimensional Global Sustainability Fixed Income ETF,ETF,ETF,50.060001373291016,-1.1258141078396735,-0.0137496182481733,29.323210721182903,US
DFSD,Dimensional Short-Duration Fixed Income ETF,ETF,ETF,46.900001525878906,-0.6776782857936864,-0.0087083475496942,28.180680417345755,US
DFSE,Dimensional Emerging Markets Sustainability Core 1 ETF,ETF,ETF,49.20800018310547,-0.4491202118140934,-0.0184826431909309,54.24321507605944,US
DFSV,Dimensional US Small Cap Value ETF,ETF,ETF,39.75,-1.217697957326394,0.0040624416517243,46.91410618138968,US
DFTX,"Definium Therapeutics, Inc.",Healthcare,Biotechnology,38.88999938964844,2.3421036569695723,0.1609796936186288,41.77328664566589,US
DFUS,Dimensional U.S. Equity Market ETF,ETF,ETF,83.37000274658203,-1.103203169049457,0.0202574259340485,49.67995236027711,US
DFUV,Dimensional US Marketwide Value ETF,ETF,ETF,57.0099983215332,-1.127300602842578,0.0087119714465856,51.41030624785071,US
DFVE,Doubleline Fortune 500 Equal Weight ETF,ETF,ETF,36.52099990844727,-2.0201705939574186,0.0068889284320657,43.01504387696188,US
DFVX,Dimensional US Large Cap Vector ETF,ETF,ETF,84.80000305175781,-1.2575619890546434,0.0255480750050169,48.82314416856228,US
DG,Dollar General Corporation,Consumer Defensive,Discount Stores,124.58000183105467,-5.089130698869075,-0.1594727065827221,49.11862741536094,US
DGAP,FT Vest U.S. Equity Buffer & Digital Return ETF - April,ETF,ETF,31.06999969482422,-0.0964652291881741,8.257835708841421e-05,63.70059431391711,US
DGCB,Dimensional Global Credit ETF,ETF,ETF,52.369998931884766,-1.3097139598801524,-0.0086556992953863,27.896481399160493,US
DGIN,VanEck Digital India ETF,ETF,ETF,37.16600036621094,-1.4843909968456903,0.0082295610928755,50.73304637758124,US
DGJA,FT Vest U.S. Equity Buffer & Digital Return ETF - January,ETF,ETF,32.130001068115234,-0.0311086550189025,0.0002722224767645,65.67650488209745,US
DGLO,First Trust RBA Deglobalization ETF,ETF,ETF,23.334999084472656,-2.175739939163783,-0.0048128448700293,34.00455198304806,US
DGOC,FT Vest U.S. Equity Buffer & Digital Return ETF October,ETF,ETF,32.90999984741211,0.1064634141813213,0.0009880311705773,82.3210764297709,US
DGP,DB Gold Double Long ETN,ETF,ETF,156.77999877929688,-6.035365271710691,-0.1822749175707958,49.29838295671627,US
DGRE,WisdomTree Emerging Markets Quality Dividend Growth Fund,ETF,ETF,41.41999816894531,1.1353835114177318,-0.0145470804831646,59.736521133326136,US
DGRW,WisdomTree U.S. Quality Dividend Growth Fund,ETF,ETF,98.63999938964844,-1.4486931774352243,0.0096580358042062,49.207597972582775,US
DGT,State Street SPDR Global Dow ETF,ETF,ETF,190.97000122070312,-0.9131917946618068,0.0347930604226262,51.61425178050136,US
DGX,Quest Diagnostics Incorporated,Healthcare,Diagnostics & Research,235.0200042724609,-1.8295696473231025,0.1573673459621547,48.80583505307611,US
DHDG,FT Vest U.S. Equity Quarterly 2.5 to 15 Buffer ETF,ETF,ETF,37.52999877929688,-0.4377262683729362,-0.0017084045825246,52.9569869315079,US
DHI,"D.R. Horton, Inc.",Consumer Cyclical,Residential Construction,137.88999938964844,-4.514925633349091,0.0927281158226249,40.19572423963415,US
DHLX,Diamond Hill Large Cap Concentrated ETF,ETF,ETF,13.6899995803833,0.0730941153834356,0.0130692544232237,50.19361549542411,US
DHR,Danaher Corporation,Healthcare,Diagnostics & Research,200.13999938964844,-5.160403474691582,-0.1615771971263959,41.41043581341327,US
DIEM,Franklin Emerging Market Core Dividend Tilt Index ETF,ETF,ETF,42.755001068115234,-2.875897510199664,-0.0850086652491283,49.44686150317436,US
DIG,ProShares Ultra Energy,ETF,ETF,72.27999877929688,1.43137329846895,-0.0387857436147891,65.14576025281619,US
DIHP,Dimensional International High Profitability ETF,ETF,ETF,34.6150016784668,-1.884912482537596,0.004375391747034,42.41298671632686,US
DIM,WisdomTree International MidCap Dividend Fund,ETF,ETF,88.9000015258789,-1.6592920073907225,-0.0235280034961065,49.429773477913976,US
DIN,"Dine Brands Global, Inc.",Consumer Cyclical,Restaurants,28.290000915527344,-12.060918477649928,-0.0162075270068332,24.21763747144277,US
DINE,Simplify Tax Aware Diversified Income Strategy ETF,ETF,ETF,24.97780036926269,-0.5660846545379444,-0.0035680271830926,38.98978825808744,US
DIOD,Diodes Incorporated,Technology,Semiconductors,95.01000213623048,5.625353373719225,0.3242310761488298,53.01131240858489,US
DIPR,Corgi Space & Satellite Communi,ETF,ETF,22.38999938964844,1.266389740241725,0.0343112425145329,45.86746354568216,US
DIPS,YieldMax Short NVDA Option Income Strategy ETF,ETF,ETF,33.05500030517578,2.576010114163143,0.0340177067361913,46.59417343023828,US
DIS,The Walt Disney Company,Communication Services,Entertainment,106.5500030517578,-0.5692428046895002,0.0990254344363441,53.95521555265221,US
DISV,Dimensional International Small Cap Value ETF,ETF,ETF,44.43000030517578,-1.17882293169333,0.0003114291962961,56.28904925584093,US
DIV,Global X SuperDividend U.S. ETF,ETF,ETF,19.670000076293945,-0.5058188121106313,-0.0004686876723314,51.76521837801518,US
DIVD,Altrius Global Dividend ETF,ETF,ETF,44.185001373291016,-2.2996067129227016,0.0056290762021962,40.53075031794134,US
DIVG,Invesco S&P 500 High Dividend Growers ETF,ETF,ETF,37.79899978637695,-1.3338594847201517,0.015673362921227,47.04500774943224,US
DIVI,Franklin International Core Dividend Tilt Index ETF,ETF,ETF,44.119998931884766,-1.098412176109888,0.0111483818566045,49.73427397535822,US
DIVL,Madison Dividend Value ETF,ETF,ETF,25.21999931335449,-1.5766516831919593,0.0044874124525265,41.99417899368997,US
DIVN,Horizon Dividend Income ETF,ETF,ETF,30.458799362182617,0.061756990128719,0.0201417441846559,54.023465843525386,US
DIVO,Amplify CWP Enhanced Dividend Income ETF,ETF,ETF,47.7400016784668,-1.9913722525916997,0.0021714878475626,47.5516165922997,US
DIVP,Cullen Enhanced Equity Income ETF,ETF,ETF,27.513999938964844,-0.3152055857307296,0.0151984448734815,51.08078540593942,US
DIVY,Tidal ETF Trust - Sound Equity Income ETF,ETF,ETF,30.61000061035156,-1.5439033125780592,0.0197073093611468,48.42633599621579,US
DIVZ,Polen Dividend Income ETF,ETF,ETF,37.98099899291992,-1.2711261041500574,0.0044869550763794,42.29820698968377,US
DJAN,DJAN,N/A,N/A,46.42440032958984,-0.3875103839080917,-0.0001286242044024,54.335077354575496,US
DJCO,Daily Journal Corporation,Technology,Software - Application,661.9000244140625,7.0014057256556725,1.090148741485578,72.0254004170378,US
DJIA,Global X Dow 30 Covered Call ETF,ETF,ETF,22.75,-1.3443168825750629,0.0026625628844574,51.35787851910053,US
DJP,iPath Bloomberg Commodity Index Total Return(SM) ETN,ETF,ETF,52.56999969482422,1.1545092553934255,-0.0477909586804956,67.06198611281167,US
DJT,Trump Media & Technology Group Corp.,Communication Services,Internet Content & Information,8.65999984741211,-9.033619422257717,-0.0168357890659224,44.02875141377002,US
DJTU,T-Rex 2X Long DJT Daily Target ETF,ETF,ETF,10.529999732971191,-18.118195846889144,-0.0391685387259644,42.61710182576128,US
DKS,"DICK'S Sporting Goods, Inc.",Consumer Cyclical,Specialty Retail,135.02999877929688,-2.4756647230478137,0.7159458501070688,31.08672908161417,US
DLAG,FT Vest U.S. Equity Dual Direct,ETF,ETF,33.652000427246094,-0.6142946820912922,0.0025947694164937,54.65413395872196,US
DLB,"Dolby Laboratories, Inc.",Industrials,Specialty Business Services,64.4800033569336,4.134375425857487,0.1751747248757809,65.84742216397579,US
DLFE,FT Vest U.S. Equity Dual Directional Buffer ETF - February,ETF,ETF,32.329498291015625,-0.3406299025006141,-0.0020549036491918,54.80554424366353,US
DLMY,FT Vest U.S. Equity Dual Directional Buffer ETF - May,ETF,ETF,30.489999771118164,-0.4895549005165777,0.0031799990722529,53.82161662913547,US
DLN,WisdomTree U.S. LargeCap Dividend Fund,ETF,ETF,99.9000015258789,-1.4306827529084103,0.0166099775560717,48.4016733983392,US
DLNV,FT Vest U.S. Equity Dual Directional Buffer ETF November,ETF,ETF,33.630001068115234,-0.1187915147170054,0.0028400321178205,59.99799833101375,US
DLR,"Digital Realty Trust, Inc.",Real Estate,REIT - Specialty,188.5800018310547,0.4206872427532124,0.1829100722189882,49.2986805102239,US
DLS,WisdomTree International SmallCap Dividend Fund,ETF,ETF,88.58999633789062,-1.2594793440013332,-0.0018452968107185,51.8066266331088,US
DLTR,"Dollar Tree, Inc.",Consumer Defensive,Discount Stores,118.16999816894533,-9.82142534843174,-0.1385764038106807,35.5460118697074,US
DLUX,DoubleLine Ultrashort Income ETF,EQUITY,EQUITY,50.18960189819336,0.019134302429623,0.0024464013259591,63.00066637059724,US
DLX,Deluxe Corporation,Industrials,Conglomerates,23.6200008392334,-3.19671635857123,-0.0005729457834822,46.27507006086449,US
DMAX,iShares Large Cap Max Buffer Dec ETF,ETF,ETF,27.7052001953125,-0.0173182580971116,0.0001678388502186,60.28285727665568,US
DMBS,Doubleline Etf Trust - Mortgage ETF,ETF,ETF,47.29999923706055,-1.2237445817853667,-0.0151312895468541,32.34995909484401,US
DMII,Drugs Made In America Acquisition II Corp.,Financial Services,Shell Companies,10.18000030517578,0.0983306667336833,0.0005130643871651,67.74616652984591,US
DMLP,"Dorchester Minerals, L.P.",Energy,Oil & Gas E&P,29.549999237060547,1.025638417301015,-0.0150094392366572,73.6851662736543,US
DMRA,"Damora Therapeutics, Inc.",Healthcare,Biotechnology,28.100000381469727,0.3571442195347377,0.0834703350085268,45.83370914926613,US
DMX,DoubleLine Multi-Sector Income ETF,ETF,ETF,49.665000915527344,-0.3171245010164384,-0.0036340451407399,40.34820504806035,US
DNA,"Ginkgo Bioworks Holdings, Inc.",Healthcare,Biotechnology,6.75,-2.877695176315175,-0.0019672218494978,41.94105421212985,US
DNL,WisdomTree Global ex-U.S. Quality Growth Fund,ETF,ETF,45.13999938964844,-1.7414002197976484,0.0011051710871508,40.74778342418499,US
DNLI,Denali Therapeutics Inc.,Healthcare,Biotechnology,21.09000015258789,-7.499996235495994,-0.0039483926308298,28.744773221777223,US
DNP,DNP Select Income Fund Inc.,Financial Services,Asset Management,10.260000228881836,-4.469269576030488,-0.0201571458360584,20.224192284048897,US
DNTH,"Dianthus Therapeutics, Inc.",Healthcare,Biotechnology,106.1999969482422,-1.5299040790202965,0.1053758492919842,47.61671980622447,US
DNUT,"Krispy Kreme, Inc.",Consumer Defensive,Grocery Stores,3.2100000381469727,-3.89221195697758,-0.001658268750463,42.749378296503,US
DOG,ProShares Short Dow30,ETF,ETF,21.690000534057617,2.2630903833294305,-0.0054725850594171,56.08195594154587,US
DOGG,FT Vest DJIA Dogs 10 Target Income ETF,ETF,ETF,21.632999420166016,-3.853335910373264,-0.0097723338985436,39.23304839336753,US
DOJE,REX-Osprey™ DOGE ETF,ETF,ETF,7.795000076293945,-5.62954164289216,-0.0190445637570649,54.45496130210239,US
DOL,WisdomTree True Developed International Fund,ETF,ETF,76.66000366210938,-1.0583371957879997,0.0055433428708507,51.231266534379984,US
DOLE,Dole plc,Consumer Defensive,Farm Products,13.329999923706056,-4.100717341490748,-0.0353822596725777,40.80436989245196,US
DON,WisdomTree U.S. MidCap Dividend Fund,ETF,ETF,56.77999877929688,-1.917430682422924,0.006823275620624,40.79775971751688,US
DORM,"Dorman Products, Inc.",Consumer Cyclical,Auto Parts,126.66000366210938,-2.313743571855761,0.0014558906613311,41.31193573855401,US
DOV,Dover Corporation,Industrials,Specialty Industrial Machinery,189.0500030517578,-1.0572063615579792,0.0854820948526198,35.6139268897967,US
DOW,Dow Inc.,Basic Materials,Chemicals,29.030000686645508,-4.380763824005251,-0.0255918443097148,41.75134582748336,US
DOX,Amdocs Limited,Technology,Software - Infrastructure,61.41999816894531,-2.9393183410744523,0.0458321585511958,56.71017178696928,US
DPC,DPC Holdings PLC,Industrials,Aerospace & Defense,42.29999923706055,1.7805530301187595,0.0970774677851593,44.12717324791474,US
DPG,Duff & Phelps Utility and Infrastructure Fund Inc.,Financial Services,Asset Management,13.649999618530272,-3.3970310829656825,-0.0130467800030537,23.528008134931028,US
DPRE,Virtus Duff & Phelps Real Estat,EQUITY,EQUITY,25.530000686645508,-1.7320972421852665,0.0088857567832372,40.13672781143445,US
DQ,Daqo New Energy Corp.,Technology,Semiconductor Equipment & Materials,11.539999961853027,-8.121022481580457,-0.0057603305014381,33.503346933601634,US
DQJN,FT Vest NASDAQ-100 Dual Directional Buffer ETF - June,ETF,ETF,29.400299072265625,-0.8421603692318221,-0.0084235916274918,49.53051330302088,US
DRAI,Draco Evolution AI ETF,ETF,ETF,32.94599914550781,-0.824810551254739,0.0061063352072555,41.44315587859573,US
DRAL,Defiance Daily Target 2X Long DRAM ETF,ETF,ETF,11.279999732971191,9.302326226118405,-0.0451179715841247,50.818194479203605,US
DRAM,Roundhill Memory ETF,ETF,ETF,59.09999847412109,5.554557425295401,-0.093733313255933,54.27379012160298,US
DRAY,YieldMax DKNG Option Income Strategy ETF,EQUITY,EQUITY,14.420000076293944,2.515303598664413,0.0395234338416967,53.655254949161744,US
DRGN,Themes China Generative Artificial Intelligence ETF,ETF,ETF,33.095001220703125,-3.7936053700289447,-0.0167374293883083,36.89392268621757,US
DRI,"Darden Restaurants, Inc.",Consumer Cyclical,Restaurants,209.88999938964844,-3.737843582571193,0.0610742739796457,44.94001105121024,US
DRIP,Direxion Daily S&P Oil & Gas Exp. & Prod. Bear 2X Shares,ETF,ETF,32.369998931884766,-3.0548082551923983,0.0236731329056554,30.66134237200386,US
DRKY,VistaShares Target 15 DRUKMacro Distribution ETF,EQUITY,EQUITY,21.55459976196289,-0.150090940778711,0.0035202816771736,60.16687132431863,US
DRLL,Strive U.S. Energy ETF,ETF,ETF,42.45000076293945,1.4094604490808091,-0.0028414414378412,69.2850412355321,US
DRMP,Tuttle Capital Memory Stack Income Blast ETF,ETF,ETF,21.649999618530277,7.726609030052564,0.0005469300811497,51.57544588056821,US
DRNZ,REX Drone ETF,ETF,ETF,20.636999130249023,-1.541030383264253,0.0209168843830183,40.63006973722475,US
DRTS,Alpha Tau Medical Ltd.,Healthcare,Biotechnology,14.43000030517578,-1.2995867433006825,-0.0055084222281435,54.11545813228648,US
DRV,Direxion Daily Real Estate Bear 3X Shares,ETF,ETF,20.13999938964844,6.279675877566541,-0.0191301558922401,63.04991482780369,US
DSCO,DoubleLine Securitized Credit ETF,ETF,ETF,24.584999084472656,-0.5863342517092482,-0.0042992126381101,41.7047379932246,US
DSGN,"Design Therapeutics, Inc.",Healthcare,Biotechnology,14.630000114440918,-2.6613414879362733,-0.0218567733446599,48.47123346675553,US
DSGR,"Distribution Solutions Group, Inc.",Industrials,Industrial Distribution,34.75,0.0575884193126712,0.0107160298806251,67.8576276331928,US
DSI,iShares ESG MSCI KLD 400 ETF,ETF,ETF,145.42999267578125,-1.696640343519749,0.0098844042803911,49.11582486845168,US
DSL,DoubleLine Income Solutions Fund,Financial Services,Asset Management,10.350000381469728,-1.5223581724805713,-0.0045583737795942,31.936497945539315,US
DSMC,Distillate Small/Mid Cash Flow ETF,ETF,ETF,43.63999938964844,-1.8112280587314893,0.0105542604144803,50.67993489697815,US
DSP,Viant Technology Inc.,Technology,Software - Application,12.579999923706056,-6.433616889193043,-0.0355773683956084,47.968618160416206,US
DSPY,Tema S&P 500 Historical Weight ETF Strategy,ETF,ETF,66.11730194091797,-1.4645254181073164,-0.0023587968328125,44.866060711912766,US
DSU,"BlackRock Debt Strategies Fund, Inc.",Financial Services,Asset Management,9.220000267028809,-1.705755282089844,-0.008414607097502,29.83871328025029,US
DTAN,Sparkline International Intangible Value ETF,ETF,ETF,33.58219909667969,-1.8179145569786133,0.0267471269367873,49.13818237734807,US
DTCR,DTCR,N/A,N/A,28.26000022888184,1.145310267385834,0.0158972761136821,50.30288003064047,US
DTE,DTE Energy Company,Utilities,Utilities - Regulated Electric,132.5800018310547,-3.275702380713836,-0.1787899204332839,31.863272738515093,US
DTEC,ALPS Disruptive Technologies ETF,ETF,ETF,50.68000030517578,-3.996970209809069,0.0072471874573871,43.29827875971601,US
DTH,WisdomTree International High Dividend Fund,ETF,ETF,58.38999938964844,-0.9499599084705628,0.00657191286812,53.77325038399144,US
DTM,DTM,N/A,N/A,128.86000061035156,0.2177623077535604,-0.0523709410897152,41.72602105545698,US
DTRE,First Trust Alerian Disruptive Technology Real Estate ETF,ETF,ETF,42.02999877929688,-0.8726479558171703,0.0214940773806603,43.792569074480646,US
DUG,ProShares UltraShort Energy ETF,ETF,ETF,14.109999656677246,-1.3976293296629425,0.0090848979565087,33.99389689878835,US
DUHP,Dimensional US High Profitability ETF,ETF,ETF,41.84999847412109,-1.4830533778345434,0.0043138157510007,45.45831441403089,US
DUK,Duke Energy Corporation,Utilities,Utilities - Regulated Electric,119.41999816894533,-1.6309747380946409,-0.023692307948407,40.1946623071498,US
DUKH,Ocean Park High Income ETF,ETF,ETF,23.4955997467041,-0.8247867889196819,-0.0045346124099441,37.66390709375488,US
DUKQ,Ocean Park Domestic ETF,ETF,ETF,31.3799991607666,-1.6300954983761526,0.0015333298678687,43.47350111813605,US
DUKX,Ocean Park International ETF,ETF,ETF,28.7549991607666,-2.363250985732221,-0.0208603718954762,47.19505306077051,US
DUNK,Dana Unconstrained Equity ETF,EQUITY,EQUITY,27.831199645996094,-1.7121074269189291,0.0325560715263086,50.742911650871946,US
DUOG,Leverage Shares 2X Long DUOL Daily ETF,ETF,ETF,53.917999267578125,-19.332731565377436,-0.2067906051025145,48.22778496797843,US
DUOL,"Duolingo, Inc.",Technology,Software - Application,143.67999267578125,-9.532813216366582,-0.2546720547282204,50.12436105083648,US
DUSG,U.S. Small Cap Growth Portfolio: ETF Class Shares,ETF,ETF,50.61389923095703,-2.8337510410959847,0.0086747623922668,36.41673829447901,US
DUSL,Direxion Daily Industrials Bull 3X Shares,ETF,ETF,81.36000061035156,-4.282352223115809,0.2080320655309004,34.51088459593505,US
DUST,Direxion Daily Gold Miners Index Bear 2X Shares,ETF,ETF,33.619998931884766,8.87305649476625,0.0579695756845834,41.29118491544949,US
DV,"DoubleVerify Holdings, Inc.",Communication Services,Advertising Agencies,13.40999984741211,0.4494341889732393,0.0039797440991435,69.14295585061191,US
DVAL,BrandywineGLOBAL Dynamic U.S. Large Cap Value ETF,ETF,ETF,16.4325008392334,-1.3951398951158602,0.0036211617415357,47.18599325492331,US
DVDN,Kingsbarn Dividend Opportunity ETF,ETF,ETF,14.84000015258789,-3.929561824083232,-0.0078736543750256,28.45862759706044,US
DVGR,Dac 3D Dividend Growth ETF,ETF,ETF,26.2859001159668,-2.7348733135844228,-0.0012572909960626,35.013265897098805,US
DVN,Devon Energy Corporation,Energy,Oil & Gas E&P,50.22999954223633,2.951421602147802,0.0415119709762092,66.79571135293898,US
DVOL,First Trust Dorsey Wright Momentum & Low Volatility ETF,ETF,ETF,35.85380172729492,-2.092291717471137,0.0027530069977573,33.60017960996592,US
DVVY,Invesco Diversified Dividend Op,ETF,ETF,27.34000015258789,-1.263995575006363,0.0051272179523911,47.26390037023079,US
DVY,iShares Select Dividend ETF,ETF,ETF,162.36000061035156,-1.582106195695425,0.012755569793049,46.79194819968123,US
DVYA,iShares Asia/Pacific Dividend ETF,ETF,ETF,51.619998931884766,-1.8071157855323048,-0.0194536960271539,50.155857419871374,US
DWAW,AdvisorShares Dorsey Wright FSM All Cap World ETF,ETF,ETF,50.11320114135742,-2.0288944798570028,-0.0064383272423709,43.512900201296965,US
DWLD,Davis Select Worldwide ETF,ETF,ETF,46.39099884033203,-2.0046499983037736,0.0001519316112408,36.46940813881303,US
DWM,WisdomTree International Equity Fund,ETF,ETF,75.4000015258789,-1.6307892695579,0.0146548869444415,46.62427921260996,US
DWSH,AdvisorShares Dorsey Wright Short ETF,ETF,ETF,5.598400115966797,2.534799942360344,-0.0072749370417312,50.557536601904616,US
DWUS,AdvisorShares Dorsey Wright FSM US Core ETF,ETF,ETF,58.89680099487305,-1.1367380106521323,0.0077610391947034,45.39735209855023,US
DWWN,Principal Long Duration ETF,ETF,ETF,23.75,-1.8595072262501604,-0.0152400273017758,39.58179964386976,US
DWX,State Street SPDR S&P International Dividend ETF,ETF,ETF,47.66999816894531,-1.1406118578065698,0.0052194643945718,48.11933620141748,US
DXC,DXC Technology Company,Technology,Information Technology Services,11.390000343322754,-2.39931217772632,0.0089129191848743,56.81645983519808,US
DXCM,"DexCom, Inc.",Healthcare,Medical Devices,83.02999877929688,-7.446215999719011,-0.069927258118533,40.44319151936667,US
DXIV,Dimensional International Vector Equity ETF,ETF,ETF,74.1240005493164,-1.3718292152570433,-0.0119554558421148,49.85246481179012,US
DXJ,WisdomTree Japan Hedged Equity Fund,ETF,ETF,177.22000122070312,-1.5663142471617115,0.1693321584106265,49.40236506918795,US
DXJJF,WisdomTree Issuer ICAV - WisdomTree Japan Equity UCITS ETF,MUTUALFUND,MUTUALFUND,55.94279861450195,4.377120984364503,0.0513131491557543,68.35347319475056,US
DYFI,IDX Dynamic Fixed Income ETF,ETF,ETF,22.475000381469727,-0.4870432032851157,-0.0016829697671768,36.86366303033159,US
DYLG,Global X Dow 30 Covered Call & Growth ETF,ETF,ETF,28.43600082397461,-1.5544379482409572,0.0066303906565384,48.33687135562181,US
DYNB,Hartford Dynamic Bond ETF,ETF,ETF,38.30009841918945,-0.9053120126144584,-0.0034936269069262,28.3506877424032,US
DYTA,SGI Dynamic Tactical ETF,ETF,ETF,31.690000534057617,-0.1889746958815207,0.0075132114636513,50.15356795996887,US
EACO,EACO Corporation,Technology,Electronics & Computer Distribution,135.0,3.8461538461538463,0.1023785762939093,82.79066956652758,US
EAFG,Pacer Developed Markets Cash Cows Growth Leaders ETF,ETF,ETF,25.475000381469727,-1.4125378055836006,0.0017070259678395,45.06436104320347,US
EAGG,iShares ESG U.S. Aggregate Bond ETF,ETF,ETF,45.95000076293945,-1.033813351456774,-0.0142381583303424,31.223899727464257,US
EAGL,Eagle Capital Select Equity ETF,ETF,ETF,34.93000030517578,-3.614793908989791,-0.0157028161963825,46.759101852928616,US
EALT,Innovator U.S. Equity 5 To 15 Buffer ETF - Quarterly,ETF,ETF,36.38999938964844,-1.0361440258558274,-0.003513051223168,47.32745037529188,US
EAPR,Innovator Emerging Markets Power Buffer ETF - April,ETF,ETF,33.43000030517578,-2.016530056645761,-0.0385638839090262,48.67747675628527,US
EASG,Xtrackers MSCI EAFE Selection Equity ETF,ETF,ETF,38.049800872802734,-1.0132849944306788,-0.024807951946031,50.30625537717219,US
EASY,Liberty One Defensive Dividend Growth ETF,ETF,ETF,26.94029998779297,-1.2126431805379518,0.0215361365665117,44.1399980755432,US
EAT,"Brinker International, Inc.",Consumer Cyclical,Restaurants,212.4900054931641,-7.160957287658301,-0.1075840502885761,40.58720293156786,US
EBAY,eBay Inc.,Consumer Cyclical,Internet Retail,107.75,1.785376326045121,0.1970126747817806,54.04220893679204,US
EBC,"Eastern Bankshares, Inc.",Financial Services,Banks - Regional,21.600000381469727,-1.5096274625917567,0.0073922211262773,37.98866953388013,US
EBF,"Ennis, Inc.",Industrials,Specialty Business Services,21.299999237060547,0.0,0.0149254263666711,44.28167805859955,US
EBI,Longview Advantage ETF,ETF,ETF,66.89440155029297,-1.5419030522742987,-0.0082400415563128,47.77153169525796,US
EBIT,Harbor Small Cap Earners ETF,ETF,ETF,39.44400024414063,-1.4663586015704764,0.0003703040043252,42.32562464801322,US
EBIZ,Global X E-commerce ETF,ETF,ETF,28.420000076293945,-3.8077508786424654,0.0264274899924726,36.23802774299748,US
EBS,Emergent BioSolutions Inc.,Healthcare,Drug Manufacturers - Specialty & Generic,6.230000019073486,0.0,0.0030847128181851,54.436258338996616,US
EBUF,Innovator Emerging Markets 10 Buffer ETF - Quarterly,ETF,ETF,31.802099227905277,-1.6784726304179431,-0.0262412069942938,46.86022879804143,US
ECC,Eagle Point Credit Company,Financial Services,Asset Management,3.700000047683716,-4.114027934037497,-0.0026977045422964,42.98884500184801,US
ECG,"Everus Construction Group, Inc.",Industrials,Engineering & Construction,119.41999816894533,3.798344199279647,0.3409366759119514,45.41686069390597,US
ECH,iShares MSCI Chile ETF,ETF,ETF,39.47999954223633,-3.824603468949154,-0.0542846160956811,39.60360566833963,US
ECHO,EchoStar Corporation,Communication Services,Telecom Services,93.13999938964844,3.7309259828081593,0.0499982616167943,58.15878015286537,US
ECL,Ecolab Inc.,Basic Materials,Specialty Chemicals,276.17999267578125,-1.0001105970941295,0.2391594779728678,45.30183105585138,US
ECML,EA Series Trust - Euclidean Fundamental Value ETF,ETF,ETF,41.47800064086914,-1.6852699733163778,0.0019650316763411,50.390377713231175,US
ECNS,iShares MSCI China Small-Cap ETF,ETF,ETF,27.809999465942383,-4.070370177620281,-0.0349751199860327,33.795004860558265,US
ECO,Okeanis Eco Tankers Corp.,Industrials,Marine Shipping,76.1500015258789,9.473841573576935,0.1807514829348084,77.02647546414603,US
ECOW,Pacer Emerging Markets Cash Cows 100 ETF,ETF,ETF,27.31999969482422,-0.2337170667369315,-0.0112269160642548,55.634954869590985,US
ECPG,"Encore Capital Group, Inc.",Financial Services,Credit Services,98.55999755859376,1.681623076742043,0.1184382024292755,52.127769660985024,US
ECVT,Ecovyst Inc.,Basic Materials,Specialty Chemicals,9.920000076293944,-2.840352211258756,-0.0155253848163717,34.864538294673466,US
ECX,ECARX Holdings Inc.,Consumer Cyclical,Auto Parts,1.0700000524520874,0.9434066238083006,0.0016831966072375,49.72499431288798,US
ED,"Consolidated Edison, Inc.",Utilities,Utilities - Regulated Electric,106.45999908447266,-2.105747968301006,-0.0631580555213089,44.01601396120363,US
EDC,Direxion Daily MSCI Emerging Markets Bull 3X Shares,ETF,ETF,81.62000274658203,1.2152819498401366,-0.1003293073281801,53.55580382543264,US
EDEN,iShares MSCI Denmark ETF,ETF,ETF,115.22000122070312,-3.831062875738614,-0.1269271525426436,44.63428919191009,US
EDGE,MRBL Enhanced Equity ETF,ETF,ETF,51.797000885009766,-1.0204283955003617,0.0126486297832107,53.73097965261283,US
EDGF,3EDGE Dynamic Fixed Income ETF,ETF,ETF,24.59000015258789,-0.2029189866033525,-0.0015480701845148,40.50820454596895,US
EDGH,3EDGE Dynamic Hard Assets ETF,ETF,ETF,34.71099853515625,-1.341557400120481,-0.0049997456194294,50.89728106465835,US
EDGI,3EDGE Dynamic International Equity ETF,ETF,ETF,32.099998474121094,-0.4959697945963971,0.006069180889433,54.68435420849636,US
EDGQ,Global X Nasdaq-100 Income Edge ETF,EQUITY,EQUITY,27.068099975585938,-1.5024891105318323,-0.0150593806826474,47.30775463991577,US
EDGU,3EDGE Dynamic US Equity ETF,ETF,ETF,31.61000061035156,-1.4650910033556968,-0.0044849304361219,44.3150583020244,US
EDGX,Global X U.S. 500 Income Edge ETF,EQUITY,EQUITY,26.624500274658203,-1.365167841450594,-0.0045043731864102,47.17427967064596,US
EDIT,"Editas Medicine, Inc.",Healthcare,Biotechnology,2.700000047683716,-12.337658618026795,-0.0082719045961675,41.3601085534822,US
EDOG,ALPS Emerging Sector Dividend Dogs ETF,ETF,ETF,25.11000061035156,-1.3359534082333009,-0.0143136732944638,51.65252783663994,US
EDU,New Oriental Education & Technology Group Inc.,Consumer Defensive,Education & Training Services,55.81999969482422,-4.122297278526099,-0.0284143131045164,49.376243602968046,US
EDV,Vanguard Extended Duration Treasury Index Fund ETF Shares,ETF,ETF,59.02000045776367,-1.797001736734596,-0.0377035699480882,39.500127912187295,US
EDZ,Direxion Daily MSCI Emerging Markets Bear 3X Shares,ETF,ETF,14.18000030517578,-1.4593469988652006,0.0148158758906922,44.09596125645253,US
EE,"Excelerate Energy, Inc.",Energy,Oil & Gas Midstream,38.40999984741211,-3.2493725207471,-0.0677718751525421,48.53825208111631,US
EEMO,Invesco S&P Emerging Markets Momentum ETF,ETF,ETF,22.850000381469727,2.696630927953827,-0.0119273455309102,57.20609503200472,US
EEMV,iShares MSCI Emerging Markets Min Vol Factor ETF,ETF,ETF,75.93000030517578,-0.1446615058221289,-0.0094682275846592,56.39256278917447,US
EEMX,State Street SPDR MSCI Emerging Markets Fossil Fuel Reserves Free ETF,ETF,ETF,53.59000015258789,0.4630441761307056,-0.0199944821013038,55.47191316340194,US
EES,WisdomTree U.S. SmallCap Earnings Fund,ETF,ETF,67.05999755859375,-1.71479663018505,0.012731771436969,43.15652553778124,US
EEV,ProShares UltraShort MSCI Emerging Markets,ETF,ETF,10.520000457763672,-1.0348039086830387,0.0070609134702642,44.27766213328828,US
EFAA,Invesco MSCI EAFE Income Advantage ETF,ETF,ETF,56.310001373291016,-1.3489846409653563,0.0001371319171042,48.05628888190452,US
EFAD,ProShares MSCI EAFE Dividend Growers ETF,ETF,ETF,43.7599983215332,-2.781486464062505,-0.0057806155152592,40.48525912179666,US
EFAV,iShares MSCI EAFE Min Vol Factor ETF,ETF,ETF,93.9800033569336,-1.240017086764396,0.0159822514951167,53.20710314282841,US
EFAX,State Street SPDR MSCI EAFE Fossil Fuel Reserves Free ETF,ETF,ETF,54.970001220703125,-1.6707178719360585,0.0086654767417114,45.72625322607252,US
EFC,Ellington Financial Inc.,Real Estate,REIT - Mortgage,12.890000343322754,-3.445693071181249,-0.0185595141666587,32.98266790803834,US
EFFE,Harbor Osmosis Emerging Markets Resource Efficient ETF,ETF,ETF,28.558000564575195,-1.056717236548428,-0.0135966691893385,56.15231326913128,US
EFFI,Harbor Osmosis International Resource Efficient ETF,ETF,ETF,27.239999771118164,-1.5575865101626578,0.0046111112505196,51.92846573121936,US
EFG,iShares MSCI EAFE Growth ETF,ETF,ETF,121.7699966430664,-1.8537946783389576,0.0106714599032528,42.171488525525625,US
EFIV,State Street SPDR S&P 500 ESG ETF,ETF,ETF,74.0999984741211,-1.8802942691545848,0.0004658376854393,46.66670562640824,US
EFNL,iShares MSCI Finland ETF,ETF,ETF,55.91999816894531,2.2116598514366785,0.0154228502261237,63.88902546111411,US
EFO,ProShares Ultra MSCI EAFE,ETF,ETF,75.93000030517578,-2.9896466567664213,0.0284998162741271,46.7043448495797,US
EFOR,"Everforth, Inc.",Technology,Information Technology Services,31.46999931335449,-1.1310104028101005,0.0685464107379272,56.0684547543178,US
EFRA,iShares Environmental Infrastructure and Industrials ETF,ETF,ETF,34.775001525878906,-1.826546617824356,0.0068379981069303,35.60403662526602,US
EFV,iShares MSCI EAFE Value ETF,ETF,ETF,82.30000305175781,-0.9388526265117596,0.0260236002649784,56.24525837999167,US
EFZ,ProShares Short MSCI EAFE,ETF,ETF,22.56999969482422,1.5294654052596834,-0.0046521713875329,53.26692752426894,US
EGBN,"Eagle Bancorp, Inc.",Financial Services,Banks - Regional,27.600000381469727,-0.5763683216603277,0.0028201760570805,48.14707482001164,US
EGGQ,NestYield Visionary ETF,ETF,ETF,52.95700073242188,5.835685705897407,-0.0267961560497526,52.829737644133616,US
EGGS,NestYield Total Return Guard ETF,ETF,ETF,36.15499877929688,3.155579330825321,0.0039571148647022,48.746731624611385,US
EGGY,NestYield Dynamic Income ETF,ETF,ETF,34.06999969482422,6.203234882122532,-0.0189701182234297,52.83485718350399,US
EGUS,Ishares ESG Aware MSCI USA Growth ETF,ETF,ETF,58.06700134277344,-1.0480179136449048,0.0200303288034205,48.6297872672866,US
EGY,"VAALCO Energy, Inc.",Energy,Oil & Gas E&P,6.320000171661377,4.635765092330359,0.0053393986926401,69.92248987951001,US
EH,EHang Holdings Limited,Industrials,Aerospace & Defense,4.53000020980835,-0.6578888892025976,0.0087156200273527,37.08180159010976,US
EHLS,Even Herd Long Short ETF,ETF,ETF,25.434999465942383,-0.7027144516266524,-0.0154832692557437,44.32765189728308,US
EHY,Amplify Ethereum Max Income Covered Call ETF,ETF,ETF,8.630000114440918,3.9633837758634334,0.022004182273678,67.04409000475749,US
EIG,"Employers Holdings, Inc.",Financial Services,Insurance - Specialty,49.65999984741211,-0.4610133194029467,0.0184990947504554,55.90964037567124,US
EIKN,"Eikon Therapeutics, Inc.",Healthcare,Biotechnology,8.9399995803833,-18.430661046833325,-0.0710505782772044,37.47421119474847,US
EIM,Eaton Vance Municipal Bond Fund,Financial Services,Asset Management,9.289999961853027,-2.00421507972436,-0.0014873256147064,25.777296549536487,US
EINC,VanEck Energy Income ETF,ETF,ETF,119.94000244140624,-1.5432582975928577,-0.1145002527756533,46.55355015455389,US
EIPI,FT Energy Income Partners Enhanced Income ETF,ETF,ETF,22.68000030517578,-0.7874028887570227,-0.0133195009831729,52.30940192961664,US
EIPX,FT Energy Income Partners Strategy ETF,ETF,ETF,33.55899810791016,-0.4479412063587191,-0.0165775442361248,57.51670237521781,US
EIRL,iShares MSCI Ireland ETF,ETF,ETF,84.4800033569336,0.1066524089774984,0.013122011903314,62.09908428353452,US
EIS,iShares MSCI Israel ETF,ETF,ETF,123.72000122070312,-1.8017276621600615,-0.0503459508402178,51.518129848498674,US
EIX,Edison International,Utilities,Utilities - Regulated Electric,56.0,-0.5328583323728833,0.1475991185381193,33.788592258148086,US
EJAN,Innovator Emerging Markets Power Buffer ETF - January,ETF,ETF,36.85639953613281,-0.8170083760117134,-0.0198676819928509,53.43413251179392,US
EJUL,Innovator Emerging Markets Power Buffer ETF - July,ETF,ETF,31.030000686645508,-2.623481314165993,-0.0430246669419216,46.29934854786477,US
EKG,First Trust Nasdaq Lux Digital Health Solutions ETF,ETF,ETF,21.899999618530277,-0.0684521851260408,0.0393931421513246,58.3352094267654,US
EL,The Estée Lauder Companies Inc.,Consumer Defensive,Household & Personal Products,97.12000274658205,-3.708108111379175,-0.18883997509728,51.86104218630808,US
ELCV,Eventide High Dividend ETF,ETF,ETF,31.440000534057617,-1.060515116774608,-0.0030282126534361,44.65496798658355,US
ELD,WisdomTree Emerging Markets Local Debt Fund,ETF,ETF,28.809999465942383,-0.6551742553710938,-0.0057185497122061,50.70271651280169,US
ELF,"e.l.f. Beauty, Inc.",Consumer Defensive,Household & Personal Products,96.91000366210938,-9.775625772279948,-0.2806018124560374,47.94503726852764,US
ELFY,ALPS Electrification Infrastructure ETF,ETF,ETF,40.2400016784668,-0.6174363784552616,-0.0038953348835376,42.13030619398119,US
ELIL,Direxion Daily LLY Bull 2X Shares,ETF,ETF,25.888999938964844,-7.950222439236112,0.0249165234356667,34.197736973959195,US
ELM,Elm Market Navigator ETF,ETF,ETF,29.520000457763672,-0.9395932431724916,-0.0013466386817768,46.798328745145945,US
ELMT,The Elmet Group Co.,Industrials,Aerospace & Defense,16.190000534057617,-1.0995741963823296,0.0103689373267819,46.91049123341822,US
ELTP,"Elite Pharmaceuticals, Inc.",Healthcare,Drug Manufacturers - Specialty & Generic,0.259799987077713,-0.0769243818768861,0.0008096974433131,22.88956563649312,US
ELV,"Elevance Health, Inc.",Healthcare,Healthcare Plans,418.7200012207031,1.389281048572223,0.6295939323495752,61.96821994910688,US
EMAT,Evolution Metals & Technologies Corp.,Basic Materials,Other Industrial Metals & Mining,3.0799999237060547,-6.382979956896239,-0.0083168747427388,43.31050748089984,US
EMB,iShares J.P. Morgan USD Emerging Markets Bond ETF,ETF,ETF,93.33999633789062,-1.1752256709545832,-0.0334031699776486,34.454832273509965,US
EMBD,Global X Emerging Markets Bond ETF,ETF,ETF,23.239999771118164,-0.7685751690410116,-0.0054790412488732,34.15181065037709,US
EMBX,VanEck Emerging Markets Bond ETF,ETF,ETF,50.540000915527344,-0.9019589891620712,-0.010322233076489,39.38726961530009,US
EMC,Global X Emerging Markets Great Consumer ETF,ETF,ETF,37.5880012512207,0.2052722162809495,-0.0100879765892626,55.48389468408112,US
EMCB,WisdomTree Emerging Markets Corporate Bond Fund,ETF,ETF,65.20999908447266,-0.8514483612229072,-0.0226271584027313,34.79337428872881,US
EMCR,Xtrackers Emerging Markets Carbon Reduction and Climate Improvers ETF,ETF,ETF,43.8129997253418,-0.1231013148343954,-0.0141876585059466,52.859722238472855,US
EMCS,Xtrackers MSCI Emerging Markets Select ETF,ETF,ETF,46.97499847412109,1.330939087948526,-0.010982839529241,58.284367400303424,US
EMD,Western Asset Emerging Markets Debt Fund Inc.,Financial Services,Asset Management,10.109999656677246,-2.7884612739438746,-0.0071769328638848,31.69209020806005,US
EMDV,ProShares MSCI Emerging Markets Dividend Growers ETF,ETF,ETF,47.125,-2.153147244134216,-0.0295645717130621,43.95828804393325,US
EME,"EMCOR Group, Inc.",Industrials,Engineering & Construction,780.6599731445312,5.306745458322297,2.384884413792109,52.37353736480387,US
EMEM,Sophus Capital Emerging Market ETF,ETF,ETF,25.805200576782227,-2.91497121575536,-0.0460959518505084,48.766766069481776,US
EMEQ,Nomura Focused Emerging Markets Equity ETF,ETF,ETF,66.55000305175781,2.2367672015040787,-0.0359652207968763,55.07856965579529,US
EMES,Harbor Emerging Markets Select ETF,ETF,ETF,28.649999618530277,0.7525629074227627,-0.0027589743242294,55.66928961662262,US
EMFI,Pictet Emerging Markets Debt ETF,EQUITY,EQUITY,49.29899978637695,-1.263770308315857,-0.0070029070654982,42.65278462281136,US
EMHC,State Street SPDR Bloomberg Emerging Markets USD Bond ETF,ETF,ETF,24.530000686645508,-1.128572290705769,-0.0084696117885539,33.18471571901313,US
EMHY,iShares J.P. Morgan EM High Yield Bond ETF,ETF,ETF,39.7400016784668,-0.7244494371058082,-0.0082874584900844,36.942550432587936,US
EMIF,iShares Emerging Markets Infrastructure ETF,ETF,ETF,26.540000915527344,0.4542045378004083,-0.0173302017737113,59.441338617401,US
EMKT,Lazard Emerging Markets Opportunities ETF,ETF,ETF,30.90439987182617,-3.151363147585509,-0.0518272161914846,44.63650156471563,US
EMLC,VanEck J.P. Morgan EM Local Currency Bond ETF,ETF,ETF,25.440000534057617,-0.7413134332045818,-0.0057472447027498,46.77979083547037,US
EMLP,First Trust North American Energy Infrastructure Fund,ETF,ETF,43.790000915527344,-0.9947968149735535,-0.0215740619332351,44.43014158427613,US
EMM,Global X Emerging Markets ex-China ETF,ETF,ETF,45.14300155639648,0.3958665700090054,-0.0251169705931034,58.49492156857599,US
EMMF,WisdomTree Emerging Markets Multifactor Fund,ETF,ETF,38.5,0.1300370248854176,-0.0141081901290044,55.490863570138615,US
EMMY,Corgi Emerging Markets Equities,ETF,ETF,25.059999465942383,0.2801108261918429,-0.0093226219729443,57.74560464414117,US
EMN,Eastman Chemical Company,Basic Materials,Specialty Chemicals,68.11000061035156,-3.7586493696343184,-0.0158776386588133,37.5027712566022,US
EMNT,PIMCO Enhanced Short Maturity Active ESG Exchange-Traded Fund,ETF,ETF,98.59500122070312,-0.0506821674333701,-0.0008270649809598,49.29167449289942,US
EMO,ClearBridge Energy Midstream Opportunity Fund Inc,Financial Services,Asset Management,54.61000061035156,0.6079621195211866,-0.036497247269164,55.87004395598416,US
EMOT,First Trust S&P 500 Economic Moat ETF,ETF,ETF,26.18899917602539,-2.5199138888792256,0.0098243380340522,37.23599893897449,US
EMPB,Efficient Market Portfolio Plus ETF,ETF,ETF,34.626399993896484,0.1341762879842558,0.0160087785895979,52.34030738833379,US
EMQQ,EMQQ The Emerging Markets Internet ETF,ETF,ETF,32.279998779296875,-3.756714674528082,-0.0062566954818485,35.855682917915246,US
EMR,Emerson Electric Co.,Industrials,Specialty Industrial Machinery,152.19000244140625,1.318151680340929,0.2810890569809317,49.08862854261309,US
EMTY,ProShares Decline of the Retail Store ETF,ETF,ETF,24.518999099731445,1.092600778494569,-0.025205029572191,57.27817166522336,US
EMXC,iShares MSCI Emerging Markets ex China ETF,ETF,ETF,100.58999633789062,1.3501222548016372,-0.044794121965384,58.3136803008633,US
EMXF,iShares ESG Advanced MSCI EM ETF,ETF,ETF,58.209999084472656,0.2808038261714634,-0.0100701878165717,58.0327715365161,US
ENDW,Cambria Endowment Style ETF,ETF,ETF,35.060001373291016,-1.128025159359897,-0.0139882655918705,49.462484809737255,US
ENFR,ENFR,N/A,N/A,39.540000915527344,-1.2240766393002074,-0.0346678584897821,48.65750428748233,US
ENHA,Enhanced Group Inc.,Consumer Defensive,Packaged Foods,1.559999942779541,-0.6369496393919112,0.0012680483793601,33.63340099557894,US
ENHI,Ishares Enhanced International Active ETF,ETF,ETF,27.174999237060547,-2.142604288422978,-0.0070651668896296,43.87751105171738,US
ENHU,iShares Enhanced Large Cap Core Active ETF,ETF,ETF,28.53400039672852,-1.1261612114449908,0.0082456801559159,50.33585663616181,US
ENOR,iShares MSCI Norway ETF,ETF,ETF,36.900001525878906,-0.565882729773059,-0.043033587050516,58.281466451963794,US
ENOV,Enovis Corporation,Healthcare,Medical Devices,19.280000686645508,-0.6185512074451094,0.1205666322088085,34.50300954510922,US
ENPH,"Enphase Energy, Inc.",Technology,Solar,36.34999847412109,0.1101545010116669,-0.0218035971736825,43.43695117198385,US
ENR,"Energizer Holdings, Inc.",Industrials,Electrical Equipment & Parts,20.57999992370605,-0.338981579260682,0.0300076123599878,44.39504101493231,US
ENS,EnerSys,Industrials,Electrical Equipment & Parts,179.4499969482422,-0.3000214058787749,0.146713855226328,38.187592135377805,US
ENTA,"Enanta Pharmaceuticals, Inc.",Healthcare,Biotechnology,12.960000038146973,-7.5606304208764605,-0.016572546589249,43.38357102521847,US
ENTG,"Entegris, Inc.",Technology,Semiconductor Equipment & Materials,140.3699951171875,7.398621572098947,0.2301036402154772,50.00948036858004,US
ENVA,"Enova International, Inc.",Financial Services,Credit Services,223.47999572753903,-4.155767258867187,0.3019605579735205,38.86169384125355,US
ENVX,Enovix Corporation,Industrials,Electrical Equipment & Parts,3.0999999046325684,-8.011869142295854,-0.0053600158843154,35.59423931316245,US
ENZL,iShares MSCI New Zealand ETF,ETF,ETF,45.79999923706055,-4.324210864866877,-0.0397104628678277,35.892110725472975,US
EOCT,Innovator Emerging Markets Power Buffer ETF - October,ETF,ETF,35.15999984741211,0.005685480725298,-0.0049654957063116,66.37254241710153,US
EOG,"EOG Resources, Inc.",Energy,Oil & Gas E&P,147.36000061035156,0.9591626692843704,0.0518957045394727,54.45698842941243,US
EOI,Eaton Vance Enhanced Equity Income Fund,Financial Services,Asset Management,19.709999084472656,-1.5484583726410377,0.0002140208416147,42.93330976918132,US
EOLS,"Evolus, Inc.",Healthcare,Drug Manufacturers - Specialty & Generic,7.840000152587891,-13.370165885584589,-0.0463184974878233,43.4916542474673,US
EOS,Eaton Vance Enhanced Equity Income Fund II,Financial Services,Asset Management,21.229999542236328,-1.8038912204357664,-0.0016606630494251,41.59659627066898,US
EOSE,"Eos Energy Enterprises, Inc.",Industrials,Electrical Equipment & Parts,3.950000047683716,12.85714421953474,-0.0098592802126554,51.93044218425776,US
EOSU,T-Rex 2X Long Eose Daily Target ETF,ETF,ETF,7.71999979019165,22.53967549945663,-0.0526861793414865,47.44213305168461,US
EPAC,Enerpac Tool Group Corp.,Industrials,Specialty Industrial Machinery,35.220001220703125,-4.656192392931595,-0.0547694873984638,37.31803710878375,US
EPAI,Harbor AI Inflection Strategy ETF,ETF,ETF,26.926000595092773,2.6965206000418878,0.0326793093333476,49.45328646017077,US
EPAM,"EPAM Systems, Inc.",Technology,Information Technology Services,117.91000366210938,-1.6433046683711248,0.0323026984974195,63.62315736605249,US
EPC,Edgewell Personal Care Company,Consumer Defensive,Household & Personal Products,26.93000030517578,-4.994481648402478,-0.014253508890185,42.28148228271204,US
EPD,Enterprise Products Partners L.P.,Energy,Oil & Gas Midstream,38.900001525878906,-0.6892945000964144,-0.0286447124656799,53.46486838283943,US
EPEM,Harbor Emerging Markets Equity ETF,ETF,ETF,30.46999931335449,-0.108189180619217,-0.0150421902376982,56.65075307561815,US
EPHE,iShares MSCI Philippines ETF,ETF,ETF,24.1200008392334,-1.1475359986654812,0.0053281611262997,36.83503315760466,US
EPIN,Harbor International Equity ETF,ETF,ETF,28.582000732421875,-1.0284254324689668,0.0023798732735653,48.57794762392965,US
EPMB,Harbor Mid Cap Core ETF,ETF,ETF,26.257999420166016,-0.9281628909141796,0.0150726990228905,45.4132680876076,US
EPMV,Harbor Mid Cap Value ETF,ETF,ETF,25.94890022277832,-2.3339230519185907,0.0006853974428308,36.571357381200734,US
EPOL,iShares MSCI Poland ETF,ETF,ETF,45.560001373291016,2.267120434404545,0.0113054877957399,63.25871374171143,US
EPR,EPR Properties,Real Estate,REIT - Specialty,59.18000030517578,-2.149469654265936,-0.0186281206612195,43.06981432402887,US
EPRF,Innovator S&P Investment Grade Preferred ETF,ETF,ETF,16.184999465942383,-1.6049604748972437,-0.0002167506924578,33.719746330856495,US
EPRT,"Essential Properties Realty Trust, Inc.",Real Estate,REIT - Retail,28.790000915527344,-3.063972471501194,-0.025823322689905,27.080101875675936,US
EPSB,Harbor SMID Cap Core ETF,ETF,ETF,26.53420066833496,-2.23212503661491,-0.0075716429148158,38.104576610436105,US
EPSV,Harbor SMID Cap Value ETF,ETF,ETF,29.920000076293945,-1.1660576504033482,0.0204176499647692,41.0769002520506,US
EPU,iShares MSCI Peru ETF,ETF,ETF,90.72000122070312,-1.903116427707736,-0.0932317294300744,49.09731428786141,US
EPV,ProShares UltraShort FTSE Europe,ETF,ETF,17.809999465942383,4.212985997226364,-0.0018476005814238,58.88582703568121,US
EQAL,Invesco Russell 1000 Equal Weight ETF,ETF,ETF,59.86899948120117,-2.270647859033793,0.0024548851258589,40.72159266772112,US
EQBK,"Equity Bancshares, Inc.",Financial Services,Banks - Regional,50.04999923706055,-1.862746593998928,0.0104680928625259,49.553054239603526,US
EQIX,"Equinix, Inc.",Real Estate,REIT - Specialty,1037.719970703125,-0.2987986013922042,0.8023023444311828,47.1316794231203,US
EQL,ALPS Equal Sector Weight ETF,ETF,ETF,51.459999084472656,-1.5496486822217084,0.008448006660991,44.660531185182776,US
EQLT,iShares MSCI Emerging Markets Quality Factor ETF,ETF,ETF,39.073001861572266,-1.1060401886242843,-0.0139849833746522,50.2558244503639,US
EQPT,EquipmentShare.com Inc.,Industrials,Rental & Leasing Services,18.020000457763672,-0.6615156335299704,-0.0132227031100219,45.95923917381428,US
EQT,EQT Corporation,Energy,Oil & Gas E&P,54.06999969482422,-2.769287715563663,-0.0765406906399537,49.49432704639891,US
EQWL,Invesco S&P 100 Equal Weight ETF,ETF,ETF,132.47000122070312,-2.040963243389259,0.0214017072428064,45.041450687746085,US
EQX,Equinox Gold Corp.,Basic Materials,Gold,12.399999618530272,-5.487806961197449,-0.010275143879238,52.22389319625422,US
ERAS,"Erasca, Inc.",Healthcare,Biotechnology,15.880000114440918,-2.3370240411555625,0.021909330972312,37.847205801646886,US
ERET,Ishares Environmentally Aware Real Estate ETF,ETF,ETF,28.152999877929688,-2.0424491922869583,0.0014039873665613,30.0659006263098,US
ERII,"Energy Recovery, Inc.",Industrials,Pollution & Treatment Controls,7.550000190734863,-1.3071882795547252,0.0128565302850942,41.85768788573959,US
ERTH,Invesco MSCI Sustainable Future ETF,ETF,ETF,44.84999847412109,-1.8814277566758872,0.0022900118478594,36.88028623546122,US
ERX,Direxion Daily Energy Bull 2X Shares,ETF,ETF,112.08000183105467,1.4298659104567308,-0.0625580922700219,65.33949086574839,US
ES,Eversource Energy,Utilities,Utilities - Regulated Electric,68.5199966430664,-4.127612323003815,-0.0908364877546164,34.552019013765644,US
ESAB,ESAB Corporation,Industrials,Metal Fabrication,70.69000244140625,-5.3681320892347095,0.0310412875304035,32.49703647225665,US
ESBA,"Empire State Realty OP, L.P.",Real Estate,REIT - Office,4.130000114440918,-7.399101365101379,0.0039078113367447,36.22776611929016,US
ESEA,Euroseas Ltd.,Industrials,Marine Shipping,74.55999755859375,-2.0429912230162177,0.0348468536506989,50.49196576681782,US
ESG,Northern Trust STOXX US ESG Select ETF,ETF,ETF,181.0030059814453,-1.2251130182746914,0.031375858328138,50.65053097838422,US
ESGD,iShares ESG Aware MSCI EAFE ETF,ETF,ETF,105.66000366210938,-1.3997759879980145,0.0161404408611743,47.6249845398063,US
ESGE,iShares ESG Aware MSCI EM ETF,ETF,ETF,54.86000061035156,0.6790216929484528,-0.0237099955408148,56.70456880156559,US
ESGG,Northern Trust STOXX Global ESG Select ETF,ETF,ETF,238.8489990234375,-1.1816068289780188,0.033390016322558,50.21922641279369,US
ESGU,iShares ESG Aware MSCI USA ETF,ETF,ETF,167.14999389648438,-1.32239536054981,0.0313040269362027,49.12602387122165,US
ESGV,Vanguard ESG U.S. Stock ETF,ETF,ETF,135.3000030517578,-1.3345013971366488,0.0253810113603977,49.96780916758053,US
ESIM,Eventide International ETF,EQUITY,EQUITY,28.82999992370605,-2.575017418930268,-0.02710476915682,40.1143071178718,US
ESLG,Eventide Large Cap Growth ETF,EQUITY,EQUITY,28.040000915527344,-2.3336753406852955,0.0079021677061498,41.65451434506954,US
ESLV,Eventide Large Cap Value ETF,EQUITY,EQUITY,28.616600036621094,-1.6611695481504256,0.0099615051082359,38.93215357842738,US
ESML,iShares ESG Aware MSCI USA Small-Cap ETF,ETF,ETF,53.790000915527344,-2.324312305048326,0.004166156113665,40.00965858442692,US
ESMV,iShares ESG Optimized MSCI USA Min Vol Factor ETF,ETF,ETF,31.364500045776367,-1.1581378454281848,0.0154324229598349,46.51005181300092,US
ESNT,Essent Group Ltd.,Financial Services,Insurance - Specialty,68.18000030517578,-2.082431431046783,-0.0236932455694381,51.58089554010595,US
ESPO,VanEck Video Gaming and eSports ETF,ETF,ETF,97.22000122070312,0.3716710799949022,0.0886051547107461,52.55433126032275,US
ESQ,"Esquire Financial Holdings, Inc.",Financial Services,Banks - Regional,119.86000061035156,-1.1382359598592149,0.1288337338829492,51.84472085291373,US
ESRT,"Empire State Realty Trust, Inc.",Real Estate,REIT - Diversified,4.28000020980835,-3.1674177391187275,0.0029960229002257,32.47589490758004,US
ESSC,Eventide Small Cap ETF,EQUITY,EQUITY,29.504100799560547,-3.106403742787936,0.0033601820501518,35.493342264633554,US
ESTC,Elastic N.V.,Technology,Software - Application,83.38999938964844,-13.25288487233006,-0.2956182067875135,50.02823902317476,US
ESUM,Strategy Shares - Eventide US Market ETF,EQUITY,EQUITY,30.209999084472656,-2.296251584959212,0.0045226506940941,40.77875841505868,US
ET,Energy Transfer LP,Energy,Oil & Gas Midstream,21.549999237060547,0.5130536392860432,-0.0112241064546151,62.365739624841474,US
ETB,Eaton Vance Tax-Managed Buy-Write Income Fund,Financial Services,Asset Management,15.5,-0.7046743055512705,0.0010202515108417,47.76962954595943,US
ETCO,Grayscale Ethereum Covered Call ETF,EQUITY,EQUITY,8.835000038146973,0.1814241247694485,-0.0088913021741393,58.07330773027674,US
ETD,Ethan Allen Interiors Inc.,Consumer Cyclical,"Furnishings, Fixtures & Appliances",21.93000030517578,0.2743459700044801,-0.0158582097784537,64.52423209479417,US
ETEC,iShares Breakthrough Environmental Solutions ETF,ETF,ETF,25.27400016784668,-0.6368951520682314,0.0173862847752804,36.02816006193946,US
ETFT,Fundsmith Equity ETF,EQUITY,EQUITY,9.899999618530272,-1.0593638936753167,0.0098517279096097,45.95504739104843,US
ETG,Eaton Vance Tax-Advantaged Global Dividend Income Fund,Financial Services,Asset Management,23.200000762939453,-3.654481576224044,-0.0072994151596875,36.41534647273979,US
ETHA,iShares Ethereum Trust ETF,ETF,ETF,19.15999984741211,0.7360640708675267,0.0072755892525522,69.75676556292898,US
ETHB,iShares Staked Ethereum Trust ETF,ETF,ETF,32.68000030517578,0.8222787415365687,0.0112215852174544,70.19561157286681,US
ETHD,Proshares UltraShort Ether ETF,ETF,ETF,28.46999931335449,-1.9965574490140416,0.0403911120977058,27.27003671750532,US
ETHO,Amplify Etho Climate Leadership U.S. ETF,ETF,ETF,79.56999969482422,-1.6087379494419014,0.0318714699926228,41.76058986696957,US
ETHT,Proshares Ultra Ether ETF,ETF,ETF,17.81999969482422,1.1924990187065296,0.0197935516185649,68.13606318142567,US
ETHU,2x Ether ETF,ETF,ETF,27.709999084472656,1.1313849279499044,0.0306408702630252,68.47452739020615,US
ETHV,VanEck Ethereum ETF,ETF,ETF,37.119998931884766,0.8147725137073202,0.0136614872104123,70.14448257966689,US
ETHW,Bitwise Ethereum ETF,ETF,ETF,18.15999984741211,0.8328684987450791,0.0056710636810375,70.03050810176316,US
ETJ,Eaton Vance Risk-Managed Diversified Equity Income Fund,Financial Services,Asset Management,8.319999694824219,-1.0701564116625413,0.0005168029952445,43.08572382575672,US
ETN,Eaton Corporation plc,Industrials,Specialty Industrial Machinery,425.3699951171875,7.113718862648458,1.2166305544926177,54.39148527456486,US
ETO,Eaton Vance Tax-Advantaged Global Dividend Opportunities Fund,Financial Services,Asset Management,30.65999984741211,-2.820917309573149,-0.0138487981060669,37.47616165003719,US
ETON,"Eton Pharmaceuticals, Inc.",Healthcare,Drug Manufacturers - Specialty & Generic,57.08000183105469,-4.707845781282459,-0.0974035215355741,52.551172390656376,US
ETR,Entergy Corporation,Utilities,Utilities - Regulated Electric,105.33000183105467,-2.273146201512854,-0.1122801709691972,41.57651182489469,US
ETSY,"Etsy, Inc.",Consumer Cyclical,Internet Retail,72.76000213623047,-11.300739706223196,0.0815002819848149,36.390120817868976,US
ETTY,Amplify Ethereum 3% Monthly Option Income ETF,ETF,ETF,9.980999946594238,2.9393548318563805,0.0185225154031049,67.36838859578504,US
ETU,T-Rex 2X Long Ether Daily Target ETF,ETF,ETF,7.320000171661377,1.2448153852069286,0.0071581474888693,68.79149092277424,US
ETV,Eaton Vance Tax-Managed Buy-Write Opportunities Fund,Financial Services,Asset Management,15.239999771118164,-0.587085147004573,-0.0009705485515841,54.06557281502558,US
ETW,Eaton Vance Tax-Managed Global Buy-Write Opportunities Fund,Financial Services,Asset Management,9.649999618530272,-2.030464519734474,-0.0019302982090307,43.23080793554293,US
ETY,Eaton Vance Tax-Managed Diversified Equity Income Fund,Financial Services,Asset Management,14.149999618530272,-2.008310043491909,-0.0032452409141086,39.39605179121181,US
EUDG,WisdomTree Europe Quality Dividend Growth Fund,ETF,ETF,38.87900161743164,-2.7392741100629987,-0.0054508095204807,37.139390730405175,US
EUDV,ProShares MSCI Europe Dividend Growers ETF,ETF,ETF,52.79999923706055,-3.637326040111237,-0.0249049475274061,32.7455192073153,US
EUFN,iShares MSCI Europe Financials ETF,ETF,ETF,42.290000915527344,-1.811002518745336,0.0110931157733268,53.01558293752936,US
EUHY,"iShares, Inc. - iShares Euro High Yield Corporate Bond USD Hedged ETF",ETF,ETF,52.59999847412109,-0.7921576386578051,-0.0077499833582383,28.870350452638945,US
EUIG,iShares Euro Investment Grade Corporate Bond USD Hedged ETF,ETF,ETF,48.9634017944336,-1.0440536632619903,-0.0047007378754804,28.07094353674178,US
EUM,ProShares Short MSCI Emerging Markets,ETF,ETF,15.609999656677246,-0.446432698572262,0.0065994326498128,45.4336202631541,US
EUSB,iShares ESG Advanced Universal USD Bond ETF,ETF,ETF,42.209999084472656,-0.9852263033526292,-0.0123660339166499,31.33334511904781,US
EVAC,EQV Ventures Acquisition Corp. II,Financial Services,Shell Companies,10.300000190734863,0.0971839545083447,-0.0005365987579007,59.63349868181853,US
EVC,Entravision Communications Corporation,Communication Services,Advertising Agencies,8.609999656677246,2.378119059380005,0.0114536949649283,44.661178649728505,US
EVCM,EverCommerce Inc.,Technology,Software - Application,6.309999942779541,-20.4287505753765,-0.0040786229807715,15.936811115432093,US
EVER,"EverQuote, Inc.",Communication Services,Internet Content & Information,23.979999542236328,-5.254839793638589,0.0120259367570819,44.56481568133324,US
EVEX,"Eve Holding, Inc.",Industrials,Aerospace & Defense,2.109999895095825,-6.637172389398306,0.0026927703114878,34.359423835243334,US
EVGO,"EVgo, Inc.",Consumer Cyclical,Specialty Retail,1.3600000143051147,-5.555558315029741,0.00102402614767,42.944155486315616,US
EVH,"Evolent Health, Inc.",Healthcare,Health Information Services,4.190000057220459,-1.643196429586826,0.0028450339074682,43.67620488374057,US
EVHY,Eaton Vance High Yield ETF,ETF,ETF,51.595001220703125,-0.836051448778505,-0.0074759761557389,36.34348812685744,US
EVIM,Eaton Vance Intermediate Municipal Income ETF,ETF,ETF,51.29999923706055,-0.9078640458706844,0.0023490764514667,25.43552654673965,US
EVLU,iShares MSCI Emerging Markets Value Factor ETF,ETF,ETF,42.305999755859375,-1.0848742037365835,-0.015148860646476,55.63234118915673,US
EVLV,"Evolv Technologies Holdings, Inc.",Industrials,Security & Protection Services,4.949999809265137,-0.4024141201370643,0.0049336348736026,36.58554411490446,US
EVMN,"Evommune, Inc.",Healthcare,Biotechnology,10.539999961853027,-12.166666984558104,-0.0249249723451938,32.96505165748404,US
EVMO,Eaton Vance Mortgage Opportunities ETF,ETF,ETF,48.88999938964844,-1.2123707182645371,-0.0152303662458675,27.152100536969726,US
EVMT,Invesco Electric Vehicle Metals Commodity Strategy No K-1 ETF,ETF,ETF,17.75,-0.9486611359942764,-0.0116275517013962,46.47689560014183,US
EVN,Eaton Vance Municipal Income Trust,Financial Services,Asset Management,10.369999885559082,-2.354048989585643,-0.0007558764302499,34.75343311451985,US
EVNT,AltShares Event-Driven ETF,ETF,ETF,12.225000381469728,-0.2854799898751838,1.0091916455748362e-05,42.75464444222941,US
EVRG,EVRG,N/A,N/A,81.62000274658203,-0.3783687995106311,0.0161768362057462,47.04826918974916,US
EVSB,Eaton Vance Ultra-Short Income ETF,ETF,ETF,50.790000915527344,0.019696999745787,0.000170501563267,63.10517722767387,US
EVSM,Eaton Vance Short Duration Municipal Income ETF,ETF,ETF,49.720001220703125,-0.4604595369835849,-3.7921080653896544e-05,28.07477964542403,US
EVT,Eaton Vance Tax-Advantaged Dividend Income Fund,Financial Services,Asset Management,28.61000061035156,-1.616228729668421,-0.0004199927336571,47.524412086562656,US
EVTC,"EVERTEC, Inc.",Technology,Software - Infrastructure,29.270000457763672,-4.252532711934076,-0.0051298656504344,46.38099839524215,US
EVTR,Eaton Vance Total Return Bond ETF,ETF,ETF,49.31999969482422,-1.1623282832043396,-0.0157358305444393,31.873982283928044,US
EVV,Eaton Vance Limited Duration Income Fund,Financial Services,Asset Management,8.680000305175781,-3.9822971039421664,-0.0135710148019007,17.18869260272605,US
EVX,VanEck Environmental Services ETF,ETF,ETF,39.93999862670898,-1.7707851042920035,0.0095707897542053,38.95628308804118,US
EVYM,Eaton Vance High Income Municipal ETF,ETF,ETF,48.44850158691406,-1.5174267965056922,2.3194752003186103e-05,28.89563022703848,US
EW,Edwards Lifesciences Corporation,Healthcare,Medical Devices,84.37000274658203,-6.025836607565626,-0.1404283379621184,31.2532636726898,US
EWC,iShares MSCI Canada ETF,ETF,ETF,60.58000183105469,-3.025451180913495,-0.0127673842901155,44.9998588697392,US
EWI,iShares MSCI Italy ETF,ETF,ETF,61.959999084472656,-0.0967451996906663,0.0686460258507542,50.35932564246372,US
EWJ,iShares MSCI Japan ETF,ETF,ETF,98.55999755859376,0.6741532404781222,0.0776678138851197,61.56437658640533,US
EWJV,iShares MSCI Japan Value ETF,ETF,ETF,50.119998931884766,1.068761398802328,0.0524180404194331,70.31401733061654,US
EWK,iShares MSCI Belgium ETF,ETF,ETF,26.93000030517578,-3.476700095401615,-0.0128149556969877,43.7404706247777,US
EWN,iShares MSCI Netherlands ETF,ETF,ETF,67.83999633789062,-0.381794628570033,-0.0066719771475018,45.20480164330839,US
EWO,iShares MSCI Austria ETF,ETF,ETF,44.45000076293945,-0.202065897480741,-0.0126413815257514,58.50673362236938,US
EWS,iShares MSCI Singapore ETF,ETF,ETF,33.619998931884766,-1.9539281590954551,-0.0132718635559887,51.31559117959444,US
EWT,iShares MSCI Taiwan ETF,ETF,ETF,110.91000366210938,0.7082597186455465,-0.0573444657638031,60.457836132937885,US
EWTX,"Edgewise Therapeutics, Inc.",Healthcare,Biotechnology,44.400001525878906,5.8402877672981965,0.1072975464711333,55.96312410594629,US
EWU,iShares MSCI United Kingdom ETF,ETF,ETF,47.93999862670898,-1.5201349092598877,0.0101524845953543,46.14400392732758,US
EWV,ProShares UltraShort MSCI Japan,ETF,ETF,15.720000267028809,-1.7499983310699463,-0.0291086952767701,38.11629224649313,US
EWX,State Street SPDR S&P Emerging Markets Small Cap ETF,ETF,ETF,72.61000061035156,-1.2243252614943505,-0.055996987268141,50.78980828857831,US
EWY,iShares MSCI South Korea ETF,ETF,ETF,188.72000122070312,4.519275461034143,-0.0081628548286016,57.77598777367614,US
EWZ,iShares MSCI Brazil ETF,ETF,ETF,38.18999862670898,0.1573500050172321,-0.0583951100290733,65.13659448088393,US
EWZS,iShares MSCI Brazil Small-Cap ETF,ETF,ETF,13.369999885559082,-1.7634076206638034,-0.0256675851780487,57.87679807693057,US
EXC,Exelon Corporation,Utilities,Utilities - Regulated Electric,43.15999984741211,-2.153708342312992,-0.020688973456281,38.30930953768716,US
EXCE,"EXCO Resources, Inc.",Energy,Oil & Gas E&P,27.0,0.0,-0.1089957803774746,62.95718839106399,US
EXE,Expand Energy Corporation,Energy,Oil & Gas E&P,94.83000183105467,-4.260475608968933,-0.1883470228072594,45.76319206780098,US
EXLS,EXLS,N/A,N/A,35.2599983215332,-5.519832235091658,0.0157290377140197,48.83865336466558,US
EXP,Eagle Materials Inc.,Basic Materials,Building Materials,185.1199951171875,-4.370289613516269,0.0533836902111808,33.05729855041136,US
EXPD,"Expeditors International of Washington, Inc.",Industrials,Integrated Freight & Logistics,192.6000061035156,2.923102163187905,0.2785511977861077,65.31780389426606,US
EXPE,"Expedia Group, Inc.",Consumer Cyclical,Travel Services,280.8299865722656,-7.359644717984732,0.7122543236466958,39.25804271097897,US
EXR,Extra Space Storage Inc.,Real Estate,REIT - Industrial,137.63999938964844,-2.369127847290883,0.1453441216780433,33.40543932977282,US
EXTR,"Extreme Networks, Inc.",Technology,Communication Equipment,22.200000762939453,1.4161780810172713,0.0688075347557681,40.16474656093373,US
EXUS,Nomura Focused International Core ETF,ETF,ETF,28.315000534057617,-2.8544922062881324,-0.0264236434621871,44.695739120858896,US
EYE,"National Vision Holdings, Inc.",Consumer Cyclical,Specialty Retail,17.290000915527344,2.489626884411174,0.0500986022430439,38.33148265593249,US
EYEG,AB Corporate Bond ETF,ETF,ETF,33.98500061035156,-1.1374181015244809,-0.0047225406218444,30.721368144798163,US
EYES,Corgi Data & Surveillance ETF,ETF,ETF,28.766700744628903,0.1277452244251631,0.0309158105768145,40.60778556799433,US
EYLD,Cambria Emerging Shareholder Yield ETF,ETF,ETF,49.709999084472656,0.3229058524231796,-0.0280608638498565,65.60553903906288,US
EYPT,"EyePoint, Inc.",Healthcare,Biotechnology,4.230000019073486,-7.439828004739156,0.0299862519260751,28.32983249868505,US
EZA,iShares MSCI South Africa ETF,ETF,ETF,70.0999984741211,-2.3948777889330435,-0.0426160110078981,52.99608228917001,US
EZET,Franklin Ethereum ETF,ETF,ETF,19.239999771118164,0.7857496979115481,0.006623138816606,70.1290587795597,US
EZJ,ProShares Ultra MSCI Japan,ETF,ETF,71.12999725341797,1.209445772459926,0.1148313072758239,60.99626448011098,US
EZM,WisdomTree U.S. MidCap Earnings Fund,ETF,ETF,74.55000305175781,-2.3191780007127565,-0.0102161286076882,39.123010901908216,US
EZMO,Alphadroid Broad Markets Momentum ETF,ETF,ETF,26.58799934387207,-0.3149427802580269,0.0008634903125278,53.00628381979012,US
EZPW,"EZCORP, Inc.",Financial Services,Credit Services,32.470001220703125,-2.49248659271347,-0.0557805358420888,52.6990159202948,US
EZPZ,Franklin Crypto Index ETF,ETF,ETF,19.62800025939941,-4.68605901656836,-0.035012743547281,60.86857474691151,US
EZRO,Alphadroid Defensive Sector Rotation ETF,ETF,ETF,24.767000198364254,0.0403935407931618,0.0042431795278387,51.391085770261874,US
EZU,iShares MSCI Eurozone ETF,ETF,ETF,69.61000061035156,-0.9533269501744512,0.0254600682784302,43.71701200088076,US
F,Ford Motor Company,Consumer Cyclical,Auto Manufacturers,13.970000267028809,-3.05343223485405,0.0050643543188558,49.0778039639741,US
FAAA,Fidelity AAA CLO ETF,ETF,ETF,50.36000061035156,0.1989699406247587,0.0013732071256969,77.1132032612309,US
FAAR,First Trust Alternative Absolute Return Strategy ETF,ETF,ETF,31.99399948120117,1.7459048869614628,-0.0044803207934655,64.1760524125001,US
FAB,First Trust Multi Cap Value AlphaDEX Fund,ETF,ETF,105.29219818115234,-1.7888265270940291,0.0385159856634756,44.208972010952415,US
FAC,Factorial Energy Inc.,Industrials,Electrical Equipment & Parts,5.309999942779541,0.950564861635642,-0.011048951263999,47.66485171262427,US
FAD,First Trust Multi Cap Growth AlphaDEX Fund,ETF,ETF,180.05299377441406,-2.526530649332841,-0.0413285922311981,37.58500928437064,US
FAF,First American Financial Corporation,Financial Services,Insurance - Specialty,71.77999877929688,-6.182202620399291,0.0088470395340089,45.41590912924706,US
FAI,First Trust Bloomberg Artificial Intelligence ETF,ETF,ETF,54.391998291015625,-0.1615294639503053,0.0021764009371284,54.06799593969027,US
FANG,"Diamondback Energy, Inc.",Energy,Oil & Gas E&P,204.97000122070312,1.000295040344737,0.1674516850175726,56.25120193917282,US
FARX,Frontier Asset Absolute Return ETF,ETF,ETF,29.979999542236328,0.3951511367189975,-0.0054528730543897,65.12438176875423,US
FAST,Fastenal Company,Industrials,Industrial Distribution,49.31999969482422,0.1828156681388469,0.0545986184466595,48.69482074826902,US
FAX,Abrdn Asia-Pacific Income Fund Inc,Financial Services,Asset Management,14.029999732971191,-3.0407776498815817,-0.0253642517234285,30.42181052370438,US
FAZ,Direxion Daily Financial Bear 3X Shares,ETF,ETF,32.619998931884766,7.302629411880962,-0.0150889972708109,52.27293316601801,US
FBAK,First National Bank Alaska,Financial Services,Banks - Regional,329.0,-1.908167564982016,0.6139854978668977,51.76862217690541,US
FBCG,Fidelity Blue Chip Growth ETF,ETF,ETF,61.709999084472656,-0.6600126440144961,0.003802120479328,50.510289179797226,US
FBCV,Fidelity Blue Chip Value ETF,ETF,ETF,42.53099822998047,-2.119583543775829,0.0043020605920424,49.71673733992509,US
FBDC,FT Confluence BDC & Specialty Finance Income ETF,ETF,ETF,17.321500778198242,-1.916755787874317,0.0068210248372368,45.73013565553524,US
FBIN,"Fortune Brands Innovations, Inc.",Industrials,Building Products & Equipment,40.72999954223633,-3.506277124703279,0.0560286185819842,34.52030121041098,US
FBIZ,"First Business Financial Services, Inc.",Financial Services,Banks - Regional,72.76000213623047,0.9994464346931144,0.0266935620776558,63.49186107249191,US
FBL,GraniteShares 2x Long META Daily ETF,ETF,ETF,25.950000762939453,11.757112533654809,-0.0025875429866299,66.0992864687966,US
FBND,Fidelity Total Bond ETF,ETF,ETF,44.2400016784668,-1.051213186378894,-0.0124884307469222,31.168490674071748,US
FBOT,Fidelity Disruptive Automation ETF,ETF,ETF,38.415000915527344,-2.127386202478105,0.0164939523022689,44.05069557782329,US
FBP,First BanCorp.,Financial Services,Banks - Regional,27.690000534057617,-2.6713539841863705,-0.0068279702019784,42.93328593787556,US
FBRT,"Franklin BSP Realty Trust, Inc.",Real Estate,REIT - Mortgage,7.78000020980835,-8.792491754294582,-0.0171697818017862,38.96741143817713,US
FBT,First Trust NYSE Arca Biotechnology Index Fund,ETF,ETF,261.8500061035156,-4.361007366507754,-0.2513776722040486,47.648271149718326,US
FBTC,Fidelity Wise Origin Bitcoin Fund,ETF,ETF,67.25,-5.561015496960081,-0.140033325387594,59.27831404882967,US
FBUF,Fidelity Dynamic Buffered Equity ETF,ETF,ETF,33.369998931884766,-0.8909986735230765,-0.0042333337480261,50.62615747878781,US
FBY,YieldMax META Option Income Strategy ETF,ETF,ETF,8.899999618530273,3.6882253311307576,-0.0001179306229498,64.5197524133479,US
FBYD,"Falcon's Beyond Global, Inc.",Industrials,Conglomerates,6.190000057220459,-22.52815726483811,-0.0364941462735063,24.734837136626467,US
FCAL,First Trust California Municipal High Income ETF,ETF,ETF,47.5099983215332,-0.9671920443355396,0.0087248441955003,25.10966968111704,US
FCBC,"First Community Bankshares, Inc.",Financial Services,Banks - Regional,47.27999877929688,-3.391908242731673,-0.0216806530365988,42.18666337560427,US
FCEF,First Trust Income Opportunity ETF,ETF,ETF,23.295000076293945,-2.2811878095445968,-0.0128332485449361,27.64301761827528,US
FCEL,"FuelCell Energy, Inc.",Industrials,Electrical Equipment & Parts,15.890000343322754,8.316293528861488,0.0485818814380549,42.08002969683544,US
FCF,First Commonwealth Financial Corporation,Financial Services,Banks - Regional,21.309999465942383,0.7088828904156091,0.0127521797998677,55.850553269160216,US
FCG,First Trust Natural Gas ETF,ETF,ETF,31.82999992370605,0.2519682636411171,-0.0161677017322475,62.82320311335989,US
FCLD,Fidelity Cloud Computing ETF,ETF,ETF,43.5,-3.5882876389484832,-0.0264009203345489,52.29044815037572,US
FCLO,Fidelity CLO ETF,ETF,ETF,50.42499923706055,0.1688499885081676,-0.0004688333718235,91.23569671797527,US
FCN,"FTI Consulting, Inc.",Industrials,Consulting Services,148.07000732421875,-3.449395712753894,-0.1537764850057736,39.38526308563288,US
FCNCA,"First Citizens BancShares, Inc.",Financial Services,Banks - Regional,2173.0,-1.3810256093765392,1.5098241279913616,49.70353817030758,US
FCPI,Fidelity Stocks for Inflation ETF,ETF,ETF,56.80500030517578,-0.9503019763657716,0.0086769455313229,54.197642663487336,US
FCSH,Federated Hermes Short Duration Corporate ETF,ETF,ETF,23.78499984741211,-0.5851594320286297,-0.0020886262059441,31.324119641877644,US
FCTE,SMI 3Fourteen Full-Cycle Trend ETF,ETF,ETF,28.774999618530277,0.5907806507135088,0.0376964234203022,45.26872410016935,US
FCTR,First Trust Lunt U.S. Factor Rotation ETF,ETF,ETF,39.97610092163086,-0.8971697118455814,0.037568264567426,49.173885854228345,US
FCUS,Pinnacle Focused Opportunities ETF,ETF,ETF,38.56100082397461,4.665875398080475,0.031266391896406,54.788926264310085,US
FCVT,First Trust SSI Strategic Convertible Securities ETF,ETF,ETF,49.37699890136719,-0.2887753535431658,-0.004200496255916,45.8969176451325,US
FCX,Freeport-McMoRan Inc.,Basic Materials,Copper,71.06999969482422,-2.053470112876349,-0.1781292820314979,48.19015819773644,US
FCXG,Leverage Shares 2X Long FCX Daily ETF,ETF,ETF,15.369999885559082,-5.240440590497288,-0.0817641327650633,46.423713734780975,US
FDCF,Fidelity Disruptive Communications ETF,ETF,ETF,50.83000183105469,0.1852762730732568,0.0309792801293883,54.94688252852774,US
FDD,First Trust STOXX European Select Dividend Index Fund,ETF,ETF,20.420000076293945,-1.1137992565866106,-0.0007283332366441,53.423685273682814,US
FDEM,Fidelity Emerging Markets Multifactor ETF,ETF,ETF,36.61000061035156,0.3288542788847787,-0.0207441221678443,55.98314387306087,US
FDEV,Fidelity International Multifactor ETF,ETF,ETF,37.7859992980957,-1.4449683158250934,0.0014499359590561,52.094823075480186,US
FDHY,Fidelity Enhanced High Yield ETF,ETF,ETF,48.540000915527344,-0.7970557678643294,-0.0111724911613832,34.89375010680986,US
FDIF,Fidelity Disruptors ETF,ETF,ETF,40.847198486328125,-1.840291483836878,0.0034406835662868,48.1274242216926,US
FDIG,Fidelity Crypto Industry and Digital Payments ETF,ETF,ETF,44.45899963378906,-2.736817929861978,-0.032063664179791,53.81399967159808,US
FDIV,MarketDesk Focused U.S. Dividend ETF,ETF,ETF,27.601999282836918,-3.0113509328509256,-0.000304605370534,38.96012214021436,US
FDL,First Trust Morningstar Dividend Leaders Index Fund,ETF,ETF,52.22999954223633,-2.1726912543044845,-9.458442524618028e-05,46.55443369572869,US
FDLS,Inspire Fidelis Multi Factor ETF,ETF,ETF,42.93000030517578,-0.9460079510120348,0.0061633133413648,49.9550496635229,US
FDM,First Trust Dow Jones Select MicroCap Index Fund,ETF,ETF,91.98999786376952,-1.1710399074374465,0.0116043927681699,45.74204626632345,US
FDMO,Fidelity Momentum Factor ETF,ETF,ETF,94.68000030517578,0.238207050721923,0.018693072506288,50.52176733531213,US
FDMT,"4D Molecular Therapeutics, Inc.",Healthcare,Biotechnology,13.170000076293944,-10.408161583831186,-0.0587105111801801,45.17927252952343,US
FDN,First Trust Dow Jones Internet Index Fund,ETF,ETF,288.9200134277344,-1.5336377186514896,0.1044764324608191,53.38954660031587,US
FDND,FDND,N/A,N/A,22.636999130249023,-1.2950243516707098,0.0084117243533318,54.37616557245896,US
FDNI,First Trust Dow Jones International Internet ETF,ETF,ETF,26.190000534057617,-4.901962006502992,0.0041979723857635,33.78009605764731,US
FDRR,Fidelity Dividend ETF for Rising Rates,ETF,ETF,70.05899810791016,-0.5267672805027103,0.0363237239332676,58.1320132256342,US
FDRS,Founder-Led ETF Shares,ETF,ETF,24.920000076293945,-2.351098631298006,-0.00496802736892,54.24571045361533,US
FDRV,Fidelity Electric Vehicles and Future Transportation ETF,ETF,ETF,16.88800048828125,-1.6767588311204749,0.0122910910688729,39.93971386120512,US
FDRX,Founder-Led 2x Daily ETF Shares,ETF,ETF,23.46220016479492,-2.273405817032128,0.0046504608904036,53.91840254378256,US
FDTS,First Trust Developed Markets ex-US Small Cap AlphaDEX Fund,ETF,ETF,71.47000122070312,0.4356345455878815,0.0342980107562744,60.90366690577678,US
FDV,Federated Hermes U.S. Strategic Dividend ETF,ETF,ETF,33.119998931884766,-1.9828409751083955,0.0074910401795867,45.62074216075259,US
FDVV,Fidelity High Dividend ETF,ETF,ETF,63.18000030517578,-0.8941171683517157,0.0367332687775896,51.36903821116525,US
FDX,FedEx Corporation,Industrials,Integrated Freight & Logistics,311.989990234375,-3.798836735519653,0.1049950690526451,40.76395720424724,US
FDXF,"FedEx Freight Holding Company, Inc.",Industrials,Integrated Freight & Logistics,128.30999755859375,0.8805685161484748,0.3032801045546867,41.46311666507562,US
FE,FirstEnergy Corp.,Utilities,Utilities - Regulated Electric,46.130001068115234,-1.9345234474936612,-0.0090941523433185,42.46347214575022,US
FEAC,Fidelity Enhanced U.S. All-Cap Equity ETF,ETF,ETF,33.0369987487793,-1.4409358663135263,0.0106864696123564,48.08971956494234,US
FEBP,PGIM S&P 500 Buffer 12 ETF - Feb,ETF,ETF,34.779998779296875,-0.4009146534633563,-0.0002692213315397,53.631002841202296,US
FEBT,Allianzim U.S. Equity Buffer10 Feb ETF,ETF,ETF,42.01210021972656,-0.4688435655969789,-0.0011643608510178,52.44508800154753,US
FEBW,Allianzim U.S. Equity Buffer20 Feb ETF,ETF,ETF,36.19380187988281,-0.278816074301625,-0.00064630659922,55.20665627759056,US
FEBZ,TrueShares Structured Outcome (February) ETF,ETF,ETF,40.887001037597656,-0.8920131402008239,0.0092154145318987,49.46628323404954,US
FEDM,Northern Trust ESG & Climate Developed Markets ex-US Core ETF,ETF,ETF,65.6050033569336,-1.6991490479575346,0.0087641606853195,49.171930284974415,US
FEIM,"Frequency Electronics, Inc.",Technology,Communication Equipment,88.37999725341797,47.57054291887975,1.737644694823343,71.5858755495058,US
FELC,Fidelity Enhanced Large Cap Core ETF,ETF,ETF,43.58000183105469,-1.1567210700117645,0.0109186589237318,52.185577947838624,US
FELE,"Franklin Electric Co., Inc.",Industrials,Specialty Industrial Machinery,97.83000183105467,-1.4505841248180362,0.0668145869387391,36.9502080205338,US
FELG,Fidelity Enhanced Large Cap Growth ETF,ETF,ETF,44.08000183105469,-0.9215550279705872,0.0045301719401521,51.31559306309607,US
FELV,Fidelity Enhanced Large Cap Value ETF,ETF,ETF,42.630001068115234,-1.2965908228750065,0.0197320948070784,51.98275169533088,US
FEM,First Trust Emerging Markets AlphaDEX Fund,ETF,ETF,33.439998626708984,0.1197517934215891,-0.0131805720951386,58.69336298432507,US
FEMD,First Eagle Mid Cap Equity ETF,ETF,ETF,35.29999923706055,-1.753412365054953,0.0110527128543138,35.033605916039974,US
FEMG,Fidelity Enhanced Mid Cap Growt,EQUITY,EQUITY,25.740699768066406,-1.8654204449452496,0.0038040906020347,41.710143492901736,US
FEMR,Fidelity Enhanced Emerging Markets ETF,ETF,ETF,41.84700012207031,1.1530123338193068,-0.019466620186475,57.08007826640196,US
FEMS,First Trust Emerging Markets Small Cap AlphaDEX Fund,ETF,ETF,46.18999862670898,-1.5768201015442656,-0.0543279031722316,48.430781154427216,US
FEMV,Fidelity Enhanced Mid Cap Value,EQUITY,EQUITY,27.10919952392578,-2.168168821353494,0.002654853168019,41.522534947547854,US
FENI,Fidelity Enhanced International ETF,ETF,ETF,40.959999084472656,-1.5857757432725172,0.0089316390860318,46.54710445832605,US
FEP,First Trust Europe AlphaDEX Fund,ETF,ETF,59.560001373291016,-1.2599441733724264,-0.0149803661675738,46.91982487275144,US
FEPI,REX FANG & Innovation Equity Premium Income ETF,ETF,ETF,42.52000045776367,0.7695064371590686,-0.0031624799763306,64.12058916101802,US
FERG,Ferguson Enterprises Inc.,Industrials,Industrial Distribution,222.5399932861328,-0.3090993390728838,0.2371794570769418,40.17797644625651,US
FESM,Fidelity Enhanced Small Cap Core ETF,ETF,ETF,46.36000061035156,-1.9043540904477183,0.0076099966981647,40.11746844723128,US
FET,"Forum Energy Technologies, Inc.",Energy,Oil & Gas Equipment & Services,83.0199966430664,1.4046584315430302,0.1636185901768789,65.68984533823097,US
FETH,Fidelity Ethereum Fund,ETF,ETF,25.290000915527344,0.7168470760672796,0.0088524416328514,69.77568554753351,US
FEUS,Northern Trust ESG & Climate US Large Cap Core ETF,ETF,ETF,83.73699951171875,-1.4858829273897058,0.0300716569246219,51.2181445371988,US
FEUZ,First Trust Eurozone AlphaDEX ETF,ETF,ETF,67.82499694824219,-0.8957108040684454,-0.0124835672228291,45.95827340216805,US
FEZ,State Street SPDR EURO STOXX 50 ETF,ETF,ETF,69.69999694824219,-1.260801014053477,0.0266058633728841,43.12690579453054,US
FFA,First Trust Enhanced Equity Income Fund,Financial Services,Asset Management,22.940000534057617,-1.6716647703549783,-0.0019627302662286,44.39068091227876,US
FFC,Flaherty & Crumrine Preferred Securities Income Fund Inc.,Financial Services,Asset Management,15.40999984741211,-2.344739491889809,-0.0095249304588913,25.87166303941548,US
FFDI,Fidelity Fundamental Developed ,ETF,ETF,32.0806999206543,-2.4546964109740053,-0.0192373514964313,40.85515324350981,US
FFF,Founders 100 ETF,ETF,ETF,26.358999252319336,-2.229227939771928,-0.007899294025731,53.2723275767106,US
FFIN,"First Financial Bankshares, Inc.",Financial Services,Banks - Regional,33.15999984741211,-0.5398929344690162,0.0275314081636974,42.75308116843901,US
FFIU,Fieldstone UVA Unconstrained Medium-Term Fixed Income ETF,ETF,ETF,21.16699981689453,-1.1118937730259657,-0.0090888821802921,30.425479781270155,US
FFIV,"F5, Inc.",Technology,Software - Infrastructure,411.7099914550781,4.987886743090704,0.912745963277464,56.37950525372431,US
FFLG,Fidelity Covington Trust - Fidelity Fundamental Large Cap Growth ETF,ETF,ETF,33.130001068115234,-0.4806243406784683,0.0025294959554662,50.59683384978886,US
FFLV,Fidelity Fundamental Large Cap ,ETF,ETF,28.78499984741211,-1.5560873025569626,0.0088711476079519,48.254742005711705,US
FFMR,First Farmers Financial Corporation,Financial Services,Banks - Regional,36.04999923706055,-0.5517262425915949,-0.0363033812112882,63.11296918272797,US
FFND,One Global ETF,ETF,ETF,32.64500045776367,-1.0547678975298296,0.0201243384374796,44.24473871683401,US
FFOX,FundX Future Fund Opportunities ETF,ETF,ETF,28.350000381469727,-2.8111062484727967,0.0078798576628621,34.289553852972986,US
FFTY,CapForce IBD 50 ETF,ETF,ETF,35.244998931884766,-3.5282242591730397,-0.017175178273647,36.24037815836722,US
FFUT,Fidelity Managed Futures ETF,ETF,ETF,64.21099853515625,2.196363618701493,0.010362510238416,68.07989411351689,US
FGM,First Trust Germany AlphaDEX Fund,ETF,ETF,63.40999984741211,-0.4396275480204751,-0.0268423539612553,48.56076294852902,US
FGRU,T-Rex 2X Long FIGR Daily Target ETF,ETF,ETF,11.43000030517578,-8.340015553991845,-0.0976931821953304,47.98495182958129,US
FGSI,FT Vest Growth Strength & Target Income ETF,ETF,ETF,20.375,-1.593817555769336,0.0121235529377708,38.88901688342687,US
FHDG,FT Vest U.S. Equity Quarterly Dynamic Buffer ETF,ETF,ETF,37.04949951171875,-0.4179607893639211,-0.0009423808711852,52.48718470748898,US
FHEQ,Fidelity Hedged Equity ETF,ETF,ETF,33.93000030517578,-1.049870518342697,0.005242833105204,49.64097887728613,US
FHI,"Federated Hermes, Inc.",Financial Services,Asset Management,59.56999969482422,-4.166666922370849,-0.0660081025604976,36.618542749499454,US
FHIL,Federated Hermes International ,ETF,ETF,24.17930030822754,-3.282798767089844,-0.0206777451307041,35.65109410808918,US
FHLC,Fidelity MSCI Health Care Index ETF,ETF,ETF,80.30000305175781,-4.404758271716889,-0.0408512222059876,40.891422066264816,US
FIAX,Nicholas Fixed Income Alternative ETF,ETF,ETF,17.19499969482422,-0.3765963684568743,-0.0015562370802186,32.674440815182976,US
FICO,Fair Isaac Corporation,Technology,Software - Application,985.3900146484376,-11.934619024631052,2.464806045400543,39.06965924361091,US
FICS,First Trust International Developed Cap Strength ETF,ETF,ETF,41.22999954223633,-2.7823633799135368,-0.0060512055164744,36.99239824009953,US
FID,First Trust S&P International Dividend Aristocrats ETF,ETF,ETF,22.90999984741211,-1.0794473300824952,-0.0029782919786728,48.97632178169972,US
FIGB,Fidelity Investment Grade Bond ETF,ETF,ETF,41.63999938964844,-1.303624685857093,-0.0106225196502068,34.334609306555734,US
FIGG,Leverage Shares 2x Long FIG Daily ETF,ETF,ETF,19.15999984741211,-16.33187700183114,0.1496438772437309,41.70356332966245,US
FIGR,"Figure Technology Solutions, Inc.",Financial Services,Capital Markets,34.869998931884766,-3.700635698614257,-0.1533985233664487,50.19893741698661,US
FIGS,"FIGS, Inc.",Consumer Cyclical,Apparel Manufacturing,13.350000381469728,-12.171049019801604,0.000778530239915,45.351307906119054,US
FIIG,First Trust Intermediate Duration Investment Grade Corporate ETF,ETF,ETF,20.059999465942383,-1.2309207610725066,-0.0037894072201991,29.940425588449813,US
FINN,"First National of Nebraska, Inc.",Financial Services,Banks - Regional,19750.0,0.0,-5.044904896564759,75.08508320568856,US
FINT,Frontier Asset Total International Equity ETF,ETF,ETF,36.59700012207031,-2.2411600690183437,-0.0198019324923748,46.79274520250735,US
FINV,FinVolution Group,Financial Services,Credit Services,3.400000095367432,3.0303074089730497,0.0157093613669556,30.59719579563765,US
FINX,Global X FinTech ETF,ETF,ETF,26.14900016784668,-6.326350312596086,-0.005672632614737,46.19969985176554,US
FIP,FTAI Infrastructure Inc.,Industrials,Conglomerates,3.309999942779541,-1.7804137927911845,0.0064248732415862,34.00415788002641,US
FIS,FIS,N/A,N/A,38.13999938964844,-8.749543436131164,-0.0165659207765509,37.58803287447459,US
FISI,"Financial Institutions, Inc.",Financial Services,Banks - Regional,40.91999816894531,-0.6313796364828825,-0.0025977856060926,50.07817347263307,US
FISN,"Deep Fission, Inc.",Industrials,Specialty Industrial Machinery,7.159999847412109,0.2801117829202136,0.021336521623323,43.09518912766235,US
FISV,"Fiserv, Inc.",EQUITY,EQUITY,51.58000183105469,-2.1809173547602656,0.1366799691585802,48.6479179373612,US
FITB,Fifth Third Bancorp,Financial Services,Banks - Regional,54.720001220703125,-0.454793513640752,0.0429171617545588,45.65176902207208,US
FITE,State Street SPDR S&P Kensho Future Security ETF,ETF,ETF,106.31099700927734,-1.788506479808398,0.0633592086773224,39.37439662163022,US
FITZ,Fitz-Gerald Must Have Portfolio ETF,EQUITY,EQUITY,25.11000061035156,-1.5294093711703431,0.004469957494213,48.54981437596071,US
FIVA,Fidelity International Value Factor ETF,ETF,ETF,39.790000915527344,-1.5220836093296708,0.0062094433466525,50.30867677008011,US
FIVN,"Five9, Inc.",Technology,Software - Infrastructure,30.65999984741211,-10.087972963751426,-0.0077717089677682,46.461195327233376,US
FIX,"Comfort Systems USA, Inc.",Industrials,Engineering & Construction,1690.8199462890625,7.001057403539737,6.364997264339493,53.84065493845688,US
FIXD,First Trust Smith Opportunistic Fixed Income ETF,ETF,ETF,42.27899932861328,-1.0508362327311698,-0.0121070160969976,31.029026114138546,US
FIXP,FolioBeyond Enhanced Fixed Income Premium ETF,ETF,ETF,19.549999237060547,-0.922365247590416,-0.0036484618651529,31.439793602685956,US
FIXT,TCW Core Plus Bond ETF,ETF,ETF,36.63999938964844,-1.1066122965044296,-0.0117650992318757,32.4229995949878,US
FJP,First Trust Japan AlphaDEX Fund,ETF,ETF,78.87000274658203,0.9083918260060824,0.0741442964340856,59.77840710786105,US
FLAU,Franklin FTSE Australia ETF,ETF,ETF,35.040000915527344,-3.391231118589755,-0.0172506093395206,43.37344559644169,US
FLBL,Franklin Senior Loan ETF,ETF,ETF,22.959999084472656,-0.4768123615374007,-0.0081374044695418,48.02025467844664,US
FLBR,Franklin FTSE Brazil ETF,ETF,ETF,23.790000915527344,1.2340464490525265,-0.0309535454845115,66.26834141418351,US
FLCA,Franklin FTSE Canada ETF,ETF,ETF,54.060001373291016,-3.135638697255968,-0.0136989405381811,45.04637134056623,US
FLCB,Franklin U.S. Core Bond ETF,ETF,ETF,20.7450008392334,-0.9785198865896916,-0.0059652668121207,31.507576593039275,US
FLCC,Federated Hermes MDT Large Cap Core ETF,ETF,ETF,36.50199890136719,-1.4524892031917398,0.01582679743189,49.18053117280473,US
FLCE,Frontier Asset U.S. Large Cap Equity ETF,ETF,ETF,31.56999969482422,-1.207909898367252,-0.0002341449865193,46.43213570578973,US
FLCG,Federated Hermes MDT Large Cap Growth ETF,ETF,ETF,34.720001220703125,-1.520306586704023,-0.0070309669491602,48.52704084212984,US
FLCH,Franklin FTSE China ETF,ETF,ETF,20.96999931335449,-2.9166715601343305,-0.0059866309274924,33.54916920900442,US
FLCO,Franklin Investment Grade Corporate ETF,ETF,ETF,20.638999938964844,-1.0831528139585926,-0.0059331305493798,31.48132780288212,US
FLCV,Federated Hermes MDT Large Cap Value ETF,ETF,ETF,37.16619873046875,-1.1353171897614347,0.0148131741948237,47.18394460622031,US
FLDZ,TrueShares Patriot Defense ETF,ETF,ETF,28.70599937438965,-2.595776456751966,0.0350091926941809,32.43833613653476,US
FLEE,Franklin FTSE Europe ETF,ETF,ETF,39.14599990844727,-1.8528229765198845,0.0022811179312889,41.51552244542268,US
FLEU,Franklin FTSE Eurozone ETF,ETF,ETF,36.05500030517578,-1.0701039728745665,0.0101338234116697,43.97546974305723,US
FLEX,Flex Ltd.,Technology,Electronic Components,115.77999877929688,7.313003461195169,0.4109137428283871,51.23106637483816,US
FLG,"Flagstar Bank, National Association",Financial Services,Banks - Regional,13.18000030517578,-2.152925189025056,-0.0062064505044145,35.780726894049835,US
FLGB,Franklin FTSE United Kingdom ETF,ETF,ETF,36.900001525878906,-1.5212161095668166,0.0071117360413458,46.2796208991364,US
FLGT,"Fulgent Genetics, Inc.",Healthcare,Diagnostics & Research,20.450000762939453,4.071252722339828,0.0199541349460817,59.25604491463784,US
FLGV,Franklin U.S. Treasury Bond ETF,ETF,ETF,19.69499969482422,-0.9305808538839444,-0.0054597471558699,31.44159954919003,US
FLIA,Franklin International Aggregate Bond ETF,ETF,ETF,20.084999084472656,-0.8050183392030527,-0.0029128089004866,35.1455607265074,US
FLIN,Franklin FTSE India ETF,ETF,ETF,34.93000030517578,-2.7561189149097323,0.0002180295067634,40.25621092205572,US
FLJH,Franklin FTSE Japan Hedged ETF,ETF,ETF,45.619998931884766,-0.8993384482682755,0.0362681827010349,49.45620531467616,US
FLJJ,AllianzIM U.S. Equity 6 Month Floor5 Jan/Jul ETF,ETF,ETF,34.3650016784668,-0.3941850218315987,0.0054624241245383,53.55786845672166,US
FLJP,Franklin FTSE Japan ETF,ETF,ETF,41.900001525878906,0.5278340189354689,0.0337517639359045,61.29477939009327,US
FLLA,Franklin FTSE Latin America ETF,ETF,ETF,28.31999969482422,-0.526869062690538,-0.0353379489034856,61.74784744563463,US
FLMB,Franklin Municipal Green Bond ETF,ETF,ETF,22.70800018310547,-1.4409753438773945,-0.0014261124980576,24.131032851434043,US
FLMX,Franklin FTSE Mexico ETF,ETF,ETF,36.60300064086914,-2.157175113163744,-0.0242592826048731,43.65722902160128,US
FLNG,FLEX LNG Ltd.,Energy,Oil & Gas Midstream,31.700000762939453,1.4724743764133017,0.013465940670026,59.47692608234489,US
FLO,"Flowers Foods, Inc.",Consumer Defensive,Packaged Foods,6.090000152587891,-3.609401370486022,0.0116580774333768,32.13936882107822,US
FLOC,Flowco Holdings Inc.,Energy,Oil & Gas Equipment & Services,20.709999084472656,-3.4048574225795734,0.005250312472654,44.482276697367126,US
FLOT,iShares Floating Rate Bond ETF,ETF,ETF,50.93999862670898,0.1376050644662854,0.000444775221525,77.43397808406935,US
FLOW,Global X U.S. Cash Flow Kings 100 ETF,ETF,ETF,44.12779998779297,-1.0454360759791446,0.0554441192642969,55.37002611314607,US
FLQS,Franklin U.S. Small Cap Multifactor Index ETF,ETF,ETF,48.587501525878906,-1.82360097389241,0.0235190901628028,40.06671199948209,US
FLR,Fluor Corporation,Industrials,Engineering & Construction,54.20000076293945,-5.739129107931386,-0.0951647072280105,51.52037547032428,US
FLRN,State Street SPDR Bloomberg Investment Grade Floating Rate ETF,ETF,ETF,30.770000457763672,0.0975949475240238,0.0002308773290098,75.85108389654212,US
FLRT,Pacer Aristotle Pacific Floating Rate High Income ETF,ETF,ETF,46.75,0.1070647457038708,-0.0031861807852601,72.62723982879311,US
FLSA,Franklin FTSE Saudi Arabia ETF,ETF,ETF,33.04999923706055,-0.6911044190885257,-0.0025780299004758,50.59862598965032,US
FLSP,Franklin Systematic Style Premia ETF,ETF,ETF,28.68000030517578,-0.4512293064089762,0.0018484347100269,57.93038052916703,US
FLSW,Franklin FTSE Switzerland ETF,ETF,ETF,41.83000183105469,-4.613136570474732,-0.00424859912405,34.43603360997989,US
FLTR,VanEck IG Floating Rate ETF,ETF,ETF,25.549999237060547,0.1567973650326548,0.0001525435854733,71.58726172457489,US
FLTW,Franklin FTSE Taiwan ETF,ETF,ETF,106.7300033569336,0.6032680187909354,-0.0605023964018678,60.34243161042494,US
FLXI,Invesco Flexible Income ETF,ETF,ETF,47.91999816894531,-1.1958800640302836,-0.0323666424266868,30.75325243207197,US
FLXR,TCW Flexible Income ETF,ETF,ETF,38.380001068115234,-0.7242596492550635,-0.0078346787832409,31.25787166636968,US
FLXS,FLXS,N/A,N/A,81.4000015258789,1.2815711634906952,-0.1378238101101758,56.406191000978176,US
FLY,Firefly Aerospace Inc.,Industrials,Aerospace & Defense,21.1299991607666,0.33238222506805,0.010229071691279,41.9042786134269,US
FLYT,Tradr 2X Long FLY Daily ETF,ETF,ETF,4.739999771118164,-0.6289352186228403,0.0029379621460712,39.79591725470578,US
FLYW,Flywire Corporation,Technology,Software - Infrastructure,17.8700008392334,-4.438502084721771,0.0029160256362117,46.15975127266452,US
FMAG,Fidelity Magellan ETF,ETF,ETF,35.72100067138672,-0.1648913077780592,0.0172430055916069,45.73585491027494,US
FMAO,"Farmers & Merchants Bancorp, Inc.",Financial Services,Banks - Regional,35.470001220703125,0.7956879935244455,0.0179060766227222,63.72227440046221,US
FMAT,Fidelity MSCI Materials Index ETF,ETF,ETF,58.459999084472656,-3.195893897469729,-0.0242931123946799,40.29682505549553,US
FMBH,"First Mid Bancshares, Inc.",Financial Services,Banks - Regional,51.02000045776367,-0.117465487745024,0.0199331406906689,54.89773655109235,US
FMBL,Farmers & Merchants Bank of Long Beach,Financial Services,Banks - Regional,9930.0,-0.1006036217303823,-1.818950606091548,75.04525060319357,US
FMC,FMC Corporation,Basic Materials,Agricultural Inputs,11.399999618530272,-12.172573031029833,-0.0953787253368256,48.01511151322582,US
FMCB,Farmers & Merchants Bancorp,Financial Services,Banks - Regional,1429.9599609375,0.0405483281756907,0.3965295588972406,56.29961987082921,US
FMCC,Federal Home Loan Mortgage Corporation,Financial Services,Mortgage Finance,4.920000076293945,-8.5501864007818,-0.0130958414825021,31.3923015205187,US
FMCE,FM Compounders Equity ETF,ETF,ETF,28.5,-1.4454639953144044,0.0035809236064267,44.47837893869371,US
FMCX,FM Focus Equity ETF,ETF,ETF,36.33399963378906,-1.8159241084926028,0.0005164691434252,44.00663574801696,US
FMDE,Fidelity Enhanced Mid Cap Core ETF,ETF,ETF,41.45000076293945,-1.823781230461197,0.015008833717299,44.882704455384726,US
FMF,First Trust Managed Futures Strategy Fund,ETF,ETF,51.812198638916016,1.3937381331931076,-0.013303221687208,63.97332292080845,US
FMHI,First Trust Municipal High Income ETF,ETF,ETF,46.31999969482422,-1.089050002753294,0.0055473773140284,24.567251762933267,US
FMKT,The Free Markets ETF,ETF,ETF,22.39900016784668,-2.629975438450156,-0.0068968078598674,47.58715908103112,US
FMNB,Farmers National Banc Corp.,Financial Services,Banks - Regional,15.739999771118164,0.6350134121393444,0.0075516616665974,55.602335039620776,US
FMQQ,FMQQ The Next Frontier Internet ETF,ETF,ETF,12.590999603271484,-3.131255094229816,-0.004400272586494,45.83813744433388,US
FMTL,First Trust Indxx Critical Metals ETF,EQUITY,EQUITY,35.91910171508789,-5.041237476248906,-0.0972645604688206,44.65458629263529,US
FMTM,MarketDesk Focused U.S. Momentum ETF,ETF,ETF,37.89099884033203,-3.8299559063613846,-0.0056993803295317,42.4158664488504,US
FMUB,Fidelity Municipal Bond Opportunities ETF,ETF,ETF,49.48500061035156,-1.1051552999921248,0.0020995521745343,26.444601900739286,US
FMUN,Fidelity Systematic Municipal Bond Index ETF,ETF,ETF,48.31999969482422,-0.8922189801273486,0.0093446107765411,25.96167297025937,US
FNB,F.N.B. Corporation,Financial Services,Banks - Regional,18.309999465942383,-0.8662688324867645,0.006122934874264,45.95440757741622,US
FND,"Floor & Decor Holdings, Inc.",Consumer Cyclical,Home Improvement Retail,47.34000015258789,-4.131228982181161,0.1008384292735096,34.05218068917354,US
FNDA,Schwab Fundamental U.S. Small Company ETF,ETF,ETF,36.41999816894531,-1.6473146920345243,0.0085275825471523,37.9575935035282,US
FNDC,Schwab Fundamental International Small Equity ETF,ETF,ETF,51.09000015258789,-0.8346279141210363,0.0024337331127234,53.27125774856399,US
FNDE,Schwab Fundamental Emerging Markets Equity ETF,ETF,ETF,42.650001525878906,-0.3504619482604044,-0.0227137841387621,61.60922111036699,US
FNDF,Schwab Fundamental International Equity ETF,ETF,ETF,55.83000183105469,-0.6229947885722046,0.002423318174769,56.17324488150936,US
FNDX,Schwab Fundamental U.S. Large Company ETF,ETF,ETF,32.459999084472656,-1.0064099476691957,0.0090178348609277,53.19766204780785,US
FNGG,Direxion Daily NYSE FANG+ Bull 2X Shares,ETF,ETF,262.19000244140625,-3.604843049246852,0.0287311689526355,53.78823749743582,US
FNK,First Trust Mid Cap Value AlphaDEX Fund,ETF,ETF,63.4900016784668,-2.2629270731582136,-0.0065214415403762,43.62668071265792,US
FNLC,"The First Bancorp, Inc.",Financial Services,Banks - Regional,35.279998779296875,0.3984046445079865,0.0241663496949122,55.9238369208289,US
FNMA,Federal National Mortgage Association,Financial Services,Mortgage Finance,5.53000020980835,-7.5250803984923325,-0.0133944934613107,33.323999828949496,US
FNY,First Trust Mid Cap Growth AlphaDEX Fund,ETF,ETF,100.1010971069336,-2.72947862716868,-0.0068418511984024,37.658586024528006,US
FOPC,Frontier Asset Opportunistic Credit ETF,ETF,ETF,24.940000534057617,-0.984592639306194,-0.0074000350509014,29.18452856406832,US
FOR,Forestar Group Inc.,Real Estate,Real Estate - Development,26.850000381469727,-2.9985546046069085,0.0214500466162541,37.04719912470143,US
FORH,Formidable ETF,ETF,ETF,24.434999465942383,-1.148915402347631,-0.0041386464317698,41.03642840661721,US
FOTO,Tuttle Capital Pure Play Photonics ETF,ETF,ETF,18.07999992370605,6.6666614153629,0.0315146868600862,46.22287581761391,US
FOWF,Pacer Solactive Whitney Future of Warfare ETF,ETF,ETF,34.45539855957031,-0.8449221131681429,0.037768812865413,40.04681222535865,US
FOX,Fox Corporation,Communication Services,Entertainment,58.45000076293945,-3.340500110775728,0.0517779666064184,51.6388055730931,US
FOXF,Fox Factory Holding Corp.,Consumer Cyclical,Auto Parts,19.82999992370605,-4.479770206755304,0.0068617907342189,46.23906371277538,US
FPA,First Trust Asia Pacific Ex-Japan AlphaDEX Fund,ETF,ETF,50.90999984741211,1.132299747907164,-0.0093903560886613,56.83548474229156,US
FPAA,FPA Global Allocation ETF,ETF,ETF,25.354999542236328,-1.5339823602472693,0.0061194715968132,42.58718959889002,US
FPAG,FPA Global Equity ETF,ETF,ETF,41.90999984741211,-1.7235328935674876,0.0175228341086714,46.15925577825691,US
FPAS,FPA Short Duration Government ETF,ETF,ETF,24.1210994720459,-1.0213432852525484,-0.0021050323836757,30.227976069174844,US
FPE,First Trust Preferred Securities and Income ETF,ETF,ETF,17.5,-0.7936473610684613,-0.0012131000254437,34.539536540596245,US
FPF,First Trust Intermediate Duration Preferred & Income Fund,Financial Services,Asset Management,16.889999389648438,-3.2091767839939243,-0.0139002053151806,21.217927055413,US
FPFD,Fidelity Preferred Securities & Income ETF,ETF,ETF,20.979999542236328,-0.6158269273165565,-0.0025587208066201,34.07776779978829,US
FPH,"Five Point Holdings, LLC",Real Estate,Real Estate - Development,5.050000190734863,-0.98038656534656,0.0006875805648432,44.50072262216797,US
FPI,Farmland Partners Inc.,Real Estate,REIT - Specialty,10.699999809265137,1.614435713247424,-0.0079576131099215,66.09992129617632,US
FPRO,Fidelity Real Estate Investment ETF,ETF,ETF,24.25909996032715,-1.939853485959257,0.0011903741238635,33.757207439663034,US
FPWR,First Trust EIP Power Solutions ETF,EQUITY,EQUITY,36.165000915527344,-1.6186001990574708,-0.0278451587683494,35.67771913651788,US
FPXE,First Trust IPOX Europe Equity Opportunities ETF,ETF,ETF,33.189998626708984,0.2416128507482152,0.0172409303418432,46.90052950997726,US
FRBA,First Bank,Financial Services,Banks - Regional,17.989999771118164,-1.9618561464178488,0.0099115912652956,48.111533863775634,US
FRBP,FRANKLIN BSP CAP CORP,Financial Services,Asset Management,8.510000228881836,11.973688627214038,0.0058211937487625,53.38780190901964,US
FRBT,"Forbright, Inc.",Financial Services,Banks - Diversified,18.420000076293945,-3.5096913092644386,-0.012314949087417,42.648885270174056,US
FRDM,Freedom 100 Emerging Markets ETF,ETF,ETF,70.83000183105469,1.694185612813439,-0.0458311531281012,58.31766407022705,US
FREI,Fidelity Real Estate Income Fund ETF,ETF,ETF,24.540000915527344,-1.0084711204807226,-0.0032491088625353,30.536100943436864,US
FRGN,Horizon International Equity ETF,ETF,ETF,31.364999771118164,-2.65363568340145,-0.03403296893423,44.8992565291478,US
FRHC,Freedom Holdings Corp.,Financial Services,Financial Conglomerates,165.5,1.2603998579431408,0.1064496206455456,53.88939041359296,US
FRI,First Trust S&P REIT Index Fund,ETF,ETF,30.86000061035156,-1.8135529407880828,0.0054399401830076,32.81624177006164,US
FRIZ,Franklin Dividend Growth ETF,EQUITY,EQUITY,26.892000198364254,-1.9720787193419247,0.006294316094573,40.11376366570333,US
FRMI,Fermi Inc.,Real Estate,REIT - Specialty,5.5,13.168721170853006,0.0163735099952114,47.46550688731765,US
FRNW,Fidelity Clean Energy ETF,ETF,ETF,22.280000686645508,1.0430905103995918,9.989439903240747e-05,46.93786621972982,US
FRO,Frontline plc,Energy,Oil & Gas Midstream,49.209999084472656,8.344344051776414,0.0647363628197095,75.25417812096234,US
FRPH,"FRP Holdings, Inc.",Real Estate,Real Estate Services,22.149999618530277,-1.292339164997807,-0.0101299555297748,45.73873185385762,US
FRST,Primis Financial Corp.,Financial Services,Banks - Regional,16.149999618530273,0.2482868197597048,0.0080004103450964,51.511736510733016,US
FRTY,Alger Mid Cap 40 ETF,ETF,ETF,22.229999542236328,-1.3271773948574987,0.0128606728447981,41.78158521041407,US
FSBC,Five Star Bancorp,Financial Services,Banks - Regional,46.40999984741211,0.0,-0.0069793544861521,51.91991973431997,US
FSCS,First Trust SMID Capital Strength ETF,ETF,ETF,36.84880065917969,-1.7365315755208333,0.0188506142979664,37.92931288803935,US
FSEC,Fidelity Investment Grade Securitized ETF,ETF,ETF,42.70000076293945,-1.1345169700156306,-0.0135121178002053,33.16421228644589,US
FSEG,Fidelity Enhanced Small Cap Gro,EQUITY,EQUITY,26.41309928894043,-2.678334992834441,-3.91047091129193e-05,38.13895140531819,US
FSEV,Fidelity Enhanced Small Cap Val,EQUITY,EQUITY,26.450000762939453,-2.1819531531490863,0.0021979494652551,41.2895163675827,US
FSGS,First Trust SMID Growth Strength ETF,ETF,ETF,32.98939895629883,-1.6855948256084816,0.0240503219592491,45.2653469863908,US
FSLR,"First Solar, Inc.",Technology,Solar,209.02999877929688,0.7762031745078908,0.314976976440132,47.06455780735632,US
FSMB,First Trust Short Duration Managed Municipal ETF,ETF,ETF,19.75,-0.4987703468368562,0.0001033168357538,31.48449526422512,US
FSML,Franklin Small Cap Enhanced ETF,EQUITY,EQUITY,29.574800491333008,-2.444911907181907,-0.0045534876391513,40.91119239802612,US
FSS,Federal Signal Corporation,Industrials,Farm & Heavy Construction Machinery,113.9800033569336,-2.714237116573446,-0.0309310714009323,39.40232512997244,US
FSTR,L.B. Foster Company,Industrials,Railroads,37.59000015258789,0.6425748012629456,0.0010741686260714,42.61789827617725,US
FSUN,FirstSun Capital Bancorp,Financial Services,Banks - Regional,40.15999984741211,-1.1811012535560976,-0.0024093811141825,53.55557696223169,US
FSYD,Fidelity Sustainable High Yield ETF,ETF,ETF,47.845001220703125,-0.6870588593012823,-0.0077333898164052,35.74153355576294,US
FTAG,First Trust Indxx Global Agriculture ETF,ETF,ETF,30.709999084472656,-2.847205025311439,-0.0500163026184357,56.44672448315621,US
FTAI,FTAI Aviation Ltd.,Industrials,Aerospace & Defense,186.05999755859372,-6.685391379637433,0.1879474641803051,40.509514536288535,US
FTBI,First Trust Balanced Income ETF,ETF,ETF,21.479400634765625,-1.307660838988015,-0.0037097378022334,41.57716460818852,US
FTCA,Putnam ETF Trust - Franklin California Municipal Income ETF,ETF,ETF,7.050000190734863,-1.260499683945113,-0.0003520002072132,23.093021748099066,US
FTCE,First Trust New Constructs Core Earnings Leaders ETF,ETF,ETF,27.399999618530277,-1.157970654312558,0.0139211271265201,46.51690312106471,US
FTCS,First Trust Capital Strength ETF,ETF,ETF,97.11000061035156,-3.4595843068225705,0.0136425480485031,36.06787183157869,US
FTDR,"Frontdoor, Inc.",Consumer Cyclical,Personal Services,81.01000213623047,-2.055370532051344,0.0783029862575026,50.17409059252861,US
FTEC,Fidelity MSCI Information Technology Index ETF,ETF,ETF,289.0199890136719,0.1906568414883336,0.0804532121899264,55.4997325475364,US
FTGC,First Trust Global Tactical Commodity Strategy Fund,ETF,ETF,31.30500030517578,0.8050233377661045,-0.0199681687462801,67.11023161899766,US
FTH,"Faeth Therapeutics, Inc.",Healthcare,Biotechnology,37.43999862670898,-4.000003521259014,-0.1472281904407064,58.98202326411498,US
FTHB,FIS Faith Income ETF,EQUITY,EQUITY,24.739999771118164,-1.316314031604014,-0.007461759806244,30.30425833487206,US
FTHF,First Trust Emerging Markets Human Flourishing ETF,ETF,ETF,50.38999938964844,2.422857601880009,-0.0500915319122242,62.37681715930339,US
FTI,TechnipFMC plc,Energy,Oil & Gas Equipment & Services,76.33999633789062,-4.670336423136424,-0.0923762706059174,50.11934615724506,US
FTIF,First Trust Bloomberg Inflation Sensitive Equity ETF,ETF,ETF,29.45400047302246,-1.257165825382424,-0.0060850407514876,56.53824169965841,US
FTK,"Flotek Industries, Inc.",Energy,Oil & Gas Equipment & Services,27.32999992370605,15.12215748609841,0.1160807000152911,53.80072610380415,US
FTKI,First Trust Small Cap BuyWrite Income ETF,ETF,ETF,19.804800033569336,-1.6545855925756423,0.0032702459473391,44.40777388761307,US
FTMH,Putnam ETF Trust - Putnam Franklin Municipal High Yield ETF,ETF,ETF,11.199999809265137,-1.147397310823589,-0.0003842953254116,26.46636746962389,US
FTMN,Franklin Minnesota Municipal Income ETF,ETF,ETF,8.4399995803833,-1.5169208759649138,-0.0005169818616974,19.530798721644658,US
FTMS,Putnam ETF Trust - Putnam Franklin Short Term Municipal Income ETF,ETF,ETF,9.8149995803833,-0.4058849691630774,-0.0005545755179909,35.50135097027682,US
FTMU,Putnam ETF Trust - Franklin Municipal Income ETF,ETF,ETF,7.548999786376953,-1.0616032352432023,0.0003293137277542,28.0980875817866,US
FTNJ,Franklin New Jersey Municipal Income ETF,ETF,ETF,8.449999809265137,-1.053865960069187,0.0002247120927777,25.559086749933584,US
FTNT,"Fortinet, Inc.",Technology,Software - Infrastructure,156.07000732421875,-0.1854651349455252,-0.0913654296271324,47.51763326931798,US
FTNY,Putnam ETF Trust - Putnam Franklin New York Municipal Income ETF,ETF,ETF,7.53000020980835,-1.1810981247033066,9.755024136866295e-06,26.432909487510383,US
FTOH,Franklin Ohio Municipal Income ETF,ETF,ETF,8.095000267028809,-0.9785923160799752,0.0013888585960234,27.327870488749653,US
FTPA,Franklin Pennsylvania Municipal Income ETF,ETF,ETF,8.324999809265137,-1.0107020177072716,-3.403514318794931e-05,20.92728070859836,US
FTQI,First Trust Nasdaq BuyWrite Income ETF,ETF,ETF,22.100000381469727,-0.0904179792262838,0.0069708841919565,55.8846801955,US
FTRB,Federated Hermes Total Return Bond ETF,ETF,ETF,24.45499992370605,-1.0119409057763595,-0.0069517212088963,31.17531205357102,US
FTRE,Fortrea Holdings Inc.,Healthcare,Biotechnology,17.200000762939453,-7.626208444104495,0.0165129300258456,43.237494811334656,US
FTRI,First Trust Indxx Global Natural Resources Income ETF,ETF,ETF,18.239999771118164,-2.250804285789925,-0.0145873431254981,54.37344370980459,US
FTSM,First Trust Enhanced Short Maturity ETF,ETF,ETF,59.68999862670898,-0.0167539968218524,-0.0015806618636639,62.40191092988443,US
FTWO,Strive Natural Resources and Security ETF,ETF,ETF,47.08100128173828,-2.2546526445172885,-0.0522020416987412,52.563760618049,US
FTXG,First Trust Nasdaq Food & Beverage ETF,ETF,ETF,22.55900001525879,-2.0451613432206264,-0.0019088511120018,39.93393325787149,US
FTXL,First Trust Nasdaq Semiconductor ETF,ETF,ETF,234.4900054931641,6.615441888809675,0.2550263332268043,54.31322332514596,US
FTXN,First Trust Nasdaq Oil & Gas ETF,ETF,ETF,41.23600006103516,0.8067321305774305,-0.0111681514867012,66.91173700794313,US
FUBO,FuboTV Inc.,Communication Services,Broadcasting,11.529999732971191,-0.5176912754682055,0.0075638816324256,61.05511390033162,US
FULT,Fulton Financial Corporation,Financial Services,Banks - Regional,23.600000381469727,-1.1311288155461294,0.0044799040315493,45.66114910520052,US
FUMB,First Trust Ultra Short Duration Municipal ETF,ETF,ETF,20.030000686645508,-0.1495452646836135,-0.0011446822205452,47.4234555468474,US
FUN,Six Flags Entertainment Corporation,Consumer Cyclical,Leisure,13.119999885559082,-12.707916708888275,-0.0675145201206277,32.58430286633731,US
FUSD,Federated Hermes Ultrashort Bond ETF,ETF,ETF,25.030000686645508,-0.0798345350264599,0.0005121942389033,57.323994767954495,US
FUSI,American Century Multisector Floating Income ETF,ETF,ETF,50.43999862670898,-0.3201429927304993,-0.0014718166155194,54.24925124267919,US
FV,First Trust Dorsey Wright Focus 5 ETF,ETF,ETF,72.08999633789062,-1.955722367569387,-0.0002789235705239,46.14759023705713,US
FVC,First Trust Dorsey Wright Dynamic Focus 5 ETF,ETF,ETF,41.53799819946289,-2.005289891070362,0.0033313637368194,45.63600672964431,US
FVD,First Trust Value Line Dividend Index Fund,ETF,ETF,49.119998931884766,-2.674860820618684,-0.0007236511889897,35.00192813212389,US
FVR,"FrontView REIT, Inc.",Real Estate,REIT - Diversified,18.479999542236328,-3.448275174810401,-0.0084306074759727,29.781204961465505,US
FVRR,Fiverr International Ltd.,Communication Services,Internet Content & Information,9.029999732971191,-1.8478269545477777,0.000782927075153,43.33859347057955,US
FWD,AB Disruptors ETF,ETF,ETF,127.55999755859376,0.1334470286206205,0.0317231440538696,45.26358958431775,US
FWONA,Formula One Group,Communication Services,Entertainment,87.02999877929688,-2.9765866887218837,0.0549708740640065,36.43302332261068,US
FWRD,Forward Air Corporation,Industrials,Integrated Freight & Logistics,16.6299991607666,1.9619847044901748,0.0249572695391031,48.09527575923444,US
FWRG,"First Watch Restaurant Group, Inc.",Consumer Cyclical,Restaurants,11.350000381469728,-2.991448149582433,0.0018513228512843,39.58632404875672,US
FXA,Invesco CurrencyShares Australian Dollar Trust,ETF,ETF,71.0199966430664,-0.3507787453001397,-0.0205782381905161,57.55974385767565,US
FXB,Invesco CurrencyShares British Pound Sterling Trust,ETF,ETF,130.02000427246094,0.038472763936427,0.009727296264848,52.852748168815566,US
FXC,Invesco CurrencyShares Canadian Dollar Trust,ETF,ETF,70.5199966430664,-0.4798249567549211,-0.0173305241088942,52.39323671785422,US
FXD,First Trust Consumer Discretionary AlphaDEX Fund,ETF,ETF,66.2300033569336,-3.4970042146764744,0.0393780468118257,36.50552841419053,US
FXG,First Trust Consumer Staples AlphaDEX Fund,ETF,ETF,62.060001373291016,-3.8276731020151615,-0.0166178417448792,31.347754142294107,US
FXH,First Trust Health Care AlphaDEX Fund,ETF,ETF,131.41000366210938,-1.5360429706503278,0.1220126022382306,50.5189587381959,US
FXI,iShares China Large-Cap ETF,ETF,ETF,34.4900016784668,-2.4052022367035835,-0.0075240118950025,40.62183407104941,US
FXN,First Trust Energy AlphaDEX Fund,ETF,ETF,24.01000022888184,-0.3734446106361514,-0.015297212600897,64.4132159285379,US
FXO,First Trust Financials AlphaDEX Fund,ETF,ETF,65.19999694824219,-1.9991009401138964,0.0237743605856846,45.82895295329245,US
FXP,ProShares UltraShort FTSE China 50,ETF,ETF,21.540000915527344,4.56310930412979,0.0208879272657844,60.59104283790094,US
FXR,First Trust Industrials/Producer Durables AlphaDEX Fund,ETF,ETF,84.27729797363281,-3.285174932369453,0.024998886752064,35.5439297320778,US
FXU,First Trust Utilities AlphaDEX Fund,ETF,ETF,46.45000076293945,-1.44281835299134,-0.017737834179165,36.65712630809124,US
FXY,FXY,N/A,N/A,59.68000030517578,1.3759153864232674,0.0029144933422746,70.37866047615287,US
FYEE,Fidelity Yield Enhanced Equity ETF,ETF,ETF,30.26499938964844,-0.6075578609383153,0.0068478640303041,55.84742258299548,US
FYLD,Cambria Foreign Shareholder Yield ETF,ETF,ETF,41.02999877929688,-0.5333362926136364,-0.0006650983232705,66.36043520688779,US
FYT,First Trust Small Cap Value AlphaDEX Fund,ETF,ETF,70.6843032836914,-2.2076584429363924,0.0154794272298884,41.75476168357245,US
G,Genpact Limited,Technology,Information Technology Services,35.13999938964844,-7.220376156857183,0.0022794824124551,47.84227527793828,US
GAA,Cambria Global Asset Allocation ETF,ETF,ETF,36.14300155639648,-0.2841605439716866,-0.0043621492634252,59.73094181182518,US
GAB,The Gabelli Equity Trust Inc.,Financial Services,Asset Management,5.53000020980835,-2.469133414493764,-0.0042179452416254,36.411818422219504,US
GABC,"German American Bancorp, Inc.",Financial Services,Banks - Regional,49.75,-0.0803392544523316,0.0250046472346933,51.43070955271165,US
GAIN,Gladstone Investment Corporation,Financial Services,Asset Management,15.899999618530272,-2.930400285892711,-0.014151270234696,37.62759513015849,US
GAM,"General American Investors Company, Inc.",Financial Services,Asset Management,65.08000183105469,-2.1058986991355075,-0.0225153754101364,37.55048848766062,US
GAMI,"GAMCO Investors, Inc.",Financial Services,Asset Management,28.0,6.342575317633674,0.0841874303599197,79.70843472435014,US
GAP,"The Gap, Inc.",Consumer Cyclical,Apparel Retail,21.51000022888184,-3.629029914952076,-0.0237824660026862,52.55584324200449,US
GASZ,Corgi Natural Gas Power & Turbines ETF,ETF,ETF,21.701099395751957,-4.484594843291409,-0.0466001184923579,35.06400929361649,US
GATX,GATX Corporation,Industrials,Rental & Leasing Services,178.52999877929688,0.688061157013983,0.1305330450222688,52.38548924205814,US
GAVA,Grayscale Avalanche Staking ETF,ETF,ETF,18.190000534057617,-0.601085833818856,-0.0577581077234169,56.307328635626725,US
GBCI,"Glacier Bancorp, Inc.",Financial Services,Banks - Regional,45.83000183105469,-1.143224271611708,0.0130287951495088,37.09186312756188,US
GBFH,GBank Financial Holdings Inc.,Financial Services,Banks - Regional,20.13999938964844,0.9523740322954743,0.0144331590117419,37.23604049347493,US
GBHI,Gabelli High Income ETF,EQUITY,EQUITY,25.2189998626709,-0.2610242639489909,-0.0006045567883028,42.95858031651087,US
GBIL,Goldman Sachs Access Treasury 0-1 Year ETF,ETF,ETF,99.95999908447266,0.0500404569419927,-0.000693202765124,90.73471101526889,US
GBND,Goldman Sachs Core Bond ETF,ETF,ETF,48.95000076293945,-1.0511430057253617,-0.0079409889830838,30.233035218421648,US
GBTC,Grayscale Bitcoin Trust ETF,ETF,ETF,59.77000045776367,-5.487035307724635,-0.1256688343000154,59.3120339123026,US
GBTG,"Global Business Travel Group, Inc.",Consumer Cyclical,Travel Services,9.460000038146973,-0.3161194277632387,-0.0014590583175121,51.89775982400616,US
GBUG,Sprott Active Gold & Silver Miners ETF,ETF,ETF,50.33200073242188,-4.402660448770682,-0.0337145295670953,53.20749135898357,US
GBX,"The Greenbrier Companies, Inc.",Industrials,Railroads,43.09000015258789,0.7010965894877679,0.0685660397789127,36.32486539384742,US
GCAL,Goldman Sachs Dynamic California Municipal Income ETF,ETF,ETF,49.5099983215332,-0.8530969549265138,0.0054313924773941,30.263519363947083,US
GCBC,"Greene County Bancorp, Inc.",Financial Services,Banks - Regional,35.709999084472656,1.82491986090006,0.0393620831863255,61.05719486950503,US
GCC,WisdomTree Enhanced Commodity Strategy Fund,ETF,ETF,26.90999984741211,0.6734018266306404,-0.0201600321892779,69.5694497886946,US
GCGR,General Catalyst Global Resilience Merger Corp.,Financial Services,Shell Companies,10.135000228881836,-0.3441479562393837,-0.0035107900352955,38.8965796433008,US
GCO,Genesco Inc.,Consumer Cyclical,Apparel Retail,35.119998931884766,1.9744492807512075,0.0793591921700743,51.24015765542554,US
GCOR,Goldman Sachs Access U.S. Aggregate Bond ETF,ETF,ETF,39.89599990844727,-1.0024797425846022,-0.0126872559363602,31.12192315540004,US
GCOW,Pacer Global Cash Cows Dividend ETF,ETF,ETF,46.54999923706055,-1.689544377699996,0.0044107913856624,49.69159394265333,US
GCSH,Guggenheim Ultra Short Income ETF,EQUITY,EQUITY,49.97840118408203,-0.0831652804896845,-0.000542851293367,53.18188345681507,US
GCT,GigaCloud Technology Inc.,Technology,Software - Infrastructure,51.869998931884766,1.9657952054196144,0.0225730861256294,58.40111553943123,US
GD,General Dynamics Corporation,Industrials,Aerospace & Defense,355.8999938964844,-2.725011986159114,0.4758613545206995,31.94525865098747,US
GDE,WisdomTree Efficient Gold Plus Equity Strategy Fund,ETF,ETF,66.44999694824219,-3.569883301602317,0.0214022145983608,47.54867699877696,US
GDIV,Harbor Dividend Growth Leaders ETF,ETF,ETF,18.7189998626709,-1.9690990531779209,0.0006170340602656,42.28307233669495,US
GDMA,Gadsden Dynamic Multi-Asset ETF,ETF,ETF,42.11000061035156,-0.4491693383826819,-0.0035880673992145,45.7579251753084,US
GDMN,WisdomTree Efficient Gold Plus Gold Miners Strategy Fund,ETF,ETF,94.47000122070312,-6.5208752197622015,-0.0458677945240504,50.33645534153345,US
GDOC,Goldman Sachs Future Health Care Equity ETF,ETF,ETF,36.31700134277344,-3.647988833216,-0.0126762285741235,39.2503597201364,US
GDOG,Grayscale Dogecoin Trust ETF,ETF,ETF,9.923999786376951,-5.503714308157039,-0.0243713734739437,54.66116576533332,US
GDRX,"GoodRx Holdings, Inc.",Healthcare,Health Information Services,3.390000104904175,-3.9660019155886106,0.0020923968421548,47.575976414248416,US
GDT,WisdomTree Efficient TIPS Plus Gold Fund,ETF,ETF,34.95439910888672,-3.59534539171033,-0.0242713792699424,42.21481389721531,US
GDX,VanEck Gold Miners ETF,ETF,ETF,97.0999984741211,-4.325548804859719,-0.0655893291738296,54.03166168921244,US
GDXJ,VanEck Junior Gold Miners ETF,ETF,ETF,125.41000366210938,-5.229349409199021,-0.1171706564602592,52.90991734708687,US
GDXW,Roundhill Gold Miners Weeklypay ETF,ETF,ETF,44.11000061035156,-5.408100751676603,-0.0346154461689112,53.40718206029011,US
GDXY,YieldMax Gold Miners Option Income Strategy ETF,ETF,ETF,11.06999969482422,-2.969105891133007,-0.0066810808393305,55.52361732517732,US
GDYN,"Grid Dynamics Holdings, Inc.",Technology,Information Technology Services,7.980000019073486,-2.68292433303564,0.0058257685325696,59.49839466379564,US
GE,GE Aerospace,Industrials,Aerospace & Defense,323.6600036621094,-2.944706429382164,0.1185890066792776,34.695984420325985,US
GEHC,GE HealthCare Technologies Inc.,Healthcare,Medical Devices,63.93000030517578,-8.30464832781446,-0.0239395616114281,28.257875073085856,US
GEL,"Genesis Energy, L.P.",Energy,Oil & Gas Midstream,15.59000015258789,-3.6464780065495854,-0.0137050987017587,45.65008290689994,US
GEMD,Goldman Sachs Access Emerging Markets USD Bond ETF,ETF,ETF,40.84999847412109,-1.1231076902706567,-0.0127892130789606,32.45001125693739,US
GEMI,"Gemini Space Station, Inc.",Financial Services,Capital Markets,4.460000038146973,-7.8512417863816895,-0.0088570274444789,51.88380232117592,US
GENB,"Generate Biomedicines, Inc.",Healthcare,Biotechnology,15.720000267028809,-3.7943689092370536,0.0085120357674513,50.074556737534486,US
GEND,Genter Capital Dividend Income ETF,ETF,ETF,13.37399959564209,-1.7989634437928437,0.0007142204476338,48.178059317763925,US
GENI,Genius Sports Limited,Communication Services,Internet Content & Information,6.820000171661377,-10.615988605904407,-0.0028134900132439,40.95776829952834,US
GENM,Genter Capital Municipal Quality Intermediate ETF,ETF,ETF,10.085000038146973,-0.7088663265350195,-0.000949296931547,35.17800423170684,US
GENT,Genter Capital Taxable Quality Intermediate ETF,ETF,ETF,10.024999618530272,-0.8407521368295355,-0.0014614515641708,33.26905449253459,US
GENW,Genter Capital International Dividend ETF,ETF,ETF,15.279999732971191,-1.5146671295608485,0.0034293824315143,47.47550337742287,US
GENZ,VanEck Digital Native Economy ETF,ETF,ETF,38.13999938964844,-4.315105856411964,-0.0003401002245275,41.83868148283643,US
GEO,"The GEO Group, Inc.",Industrials,Security & Protection Services,31.489999771118164,1.97539063124903,0.005087022042367,51.44211479470722,US
GEQ,Cambria Global EW 2 ETF,ETF,ETF,51.354400634765625,-1.5822147673085856,0.0018545932744356,44.005932158294165,US
GERN,Geron Corporation,Healthcare,Biotechnology,1.350000023841858,-10.596024346484407,-0.00447238192389,39.60329854410728,US
GETY,"Getty Images Holdings, Inc.",Communication Services,Internet Content & Information,0.2599999904632568,11.111108280881032,0.0001062254870133,37.86444495956762,US
GEV,GE Vernova Inc.,Industrials,Specialty Industrial Machinery,957.27001953125,1.638281686466175,1.617991367158666,48.734174146377256,US
GEVG,Leverage Shares 2X Long GEV Daily ETF,ETF,ETF,22.468000411987305,2.6076680347453305,0.0720955763315882,46.91737182035544,US
GEW,Cambria Global EW ETF,ETF,ETF,56.20199966430664,-1.558886366559593,0.0086589166742112,46.19262510555454,US
GFF,Griffon Corporation,Industrials,Building Products & Equipment,96.02999877929688,-1.7595920416400257,0.0317014817338172,45.70973536993331,US
GFLW,VictoryShares Free Cash Flow Growth ETF,ETF,ETF,33.209999084472656,-2.0439920917796432,0.0064163843326791,46.78511835891221,US
GFS,GLOBALFOUNDRIES Inc.,Technology,Semiconductors,46.95000076293945,5.434543116959838,0.1140462410317586,44.19754583921546,US
GGLS,Direxion Daily GOOGL Bear 1X Shares,ETF,ETF,59.52000045776367,1.0903939055029528,-0.0738800464970592,52.51649391147166,US
GGM,GGM Macro Alignment ETF,ETF,ETF,31.08970069885254,-1.6833187215058054,-0.010412453748181,42.39625606789302,US
GGOV,iShares Global Government Bond USD Hedged Active ETF,ETF,ETF,50.09999847412109,-0.2588116052159663,-0.0043490576216992,45.93249653109217,US
GGTL,Gabelli ETFs Trust - Gabelli Global Technology Leaders ETF,EQUITY,EQUITY,38.18220138549805,-2.20974983713406,-0.0596560359848103,46.83081885574319,US
GGUS,Goldman Sachs MarketBeta Russell 1000 Growth Equity ETF,ETF,ETF,66.48799896240234,-0.7641806531308302,0.0055237826911441,49.10069888843844,US
GHC,Graham Holdings Company,Industrials,Conglomerates,1138.5699462890625,1.3945829703814998,1.408675952541893,46.83107424742929,US
GHM,Graham Corporation,Industrials,Specialty Industrial Machinery,87.9000015258789,2.256866521717636,0.315037875510062,40.456794122405306,US
GHRS,GH Research PLC,Healthcare,Biotechnology,27.200000762939453,-2.5787940952257467,0.0006767383398971,43.288992153480805,US
GHY,"PGIM Global High Yield Fund, Inc",Financial Services,Asset Management,11.270000457763672,-1.0077025409061624,0.0005704063974049,33.87468628009279,US
GHYB,Goldman Sachs Access High Yield Corporate Bond ETF,ETF,ETF,44.04499816894531,-0.7973154922904861,-0.0107155777900107,36.603633544759965,US
GHYG,iShares US & Intl High Yield Corp Bond ETF,ETF,ETF,44.619998931884766,-0.9105037941964416,-0.0099827811037701,34.71715877642532,US
GIAX,Nicholas Global Equity and Income ETF,ETF,ETF,15.920000076293944,-0.6925506191467735,-0.0088240513003331,52.42036359794823,US
GIC,Global Industrial Company,Industrials,Industrial Distribution,38.9900016784668,-0.4595264204562054,-0.0095738391719777,54.684917352551295,US
GIEQ,Goldman Sachs Data Enhanced International Equity ETF,ETF,ETF,42.119998931884766,-2.4096406839762827,-0.0072805348269732,42.60133983277864,US
GIGB,Goldman Sachs Access Investment Grade Corporate Bond ETF,ETF,ETF,44.27999877929688,-0.8952585567296193,-0.0108648101777845,33.00371015822802,US
GIGL,Goldman Sachs Corporate Bond ETF,ETF,ETF,48.880001068115234,-0.8921302299909768,-0.0123148347568806,32.56370099786315,US
GII,State Street SPDR S&P Global Infrastructure ETF,ETF,ETF,72.83000183105469,-1.5278491987639884,-0.0241324504895256,31.44479608546329,US
GIII,"G-III Apparel Group, Ltd.",Consumer Cyclical,Apparel Manufacturing,27.88999938964844,2.423796762788727,0.1039439256448004,24.425685196177284,US
GILD,"Gilead Sciences, Inc.",Healthcare,Drug Manufacturers - General,143.72000122070312,-4.959661380410831,-0.2381253489726074,50.50858220636636,US
GILT,Gilat Satellite Networks Ltd.,Technology,Communication Equipment,9.890000343322754,-3.9805809691238223,0.0161024458438475,40.05926608853082,US
GIND,Goldman Sachs India Equity ETF,ETF,ETF,24.679000854492188,-2.086883835770812,0.0012896205481818,45.66151960545549,US
GINN,Goldman Sachs Innovate Equity ETF,ETF,ETF,80.81400299072266,-2.3985507099483065,0.0055207052257907,46.5362281739839,US
GINX,SGI Enhanced Global Income ETF,ETF,ETF,36.67839813232422,-1.301331017538349,-0.010082190366778,49.04650393911821,US
GISC,Guggenheim Securitized Income ETF,EQUITY,EQUITY,49.595001220703125,-0.3916442884888696,-0.0042162956108539,36.05938941888726,US
GJUN,GJUN,N/A,N/A,41.81840133666992,-0.5389388563293039,0.000115140197592,50.36360571329496,US
GK,AdvisorShares Gerber Kawasaki ETF,ETF,ETF,28.77899932861328,-0.5357043152131258,0.013619421701591,48.18996463984619,US
GKAT,Scharf Global Opportunity ETF,ETF,ETF,45.30619812011719,-1.3194821510100696,0.0099368338314613,48.3272914102624,US
GLAD,Gladstone Capital Corporation,Financial Services,Asset Management,19.479999542236328,-2.238614384725641,-0.0087500573985234,49.64525920024895,US
GLBE,Global-E Online Ltd.,Consumer Cyclical,Internet Retail,37.18000030517578,-2.898930749049513,0.0813125204678849,42.95164513130064,US
GLDB,IDX Alternative FIAT ETF,ETF,ETF,22.527000427246094,-4.079200162691109,-0.0162288056242484,52.80118628404156,US
GLDI,UBS ETRACS Gold Shares Covered Call ETN,ETF,ETF,147.60000610351562,-1.6163891962175083,-0.0438338895514509,49.613788480608,US
GLDM,SPDR Gold MiniShares,ETF,ETF,86.0,-2.8468105949299,0.0081116784979808,47.400317950433326,US
GLDN,Nicholas Gold Income ETF,EQUITY,EQUITY,16.495100021362305,-4.9273794888239815,-0.0320906838086197,47.74426392499111,US
GLDW,Roundhill Gold WeeklyPay ETF,ETF,ETF,42.25199890136719,-3.6489431803106847,0.0023039104364479,46.54802090008898,US
GLGG,Leverage Shares 2X Long GLXY Daily ETF,ETF,ETF,4.909999847412109,-15.924662343778678,-0.0419369056314153,49.05499177439914,US
GLIBA,Liberty Capital Corporation,Communication Services,Telecom Services,26.049999237060547,-2.3247125514052622,-0.0044237071236409,52.76067144006216,US
GLIN,VanEck India Growth Leaders ETF,ETF,ETF,45.20000076293945,-2.037274900614485,0.0008217272712055,43.786863818293625,US
GLIX,Lazard Listed Infrastructure ETF,ETF,ETF,26.145000457763672,-1.942765806446213,-0.0039778779416765,30.128225512913588,US
GLL,ProShares UltraShort Gold,ETF,ETF,22.790000915527344,6.000004258266715,-0.0012810488936026,51.63123009270894,US
GLNG,Golar LNG Limited,Energy,Oil & Gas Midstream,52.88999938964844,1.7310976767181014,0.0333902688564273,59.23727679756571,US
GLNK,Grayscale Chainlink Trust ETF,ETF,ETF,10.270000457763672,-2.469128981963962,-0.0345667675803326,60.39589873554896,US
GLOB,Globant S.A.,Technology,Information Technology Services,37.75,-6.443614801593192,0.0600494878861938,49.027267209732685,US
GLOF,iShares Global Equity Factor ETF,ETF,ETF,61.08000183105469,-1.1010306168376764,0.0105248956002597,53.31489349421857,US
GLOO,"Gloo Holdings, Inc.",Technology,Software - Application,3.3299999237060547,8.823528953443708,0.0184711412896173,51.28295514199269,US
GLOW,VictoryShares WestEnd Global Equity ETF,ETF,ETF,34.847999572753906,-1.4981027869999666,0.0034870285884061,46.937905388930496,US
GLP,Global Partners LP,Energy,Oil & Gas Midstream,52.75,0.5144825840678092,-0.0848162709045482,62.4126019733164,US
GLRE,"Greenlight Capital Re, Ltd.",Financial Services,Insurance - Reinsurance,14.970000267028809,-3.2945690587135648,-0.0042223547099473,37.44891607796818,US
GLRY,Inspire Growth ETF,ETF,ETF,38.6349983215332,-0.7832571030615836,0.0140374193455803,37.7284015194234,US
GLUE,"Monte Rosa Therapeutics, Inc.",Healthcare,Biotechnology,14.06999969482422,-2.155774806325527,-0.0079764478077399,38.24976609963548,US
GLW,Corning Incorporated,Technology,Electronic Components,166.39999389648438,13.972598559235877,0.1566065285951339,56.986612537079,US
GLWG,Leverage Shares 2X Long GLW Daily ETF,ETF,ETF,16.139999389648438,28.503175560729726,0.0263302265834785,54.42174255230117,US
GLXU,T-REX 2X Long GLXY Daily Target,ETF,ETF,5.730000019073486,-16.228071765384968,-0.0523220196606307,48.92148257347205,US
GM,General Motors Company,Consumer Cyclical,Auto Manufacturers,85.62000274658203,-1.6314317026759066,0.0167726604954606,50.30306658253144,US
GMAY,FT Vest U.S. Equity Moderate Buffer ETF - May,ETF,ETF,43.76119995117188,-0.5427273837002841,-0.0014436036275186,50.314774000583725,US
GMEU,T-Rex 2X Long GME Daily Target ETF,ETF,ETF,6.869999885559082,19.27082660711501,0.0404319051198082,66.22826341693235,US
GMMA,Gammaroad Market Navigation ETF,ETF,ETF,21.83699989318848,-0.758952095504737,-0.0004833962692042,48.10990003334477,US
GMMF,iShares Government Money Market ETF,ETF,ETF,100.27999877929688,0.0877830752890643,-0.0001471464004991,98.87876930956828,US
GMOM,Cambria Global Momentum ETF,ETF,ETF,38.64730072021485,-0.3216203470988888,-0.0297690141389698,63.59523519778712,US
GMOV,GMO U.S. Value ETF,ETF,ETF,33.03219985961914,-0.0236109433778404,0.0170982062136327,61.2804734575028,US
GMRS,GMR Solutions Inc.,Healthcare,Medical Care Facilities,12.779999732971191,-4.697987484037867,-0.0134432070373913,47.15741888909617,US
GNK,Genco Shipping & Trading Limited,Industrials,Marine Shipping,26.82999992370605,-1.68560269838452,-0.0239855398319881,56.19570618659336,US
GNL,"Global Net Lease, Inc.",Real Estate,REIT - Diversified,9.050000190734863,-0.9846843458123108,-0.0039869063176459,49.12903977161391,US
GNOM,Global X Genomics & Biotechnology ETF,ETF,ETF,62.21900177001953,-4.234261042012986,-0.0447059789684045,49.870964860869314,US
GNR,State Street SPDR S&P Global Natural Resources ETF,ETF,ETF,78.58999633789062,-0.8828409251533215,-0.0578799961126763,61.21557488629941,US
GNTX,Gentex Corporation,Consumer Cyclical,Auto Parts,22.790000915527344,-0.2189108438113635,0.0149480708209394,43.62935074429352,US
GO,Grocery Outlet Holding Corp.,Consumer Defensive,Grocery Stores,11.25,-8.536586784167612,-0.0203574965058325,49.88042173687733,US
GOAU,U.S. Global GO GOLD and Precious Metal Miners ETF,ETF,ETF,47.77000045776367,-5.769798312789376,-0.0803957039523726,53.700771534245455,US
GOEX,Global X Gold Explorers ETF,ETF,ETF,90.41999816894533,-5.110717493747523,-0.1199451885338183,53.116246114176256,US
GOGO,Gogo Inc.,Communication Services,Telecom Services,2.619999885559082,-1.1320833482532375,0.0004089095268978,40.773669253469045,US
GOLD,"Gold.com, Inc.",Financial Services,Capital Markets,48.220001220703125,16.24879882557352,0.0844939897835858,58.03940741533162,US
GOLF,Acushnet Holdings Corp.,Consumer Cyclical,Leisure,85.16000366210938,-1.3609722995579483,-0.0050249910232453,31.92348838873005,US
GOLS,Gabelli Opportunities in Live and Sports ETF,EQUITY,EQUITY,26.649999618530277,-0.0187622134173869,0.0410128847952653,47.15734165041727,US
GOLY,Strategy Shares - Strategy Shares Gold Enhanced Yield ETF,ETF,ETF,25.84000015258789,-4.7759417094682615,-0.0192638776081679,41.71509750027555,US
GOOD,Gladstone Commercial Corporation,Real Estate,REIT - Diversified,12.710000038146973,-2.380955520104069,-0.0122492597546613,43.570276633910936,US
GOOG,Alphabet Inc.,Communication Services,Internet Content & Information,335.45001220703125,-1.0063074107122594,0.372791336722083,46.26375764026962,US
GOOP,Kurv Yield Premium Strategy Google ETF,ETF,ETF,35.55500030517578,-1.0987495114906214,0.0489823643416498,45.292733248993336,US
GOOW,Roundhill GOOGL WeeklyPay ETF,ETF,ETF,59.28499984741211,-1.2972183727880926,0.0891016815844011,46.666238649017984,US
GOOY,YieldMax GOOGL Option Income Strategy ETF,ETF,ETF,11.960000038146973,-0.7110723064437098,0.0098957491730769,48.25279562815793,US
GOP,Subversive Congressional Republicans Trading ETF,ETF,ETF,44.71799850463867,0.1298671236558979,0.0212041338818244,52.94264505429529,US
GOTU,Gaotu Techedu Inc.,Consumer Defensive,Education & Training Services,2.0999999046325684,-4.545460949259217,-0.008529146509466,65.70425064604899,US
GOU,GraniteShares 2x Long GOOGL Daily ETF,ETF,ETF,24.6200008392334,-2.274441059726592,0.0604056389428332,45.74028188065018,US
GOVM,iShares 1-10 Year Treasury Bond,ETF,ETF,24.549999237060547,-0.7679892312667949,-0.0024842756324861,27.8296095610346,US
GPAT,GP-Act III Acquisition Corp.,Financial Services,Shell Companies,10.979999542236328,0.0911510935653587,0.0014271024811629,49.72382182429767,US
GPGI,"GPGI, Inc.",Industrials,Metal Fabrication,13.300000190734863,-4.727792590319481,-0.0089301476834114,47.274021484111614,US
GPIQ,Goldman Sachs Nasdaq-100 Premiu,ETF,ETF,56.33000183105469,-0.2479181629574867,0.00549291903218,51.24878111355517,US
GPIX,Goldman Sachs S&P 500 Premium Income ETF,ETF,ETF,55.65999984741211,-0.9255971074029437,0.0111642693311669,51.33522717436815,US
GPRE,Green Plains Inc.,Basic Materials,Chemicals,14.899999618530272,-0.4010723226183307,-0.0356196999661888,44.9352511747392,US
GPRF,Goldman Sachs Access U.S. Preferred Stock and Hybrid Securities ETF,ETF,ETF,48.880001068115234,-0.5392194265542514,-0.0072085675152858,36.78171719850709,US
GPRK,GeoPark Limited,Energy,Oil & Gas E&P,11.479999542236328,-3.5294125189713075,-0.0599435048812065,63.555343640725205,US
GPT,Intelligent Alpha Atlas ETF,ETF,ETF,33.87099838256836,-0.7181461439590845,0.0045026258825243,46.71983247985605,US
GPTY,YieldMax AI & Tech Portfolio Option Income ETF,ETF,ETF,42.59000015258789,0.7165719509630746,-0.005792448637843,57.4985580355882,US
GPZ,VanEck Alternative Asset Manager ETF,ETF,ETF,23.11000061035156,-6.13322574090072,-0.0124410777100427,35.79674100978325,US
GQGU,GQG US Equity ETF,ETF,ETF,26.1299991607666,-0.2671816799023554,0.0078472375993261,49.538427457042,US
GQI,Natixis Gateway Quality Income ETF,ETF,ETF,60.0099983215332,-0.8099201296971849,0.0004147247649924,54.40044474965999,US
GQQQ,Astoria US Quality Growth Kings ETF,ETF,ETF,35.5620002746582,-0.5870487762352418,0.0083724092469947,50.06893728899817,US
GRID,First Trust NASDAQ Clean Edge Smart Grid Infrastructure Index Fund,ETF,ETF,180.77999877929688,1.824944021453408,0.1836540732351483,50.22599491031341,US
GRMN,Garmin Ltd.,Technology,Scientific & Technical Instruments,282.6700134277344,2.375580789508995,1.0700506519731698,51.6115712760352,US
GRN,iPath Series B Carbon ETN,ETF,ETF,34.35499954223633,4.486004945880144,0.0079051188149784,64.26008834592656,US
GRNB,VanEck Green Bond ETF,ETF,ETF,23.549999237060547,-0.7166951147348235,-0.0044455168490638,35.75502349062383,US
GRNJ,Fundstrat Granny Shots US Small- & Mid-Cap ETF,EQUITY,EQUITY,29.155000686645508,0.3614507825907455,0.0241475894035079,46.71050668474355,US
GRNT,"Granite Ridge Resources, Inc.",Energy,Oil & Gas E&P,5.110000133514404,0.5905553200572354,-0.0006696528042578,59.94192868380807,US
GRNY,Fundstrat Granny Shots US Large Cap ETF,ETF,ETF,27.790000915527344,-1.2437756990493891,-0.0024731820080244,50.45527462683566,US
GROZ,Zacks Focus Growth ETF,ETF,ETF,32.709999084472656,-1.3451537257730009,-0.0151814868574207,48.93998129941813,US
GRPM,GRPM,N/A,N/A,141.49000549316406,-2.339866976392269,0.0700473092422091,48.61291851787623,US
GRPN,"Groupon, Inc.",Communication Services,Internet Content & Information,18.729999542236328,-0.6892951426729094,0.045651412960507,35.31437737553975,US
GRPZ,Invesco S&P Smallcap 600 GARP ETF,ETF,ETF,31.91200065612793,-3.1031684900011003,0.0023864141314162,37.43140866590133,US
GRRR,Gorilla Technology Group Inc.,Technology,Software - Infrastructure,13.59000015258789,-0.947522681565302,-0.0192472113298332,45.38422138310784,US
GRVY,"Gravity Co., Ltd.",Communication Services,Electronic Gaming & Multimedia,71.29000091552734,-2.12794549737915,-0.0572668444244466,53.32637056390045,US
GRW,TCW Durable Growth ETF,ETF,ETF,30.684999465942383,-1.7451171446764575,0.0174856246173235,37.911822711332086,US
GS,"The Goldman Sachs Group, Inc.",Financial Services,Capital Markets,1029.1800537109375,-0.8430240524123861,0.1754316431120224,49.59336863042037,US
GSBC,"Great Southern Bancorp, Inc.",Financial Services,Banks - Regional,80.30000305175781,0.0747821405605684,0.0330777512067813,56.2053465911305,US
GSBD,"Goldman Sachs BDC, Inc.",Financial Services,Asset Management,9.619999885559082,-2.828280240002265,-0.0027841593714986,47.44623715993198,US
GSEE,Goldman Sachs MarketBeta Emerging Markets Equity ETF,ETF,ETF,69.8290023803711,0.4170334767805906,-0.0245745325133081,55.555764168650185,US
GSEU,Goldman Sachs ActiveBeta Europe Equity ETF,ETF,ETF,49.28300094604492,-1.787563478827518,-0.0001007175990057,42.15808543530377,US
GSG,iShares S&P GSCI Commodity-Indexed Trust,ETF,ETF,36.470001220703125,4.319228191573752,-0.0072999132711832,72.8554813226014,US
GSGO,Goldman Sachs Growth Opportunities ETF,ETF,ETF,44.09299850463867,0.1294377496854797,0.0118043467497079,50.08348751779498,US
GSHD,"Goosehead Insurance, Inc.",Financial Services,Insurance Brokers,57.18000030517578,-14.7584991884954,-0.007178130060951,34.57123432883458,US
GSIB,Themes Global Systemically Important Banks ETF,ETF,ETF,66.31900024414062,-0.3875260546153096,0.018712298672005,62.806502023091184,US
GSID,Goldman Sachs MarketBeta International Equity ETF,ETF,ETF,77.3949966430664,-1.1684343558339587,0.014383696672136,49.04153130821152,US
GSIE,Goldman Sachs ActiveBeta International Equity ETF,ETF,ETF,47.45000076293945,-1.678403619488598,0.0011928201645674,47.31182703827065,US
GSJY,Goldman Sachs ActiveBeta Japan Equity ETF,ETF,ETF,56.48899841308594,0.6431728756312689,0.04643183924937,63.00172431487373,US
GSL,"Global Ship Lease, Inc.",Industrials,Marine Shipping,45.81999969482422,0.1748972746432645,0.002224173782572,62.30517966145602,US
GSLC,Goldman Sachs ActiveBeta U.S. Large Cap Equity ETF,ETF,ETF,145.8000030517578,-1.2328899374267657,0.0424656897243765,49.85415907899715,US
GSM,Ferroglobe PLC,Basic Materials,Other Industrial Metals & Mining,4.28000020980835,-5.518763541306253,-0.0188974914978301,53.406899752217626,US
GSOL,Grayscale Solana Staking ETF,ETF,ETF,7.730000019073486,-3.0112895537779294,-0.0135770909512646,62.69278944103597,US
GSPY,Gotham Enhanced 500 ETF,ETF,ETF,42.4739990234375,-0.9283509265090664,0.0118624427704424,54.18908867126641,US
GSUI,Grayscale Sui Staking ETF,ETF,ETF,10.520000457763672,-8.282474168688271,-0.0506594591169398,47.65202897717721,US
GSUS,Goldman Sachs MarketBeta US Equity ETF,ETF,ETF,105.72000122070312,-1.0668158180208782,0.0250351659859804,50.929388449756495,US
GSY,Invesco Ultra Short Duration ETF,ETF,ETF,50.09999847412109,-0.0598495778074569,-0.0027386793272482,55.538406847370766,US
GT,The Goodyear Tire & Rubber Company,Consumer Cyclical,Auto Parts,5.369999885559082,-12.111296755891924,-0.0228345733383313,32.490280702667334,US
GTEK,Goldman Sachs Future Tech Leaders Equity ETF,ETF,ETF,56.87099838256836,1.0914169141955872,0.0550345534398018,50.093312547571045,US
GTEN,"Gores Holdings X, Inc.",Financial Services,Shell Companies,10.550000190734863,-1.2172295011819132,-0.0014857206100307,39.55341653398187,US
GTES,Gates Industrial Corporation Ltd.,Industrials,Specialty Industrial Machinery,26.040000915527344,3.374356345568557,0.0357267725894904,47.98385602349526,US
GTLB,GitLab Inc.,Technology,Software - Infrastructure,46.9900016784668,-4.704927256564339,-0.1092490882071928,61.426474950610505,US
GTM,ZoomInfo Technologies Inc.,Technology,Software - Application,3.799999952316284,-7.766988886684739,-0.002975415957575,47.81938474089378,US
GTN,"Gray Media, Inc.",Communication Services,Broadcasting,4.849999904632568,-2.6104440550806283,0.0024098803076076,53.01904222340925,US
GTND,Goaltender ETF,EQUITY,EQUITY,25.283300399780277,-1.275674356834013,-0.005148793940471,46.99507738298762,US
GTOH,Invesco Actively Managed Exchange-Traded Fund Trust - Invesco Short Duration High Yield ETF,ETF,ETF,25.179000854492188,-0.4703908594438335,-0.0037531806132342,41.99839980557701,US
GTOP,Goldman Sachs Technology Opportunities ETF,ETF,ETF,49.02399826049805,1.153405769421642,0.0273613792797127,54.40910711812235,US
GTOQ,Invesco High Yield Systematic Bond ETF,ETF,ETF,22.082500457763672,-0.8196673563333399,-0.0031490052017449,35.44062081950945,US
GTOS,Invesco Actively Managed Exchange-Traded Fund Trust - Invesco Short Duration Total Return Bond ETF,ETF,ETF,24.770000457763672,-0.3219312775774017,-0.0026342772971495,34.5813571216662,US
GTPE,Goldman Sachs MSCI World Private Equity Return Tracker ETF,ETF,ETF,60.54399871826172,-0.91485183500715,0.0208250786147792,43.3292486717731,US
GTR,WisdomTree Target Range Fund,ETF,ETF,27.55900001525879,-1.1158981507341923,-0.005288733171827,46.59130499651778,US
GTX,Garrett Motion Inc.,Consumer Cyclical,Auto Parts,27.6200008392334,1.0611083656674174,0.0052789944155542,46.87984062788296,US
GTY,Getty Realty Corp.,Real Estate,REIT - Retail,32.27000045776367,-1.163862328808896,-0.0118380511276655,37.30792715841385,US
GUNR,Northern Trust Morningstar Global Upstream Natural Resources ETF,ETF,ETF,56.619998931884766,-0.892704580247427,-0.0501632021005049,60.80426591379194,US
GURU,Global X Guru Index ETF,ETF,ETF,69.05000305175781,-1.6661893315381475,-0.0017301873740385,45.756507405258944,US
GUSH,Direxion Daily S&P Oil & Gas Exp. & Prod. Bull 2X Shares,ETF,ETF,48.40999984741211,3.595121595619392,-0.0118871244621687,69.97110309734853,US
GUT,The Gabelli Utility Trust,Financial Services,Asset Management,6.300000190734863,-3.5222053856601128,-0.0134952755538336,41.44126798048627,US
GVA,Granite Construction Incorporated,Industrials,Engineering & Construction,118.91999816894533,-0.4687020189607179,0.2008211654744793,43.94993904959922,US
GVAL,Cambria Global Value ETF,ETF,ETF,39.52099990844727,1.3358972011468349,-0.010528891553434,66.35055505891339,US
GVI,iShares Intermediate Government/Credit Bond ETF,ETF,ETF,103.97000122070312,-0.754105478634892,-0.0223351235026443,28.238174281614377,US
GVIP,Goldman Sachs Hedge Industry VIP ETF,ETF,ETF,171.19200134277344,0.1474195026138285,-0.0138389203575685,45.9467618469285,US
GVLU,Gotham 1000 Value ETF,ETF,ETF,28.492700576782227,-2.0532814461072717,0.0136469558161239,46.822425866386645,US
GVUS,Goldman Sachs MarketBeta Russell 1000 Value Equity ETF,ETF,ETF,65.59500122070312,-1.4646214189436135,0.0252720471402398,50.077654731081,US
GWW,"W.W. Grainger, Inc.",Industrials,Industrial Distribution,1280.0,-2.5014447057751505,-0.0391244912336166,42.42986096217798,US
GWX,State Street SPDR S&P International Small Cap ETF,ETF,ETF,46.400001525878906,-0.6636642360731697,-0.0015902419342599,54.66588476570408,US
GXDW,Global X Dorsey Wright Thematic ETF,ETF,ETF,23.81999969482422,-1.1002673851844975,-0.0140556314707403,45.38565258252604,US
GXIG,Global X Investment Grade Corporate Bond ETF,ETF,ETF,23.959999084472656,-1.0939165854452413,-0.0091104930174695,32.208066646848096,US
GXLC,Global X U.S. 500 ETF,EQUITY,EQUITY,92.01799774169922,-1.0729348833268413,0.0242893660423973,50.70509952110965,US
GXO,"GXO Logistics, Inc.",Industrials,Integrated Freight & Logistics,45.84000015258789,-2.8401868247569486,-0.022143103824129,41.91942975754677,US
GXPC,Global X Purecap MSCI Communication Services ETF,ETF,ETF,30.170000076293945,0.3993372455244587,0.0265053330642468,55.17596614688606,US
GXPS,Global X Purecap MSCI Consumer Staples ETF,ETF,ETF,26.239999771118164,-1.6491773951451545,0.0109314440622328,42.66210747204388,US
GXPT,Global X PureCap MSCI Information Technology ETF,ETF,ETF,33.93000030517578,0.2363421998847364,0.0086044534861517,56.588907601092586,US
GXRP,Grayscale XRP Trust ETF,ETF,ETF,26.3700008392334,-7.506135996030359,-0.0852905564685668,56.17659584403804,US
GXUS,Goldman Sachs MarketBeta(R) Total International Equity ETF,ETF,ETF,64.62100219726562,-0.6335167565011987,0.0004352808222679,52.38285913676476,US
GYLD,Arrow Dow Jones Global Yield ETF,ETF,ETF,14.300000190734863,-0.4871238370333176,-0.0001764524719153,48.12078415933385,US
HAFC,Hanmi Financial Corporation,Financial Services,Banks - Regional,31.799999237060547,-0.1256310155014008,0.0018514130947004,53.09711490140331,US
HAIL,State Street SPDR S&P Kensho Smart Mobility ETF,ETF,ETF,35.20800018310547,-1.9494283850311485,0.0107279648078998,40.26654388877876,US
HAKY,Amplify HACK Cybersecurity Covered Call ETF,ETF,ETF,29.392000198364254,-2.026666005452474,-0.0034398701084082,46.586712834959016,US
HAL,Halliburton Company,Energy,Oil & Gas Equipment & Services,35.84000015258789,-3.888443892034557,-0.0967272730969965,53.11007452677594,US
HAPI,Harbor Human Capital Factor US Large Cap ETF,ETF,ETF,46.047000885009766,-1.207894696351411,0.0232513060563602,50.71335112062257,US
HAPS,Harbor Human Capital Factor US Small Cap ETF,ETF,ETF,37.41699981689453,-2.267206566480504,0.0024194674047667,41.13703086997225,US
HARD,Simplify Commodities Strategy No K-1 ETF,ETF,ETF,35.85499954223633,5.985804320361484,-0.0055346073841504,65.31463603948828,US
HASI,"HA Sustainable Infrastructure Capital, Inc.",Financial Services,Asset Management,37.369998931884766,-6.199802237055667,-0.0351962473990037,36.14630367106624,US
HAUZ,Xtrackers International Real Estate ETF,ETF,ETF,22.100000381469727,-2.6431733978145986,-0.0040570678227053,35.910761036125166,US
HAWK,"HawkEye 360, Inc.",Industrials,Aerospace & Defense,16.299999237060547,-5.889148243279019,0.0404974741152359,29.044903952033465,US
HBAN,Huntington Bancshares Incorporated,Financial Services,Banks - Regional,16.860000610351562,-1.1723262711120637,0.0140926199315663,45.39086445782626,US
HBCP,"Home Bancorp, Inc.",Financial Services,Banks - Regional,69.22000122070312,-0.9869867047085072,0.008639343105731,46.91035488433855,US
HBDC,Hilton Bdc Corporate Bond ETF,ETF,ETF,24.617000579833984,-0.255266306980494,0.0004762828131894,47.135738286925445,US
HBIA,Hills Bancorporation,Financial Services,Banks - Regional,47.0,0.7286758544787008,0.0195200822437756,51.11148242697551,US
HBNB,Hotel101 Global Holdings Corp.,Real Estate,Real Estate Services,4.985000133514404,-8.195206425271142,0.0012114771394242,38.706107724151686,US
HBNC,"Horizon Bancorp, Inc.",Financial Services,Banks - Regional,19.780000686645508,0.5592303504062207,0.0094807927669932,49.04806817768127,US
HBRD,Invesco U.S. Hybrid Bond ETF,EQUITY,EQUITY,24.155000686645508,-0.6784498776693078,-0.0055463328620864,33.67623388656395,US
HBT,"HBT Financial, Inc.",Financial Services,Banks - Regional,36.5099983215332,0.4125349523204816,0.0153562965166165,60.29931326012954,US
HBTA,Horizon Expedition Plus ETF,ETF,ETF,31.67650032043457,-1.729542778359635,-0.019141080888891,45.40356937772204,US
HCA,"HCA Healthcare, Inc.",Healthcare,Medical Care Facilities,426.9400024414063,4.335285851702175,0.8464925055637322,59.59443323800973,US
HCC,"Warrior Met Coal, Inc.",Basic Materials,Coking Coal,97.7699966430664,-5.32584504578782,-0.4050570011462282,45.78369433146391,US
HCMT,Direxion HCM Tactical Enhanced U.S. Equity Strategy ETF,ETF,ETF,41.13999938964844,-0.9629309510423932,0.0186498973188663,51.09845161774511,US
HCOW,Amplify COWS Covered Call ETF,ETF,ETF,24.95400047302246,-3.7268503102936856,0.0014750743853926,40.768399056397925,US
HCSG,"Healthcare Services Group, Inc.",Healthcare,Medical Care Facilities,21.979999542236328,1.2436686741123844,0.0141205226728561,45.29878126012055,US
HD,"The Home Depot, Inc.",Consumer Cyclical,Home Improvement Retail,308.739990234375,-2.9333218709720628,0.2165154507692976,34.02188786719563,US
HDG,ProShares Hedge Replication ETF,ETF,ETF,54.65999984741211,-1.0141277814406486,-0.0039151770247822,46.98682634854693,US
HDGE,AdvisorShares Active Bear ETF,ETF,ETF,14.539999961853027,3.4875428075886408,-0.000127325847501,52.55232665373932,US
HDLB,ETRACS Monthly Pay 2xLeveraged US High Dividend Low Volatility ETN,ETF,ETF,17.06570053100586,-2.720736228122516,0.0181407307097686,43.83123237919509,US
HDMV,First Trust Horizon Managed Volatility Developed International ETF,ETF,ETF,38.21699905395508,-1.6521322899550728,0.0101303944817615,43.03891336457574,US
HDUS,Hartford Disciplined US Equity ETF,ETF,ETF,73.16000366210938,-1.4016082599818087,-0.0044238135543625,46.52782093703814,US
HDV,iShares Core High Dividend ETF,ETF,ETF,29.1200008392334,-1.9528616458144872,0.0018230338720124,47.73089799978279,US
HEAL,Global X HealthTech ETF,ETF,ETF,28.38999938964844,-4.184947034220849,-0.0106061314909282,41.950650285954985,US
HECO,State Street Galaxy Hedged Digital Asset Ecosystem ETF,ETF,ETF,62.86100006103516,-3.634722398796083,-0.1394408451601034,48.24782367848361,US
HEFA,iShares Currency Hedged MSCI EAFE ETF,ETF,ETF,46.54999923706055,-1.3562182841137134,0.0122415503559665,43.82771195538376,US
HEFT,Hedgeye Fourth Turning ETF,EQUITY,EQUITY,26.432600021362305,-0.741266036895415,-0.0053131820912424,43.56101447435229,US
HEGD,Swan Hedged Equity US Large Cap ETF,ETF,ETF,26.88999938964844,-0.8115131528957646,0.0051540322476523,46.90216551162396,US
HEI,HEICO Corporation,Industrials,Aerospace & Defense,316.0,-2.9782044345965315,0.6635954516329434,29.437599448579704,US
HELE,Helen of Troy Limited,Consumer Defensive,Household & Personal Products,26.809999465942383,-4.86160689991821,-0.0148150519427047,41.18373134957211,US
HELO,Jpmorgan Hedged Equity Laddered Overlay ETF,ETF,ETF,69.23999786376953,-0.8591043894364778,0.0078599005630162,49.36233648065038,US
HELS,Hedgeye 130/30 Equity ETF,EQUITY,EQUITY,23.559999465942383,-1.459705236501175,0.0108905712211902,38.53278823010957,US
HELX,Franklin Genomic Advancements ETF,ETF,ETF,40.98699951171875,-3.1269246481458053,-0.0215649854374981,45.82380459113548,US
HEMI,Hartford Equity Premium Income ETF,ETF,ETF,41.20000076293945,-1.099429095742416,-0.0033087535817454,46.328159341717736,US
HEPS,D-Market Elektronik Hizmetler ve Ticaret A.S.,Consumer Cyclical,Internet Retail,2.619999885559082,-2.23881267550565,-0.0012233751338284,42.941953099551085,US
HEQQ,JPMorgan Nasdaq Hedged Equity Laddered Overlay ETF,ETF,ETF,60.87689971923828,-0.748498152605806,-0.0250667629828251,48.25523288580749,US
HERD,Pacer Cash Cows Fund of Funds ETF,ETF,ETF,51.31129837036133,-1.0866537438817772,0.0364636237420474,52.70667558283563,US
HERO,Global X Video Games & Esports ETF,ETF,ETF,27.26000022888184,0.9816609794777208,0.0312968565948117,54.37009704532516,US
HESM,Hess Midstream LP,Energy,Oil & Gas Midstream,39.970001220703125,0.3011361384617417,-0.0326998087460047,51.24158575363995,US
HEWJ,iShares Currency Hedged MSCI Japan ETF,ETF,ETF,64.26000213623047,-0.726094849881976,0.050319171469993,49.71607662984493,US
HEZU,iShares Currency Hedged MSCI Eu,ETF,ETF,48.790000915527344,-0.8534813589903835,0.0171969643660467,42.25482607999669,US
HF,DGA Core Plus Absolute Return ETF,ETF,ETF,22.691999435424805,0.1854296582864868,0.000907862909584,57.04298248370882,US
HFEQ,Unlimited HFEQ Equity Long/Short ETF,ETF,ETF,23.40999984741211,-3.424092126828299,-0.0105993373160653,36.022499253759314,US
HFGM,Unlimited HFGM Global Macro ETF,ETF,ETF,31.948999404907227,1.1684594113129692,0.0004720086714659,57.66419586034431,US
HFGO,Hartford Large Cap Growth ETF,ETF,ETF,29.549999237060547,-0.0338302742304096,0.0059190576780582,52.42633644751147,US
HFMF,Unlimited HFMF Managed Futures ETF,ETF,ETF,22.07999992370605,2.1134937312770345,-0.0029530203780012,58.5196483565696,US
HFRO,Highland Funds I - Highland Opportunities and Income Fund,Financial Services,Asset Management,7.269999980926514,-1.8893369685356969,-0.0113316870462829,49.42707650504013,US
HFSI,Hartford Funds Exchange-Traded Trust - Hartford Strategic Income ETF,ETF,ETF,34.3849983215332,-0.9933810113747836,-0.0099710152903631,30.39633963878113,US
HFWA,Heritage Financial Corporation,Financial Services,Banks - Regional,28.40999984741211,-2.8053359824359485,-0.008059628863989,38.62520162206705,US
HGER,Harbor Commodity All-Weather Strategy ETF,ETF,ETF,36.13999938964844,1.659634782700138,-0.0122286895048187,71.28234728120248,US
HGRO,Hedgeye Quality Growth ETF,ETF,ETF,29.67799949645996,-2.407104092815185,0.0014290535867771,36.89372015737049,US
HGTY,"Hagerty, Inc.",Financial Services,Insurance - Property & Casualty,13.550000190734863,0.6686489772126395,0.0062976846257846,61.37863480855579,US
HGV,Hilton Grand Vacations Inc.,Consumer Cyclical,Resorts & Casinos,39.470001220703125,-5.709506342093589,0.0045565451831826,31.40137303339624,US
HHH,Howard Hughes Holdings Inc.,Real Estate,Real Estate - Development,61.54999923706055,-3.086126808805338,-0.0266065826695944,32.06889745222645,US
HIBL,Direxion Daily S&P 500 High Beta Bull 3X Shares,ETF,ETF,105.81999969482422,2.6083608193998056,0.1890775683764731,50.479725254444745,US
HIBS,Direxion Daily S&P 500 High Beta Bear 3X Shares,ETF,ETF,18.61000061035156,-4.954031241747283,-0.0446601093981868,46.38507625834194,US
HIDE,Alpha Architect High Inflation And Deflation ETF,ETF,ETF,24.780000686645508,0.1940818979954099,-0.0045733233590242,58.69076928522392,US
HIDV,AB US High Dividend ETF,ETF,ETF,91.09249877929688,-2.238192055090028,-0.0264491634553452,43.99046380108946,US
HIFS,Hingham Institution for Savings,Financial Services,Banks - Regional,312.489990234375,5.134064086398327,0.3491799694471507,59.51614868740984,US
HIG,"The Hartford Insurance Group, Inc.",Financial Services,Insurance - Diversified,136.36000061035156,-2.599999564034598,-0.0186787128239416,45.93938435847075,US
HIGH,Simplify Enhanced Income ETF,ETF,ETF,21.375999450683597,-1.0599402749583704,-0.0014223578596073,42.62564609827211,US
HIMS,"Hims & Hers Health, Inc.",Healthcare,Drug Manufacturers - Specialty & Generic,27.51000022888184,-1.1143043470272098,0.0197690416393546,43.08288064605141,US
HIMZ,Defiance Daily Target 2X Long HIMS ETF,ETF,ETF,24.18000030517578,-3.1560401065725685,0.044470504530361,40.79966325965949,US
HIPS,GraniteShares HIPS US High Income ETF,ETF,ETF,11.579999923706056,-1.2787691763343063,-0.0033849863067335,44.84359991423033,US
HIS,Humilis US Focused Opportunities ETF,ETF,ETF,26.06800079345703,-0.465825651442568,0.0108702416332585,49.73509846754985,US
HISF,First Trust High Income Strategic Focus ETF,ETF,ETF,43.31100082397461,-0.9875847706869254,-0.012308759997412,30.702423212856505,US
HIYY,YieldMax HIMS Option Income Strategy ETF,EQUITY,EQUITY,11.239999771118164,0.069512091682263,0.0105950316551773,43.21835903891691,US
HKD,AMTD Digital Inc.,Technology,Software - Application,1.690000057220459,0.0,-0.0008202272260493,50.48788317071367,US
HKHC,Horizon Kinetics Holding Corporation,Financial Services,Asset Management,26.149999618530277,-1.8761726347355745,-0.0213386447845002,43.31282511008706,US
HLAL,Wahed FTSE USA Shariah ETF,ETF,ETF,73.05000305175781,-0.480902451887408,0.0143915512030142,55.43533178922622,US
HLF,Herbalife Ltd.,Consumer Defensive,Packaged Foods,12.020000457763672,-1.232535888166994,-0.0231028981959278,47.40802458990044,US
HLIT,Harmonic Inc.,Technology,Communication Equipment,12.0,3.3591761830798457,0.0238716606926944,48.300654894473205,US
HLMN,Hillman Solutions Corp.,Industrials,Tools & Accessories,6.980000019073486,-9.11458105353323,-0.0025551291589696,28.998769502227987,US
HLNE,Hamilton Lane Incorporated,Financial Services,Asset Management,95.9800033569336,-7.176013597145102,-0.1086821123568615,41.15120886764925,US
HLT,Hilton Worldwide Holdings Inc.,Consumer Cyclical,Lodging,306.19000244140625,-2.595833785166933,0.1856197916246427,36.88837926970025,US
HLX,Helix Energy Solutions Group Inc,Energy,Oil & Gas Equipment & Services,10.600000381469728,6.000003814697266,0.0110719855123607,72.54158389331957,US
HMAY,Corgi U.S. Equities 100% Struct,ETF,ETF,25.3700008392334,-0.1181054320764231,0.0003072910687652,55.776974555304605,US
HMH,HMH Holding Inc.,Energy,Oil & Gas Equipment & Services,20.229999542236328,1.0489464519028997,0.0032157100939571,52.72648634323623,US
HMN,Horace Mann Educators Corporation,Financial Services,Insurance - Property & Casualty,48.77000045776367,-6.085114247721576,-0.0628967469117458,35.014303700153334,US
HMOP,Hartford Municipal Opportunities ETF,ETF,ETF,37.77000045776367,-1.2549007640165442,-0.0010673359970168,23.39393952417292,US
HNDL,Strategy Shares Nasdaq 7 Handl Index ETF,ETF,ETF,22.249000549316406,-1.417872707530752,-0.0028998816993894,38.92992227495891,US
HNGE,"Hinge Health, Inc.",Healthcare,Health Information Services,88.58999633789062,-2.39092744299705,-0.1497005639457342,50.84852011188258,US
HNRG,Hallador Energy Company,Utilities,Utilities - Independent Power Producers,15.34000015258789,-4.779642635574477,-0.0645181508328087,43.13182152063703,US
HNST,"The Honest Company, Inc.",Consumer Defensive,Household & Personal Products,5.409999847412109,-7.521368622109318,-0.0136019902488838,55.10206393787713,US
HODL,VanEck Bitcoin ETF,ETF,ETF,21.86000061035156,-5.449827781769296,-0.0458240017535811,59.44346497908254,US
HODU,Direxion Daily HOOD Bull 2X ETF,ETF,ETF,13.640000343322754,-19.09845878090787,-0.104775955799646,53.41384542545829,US
HOLD,Harbor Alpha Layering ETF,EQUITY,EQUITY,32.506500244140625,0.2822746445441298,-0.0073097957815214,54.77653856650381,US
HOMB,"Home BancShares, Inc.",Financial Services,Banks - Regional,29.96999931335449,-0.1000022888183593,0.0238943696480417,49.4849979607061,US
HON,Honeywell International Inc.,Industrials,Conglomerates,202.3600006103516,-2.5381708561030747,0.1025526580493885,29.398030164909784,US
HOOD,"Robinhood Markets, Inc.",Financial Services,Capital Markets,112.56999969482422,-9.741822808659531,-0.4452143335815859,55.78885744834057,US
HOOG,Leverage Shares 2X Long HOOD Daily ETF,ETF,ETF,33.0,-19.196866119725264,-0.2524368058908912,53.29463240598082,US
HOOW,Roundhill HOOD WeeklyPay ETF,ETF,ETF,28.15999984741211,-11.689625906442007,-0.1325045333507395,55.2513386194924,US
HOOX,Defiance Daily Target 2X Long HOOD ETF,ETF,ETF,37.25,-19.125466184201045,-0.2834021499483887,53.33340992206366,US
HOOY,YieldMax HOOD Option Income Strategy ETF,ETF,ETF,27.63999938964844,-8.161872358785281,-0.0924764188279865,55.60082377812303,US
HOPE,"Hope Bancorp, Inc.",Financial Services,Banks - Regional,13.9399995803833,-0.4285744258335658,0.0033079448127432,50.6874295130671,US
HOV,"Hovnanian Enterprises, Inc.",Consumer Cyclical,Residential Construction,115.91999816894533,-4.37221827948029,0.1359420136494682,41.111644062250726,US
HOYY,GraniteShares YieldBOOST HOOD ETF,ETF,ETF,5.019999980926514,-1.0338624523650923,-0.0044397175100349,60.68560065098187,US
HPE,Hewlett Packard Enterprise Company,Technology,Communication Equipment,62.09000015258789,14.052170681219884,0.4096895383883475,64.1112007289415,US
HPI,John Hancock Preferred Income Fund,Financial Services,Asset Management,14.899999618530272,-4.257059899430517,-0.0140359015993952,14.905294661892356,US
HPK,"HighPeak Energy, Inc.",Energy,Oil & Gas E&P,8.470000267028809,2.1712944029440813,0.0039443747791663,60.05639913277683,US
HPP,"Hudson Pacific Properties, Inc.",Real Estate,REIT - Office,12.229999542236328,-4.003141585905023,0.0371840382501569,38.668752941275166,US
HPQ,HP Inc.,Technology,Computer Hardware,35.47999954223633,12.197936788280682,0.1792487685902632,71.7865804349682,US
HPS,John Hancock Preferred Income Fund III,Financial Services,Asset Management,12.949999809265137,-4.052826606708953,-0.007211127648964,13.309987048947988,US
HQH,Abrdn Healthcare Investors,Financial Services,Asset Management,21.979999542236328,-2.5709217084940508,0.0163002004325298,42.92190556375757,US
HQL,Abrdn Life Sciences Investors,Financial Services,Asset Management,19.86000061035156,-3.7790639649343554,0.0057477314543011,39.86902406131948,US
HQY,"HealthEquity, Inc.",Healthcare,Health Information Services,96.26000213623048,-2.5511203423851105,0.2642861447811813,44.58302466110157,US
HR,Healthcare Realty Trust Incorporated,Real Estate,REIT - Healthcare Facilities,18.899999618530277,-1.9200873401345933,-0.0019354771281136,34.71071956276441,US
HRB,"H&R Block, Inc.",Consumer Cyclical,Personal Services,45.119998931884766,-11.70254348493732,0.0124087664455592,37.70804777727167,US
HRI,Herc Holdings Inc.,Industrials,Rental & Leasing Services,140.9600067138672,1.4538680271815982,0.2033610979931133,37.6569345894982,US
HRMY,"Harmony Biosciences Holdings, Inc.",Healthcare,Biotechnology,41.52000045776367,-0.81223159969045,-0.0457580282347351,60.06748046808051,US
HROW,"Harrow, Inc.",Healthcare,Drug Manufacturers - Specialty & Generic,34.47999954223633,-9.879767237651564,-0.1525565684708493,33.16220906734654,US
HRSK,Toews Agility Shares Hedged Risk ETF,EQUITY,EQUITY,25.210899353027344,-0.9005549379748081,-0.004231185131714,39.660696018103934,US
HRTG,"Heritage Insurance Holdings, Inc.",Financial Services,Insurance - Property & Casualty,34.58000183105469,-1.0303285913099796,0.0151403352865475,60.65950925994851,US
HSCZ,iShares Currency Hedged MSCI EAFE Small-Cap ETF,ETF,ETF,43.15499877929688,-2.054023072597427,-0.0004621025203137,42.684165248447,US
HSTM,"HealthStream, Inc.",Healthcare,Health Information Services,29.11000061035156,-2.118356306708589,0.0087538334468587,53.33960553117721,US
HSY,The Hershey Company,Consumer Defensive,Confectioners,173.32000732421875,-0.9939393685828276,0.1522948369622023,40.311093445890734,US
HTAX,Nomura National High-Yield Municipal Bond ETF,ETF,ETF,23.674999237060547,-1.3952560959092095,-0.0010731341349123,28.048689543578305,US
HTB,"HomeTrust Bancshares, Inc.",Financial Services,Banks - Regional,48.540000915527344,3.144920312467956,0.0360725436032574,56.00123256295975,US
HTD,John Hancock Tax-Advantaged Dividend Income Fund,Financial Services,Asset Management,24.239999771118164,-3.0416061379599046,-0.0327233047937752,25.29353063671239,US
HTEC,Robo Global Healthcare Technology and Innovation ETF,ETF,ETF,40.73400115966797,-4.577395470029096,-0.0177783672105391,44.86589197119634,US
HTLD,"Heartland Express, Inc.",Industrials,Trucking,12.34000015258789,-0.1618082900071209,0.0059504369716771,45.61176735632937,US
HTT,High Templar Tech Limited,Financial Services,Credit Services,2.5,-3.84615031925166,-0.0050639701690626,44.92502275979521,US
HTUS,Hull Tactical US ETF,ETF,ETF,45.43000030517578,-1.0110269135888053,0.0081180563909542,50.531473174268754,US
HTZ,"Hertz Global Holdings, Inc.",Industrials,Rental & Leasing Services,2.039999961853028,-10.132159515684688,-0.0069654235591025,44.34401136197405,US
HUBB,Hubbell Incorporated,Industrials,Electrical Equipment & Parts,460.3999938964844,0.0543301104674664,0.6487852093914732,44.90744580304952,US
HULL,Corgi Shipping & Global Logistics ETF,ETF,ETF,27.881000518798828,0.94496622604981,0.0161910336547648,66.66029354558907,US
HUM,Humana Inc.,Healthcare,Healthcare Plans,409.7999877929688,0.8068480930679559,0.283954756519531,63.34184072784146,US
HUMN,Roundhill Humanoid Robotics ETF,ETF,ETF,29.559999465942383,-0.7054114497553635,0.0111261816898415,41.21501518093003,US
HUN,Huntsman Corporation,Basic Materials,Chemicals,9.539999961853027,1.489365414938639,-0.0001697968854029,41.0527079558706,US
HURN,Huron Consulting Group Inc.,Industrials,Consulting Services,149.92999267578125,-5.167623726962463,0.0915885325830396,49.2286089839364,US
HUSV,First Trust Horizon Managed Volatility Domestic ETF,ETF,ETF,40.32120132446289,-0.8039694324943183,0.0255399090108008,42.15910795826605,US
HUTG,Leverage Shares 2X Long HUT Daily ETF,ETF,ETF,16.889999389648438,22.125809709494117,0.0639907830628441,53.32567873557603,US
HUYA,HUYA Inc.,Communication Services,Entertainment,2.039999961853028,-2.392342314337228,0.0006081160664718,28.301969566433183,US
HVAC,AdvisorShares HVAC and Industrials ETF,ETF,ETF,34.441001892089844,2.9934309404586648,0.0617997171752158,49.0591723830793,US
HVT,"Haverty Furniture Companies, Inc.",Consumer Cyclical,Home Improvement Retail,27.600000381469727,-0.0724129513249753,0.0021857721366149,53.09278860810453,US
HWC,Hancock Whitney Corporation,Financial Services,Banks - Regional,75.25,0.1997357242698156,0.0691304838091583,50.26175254518787,US
HWM,Howmet Aerospace Inc.,Industrials,Aerospace & Defense,229.6100006103516,-11.85457821094748,0.1519954015891738,30.2013143517691,US
HWSM,Hotchkis & Wiley SMID Cap Diversified Value Fund,ETF,ETF,31.28919982910156,-1.9516194980610635,0.0120660871112413,44.14156636905564,US
HXL,Hexcel Corporation,Industrials,Aerospace & Defense,92.73999786376952,0.3353863005195631,0.2346599500576909,41.47339214964276,US
HY,"Hyster-Yale, Inc.",Industrials,Farm & Heavy Construction Machinery,33.61000061035156,-1.494719629245402,-0.0764331535885119,47.15361107174292,US
HYBI,NEOS Enhanced Income Credit Select ETF,ETF,ETF,48.2599983215332,-0.7582215650243476,-0.0113132549231712,35.61453684031835,US
HYBL,State Street Blackstone High Income ETF,ETF,ETF,27.854999542236328,-0.5178587777273995,-0.0069789611931734,48.94270683175768,US
HYBX,TCW High Yield Bond ETF,ETF,ETF,29.38999938964844,-0.423513476486265,-0.0030148753180489,48.8925998693414,US
HYD,VanEck High Yield Muni ETF,ETF,ETF,49.04999923706055,-0.7888337388378244,0.0015281631508031,26.2374411654947,US
HYDR,Global X Hydrogen ETF,ETF,ETF,44.93999862670898,4.926445728340839,-0.016310561365477,53.02632125767924,US
HYDW,Xtrackers Low Beta High Yield Bond ETF,ETF,ETF,46.23400115966797,-0.7939209749332874,-0.0101884025945892,35.642371973171166,US
HYEM,VanEck Emerging Markets High Yield Bond ETF,ETF,ETF,19.850000381469727,-0.5510957317052195,-0.003340588476561,42.144685196978806,US
HYG,iShares iBoxx $ High Yield Corporate Bond ETF,ETF,ETF,78.5999984741211,-0.7701055641990778,-0.0152449786407456,34.63010792665281,US
HYGH,iShares Interest Rate Hedged High Yield Bond ETF,ETF,ETF,86.44999694824219,0.0462831668069347,0.0027832779561935,64.69397952003462,US
HYGW,iShares High Yield Corporate Bond Buywrite Strategy ETF,ETF,ETF,28.54700088500977,-0.775111467520777,-0.0053117671859066,37.668767501692585,US
HYHG,ProShares High Yield—Interest Rate Hedged,ETF,ETF,64.91000366210938,0.2006867632946736,0.0130108159961119,65.4733473721779,US
HYLB,Xtrackers USD High Yield Corporate Bond ETF,ETF,ETF,35.880001068115234,-0.7468892015685951,-0.0074061600719094,35.82371894350004,US
HYLN,Hyliion Holdings Corp.,Consumer Cyclical,Auto Parts,3.900000095367432,6.557377155969979,0.0005985208953023,54.57936993437293,US
HYMB,State Street SPDR Nuveen ICE High Yield Municipal Bond ETF,ETF,ETF,24.209999084472656,-1.0625265066515182,0.0010904241483538,28.031746965969678,US
HYMC,Hycroft Mining Holding Corporation,Basic Materials,Gold,21.18000030517578,-9.098708160096136,-0.0175141266641132,39.72468594588162,US
HYP,Golden Eagle Dynamic Hypergrowth ETF,ETF,ETF,27.288000106811523,5.473099800587996,0.0294399651528697,55.06081374102122,US
HYPG,Grayscale Hyperliquid Staking ETF,ETF,ETF,28.59000015258789,-5.86104918491151,-0.1245187140600565,59.24150921957318,US
HYSD,Columbia Short Duration High Yield ETF,ETF,ETF,19.790000915527344,-0.6027068448238236,-0.0028995753590773,33.39989120168404,US
HYT,"BlackRock Corporate High Yield Fund, Inc.",Financial Services,Asset Management,8.069999694824219,-2.063107779320683,-0.0057584651866025,25.684381181475345,US
HYTI,FT Vest High Yield & Target Income ETF,ETF,ETF,18.665000915527344,-1.2433794060637338,-0.0036170657254339,36.78925896536938,US
HYXF,iShares ESG Advanced High Yield Corporate Bond ETF,ETF,ETF,45.93000030517578,-0.7391058495240738,-0.010060289987602,35.03185610526475,US
HYZD,WisdomTree Interest Rate Hedged High Yield Bond Fund,ETF,ETF,22.61000061035156,-0.0442096751141183,0.000231949761753,57.00917817472365,US
HZO,"MarineMax, Inc.",Consumer Cyclical,Specialty Retail,52.209999084472656,0.0958574332952716,-0.0011301225705722,80.53400250421274,US
IACO,Idea Acquisition Corp.,Financial Services,Shell Companies,10.005000114440918,0.1501535902545365,0.000809983671148,81.1960389546333,US
IAGG,iShares Core International Aggregate Bond ETF,ETF,ETF,49.40999984741211,-0.5434791789555254,-0.0032560799528654,35.30969372973466,US
IALT,iShares Systematic Alternatives Active ETF,ETF,ETF,29.420000076293945,0.3924237158183993,0.0173468714557677,65.16028386751384,US
IAPR,Innovator International Developed Power Buffer ETF - April,ETF,ETF,34.01300048828125,-0.6745677970434871,0.0032066403026544,51.39007091911557,US
IART,Integra LifeSciences Holdings Corporation,Healthcare,Medical Devices,15.5,-5.717764619960217,-0.0228805841160979,32.84780362551342,US
IAT,iShares U.S. Regional Banks ETF,ETF,ETF,62.29999923706055,-1.1268038460334624,0.0316454856156189,46.60604941537439,US
IAUM,iShares Gold Trust Micro,ETF,ETF,43.33000183105469,-2.825741908996329,0.0043284456800199,47.42356182339989,US
IBAT,iShares Energy Storage & Materials ETF,ETF,ETF,41.00600051879883,0.7989006290157422,0.0010127378537395,53.00299404751772,US
IBB,iShares Biotechnology ETF,ETF,ETF,202.92999267578125,-5.08863243395851,-0.1859750194270031,46.3912243709256,US
IBBQ,Invesco Nasdaq Biotechnology ETF,ETF,ETF,34.47200012207031,-4.931048765110058,-0.0310383058681211,45.71617104006979,US
IBCB,iShares iBonds Dec 2036 Term Corporate ETF,EQUITY,EQUITY,24.059999465942383,-1.3530132511857,-0.0058130342924603,28.92624068306621,US
IBD,Inspire Corporate Bond ETF,ETF,ETF,23.350000381469727,-0.7649821501192762,-0.0037007008977171,36.50470390065729,US
IBDR,iShares iBonds Dec 2026 Term Corporate ETF,ETF,ETF,24.190000534057617,0.0827491009538242,-0.0003002798596851,78.24666901928163,US
IBDS,iShares iBonds Dec 2027 Term Corporate ETF,ETF,ETF,24.1200008392334,-0.0414352336549583,-0.0007261384799323,60.53568456421634,US
IBDT,iShares iBonds Dec 2028 Term Corporate ETF,ETF,ETF,25.0,-0.318978963115695,-0.0036463130805016,35.33348586600309,US
IBDU,iShares iBonds Dec 2029 Term Corporate ETF,ETF,ETF,22.809999465942383,-0.5667003709186045,-0.0035688421844351,31.80684107199866,US
IBDV,iShares iBonds Dec 2030 Term Corporate ETF,ETF,ETF,21.309999465942383,-0.7683395231495277,-0.0044632974484858,28.89155035717557,US
IBDZ,iShares iBonds Dec 2034 Term Corporate ETF,ETF,ETF,25.049999237060547,-1.2613385557243877,-0.0045429744833107,29.269305246341236,US
IBEX,IBEX Limited,Technology,Information Technology Services,39.79999923706055,0.9895950042081696,0.1269570941651808,64.54980057725004,US
IBFR,Innovator International Developed Managed 10 Buffer ETF,EQUITY,EQUITY,50.7327995300293,-1.547058544833243,-0.0099837000960784,45.19736672634616,US
IBGA,iShares iBonds Dec 2044 Term Treasury ETF,ETF,ETF,23.08099937438965,-1.573566637716179,-0.0120959061135392,35.01769143727864,US
IBGB,iShares iBonds Dec 2045 Term Treasury ETF,ETF,ETF,23.019899368286133,-1.6159557965976352,-0.0048937273158091,35.619567579297964,US
IBGK,iShares iBonds Dec 2054 Term Treasury ETF,ETF,ETF,21.874000549316406,-1.4329438274983952,-0.0101063141204609,36.84713638160123,US
IBGL,iShares iBonds Dec 2055 Term Treasury ETF,ETF,ETF,22.47599983215332,-1.4297000831882385,-0.0102510046479206,36.78359613270512,US
IBGM,iShares iBonds Dec 2056 Term Treasury ETF,ETF,ETF,23.3700008392334,-1.4339867497587455,-0.0108071737904067,36.43044079717112,US
IBHF,iShares iBonds 2026 Term High Yield and Income ETF,ETF,ETF,22.46999931335449,0.0445246183858904,0.000464077333104,56.467773002287295,US
IBHG,iShares iBonds 2027 Term High Yield and Income ETF,ETF,ETF,21.854999542236328,-0.1142578587256103,-0.0002783624219848,48.69791937606072,US
IBHI,iShares iBonds 2029 Term High Yield and Income ETF,ETF,ETF,23.13999938964844,-0.2586266005079795,-0.0024444478116009,43.30126163328493,US
IBHJ,iShares iBonds 2030 Term High Yield and Income ETF,ETF,ETF,26.030000686645508,-0.7624813537216277,-0.00534346685774,38.24229635151504,US
IBHK,iShares iBonds 2031 Term High Y,ETF,ETF,25.141000747680664,-0.7853172995616711,-0.005059670466115,35.41111974966378,US
IBHL,iShares iBonds 2032 Term High Yield and Income ETF,ETF,ETF,25.01499938964844,-0.8049846102880197,-0.0067929946873266,36.25129593982863,US
IBHM,iShares iBonds 2033 Term High Yield and Income ETF,ETF,ETF,24.86720085144043,-1.0457553446179866,-0.0046163118295171,33.76593141949148,US
IBIC,iShares iBonds Oct 2026 Term TIPS ETF,ETF,ETF,25.69499969482422,0.093491364921175,-0.000200920145518,76.87788231986953,US
IBID,iShares iBonds Oct 2027 Term TIPS ETF,ETF,ETF,25.84499931335449,0.0774387214878161,-0.002137617313174,63.77816208071826,US
IBIE,iShares iBonds Oct 2028 Term TIPS ETF,ETF,ETF,25.729999542236328,-0.2133034923453812,-0.0021183160318665,42.909787983677134,US
IBIF,iShares iBonds Oct 2029 Term TIPS ETF,ETF,ETF,25.600000381469727,-0.485908641968535,-0.0033757326796994,34.194188569545844,US
IBIG,iShares iBonds Oct 2030 Term TIPS ETF,ETF,ETF,25.38500022888184,-0.9172544990384714,-0.0061464993006661,23.98430694246582,US
IBIH,iShares iBonds Oct 2031 Term TIPS ETF,ETF,ETF,25.315000534057617,-1.0359632151634663,-0.0059007098644222,25.98362885449494,US
IBIK,iShares iBonds Oct 2034 Term TIPS ETF,ETF,ETF,24.665000915527344,-1.3991544379806304,-0.0122356182032426,27.4456398587452,US
IBIM,iShares iBonds Oct 2036 Term TIPS ETF,EQUITY,EQUITY,24.229999542236328,-1.4640122330933596,-0.0073994107319705,27.568222652939284,US
IBKR,"Interactive Brokers Group, Inc.",Financial Services,Capital Markets,91.37000274658205,-1.699832440597015,0.0875307405001225,48.81745388124242,US
IBLC,iShares Blockchain and Tech ETF,ETF,ETF,47.229000091552734,-1.9738485006212936,-0.0365514637711438,54.02579396741012,US
IBM,International Business Machines Corporation,Technology,Information Technology Services,243.2899932861328,3.655569139293412,0.4651144363518137,57.06989563116032,US
IBMO,iShares iBonds Dec 2026 Term Muni Bond ETF,ETF,ETF,25.625,0.0976547584287113,0.0011815521149089,66.30496685551866,US
IBMP,iShares iBonds Dec 2027 Term Muni Bond ETF,ETF,ETF,25.30500030517578,-0.0986956912971665,-0.0002709976500114,46.27323413304278,US
IBMQ,iShares iBonds Dec 2028 Term Muni Bond ETF,ETF,ETF,25.3799991607666,-0.255455039643168,-0.000184724350494,37.56009168639077,US
IBMT,iShares iBonds Dec 2031 Term Muni Bond ETF,ETF,ETF,25.15999984741211,-0.7886465225786149,-0.0015245444741458,24.93235047973107,US
IBMU,iShares iBonds Dec 2032 Term Mu,ETF,ETF,24.614900588989254,-0.8662881005949346,0.0023761608980539,26.977301098476147,US
IBMV,iShares iBonds Dec 2033 Term Mu,ETF,ETF,24.43470001220703,-0.95379028520158,0.0036898491809276,23.241405023526653,US
IBMW,iShares iBonds Dec 2034 Term Muni Bond ETF,ETF,ETF,24.1200008392334,-1.2284981004229203,0.0023090620863527,21.264464888041942,US
IBMX,iShares iBonds Dec 2035 Term Muni Bond ETF,ETF,ETF,23.780000686645508,-1.4504703120345008,-0.0029811610227618,17.1813203603361,US
IBOC,International Bancshares Corporation,Financial Services,Banks - Regional,70.94000244140625,-0.838689497403777,0.0024330932398978,43.46811133066721,US
IBOT,Vaneck Robotics ETF,ETF,ETF,63.79899978637695,-1.28272356689432,0.0390666814058953,42.02818385025644,US
IBP,"Installed Building Products, Inc.",Consumer Cyclical,Residential Construction,204.27999877929688,-14.059738577204245,-0.3725957730186682,31.073758825711465,US
IBRN,iShares Neuroscience and Healthcare ETF,ETF,ETF,37.42599868774414,-4.947431895147078,-0.0209510287535726,37.63018994437292,US
IBTA,"Ibotta, Inc.",Technology,Software - Application,41.13999938964844,10.17675206623475,0.1094510739260821,66.3865009254504,US
IBTK,iShares iBonds Dec 2030 Term Treasury ETF,ETF,ETF,19.125,-0.8810576606465491,-0.0048654759511921,25.03624364451349,US
IBTL,iShares iBonds Dec 2031 Term Treasury ETF,ETF,ETF,19.65999984741211,-1.056874599655986,-0.0053155129294973,26.819644548324348,US
IBTM,iShares iBonds Dec 2032 Term Treasury ETF,ETF,ETF,22.01499938964844,-1.1672288814117204,-0.0067736342802129,26.93500116455806,US
IBTO,Ishares Ibonds Dec 2033 Term Treasury ETF,ETF,ETF,23.325000762939453,-1.2280288417931229,-0.0072992181119282,28.144496364702533,US
IBTP,iShares iBonds Dec 2034 Term Treasury ETF,ETF,ETF,24.475000381469727,-1.330376616190556,-0.008478402439027,28.53793170178399,US
IBTQ,iShares iBonds Dec 2035 Term Treasury ETF,ETF,ETF,24.104999542236328,-1.4110478934056605,-0.0096521702090117,28.32265065836495,US
IBTR,iShares iBonds Dec 2036 Term Treasury ETF,ETF,ETF,23.895000457763672,-1.5045332550476531,-0.0053486670220368,28.425786770066463,US
IBUF,Innovator International Developed 10 Buffer ETF - Quarterly,ETF,ETF,32.02000045776367,-0.685464668114487,-0.002027364147998,49.85325139191776,US
IBUY,Amplify Online Retail ETF,ETF,ETF,68.41600036621094,-5.142460497454506,0.0360950100638339,35.59521388102743,US
IBX,Tradr 2X Long IBM Daily ETF,ETF,ETF,18.989999771118164,6.74535578322228,0.0623149690294544,54.59567829377302,US
ICAP,Infrastructure Capital Equity Income Fund ETF,ETF,ETF,28.18899917602539,-1.316300896210122,-0.003593268766938,43.653558528898806,US
ICE,"Intercontinental Exchange, Inc.",Financial Services,Financial Data & Stock Exchanges,157.39999389648438,-4.368432226370385,0.0063081683265484,51.96235722375169,US
ICFI,"ICF International, Inc.",Industrials,Consulting Services,85.94999694824219,-4.3512170437921815,-0.0053327666723219,47.09928495566558,US
ICLN,iShares Global Clean Energy ETF,ETF,ETF,17.920000076293945,1.6449286972894768,-0.0023329043725294,50.14404393348729,US
ICLO,Invesco AAA CLO Floating Rate Note ETF,ETF,ETF,25.63999938964844,0.117136972205887,0.0003411493922564,83.10454760340009,US
ICPI,iShares 0-1 Year TIPS Bond ETF,EQUITY,EQUITY,50.22999954223633,0.009957328555841,-0.0031848542767757,61.67754516578872,US
ICPY,"Tweedy, Browne International Insider + Value ETF",EQUITY,EQUITY,13.112000465393066,-2.00298689652926,-0.0030351740282099,47.660251726230825,US
ICSH,iShares Ultra Short Duration Bond Active ETF,ETF,ETF,50.380001068115234,-0.0595095802175747,-0.00199425816484,62.43870003830394,US
ICVT,iShares Convertible Bond ETF,ETF,ETF,114.16000366210938,0.1140093696432657,-0.0175815982647146,46.455330697028806,US
IDCC,"InterDigital, Inc.",Technology,Software - Application,350.1300048828125,4.233277087813964,0.6805807248868998,63.400605860170906,US
IDEF,iShares Defense Industrials Active ETF,ETF,ETF,31.6299991607666,-1.9224832224291424,0.0284223537808676,35.63051235891041,US
IDGT,iShares U.S. Digital Infrastructure and Real Estate ETF,ETF,ETF,116.41000366210938,2.4826194340478818,0.2155803294810395,50.925059321270375,US
IDHQ,Invesco S&P International Developed Quality ETF,ETF,ETF,43.97999954223633,-3.298153067497244,-0.0034977535869264,39.76676263837644,US
IDMO,Invesco S&P International Developed Momentum ETF,ETF,ETF,62.88999938964844,-0.804419753873813,0.0074824006339055,53.85636800015886,US
IDMY,Corgi U.S. Equities 30% Structured Buffer ETF - July Series,ETF,ETF,25.739999771118164,-0.7710129484263676,-0.0004433646005239,51.01289820595991,US
IDNA,iShares Genomics Immunology and Healthcare ETF,ETF,ETF,38.060001373291016,-5.534870914775556,-0.050220480993252,51.25585871847933,US
IDOG,ALPS International Sector Dividend Dogs ETF,ETF,ETF,44.34000015258789,-0.8275529847041814,0.0033846545745454,54.016956275111696,US
IDR,"Idaho Strategic Resources, Inc.",Basic Materials,Gold,30.90999984741211,-1.5918497371186564,0.0065902738455363,46.3382490745464,US
IDRV,iShares Self-Driving EV and Tech ETF,ETF,ETF,35.7400016784668,-2.6900428696435665,-0.0172098687261085,40.90437028931782,US
IDT,IDT Corporation,Communication Services,Telecom Services,70.51000213623047,2.589842415768347,0.1042123473484879,68.51198920383646,US
IDUB,Aptus International Enhanced Yield ETF,ETF,ETF,28.209999084472656,-0.8226731741649885,-0.0004535582478347,51.85780472131118,US
IDV,iShares International Select Dividend ETF,ETF,ETF,44.970001220703125,-0.5748360030170098,0.0032035025743267,57.75140666094124,US
IDVZ,Polen International Dividend Income ETF,ETF,ETF,34.22999954223633,-1.0121523143010325,0.0006754868791525,44.310715465372944,US
IDWM,"IDW Media Holdings, Inc.",Communication Services,Publishing,41.27999877929688,0.0,-0.0729004094018455,99.57976511863308,US
IDX,VanEck Indonesia Index ETF,ETF,ETF,11.640000343322754,-2.5941378317180592,-0.0192164745274995,53.69794872396981,US
IDXX,"IDEXX Laboratories, Inc.",Healthcare,Diagnostics & Research,504.7000122070313,-4.6458400576483525,-0.2081359096452484,31.579042843589846,US
IDYN,iShares International Equity Factor Rotation Active ETF,EQUITY,EQUITY,30.866899490356445,-1.3963115007806337,-0.005490315123886,49.890471767529,US
IE,Ivanhoe Electric Inc.,Basic Materials,Copper,10.399999618530272,5.798572728872621,0.0007051258266927,48.494317133142445,US
IEAG,Infinite Eagle Acquisition Corp.,Financial Services,Shell Companies,10.220000267028809,-0.0977446300582496,0.0006933004963944,49.1713456110757,US
IEI,iShares 3-7 Year Treasury Bond ETF,ETF,ETF,114.5500030517578,-1.002502844951198,-0.0310604806666009,26.47411298513775,US
IEO,iShares U.S. Oil & Gas Exploration & Production ETF,ETF,ETF,141.7899932861328,1.4452235472027355,-0.050083948160406,72.09508736666766,US
IEP,Icahn Enterprises L.P.,Energy,Oil & Gas Refining & Marketing,7.0,0.8645524824904915,0.008092912363491,55.08297669375666,US
IETC,iShares U.S. Tech Independence Focused ETF,ETF,ETF,109.36000061035156,0.5424326427270938,0.0178792572108034,53.24441659344641,US
IEUR,iShares Core MSCI Europe ETF,ETF,ETF,76.06999969482422,-1.9210906532634848,0.0049511154178687,40.87428923206838,US
IEUS,iShares MSCI Europe Small-Cap ETF,ETF,ETF,72.16000366210938,-2.222221303294885,-0.0184079053364061,42.88065594197702,US
IFEB,Innovator International Developed Power Buffer ETF - February,ETF,ETF,31.85610008239746,-1.1876868064643615,-0.0044366455791882,46.1216610813778,US
IFGL,iShares International Developed Real Estate ETF,ETF,ETF,21.8700008392334,-2.453163404054111,-0.0042106255564364,29.778554840188008,US
IFLO,VictoryShares International Free Cash Flow ETF,ETF,ETF,36.53200149536133,-2.826319630359007,-0.0045498510028467,51.31221410762178,US
IFLR,Innovator International Developed Managed Floor ETF,EQUITY,EQUITY,53.55870056152344,-1.79202499110783,-0.0024117271264663,44.44250336466713,US
IFN,"Aberdeen India Fund, Inc.",Financial Services,Asset Management,11.140000343322754,-3.130431797193444,-0.0014194220389606,36.90394078078426,US
IFRA,iShares U.S. Infrastructure ETF,ETF,ETF,58.380001068115234,-0.9164920529727576,0.0062829977983002,37.46483827956613,US
IFS,Intercorp Financial Services Inc.,Financial Services,Banks - Regional,54.72999954223633,-2.7713649812016548,-0.013169861015256,43.561245816596426,US
IFV,First Trust Dorsey Wright International Focus 5 ETF,ETF,ETF,26.020000457763672,-0.5579756416872957,-0.0079913840266268,48.701122923886366,US
IG,Principal Investment Grade Corporate ETF,ETF,ETF,19.924999237060547,-0.5738606447751785,-0.0046305869799166,35.769074368502416,US
IGBH,iShares Interest Rate Hedged Long-Term Corporate Bond ETF,ETF,ETF,24.5049991607666,-0.0611798397920523,-0.0015455463348076,61.97597975945227,US
IGD,Voya Global Equity Dividend and Premium Opportunity Fund,Financial Services,Asset Management,6.329999923706055,-1.860463397017587,0.0014548036361025,37.80145979654018,US
IGE,iShares North American Natural Resources ETF,ETF,ETF,65.91000366210938,-0.9319030941879908,-0.0343291252008737,62.22267536553339,US
IGF,iShares Global Infrastructure ETF,ETF,ETF,64.05000305175781,-1.4766944361283798,-0.0220641951349124,31.645920998398186,US
IGGY,AB International Growth ETF,EQUITY,EQUITY,28.78300094604492,-2.5098198671897727,-0.0021333583040876,39.29787633900735,US
IGIB,iShares 5-10 Year Investment Grade Corporate Bond ETF,ETF,ETF,51.22999954223633,-1.1576350909153537,-0.0163607682052495,28.95912810887124,US
IGIC,International General Insurance Holdings Ltd.,Financial Services,Insurance - Diversified,25.989999771118164,-2.913711891324592,-0.0096828684596885,41.638840513154925,US
IGLB,iShares 10+ Year Investment Grade Corporate Bond ETF,ETF,ETF,47.11000061035156,-1.2575948137386672,-0.0192588226074346,36.14190928943951,US
IGLD,FT Vest Gold Strategy Target Income ETF,ETF,ETF,21.200000762939453,-2.394100215718327,0.0055887492926401,47.87547807963336,US
IGM,iShares Expanded Tech Sector ETF,ETF,ETF,162.24000549316406,0.782712013334616,0.0623419813690923,55.0213905513692,US
IGR,CBRE Global Real Estate Income Fund,Financial Services,Asset Management,12.600000381469728,179.3791517077959,0.0299595928239673,92.4655688236124,US
IGSB,iShares 1-5 Year Investment Grade Corporate Bond ETF,ETF,ETF,51.52999877929688,-0.6363321002136996,-0.0097202166026958,30.750091507971405,US
IGV,iShares Expanded Tech-Software Sector ETF,ETF,ETF,101.5199966430664,-5.077139280147523,-0.0443600236437911,47.96467598259025,US
IHAK,iShares Cybersecurity and Tech ETF,ETF,ETF,61.41999816894531,-3.36690238846497,-0.0241312800616958,43.18677198755399,US
IHE,iShares U.S. Pharmaceuticals ETF,ETF,ETF,101.06999969482422,-4.126350360156351,-0.0506157368260077,39.77167776030478,US
IHI,iShares U.S. Medical Devices ETF,ETF,ETF,50.880001068115234,-5.620476326976519,-0.0041493655281417,31.43350806441749,US
IHRT,"iHeartMedia, Inc.",Communication Services,Broadcasting,2.700000047683716,-4.929572912559228,0.0024824433774076,37.87247970078932,US
IIGD,Invesco Investment Grade Defensive ETF,ETF,ETF,24.059999465942383,-0.7835073569386276,-0.0055177079240153,26.464350454413648,US
IIIN,Insteel Industries Inc.,Industrials,Metal Fabrication,30.61000061035156,-1.319846445057475,0.0119231795508053,47.04321731495949,US
IIIV,"i3 Verticals, Inc.",Technology,Software - Infrastructure,15.550000190734863,-5.985493772633908,0.0009619011371392,34.68542091919694,US
IIM,Invesco Value Municipal Income Trust,Financial Services,Asset Management,12.0,-3.1477024416140047,-0.0053067113128885,27.68336862613737,US
IINC,Alki Consolidated Income ETF,EQUITY,EQUITY,25.8400993347168,-1.1850871446815496,0.0110346851520698,48.24669759114786,US
IIPR,"Innovative Industrial Properties, Inc.",Real Estate,REIT - Industrial,56.25,-0.9683085289580188,-0.016928475861365,42.980714621526346,US
IJAN,Innovator International Developed Power Buffer ETF - January,ETF,ETF,38.790000915527344,-1.1014206445323065,-0.0081644367797305,46.16567318445272,US
IJK,iShares S&P Mid-Cap 400 Growth ETF,ETF,ETF,111.5199966430664,-1.640501548253028,0.0427081252397444,40.07005022369663,US
IJS,iShares S&P Small-Cap 600 Value ETF,ETF,ETF,134.6699981689453,-1.4705842951015131,0.0158620145657304,41.08504813182903,US
IJT,iShares S&P Small-Cap 600 Growth ETF,ETF,ETF,166.4600067138672,-2.1226556446660902,0.0347832424247309,34.374973122281034,US
IJUL,Innovator International Developed Power Buffer ETF - July,ETF,ETF,36.54949951171875,-1.3375588654825128,-0.005990104294067,44.96977627187171,US
IJUN,Innovator International Developed Power Buffer ETF - June,ETF,ETF,31.673900604248047,-1.235107871360842,-0.0044407753502603,45.50322065578583,US
ILCG,iShares Morningstar Growth ETF,ETF,ETF,114.66999816894533,-0.7272131865208263,0.02195306427215,48.702848593941454,US
ILF,iShares Latin America 40 ETF,ETF,ETF,35.970001220703125,-1.0453845099567276,-0.0453127079534695,59.67586072947884,US
ILIT,Ishares Lithium Miners And Producers ETF,ETF,ETF,13.859999656677246,-8.989430866408947,-0.0474883893290654,31.44022456330258,US
ILMN,"Illumina, Inc.",Healthcare,Diagnostics & Research,206.4499969482422,-6.861863422619437,-0.0394648115955265,49.62702612505256,US
ILPT,Industrial Logistics Properties Trust,Real Estate,REIT - Industrial,7.760000228881836,-5.825237324869397,0.0001247993466819,30.53167312189686,US
ILS,Brookmont Catastrophic Bond ETF,ETF,ETF,20.350000381469727,0.4690260411718005,-0.002393717464141,76.97515522688634,US
ILTB,iShares Core 10+ Year USD Bond ETF,ETF,ETF,46.38999938964844,-1.360832248054772,-0.019857445652844,35.92190899918161,US
IMAR,Innovator International Developed Power Buffer ETF - March,ETF,ETF,30.918500900268555,-1.344924219103843,-0.0052986875519509,44.65165338406145,US
IMAY,Innovator International Developed Power Buffer ETF - May,ETF,ETF,32.28390121459961,-1.090987076310309,-0.0022232786344036,46.185532589780415,US
IMCG,iShares Morningstar Mid-Cap Growth ETF,ETF,ETF,95.25,-1.254405034166574,0.0503701413669436,42.1485879052153,US
IMCR,Immunocore Holdings plc,Healthcare,Biotechnology,32.599998474121094,-13.228643228836145,-0.1250159939414065,34.10093804098264,US
IMFL,Invesco International Developed Dynamic Multifactor ETF,ETF,ETF,34.54999923706055,-1.3420937023401132,-0.0038221435970179,47.839254431942535,US
IMKTA,"Ingles Markets, Incorporated",Consumer Defensive,Grocery Stores,83.12000274658203,0.5930116294948727,0.1332052393285132,45.51786758108583,US
IMOM,Alpha Architect International Quantitative Momentum ETF,ETF,ETF,41.06399917602539,-0.667636612345833,0.0113737791201279,47.85374541914896,US
IMTG,Invesco Agency MBS ETF,ETF,ETF,47.58000183105469,-1.2658161714829563,-0.0168619044071733,29.60238495095531,US
IMTM,iShares MSCI Intl Momentum Factor ETF,ETF,ETF,53.7400016784668,-0.573538506881594,0.0046690903211747,52.380633858464215,US
IMTX,Immatics N.V.,Healthcare,Biotechnology,8.789999961853027,-7.0824532092199135,-0.021814121785009,40.50339346583074,US
IMVP,Invesco India ETF,EQUITY,EQUITY,19.450000762939453,-3.2819484205901834,-0.0035234568764193,35.77784749683309,US
IMVT,"Immunovant, Inc.",Healthcare,Biotechnology,37.36000061035156,-4.4989733373911625,-0.0199914102439905,31.79774984967732,US
IMXI,"International Money Express, Inc.",Technology,Software - Infrastructure,14.100000381469728,-2.489624175155808,-0.0223521771578863,52.4063197186469,US
INBX,"Inhibrx Biosciences, Inc.",Healthcare,Biotechnology,109.2699966430664,-10.624902066245436,-0.5349786133539229,50.27884650173592,US
INCE,Franklin Income Equity Focus ETF,ETF,ETF,68.4800033569336,-0.7823722289141244,0.0127688643033814,49.349248055384365,US
INCO,Columbia India Consumer ETF,ETF,ETF,60.040000915527344,-2.087408326267351,0.0142073882129464,39.23690492707389,US
INCY,Incyte Corporation,Healthcare,Biotechnology,121.47000122070312,-5.101561546325684,-0.2102384514766049,44.82506738548018,US
IND,Xtrackers Nifty 500 India ETF,ETF,ETF,22.58099937438965,-2.647123640926711,-0.0081511961060121,38.23458649582639,US
INDA,iShares MSCI India ETF,ETF,ETF,48.56999969482422,-2.7043239656224847,-0.002630695977132,39.977516920083055,US
INDB,Independent Bank Corp.,Financial Services,Banks - Regional,82.73999786376953,-0.1689181880886994,0.0285763740683044,47.78129423134889,US
INDE,Matthews India Active ETF,ETF,ETF,29.766000747680664,-1.7688578222097031,0.0047479851432469,48.01022414267974,US
INDH,WisdomTree India Hedged Equity Fund ETF,ETF,ETF,38.32799911499024,-1.843887560216444,0.0135709596773744,36.65046255809625,US
INDI,"indie Semiconductor, Inc.",Technology,Semiconductors,3.3499999046325684,-3.4582168008143337,0.0069511425124619,40.404099397382936,US
INDL,Direxion Daily MSCI India Bull 2x Shares,ETF,ETF,43.09000015258789,-5.4836586787291095,-0.0019498132193706,39.32443295269712,US
INDP,INDP,N/A,N/A,2.7699999809265137,138.7931086751994,0.0345678201359835,78.40729211338127,US
INDS,Pacer Benchmark Industrial Real Estate SCTR ETF,ETF,ETF,38.69929885864258,-1.8033519196174268,0.0190603623522875,31.3433871309622,US
INDV,"Indivior Pharmaceuticals, Inc.",Healthcare,Drug Manufacturers - Specialty & Generic,34.4900016784668,-0.9761703551928728,0.0329495405655799,33.11325209905736,US
INDY,iShares India 50 ETF,ETF,ETF,42.5099983215332,-2.9230476529637817,-0.0022954682872274,37.72072671170216,US
INDZ,VanEck India Select ETF,ETF,ETF,25.100000381469727,-2.675457578763364,-0.0033819876099622,44.065688454245056,US
INEQ,Columbia International Equity Income ETF,ETF,ETF,41.91699981689453,-1.564005268175465,0.0038332091785832,53.54475109695424,US
INFH,Tidal Trust II - Defiance Daily Target 2X Long INFQ ETF,ETF,ETF,8.170000076293945,5.419355823147681,-0.004132276591919,50.05077900374997,US
INFO,Harbor PanAgora Dynamic Large Cap Core ETF,ETF,ETF,28.14900016784668,-0.8139499638860528,0.0122638914337445,52.74346101370461,US
INGM,Ingram Micro Holding Corporation,Technology,Information Technology Services,27.549999237060547,-3.5026270638281045,0.037564758606582,46.90902322007337,US
INGR,Ingredion Incorporated,Consumer Defensive,Packaged Foods,100.48999786376952,-1.1703407138421065,0.0272153649558543,39.81192186670767,US
INIO,Innio N.V.,Industrials,Specialty Industrial Machinery,20.350000381469727,0.3451661363616912,0.0458704816441637,38.5738685578333,US
INKM,State Street Income Allocation ETF,ETF,ETF,34.22999954223633,-1.2975800431936364,-0.0051743837529075,36.92703588609791,US
INMD,InMode Ltd.,Healthcare,Medical Devices,14.899999618530272,0.4043090655354187,0.0098572634762741,47.851150419521886,US
INMU,iShares Intermediate Muni Income Active ETF,ETF,ETF,23.280000686645508,-0.767256627670898,0.0008819969255632,24.736014454633008,US
INN,"Summit Hotel Properties, Inc.",Real Estate,REIT - Hotel & Motel,5.590000152587891,-2.272721020491577,2.0204677878166155e-05,33.05386199865295,US
INNV,InnovAge Holding Corp.,Healthcare,Medical Care Facilities,10.75,-0.1857052638215472,0.0039285360120999,48.16573697837882,US
INOV,Innovator International Developed Power Buffer ETF - November,ETF,ETF,37.49829864501953,-1.6412283477109917,-0.0064436457684234,45.2601109666852,US
INR,"Infinity Natural Resources, Inc.",Energy,Oil & Gas E&P,14.920000076293944,-5.149392813187746,-0.0489053463541181,53.39910654940095,US
INRO,iShares U.S. Industry Rotation Active ETF,ETF,ETF,36.39830017089844,-1.4904357947416462,-0.0112217147251312,46.147284543674445,US
INSM,Insmed Incorporated,Healthcare,Biotechnology,129.41000366210938,2.155038956707402,0.1517987473791135,60.30919542444509,US
INSP,"Inspire Medical Systems, Inc.",Healthcare,Medical Devices,73.0,17.476666747699824,0.4201064660635207,76.19857706854935,US
INTA,"Intapp, Inc.",Technology,Software - Application,37.22999954223633,-13.63952907646986,-0.1163591605319913,44.03451964191007,US
INTC,Intel Corporation,Technology,Semiconductors,102.94000244140624,12.294103302686477,0.0178779182078356,57.53295415212878,US
INTF,iShares International Equity Factor ETF,ETF,ETF,42.709999084472656,-1.476353891985721,0.0037599509397671,49.646421913781175,US
INTL,Main International ETF,ETF,ETF,31.246000289916992,-0.8063482859778025,-0.0012785110235512,51.37407142283267,US
INTM,Invesco Intermediate Municipal ,ETF,ETF,50.47499847412109,-0.6886419745488206,0.0012271704489264,24.630569616331712,US
INTU,Intuit Inc.,Technology,Software - Application,321.57000732421875,-6.601795316477845,0.6146908199203995,43.77516811055595,US
INTW,GraniteShares 2x Long INTC Daily ETF,ETF,ETF,23.850000381469727,24.089496532386477,-0.0013126157623895,55.07383214220253,US
INV,"Innventure, Inc.",Financial Services,Asset Management,0.9359999895095824,-14.90909370706095,0.0008939420371433,24.157916225105524,US
INVA,"Innoviva, Inc.",Healthcare,Biotechnology,20.65999984741211,-3.2318525607919346,-0.025387569389654,41.00377600076969,US
INVG,GMO Systematic Investment Grade Credit ETF,ETF,ETF,24.57830047607422,-1.0017287291866062,-0.0029042363580451,31.49668332296487,US
INVN,Alger Russell Innovation ETF,ETF,ETF,26.596200942993164,-0.9267959647052748,0.0593744347051006,56.47959822005668,US
INVX,"Innovex International, Inc.",Energy,Oil & Gas Equipment & Services,30.1299991607666,-2.175324976916746,0.0111231546745025,54.45013765888278,US
INYY,Yieldmax Intc Option Income Strategy ETF,EQUITY,EQUITY,37.68999862670898,7.103803633843183,-0.0071800814103099,55.52330499605555,US
IOCT,Innovator International Developed Power Buffer ETF- October,ETF,ETF,38.150001525878906,-0.2692516419862634,0.0055163296261505,57.65518756034906,US
ION,Proshares S&P Global Core Battery Metals ETF,ETF,ETF,50.108001708984375,-5.182883430959516,-0.1086123043129981,39.63855504509136,US
IONL,GraniteShares 2x Long IONQ Daily ETF,ETF,ETF,10.890000343322754,-12.177413884360218,-0.0219945413828048,39.41174732394216,US
IONX,Defiance Daily Target 2X Long IONQ ETF,ETF,ETF,19.809999465942383,-12.731282818788948,-0.0354399906464024,39.103877344960345,US
IONZ,Defiance Daily Target 2X Short IONQ ETF,ETF,ETF,30.924999237060547,9.275618624619623,0.0618955996757422,50.84335134436715,US
IOO,iShares Global 100 ETF,ETF,ETF,144.07000732421875,-1.0915805972234995,0.0546359969847067,52.61928090760411,US
IOPP,Simplify Tara India Opportunities ETF,ETF,ETF,26.332000732421875,-2.5498655799558207,-0.0043446489139785,38.48139861764401,US
IOSP,Innospec Inc.,Basic Materials,Specialty Chemicals,93.2300033569336,0.1181277997283994,0.0109213538823991,54.60237537326248,US
IOVA,"Iovance Biotherapeutics, Inc.",Healthcare,Biotechnology,8.600000381469727,-1.149418735491407,0.0004620876729199,63.29963569465826,US
IOYY,GraniteShares YieldBOOST IONQ ETF,ETF,ETF,5.860000133514404,-0.8781606536504086,-0.0029427127157833,35.743055186017614,US
IP,International Paper Company,Consumer Cyclical,Packaging & Containers,34.36000061035156,-5.708007943866581,0.0257931302999041,30.41977575669732,US
IPAC,IPAC,N/A,N/A,86.31999969482422,-0.7816095461790589,0.0232093298039454,56.21692018671582,US
IPAV,Global X Infrastructure Development ex-U.S. ETF,ETF,ETF,32.11899948120117,-0.6188333841660615,-0.0049906352674249,49.444743207088926,US
IPAY,Amplify Digital Payments ETF,ETF,ETF,49.43000030517578,-4.869127836557105,0.0152756238915308,42.519693359238815,US
IPGP,IPG Photonics Corporation,Technology,Semiconductor Equipment & Materials,79.98999786376953,4.616791553184494,0.0481562516446536,47.93452762627594,US
IPI,"Intrepid Potash, Inc.",Basic Materials,Agricultural Inputs,39.68000030517578,-3.006598745597736,-0.1283001774106018,56.953016674538354,US
IPKW,Invesco International BuyBack Achievers ETF,ETF,ETF,61.5099983215332,-0.6621444759953761,0.0341211671347442,56.77043829612236,US
IPO,Renaissance IPO ETF,ETF,ETF,52.31999969482422,-2.4608495709247813,-0.0089011444444471,43.58215880637361,US
IPOS,Renaissance International IPO ETF,ETF,ETF,22.665000915527344,-1.6317734907668044,-0.0148248792152683,42.23027293004785,US
IPSC,"Century Therapeutics, Inc.",Healthcare,Biotechnology,1.940000057220459,-7.177026943011683,-0.0051194113586469,41.68775624576325,US
IQ,"iQIYI, Inc.",Communication Services,Entertainment,0.9520000219345092,7.814270040221996,0.0048071689125685,40.67631814867661,US
IQDG,WisdomTree International Quality Dividend Growth Fund,ETF,ETF,43.81999969482422,-1.5303021600988198,0.0132511731526677,45.37071139173467,US
IQDY,Northern Trust International Quality Dividend Dynamic ETF,ETF,ETF,43.619998931884766,-0.7056712295412655,-0.0089484786194187,51.803826659713,US
IQHI,NYLI MacKay High Income ETF,ETF,ETF,25.665000915527344,-0.5425281456801899,-0.0009764675717007,46.09137520488132,US
IQI,Invesco Quality Municipal Income Trust,Financial Services,Asset Management,9.779999732971191,-1.7085435130927984,-0.0010124206321326,38.18369891765806,US
IQLT,iShares MSCI Intl Quality Factor ETF,ETF,ETF,50.47999954223633,-2.132613900288935,-8.293449521379337e-05,42.49532393798282,US
IQM,Franklin Intelligent Machines ETF,ETF,ETF,107.3499984741211,3.707780158872012,0.0650807100105286,52.022982824996944,US
IQMM,Proshares Genius Money Market ETF,EQUITY,EQUITY,100.12999725341795,0.1089477340732493,0.0008824396747834,96.56194485803805,US
IQSI,NYLI Candriam International Equity ETF,ETF,ETF,38.60900115966797,-1.8731243306634524,0.0055650999689917,45.23442698018727,US
IQSZ,Invesco Global Equity Net Zero ETF,EQUITY,EQUITY,32.47100067138672,-0.7610040954364471,0.0076615920939329,52.967943213362325,US
IQV,IQVIA Holdings Inc.,Healthcare,Diagnostics & Research,261.7699890136719,-3.626392121561576,0.0417661892015885,60.73089068556883,US
IR,Ingersoll Rand Inc.,Industrials,Specialty Industrial Machinery,72.93000030517578,-3.275863621641131,0.038978254498041,30.20666654896749,US
IRDM,Iridium Communications Inc.,Communication Services,Telecom Services,47.29999923706055,0.7454706462909565,0.029612637718862,47.43299363929239,US
IREG,Leverage Shares 2X Long IREN Daily ETF,ETF,ETF,8.86400032043457,9.29717257307809,-0.032653878345731,51.05996423993282,US
IREX,Tradr 2X Long IREN Daily ETF,ETF,ETF,15.729999542236328,9.616718634715896,-0.0552782594759198,51.09389050074032,US
IREZ,Tradr 2X Short Iren Daily ETF,ETF,ETF,8.890000343322754,-12.843132259203074,0.0270877970395964,40.332155100664,US
IRM,Iron Mountain Incorporated,Real Estate,REIT - Specialty,115.18000030517578,0.1739406352436213,0.1735608036550386,42.072081297350906,US
IRMD,IRADIMED CORPORATION,Healthcare,Medical Devices,82.22000122070312,-5.04676671902716,-0.0218481679370472,30.288372546028214,US
IROC,Invesco Actively Managed Exchange-Traded Fund Trust - Invesco Rochester High Yield Municipal ETF,ETF,ETF,49.345001220703125,-0.873840034674051,0.0059091971930721,30.82517841298916,US
IRT,"Independence Realty Trust, Inc.",Real Estate,REIT - Residential,15.1899995803833,-5.827648042720828,-0.006760461000666,26.34569554743344,US
IRTR,Ishares Lifepath Retirement ETF,ETF,ETF,31.58769989013672,-1.3808894973984311,-0.006508165084503,39.47654894119806,US
IRWD,"Ironwood Pharmaceuticals, Inc.",Healthcare,Drug Manufacturers - Specialty & Generic,4.079999923706055,-4.895105827839332,0.0009073899568832,46.77543480827486,US
ISBG,IncomeSTKd 1x Bitcoin & 1x Gold Premium ETF,ETF,ETF,15.619999885559082,-10.625390361499166,-0.045078342138535,53.607284884405296,US
ISCF,iShares MSCI Intl Small-Cap Multifactor ETF,ETF,ETF,45.38999938964844,-1.3796895495449797,-0.0008022114686395,48.83522890589012,US
ISCG,iShares Morningstar Small-Cap Growth ETF,ETF,ETF,62.25,-2.3529411764705883,0.0113928540910345,38.39193426828801,US
ISCV,iShares Morningstar Small-Cap Value ETF,ETF,ETF,78.86000061035156,-2.1466631172009105,0.0096473748566239,41.64912795678721,US
ISD,"PGIM High Yield Bond Fund, Inc.",Financial Services,Asset Management,12.0,-1.116659503605774,-0.0081311073708609,34.91682764800527,US
ISEP,Innovator International Developed Power Buffer ETF - September,ETF,ETF,35.48099899291992,-0.6412772260537741,0.0022593982050078,51.855843135961415,US
ISHG,iShares 1-3 Year International Treasury Bond ETF,ETF,ETF,75.76000213623047,-0.3944194477947177,-0.0123347652605799,51.20778823799159,US
ISHP,First Trust S-Network Global E-Commerce ETF,ETF,ETF,35.320499420166016,-2.297312754728194,0.0545901702968247,44.16387469750308,US
ISMCF,iShares VII Public Limited Company - iShares MSCI USA UCITS ETF,MUTUALFUND,MUTUALFUND,790.1146240234375,-1.019719002098313,-0.0759620638482156,47.856742098104654,US
ISMF,iShares Managed Futures Active ETF,ETF,ETF,28.655000686645508,0.9156549557679176,0.001575640369572,64.54401846796847,US
ISMJF,iShares VII Public Limited Company - iShares Core MSCI Pacific ex Japan UCITS ETF,MUTUALFUND,MUTUALFUND,247.70460510253903,-3.79637500521507,-0.0868180435109118,43.83908232965837,US
ISRA,VanEck Israel ETF,ETF,ETF,65.88999938964844,-2.0077312864527976,-0.0380255628436094,46.12109923043016,US
ISRG,"Intuitive Surgical, Inc.",Healthcare,Medical Instruments & Supplies,369.1499938964844,-0.1838662900441627,0.9700662619806888,48.106534298837325,US
ISTB,iShares Core 1-5 Year USD Bond ETF,ETF,ETF,47.52000045776367,-0.5857715141547217,-0.0079207792037668,30.204706273418537,US
ISTM,iShares Strategic Metals ETF,ETF,ETF,30.137699127197266,-3.698037853571819,-0.0454963261313564,43.24508513524686,US
ISTR,Investar Holding Corporation,Financial Services,Banks - Regional,30.8700008392334,0.5210086601456169,0.0114404130545147,57.293631619265966,US
ISUL,GraniteShares 2x Long ISRG Daily ETF,ETF,ETF,13.5600004196167,-1.0218933693251415,0.0683522108799724,46.48093545055851,US
ISVAF,iShares VII Public Limited Company -  iShares NASDAQ 100 UCITS ETF,EQUITY,EQUITY,1672.51220703125,-1.3178085256270315,-0.7346065720379278,46.2596875678982,US
ITA,iShares U.S. Aerospace & Defense ETF,ETF,ETF,219.00999450683597,-3.084344345729946,0.2019835945794748,28.49455906306102,US
ITAN,Sparkline Intangible Value ETF,ETF,ETF,44.54800033569336,-1.3988489712560284,0.0297456362454083,53.33018513735766,US
ITB,iShares U.S. Home Construction ETF,ETF,ETF,89.54000091552734,-4.358044981155103,0.052026572729134,36.40430212016498,US
ITDB,Ishares Lifepath Target Date 2030 ETF,ETF,ETF,35.077999114990234,-1.0772701053161993,-0.0020683526139586,44.97558234215866,US
ITDC,Ishares Lifepath Target Date 2035 ETF,ETF,ETF,36.84199905395508,-1.1165397302190518,-0.0016485886076504,46.17980401582626,US
ITDD,Ishares Lifepath Target Date 2040 ETF,ETF,ETF,38.79899978637695,-1.1691875301044607,0.0009121853666777,47.273186156730894,US
ITDE,Ishares Lifepath Target Date 2045 ETF,ETF,ETF,40.46200180053711,-1.215813708658823,0.0017459543888478,47.770506531109504,US
ITDF,Ishares Lifepath Target Date 2050 ETF,ETF,ETF,42.07099914550781,-1.17218828492751,0.0035320832264152,48.893462638083896,US
ITDG,Ishares Lifepath Target Date 2055 ETF,ETF,ETF,42.88999938964844,-1.1751200882478323,0.0047512454002013,49.48473059406302,US
ITDI,Ishares Lifepath Target Date 2065 ETF,ETF,ETF,42.90700149536133,-1.126828311636049,0.0056511804777626,49.66729297869848,US
ITDJ,iShares LifePath Target Date 2070 ETF,ETF,ETF,33.36100006103516,-1.1320865635448434,0.0040409833291761,49.66829328255543,US
ITEQ,Amplify Bluestar Israel Technology ETF,ETF,ETF,60.45800018310547,-2.5342554040418204,0.0024086067982721,37.98313267988763,US
ITIC,Investors Title Company,Financial Services,Insurance - Specialty,297.5299987792969,-0.6876055888963647,-0.0945944458206242,54.53498029946258,US
ITRN,Ituran Location and Control Ltd.,Technology,Scientific & Technical Instruments,52.66999816894531,2.9917848994080583,0.0674857669123554,51.4354085283036,US
ITW,Illinois Tool Works Inc.,Industrials,Specialty Industrial Machinery,268.1600036621094,-1.2847378291143656,0.4153393004857646,37.81458478440295,US
ITWO,ProShares Russell 2000 High Income ETF,ETF,ETF,44.52799987792969,-2.0716985209679986,-0.0005971167252621,39.02337862869378,US
IUS,Invesco RAFI Strategic US ETF,ETF,ETF,69.73480224609375,-0.5776976719142776,0.0355258270223887,54.38612973909825,US
IUSV,iShares Core S&P U.S. Value ETF,ETF,ETF,113.88999938964844,-1.2913831680000254,0.0409457865357416,48.904495512962455,US
IVAL,Alpha Architect International Quantitative Value ETF,ETF,ETF,37.2239990234375,-0.4838918908334672,0.0101316826852086,57.786233219017454,US
IVEP,Dan IVES Wedbush AI Power & Infrastructure ETF,ETF,ETF,26.059999465942383,1.0077528549239536,-0.0006707757102099,48.66866945134816,US
IVES,Dan IVES Wedbush AI Revolution ETF,ETF,ETF,39.43999862670898,-0.2781304993009603,-0.0138545684071538,55.01026645710262,US
IVLU,iShares Edge MSCI Intl Value Factor ETF,ETF,ETF,44.630001068115234,-0.8662802880562439,0.0136448634531913,56.977495857050585,US
IVOO,Vanguard S&P Mid-Cap 400 Index Fund ETF Shares,ETF,ETF,126.0199966430664,-1.685127286735257,0.0372843110489879,40.0149816895693,US
IVSI,Applied Finance IVS International Large ETF,ETF,ETF,29.473499298095703,-1.9445780008679456,0.0066556403013478,44.30723677252479,US
IVSS,Applied Finance IVS US SMID ETF,ETF,ETF,29.769399642944336,-2.321749701556288,0.0048553118951879,39.44628754179818,US
IVSX,Applied Finance IVS International SMID ETF,ETF,ETF,25.72360038757324,-1.9679854727487924,-0.0023751901308939,49.33027965272097,US
IVVB,iShares Large Cap Deep Quarterly Laddered ETF,ETF,ETF,35.369998931884766,-0.5874241609225694,0.0069033217615658,52.57517968876311,US
IVVM,iShares Large Cap Moderate Quarterly Laddered ETF,ETF,ETF,37.7599983215332,-0.4350716383564322,0.0063235812982052,53.53178858605259,US
IWFG,NYLI Winslow Focused Large Cap Growth ETF,ETF,ETF,54.095001220703125,-0.8722543700097726,0.0091868750561197,48.529898453914896,US
IWMI,NEOS Russell 2000 High Income ETF,ETF,ETF,51.209999084472656,-1.651623997295792,-0.0039485293149915,40.83326481268365,US
IWMW,iShares Russell 2000 BuyWrite ETF,ETF,ETF,38.47999954223633,-2.5329280942118158,-0.0180583857479455,36.31563935989511,US
IWMY,Defiance R2000 Target 30 Weekly Distribution ETF,ETF,ETF,17.854999542236328,-2.0166059143850763,-0.0012205341652844,34.85237455765224,US
IWN,iShares Russell 2000 Value ETF,ETF,ETF,219.69000244140625,-1.8013582859411934,-0.0237426295875707,41.43256643745194,US
IWO,iShares Russell 2000 Growth ETF,ETF,ETF,367.6300048828125,-2.511270503162911,0.0023269594243067,37.62548521583867,US
IWP,iShares Russell Mid-Cap Growth ETF,ETF,ETF,138.0,-1.2946123955371562,0.0740064232669708,42.06766208953797,US
IWS,iShares Russell Mid-Cap Value ETF,ETF,ETF,167.0,-2.282032788629961,0.0359558537983877,41.600081408229,US
IWV,iShares Russell 3000 ETF,ETF,ETF,434.0700073242188,-1.244483121982758,0.1001424937762083,49.10615009278101,US
IWX,iShares Russell Top 200 Value ETF,ETF,ETF,112.45999908447266,-1.168821355438798,0.045480055899262,53.63655984695207,US
IWY,iShares Russell Top 200 Growth ETF,ETF,ETF,286.6600036621094,-0.8062516526527347,0.0020605776919837,50.55096798886903,US
IXG,iShares Global Financials ETF,ETF,ETF,134.22999572753906,-2.021900928803604,0.0252774307710346,52.09068745293949,US
IXJ,iShares Global Healthcare ETF,ETF,ETF,100.76000213623048,-4.988213826779009,-0.0468530891524177,39.24752487654292,US
IXN,iShares Global Tech ETF,ETF,ETF,142.74000549316406,1.0834917545164489,0.0187911001390964,55.89646030581101,US
IXP,iShares Global Comm Services ETF,ETF,ETF,119.88999938964844,1.07064290478867,0.0807154642627333,61.10859871335077,US
IYF,iShares U.S. Financials ETF,ETF,ETF,135.55999755859375,-2.432708236231617,0.0035223157322044,47.574480716454055,US
IYH,iShares U.S. Healthcare ETF,ETF,ETF,69.91999816894531,-4.41558891258654,-0.0306654182825421,41.555383621840434,US
IYLD,iShares Morningstar Multi-Asset Income ETF,ETF,ETF,22.09000015258789,-0.76370204198549,-0.0021578943500221,45.363289452225125,US
IYR,iShares U.S. Real Estate ETF,ETF,ETF,100.75,-2.07037063596656,0.0304432381282443,36.53931072462545,US
IYW,iShares U.S. Technology ETF,ETF,ETF,253.25,0.2811462472253794,0.0653848216613579,55.89464303270861,US
IYY,iShares Dow Jones U.S. ETF,ETF,ETF,185.97000122070312,-1.2583599677551336,0.0375090861317031,49.51953261907617,US
IZRL,ARK Israel Innovative Technology ETF,ETF,ETF,28.56999969482422,-2.591204332965455,0.0011621530802995,41.00513134291696,US
JA,Janus Henderson AA-A CLO ETF,EQUITY,EQUITY,50.20000076293945,-0.0398256815561898,-0.0009935915952802,70.94562567205288,US
JAAA,Janus Henderson AAA CLO ETF,ETF,ETF,50.619998931884766,0.1582865352359821,0.0008371099035514,90.7107298948431,US
JABS,Janus Henderson Asset-Backed Securities ETF,ETF,ETF,49.3650016784668,-0.7539203605663392,-0.0134942228925918,30.461913466905017,US
JADE,JPMorgan Active Developing Markets Equity ETF,ETF,ETF,80.57099914550781,-0.1784020304975407,-0.0347337058398162,55.57403302672714,US
JAJL,Innovator Equity Defined Protection ETF - 6 Mo Jan/Jul,ETF,ETF,30.20509910583496,-0.2802964910075661,-0.0005919358142835,51.79455318623858,US
JAN,"Janus Living, Inc.",Real Estate,REIT - Residential,30.920000076293945,-1.0282968609255496,0.0026108204201866,53.83420438477712,US
JANB,Aptus January Buffer ETF,ETF,ETF,27.82999992370605,-0.3758709298145533,-0.0002323199615082,53.59692475248447,US
JANH,Innovator Premium Income 20 Barrier ETF - January,ETF,ETF,25.07999992370605,-0.0557899858191585,-0.0004831052318813,65.79473240775363,US
JANI,AllianzIM International Equity Buffer15 Uncapped Jan ETF,ETF,ETF,25.881799697875977,-1.814115710937414,-0.0033284449952912,42.52756425822746,US
JANJ,Innovator Premium Income 30 Barrier ETF - January,ETF,ETF,24.979999542236328,-0.0200162817413035,-0.0005740333746629,70.07630894653926,US
JANT,AllianzIM U.S. Equity Buffer10 Jan ETF,ETF,ETF,44.96549987792969,-0.5386090332274993,-0.0015277721568946,52.1348919140645,US
JANU,AllianzIM U.S. Equity Buffer15 Uncapped Jan ETF,ETF,ETF,30.492000579833984,-0.9999956651166364,0.0073895718163557,49.059380088015125,US
JANX,"Janux Therapeutics, Inc.",Healthcare,Biotechnology,17.100000381469727,-13.636358381959488,-0.1449492984864318,43.76884106375603,US
JAPN,Horizon Kinetics Japan Owner Operator ETF,ETF,ETF,25.79829978942871,-0.4503226778923618,0.0316066747303207,57.17404042109352,US
JAVA,JPMorgan Active Value ETF,ETF,ETF,82.22000122070312,-1.332053985312523,0.0321917909642502,48.28108839094605,US
JBGS,JBG SMITH Properties,Real Estate,REIT - Diversified,11.369999885559082,-3.2340435271567483,0.0059136733736668,36.4750309261815,US
JBHT,"J.B. Hunt Transport Services, Inc.",Industrials,Integrated Freight & Logistics,270.45001220703125,1.5660257799500157,0.1036274418265836,50.6852748905205,US
JBI,JBI,N/A,N/A,4.590000152587891,-8.383234672779318,-0.0054335594525238,35.73756285998351,US
JBIO,"Jade Biosciences, Inc.",Healthcare,Biotechnology,17.889999389648438,-9.874060222442008,-0.0557654811485428,30.899413789680903,US
JBL,Jabil Inc.,Technology,Electronic Components,318.0799865722656,3.974886444427973,0.9963879685528668,50.17325641408872,US
JBLU,JetBlue Airways Corporation,Industrials,Airlines,4.400000095367432,-4.5553152291750685,0.0073833644105284,33.13987892097552,US
JBND,Jpmorgan Active Bond ETF,ETF,ETF,51.869998931884766,-1.011455302596484,-0.0156418147150179,31.84766520490298,US
JBSS,"John B. Sanfilippo & Son, Inc.",Consumer Defensive,Packaged Foods,70.26000213623047,-3.9901587274778825,0.0454635828983702,29.30769988736145,US
JBTM,JBT Marel Corporation,Industrials,Specialty Industrial Machinery,114.37999725341795,-2.7711681002587016,0.0288161506723008,38.773774259683705,US
JCAL,J.P. Morgan Exchange-Traded Fund Trust - JPMorgan California Tax Free Bond ETF,EQUITY,EQUITY,48.38999938964844,-0.7588165394201175,0.0112665005342392,30.345496693084986,US
JCAP,"Jefferson Capital, Inc.",Financial Services,Credit Services,21.3799991607666,0.0,0.0140071493106803,52.12612845520901,US
JCHI,JPMorgan Active China ETF,ETF,ETF,52.36000061035156,-2.5479712610851397,-0.0143450590920156,32.834941112056384,US
JCI,Johnson Controls International plc,Industrials,Building Products & Equipment,146.00999450683594,2.6576663804012046,0.1879564955713835,53.04675872275218,US
JD,"JD.com, Inc.",Consumer Cyclical,Internet Retail,27.059999465942383,-2.451334934341895,0.019169580604913,32.12547314890418,US
JDIV,JPMorgan Dividend Leaders ETF,ETF,ETF,56.86439895629883,-2.445705844634431,-0.020764416785582,39.03263437034619,US
JDST,Direxion Daily Junior Gold Miners Index Bear 2X Shares,ETF,ETF,21.780000686645508,10.502291721583989,0.0460885693982544,42.28467788063912,US
JDVI,John Hancock Disciplined Value International Select ETF,ETF,ETF,40.93999862670898,-1.5060463765700545,-0.0009729931316451,51.69758639907781,US
JDVL,John Hancock Disciplined Value Select ETF,EQUITY,EQUITY,31.71999931335449,-2.369967144762059,-0.0091168112599185,41.92660806183687,US
JEDI,Defiance Drone and Modern Warfare ETF,ETF,ETF,25.59000015258789,-1.082337369780329,0.0364522866091177,42.98555424078625,US
JELH,Janus Henderson Equity Linked High Income ETF,ETF,ETF,25.839500427246094,0.8567509009467431,0.0059695781872391,74.91920080043164,US
JELM,Janus Henderson Equity Linked Moderate Income ETF,ETF,ETF,25.84000015258789,1.4128752622417275,0.00994683354077,72.89080059256527,US
JETS,U.S. Global Jets ETF,ETF,ETF,28.170000076293945,-0.8796622073500034,0.0380163207989339,37.81868950713837,US
JFR,Nuveen Floating Rate Income Fund,Financial Services,Asset Management,7.53000020980835,-1.3106147199566034,-0.0062820785395325,40.25464547382828,US
JGLO,Jpmorgan Global Select Equity ETF,ETF,ETF,72.83000183105469,-1.6209603782646247,0.0154655202191405,47.0304790214925,US
JGRO,JPMorgan Active Growth ETF,ETF,ETF,93.91999816894533,-0.7607789785994837,0.0125526040166241,48.2249279965349,US
JGRW,Jensen Quality Growth ETF,ETF,ETF,27.45499992370605,-2.841671430875991,0.0122337499493518,39.472523016934105,US
JHAC,John Hancock Fundamental All Cap Core ETF,ETF,ETF,15.61299991607666,-2.5405775908687294,0.0014346400357291,47.83978095429711,US
JHAI,Janus Henderson Global Artificial Intelligence ETF,ETF,ETF,34.01300048828125,1.0397240517451705,-0.007312733749636,51.0739199236418,US
JHCB,John Hancock Corporate Bond ETF,ETF,ETF,20.4783992767334,-0.8550055872246523,-0.0021543616167831,34.012547206103235,US
JHCP,JHancock Core Plus Bond ETF,ETF,ETF,24.34000015258789,-1.1774219166058828,-0.0021516857036098,32.449942608706095,US
JHDG,John Hancock Hedged Equity ETF,ETF,ETF,27.93000030517578,-0.2143603659628966,0.0110776565689821,47.1992899749075,US
JHDV,John Hancock U.S. High Dividend ETF,ETF,ETF,46.56729888916016,-2.319345203254075,-0.0202978140099087,40.6955648968666,US
JHEM,John Hancock Multifactor Emerging Markets ETF,ETF,ETF,40.66999816894531,0.3701819089019801,-0.0106665260124123,57.073753262265015,US
JHHY,John Hancock High Yield ETF,ETF,ETF,25.25,-0.8014475887146768,-0.003531644926646,34.502352287050925,US
JHID,John Hancock International High Dividend ETF,ETF,ETF,44.16899871826172,-1.1724477343039033,0.0027292996180658,50.77562310465159,US
JHLN,JHancock Global Senior Loan ETF,EQUITY,EQUITY,24.575000762939453,-0.0406683827762183,-0.0015593606238231,59.48838828661523,US
JHMB,John Hancock Mortgage Backed Securities ETF,ETF,ETF,21.25,-1.2592347455979251,-0.0070851856173444,28.03377444273765,US
JHMD,John Hancock Multifactor Developed International ETF,ETF,ETF,45.63999938964844,-2.018038652758391,-0.0054314475515561,44.73613479290723,US
JHMM,John Hancock Multifactor Mid Cap ETF,ETF,ETF,73.26000213623047,-2.241793768941137,0.0009439864903151,38.09818891719672,US
JHPI,John Hancock Preferred Income ETF,ETF,ETF,22.25,-0.8908719650006212,-0.0049494361867529,34.10681010336873,US
JHSC,John Hancock Multifactor Small Cap ETF,ETF,ETF,47.59400177001953,-1.7667677594232272,0.0086648435153512,39.851998731892216,US
JHX,JHX,N/A,N/A,28.46999931335449,-3.914950659020192,-0.0108799032128776,45.96711888903362,US
JIDE,JPMorgan International Dynamic ETF,EQUITY,EQUITY,51.869998931884766,-1.35032878365284,0.010061699717322,47.42297250729949,US
JIG,JPMorgan International Growth ETF,ETF,ETF,84.48999786376953,-0.5297911051358202,0.0018564495395354,49.55709146281372,US
JIII,Janus Henderson Income ETF,ETF,ETF,48.53499984741211,-1.110435948064158,-0.0137993890351687,26.7392560271274,US
JIRE,JPMorgan International Research Enhanced Equity ETF,ETF,ETF,83.9800033569336,-1.4319174119803348,0.0224067554468581,46.96969053213997,US
JIVE,Jpmorgan International Value ETF,ETF,ETF,98.91999816894533,-0.9016244526452072,-0.0018505850618756,58.40885966308485,US
JJSF,J&J Snack Foods Corp.,Consumer Defensive,Packaged Foods,83.29000091552734,-3.1060937614965685,0.099563775068185,43.73581531888,US
JKS,"JinkoSolar Holding Co., Ltd.",Technology,Solar,11.449999809265137,-6.070547962191936,0.0180447833192733,25.162880000581797,US
JLQD,Janus Henderson Corporate Bond ETF,ETF,ETF,39.77170181274414,-1.0284920901398171,-0.0058914237382382,28.014721074156228,US
JMBS,Janus Henderson Mortgage-Backed Securities ETF,ETF,ETF,43.43999862670898,-1.5858649130466795,-0.0202365305407667,28.932304289258354,US
JMEE,JPMorgan Small & Mid Cap Enhanced Equity ETF,ETF,ETF,75.5999984741211,-1.485534820670947,0.0243723696574198,40.70808406195508,US
JMIA,Jumia Technologies AG,Consumer Cyclical,Internet Retail,7.449999809265137,4.781992536794425,-0.0036498428004229,63.31055558736422,US
JMID,Janus Henderson Mid Cap Growth Alpha ETF,ETF,ETF,31.14259910583496,-1.4349966955227895,0.0178354561545367,43.89861456048043,US
JMMF,Jpmorgan 100% U.S. Treasury Securities Money Market ETF,EQUITY,EQUITY,100.11499786376952,0.0999071184947093,-0.0005813186161371,68.84991432919426,US
JMOM,JPMorgan U.S. Momentum Factor ETF,ETF,ETF,82.72000122070312,-0.0362523012651057,0.0312454224186457,49.373122088004784,US
JMTG,JPMorgan Mortgage-Backed Securities ETF,ETF,ETF,49.18000030517578,-1.086083874234682,-0.0147125758765186,30.042025486260485,US
JNJ,Johnson & Johnson,Healthcare,Drug Manufacturers - General,265.5799865722656,-4.615165909399301,-0.2601343885960285,49.20572279814027,US
JNK,State Street SPDR Bloomberg High Yield Bond ETF,ETF,ETF,94.61000061035156,-0.7240319195283834,-0.0168913292194826,34.62878878686905,US
JOBX,Tradr 2X Long JOBY Daily ETF,ETF,ETF,8.25,-14.596271942901168,0.0116858902707237,32.56273434395595,US
JOET,Virtus Terranova U.S. Quality M,ETF,ETF,45.45399856567383,-0.4947498642559027,0.0271105163909735,44.56703390207594,US
JOJO,ATAC Credit Rotation ETF,ETF,ETF,14.845000267028809,-0.7289033204880027,-0.0033696546586033,32.49095569420493,US
JOUL,Corgi High Voltage Grid Equipme,ETF,ETF,22.59000015258789,3.103607073991373,0.0474002258692297,47.15321099316422,US
JOUT,Johnson Outdoors Inc.,Consumer Cyclical,Leisure,44.61000061035156,-1.826580196834691,0.0143102816722777,41.56901879698263,US
JOYT,JPMorgan Equity And Options Total Return ETF,ETF,ETF,59.26300048828125,-0.6404559754390932,0.0132266170412318,55.20001950988649,US
JPFP,JPMorgan Managed Futures Plus ETF,ETF,ETF,51.89500045776367,0.0674890994990138,0.0014234497840633,58.24811244633702,US
JPIE,JPMorgan Income ETF,ETF,ETF,45.41999816894531,-0.4165806596440329,-0.0048585013012637,35.25993896046872,US
JPM,JPMorgan Chase & Co.,Financial Services,Banks - Diversified,356.2300109863281,-1.6102266507147431,0.1469748738050751,51.89846139366512,US
JPMB,JPMorgan USD Emerging Markets Sovereign Bond ETF,ETF,ETF,39.055999755859375,-1.0739609708539928,-0.0118871930497376,34.102267776463506,US
JPRE,JPMorgan Realty Income ETF,ETF,ETF,51.709999084472656,-1.5235179254090447,0.01602115257132,39.01797215950117,US
JPSE,JPMorgan Diversified Return U.S. Small Cap Equity ETF,ETF,ETF,58.34000015258789,-2.1961464204199173,-0.0134721850904455,36.909065998334114,US
JPSV,Jpmorgan Active Small Cap Value ETF,ETF,ETF,68.46520233154297,-2.163211857631581,0.0174219303967282,38.55771860813526,US
JPXN,iShares JPX-Nikkei 400 ETF,ETF,ETF,104.8000030517578,0.1912089680251778,0.0895167777108935,60.11685276413304,US
JPY,Lazard Japanese Equity ETF,ETF,ETF,39.742000579833984,0.4778377602646148,0.0352016511816165,64.49873455823327,US
JQUA,JPMorgan U.S. Quality Factor ETF,ETF,ETF,73.55999755859375,-1.644609362049399,0.0201668581174249,46.291981835030974,US
JTEK,JPMorgan U.S. Tech Leaders ETF,ETF,ETF,99.52999877929688,-0.8369073869670304,-0.0156178363420254,48.59793458345612,US
JTNY,JTNY,N/A,N/A,48.02000045776367,-1.3963045062070294,-0.0094550479837482,25.440661486485453,US
JUCY,Aptus Enhanced Yield ETF,ETF,ETF,21.850000381469727,-0.2874993156332518,0.0024569153555832,48.78079186471438,US
JUDO,Janus Henderson U.S. Equity Enhanced Income ETF,ETF,ETF,28.099000930786133,-1.7173809695041706,-0.0020195463392406,43.60382037930939,US
JULH,Innovator Premium Income 20 Barrier ETF - July,ETF,ETF,25.25469970703125,-0.2775954739992803,-0.0014028265310086,57.64500302474476,US
JULJ,Innovator Premium Income 30 Barrier ETF - July,ETF,ETF,25.09499931335449,-0.1869417096449769,-0.0011791318832998,59.46595709103586,US
JULM,FT Vest U.S. Equity Max Buffer ETF - July,ETF,ETF,34.89469909667969,-0.2438549075841046,-0.000939337650209,50.06791139821807,US
JULP,PGIM S&P 500 Buffer 12 ETF - Jul,ETF,ETF,33.19839859008789,-0.6749676811002544,-0.0011251619441886,49.884745610163975,US
JULU,AllianzIM U.S. Equity Buffer15 Uncapped Jul ETF,ETF,ETF,32.28110122680664,-0.9326311683428232,-0.0022144831639712,45.68042078019673,US
JULW,AllianzIM U.S. Equity Buffer20 Jul ETF,ETF,ETF,41.36790084838867,-0.5220590137395152,-0.0019488326534801,50.3544857100699,US
JULZ,Trueshares Structured Outcome (July) ETF,ETF,ETF,45.90769958496094,-0.9734928782280596,-0.0018191812142613,46.97302191830452,US
JUNM,FT Vest U.S. Equity Max Buffer ETF - June,ETF,ETF,35.33000183105469,-0.2822423744277685,-0.0009752649532188,49.36250826057254,US
JUNT,AllianzIM U.S. Equity Buffer10 Jun ETF,ETF,ETF,38.36709976196289,-0.8473961376078973,-0.0031609907749368,48.175257525450704,US
JUNZ,TrueShares Structured Outcome (June) ETF,ETF,ETF,35.609901428222656,-0.9570483150090848,-0.0025972560175248,46.71424242855857,US
JUST,Goldman Sachs JUST U.S. Large Cap Equity ETF,ETF,ETF,109.6780014038086,-1.2354809637508617,0.0366573957744106,49.532137812771765,US
JVAL,JPMorgan U.S. Value Factor ETF,ETF,ETF,59.369998931884766,-0.8682592470581162,0.0223454872794598,50.96278031887904,US
JXN,Jackson Financial Inc.,Financial Services,Insurance - Life,138.1199951171875,-0.8826773824569595,-0.0683334057973956,61.34832670916897,US
JXX,Janus Henderson Transformational Growth ETF,ETF,ETF,30.43000030517578,-3.3078082806480635,-0.0415989260219688,40.52023197242451,US
KAMO,Kensington Credit Opportunities ETF,ETF,ETF,24.520000457763672,-0.6402424909642854,-0.0054291770091898,35.38039927367909,US
KAPR,Innovator Russell 2000 Power Buffer ETF - April,ETF,ETF,39.880001068115234,-1.0789968334652524,-0.0033925195602778,42.69357694430226,US
KARO,Karooooo Ltd.,Technology,Software - Application,64.77999877929688,-1.5800682472642502,0.0243266861219353,54.204100473888495,US
KARS,KraneShares Electric Vehicles and Future Mobility Index ETF,ETF,ETF,29.15999984741211,-3.283581371953675,-0.0280500112993077,35.73828042592743,US
KAT,Scharf ETF,ETF,ETF,57.68999862670898,-2.119141089563092,0.0080505399959378,46.06065830988472,US
KAUG,Innovator U.S. Small Cap Power Buffer ETF - August,ETF,ETF,28.735200881958008,-1.490569740139606,-9.60306471328859e-05,39.12303134655209,US
KBA,KraneShares Bosera MSCI China A 50 Connect Index ETF,ETF,ETF,32.41999816894531,-0.3687853202387855,-0.0001894893394228,40.346629831851565,US
KBDC,"Kayne Anderson BDC, Inc.",Financial Services,Asset Management,13.029999732971191,-3.122677191449661,0.0035374513816535,36.84468815311976,US
KBFR,Innovator U.S. Small Cap Managed 10 Buffer ETF,EQUITY,EQUITY,26.986499786376957,-2.1519221862613773,0.0042119544030404,39.51120280424912,US
KBON,Karbon Capital Partners Corp.,Financial Services,Shell Companies,10.100000381469728,0.0,-0.0011207477781441,48.40301663047089,US
KBR,"KBR, Inc.",Industrials,Engineering & Construction,36.59000015258789,-1.877180868204208,0.0225281030617643,45.67474128940043,US
KBUF,KraneShares 90% KWEB Defined Outcome January 2027 ETF,ETF,ETF,25.63999938964844,-1.9390369140211536,0.0090125401206951,29.31712651539914,US
KBWB,Invesco KBW Bank ETF,ETF,ETF,96.8499984741211,-0.8294134319212104,0.031940696873856,51.43259949899521,US
KBWP,Invesco KBW Property & Casualty Insurance ETF,ETF,ETF,129.83999633789062,-3.928966184534824,0.0085363145867445,40.5575977275774,US
KCAI,KraneShares China Alpha Index ETF,ETF,ETF,33.220001220703125,0.3473846248512233,-0.0089243580197698,57.40945192494726,US
KCCA,KraneShares California Carbon Allowance ETF,ETF,ETF,16.8700008392334,-2.5418754493591207,-0.0136492424422652,40.85553993772218,US
KCOP,Kurv Copper & Mining Enhanced Income ETF,ETF,ETF,23.618000030517575,-3.2016929690207334,-0.0543693356593975,46.22258265643135,US
KCSH,Kraneshares Sustainable Ultra Short Duration Index ETF,ETF,ETF,25.077999114990234,0.0718262148102351,0.0001615498562488,73.34910109489485,US
KDEC,Innovator U.S. Small Cap Power Buffer ETF - December,ETF,ETF,28.56999969482422,-1.0048541559050614,-0.0002017140432662,44.250708716836776,US
KDEF,PLUS Korea Defense Industry Index ETF,ETF,ETF,43.119998931884766,3.034648755241905,0.0807996336641027,53.13518227295171,US
KDK,"Kodiak AI, Inc.",Technology,Software - Infrastructure,3.740000009536743,1.6304331981279736,-0.0028382519350852,41.199786875445575,US
KDP,Keurig Dr Pepper Inc.,Consumer Defensive,Beverages - Non-Alcoholic,31.38999938964844,-4.531635127930997,-0.0552469359470425,47.5409846174031,US
KE,"Kimball Electronics, Inc.",Industrials,Electrical Equipment & Parts,26.170000076293945,7.078557710444973,0.0733722457702816,61.54430952095501,US
KEAT,Keating Active ETF,ETF,ETF,34.397499084472656,-0.6771219831843579,-0.0083559235254165,51.99647951983878,US
KEEL,KEEL,N/A,N/A,3.569999933242798,6.567165220094516,-0.0010515479848512,50.085456521148735,US
KEEX,Defiance Daily Target 2x Long KEEL ETF,ETF,ETF,7.28000020980835,11.1662576006333,-0.0112484115714721,45.60765580651532,US
KELYA,"Kelly Services, Inc.",Industrials,Staffing & Employment Services,15.880000114440918,-4.967079685857038,-0.0081783857104106,46.16366373978964,US
KEMX,KraneShares MSCI Emerging Markets ex China Index ETF,ETF,ETF,52.24300003051758,1.120700195992028,-0.0242899605401669,59.59593405915831,US
KEX,Kirby Corporation,Industrials,Marine Shipping,139.4199981689453,-2.687238074059069,-0.0132077183125302,50.63000430966969,US
KEY,KeyCorp,Financial Services,Banks - Regional,21.84000015258789,-1.2658258409686918,0.0065407081933901,46.51914738041851,US
KEYS,"Keysight Technologies, Inc.",Technology,Scientific & Technical Instruments,338.6400146484375,4.965600326610549,0.7185021957073183,56.76739161917065,US
KFII,K&F Growth Acquisition Corp. II,Financial Services,Shell Companies,10.649999618530272,0.0,-0.0002114898419578,59.21897220528139,US
KFRC,Kforce Inc.,Industrials,Staffing & Employment Services,51.2400016784668,-4.279565834392875,0.0716442980121222,33.92057412897087,US
KGLD,Kurv Gold Enhanced Income ETF,ETF,ETF,27.31999969482422,-3.32625805535887,0.005954376097546,47.12677723161198,US
KGRN,KGRN,N/A,N/A,22.20599937438965,-1.9602660115604695,0.0066364017455149,28.4859213068481,US
KGS,"Kodiak Gas Services, Inc.",Energy,Oil & Gas Equipment & Services,63.84999847412109,3.484599164661684,0.0113445240538735,56.146361295130106,US
KHC,The Kraft Heinz Company,Consumer Defensive,Packaged Foods,24.600000381469727,-1.6786573485597995,-0.0023982972209973,46.18652994577615,US
KHYB,KraneShares Asia Pacific High Income USD Bond ETF,ETF,ETF,24.045000076293945,-0.0415723498439708,0.0015070292588332,57.56931847884553,US
KIDS,OrthoPediatrics Corp.,Healthcare,Medical Devices,22.059999465942383,-2.346173895819082,0.0555968417421094,42.96599355429091,US
KIO,KKR Income Opportunities Fund,Financial Services,Asset Management,10.850000381469728,-0.5235844717796696,-0.0026480716930793,47.10262190054684,US
KIQQ,KraneShares InspereX Nasdaq Dynamic Buffered High Income Index ETF,ETF,ETF,24.70190048217773,-0.8911061872204579,-0.0046822333961071,47.56955545888918,US
KJUL,Innovator Russell 2000 Power Buffer ETF - July,ETF,ETF,33.47999954223633,-1.3553302978352548,-0.0009400957716044,39.76399992798667,US
KJUN,Innovator U.S. Small Cap Power Buffer ETF - June,ETF,ETF,29.445199966430664,-1.5638690158475146,-0.0003834154084039,39.34693290131892,US
KKR,KKR & Co. Inc.,Financial Services,Asset Management,101.08000183105467,-7.908163389430745,-0.1162770813720945,40.55518166308456,US
KLAC,KLA Corporation,Technology,Semiconductor Equipment & Materials,180.63999938964844,4.452409413403947,0.0822760033484568,44.84731888657284,US
KLAG,Leverage Shares 2X Long KLAC Daily ETF,ETF,ETF,23.785999298095703,7.98564868902364,0.0155053062610281,43.00480674980786,US
KLAR,Klarna Group plc,Financial Services,Credit Services,13.829999923706056,-3.9583313189170446,0.0181010976155617,32.5717034831936,US
KLC,"KinderCare Learning Companies, Inc.",Consumer Defensive,Education & Training Services,2.369999885559082,-11.895916909088427,-0.0036004961110291,27.09821421881989,US
KLIC,"Kulicke and Soffa Industries, Inc.",Technology,Semiconductor Equipment & Materials,86.12999725341797,9.27429280245705,0.299880952973651,48.59850752504327,US
KLIP,KraneShares KWEB Covered Call Strategy ETF,ETF,ETF,22.25,-3.134520395635767,-0.0086450394086803,32.322788426537656,US
KMAR,Innovator U.S. Small Cap Power Buffer ETF - March,ETF,ETF,32.18299865722656,-0.7922317520409042,0.0005781444947419,43.734467649407605,US
KMAY,Innovator U.S. Small Cap Power Buffer ETF - May,ETF,ETF,30.14640045166016,-1.4662489680087225,-0.0006592220552211,40.45040121005744,US
KMB,Kimberly-Clark Corporation,Consumer Defensive,Household & Personal Products,98.1500015258789,-7.987247388504054,-0.0743233292201361,29.53947237358929,US
KMCA,PLUS Korea Manufacturing Core Alliance Index ETF,ETF,ETF,20.46999931335449,4.545451445946587,0.0018786096555836,58.05679835064468,US
KMDA,Kamada Ltd.,Healthcare,Drug Manufacturers - Specialty & Generic,7.920000076293945,-4.232168828251453,-0.0238935836212577,50.460831510475614,US
KMI,"Kinder Morgan, Inc.",Energy,Oil & Gas Midstream,30.86000061035156,-2.341771399319668,-0.0302939008653435,42.2264171409,US
KMLI,KraneShares 2x Long MELI Daily ETF,ETF,ETF,9.892999649047852,-9.437936264103888,-0.0178990973524192,47.18911193042983,US
KMPR,Kemper Corporation,Financial Services,Insurance - Property & Casualty,27.25,-5.019172210708769,-0.0056563894716902,47.906421266514585,US
KMTS,"Kestra Medical Technologies, Ltd.",Healthcare,Medical Instruments & Supplies,22.850000381469727,-9.10898593387251,-0.0604955899533749,32.780828674123086,US
KMX,"CarMax, Inc.",Consumer Cyclical,Auto & Truck Dealerships,61.31999969482422,-2.1072792268295504,0.0294293433994585,54.051132371430725,US
KNCT,Invesco Next Gen Connectivity E,ETF,ETF,200.72000122070312,2.917501141886006,0.0770240838560678,55.763086162536254,US
KNF,Knife River Corporation,Basic Materials,Building Materials,57.630001068115234,-7.242877712277032,-0.0126980470184192,27.49179754128474,US
KNG,FT Cboe Vest S&P 500 Dividend Aristocrats Target Income ETF,ETF,ETF,49.83000183105469,-2.941173192530832,-0.0026398136465068,35.40314098078244,US
KNGZ,First Trust S&P 500 Diversified Dividend Aristocrats ETF,ETF,ETF,42.42300033569336,-0.5765271976327759,0.0355544491665332,53.73483540258399,US
KNOV,Innovator U.S. Small Cap Power Buffer ETF - November,ETF,ETF,32.029998779296875,-0.8451308319589497,-0.0004350036132887,45.97354699830027,US
KNOW,Fundamentals First ETF,ETF,ETF,12.8149995803833,-1.080666492838572,0.0003477975825884,35.20817090540277,US
KNRG,Simplify Kayne Anderson Energy and Infrastructure Credit ETF,ETF,ETF,25.55500030517578,-0.3703676988979837,-0.0019343088843162,46.54835356442976,US
KNSA,"Kiniksa Pharmaceuticals International, plc",Healthcare,Drug Manufacturers - Specialty & Generic,76.2699966430664,-5.219342008107429,-0.0506309170241485,48.52418315452554,US
KNSL,"Kinsale Capital Group, Inc.",Financial Services,Insurance - Property & Casualty,360.010009765625,-5.997702376566886,-0.1121120463324207,43.15562818950876,US
KNTK,Kinetik Holdings Inc.,Energy,Oil & Gas Midstream,54.75,0.7730501652684358,0.0096249307896973,59.10625088719561,US
KO,The Coca-Cola Company,Consumer Defensive,Beverages - Non-Alcoholic,88.29000091552734,-0.5855158848792114,0.0509304487216482,51.52046698034886,US
KOCT,Innovator U.S. Small Cap Power Buffer ETF - October,ETF,ETF,37.970001220703125,-0.4196166874642529,0.0038607625268938,53.79023851143629,US
KOD,Kodiak Sciences Inc.,Healthcare,Biotechnology,32.88999938964844,-9.543457542504076,0.0062390064779622,29.376083311032342,US
KODK,Eastman Kodak Company,Industrials,Specialty Business Services,9.3100004196167,1.7486427077264295,0.0256561264107932,51.26585445842742,US
KOID,KraneShares Global Humanoid Robotics and Physical AI Index ETF,ETF,ETF,35.88999938964844,-0.1946598904515664,0.0251190035181408,43.17693195314955,US
KOKU,Xtrackers MSCI Kokusai Equity ETF,ETF,ETF,133.2989959716797,-1.4774853415346303,0.0250554544633589,48.47299932264709,US
KOLD,ProShares UltraShort Bloomberg Natural Gas,ETF,ETF,30.049999237060547,3.871410024438852,0.039768136565917,54.479116535875455,US
KOMP,State Street SPDR S&P Kensho New Economies Composite ETF,ETF,ETF,66.5999984741211,-1.3333355938946758,0.032078728394596,43.58520363281281,US
KONG,Formidable Fortress ETF,ETF,ETF,32.64189910888672,-0.974128963217793,0.0169592528421506,48.74566389368974,US
KOOL,North Shore Equity Rotation ETF,ETF,ETF,14.558899879455566,-1.960272690480224,-0.0120481396992874,46.09250334625106,US
KOP,Koppers Holdings Inc.,Basic Materials,Specialty Chemicals,46.34999847412109,-1.0883528160215328,-0.0161659161421164,47.14939484535008,US
KORP,American Century Diversified Corporate Bond ETF,ETF,ETF,45.25,-0.9087942783468382,-0.0115220054839026,34.04676175547532,US
KOS,Kosmos Energy Ltd.,Energy,Oil & Gas E&P,3.0199999809265137,7.092200440364199,0.0069866003828035,61.95242380552436,US
KPDD,KraneShares 2x Long PDD Daily ETF,ETF,ETF,4.565000057220459,-9.60396267715444,0.0050970888711194,29.552874944081932,US
KPHO,KraneShares Dragon Capital Vietnam Growth Index ETF,ETF,ETF,22.66399955749512,-1.653289292850807,-0.0400340398157841,45.322797576016406,US
KPRO,KraneShares 100% KWEB Defined Outcome January 2027 ETF,ETF,ETF,26.31999969482422,-1.1381118043197656,-0.0011487995397254,27.052960613399662,US
KQQQ,Kurv Technology Titans Select ETF,ETF,ETF,28.88999938964844,0.9116618890233414,0.0141252335107956,56.4607469502597,US
KR,The Kroger Co.,Consumer Defensive,Grocery Stores,58.4900016784668,-0.0341764546915855,0.0761861937010377,54.97729961833304,US
KRAQ,KRAKacquisition Corp.,Financial Services,Shell Companies,10.029999732971191,0.199795241079525,-0.0008606024499006,59.87099824831438,US
KRBN,KraneShares Global Carbon ETF,ETF,ETF,34.68000030517578,-0.184202098149404,-0.023310549580899,52.38724082985098,US
KRC,Kilroy Realty Corporation,Real Estate,REIT - Office,34.900001525878906,-5.573586606118667,-0.0327826269906986,34.128413013458854,US
KRE,State Street SPDR S&P Regional Banking ETF,ETF,ETF,73.9000015258789,-1.2955805865085368,0.019784389969997,44.17953771596415,US
KREF,KKR Real Estate Finance Trust Inc.,Real Estate,REIT - Mortgage,7.150000095367432,-5.423278445970029,-0.0097116362787524,40.45197105387258,US
KRG,Kite Realty Group Trust,Real Estate,REIT - Retail,25.88999938964844,-0.7665801524329039,-0.004436526958962,35.62665976826749,US
KRMN,Karman Holdings Inc.,Industrials,Aerospace & Defense,35.279998779296875,-12.931889484869952,0.1772638937883344,23.502987620022395,US
KRNY,Kearny Financial Corp.,Financial Services,Banks - Regional,9.779999732971191,-2.7833069082135906,-0.0087987705948202,51.14099307511495,US
KRO,"Kronos Worldwide, Inc.",EQUITY,EQUITY,8.140000343322754,-3.6686328158549655,-0.01400090496332,50.38475995877476,US
KROP,Global X AgTech & Food Innovation ETF,ETF,ETF,37.76100158691406,-3.5380328124773133,-0.0899937166675038,58.17041347112647,US
KRP,"Kimbell Royalty Partners, LP",Energy,Oil & Gas E&P,14.899999618530272,-0.1340513248083031,-0.0115562837353713,50.11031821618171,US
KRSP,Rice Acquisition Corporation 3,Financial Services,Shell Companies,10.579999923706056,0.2843576533537651,0.0026142261177007,53.02296156005541,US
KRT,Karat Packaging Inc.,Consumer Cyclical,Packaging & Containers,46.93999862670898,-0.2549994540589602,0.0032681448708802,54.63402462686573,US
KRYP,ProShares CoinDesk 20 Crypto ETF,EQUITY,EQUITY,22.527000427246094,1.2904705893956046,-0.0040634783972985,64.23421712155451,US
KSA,iShares MSCI Saudi Arabia ETF,ETF,ETF,38.220001220703125,-0.8045615583053674,-0.0065825801215924,47.82594995947295,US
KSEP,Innovator U.S. Small Cap Power Buffer ETF - September,ETF,ETF,31.049999237060547,-1.3659476220730409,-0.0050802444011383,42.114588422254656,US
KSLV,Kurv Silver Enhanced Income ETF,ETF,ETF,26.239999771118164,-4.512371876907436,-0.0224280260112116,47.43136734665442,US
KSPY,Kraneshares Hedgeye Hedged Equity Index ETF,ETF,ETF,29.93000030517578,-0.5647842994666584,-0.0008650202905128,53.00290493707761,US
KSS,Kohl's Corporation,Consumer Cyclical,Department Stores,17.229999542236328,-10.307583991179971,-0.0270479781536595,43.6898900119406,US
KTB,"Kontoor Brands, Inc.",Consumer Cyclical,Apparel Manufacturing,66.62000274658203,-8.913684096330998,0.03051435290079,29.72820884714029,US
KURA,"Kura Oncology, Inc.",Healthcare,Biotechnology,11.390000343322754,-13.384025294779653,-0.0613774523938089,44.83854342841285,US
KURE,KraneShares MSCI All China Health Care Index ETF,ETF,ETF,17.739999771118164,-6.187202991723257,-0.0244573453584632,39.959556739731234,US
KVUE,Kenvue Inc.,Consumer Defensive,Household & Personal Products,17.780000686645508,-6.174142634242614,-0.0076936147641484,32.434359816891984,US
KVYO,"Klaviyo, Inc.",Technology,Software - Application,16.360000610351562,-17.206475602974574,-0.0372707433719925,40.3377200626669,US
KWEB,KraneShares CSI China Internet ETF,ETF,ETF,24.600000381469727,-3.6805031337572616,0.004709333663652,32.430340502051195,US
KWIN,KraneShares Wahed Alternative Income Index ETF,ETF,ETF,25.81999969482422,0.0,-0.0013738028790669,57.41147070056226,US
KWT,iShares MSCI Kuwait ETF,ETF,ETF,37.744998931884766,0.4257013471052856,-0.0022190523015613,58.29306875528175,US
KXI,iShares Global Consumer Staples ETF,ETF,ETF,67.31999969482422,-1.8801937094469496,0.0102751438236387,39.17211620207781,US
KYTX,"Kyverna Therapeutics, Inc.",Healthcare,Biotechnology,7.260000228881836,-13.053893446601665,-0.0246033708704208,37.0429403016213,US
L,Loews Corporation,Financial Services,Insurance - Property & Casualty,108.79000091552734,-1.135950553980427,0.0369110204086728,38.711048777607495,US
LABD,Direxion Daily S&P Biotech Bear 3X Shares,ETF,ETF,7.429999828338623,16.275430103021453,0.0267972661275943,55.03623262458236,US
LABU,Direxion Daily S&P Biotech Bull 3X Shares,ETF,ETF,261.29998779296875,-14.568756847148691,-1.0345442272610423,40.44643221504014,US
LABX,Tradr 2X Long ALAB Daily ETF,ETF,ETF,10.579999923706056,3.421313754948759,-0.00551580257409,45.0227310329977,US
LAC,Lithium Americas Corp.,Basic Materials,Other Industrial Metals & Mining,2.9100000858306885,-2.020200074126503,-0.0085553419381052,41.66727312293322,US
LAD,"Lithia Motors, Inc.",Consumer Cyclical,Auto & Truck Dealerships,358.0199890136719,-5.530640499509721,-0.6835468011743844,43.98702619468781,US
LADR,Ladder Capital Corp,Real Estate,REIT - Mortgage,9.609999656677246,-2.13849332661035,-0.0067394848375622,40.30875583549356,US
LALT,First Trust Multi-Strategy Alternative ETF,ETF,ETF,24.729999542236328,0.6921827361180779,-0.0031055908090725,66.86346828873957,US
LAMR,LAMR,N/A,N/A,149.0800018310547,-1.629825912876797,0.0525609935117359,40.20238461402774,US
LAPR,Innovator Premium Income 15 Buffer ETF - April,ETF,ETF,25.229999542236328,0.0793354164617584,-0.0009950247784134,57.97775158132182,US
LAR,Lithium Argentina AG,Basic Materials,Other Industrial Metals & Mining,5.849999904632568,-14.222877457677733,-0.0530178565762267,34.862914552121,US
LAUR,"Laureate Education, Inc.",Consumer Defensive,Education & Training Services,36.130001068115234,0.5006962485556942,0.0305322470889385,42.05997195106468,US
LAZ,LAZ,N/A,N/A,41.09999847412109,-7.286269396611813,-0.108018752561812,40.79222597669423,US
LB,LandBridge Company LLC,Energy,Oil & Gas E&P,86.8499984741211,0.8827995917755318,-0.0346040209525417,56.761342640472186,US
LBAY,Leatherback Long/Short Alternative Yield ETF,ETF,ETF,27.04980087280273,-1.7264259847895789,0.0034477911184461,48.09667698648619,US
LBO,WHITEWOLF Publicly Listed Private Equity ETF,ETF,ETF,25.79700088500977,-4.878318264318424,-0.0114943817641355,39.38542925767097,US
LBRDA,Liberty Broadband Corporation,Communication Services,Telecom Services,35.9900016784668,17.116831157126924,0.3299577815024116,63.54631772613142,US
LBRT,Liberty Energy Inc.,Energy,Oil & Gas Equipment & Services,20.959999084472656,3.3021198080092287,-0.0356422635382704,52.77959792983178,US
LBRX,LB Pharmaceuticals Inc,Healthcare,Biotechnology,44.630001068115234,-6.081648488655008,-0.1807479953186304,46.00653100414666,US
LCDS,JPMorgan Fundamental Data Science Large Core ETF,ETF,ETF,73.24340057373047,-1.2146588432716257,-0.0105437007544395,47.20274912035187,US
LCF,Touchstone US Large Cap Focused ETF,ETF,ETF,46.25260162353516,-0.696476894410355,0.0127089825139243,53.49733775409289,US
LCLG,Logan Capital Broad Innovative Growth ETF,ETF,ETF,69.18229675292969,-1.8593328887281324,-0.0016774562812205,40.27934553615855,US
LCO,Logiq Contrarian Opportunities ETF,ETF,ETF,28.40900039672852,-1.1345056784359622,-0.0302492448071528,53.66101565945127,US
LCOW,Pacer S&P 500 Quality FCF Aristocrats ETF,ETF,ETF,26.48929977416992,-0.4199092466005119,0.0175076923713956,52.25991305502984,US
LCR,Leuthold Core ETF,ETF,ETF,40.33700180053711,-1.1856577621862672,-0.0063238772652146,45.752455802031285,US
LCTD,iShares World ex U.S. Carbon Transition Readiness Aware Active ETF,ETF,ETF,59.38399887084961,-1.76344396796664,0.0091338878065878,46.660500537944,US
LDEM,iShares ESG MSCI EM Leaders ETF,ETF,ETF,61.77899932861328,-0.0889483221229739,-0.0140727204194568,54.35236523670768,US
LDI,"loanDepot, Inc.",Financial Services,Mortgage Finance,0.8349999785423279,-11.17021482338351,0.0001134869372401,41.5798237409189,US
LDP,"Cohen & Steers Limited Duration Preferred and Income Fund, Inc.",Financial Services,Asset Management,19.76000022888184,-3.322075319323899,-0.0179382992787485,24.812734714816088,US
LDRC,iShares iBonds 1-5 Year Corporate Ladder ETF,ETF,ETF,24.799999237060547,-0.3615916223176807,-0.0017240584047015,38.52423363482578,US
LDRH,iShares iBonds 1-5 Year High Yield and Income Ladder ETF,ETF,ETF,24.290000915527344,-0.5527055301945207,-0.0040781760547479,37.20912962048646,US
LDRI,iShares iBonds 1-5 Year TIPS Ladder ETF,ETF,ETF,24.934999465942383,-0.3596409748643839,-0.0044072544055919,41.34437356685794,US
LDRT,iShares iBonds 1-5 Year Treasury Ladder ETF,ETF,ETF,24.729999542236328,-0.5629324176628606,-0.002573146861591,35.07955993787506,US
LDRX,SGI Enhanced Market Leaders ETF,ETF,ETF,36.53950119018555,-0.8748801633255898,-0.0031917392944556,50.99775313123048,US
LDSF,First Trust Low Duration Strategic Focus ETF,ETF,ETF,18.68000030517578,-0.6911173017414469,-0.002558290105347,30.199203270371328,US
LEA,Lear Corporation,Consumer Cyclical,Auto Parts,130.82000732421875,-0.1755022679764657,0.0339245432906524,54.977029760328186,US
LEGH,Legacy Housing Corporation,Consumer Cyclical,Residential Construction,27.670000076293945,-0.788810749978526,0.0249384479708216,47.74763369491505,US
LEGN,Legend Biotech Corporation,Healthcare,Biotechnology,18.63999938964844,-14.298853380926724,-0.0950097785803867,35.56052390890291,US
LEGR,First Trust Indxx Innovative Transaction & Process ETF,ETF,ETF,67.19499969482422,-0.4533262593881135,0.0115080036450519,56.17959925839945,US
LEMB,iShares J.P. Morgan EM Local Currency Bond ETF,ETF,ETF,43.0099983215332,-0.6926876985573646,-0.0111971209065896,48.18889630136783,US
LEN,Lennar Corporation,Consumer Cyclical,Residential Construction,79.5999984741211,-5.743041621533233,0.0401454639599394,39.39459210233003,US
LEND,SEI High Yield Bond & Alternative Credit ETF,ETF,ETF,24.604999542236328,-0.7062192879739979,-0.0051534635252734,36.23506249059832,US
LEO,"BNY Mellon Strategic Municipals, Inc.",Financial Services,Asset Management,5.860000133514404,-3.4596380923906143,-0.0043941364470901,18.77337840567897,US
LEUX,Tradr 2X Long LEU Daily ETF,ETF,ETF,8.800000190734863,-21.91659420321741,-0.1580665979507715,37.94401404771096,US
LEXI,Alexis Practical Tactical ETF,ETF,ETF,40.18939971923828,-1.5013931844982409,-0.0103293720704112,41.1519324074175,US
LFAI,LifeX 2050 Longevity Income ETF,ETF,ETF,142.8470001220703,-1.350120719800239,-0.0570082287515035,33.47528264939014,US
LFAO,LifeX 2055 Longevity Income ETF,ETF,ETF,155.58200073242188,-1.3680770163506228,-0.0641246314763253,34.515280840300335,US
LFAW,LifeX 2060 Longevity Income ETF,ETF,ETF,165.75100708007812,-1.3909282425981182,-0.0690823513376233,35.35186763843976,US
LFBE,LifeX 2065 Longevity Income ETF,ETF,ETF,174.3209991455078,-1.4216684892190126,-0.0747792032286243,36.04547560894439,US
LFEQ,VanEck Long/Flat Trend ETF,ETF,ETF,60.49779891967773,-1.2248598574620655,-0.0042953060338163,47.26810458972281,US
LFGY,YieldMax Crypto Industry & Tech Portfolio Option Income ETF,ETF,ETF,20.100000381469727,-2.6519433373895835,-0.0206955243388483,55.17188820544013,US
LFSC,F/m Emerald Life Sciences Innovation ETF,ETF,ETF,45.83000183105469,-0.6589436147643523,0.044410890244689,46.35840621636084,US
LFST,LFST,N/A,N/A,12.970000267028809,1.0911951999631315,0.0029168892550827,64.47675354263026,US
LFTO,"Liftoff Mobile, Inc.",Communication Services,Advertising Agencies,18.350000381469727,-1.9764900932491776,0.0311216838258352,40.25676389087753,US
LGDX,Intech S&P Large Cap Diversified Alpha ETF,ETF,ETF,25.44599914550781,-1.1037714799113116,0.0066635033806094,48.0875562887608,US
LGH,HCM Defender 500 Index ETF,ETF,ETF,65.75,-1.586585237731988,0.024215494124189,50.28332775399163,US
LGHT,Langar Global Healthtech ETF,ETF,ETF,9.741999626159668,-4.90043720621847,-0.0039628625853097,50.75657467310299,US
LGIH,"LGI Homes, Inc.",Consumer Cyclical,Residential Construction,49.41999816894531,-9.27116383070392,-0.0463256307990951,34.1969006682765,US
LGND,Ligand Pharmaceuticals Incorporated,Healthcare,Biotechnology,284.4700012207031,-1.818868361736639,-0.2428695585813831,45.93460717243551,US
LGOV,First Trust Long Duration Opportunities ETF,ETF,ETF,20.34000015258789,-2.4928113257371,-0.0144617416732054,30.00558724498161,US
LGRO,Level Four Large Cap Growth Active ETF,ETF,ETF,46.49629974365234,-1.1831374057919055,0.0354709634785354,50.212467785243966,US
LH,Labcorp Holdings Inc.,Healthcare,Diagnostics & Research,311.5400085449219,-6.02111356110954,-0.2421458637703981,41.1093175771222,US
LHX,"L3Harris Technologies, Inc.",Industrials,Aerospace & Defense,245.5399932861328,-5.883713634264469,-0.1704809409864136,25.360741464246917,US
LIAE,LifeX 2050 Inflation-Protected Longevity Income ETF,ETF,ETF,199.19200134277344,-1.4315784323326697,-0.1216688619478362,32.938318212385184,US
LIAM,LifeX 2055 Inflation-Protected Longevity Income ETF,ETF,ETF,225.26600646972656,-1.6395831334548594,-0.1564332014558441,33.355324774639385,US
LIAU,LifeX 2060 Inflation-Protected Longevity Income ETF,ETF,ETF,248.73699951171875,-1.6313245991748275,-0.1765657208090523,34.52555689584021,US
LIBD,LifeX 2065 Inflation-Protected Longevity Income ETF,ETF,ETF,263.7799987792969,-1.5981245732970506,-0.1876030469740581,36.05720281077996,US
LIF,"Life360, Inc.",Technology,Software - Application,42.68000030517578,-2.734732756903728,0.0925041432310371,40.69616241619197,US
LIFE,Ethos Technologies Inc.,Financial Services,Insurance Brokers,40.25,6.735616486856946,-0.0003103653592164,65.1197974726903,US
LIFT,LifeX 2028 Income Bucket ETF,ETF,ETF,21.768999099731445,-0.1559436660723497,-0.0013343536955201,44.08870062277718,US
LILA,Liberty Latin America Ltd.,Communication Services,Telecom Services,8.8100004196167,0.4560998832972379,0.0083378029059541,60.47834299572431,US
LIMI,Themes Lithium & Battery Metal Miners ETF,ETF,ETF,41.24399948120117,-5.803358170757472,-0.0973170642421239,35.07828598343677,US
LIN,Linde plc,Basic Materials,Specialty Chemicals,466.2200012207031,-3.311972695378257,0.0193288327877061,35.11910291064429,US
LINC,Lincoln Educational Services Corporation,Consumer Defensive,Education & Training Services,25.020000457763672,-1.8053339589357116,0.0548124578069826,31.10575418964615,US
LIND,"Lindblad Expeditions Holdings, Inc.",Consumer Cyclical,Travel Services,25.670000076293945,-1.3451205815228793,0.1093946875376987,34.13216162207327,US
LINT,Direxion Daily INTC Bull 2X ETF,ETF,ETF,122.05500030517578,24.41896249098724,0.0043423663346287,55.17587013853783,US
LION,Lionsgate Studios Corp.,EQUITY,EQUITY,11.270000457763672,1.5315321662307546,0.0163821076883857,38.00904293350826,US
LITE,Lumentum Holdings Inc.,Technology,Communication Equipment,927.030029296875,9.400856135892663,-1.6427476400802803,53.86806616445951,US
LITL,Simplify Piper Sandler US Small-Cap PLUS Income ETF,ETF,ETF,33.604000091552734,-1.4053929788439483,-0.0006999147641918,42.846081389511525,US
LITU,T-Rex 2X Long Lite Daily Target ETF,ETF,ETF,20.0,17.647058823529413,-0.0691246484820445,51.722055904386416,US
LITZ,Tradr 2X Short LITE Daily ETF,ETF,ETF,7.139999866485596,-20.66666815016005,0.0231973575686235,40.87977463365694,US
LIVN,LivaNova PLC,Healthcare,Medical Devices,78.18000030517578,-3.719207828285248,-0.0904640262064873,43.70176233600893,US
LJAN,Innovator Premium Income 15 Buffer ETF - January,ETF,ETF,24.71999931335449,-0.0808425947805411,-0.0011268575789692,67.17539288837878,US
LJUL,LJUL,N/A,N/A,23.94499969482422,-0.2499457114768202,-0.0016617628926514,56.33502297447548,US
LKFN,Lakeland Financial Corporation,Financial Services,Banks - Regional,60.58000183105469,0.9162136647377334,0.0298536111551444,50.51792645490437,US
LKOR,Northern Trust Credit-Scored US Long Corporate Bond ETF,ETF,ETF,39.448001861572266,-0.9913828223054528,-0.014706084399274,37.7585895626281,US
LKQ,LKQ Corporation,Consumer Cyclical,Auto Parts,24.11000061035156,-4.514849067914604,-0.0045892735881567,43.06908032343243,US
LLY,Eli Lilly and Company,Healthcare,Drug Manufacturers - General,1115.699951171875,-3.785790387920639,0.4104639988711795,35.497360451628055,US
LLYX,Defiance Daily Target 2X Long LLY ETF,ETF,ETF,22.90999984741211,-8.028904103778144,0.0165612773668617,34.094023230492965,US
LMAT,"LeMaitre Vascular, Inc.",Healthcare,Medical Instruments & Supplies,80.58999633789062,0.1242371434651329,0.0793481143314145,41.87269593790539,US
LMB,"Limbach Holdings, Inc.",Industrials,Building Products & Equipment,50.5,1.917256866936352,0.0011242614938629,50.95661663609419,US
LMBS,First Trust Low Duration Opportunities ETF,ETF,ETF,49.15999984741211,-0.5864528029384508,-0.011222129356398,29.9620556243284,US
LMND,"Lemonade, Inc.",Financial Services,Insurance - Property & Casualty,49.400001525878906,-10.312273268613689,-0.0689160797078212,39.52463415902352,US
LMRI,"Lumexa Imaging Holdings, Inc.",Healthcare,Medical Devices,11.489999771118164,-3.4453769794552898,0.0094301952358446,48.57383312951864,US
LMT,Lockheed Martin Corporation,Industrials,Aerospace & Defense,524.1900024414062,-1.6436831907271,0.4423837421565615,37.51703399580959,US
LMTL,Direxion Daily LMT Bull 2X ETF,ETF,ETF,31.39299964904785,-3.548607210068419,0.058705263445596,36.42986330226346,US
LNC,Lincoln National Corporation,Financial Services,Insurance - Life,43.84000015258789,-3.9859827001891057,0.0047278651903114,51.7216783646962,US
LNG,"Cheniere Energy, Inc.",Energy,Oil & Gas Midstream,278.3399963378906,-4.301189445797225,-0.2151945369336116,51.37553176387936,US
LNN,Lindsay Corporation,Industrials,Farm & Heavy Construction Machinery,116.3499984741211,-5.2910053567231055,-0.3373357539788366,48.642231916120494,US
LNOK,Defiance Daily Target 2x Long NOK ETF,ETF,ETF,20.190000534057617,29.009591221662312,0.1095089620908769,58.12028253540238,US
LNT,LNT,N/A,N/A,67.26000213623047,-1.0882321526022518,-0.0184523271732417,35.5910493642217,US
LNTH,"Lantheus Holdings, Inc.",Healthcare,Drug Manufacturers - Specialty & Generic,100.25,-0.722918729120313,-0.0267750487954774,43.34816946041295,US
LOAR,Loar Holdings Inc.,Industrials,Aerospace & Defense,66.51000213623047,-4.631482401029826,0.1244126227534743,38.5890173768646,US
LOB,"Live Oak Bancshares, Inc.",Financial Services,Banks - Regional,39.25,-0.7836232622082603,0.0387534372350057,38.69257994512567,US
LOCO,"El Pollo Loco Holdings, Inc.",Consumer Cyclical,Restaurants,15.18000030517578,1.2000020345052085,0.0102791402487936,45.54636557514187,US
LOCT,Innovator Premium Income 15 Buffer ETF - October,ETF,ETF,23.8799991607666,0.0418865571079897,-0.000165551282905,92.75756067332686,US
LODI,AAM SLC Low Duration Income ETF,ETF,ETF,25.04800033569336,-0.2667705993844082,-0.0027065470297505,40.27824037322343,US
LOGC,ContextLogic Holdings Inc.,Consumer Cyclical,Internet Retail,14.449999809265137,12.451357045114806,0.023948258936999,90.31280596363185,US
LOGO,Alpha Brands Consumption Leaders ETF,ETF,ETF,20.55500030517578,-1.106565041735927,0.0183807812641884,43.93857096157631,US
LONZ,PIMCO Senior Loan Active Exchange-Traded Fund,ETF,ETF,49.11899948120117,0.0081396774870268,-0.0046272539610795,68.9252314750515,US
LOPP,Gabelli Love Our Planet & People ETF,ETF,ETF,36.70100021362305,-1.3546609128532685,-0.0019013539427072,40.138534750444,US
LOT,Lotus Technology Inc.,Consumer Cyclical,Auto Manufacturers,1.090000033378601,-6.034477177329475,0.0011792530585167,50.431596031635294,US
LOUP,Innovator Deepwater Frontier Tech ETF,ETF,ETF,85.9000015258789,-1.8902390195058227,0.0256353891125484,40.502149934503926,US
LOW,"Lowe's Companies, Inc.",Consumer Cyclical,Home Improvement Retail,196.82000732421875,-2.51609050313799,0.0998456704238157,33.99704961539801,US
LOWV,AB US Low Volatility Equity ETF,ETF,ETF,82.91819763183594,-1.0298285009401855,0.0230892207494532,46.398364791022736,US
LPG,Dorian LPG Ltd.,Energy,Oil & Gas Midstream,55.18000030517578,3.0054146341671832,0.0083439328066923,69.40015416332858,US
LPLA,LPL Financial Holdings Inc.,Financial Services,Capital Markets,353.7799987792969,-1.8504683595081493,0.4429624348718901,49.19598628124164,US
LPRE,Long Pond Real Estate Select ETF,ETF,ETF,28.280000686645508,-2.917948845209389,0.0062103559431111,31.53870575015054,US
LPTH,"LightPath Technologies, Inc.",Technology,Electronic Components,9.199999809265137,-4.564320730158356,0.0052769396935892,37.78883180450479,US
LPX,Louisiana-Pacific Corporation,Industrials,Building Products & Equipment,67.29000091552734,-0.6496418420171339,0.1131283014043846,39.61041161595501,US
LQ,Simplify Tax Aware Alternatives ETF,ETF,ETF,24.43000030517578,0.3697623337045114,-0.0087144919810182,56.85822021351107,US
LQAI,LG QRAFT AI-Powered U.S. Large Cap Core ETF,ETF,ETF,46.04899978637695,-0.3289981310865087,-0.0131537012597004,52.13273805000757,US
LQDA,Liquidia Corporation,Healthcare,Drug Manufacturers - Specialty & Generic,66.73999786376953,-2.75389693324563,0.0014329899383702,38.0152247665869,US
LQDB,iShares BBB Rated Corporate Bond ETF,ETF,ETF,83.59200286865234,-0.8280911606283059,-0.0223659531043675,33.372585521715905,US
LQDH,iShares Interest Rate Hedged Corporate Bond ETF,ETF,ETF,92.47000122070312,0.0270447573816218,-0.0027704435386256,62.1378375703533,US
LQDI,iShares Inflation Hedged Corporate Bond ETF,ETF,ETF,25.309999465942383,-1.267800897357859,-0.0112217036539618,32.34430040666682,US
LQDT,"Liquidity Services, Inc.",Consumer Cyclical,Internet Retail,42.4900016784668,4.913584391276041,0.0953076298860989,56.55520505075093,US
LQID,Kurv Enhanced Short Maturity ETF,ETF,ETF,24.90999984741211,-0.1202914434766728,-0.0010260309288816,45.57393991891219,US
LRCU,Tradr 2X Long LRCX Daily ETF,ETF,ETF,46.040000915527344,2.767860936571205,-0.1344517763570345,43.61104145829806,US
LRCX,Lam Research Corporation,Technology,Semiconductor Equipment & Materials,298.2200012207031,1.8998146275611496,-0.3937397694634166,45.16103646882216,US
LRGF,iShares U.S. Equity Factor ETF,ETF,ETF,78.12000274658203,-1.1639652812359464,0.0179517203783473,51.614971416786254,US
LRGG,Nomura Focused Large Growth ETF,ETF,ETF,29.51000022888184,-2.542934082902012,0.0018701837462425,49.06142114633523,US
LSAF,LeaderSharesTM AlphaFactor US Core Equity ETF,ETF,ETF,55.37480163574219,-1.2750909518632,0.0419672946525919,50.39276983607625,US
LSAK,"Lesaka Technologies, Inc.",Technology,Software - Infrastructure,4.269999980926514,-7.375274246005143,-0.0145853999628026,36.740850648246834,US
LSAT,LeaderShares AlphaFactor Tactical Focused ETF,ETF,ETF,46.46989822387695,-1.3315113416310578,0.0429488365558502,49.60045554985516,US
LSEQ,Harbor Long-Short Equity ETF,ETF,ETF,34.04119873046875,-1.5752033417040645,-0.0027018429757304,43.30142741660567,US
LSGR,Natixis Loomis Sayles Focused Growth ETF,ETF,ETF,44.720001220703125,-3.067079554156259,-0.0111800819707124,50.02649543116304,US
LST,Leuthold Select Industries ETF,ETF,ETF,47.58000183105469,-1.4498694406395796,-0.0060492797919694,48.73137742159969,US
LSTR,"Landstar System, Inc.",Industrials,Integrated Freight & Logistics,172.77999877929688,-0.8891200800077655,-0.0413221998037389,37.63606774430409,US
LSVD,LSV Disciplined Value ETF,ETF,ETF,36.48699951171875,-1.009255911026347,0.0139815254950432,56.46877981351736,US
LTAX,Nomura Tax-Free USA ETF,ETF,ETF,24.1200008392334,-0.8223637257420856,0.0060494554904363,32.38062389629226,US
LTC,"LTC Properties, Inc.",Real Estate,REIT - Healthcare Facilities,42.27000045776367,0.88305231124214,-0.0252772642361513,62.64486386295518,US
LTCC,Canary Litecoin ETF,ETF,ETF,13.024999618530272,3.4304708362571623,-0.0016844748817165,65.0978629784276,US
LTL,ProShares Ultra Communication Services,ETF,ETF,24.57999992370605,-1.601279527063048,0.0281772836180572,52.66692054486225,US
LTPZ,PIMCO 15+ Year U.S. TIPS Index Exchange-Traded Fund,ETF,ETF,47.18999862670898,-1.789803587943143,-0.0416561555693278,36.4912916015682,US
LTTI,FT Vest 20+ Year Treasury & Target Income ETF,ETF,ETF,17.189899444580078,-1.394488109460123,-0.0021246263013081,38.86035620210252,US
LUCK,Lucky Strike Entertainment Corporation,Consumer Cyclical,Leisure,5.639999866485596,-8.744904774554044,0.0062237822336831,32.62872715422604,US
LULG,Leverage Shares 2X Long LULU Daily ETF,ETF,ETF,4.090000152587891,-37.84194224907713,0.0065531270237498,32.368018789293544,US
LUNL,Defiance Daily Target 2X Long LUNR ETF,ETF,ETF,3.549999952316284,-6.578947450975964,-0.0039241952547671,37.52739974719312,US
LUNR,"Intuitive Machines, Inc.",Industrials,Aerospace & Defense,14.350000381469728,-2.3809485192973407,-0.0053168559774331,39.89438671179656,US
LUV,Southwest Airlines Co.,Industrials,Airlines,39.2400016784668,1.3168142067089228,0.0757900330913186,39.547830975140336,US
LUXE,LuxExperience B.V.,Consumer Cyclical,Luxury Goods,7.389999866485596,-2.763158431343762,0.0031316792718859,41.17126366769718,US
LVDS,JPMorgan Fundamental Data Science Large Value ETF,ETF,ETF,60.16899871826172,-0.9074481083072444,0.0326288046338698,50.34085971643765,US
LVHD,Franklin U.S. Low Volatility High Dividend Index ETF,ETF,ETF,43.45100021362305,-1.8411391317491643,-0.0001527530900507,37.35837896964512,US
LVHI,Franklin International Low Volatility High Dividend Index ETF,ETF,ETF,42.29999923706055,-1.2605063342762926,0.003562205509465,48.05251143751559,US
LVIG,Longview Advantage Fixed Income ETF,ETF,ETF,96.72760009765624,-1.1773571598884338,-0.0160403225008733,27.162721877828403,US
LVS,Las Vegas Sands Corp.,Consumer Cyclical,Resorts & Casinos,42.83000183105469,-3.774424969290015,0.0007393886448443,35.386481510072684,US
LW,"Lamb Weston Holdings, Inc.",Consumer Defensive,Packaged Foods,47.84999847412109,-5.134814082283567,0.0340824171798431,33.09744616536952,US
LWAY,"Lifeway Foods, Inc.",Consumer Defensive,Packaged Foods,24.61000061035156,-4.091968991833188,-0.0028945780925403,34.364262723114734,US
LWLG,"Lightwave Logic, Inc.",Basic Materials,Specialty Chemicals,5.230000019073486,2.1484401557245887,0.0144030730747607,38.7074616004295,US
LXFR,Luxfer Holdings PLC,Industrials,Specialty Industrial Machinery,17.299999237060547,0.6398993576817825,0.0007090283186951,60.36892434585267,US
LXRX,"Lexicon Pharmaceuticals, Inc.",Healthcare,Biotechnology,2.0,-11.504424405327622,-0.0057847609460402,32.19250208851156,US
LXU,"LSB Industries, Inc.",Basic Materials,Chemicals,11.579999923706056,3.116655349391296,-0.0151946767625631,60.752219861080974,US
LYFT,"Lyft, Inc.",Technology,Software - Application,15.31999969482422,-11.342597881584782,0.0053874918654934,38.60876138610455,US
LYLD,Cambria LargeCap Shareholder Yield ETF,ETF,ETF,33.36000061035156,-1.7667800067622137,-0.0004796644650648,55.0192323507994,US
LYTS,LSI Industries Inc.,Technology,Electronic Components,20.030000686645508,-0.3978116423570617,0.05745996211922,37.77397722363787,US
LYV,"Live Nation Entertainment, Inc.",Communication Services,Entertainment,170.14999389648438,-4.135450656100399,0.1012368334818281,35.489551383747,US
LZ,"LegalZoom.com, Inc.",Industrials,Specialty Business Services,6.050000190734863,-5.468748428393179,0.0015406241593568,46.89992227719737,US
LZB,La-Z-Boy Incorporated,Consumer Cyclical,"Furnishings, Fixtures & Appliances",30.63999938964844,-4.070135011497538,0.0191124197567207,29.588363007558826,US
M,"Macy's, Inc.",Consumer Cyclical,Department Stores,22.07999992370605,-1.735644866783111,0.0574666299481567,45.14608812853846,US
MA,Mastercard Incorporated,Financial Services,Credit Services,569.1900024414062,-2.8205116715624907,0.0940345822112727,47.03433634037585,US
MAAS,Maase Inc.,Financial Services,Asset Management,15.789999961853027,-5.1651632215061865,0.0234466831015496,46.96594379593173,US
MAAY,GraniteShares YieldBOOST MARA ETF,ETF,ETF,5.239999771118164,1.3561000058383808,0.0039970531258281,54.11684870354332,US
MAC,The Macerich Company,Real Estate,REIT - Retail,22.61000061035156,-1.951426131884476,-0.0045452690377064,30.730036199209948,US
MADE,iShares U.S. Manufacturing ETF,ETF,ETF,35.83100128173828,0.4682587764560111,0.0352511539577955,44.6086154157021,US
MAGA,Truth Social America First ETF,ETF,ETF,56.12099838256836,-2.2554722993290928,0.0049631340497478,38.01903188426837,US
MAGC,Roundhill ETF Trust - Roundhill China Magnificent Seven ETF,ETF,ETF,17.981000900268555,-4.33602174515504,0.0044321108645521,33.36880775934337,US
MAGG,Madison Aggregate Bond ETF,ETF,ETF,19.540000915527344,-1.033218046161625,-0.0068590747556417,23.700096169955145,US
MAGN,Magnera Corporation,Consumer Defensive,Household & Personal Products,11.699999809265137,-5.645159925804136,-0.0015352850482929,39.804505334391656,US
MAGS,Roundhill Magnificent Seven ETF,ETF,ETF,69.88999938964844,-0.7667200244036632,0.0171917323995063,59.799761076756965,US
MAGY,Roundhill Magnificent Seven Covered Call ETF,ETF,ETF,42.46699905395508,0.4163875310326513,0.0165916350216545,64.67710581981015,US
MAIN,Main Street Capital Corporation,Financial Services,Asset Management,56.220001220703125,-2.738959044039754,0.0135250874508636,44.45711320163931,US
MAKX,ProShares S&P Kensho Smart Factories ETF,ETF,ETF,65.6780014038086,1.5743855305343315,0.0991904391541211,46.78192037963752,US
MAMA,"Mama's Creations, Inc.",Consumer Defensive,Packaged Foods,14.720000267028809,-7.769422106230356,-0.0121531568427799,33.187974980899355,US
MAMB,Monarch Ambassador Income ETF,ETF,ETF,23.57999992370605,-1.2397366970498247,-0.0066749633874401,34.630675341495234,US
MAN,ManpowerGroup Inc.,Industrials,Staffing & Employment Services,56.459999084472656,-8.210046130488449,-0.051166154020231,45.46770828715459,US
MANE,"Veradermics, Incorporated",Healthcare,Biotechnology,98.97000122070312,1.248083090233376,0.0636104400706285,43.90111734508943,US
MANH,"Manhattan Associates, Inc.",Technology,Software - Application,201.82000732421875,-9.23319011277161,-0.3986337942586839,47.98768764704808,US
MANI,Man Active Income ETF,EQUITY,EQUITY,26.030000686645508,0.0768952617749811,-0.0044345619387527,56.99141410414875,US
MANU,MANU,N/A,N/A,20.049999237060547,-4.158703805260799,0.0181309083406544,27.28468845950465,US
MAPP,Harbor Multi-Asset Total Return ETF,ETF,ETF,28.06430053710937,-1.0077595785398723,-0.0267572102549667,50.36094395257075,US
MAR,"Marriott International, Inc.",Consumer Cyclical,Lodging,334.69000244140625,-0.4106301820266752,0.5758823344925856,38.20194194869615,US
MARA,"MARA Holdings, Inc.",Financial Services,Capital Markets,11.979999542236328,3.275854726467306,0.008498022908916,56.00379815591587,US
MARM,FT Vest U.S. Equity Max Buffer ETF - March,ETF,ETF,34.51499938964844,-0.0144874508948901,0.0014273744415304,62.572897017009495,US
MARO,YieldMax MARA Option Income Strategy ETF,ETF,ETF,4.320000171661377,2.073122628283786,0.0011973182307133,55.038285183505465,US
MARS,Roundhill Space & Technology ETF,ETF,ETF,25.25,0.4775202675722563,0.0209444436325851,45.57361838971815,US
MART,Allianzim U.S. Equity Buffer10 Mar ETF,ETF,ETF,42.88999938964844,-0.4086808496465829,0.0050200096946569,55.59209388642149,US
MARU,AllianzIM U.S. Equity Buffer15 Uncapped Mar ETF,ETF,ETF,30.02300071716309,-1.0480830897677826,0.0064804067476307,48.59367090926869,US
MARW,Allianzim U.S. Equity Buffer20 Mar ETF,ETF,ETF,36.68999862670898,-0.2446986285343513,-0.0023718194301045,53.726190703030106,US
MAT,"Mattel, Inc.",Consumer Cyclical,Leisure,14.010000228881836,-2.027971734160687,0.012680584617382,41.96143142973716,US
MATV,"Mativ Holdings, Inc.",Basic Materials,Specialty Chemicals,11.9399995803833,-4.632594697875684,-0.0332138121401004,54.59989750991842,US
MATW,Matthews International Corporation,Industrials,Conglomerates,20.0,-5.21327185584205,-0.0015546181405625,26.572641955091072,US
MATX,"Matson, Inc.",Industrials,Marine Shipping,230.17999267578125,3.558729586212705,0.188127713297928,65.95638215078836,US
MAVF,Matrix Advisors Value ETF,ETF,ETF,139.20700073242188,-0.5493778960560931,0.1034677448314034,50.51350581686057,US
MAXI,Simplify Bitcoin Strategy ETF,ETF,ETF,13.244999885559082,-12.672248661825208,-0.0598181979087215,57.430072635154986,US
MAXJ,iShares Large Cap Max Buffer Jun ETF,ETF,ETF,29.440000534057617,-0.1356818480319306,0.0023283093590589,54.18925818363157,US
MAYC,Corgi U.S. Equities 10% Structured Buffer ETF - May Series,ETF,ETF,26.190000534057617,-0.4560962916023664,0.0031070476425067,54.86862421076352,US
MAYP,PGIM S&P 500 Buffer 12 ETF - May,ETF,ETF,33.07569885253906,-0.5660807081868972,-0.0015119253912603,51.253289209763615,US
MAYT,AllianzIM U.S. Equity Buffer10 May ETF,ETF,ETF,39.74459838867188,-0.6012310066526564,-0.0015883373462081,50.6878397578533,US
MAZE,"Maze Therapeutics, Inc.",Healthcare,Biotechnology,24.600000381469727,-4.909162800789865,0.0038036602345358,34.00954506792375,US
MBBA,iShares Mortgage-Backed Securities Active ETF,ETF,ETF,48.016998291015625,-1.1995888917895938,-0.018625567883997,31.29315705788882,US
MBBB,VanEck Moody's Analytics BBB Corporate Bond ETF,ETF,ETF,20.61409950256348,-0.988953867813592,-0.0029982511209346,30.19836909001685,US
MBC,"MasterBrand, Inc.",Consumer Cyclical,"Furnishings, Fixtures & Appliances",7.429999828338623,-9.057530490146572,-0.0084689305642868,32.86221158061126,US
MBCE,Northern Lights Fund Trust IV - Monarch Blue Chips Elite Index ETF,ETF,ETF,37.27099990844727,-0.2916028800249169,0.006835490179758,44.87305442626181,US
MBLY,Mobileye Global Inc.,Consumer Cyclical,Auto Parts,8.25,-0.8413425167282735,0.0039704303209078,43.46251825658784,US
MBND,State Street Nuveen Municipal Bond ETF,ETF,ETF,26.38500022888184,-0.7299004503105155,-4.092628436390411e-05,21.33160536452664,US
MBOX,Freedom Day Dividend ETF,ETF,ETF,41.85300064086914,-2.4382798248043813,0.0111053688487823,43.67236427870077,US
MBS,Angel Oak Mortgage-Backed Securities ETF,ETF,ETF,8.395000457763672,-1.002347748361322,-0.0033791693126922,29.42381705132351,US
MBSD,Northern Trust Disciplined Duration MBS ETF,ETF,ETF,20.104999542236328,-1.2039353053599495,-0.0022542724342932,31.02755084244734,US
MBSF,Regan Floating Rate MBS ETF,ETF,ETF,25.61000061035156,-0.23373379728889,-0.0036859692597906,47.615034986550974,US
MBSX,Regan Fixed Rate MBS ETF,ETF,ETF,26.94499969482422,-2.2421363301374653,0.0037693200757345,49.34881794997635,US
MBUU,"Malibu Boats, Inc.",Consumer Cyclical,Recreational Vehicles,24.88999938964844,-6.709148782056397,-0.0265576818253694,35.70423817698136,US
MBVI,M3-Brigade Acquisition Vi Corp.,Financial Services,Shell Companies,10.239999771118164,0.1956898587750212,0.0005821548290595,74.7903945146609,US
MBWM,Mercantile Bank Corporation,Financial Services,Banks - Regional,61.33000183105469,-1.303504291196828,-0.0093952279678626,56.780377746448615,US
MC,Moelis & Company,Financial Services,Capital Markets,64.02999877929688,-7.390802220800461,-0.1262598380621796,40.08980517483243,US
MCB,Metropolitan Bank Holding Corp.,Financial Services,Banks - Regional,90.79000091552734,-1.3902452303025596,-0.0052495520403913,44.89699118120238,US
MCBS,"MetroCity Bankshares, Inc.",Financial Services,Banks - Regional,35.5,-0.1967941957401938,0.0155928245232254,51.30856533387348,US
MCCK,"Mestek, Inc.",Industrials,Building Products & Equipment,65.19999694824219,-1.2121258359966856,-0.0061734593440558,46.53553927946759,US
MCD,McDonald's Corporation,Consumer Cyclical,Restaurants,252.52999877929688,-2.734663162957728,0.0368144182158323,32.33698051038658,US
MCDIF,Mcdermott International Ltd.,Industrials,Engineering & Construction,4.300000190734863,-2.272725056025656,-0.0224539737469717,28.647302477976798,US
MCDS,JPMorgan Fundamental Data Science Mid Core ETF,ETF,ETF,66.49919891357422,-2.1566946270829432,0.0112083830238103,37.80633815378453,US
MCFT,"MasterCraft Boat Holdings, Inc.",Consumer Cyclical,Recreational Vehicles,19.63999938964844,-15.816547561614597,-0.1353446693004498,22.64119828827725,US
MCH,Matthews China Active ETF,ETF,ETF,27.64699935913086,-2.586241310209574,-0.020384227793781,40.92660897308073,US
MCHI,iShares MSCI China ETF,ETF,ETF,52.959999084472656,-2.5933416867978427,-0.0106554381087433,35.972556443338576,US
MCHP,Microchip Technology Incorporated,Technology,Semiconductors,74.19999694824219,1.4908990955969077,0.1390152563393816,47.05021623623632,US
MCHS,Matthews China Innovators Active ETF,ETF,ETF,39.92900085449219,-2.0435703888460583,0.0042584057830382,34.48737992946727,US
MCK,McKesson Corporation,Healthcare,Medical Distribution,881.510009765625,-4.327204292029155,-0.954032380421852,50.776562081129086,US
MCO,Moody's Corporation,Financial Services,Financial Data & Stock Exchanges,474.9500122070313,-5.819943743085436,0.0696471901510644,42.3577982365685,US
MCVT,Miller Convertible Total Return ETF,EQUITY,EQUITY,27.55179977416992,-1.459940356469555,0.0009411500611599,32.57951705600283,US
MCY,Mercury General Corporation,Financial Services,Insurance - Property & Casualty,102.33999633789062,-3.1937407908390947,0.0312755889296878,45.550663275760456,US
MD,"Pediatrix Medical Group, Inc.",Healthcare,Medical Care Facilities,26.770000457763672,-0.4092213781147774,-0.0115353596348416,53.037332989574,US
MDB,"MongoDB, Inc.",Technology,Software - Infrastructure,362.2099914550781,-5.784892715773043,0.5410624339792705,42.356157563572175,US
MDLN,Medline Inc.,Healthcare,Medical Instruments & Supplies,32.529998779296875,-11.09593155605348,-0.0986122315575818,36.959682627368885,US
MDLZ,"Mondelez International, Inc.",Consumer Defensive,Confectioners,62.43999862670898,1.611062410867535,0.0434957284752265,51.04748302175627,US
MDPL,Monarch Dividend Plus ETF,ETF,ETF,29.850000381469727,-1.6150289012980408,0.0425596990586475,52.00364132489457,US
MDRX,Veradigm Inc.,Healthcare,Health Information Services,4.599999904632568,-4.166672461562456,-0.0017220621900722,39.233270729535874,US
MDST,Westwood Salient Enhanced Midstream Income ETF,ETF,ETF,29.5,-0.4723326333715489,-0.016815236240192,51.45555237009781,US
MDT,Medtronic plc,Healthcare,Medical Devices,90.95999908447266,-2.298603034073401,-0.0813035596984457,51.62243168929368,US
MDU,"MDU Resources Group, Inc.",Utilities,Utilities - Regulated Gas,19.200000762939453,-1.9605971656380137,-0.0060772109693247,34.512708200712936,US
MDXG,"MiMedx Group, Inc.",Healthcare,Biotechnology,4.570000171661377,3.1602787527704725,-0.0066038171633338,57.62867338127423,US
MDY,State Street SPDR S&P MIDCAP 400 ETF Trust,ETF,ETF,678.6799926757812,-1.7317302384722617,0.1970801030233233,39.923349601283256,US
MDYG,State Street SPDR S&P 400 Mid Cap Growth ETF,ETF,ETF,106.41999816894533,-1.617823823262678,0.0404366516387182,40.0825698921603,US
MDYV,State Street SPDR S&P 400 Mid Cap Value ETF,ETF,ETF,93.25,-1.8007572672273393,0.0152459314279566,40.64802354122846,US
MEC,"Mayville Engineering Company, Inc.",Industrials,Metal Fabrication,19.100000381469727,-1.69840410974234,0.0144951956931218,28.948415644666294,US
MEDX,Horizon Kinetics Medical ETF,ETF,ETF,34.957000732421875,-5.7330837315913055,-0.022809185828851,37.829143001554826,US
MEGI,NYLI CBRE Global Infrastructure Megatrends Term Fund,Financial Services,Asset Management,14.229999542236328,-3.0654002287778885,-0.0193272456123411,30.53899972551549,US
MEI,"Methode Electronics, Inc.",Technology,Electronic Components,14.649999618530272,-4.373368731334253,0.0406289126486446,44.67465992679346,US
MELI,"MercadoLibre, Inc.",Consumer Cyclical,Internet Retail,1897.3699951171875,-4.705536785401346,-1.72407002581145,48.84470437706933,US
MEM,Matthews Emerging Markets Equity Active ETF,ETF,ETF,44.45000076293945,-0.0562062103187843,-0.0119839437949042,52.45593422448908,US
MEMA,Man Active Emerging Markets Alternative ETF,ETF,ETF,31.493099212646484,-0.6244699510587015,-0.0277813339617603,55.21524511496486,US
MEME,Roundhill ETF Trust - Roundhill Meme Stock ETF,EQUITY,EQUITY,8.067999839782715,3.728464469071427,0.0011288482628905,51.578006729336224,US
MEMS,Matthews Emerging Markets Discovery Active ETF,ETF,ETF,30.702999114990234,-1.0219256547241558,-0.0146213482118039,49.05855267625552,US
MESH,Meshflow Acquisition Corp.,Financial Services,Shell Companies,10.079999923706056,0.0,-0.0011486614867997,58.355095436368856,US
MET,"MetLife, Inc.",Financial Services,Insurance - Life,97.13999938964844,-2.106221804475148,0.0464893169812068,54.66063825692808,US
META,"Meta Platforms, Inc.",Communication Services,Internet Content & Information,648.030029296875,6.116138905654867,-0.0459815934212848,67.17924246270724,US
METC,"Ramaco Resources, Inc.",Basic Materials,Coking Coal,11.1899995803833,-9.392718747012529,-0.0782598374687955,43.68163010928995,US
METD,Direxion Daily META Bear 1X ETF,ETF,ETF,14.710000038146973,-6.012395267810893,0.0027711311574696,32.62038470090485,US
METL,Sprott Active Metals & Miners ETF,ETF,ETF,27.38999938964844,-4.9057394421202165,-0.0789617405984735,45.209125262370286,US
METV,Roundhill Ball Metaverse ETF,ETF,ETF,20.520000457763672,0.3422967834361933,0.0073594426658755,64.41538494599703,US
METW,Roundhill META WeeklyPay ETF,ETF,ETF,26.29700088500977,7.234626188930067,-0.0025035755232454,67.0699366631178,US
MEVO,M Evo Global Acquisition Corp II,Financial Services,Shell Companies,10.050000190734863,0.2993985189686003,0.0011016993497623,67.89079924294863,US
MEXX,Direxion Daily MSCI Mexico Bull 3X Shares,ETF,ETF,27.584999084472656,-6.652910124967446,-0.0551624171504476,41.33144013901496,US
MFA,"MFA Financial, Inc.",Real Estate,REIT - Mortgage,8.5600004196167,-3.494920743427308,-0.00753933074318,33.74257089216542,US
MFEM,PIMCO RAFI Dynamic Multi-Factor Emerging Markets Equity ETF,ETF,ETF,29.049999237060547,0.2380812761761889,-0.0158076136546926,58.64826785020131,US
MFI,mF International Limited,Technology,Software - Application,9.350000381469728,2.521935293824237,-0.014752062766297,56.41666614219945,US
MFIC,MidCap Financial Investment Corporation,Financial Services,Asset Management,9.039999961853027,-2.6978180029105068,-0.0043498412911433,36.0043995362042,US
MFIG,Motley Fool Innovative Growth Factor ETF,ETF,ETF,21.50169944763184,-0.2472783891872491,0.0297662343253035,53.66028980687219,US
MFLX,First Trust Flexible Municipal High Income ETF,ETF,ETF,16.405000686645508,-1.4122518727321578,0.0010986860554284,20.05303791292056,US
MFM,Aberdeen Municipal Income Fund,Financial Services,Asset Management,5.130000114440918,-2.840910784222796,-0.0013963211079343,31.631503651598308,US
MFMO,Motley Fool Momentum Factor ETF,ETF,ETF,21.81279945373535,-1.699869631563688,-0.0214998012184698,41.761273459043785,US
MFSB,MFS Active Core Plus Bond ETF,ETF,ETF,24.270000457763672,-1.0397519459039366,-0.0036575178774212,31.242830793149334,US
MFSM,MFS Active Intermediate Muni Bond ETF,ETF,ETF,24.170000076293945,-1.1047481663816698,0.0019782243951761,22.63236247762606,US
MFSV,MFS Active Value ETF,ETF,ETF,29.190000534057617,-1.55143032172308,0.0079267080568484,41.520185322740566,US
MFUL,Mindful Conservative ETF,ETF,ETF,22.3799991607666,-0.934002240761082,-0.0011721532141185,40.59254050122534,US
MFVL,Motley Fool Value Factor ETF,ETF,ETF,22.555599212646484,-0.8065486837751226,0.0300192723810429,53.65937448797988,US
MG,"Mistras Group, Inc.",Industrials,Security & Protection Services,19.809999465942383,3.934942397769463,0.0081836469644708,61.45366883056134,US
MGC,Vanguard Morningstar Mega Cap ETF,ETF,ETF,281.25,-0.9578480857170276,0.0666500971166825,52.67328891310809,US
MGMT,Ballast Small/Mid Cap ETF,ETF,ETF,49.84230041503906,-2.765700259296725,-0.0184226875016773,38.61973257131874,US
MGNR,American Beacon GLG Natural Resources ETF,ETF,ETF,54.27000045776367,-1.8803125830865663,-0.0653779308826709,53.06638215694416,US
MGOV,First Trust Intermediate Government Opportunities ETF,ETF,ETF,19.61400032043457,-1.1889171612080462,-0.0072381615755032,31.49801056926533,US
MGRT,Mega Fortune Company Limited,Technology,Information Technology Services,120.4250030517578,11.51496012035778,0.0178775598655294,72.2047920489909,US
MGTX,MeiraGTx Holdings plc,Healthcare,Biotechnology,12.789999961853027,-8.446673461852038,-0.0220802123744492,40.25205135352476,US
MGV,Vanguard Morningstar Mega Cap Value ETF,ETF,ETF,166.3000030517578,-1.2059637362413234,0.0335319721410951,48.05275930848117,US
MGY,Magnolia Oil & Gas Corporation,Energy,Oil & Gas E&P,27.75,1.9845679297927443,0.0018205968949884,58.26957483233981,US
MH,"McGraw Hill, Inc.",Consumer Defensive,Education & Training Services,12.31999969482422,-6.878305962951589,-0.0042343486835069,48.067703746791935,US
MHD,"BlackRock MuniHoldings Fund, Inc.",Financial Services,Asset Management,11.010000228881836,-1.8716580494572768,-0.000324174058849,26.649043891841444,US
MHK,"Mohawk Industries, Inc.",Consumer Cyclical,"Furnishings, Fixtures & Appliances",126.79000091552734,-3.7281671575470585,0.0637775051061495,46.76560359538532,US
MHO,"M/I Homes, Inc.",Consumer Cyclical,Residential Construction,139.88999938964844,-5.146458202990942,-0.0307461560529205,36.39904845261508,US
MHY,Man Active High Yield ETF,EQUITY,EQUITY,26.040000915527344,-0.1725059249555354,-0.0017189759824861,62.93751123842566,US
MID,American Century Mid Cap Growth Impact ETF,ETF,ETF,68.85099792480469,-0.6679820035497586,0.0078988537887246,48.90370592062746,US
MIDD,The Middleby Corporation,Industrials,Specialty Industrial Machinery,108.30999755859376,-3.638793515802112,0.1579526469859091,33.481186987237095,US
MIDE,Xtrackers S&P MidCap 400 Scored & Screened ETF,ETF,ETF,37.35200119018555,-1.9838366875600115,0.0084600654604242,40.23704235827882,US
MIDU,Direxion Daily Mid Cap Bull 3X Shares,ETF,ETF,65.33000183105469,-5.483218699256719,0.0544085632277825,38.39408749338106,US
MIG,VanEck Moody's Analytics IG Corporate Bond ETF,ETF,ETF,20.57999992370605,-0.8288400072610127,-0.0052978139964276,32.1347638356621,US
MIGO,Mig Core ETF,ETF,ETF,29.25,-0.746519574076808,0.0067766078702251,45.2805770859162,US
MILK,Pacer US Cash Cows Bond ETF,ETF,ETF,23.854999542236328,-1.016600976578313,-0.0077486825399451,35.208248908804606,US
MILN,Global X Millennials Consumer ETF,ETF,ETF,44.1349983215332,-3.876734310141736,0.0215754260907987,38.522304271054665,US
MINO,PIMCO Municipal Income Opportunities Active Exchange-Traded Fund,ETF,ETF,43.709999084472656,-0.9292834481820658,0.0011030195987223,24.05951993763705,US
MINT,PIMCO Enhanced Short Maturity Active Exchange-Traded Fund,ETF,ETF,100.58000183105467,0.0796038119947139,0.0013030485104716,87.84825164461537,US
MINV,Matthews Asia Innovators Active ETF,ETF,ETF,48.66400146484375,-0.1190399759477238,0.0060647135948627,44.38513914992249,US
MINY,YieldMax Strategic Metals & Mining Portfolio Option Income ETF,EQUITY,EQUITY,38.150001525878906,-2.9267493904526525,-0.0559335361528084,48.54498595751726,US
MIR,"Mirion Technologies, Inc.",Industrials,Specialty Industrial Machinery,15.979999542236328,-4.653941980868019,-0.0464262976623472,51.9188768219747,US
MIRM,"Mirum Pharmaceuticals, Inc.",Healthcare,Biotechnology,98.22000122070312,-2.3949081769780003,-0.1328994734337256,43.78955800158136,US
MISL,First Trust Indxx Aerospace & Defense ETF,ETF,ETF,42.58000183105469,-3.0289182896360383,0.0347787549398131,36.62461558562746,US
MITK,"Mitek Systems, Inc.",Technology,Software - Application,17.219999313354492,-8.64722034551038,-0.011971886291104,43.136535822859486,US
MIVL,MFS Active International Value ETF,EQUITY,EQUITY,26.299999237060547,-1.608680555704214,0.0077670187087173,47.60114234715409,US
MJ,Amplify Alternative Harvest ETF,ETF,ETF,25.375,-1.6091543264641173,-0.0493980567756628,48.80674975463285,US
MJSC,MUFG Japan Small Cap Active ETF,EQUITY,EQUITY,61.6161003112793,-0.6560445420945513,0.0198503765713931,50.8984599375709,US
MKAM,MKAM ETF,ETF,ETF,32.29999923706055,-0.5541881395094003,0.0044558363838526,51.341963256474365,US
MKL,Markel Group Inc.,Financial Services,Insurance - Property & Casualty,1784.1800537109375,-3.190481035114506,-0.3800168217421849,38.98204971547767,US
MKOR,Matthews Korea Active ETF,ETF,ETF,63.70899963378906,3.870547949380176,0.0101220243374109,58.32309186227808,US
MKSI,MKS Inc.,Technology,Scientific & Technical Instruments,267.3099975585937,7.073905104693082,0.6139157675834053,44.326139830408856,US
MKTN,Federated Hermes MDT Market Neutral ETF,EQUITY,EQUITY,27.90999984741211,0.5765760267103041,0.004249659467708,66.65187022915435,US
MKTX,MKTX,N/A,N/A,163.0,-0.208152531843638,0.0260394993098627,81.82166680454158,US
MLAA,Mountain Lake Acquisition Corp. II,Financial Services,Shell Companies,10.010000228881836,-0.0998026788919713,-0.0005931650872084,62.1566593563966,US
MLAB,"Mesa Laboratories, Inc.",Technology,Scientific & Technical Instruments,120.87000274658205,-5.959695094892266,-0.2765994587891587,53.24067037986116,US
MLCO,Melco Resorts & Entertainment Limited,Consumer Cyclical,Resorts & Casinos,5.050000190734863,-2.509645596753898,0.0037199234863883,38.45403201523822,US
MLKN,"MillerKnoll, Inc.",Consumer Cyclical,"Furnishings, Fixtures & Appliances",21.190000534057617,-5.359530541772214,-0.0019853402729241,39.52555743822571,US
MLM,"Martin Marietta Materials, Inc.",Basic Materials,Building Materials,509.9599914550781,0.2004143924193314,0.585248074030746,41.34548033544453,US
MLN,VanEck Long Muni ETF,ETF,ETF,16.729999542236328,-1.5882379868451286,-0.0007090405123416,21.20106911967713,US
MLP,"Maui Land & Pineapple Company, Inc.",Real Estate,Real Estate Services,16.290000915527344,-0.9124064091088656,0.0058889934771766,50.7786847226479,US
MLPB,UBS ETRACS Alerian MLP Infrastructure Index ETN Series B,ETF,ETF,31.37569999694824,-0.7160916746541897,-0.0281156789261389,54.578343511487816,US
MLPD,Global X MLP & Energy Infrastructure Covered Call ETF,ETF,ETF,25.211000442504883,0.0039720669123043,-0.0102555974086309,58.3163128370752,US
MLPI,Neos Mlp & Energy Infrastructure High Income ETF,ETF,ETF,53.9900016784668,-1.1715163410860203,-0.0441609077337437,46.09308842190605,US
MLPR,ETRACS Quarterly Pay 1.5X Leveraged Alerian MLP Index ETN,ETF,ETF,79.28199768066406,0.6768303440421035,-0.0337887914781478,61.40978524233974,US
MLPX,Global X MLP & Energy Infrastructure ETF,ETF,ETF,75.13999938964844,-0.8707171972786212,-0.059877852136593,49.71483396871839,US
MLR,"Miller Industries, Inc.",Consumer Cyclical,Auto Parts,54.720001220703125,-0.4787931562363171,0.0105262354586259,49.76155309755328,US
MLTX,MoonLake Immunotherapeutics,Healthcare,Biotechnology,12.510000228881836,-17.64318252491906,-0.070291878798437,20.52947898557923,US
MMAX,iShares Large Cap Max Buffer Mar ETF,ETF,ETF,27.390100479125977,-0.0908277788430203,-0.0008601532981516,63.956047962757694,US
MMAY,Pacer Swan SOS Moderate (May) ETF,ETF,ETF,33.31999969482422,-0.3886429451423737,0.0034166212218685,55.3551203949353,US
MMCA,NYLI MacKay California Muni Intermediate ETF,ETF,ETF,21.03499984741211,-0.8718165500879924,-0.001270175778709,27.842347887449108,US
MMED,"MiniMed Group, Inc.",Healthcare,Medical Instruments & Supplies,22.5,-5.620805973201432,-0.0672647038532414,63.43768609058978,US
MMI,"Marcus & Millichap, Inc.",Real Estate,Real Estate Services,31.270000457763672,-2.6160078997852554,0.0114587660630942,47.57112891359637,US
MMK,State Street Prime Money Market ETF,ETF,ETF,100.12999725341795,0.089960352925843,-8.480632022764278e-05,96.94116570308957,US
MMKT,Texas Capital Government Money Market ETF,ETF,ETF,100.1750030517578,0.0579003759942815,4.446719511635999e-07,98.35321038024038,US
MMM,3M Company,Industrials,Conglomerates,164.97000122070312,-1.9844313388026,0.2164015628659099,33.77831770135374,US
MMMA,NYLI MacKay Muni Allocation ETF,EQUITY,EQUITY,24.51370048522949,-0.9147101373576282,0.0035073903686143,30.94745191407206,US
MMSC,MMSC,N/A,N/A,27.05900001525879,-2.197563182345757,0.0075861728229461,37.45967224764796,US
MMSD,NYLI MacKay Muni Short Duration ETF,ETF,ETF,25.02720069885254,-0.7251027063015896,7.175258758915226e-06,36.2953964872217,US
MMSI,"Merit Medical Systems, Inc.",Healthcare,Medical Instruments & Supplies,86.36000061035156,-2.495200510429495,-0.0076067268212662,45.725674961195445,US
MMT,Aberdeen Multi-Market Income Fund,Financial Services,Asset Management,4.349999904632568,-2.2471889644660936,-0.0020532674167533,40.56358030635235,US
MMTM,State Street SPDR S&P 1500 Momentum Tilt ETF,ETF,ETF,301.4580078125,-1.361817738100421,-0.1514872973637268,43.900967556089576,US
MMU,Western Asset Managed Municipals Fund Inc.,Financial Services,Asset Management,9.529999732971191,-3.542513941453857,-0.0046591056946568,17.129757965220662,US
MMYT,MakeMyTrip Limited,Consumer Cyclical,Travel Services,50.09000015258789,-12.322773995984452,0.0392716041493539,31.806563406785173,US
MNA,NYLI Merger Arbitrage ETF,ETF,ETF,36.72999954223633,0.1363119864900646,0.0029022840981169,51.99625389842546,US
MNBD,ALPS Intermediate Municipal Bond ETF,ETF,ETF,25.233400344848636,-0.6559026621405933,0.0020622052087983,25.40269875964113,US
MNKD,MannKind Corporation,Healthcare,Biotechnology,3.75,-5.303031215253202,-0.0105597992196024,41.691517694183055,US
MNPR,Monopar Therapeutics Inc.,Healthcare,Biotechnology,110.26000213623048,-6.992830621782445,-0.1339395642439362,46.71235083136278,US
MNR,Mach Natural Resources LP,Energy,Oil & Gas E&P,12.56999969482422,-0.0794930758544065,-0.0030338770906118,46.38024083918298,US
MNRO,"Monro, Inc.",Consumer Cyclical,Auto Parts,12.789999961853027,1.507933131992003,-0.0020324074464012,49.65594607801713,US
MNRS,Grayscale Bitcoin Miners ETF,ETF,ETF,35.71500015258789,1.607392893832476,-0.0110885000324353,52.63907674776929,US
MNST,Monster Beverage Corporation,Consumer Defensive,Beverages - Non-Alcoholic,43.400001525878906,-1.54265035600955,0.0679742954575809,34.74859877471657,US
MNVT,Moonvest ETF,ETF,ETF,29.190000534057617,-1.9811958998794423,-0.0108700390498542,48.65757158890319,US
MNZL,Manzil Russell Halal USA Broad Market ETF,ETF,ETF,60.08700180053711,-0.4060845470239899,0.0209306327143228,49.26305440544144,US
MO,"Altria Group, Inc.",Consumer Defensive,Tobacco,68.9800033569336,-0.7339106670225367,-0.0078673995801998,52.57349378320412,US
MOAT,VanEck Morningstar Wide Moat ETF,ETF,ETF,108.54000091552734,-4.201237429848965,-0.0052557721005235,37.68067305492888,US
MOBI,"Mobia Medical, Inc.",Healthcare,Medical Devices,10.010000228881836,-13.929491570232535,-0.0497361489151349,37.90609410808637,US
MODL,Victoryshares Westend U.S. Sector ETF,ETF,ETF,52.26950073242188,-1.4052739092176232,0.005467057211735,47.81282526642062,US
MOMO,Hello Group Inc.,Communication Services,Internet Content & Information,4.949999809265137,-2.94117839553643,-0.0058704731547409,27.73990246566754,US
MOO,VanEck Agribusiness ETF,ETF,ETF,86.4800033569336,-1.92787133404263,-0.1245657838758185,59.220603226479554,US
MOOD,Relative Sentiment Tactical Allocation ETF,ETF,ETF,44.42300033569336,-0.3745230238238494,0.0038297174766255,53.72766704219815,US
MORN,"Morningstar, Inc.",Financial Services,Financial Data & Stock Exchanges,191.0200042724609,-11.466439963035484,-0.3607036226835189,38.15469281861327,US
MOS,The Mosaic Company,Basic Materials,Agricultural Inputs,25.190000534057617,-0.3404108957445129,-0.0742519541244263,59.35221063046323,US
MOTG,VanEck Morningstar Global Wide Moat ETF,ETF,ETF,39.09000015258789,-2.7611954957346088,0.0054176651419683,33.4376670835027,US
MOTI,VanEck Morningstar International Moat ETF,ETF,ETF,35.04600143432617,-3.7990635719346346,-0.0129210146557771,32.54006790131278,US
MOTO,Guinness Atkinson Smart Transportation & Technology ETF,ETF,ETF,62.37099838256836,0.6535822578346548,0.0629723378631806,51.403456770246926,US
MOV,"Movado Group, Inc.",Consumer Cyclical,Luxury Goods,32.75,-1.4563546425974463,0.0266363869079333,32.487336778113104,US
MPB,"Mid Penn Bancorp, Inc.",Financial Services,Banks - Regional,37.06999969482422,-0.134696224405328,0.021011254171816,51.48176828450619,US
MPC,Marathon Petroleum Corporation,Energy,Oil & Gas Refining & Marketing,395.9299926757813,2.120141704332511,-0.3977411371364177,74.73609888441015,US
MPG,Leverage Shares 2X Long MP Daily ETF,ETF,ETF,4.2829999923706055,-11.99918015753947,-0.0233240989804973,40.33990228160026,US
MPLT,"MapLight Therapeutics, Inc.",Healthcare,Biotechnology,13.0,-1.0654515956226496,-0.1018076724840686,40.18911287968973,US
MPLX,MPLX LP,Energy,Oil & Gas Midstream,59.84000015258789,0.8426019526698543,-0.0032672560645735,58.87295225619433,US
MPLY,Monopoly ETF,ETF,ETF,32.415000915527344,-0.9079263532104876,0.0087197537937354,53.02974149288724,US
MPRO,Monarch ProCap ETF,ETF,ETF,32.099998474121094,-0.8647392982017557,0.0065563961278937,38.95367982337552,US
MPTI,"M-tron Industries, Inc.",Technology,Electronic Components,79.48999786376953,9.626252271273104,0.2733904825221689,49.67352666307641,US
MPWR,"Monolithic Power Systems, Inc.",Technology,Semiconductors,1234.4599609375,1.714657117358385,3.823257903788552,43.08306314761638,US
MQ,"Marqeta, Inc.",Technology,Software - Infrastructure,16.329999923706055,-3.8280308365936864,0.0028986979087498,49.54629565294323,US
MQQQ,Tradr 2X Long Innovation 100 Monthly ETF,ETF,ETF,226.1009979248047,-0.8211539165616217,0.072543937639309,49.6767965209496,US
MQY,"BlackRock MuniYield Quality Fund, Inc.",Financial Services,Asset Management,10.5600004196167,-2.8518810414544773,0.0008102933905427,22.69748759309104,US
MRAL,GraniteShares 2x Long MARA Daily ETF,ETF,ETF,42.209999084472656,6.376004939110011,0.070423911612623,53.37878425122307,US
MRAM,"Everspin Technologies, Inc.",Technology,Semiconductors,16.219999313354492,2.334378062964164,0.006091522609626,46.51991459764336,US
MRCP,PGIM S&P 500 Buffer 12 ETF - Mar,ETF,ETF,35.095401763916016,-0.396193682467355,-0.0013292750765234,53.62088035236784,US
MRCY,"Mercury Systems, Inc.",Industrials,Aerospace & Defense,80.61000061035156,-4.840040748946984,0.186618932639762,31.998810631558072,US
MRGR,ProShares Merger ETF,ETF,ETF,45.56999969482422,0.241972310969831,0.005244103991126,55.83885279615636,US
MRK,"Merck & Co., Inc.",Healthcare,Drug Manufacturers - General,143.92999267578125,-5.520548683391037,-0.2613806083310992,50.41067543698762,US
MRLN,"Merlin, Inc.",Industrials,Aerospace & Defense,2.9800000190734863,-11.30952047281244,-0.0071458883394633,38.83932613309904,US
MRNA,"Moderna, Inc.",Healthcare,Biotechnology,143.97000122070312,-3.2914583577618832,-0.1050528739298357,61.24754034459435,US
MRNX,Defiance Daily Target 2X Long MRNA ETF,EQUITY,EQUITY,81.41000366210938,-7.792498790435509,0.1157195615816597,55.13795454998797,US
MRNY,YieldMax MRNA Option Income Strategy ETF,ETF,ETF,32.650001525878906,-1.6887161553232923,-0.0285401424344984,62.89724848206184,US
MRP,"Millrose Properties, Inc.",Real Estate,REIT - Residential,29.690000534057617,-6.399744083355707,-0.053707057195877,45.02673434800392,US
MRSH,"Marsh & McLennan Companies, Inc.",Financial Services,Insurance Brokers,176.91000366210938,-6.128622859116106,-0.0173746536764751,34.15644068301853,US
MRTN,"Marten Transport, Ltd.",Industrials,Trucking,13.800000190734863,-2.5423704841567485,-0.0100499115518356,32.28306595275858,US
MRVI,"Maravai LifeSciences Holdings, Inc.",Healthcare,Biotechnology,6.53000020980835,-11.3975534436119,-0.0239750701352984,40.75743818653942,US
MRVL,"Marvell Technology, Inc.",Technology,Semiconductors,236.1000061035156,13.058470542236844,0.697871403507941,55.47205809269232,US
MRVU,Direxion Daily MRVL Bull 2X ETF,ETF,ETF,119.9000015258789,26.077816456018628,0.6750724515511228,53.0918266289005,US
MRX,Marex Group Limited,Financial Services,Capital Markets,73.0,-3.502976169765673,-0.2277268011323054,54.272795650423966,US
MS,Morgan Stanley,Financial Services,Capital Markets,214.3800048828125,-1.2756109102136708,-0.0182663506492233,49.59978529959858,US
MSA,MSA Safety Incorporated,Industrials,Security & Protection Services,182.17999267578125,-2.946041148736161,-0.0832669787260977,40.80315659590119,US
MSBI,"Midland States Bancorp, Inc.",Financial Services,Banks - Regional,33.45000076293945,-0.2385863980610005,0.013663002249365,57.24927671372246,US
MSCI,MSCI Inc.,Financial Services,Financial Data & Stock Exchanges,554.6099853515625,-3.487346769528753,0.0508380443621452,44.04935388361804,US
MSDL,Morgan Stanley Direct Lending Fund,Financial Services,Asset Management,14.710000038146973,-3.540983356413294,0.0019351709029405,35.83149125566955,US
MSEX,Middlesex Water Company,Utilities,Utilities - Regulated Water,56.68999862670898,-3.060877102494745,-0.0549600437850102,41.695335422817664,US
MSFD,Direxion Daily MSFT Bear 1X Shares,ETF,ETF,10.385000228881836,2.8727088081433108,-0.0038047689004035,40.92308793122067,US
MSFL,GraniteShares 2x Long MSFT Daily ETF,ETF,ETF,24.8129997253418,-5.632466969769751,0.0107622919918544,55.27940748862164,US
MSFO,YieldMax MSFT Option Income Strategy ETF,ETF,ETF,12.130000114440918,-1.995008222286364,0.0058557411158633,58.37684005743479,US
MSFT,Microsoft Corporation,Technology,Software - Infrastructure,495.6300048828125,-2.840506228548497,0.0991097966833827,56.87766302645722,US
MSFU,Direxion Daily MSFT Bull 2X Shares,ETF,ETF,37.2599983215332,-5.885329179273524,0.0108815410885301,55.039837540824735,US
MSFW,Roundhill MSFT WeeklyPay ETF,ETF,ETF,32.01100158691406,-3.370403022321959,0.0111945198099854,56.41290674077108,US
MSFX,T-Rex 2X Long Microsoft Daily Target ETF,ETF,ETF,24.674999237060547,-5.604438358051522,0.0108708140701059,55.49648408851568,US
MSFY,Kurv Yield Premium Strategy Microsoft ETF,ETF,ETF,20.099000930786133,-3.1010400095633064,0.0038074743471357,55.27029727892455,US
MSI,"Motorola Solutions, Inc.",Technology,Communication Equipment,466.1600036621094,-1.2853921146478102,0.2899799555747098,50.25439873756768,US
MSIF,"MSC Income Fund, Inc.",Financial Services,Asset Management,12.489999771118164,-0.7942841958518274,-0.0012888266921526,55.89101190773191,US
MSLC,Morgan Stanley Pathway Large Cap Equity ETF,ETF,ETF,60.26499938964844,-1.3423912697293574,0.0150833933061813,48.83587140056687,US
MSM,"MSC Industrial Direct Co., Inc.",Industrials,Industrial Distribution,120.51000213623048,2.2224130631491765,0.0818703134461511,50.35148956054298,US
MSMR,McElhenny Sheffield Managed Risk ETF,ETF,ETF,34.09000015258789,-1.3314011422009866,0.0010419759843965,38.5060189217684,US
MSOS,AdvisorShares Pure US Cannabis ETF,ETF,ETF,4.75,-4.04040034286038,-0.0187374937697148,48.01876430352244,US
MSOX,AdvisorShares MSOS Daily Leveraged ETF,ETF,ETF,2.799999952316284,-6.354516943626924,-0.0216262164917039,48.04464639248711,US
MSSM,Morgan Stanley Pathway Small-Mid Cap Equity ETF,ETF,ETF,58.35449981689453,-2.7019569795000487,0.0047083916947929,37.27360321230452,US
MSSS,Monarch Select Subsector ETF,ETF,ETF,35.314998626708984,-1.5060686722119063,0.0336101795955798,40.97746983248962,US
MST,Defiance Leveraged Long + Income MSTR ETF,ETF,ETF,11.859999656677246,-16.95324087151574,-0.071552859116976,53.86918537656986,US
MSTB,LHA Market State Tactical Beta ETF,ETF,ETF,43.93999862670898,-0.9155324911626096,0.0196873493087983,51.63770555649966,US
MSTP,GraniteShares 2x Long MSTR Daily ETF,ETF,ETF,21.565000534057617,-19.047259343566765,-0.1554408876474111,54.17799079897559,US
MSTR,Strategy Inc,Technology,Software - Application,130.97000122070312,-9.56359991924917,-0.5071937767703858,56.9711475224068,US
MSTU,T-Rex 2X Long MSTR Daily Target ETF,ETF,ETF,30.40999984741211,-19.22975135469874,-0.2234639448086657,54.02324089066863,US
MSTW,Roundhill MSTR WeeklyPay ETF,ETF,ETF,4.295000076293945,-11.511946366851692,-0.0199825464537502,56.21776373546859,US
MSTX,Defiance Daily Target 2X Long MSTR ETF,ETF,ETF,14.010000228881836,-19.157528617658706,-0.1024715794378769,54.01841284554768,US
MSTY,Yieldmax MSTR Option Income Strategy ETF,ETF,ETF,14.68000030517578,-7.985915530844073,-0.043978687460262,57.01320229047937,US
MSTZ,T-Rex 2X Inverse MSTR Daily Target ETF,ETF,ETF,4.360000133514404,20.110192728903503,0.0646271560363935,35.702897684772935,US
MTB,M&T Bank Corporation,Financial Services,Banks - Regional,239.8300018310547,-0.0958076022153275,0.1810246313513783,48.74777411529723,US
MTD,Mettler-Toledo International Inc.,Healthcare,Diagnostics & Research,1293.52001953125,-4.623844173967142,0.8147560472608593,31.89794766556267,US
MTDR,Matador Resources Company,Energy,Oil & Gas E&P,61.04999923706055,2.227056244426786,-0.0433765186590093,67.48567056760365,US
MTG,MGIC Investment Corporation,Financial Services,Insurance - Specialty,30.739999771118164,-2.319668122542818,-0.0039309544199125,51.829910450524174,US
MTGP,WisdomTree Mortgage Plus Bond Fund,ETF,ETF,42.94900131225586,-1.2212470919293796,-0.0062746517098084,30.341535601497696,US
MTH,Meritage Homes Corporation,Consumer Cyclical,Residential Construction,64.22000122070312,-4.8169555968567845,0.1271815131721916,36.13432311474983,US
MTN,"Vail Resorts, Inc.",Consumer Cyclical,Resorts & Casinos,140.08999633789062,2.9619277168966365,0.7051465284102183,48.30556493232029,US
MTRA,Invesco International Growth Focus ETF,ETF,ETF,26.535999298095703,-1.1510524237751494,0.0051037753976453,43.27326469289563,US
MTRN,Materion Corporation,Basic Materials,Other Industrial Metals & Mining,257.510009765625,7.0460643411432935,0.5071338454885237,55.317413975109,US
MTRX,Matrix Service Company,Industrials,Engineering & Construction,10.609999656677246,0.5687153067075303,0.0105052883991363,40.10405807264441,US
MTSI,"MACOM Technology Solutions Holdings, Inc.",Technology,Semiconductors,274.8999938964844,5.751098667980271,0.106203700759444,48.94045442702976,US
MTUM,iShares MSCI USA Momentum Factor ETF,ETF,ETF,307.0400085449219,2.5449184341268496,0.1462700387258073,51.5220143877077,US
MTUS,Metallus Inc.,Basic Materials,Steel,19.239999771118164,0.4175361395781016,0.0038949177410253,44.351322174771504,US
MTW,"The Manitowoc Company, Inc.",Industrials,Farm & Heavy Construction Machinery,20.780000686645508,1.6136914982619346,-0.0154057122083817,64.69836364319212,US
MTZ,"MasTec, Inc.",Industrials,Engineering & Construction,240.41000366210935,3.5000882234967223,0.5259959754460652,39.39713169064917,US
MU,"Micron Technology, Inc.",Technology,Semiconductors,975.260009765625,1.784674490729779,-2.206721146369848,52.99519951119268,US
MUA,"BlackRock MuniAssets Fund, Inc.",Financial Services,Asset Management,9.779999732971191,-1.212120102858114,-0.0005201193900296,30.75435687874601,US
MUC,"BlackRock MuniHoldings California Quality Fund, Inc.",Financial Services,Asset Management,10.279999732971191,-1.6267950181512971,0.0002989658074453,26.5427977154596,US
MUD,Direxion Daily MU Bear 1X Shares,ETF,ETF,10.1899995803833,-2.207298409084544,0.021075459527354,44.08705902338655,US
MUEL,Paul Mueller Company,Industrials,Metal Fabrication,460.0,-3.1578947368421053,-0.646219297193698,45.703679247012495,US
MUJ,"BlackRock MuniHoldings New Jersey Quality Fund, Inc.",Financial Services,Asset Management,11.949999809265137,-0.5823681017692641,0.0042381251486075,41.972787581693055,US
MULT,Franklin Multisector Income ETF,ETF,ETF,24.595199584960938,-0.8857583895475298,-0.0039175302153467,33.24068595340607,US
MUNA,MUNA,N/A,N/A,99.56999969482422,-0.2154672139044056,-0.0047775275621529,47.28038852770567,US
MUNB,Northern Trust 2035 Tax-Exempt Distributing Ladder ETF,EQUITY,EQUITY,98.6999969482422,-0.7890673541672515,-0.0107433115027442,21.7142159380162,US
MUNC,Northern Trust 2045 Tax-Exempt Distributing Ladder ETF,EQUITY,EQUITY,98.55500030517578,-0.989552542989691,-0.0095774004959192,18.21191997869093,US
MUND,Northern Trust 2055 Tax-Exempt Distributing Ladder ETF,EQUITY,EQUITY,98.9499969482422,-0.7950425570355453,0.0237111723372036,34.80793704814181,US
MUNI,PIMCO Intermediate Municipal Bond Active Exchange-Traded Fund,ETF,ETF,50.68000030517578,-0.8801109985113504,-0.0004962979788403,24.16742706353588,US
MUNX,AMG GW&K Muni Income ETF,EQUITY,EQUITY,24.052499771118164,-1.0836495056275648,0.0014102780604258,30.895215702818035,US
MUR,Murphy Oil Corporation,Energy,Oil & Gas E&P,38.5,3.161844359123699,-0.0088442109420504,58.48054274254294,US
MUSI,American Century Multisector Income ETF,ETF,ETF,42.46500015258789,-1.094672022199256,-0.0125020042882464,30.66518650373385,US
MUSQ,MUSQ Global Music Industry Index ETF,ETF,ETF,25.434999465942383,-1.445292508032585,0.0255003889731455,50.19829519508851,US
MUST,Columbia Multi-Sector Municipal Income ETF,ETF,ETF,19.690000534057617,-1.1546161714629817,-0.0002518851352795,26.996641415638777,US
MUU,Direxion Daily MU Bull 2X Shares,ETF,ETF,31.43000030517578,2.411208075076323,-0.1552143389240434,50.69689477667886,US
MUX,McEwen Inc.,Basic Materials,Other Precious Metals & Mining,19.530000686645508,-4.917235559217136,-0.0278246783980686,48.45171699554756,US
MUYY,GraniteShares YieldBOOST MU ETF,ETF,ETF,19.190000534057617,-0.5503243033690028,-0.0220277254553626,53.53835208559425,US
MUZ,Defiance Daily Target 2X Short MU ETF,ETF,ETF,8.520000457763672,-6.88523701673985,0.0349232268670458,41.5403655200691,US
MVFD,Monarch Volume Factor Dividend Tree ETF,ETF,ETF,31.902000427246094,0.1569796104953519,0.0039613198133007,60.4007669685946,US
MVFG,Monarch Volume Factor Global Unconstrained ETF,ETF,ETF,34.7411003112793,-1.7947171790563456,0.0019496637032542,40.879149763146486,US
MVLL,GraniteShares 2x Long MRVL Daily ETF,ETF,ETF,29.31999969482422,26.21610104432061,0.1702346730890469,52.906322052644896,US
MVPA,Miller Value Ptnrs Appreciation ETF,ETF,ETF,36.95249938964844,-2.384097644964796,0.0262287929539712,50.7500108107624,US
MVPL,Miller Value Ptnrs Leverage ETF,ETF,ETF,43.40420150756836,-2.5456839950840098,-0.0053539422947446,46.21755381763612,US
MVRL,ETRACS Monthly Pay 1.5X Leveraged Mortgage REIT ETN,ETF,ETF,12.107000350952148,-6.023441747808189,-0.0207665597676002,30.99037609934632,US
MVV,ProShares Ultra MidCap400,ETF,ETF,84.52999877929688,-3.4935468507035696,0.0501261202879435,38.99818657588124,US
MWA,"Mueller Water Products, Inc.",Industrials,Specialty Industrial Machinery,23.940000534057617,0.1673678500661148,0.0302918056780778,41.03780170382496,US
MWH,"SOLV Energy, Inc.",Utilities,Utilities - Renewable,26.0,5.348458989068141,0.1304110268853695,44.44342539459472,US
MYCG,State Street My2027 Corporate Bond ETF,ETF,ETF,24.899999618530277,-0.0200805781062115,-0.0003098216462,67.66712256907648,US
MYCH,State Street My2028 Corporate Bond ETF,ETF,ETF,24.674999237060547,-0.323166739721987,-0.0013935549930435,34.96583178685269,US
MYCK,State Street My2031 Corporate Bond ETF,ETF,ETF,24.09959983825684,-1.0080077306185913,-0.0031706700688519,26.129806796426426,US
MYCL,State Street My2032 Corporate Bond ETF,ETF,ETF,23.854999542236328,-1.1765209720643235,-0.0038585257297251,25.891792986919786,US
MYCO,State Street My2035 Corporate Bond ETF,ETF,ETF,23.46999931335449,-1.4072715292024247,-0.0039567671314295,30.24493806234055,US
MYE,"Myers Industries, Inc.",Consumer Cyclical,Packaging & Containers,30.01000022888184,-3.0684718465229945,-0.0142554430311345,36.363807597361365,US
MYGN,"Myriad Genetics, Inc.",Healthcare,Diagnostics & Research,3.4200000762939453,5.882354677971792,0.0062826526751494,48.74839703786217,US
MYHA,State Street My2027 High Yield Corporate Bond ETF,ETF,ETF,24.815000534057617,-0.0604083354592243,0.0001819482060177,54.87129822779861,US
MYHB,State Street My2028 High Yield Corporate Bond ETF,ETF,ETF,24.8700008392334,-0.3206409669729789,-0.0019253683328604,49.02678647024021,US
MYHC,State Street My2029 High Yield Corporate Bond ETF,ETF,ETF,24.86000061035156,-0.4803800403673776,-0.0024524081375889,41.576313959093866,US
MYHD,State Street My2030 High Yield Corporate Bond ETF,ETF,ETF,24.69499969482422,-0.8232928789022802,-0.0054477553737542,36.4567474902284,US
MYHE,State Street My2031 High Yield Corporate Bond ETF,ETF,ETF,24.44499969482422,-0.9120404571296916,-0.0035129317784788,36.8533176087027,US
MYI,"BlackRock MuniYield Quality Fund III, Inc.",Financial Services,Asset Management,10.25,-2.1012441396168238,-0.002500994636611,23.79561102781132,US
MYLD,Cambria Micro And Smallcap Shareholder Yield ETF,ETF,ETF,33.38520050048828,-1.8197891057214288,0.0190864669791885,50.30885076398913,US
MYMG,State Street My2027 Municipal Bond ETF,ETF,ETF,24.729999542236328,-0.2219096450045934,-0.0037859159393681,63.760668531242985,US
MYMH,State Street My2028 Municipal Bond ETF,ETF,ETF,24.489999771118164,-0.1223519008377865,-0.0029889825751176,56.13142424745527,US
MYMI,State Street My2029 Municipal Bond ETF,ETF,ETF,24.170000076293945,-0.5963415775400546,0.0020451013329799,22.44684007047556,US
MYMJ,State Street My2030 Municipal Bond ETF,ETF,ETF,24.43000030517578,-0.5697980927444984,-0.0015785023866417,32.900911238892306,US
MYMK,State Street My2031 Municipal Bond ETF,ETF,ETF,24.4950008392334,-0.6892360429102001,0.0004969438214463,23.699925658629283,US
MYN,"BlackRock MuniYield New York Quality Fund, Inc.",Financial Services,Asset Management,9.210000038146973,-2.7455144831100458,0.0006786125501344,23.43166956992292,US
MYRG,MYR Group Inc.,Industrials,Engineering & Construction,291.260009765625,2.5202405872179154,0.7020157182145468,36.60229604222469,US
MYY,ProShares Short MidCap400,ETF,ETF,15.630000114440918,1.824102449594741,-0.0046677907475236,61.08501979948508,US
MZZ,ProShares UltraShort MidCap400,ETF,ETF,6.21999979019165,3.3222559783854946,-0.0045471115003848,59.62670204915389,US
NABL,"N-able, Inc.",Technology,Information Technology Services,3.859999895095825,-3.258148223814455,-0.0054593847112196,48.64145917875342,US
NAC,Nuveen California Quality Municipal Income Fund,Financial Services,Asset Management,10.890000343322754,-4.890825111536169,-0.0036539196361213,27.011015608547083,US
NACP,Impact Shares NAACP Minority Empowerment ETF,ETF,ETF,60.33000183105469,-0.0662532740396545,0.0097251176450569,53.92153327554213,US
NAIL,Direxion Daily Homebuilders & Supplies Bull 3X Shares,ETF,ETF,30.40999984741211,-13.014872300386903,0.0626889027524424,35.51581046924291,US
NANC,Unusual Whales Subversive Democratic Trading ETF,ETF,ETF,51.31999969482422,-1.2317155522038687,0.006842988945105,49.91921426980237,US
NANR,State Street SPDR S&P North American Natural Resources ETF,ETF,ETF,89.83999633789062,-1.5344164386865164,-0.0658468514542356,60.16380292784821,US
NAPR,Innovator Nasdaq-100 Power Buffer ETF - April,ETF,ETF,60.33300018310547,-0.0612866480601439,0.0019061780171287,60.43634074938047,US
NAT,Nordic American Tankers Limited,Energy,Oil & Gas Midstream,7.460000038146973,9.12314529586404,0.0211956538906253,73.69001610401924,US
NATH,"Nathan's Famous, Inc.",Consumer Cyclical,Restaurants,97.97000122070312,-0.1833930742510698,-0.0153614439642398,48.75553029287023,US
NATO,Themes Transatlantic Defense ETF,ETF,ETF,38.33399963378906,-2.6289716808940637,0.0434580825516066,30.308400105382677,US
NAVI,Navient Corporation,Financial Services,Credit Services,9.420000076293944,1.0729655015467532,0.0041537754477705,56.30924172037009,US
NAVN,"Navan, Inc.",Technology,Software - Application,21.020000457763672,-24.142904538953005,-0.1438726212807879,28.815080557565864,US
NB,NioCorp Developments Ltd.,Basic Materials,Other Industrial Metals & Mining,3.805000066757202,-7.195118164321112,-0.0022113624655587,35.77617689822877,US
NBB,Nuveen Taxable Municipal Income Fund,Financial Services,Asset Management,15.0600004196167,-3.213367522597515,-0.0131438104019332,36.50952569939554,US
NBBK,"NB Bancorp, Inc.",Financial Services,Banks - Regional,22.790000915527344,-0.7836238711705117,-0.0111441383131416,55.12814946478007,US
NBCE,Neuberger China Equity ETF,ETF,ETF,38.35200119018555,-2.110823773628261,-0.0097889651544953,38.08871470274108,US
NBCR,Neuberger Core Equity ETF,ETF,ETF,34.04999923706055,-1.5326852687386787,-0.0040949493788432,44.816875407912185,US
NBDS,Neuberger Disrupters ETF,ETF,ETF,40.00400161743164,-1.8306708774683669,7.926665203802918e-05,44.87143851768826,US
NBFC,Neuberger Flexible Credit Income ETF,ETF,ETF,50.1150016784668,-0.7721995473724512,-0.0075768496794085,37.54773603926398,US
NBFR,Innovator Nasdaq-100 Managed 10 Buffer ETF,EQUITY,EQUITY,26.40999984741211,-0.974878995643278,-0.0116256837122298,48.33803267948245,US
NBGX,Neuberger Growth ETF,ETF,ETF,29.63999938964844,-0.9788566779152637,0.0033589334165917,49.8834805263156,US
NBHC,National Bank Holdings Corporation,Financial Services,Banks - Regional,41.7599983215332,-0.2388970075495646,0.0125097808557915,48.07833651293136,US
NBIE,Neuberger International Core Equity ETF,ETF,ETF,27.01000022888184,-2.349962480535183,-0.0027673204350422,43.84611631240604,US
NBIG,Leverage Shares 2X Long NBIS Daily ETF,ETF,ETF,16.899999618530273,11.772485095527324,-0.0745147570759531,48.38618217736549,US
NBIL,GraniteShares 2x Long NBIS Daily ETF,ETF,ETF,24.520000457763672,11.86131556761068,-0.1057347931110914,48.43572802246624,US
NBIS,Nebius Group N.V.,Communication Services,Internet Content & Information,224.5500030517578,6.608744170466091,-0.4628796377977484,51.44449983119662,US
NBIZ,Tradr 2X Short Nbis Daily ETF,ETF,ETF,6.0,-15.611815930666404,0.0090882066442397,38.29503346049371,US
NBJP,Neuberger Japan Equity ETF,ETF,ETF,35.873199462890625,-1.3822300291010146,0.012971631220108,49.221646840651935,US
NBN,Northeast Bank,Financial Services,Banks - Regional,132.63999938964844,0.6908097560342762,0.1556726022022672,54.24736431297941,US
NBR,Nabors Industries Ltd.,Energy,Oil & Gas Drilling,90.5999984741211,-2.549212343189972,-0.0521625484180654,51.05052378785701,US
NBSM,Neuberger Small-Mid Cap ETF,ETF,ETF,28.229999542236328,-2.6887303705325487,0.0046237026155132,38.11407965020714,US
NBTR,Neuberger Total Return Bond ETF,ETF,ETF,48.44499969482422,-1.0821823293714483,-0.0071863697702898,31.0370870907785,US
NC,NC,N/A,N/A,39.70000076293945,-2.815171980753381,-0.0384559763289242,34.18443216959871,US
NCDL,Nuveen Churchill Direct Lending Corp.,Financial Services,Asset Management,12.220000267028809,-2.3961675700166025,0.0033949871524533,44.73910018385696,US
NCIQ,Hashdex Nasdaq CME Crypto Index ETF,ETF,ETF,19.61000061035156,-4.805824042647574,-0.0422592588150393,60.9744229985201,US
NCLO,Nuveen AA-BBB CLO ETF,ETF,ETF,25.1200008392334,0.0398256815561898,0.0009867944418795,63.30503153646085,US
NCNO,"nCino, Inc.",Technology,Software - Application,21.25,-10.071939252195005,-0.0676663241687134,51.29729911216583,US
NCPB,Nuveen Core Plus Bond ETF,ETF,ETF,24.2450008392334,-0.8587163570959101,-0.0025428108034615,33.095389179513575,US
NCV,Virtus Convertible & Income Fund,Financial Services,Asset Management,15.869999885559082,-4.166664267123724,-0.0182739028239728,30.801741250388773,US
NDAA,Ned Davis Research 360 Dynamic Allocation ETF,ETF,ETF,24.19700050354004,-0.9942717889017754,0.0019779690479398,47.57884441301889,US
NDAQ,"Nasdaq, Inc.",Financial Services,Financial Data & Stock Exchanges,91.19000244140624,-7.305968439630894,-0.120400868585577,36.11041766502364,US
NDEC,Innovator Growth-100 Power Buffer ETF - December,ETF,ETF,30.494800567626957,-0.2981752225151696,-0.0039459713212533,55.13997253775019,US
NDIA,Global X Funds - Global X India Active ETF,ETF,ETF,26.80500030517578,-3.147132068176892,-0.0044704614226389,39.01235452910604,US
NDIV,Amplify Energy & Natural Resources Covered Call ETF,ETF,ETF,35.65999984741211,0.0645363222067675,-0.0157762713091708,63.52339606864139,US
NDMO,Nuveen Dynamic Municipal Opportunities Fund,Financial Services,Asset Management,9.350000381469728,-4.102560190054087,-0.0050066978575671,19.068935681553256,US
NDOW,Anydrus Advantage ETF,ETF,ETF,28.733400344848636,-1.5305001907348614,-0.0072371845310236,34.3002610560676,US
NE,Noble Corporation plc,Energy,Oil & Gas Drilling,45.27999877929688,-2.811765119125569,-0.0482703959768597,52.676510798412174,US
NEAR,iShares Short Duration Bond Active ETF,ETF,ETF,50.119998931884766,-0.4172519203850806,-0.0070004305261443,30.55970422486287,US
NEE,"NextEra Energy, Inc.",Utilities,Utilities - Regulated Electric,82.30999755859375,-2.081846360726061,-0.0255786105314217,38.04653865776769,US
NEHI,NEOS Ethereum High Income ETF,ETF,ETF,32.91999816894531,1.0435737224745838,0.0213005098458869,70.95836303643175,US
NEM,Newmont Corporation,Basic Materials,Gold,126.80999755859376,-2.775431511512823,-0.0599125028341216,57.66914608362907,US
NEMD,Neuberger Emerging Markets Debt Hard Currency ETF,ETF,ETF,51.79460144042969,-1.3811862357414617,-0.0150519705497692,34.353081673531406,US
NEO,"NeoGenomics, Inc.",Healthcare,Diagnostics & Research,17.31999969482422,-0.8018293069267127,-0.024949914684903,55.977334045643616,US
NEOG,Neogen Corporation,Healthcare,Medical Devices,11.779999732971191,1.2027438618483175,-0.0013271136678035,56.23672662062064,US
NERD,Roundhill Video Games ETF,ETF,ETF,22.54700088500977,0.633787967026919,0.0259476051381898,56.208546966267846,US
NET,"Cloudflare, Inc.",Technology,Software - Infrastructure,306.5299987792969,7.7396183817263955,0.4204144372957485,55.51778665802529,US
NETG,Leverage Shares 2X Long NET Daily ETF,ETF,ETF,18.989999771118164,13.883062308707508,0.0458431390426563,53.35848233413237,US
NETL,Colterpoint Net Lease Real Estate ETF,ETF,ETF,25.559999465942383,-2.5506142943886325,-0.0136116765990826,29.30088106996172,US
NEU,NewMarket Corporation,Basic Materials,Specialty Chemicals,887.0800170898438,-1.4519809998034994,1.6061261596422796,48.8836977322783,US
NEWT,"NewtekOne, Inc.",Financial Services,Banks - Regional,12.220000267028809,-0.7311141309505576,0.0069788237689965,39.75492975079612,US
NEWZ,Stocksnips AI-Powered Sentiment US ALL Cap ETF,ETF,ETF,29.65800094604492,-2.967445025895073,-0.0056737471707845,42.135175314330624,US
NEXA,Nexa Resources S.A.,Basic Materials,Other Industrial Metals & Mining,13.3100004196167,-3.898916584691992,-0.0109192525106391,45.3586254792172,US
NEXN,Nexxen International Ltd.,Communication Services,Advertising Agencies,9.15999984741211,-4.682620451005601,0.0052628856383648,35.78512009266055,US
NEXT,NextDecade Corporation,Energy,Oil & Gas Equipment & Services,7.639999866485596,2.964956710641077,-0.0020612392552571,58.68525548850525,US
NFEB,Innovator Growth-100 Power Buffer ETF - February,ETF,ETF,30.739999771118164,-0.4307952698148062,-0.0043485293095797,53.87352549277418,US
NFG,National Fuel Gas Company,Energy,Oil & Gas Integrated,81.0,-3.0288504923622024,-0.1199292654362185,42.01630054870699,US
NFJ,"Virtus Dividend, Interest & Premium Strategy Fund",Financial Services,Asset Management,15.270000457763672,-2.614794894339213,-0.0215012645617976,41.91848999895652,US
NFLP,Kurv Yield Premium Strategy Netflix ETF,ETF,ETF,18.5939998626709,-8.132410706822512,0.0123922392358363,47.18916068848842,US
NFLW,Roundhill NFLX WeeklyPay ETF,ETF,ETF,16.479999542236328,-7.701910276627233,0.0099397560563704,47.80471629429431,US
NFLX,"Netflix, Inc.",Communication Services,Entertainment,77.4000015258789,-6.37473903446397,0.0346572812350318,48.03631696674029,US
NFRA,Northern Trust STOXX Global Broad Infrastructure ETF,ETF,ETF,65.97000122070312,0.3804016971339388,0.0127390404390851,53.11636986637215,US
NFTY,First Trust India NIFTY 50 Equal Weight ETF,ETF,ETF,53.0099983215332,-2.249679570350988,-0.0033042825632395,37.818289561532254,US
NFXL,Direxion Daily NFLX Bull 2X Shares,ETF,ETF,17.459999084472656,-12.874260045844894,0.0139738567435523,46.46299346165718,US
NFXS,Direxion Daily NFLX Bear 1X Shares,ETF,ETF,19.655000686645508,6.5484910832720455,-0.0091883957979141,50.85514329041323,US
NGHT,Nicholas Bitcoin And Treasuries Afterdark ETF,ETF,ETF,22.13999938964844,-1.4247538195379768,-0.0016145331675554,49.8693006977438,US
NGIF,Nuveen Global Infrastructure Fund ETF Class,EQUITY,EQUITY,12.380000114440918,-1.5115321002078812,-0.0037001500514011,31.866224815204816,US
NGL,NGL Energy Partners LP,Energy,Oil & Gas Midstream,17.579999923706055,-3.300332075896108,-0.0189304608966396,51.74211702034712,US
NGNE,Neurogene Inc.,Healthcare,Biotechnology,35.47999954223633,-5.663390145037607,-0.1129913618063549,44.089689356390544,US
NGS,"Natural Gas Services Group, Inc.",Energy,Oil & Gas Equipment & Services,37.869998931884766,6.167650338863201,0.0387630874674143,57.92598349249499,US
NHYM,Nuveen High Yield Municipal Income ETF,ETF,ETF,23.96999931335449,-1.1301772550322804,0.000876205098071,26.666799296652695,US
NI,NiSource Inc.,Utilities,Utilities - Regulated Gas,41.40999984741211,-0.600096017560427,-0.0142501799883167,42.64210333516641,US
NIHI,NEOS MSCI EAFE High Income ETF,ETF,ETF,52.47600173950195,-1.0540173649824816,0.0049050814542337,50.49126977601168,US
NIKA,NIKA PHARMACEUTICALS INC.,Healthcare,Drug Manufacturers - Specialty & Generic,0.4099999964237213,0.0,0.0001456640350423,35.78785876508583,US
NIKL,Sprott Nickel Miners ETF,ETF,ETF,14.789999961853027,0.8042532106721305,-0.0073592681125868,54.96401443142172,US
NINE,"Nine Energy Service, Inc.",Energy,Oil & Gas Equipment & Services,10.510000228881836,2.138000659323529,0.0297878107103948,49.00689299717598,US
NIOG,Leverage Shares 2X Long NIO Daily ETF,ETF,ETF,6.460000038146973,-8.485620850219767,0.0418681469758541,26.17729967931598,US
NISM,NYLI International Small-Mid Cap Equity ETF,EQUITY,EQUITY,25.1299991607666,-0.9069457572926,0.0041835401341461,47.89318047996544,US
NITE,The Nightview ETF,ETF,ETF,39.39670181274414,-2.427860205801114,-0.0229668939765088,49.45493277796353,US
NJR,New Jersey Resources Corporation,Utilities,Utilities - Regulated Gas,53.15999984741211,-1.042444826071964,-0.0100138058218213,38.92702790193955,US
NJUL,Innovator Nasdaq-100 Power Buffer ETF - July,ETF,ETF,76.70999908447266,-0.7632651280622937,-0.0192525955478942,48.85415928256188,US
NJUN,Innovator Growth-100 Power Buffer ETF - June,ETF,ETF,32.59920120239258,-0.6727559246944814,-0.0078359674017796,48.96616433540383,US
NKE,"NIKE, Inc.",Consumer Cyclical,Footwear & Accessories,36.79999923706055,-5.081251476510192,-0.0112561054099731,35.09247918189486,US
NKLR,Terra Innovatum Global N.V.,Utilities,Utilities - Regulated Electric,5.110000133514404,1.7928317316702418,-0.0055479151942176,43.731127138784345,US
NKTR,Nektar Therapeutics,Healthcare,Biotechnology,69.76000213623047,-8.65523159961834,-0.1783046472654312,42.03333167890901,US
NKX,Nuveen California AMT-Free Quality Municipal Income Fund,Financial Services,Asset Management,11.56999969482422,-3.422369474778577,-0.0052597506357532,26.056208739607527,US
NLR,VanEck Uranium and Nuclear ETF,ETF,ETF,113.22000122070312,-5.008810385449883,-0.4755440949149963,42.92686843099164,US
NLSI,Neos Long/Short Equity Income ETF,ETF,ETF,58.20100021362305,0.1910829071158321,0.0143646736762681,65.77708444636576,US
NLST,"Netlist, Inc.",Technology,Electronics & Computer Distribution,4.71999979019165,-5.976099439735334,0.0051776706997366,47.26361150979076,US
NMAI,Nuveen Multi-Asset Income Fund,Financial Services,Asset Management,14.40999984741211,-1.098145852871548,-0.0064095345566246,51.2105912760316,US
NMAR,Innovator Growth-100 Power Buffer ETF - March,ETF,ETF,32.65999984741211,-0.3356747293712711,-0.0032780409273409,54.99210901658951,US
NMAX,"Newsmax, Inc.",Communication Services,Broadcasting,11.390000343322754,4.880301136286299,0.0334735275607596,65.1001681027987,US
NMAY,Innovator Growth-100 Power Buffer ETF - May,ETF,ETF,29.76000022888184,-0.4182700319312561,-0.0026086361655014,53.48262983629689,US
NMBL,NovaTide Flexible Allocation ETF,ETF,ETF,21.01000022888184,-1.7168010756885552,-0.010374264424337,45.73615384606563,US
NMCO,Nuveen Municipal Credit Opportunities Fund,Financial Services,Asset Management,9.65999984741211,-5.294117372066224,0.0011302938309995,32.10648420885627,US
NMFC,New Mountain Finance Corporation,Financial Services,Asset Management,7.239999771118164,-3.0789829388681342,-0.0012309067683281,40.02025211860358,US
NML,Neuberger Berman Income Funds - Neuberger Energy Infrastructure and Income Fund Inc.,Financial Services,Asset Management,10.8100004196167,1.789082260876265,0.0034662767388305,58.47024599650224,US
NMM,Navios Maritime Partners L.P.,Industrials,Marine Shipping,92.3499984741211,1.1057610868454666,-0.0053114123828699,66.97009016631623,US
NMZ,Nuveen Municipal High Income Opportunity Fund,Financial Services,Asset Management,9.460000038146973,-4.056791404240988,-0.0046476190820769,22.880726970962883,US
NNE,NANO Nuclear Energy Inc.,Industrials,Specialty Industrial Machinery,16.40999984741211,-7.0254946057694,-0.0895567905702563,41.12161799467548,US
NNI,"Nelnet, Inc.",Financial Services,Credit Services,126.69000244140624,-0.4557195073138662,0.0682725481435799,46.210717570600224,US
NNNN,Anbio Biotechnology,Healthcare,Medical Instruments & Supplies,6.340000152587891,-3.9393902394177736,0.0071214338366616,28.654467803179813,US
NNOV,Innovator Growth-100 Power Buffer ETF - November,ETF,ETF,31.864999771118164,-0.3595990392879231,-0.0040944336402192,54.472387213450325,US
NOBL,ProShares S&P 500 Dividend Aristocrats ETF,ETF,ETF,56.22999954223633,-3.1519148945396545,-0.0039668294415174,34.921926296241224,US
NOC,Northrop Grumman Corporation,Industrials,Aerospace & Defense,518.969970703125,-1.7548878734336228,0.6882036269856666,38.17282394197317,US
NOCT,Innovator Growth-100 Power Buffer ETF - October,ETF,ETF,63.9828987121582,0.0279818018097641,-0.0010036827407204,63.97452409614239,US
NODE,VanEck Onchain Economy ETF,ETF,ETF,40.49399948120117,0.2053900783131091,-0.0329104477279633,53.93479045607288,US
NOEQ,NORTHERN TRUST US EQUITY ETF,ETF,ETF,29.559999465942383,-0.938340097901188,0.0099326498677735,51.853657020262574,US
NOG,"Northern Oil and Gas, Inc.",Energy,Oil & Gas E&P,26.57999992370605,2.665123794222642,0.0341697746774749,64.30758193065768,US
NOMD,Nomad Foods Limited,Consumer Defensive,Packaged Foods,10.979999542236328,-4.521743110988451,-0.0113982615744858,38.26754308141426,US
NORW,Global X MSCI Norway ETF,ETF,ETF,37.68999862670898,0.45308679869735,-0.0195339846858952,64.66350545162567,US
NOV,NOV Inc.,Energy,Oil & Gas Equipment & Services,21.100000381469727,-1.398561258293345,-0.0269849708517663,55.31126603659218,US
NOVM,FT Vest U.S. Equity Max Buffer ETF – November,ETF,ETF,34.165000915527344,-0.0731141040822171,-0.0007118451165425,64.48776751908919,US
NOVP,PGIM S&P 500 Buffer 12 ETF - Nov,ETF,ETF,33.27920150756836,-0.6679904948528969,-0.0021041881945487,51.09274227961208,US
NOVT,Novanta Inc.,Technology,Scientific & Technical Instruments,146.55999755859375,-0.461836395816953,0.1207136313161683,47.40323231539428,US
NOW,"ServiceNow, Inc.",Technology,Software - Application,132.52999877929688,-8.970394867160808,-0.2040748070085065,52.77688890677242,US
NOWL,GraniteShares 2x Long NOW Daily ETF,ETF,ETF,7.019999980926514,-17.89473889680519,-0.021955674495711,50.6562674249623,US
NP,Neptune Insurance Holdings Inc.,Financial Services,Insurance Brokers,31.600000381469727,-5.389224737054301,-0.0053766001117912,44.59954874732593,US
NPAC,New Providence Acquisition Corp. III,Financial Services,Shell Companies,10.479999542236328,-0.0953310686370966,0.0004444596910277,58.2702690965862,US
NPB,"Northpointe Bancshares, Inc.",Financial Services,Banks - Regional,17.219999313354492,0.058107085495771,0.0085428598278655,50.28100329770262,US
NPCE,"NeuroPace, Inc.",Healthcare,Medical Devices,14.039999961853027,-4.813559580657442,-0.0281933282426845,43.85493990697673,US
NPFE,NPF Core Equity ETF,ETF,ETF,27.90999984741211,-2.035801784365164,0.0056592165907916,42.43487357176885,US
NPFI,Nuveen Preferred And Income ETF,ETF,ETF,25.520000457763672,-1.0277269389824486,-0.00794967442718,30.39026960086176,US
NPK,"National Presto Industries, Inc.",Industrials,Aerospace & Defense,154.27999877929688,6.620595738147364,0.4569857269236053,65.4861261309631,US
NPKI,NPK International Inc.,Industrials,Building Products & Equipment,13.260000228881836,1.0670757968286986,-0.0002906128597933,45.03138107025416,US
NPO,Enpro Inc.,Industrials,Specialty Industrial Machinery,300.489990234375,1.7678739509356038,0.5611307289260203,43.629439706308034,US
NRC,NRC Health,Healthcare,Health Information Services,21.1200008392334,-0.6117607565487132,0.0071619124803959,49.55887765205166,US
NRDS,"NerdWallet, Inc.",Communication Services,Internet Content & Information,9.43000030517578,-4.843587786347695,0.0009621986221026,44.79456755403689,US
NRES,Xtrackers RREEF Global Natural Resources ETF,ETF,ETF,35.258399963378906,-2.171416983102757,-0.049743088362758,50.51844566523993,US
NRG,"NRG Energy, Inc.",Utilities,Utilities - Independent Power Producers,113.45999908447266,1.4485003573209037,-0.0609760373985635,44.664830806677394,US
NRIM,"Northrim BanCorp, Inc.",Financial Services,Banks - Regional,26.15999984741211,1.3935597365510082,0.0144305336224734,52.42235062865095,US
NRK,Nuveen New York AMT-Free Quality Municipal Income Fund,Financial Services,Asset Management,9.970000267028809,-0.299997329711914,0.0080216187475672,39.86894343368267,US
NRP,Natural Resource Partners L.P.,Energy,Thermal Coal,111.0999984741211,-2.0282213587386337,-0.1385272396919368,61.27909289426922,US
NRSH,Aztlan North America Nearshoring Stock Selection ETF,ETF,ETF,30.3799991607666,0.4629609481087004,0.0399324601782611,44.18965616819607,US
NSC,Norfolk Southern Corporation,Industrials,Railroads,320.2699890136719,-2.3060726194207533,-0.017570658339181,32.37286076834468,US
NSCI,Nuveen Securitized Income ETF,EQUITY,EQUITY,25.01499938964844,-0.3386493646591405,-0.0012320149003918,36.51327460820032,US
NSP,"Insperity, Inc.",Industrials,Staffing & Employment Services,49.68999862670898,-4.1103841772657885,-0.0104337417434915,46.6495460914448,US
NSSC,"Napco Security Technologies, Inc.",Industrials,Security & Protection Services,36.2599983215332,-1.6614735165899055,0.0435306211746658,47.269886611868905,US
NTAP,"NetApp, Inc.",Technology,Software - Infrastructure,199.27999877929688,7.498108496259465,1.105916309296192,61.617636074080615,US
NTES,"NetEase, Inc.",Communication Services,Electronic Gaming & Multimedia,115.61000061035156,-1.230245539395246,0.0287415850419505,39.26889309410971,US
NTGR,"NETGEAR, Inc.",Technology,Communication Equipment,22.229999542236328,5.40540247226386,0.094685090488102,52.7233280715721,US
NTRA,"Natera, Inc.",Healthcare,Diagnostics & Research,328.92999267578125,0.3845268704530864,0.1145404812138277,60.12184911399712,US
NTRL,First Trust Equity Market Neutral ETF,EQUITY,EQUITY,21.64800071716309,-0.2901742161013394,0.0036831961841349,53.29108788995768,US
NTRS,Northern Trust Corporation,Financial Services,Asset Management,189.19000244140625,1.4043042758225184,0.2337826128838356,59.54089570604574,US
NTSE,WisdomTree Emerging Markets Efficient Core Fund,ETF,ETF,47.16299819946289,0.0212039988104402,-0.0279281142033985,53.10183664689089,US
NTSI,WisdomTree International Efficient Core Fund,ETF,ETF,47.51300048828125,-1.8326467141191876,-0.0012936991768413,44.38043354825236,US
NTSK,"Netskope, Inc.",Technology,Software - Infrastructure,14.699999809265137,2.5104578301714886,0.0144501588749359,53.54298382777903,US
NTST,NETSTREIT Corp.,Real Estate,REIT - Retail,19.63999938964844,-3.8668668806980055,-0.0193873644897417,36.22777994077183,US
NU,Nu Holdings Ltd.,Financial Services,Banks - Regional,14.619999885559082,-6.76020662618741,-0.0418639904766841,49.01475924085786,US
NUAG,Nuveen Enhanced Yield U.S. Aggregate Bond ETF,ETF,ETF,20.309999465942383,-1.143833582277375,-0.0055296367167361,32.107741817178464,US
NUAI,"New Era Energy & Digital, Inc.",Technology,Software - Infrastructure,5.940000057220459,12.713473979484782,-0.0181048185927831,57.51420885857255,US
NUDG,Nuveen Dividend Growth Fund ETF Class,EQUITY,EQUITY,63.560001373291016,-1.120095550216087,0.0422716384469212,43.49166379980449,US
NUDM,Nuveen ESG International Developed Markets Equity ETF,ETF,ETF,40.5099983215332,-1.9365844230522211,0.0014186013870063,44.097510701592405,US
NUE,Nucor Corporation,Basic Materials,Steel,259.42999267578125,-1.1582308571582711,0.1372828359474214,53.62288370655352,US
NUGO,Nuveen Growth Opportunities ETF,ETF,ETF,42.9640007019043,-1.127624338250431,0.0085083016882632,47.95746159868929,US
NUGT,Direxion Daily Gold Miners Index Bull 2X Shares,ETF,ETF,182.75999450683597,-8.875151210827836,-0.2490959157935641,52.333486418217255,US
NUGY,Graniteshares YieldBOOST Gold Miners ETF,ETF,ETF,12.350000381469728,-0.2782908709828922,0.0012504094236435,47.72478631805697,US
NUHY,Nuveen ESG High Yield Corporate Bond ETF,ETF,ETF,20.934999465942383,-0.946301210189456,-0.0047437117125118,31.69471165723398,US
NUIF,Nuveen U.S. Infrastructure ETF,ETF,ETF,24.496000289916992,-2.0551776659772707,-0.0163532233202228,34.13498564097513,US
NUKX,Nicholas Nuclear Income ETF,EQUITY,EQUITY,33.48590087890625,-9.19841408829472,-0.1607364846955264,37.03207285404803,US
NUKZ,Range Nuclear Renaissance ETF,ETF,ETF,64.46099853515625,-0.7070234854205933,-0.0557173902120814,44.78723838355558,US
NULC,Nuveen ESG Large-Cap ETF,ETF,ETF,55.16299819946289,-1.3007715121217145,0.0087529224211823,47.08249630268065,US
NULG,Nuveen ESG Large-Cap Growth ETF,ETF,ETF,110.18000030517578,-2.873767688707797,-0.029745859005843,36.6107956787362,US
NUMI,Nuveen Municipal Income ETF,ETF,ETF,24.170000076293945,-0.9913180949109844,0.0041300011287826,26.948334790907182,US
NUSA,Nuveen ESG 1-5 Year U.S. Aggregate Bond ETF,ETF,ETF,22.80500030517578,-0.5234413778770182,-0.0032398845984008,32.81310596755979,US
NUSB,NUSB,ETF,ETF,25.184999465942383,0.0,-0.0005764405280183,81.1962496397418,US
NUTX,Nutex Health Inc.,Healthcare,Medical Care Facilities,200.2400054931641,1.295028790081725,0.2313150283751994,61.59155275805296,US
NUV,"Nuveen Municipal Value Fund, Inc.",Financial Services,Asset Management,8.630000114440918,-2.7057471726566624,-0.0036541559165975,25.851241469428015,US
NUVB,Nuvation Bio Inc.,Healthcare,Biotechnology,6.070000171661377,-10.33973133289932,-0.0238514718092638,39.746734359530414,US
NVAX,"Novavax, Inc.",Healthcare,Biotechnology,9.420000076293944,-8.897486099782,-0.0455687625472502,54.16058965638927,US
NVBT,Allianzim U.S. Equity Buffer10 Nov ETF,ETF,ETF,40.43519973754883,-0.7968562251210553,-0.0029906125098023,49.69259684384444,US
NVBW,Allianzim U.S. Equity Buffer20 Nov ETF,ETF,ETF,36.40999984741211,-0.1918851307637038,0.0044408255652175,58.953003899435735,US
NVCR,NovoCure Limited,Healthcare,Medical Devices,15.510000228881836,-12.074825592207985,-0.030161925806203,39.16106961917612,US
NVD,Graniteshares 2x Short NVDA Daily ETF,ETF,ETF,3.990000009536743,9.31506589824034,0.0150810263887217,47.18056125947982,US
NVDA,NVIDIA Corporation,Technology,Semiconductors,218.2899932861328,-4.340444795424128,-0.3726130635395681,49.941788130801065,US
NVDB,ProShares Ultra NVDA,EQUITY,EQUITY,31.61000061035156,-8.826067840218862,-0.1081757289837402,48.36883375167506,US
NVDD,Direxion Daily NVDA Bear 1X Shares,ETF,ETF,30.6200008392334,4.755392811377116,0.0577471693249088,49.01431044008437,US
NVDL,GraniteShares 2x Long NVDA Daily ETF,ETF,ETF,33.79999923706055,-8.845745501682046,-0.1159530885439952,48.37905236460729,US
NVDQ,T-Rex 2X Inverse NVIDIA Daily Target ETF,ETF,ETF,9.010000228881836,8.882183011896094,0.0340278973440181,46.93581362410831,US
NVDS,Tradr 1.5X Short NVDA Daily ETF,ETF,ETF,18.989999771118164,7.022093813951378,0.0533045579009917,48.08620383602747,US
NVDU,Direxion Daily Nvda Bull 2X Shares,ETF,ETF,134.67999267578125,-8.741027913823308,-0.448750566372432,48.47268008743455,US
NVDW,Roundhill ETF Trust - Roundhill NVDA WeeklyPay ETF,ETF,ETF,36.209999084472656,-5.35379031675088,-0.0725814722040725,49.59732857218646,US
NVEC,NVE Corporation,Technology,Semiconductors,100.51000213623048,1.978494953266861,0.328262197319169,43.14508022919786,US
NVGS,Navigator Holdings Ltd.,Energy,Oil & Gas Midstream,23.1299991607666,2.254634405886641,0.0051909827031547,64.75386782404092,US
NVII,REX NVDA Growth & Income ETF,ETF,ETF,23.93000030517578,-4.491881185827523,-0.0474785025562013,50.43935747588119,US
NVIR,Horizon Kinetics Energy Remediation ETF,ETF,ETF,40.61000061035156,-0.4876314214634476,-0.0166954792798965,55.83806306567361,US
NVIT,YieldMax NVDA Performance & Distribution Target 25 ETF,ETF,ETF,49.96500015258789,-2.383767743866466,-0.0518796447289389,52.40952194465409,US
NVMI,NVMI,N/A,N/A,371.80999755859375,5.418198097579066,0.3403200025759716,46.20390408569339,US
NVOH,Novo Nordisk A/S (B Shares) ADRhedged,ETF,ETF,23.426000595092773,-8.805664724519247,-0.053568082952944,36.225224547554745,US
NVPS,PurePlay Nvidia Ecosystem Picks & Shovels Index ETF,ETF,ETF,23.06999969482422,3.592273105596882,0.0074089438736229,51.94637320570462,US
NVRI,Enviri Corporation,Industrials,Waste Management,22.309999465942383,-4.166671787340466,-0.0443705424233942,51.578497267005474,US
NVST,Envista Holdings Corporation,Healthcare,Medical Instruments & Supplies,25.549999237060547,-7.393986604730031,-0.0420110174872814,34.97759410383236,US
NVT,nVent Electric plc,Industrials,Electrical Equipment & Parts,162.3800048828125,6.765736598520975,0.4069672569318296,55.15022797197314,US
NVTS,Navitas Semiconductor Corporation,Technology,Semiconductors,11.630000114440918,4.774772205016945,0.0275854347700925,44.72044488363483,US
NWAX,New America Acquisition I Corp.,Financial Services,Shell Companies,10.125,-0.3444866923007318,-0.0007268390206572,38.13101914421696,US
NWBI,"Northwest Bancshares, Inc.",Financial Services,Banks - Regional,15.489999771118164,-0.1289520146262033,0.0028726502301743,52.97188325930325,US
NWE,"NorthWestern Energy Group, Inc.",Utilities,Utilities - Regulated Electric,69.23999786376953,-2.3413309257877297,-0.0885516538249032,43.64094661419118,US
NWN,Northwest Natural Holding Company,Utilities,Utilities - Regulated Gas,48.43999862670898,-1.9234678572167832,-0.0408539566607925,39.905350405859615,US
NWPX,"NWPX Infrastructure, Inc.",Basic Materials,Steel,104.63999938964844,-5.165848411655978,-0.0166111033357942,32.27353901121114,US
NX,Quanex Building Products Corporation,Industrials,Building Products & Equipment,21.56999969482422,14.978675008842837,0.0020552624511251,57.43554122787263,US
NXDR,"Nextdoor Holdings, Inc.",Communication Services,Internet Content & Information,2.2699999809265137,0.8888880411783854,0.0073433413582135,46.42462330483922,US
NXP,Nuveen Select Tax-Free Income Portfolio,Financial Services,Asset Management,13.65999984741211,-2.5677646119634017,-0.0080463693751085,19.27934438363016,US
NXPI,NXP Semiconductors N.V.,Technology,Semiconductors,236.6199951171875,5.169113889539771,0.683459096264702,53.87331188909198,US
NXST,"Nexstar Media Group, Inc.",Communication Services,Broadcasting,169.08999633789062,-4.82917876933618,0.1738039902855725,37.19156829049969,US
NXTE,Axs Green Alpha ETF,ETF,ETF,47.875,0.940351130052469,0.00691090266826,49.91556215567394,US
NXTG,First Trust IndXX NextG ETF,ETF,ETF,156.0500030517578,1.9668125311514515,0.1443994065330618,60.9204286010628,US
NXUS,Nuveen International Aggregate Bond ETF,EQUITY,EQUITY,24.309999465942383,-0.7755123839086416,-0.0003692083927543,33.53082884937213,US
NYSX,Global X NYSE 100 ETF,EQUITY,EQUITY,125.9209976196289,-1.0521801776870727,-0.0906316775529127,50.40956049477239,US
NZAC,State Street SPDR MSCI ACWI Climate Paris Aligned ETF,ETF,ETF,46.65900039672852,-1.3343212234780133,0.0078257557744751,48.63293801295676,US
O,Realty Income Corporation,Real Estate,REIT - Retail,59.5,-3.6281205338030422,-0.0273692759320482,29.13385624056897,US
OACP,OneAscent Core Plus Bond ETF,ETF,ETF,22.104999542236328,-0.9410754505731748,-0.0018548915865975,32.708264090837446,US
OAEM,OneAscent Emerging Markets ETF,ETF,ETF,49.74700164794922,1.0912468471189307,-0.0329696647300394,56.197961735842426,US
OAKI,Oakmark International Large Cap ETF,EQUITY,EQUITY,26.84029960632324,-1.4383840319508907,0.0200121214567978,46.561014256555296,US
OAKM,Oakmark U.S. Large Cap ETF,ETF,ETF,31.065000534057617,-3.254438045563475,0.0021076536979032,49.92095711673037,US
OALC,OneAscent Large Cap Core ETF,ETF,ETF,40.91999816894531,-2.0326146607884032,-0.0100709749805347,42.27804262382724,US
OARK,YieldMax Innovation Option Income Strategy ETF,ETF,ETF,28.961000442504883,-2.739915208199312,-0.0187000768344771,50.82100250654318,US
OASC,OneAscent Enhanced Small and Mid Cap ETF,ETF,ETF,33.90900039672852,-2.251364257417849,-0.0040754984922279,39.597747068833286,US
OBDC,Blue Owl Capital Corporation,Financial Services,Asset Management,11.079999923706056,-2.6362055159750923,-0.0022790251316715,43.28417243236967,US
OBK,"Origin Bancorp, Inc.",Financial Services,Banks - Regional,54.43000030517578,0.1471974853739519,0.0223009561399543,58.80075392369221,US
OBND,State Street Loomis Sayles Opportunistic Bond ETF,ETF,ETF,25.174999237060547,-0.7881803465594213,-0.0076442869610113,39.796338909279605,US
OBOR,KraneShares MSCI One Belt One Road Index ETF,ETF,ETF,28.38500022888184,-0.6127424381405621,-0.0141075043664154,61.732457841594886,US
OBT,"Orange County Bancorp, Inc.",Financial Services,Banks - Regional,38.27999877929688,0.1569794784863856,0.009502894574136,53.429108536235766,US
OBTC,Osprey Bitcoin Trust,ETF,ETF,24.834999084472656,-5.642099648821748,-0.0510592138337711,59.34127290558236,US
OCFC,OceanFirst Financial Corp.,Financial Services,Banks - Regional,18.780000686645508,-2.5933609034896463,-0.0007898575292227,44.79368623351549,US
OCGN,"Ocugen, Inc.",Healthcare,Biotechnology,1.0199999809265137,-24.44444719165436,-0.0061262471474108,27.124912537242267,US
OCIO,ClearShares OCIO ETF,ETF,ETF,37.882999420166016,-0.4624364709893958,0.0042440928198484,51.83279492351726,US
OCS,Oculis Holding AG,Healthcare,Biotechnology,10.5600004196167,-13.229249355662528,-0.0556421997910078,23.59708302336045,US
OCSL,Oaktree Specialty Lending Corporation,Financial Services,Asset Management,12.670000076293944,-3.5034275258005945,-0.0014412376930325,46.52052472392854,US
OCTH,Innovator Premium Income 20 Barrier ETF - October,ETF,ETF,24.21999931335449,0.1240131402834782,-0.0007914805837492,63.62770839934288,US
OCTJ,Innovator Premium Income 30 Barrier ETF - October,ETF,ETF,24.16419982910156,0.183246220274878,0.0013320162897224,61.462731723476686,US
OCTM,FT Vest U.S. Equity Max Buffer ETF – October,ETF,ETF,34.095001220703125,0.0322778636083428,0.0004360726579989,69.49966181637555,US
OCTP,PGIM S&P 500 Buffer 12 ETF - Oct,ETF,ETF,33.18470001220703,-0.1483455068322265,0.0003898602370575,58.68968396359407,US
OCTT,AllianzIM U.S. Equity Buffer10 Oct ETF,ETF,ETF,47.90280151367188,-0.3478223054167114,-0.0004647637065139,55.81916078051977,US
OCTU,AllianzIM U.S. Equity Buffer15 Uncapped Oct ETF,ETF,ETF,30.694000244140625,-1.1942709915947112,-0.0023771733802694,46.11038685154233,US
OCTV,Octave Intelligence plc,Technology,Software - Application,17.729999542236328,-11.261261519269093,-0.0194658987873708,43.324499440083855,US
OCUL,"Ocular Therapeutix, Inc.",Healthcare,Biotechnology,10.489999771118164,-1.4097797684633,-0.0355630915525853,50.64512944121653,US
ODC,Oil-Dri Corporation of America,Basic Materials,Specialty Chemicals,86.54000091552734,-2.916758460762368,0.0529565449259343,36.92799303097338,US
ODD,Oddity Tech Ltd.,Consumer Defensive,Household & Personal Products,18.280000686645508,29.37013827737533,0.172626654542736,67.36291689452997,US
ODDS,Pacer BlueStar Digital Entertainment ETF,ETF,ETF,25.645000457763672,-0.3187267359545718,0.023125961799478,52.49246517348866,US
ODFL,"Old Dominion Freight Line, Inc.",Industrials,Trucking,179.7899932861328,-3.2086173425933717,0.0917062519642089,24.67469729216292,US
ODHY,Obra Defensive High Yield ETF,ETF,ETF,9.864999771118164,-0.4540875578892829,-0.0013029435057018,38.58029887438315,US
ODTX,"Odyssey Therapeutics, Inc.",Healthcare,Biotechnology,24.6299991607666,-6.704547285376856,-0.0624878278608667,52.79954591156318,US
OEC,Orion S.A.,Basic Materials,Specialty Chemicals,5.800000190734863,-2.8475645800873592,-0.0004572929259847,40.33049120368947,US
OEF,iShares S&P 100 ETF,ETF,ETF,380.3500061035156,-1.0329936368246282,0.0782380052952531,53.707445955433165,US
OFG,OFG Bancorp,Financial Services,Banks - Regional,52.65999984741211,-0.3029152751543609,0.0122121806103497,53.45824887727208,US
OFIX,Orthofix Medical Inc.,Healthcare,Medical Devices,8.930000305175781,-4.081633698321175,0.0140894916963403,33.655283375507025,US
OFRM,"Once Upon A Farm, PBC",Consumer Defensive,Packaged Foods,16.18000030517578,-7.542855398995536,-0.0209545298067572,41.30342786625076,US
OGS,"ONE Gas, Inc.",Utilities,Utilities - Regulated Gas,77.33999633789062,-3.973186666576991,-0.1104199532618935,40.225692419762666,US
OGSP,Obra High Grade Structured Products ETF,ETF,ETF,9.93000030517578,-0.5009943823037791,-0.0008797482078663,34.99348534165844,US
OI,"O-I Glass, Inc.",Consumer Cyclical,Packaging & Containers,6.53000020980835,-7.112375321161347,-0.0143544888567782,36.69906562035328,US
OII,OII,N/A,N/A,51.09000015258789,-1.3325582135487912,0.0803124037371492,53.45598722268296,US
OILK,ProShares K-1 Free Crude Oil ETF,ETF,ETF,56.880001068115234,5.080361991014002,-0.0093810455740686,70.12691777187534,US
OILT,Texas Capital Texas Oil Index ETF,ETF,ETF,33.23699951171875,1.2335488860322037,-0.0013651321246085,64.68936090337445,US
OIS,"Oil States International, Inc.",Energy,Oil & Gas Equipment & Services,8.6899995803833,-1.9187368271038987,-0.001733976717444,51.19315257435672,US
OKE,"ONEOK, Inc.",Energy,Oil & Gas Midstream,96.62000274658205,0.9086190564825392,0.0044589804524546,59.52577203250299,US
OKLL,Defiance Daily Target 2X Long OKLO ETF,ETF,ETF,9.5,-19.148936170212767,-0.1807261549546825,37.22220994162242,US
OKTA,"Okta, Inc.",Technology,Software - Infrastructure,166.5,-2.300198457377775,-0.6549581909200155,57.9705668257872,US
OKTG,Leverage Shares 2X Long OKTA Daily ETF,ETF,ETF,37.46599960327149,-5.043596953115075,-0.2700903580496083,55.28466597080068,US
OLED,Universal Display Corporation,Technology,Electronic Components,83.55999755859375,1.1132601352131088,0.2280503619214422,48.65360052617131,US
OLLI,"Ollie's Bargain Outlet Holdings, Inc.",Consumer Defensive,Discount Stores,73.55999755859375,-0.176421330581271,0.0401363876718115,48.43902548947826,US
OLMA,"Olema Pharmaceuticals, Inc.",Healthcare,Biotechnology,10.220000267028809,-4.753022338910803,-0.0269600411523718,41.94308810204932,US
OLP,"One Liberty Properties, Inc.",Real Estate,REIT - Diversified,23.200000762939453,-2.274637798588642,-0.0104982979146283,34.444160022526674,US
OMAH,VistaShares Target 15 Berkshire Select Income ETF,ETF,ETF,18.309999465942383,-0.5431851292697517,0.010337473658807,51.18453797429763,US
OMC,Omnicom Group Inc.,Communication Services,Advertising Agencies,79.01000213623047,-6.750856832386811,0.0206262005391864,38.41337221830188,US
OMCL,"Omnicell, Inc.",Healthcare,Health Information Services,32.790000915527344,-5.829979313867203,-0.0182428426263869,35.8226214732845,US
OMDA,"Omada Health, Inc.",Healthcare,Health Information Services,19.65999984741211,-11.799017317595355,-0.1131108930523567,33.34833091907787,US
OMER,Omeros Corporation,Healthcare,Biotechnology,18.280000686645508,-4.3432752338922365,-0.0580269869109155,59.447534285900026,US
OMF,"OneMain Holdings, Inc.",Financial Services,Credit Services,62.75,-2.8336973972873003,0.0124928125096898,49.67237554890826,US
OMFL,Invesco Russell 1000 Dynamic Multifactor ETF,ETF,ETF,69.80000305175781,-1.5931160983450785,0.0267294873261006,45.61722328377089,US
ON,ON Semiconductor Corporation,Technology,Semiconductors,76.13999938964844,3.3808524265876674,0.356636513387861,48.97123537800164,US
OND,ProShares On-Demand ETF,ETF,ETF,33.65299987792969,-3.523307415365984,-0.0042531145502291,36.59460978664798,US
ONDG,Leverage Shares 2X Long ONDS Daily ETF,ETF,ETF,2.0899999141693115,-11.063829830406265,0.0068952980756898,37.74551994940399,US
ONDS,Ondas Inc.,Technology,Communication Equipment,7.230000019073486,-5.242465129330359,0.0098442844280132,39.493327235052185,US
ONDU,Tradr 2X Long ONDS Daily ETF,ETF,ETF,3.384999990463257,-10.68601518380374,0.0130104221739196,37.92352480293144,US
ONEH,TrueShares Equity Hedge ETF,ETF,ETF,24.4552001953125,-0.9910953848805484,-0.0019504425550785,44.908494128394096,US
ONEQ,Fidelity Nasdaq Composite Index ETF,ETF,ETF,103.77999877929688,-0.9354747393563356,0.0177451899589032,51.94726660267956,US
ONEV,State Street SPDR Russell 1000 Low Volatility Focus ETF,ETF,ETF,146.89999389648438,-1.4742070312743858,0.1235784630993594,43.46565930175721,US
ONEY,State Street SPDR Russell 1000 Yield Focus ETF,ETF,ETF,131.6510009765625,-2.603386283977391,0.0067654502721474,40.17095269180956,US
ONLN,ProShares Online Retail ETF,ETF,ETF,56.220001220703125,-2.5649905072218435,0.0463174372642203,40.37352814431007,US
ONOF,Global X Adaptive U.S. Risk Management ETF,ETF,ETF,40.61899948120117,-1.2159828943031323,-0.0012864949342175,47.67441473106456,US
OOMA,"Ooma, Inc.",Technology,Software - Application,22.770000457763672,-2.6090621253167257,-0.028288754873966,57.05135433737895,US
OOSP,Obra Opportunistic Structured Products ETF,ETF,ETF,10.085000038146973,-0.1583981216930367,-0.0005060936748403,50.10059203602224,US
OPEN,Opendoor Technologies Inc.,Real Estate,Real Estate Services,2.789999961853028,-10.862624286153473,-0.0049399309710553,29.378972182066576,US
OPER,ClearShares Ultra-Short Maturity ETF,ETF,ETF,100.1750030517578,0.0699262698934521,0.0005543877271017,87.429159473561,US
OPEX,Tradr 2X Long OPEN Daily ETF,ETF,ETF,5.400000095367432,-21.282798975675952,-0.0197894642883327,29.905022575631747,US
OPFI,OppFi Inc.,Financial Services,Credit Services,7.980000019073486,9.016391146645466,0.0284222766513464,56.553912169482174,US
OPK,"OPKO Health, Inc.",Healthcare,Diagnostics & Research,1.5700000524520874,-2.484469658237336,-0.0005917048718409,57.01246359819346,US
OPLN,"OPENLANE, Inc.",Consumer Cyclical,Auto & Truck Dealerships,35.279998779296875,1.0888172974324792,0.0125459859138965,47.00500551941524,US
OPPE,WisdomTree European Opportunities Fund,ETF,ETF,59.89500045776367,-0.2464880362736462,0.0101271165406726,52.96955860820864,US
OPRA,Opera Limited,Communication Services,Internet Content & Information,18.299999237060547,-0.7592261005551274,0.0287616217029955,43.85753450397675,US
OPTU,"Optimum Communications, Inc.",Communication Services,Telecom Services,1.0199999809265137,-1.9230751596258295,0.0004518095832395,55.907206970606765,US
OPTX,"Syntec Optics Holdings, Inc.",Technology,Electronic Components,7.099999904632568,-8.505158566784852,-0.0158875002877893,40.35112967625437,US
OPY,Oppenheimer Holdings Inc.,Financial Services,Capital Markets,123.29000091552734,-1.1624154024964402,-0.091941552345963,61.71773261730975,US
ORA,"Ormat Technologies, Inc.",Utilities,Utilities - Renewable,94.88999938964844,-8.92600329574605,-0.3010850650293686,34.759330589368034,US
ORC,"Orchid Island Capital, Inc.",Real Estate,REIT - Mortgage,6.329999923706055,-2.914111315587141,-0.0069341658107544,34.71760919501753,US
ORCL,Oracle Corporation,Technology,Software - Infrastructure,150.27999877929688,-2.4409209755363084,-0.5942561249257245,51.06469169881771,US
ORCS,Direxion Daily ORCL Bear 1X ETF,ETF,ETF,28.42099952697754,2.4918860301051566,0.1062886949138818,46.73649463169756,US
ORCX,Defiance Daily Target 2X Long ORCL ETF,ETF,ETF,22.3799991607666,-5.6492419535335445,-0.189459380436998,49.18903418412072,US
ORIC,"ORIC Pharmaceuticals, Inc.",Healthcare,Biotechnology,12.039999961853027,-5.494504096083662,-0.0024855029971145,40.79630414568101,US
ORKA,"Oruka Therapeutics, Inc.",Healthcare,Biotechnology,92.37999725341795,1.5276397651196216,0.2404205086690514,43.25988180816418,US
ORLY,"O'Reilly Automotive, Inc.",Consumer Cyclical,Auto Parts,85.81999969482422,-1.7853028240198632,0.0433150747348598,38.91913303540348,US
ORN,"Orion Group Holdings, Inc.",Industrials,Engineering & Construction,9.359999656677246,2.29508247980347,0.0147464610493793,42.65981202990431,US
ORO,Arrow Valtoro ETF,ETF,ETF,20.61739921569824,-1.8873166670720865,-0.0166537326295358,59.1739037471256,US
ORRF,"Orrstown Financial Services, Inc.",Financial Services,Banks - Regional,42.470001220703125,-1.5302569697825217,0.0111208598335773,52.6629534967589,US
OSBC,"Old Second Bancorp, Inc.",Financial Services,Banks - Regional,25.57999992370605,-0.3894095805348241,0.0091324435887202,57.31060218908964,US
OSCR,"Oscar Health, Inc.",Healthcare,Healthcare Plans,32.77000045776367,1.6439167236485068,0.0172254023018055,58.43257813290168,US
OSCV,Opus Small Cap Value Plus ETF,ETF,ETF,41.209999084472656,-1.175063955639737,0.0132665395061901,36.49304686386222,US
OSCX,Defiance Daily Target 2x Long OSCR ETF,ETF,ETF,39.40499877929688,-65.75086612665297,-1.3446675531444434,27.80132530766771,US
OSEA,Harbor International Compounders ETF,ETF,ETF,29.6200008392334,-2.179655985619549,0.0018388634336347,34.628616905808954,US
OSPN,OneSpan Inc.,Technology,Software - Infrastructure,16.850000381469727,0.5369937431909875,0.0274684732115025,60.24738001245199,US
OSS,"One Stop Systems, Inc.",Technology,Computer Hardware,9.1899995803833,-5.840170441920551,0.0214667097590161,31.004141908964613,US
OTCM,OTC Markets Group Inc.,Financial Services,Financial Data & Stock Exchanges,55.20000076293945,1.732404110733649,0.0023379554264542,53.18911983645042,US
OTF,Blue Owl Technology Finance Corp.,Financial Services,Asset Management,10.710000038146973,-6.299214766449087,-0.0133591970595929,41.46108150544028,US
OTGL,OTG Latin America ETF,ETF,ETF,10.975600242614746,-0.8706585185161578,-0.0127408715943896,54.177665604286574,US
OTIS,Otis Worldwide Corporation,Industrials,Specialty Industrial Machinery,69.0999984741211,-3.3296093607158994,0.0195380299762415,40.407233474189326,US
OUT,OUTFRONT Media Inc.,Real Estate,REIT - Specialty,28.6200008392334,-1.5479836956136623,0.010998463762264,35.14282208843744,US
OVID,Ovid Therapeutics Inc.,Healthcare,Biotechnology,2.690000057220459,-3.23740701782522,0.0009951738776091,48.85220037924411,US
OVLH,Overlay Shares Hedged Large Cap Equity ETF,ETF,ETF,42.040000915527344,-1.0054822519604592,-0.0023735896304603,45.06101244145832,US
OVS,Overlay Shares Small Cap Equity ETF,ETF,ETF,40.150001525878906,-1.905689649355416,0.0126014548552888,40.101958021347485,US
OVT,Overlay Shares Short Term Bond ETF,ETF,ETF,21.4689998626709,-0.7443333534091411,-0.001015619902502,40.16717692920564,US
OWLS,Obook Holdings Inc.,Technology,Software - Infrastructure,5.380000114440918,1.893937512479722,0.0063939394371365,49.27922191209579,US
OWN,Inside Ownership 100 ETF,ETF,ETF,24.899999618530277,-1.9298928038491328,0.0018558846284956,49.730726081346894,US
OWNB,Bitwise Bitcoin Standard Corporations ETF,ETF,ETF,20.948999404907227,-4.595139674762229,-0.0377933524319347,58.3091891070384,US
OWNS,CCM Affordable Housing MBS ETF,ETF,ETF,16.834999084472656,-1.2609980188184282,-0.0049750920726177,30.073093473165684,US
OXLC,Oxford Lane Capital Corp.,Financial Services,Asset Management,9.539999961853027,-1.2422348597782815,-0.005135817723489,56.89866342335737,US
OXM,"Oxford Industries, Inc.",Consumer Cyclical,Apparel Manufacturing,31.530000686645508,-13.92301455843813,0.0554269904427668,33.55445615304956,US
OXY,Occidental Petroleum Corporation,Energy,Oil & Gas E&P,61.459999084472656,1.867706661632094,0.0238474732364626,63.75161074265546,US
OZK,Bank OZK,Financial Services,Banks - Regional,49.09000015258789,-2.1526770097151986,0.0163136065477766,43.698443739471344,US
P,"Everpure, Inc.",Technology,Computer Hardware,98.18000030517578,0.0305642168420805,0.2753751720586965,51.404978402021534,US
PAA,PAA,N/A,N/A,26.100000381469727,2.232666194648322,0.000870234781665,67.23102359862327,US
PAAA,PGIM AAA CLO ETF,ETF,ETF,51.41999816894531,0.136318786571136,0.0003230279295758,96.63681785338858,US
PAB,PGIM Active Aggregate Bond ETF,ETF,ETF,40.970001220703125,-1.241411069233375,-0.0145555193175358,32.668526129819895,US
PACB,"Pacific Biosciences of California, Inc.",Healthcare,Medical Devices,1.2999999523162842,0.0,9.397582257852574e-07,47.92079257277822,US
PACK,Ranpak Holdings Corp.,Consumer Cyclical,Packaging & Containers,3.950000047683716,-9.817352865802134,-0.0004780507803014,23.3481036832995,US
PACS,"PACS Group, Inc.",Healthcare,Medical Care Facilities,44.7599983215332,3.9238417429384698,0.0558739332821994,54.56755382587341,US
PAGP,"Plains GP Holdings, L.P.",Energy,Oil & Gas Midstream,27.989999771118164,1.1199402547853916,-0.0168178932036886,63.20513752818804,US
PAHC,Phibro Animal Health Corporation,Healthcare,Drug Manufacturers - Specialty & Generic,35.619998931884766,-7.672376253718291,-0.1320986029256401,46.02602520816171,US
PALC,Pacer Lunt Large Cap Multi-Factor Alternator ETF,ETF,ETF,57.17290115356445,-0.7432172583969398,0.0666538203050021,49.47533820562303,US
PALL,abrdn Physical Palladium Shares ETF,ETF,ETF,23.6200008392334,-8.41411399480586,-0.0364595908595087,46.06458755186015,US
PALU,Direxion Daily PANW Bull 2X Shares,ETF,ETF,44.61000061035156,-0.91070600453849,0.0617794181489628,41.43990765749132,US
PAMC,Pacer Lunt MidCap Multi-Factor Alternator ETF,ETF,ETF,53.14759826660156,-2.9267611568921232,-0.0109411938201257,39.8895647943559,US
PANG,Leverage Shares 2X Long PANW Daily ETF,ETF,ETF,27.290000915527344,-1.1840520601119036,0.0316074062798887,41.2105958986871,US
PANL,Pangaea Logistics Solutions Ltd.,Industrials,Marine Shipping,8.40999984741211,1.447525767325323,-0.0034028723465502,63.15222092266366,US
PANW,"Palo Alto Networks, Inc.",Technology,Software - Infrastructure,330.6499938964844,-0.3886270215803791,0.1026795030467075,43.00840975140231,US
PAPR,Innovator U.S. Equity Power Buffer ETF - April,ETF,ETF,42.9900016784668,-0.3130395861639493,0.0009945942662372,57.41886179736466,US
PATH,"UiPath, Inc.",Technology,Software - Infrastructure,13.75,-24.53347684858677,-0.0194727082471306,38.94670958280331,US
PATN,Pacer Nasdaq International Patent Leaders ETF,ETF,ETF,35.7599983215332,0.5907147369323545,0.004780088760837,52.13884028983406,US
PATX,Tradr 2X Long PATH Daily ETF,ETF,ETF,10.779999732971191,-46.81796009115376,-0.042276100426438,37.37609790231215,US
PAUG,Innovator U.S. Equity Power Buffer ETF - August,ETF,ETF,46.54629898071289,-0.584580768678614,-0.0012525433068376,49.93589683509688,US
PAVE,Global X U.S. Infrastructure Development ETF,ETF,ETF,54.08000183105469,-1.1153717516394166,0.0392606833013926,38.95722608234363,US
PAWZ,ProShares Pet Care ETF,ETF,ETF,48.77000045776367,-5.867594740297611,-0.0328776481485106,30.784347299702688,US
PAX,Patria Investments Limited,Financial Services,Asset Management,10.619999885559082,-6.100800251614859,-0.0140331447724597,35.41755202477934,US
PAYC,"Paycom Software, Inc.",Technology,Software - Application,218.91000366210935,-8.984699911227244,-0.0326249854901803,53.34621892306375,US
PAYH,TrueShares S&P Autocallable High Income ETF,ETF,ETF,24.700000762939453,-2.2130725604208297,0.0045543841665932,49.212208918258334,US
PAYM,TrueShares S&P Autocallable Defensive Income ETF,ETF,ETF,25.0,-1.7295618114023608,-0.0213670914948376,42.50138674708254,US
PAYS,"Paysign, Inc.",Technology,Software - Infrastructure,13.010000228881836,0.385803939719836,0.0010033230826073,56.50791746970426,US
PAYX,"Paychex, Inc.",Technology,Software - Application,115.8000030517578,-7.419250594376671,0.0113101238099428,40.48058425491684,US
PB,"Prosperity Bancshares, Inc.",Financial Services,Banks - Regional,71.3499984741211,-1.4774920213724188,0.0040921775483398,41.1452006797487,US
PBAM,"Private Bancorp of America, Inc.",Financial Services,Banks - Regional,91.1999969482422,1.2208640319089905,0.000336723076161,83.72726482966196,US
PBAP,PGIM S&P 500 Buffer 20 ETF - April,ETF,ETF,31.549999237060547,-0.1740240657250441,0.002836010269618,58.40371529563477,US
PBAU,PGIM S&P 500 Buffer 20 ETF - August,ETF,ETF,31.989500045776367,-0.4403861402936192,0.0026305838225828,52.010528838124,US
PBD,Invesco Global Clean Energy ETF,ETF,ETF,17.530000686645508,-0.0570138446970273,0.0022362516871937,42.69314361646842,US
PBDC,Putnam BDC Income ETF,ETF,ETF,27.51000022888184,-2.5159429544587724,-0.0043168252182449,43.684321252060506,US
PBE,Invesco Biotechnology & Genome ETF,ETF,ETF,92.91000366210938,-5.885329707000959,-0.102733933216327,41.42648534823709,US
PBEU,Portfolio Building Block European Banks Index ETF,ETF,ETF,36.13999938964844,-0.3474313536443056,0.0248386033727135,58.58591292261487,US
PBF,PBF Energy Inc.,Energy,Oil & Gas Refining & Marketing,78.30000305175781,3.9426538543886593,0.062568375917384,64.42636331429752,US
PBFR,PGIM Laddered S&P 500 Buffer 20 ETF,ETF,ETF,31.149999618530277,-0.2880926800489194,-0.0016881146476488,54.03272610871724,US
PBFS,"Pioneer Bancorp, Inc.",Financial Services,Banks - Regional,18.059999465942383,0.1663825743450722,-0.0192515213079682,57.83291737193964,US
PBJ,Invesco Food & Beverage ETF,ETF,ETF,47.02999877929688,-2.265170774693526,-0.0005080390748418,40.34589540105684,US
PBJA,PGIM S&P 500 Buffer 20 ETF - January,ETF,ETF,32.87969970703125,-0.2406017404621571,0.0015208363737433,56.102242682275154,US
PBL,PGIM Portfolio Ballast ETF,ETF,ETF,33.51900100708008,-0.522328800528748,0.0146529308752709,48.29009468997329,US
PBMR,PGIM S&P 500 Buffer 20 ETF - March,ETF,ETF,32.65510177612305,-0.241031895734564,0.001780933285908,56.81444795136387,US
PBMY,PGIM S&P 500 Buffer 20 ETF - May,ETF,ETF,31.679399490356445,-0.360448930612381,0.0022378162359594,53.47752577900878,US
PBNV,PGIM S&P 500 Buffer 20 ETF - November,ETF,ETF,31.625099182128903,-0.2803226266248157,0.001934116454537,56.14438225411134,US
PBOG,Portfolio Building Block Integrated Oil And Gas And Exploration And Production Index ETF,ETF,ETF,36.23199844360352,1.5840935027043097,0.0046319576969776,64.43036306537438,US
PBOT,Pictet AI & Automation ETF,EQUITY,EQUITY,32.792999267578125,0.0579758591827952,0.0052480228656126,50.339113860009,US
PBPH,Portfolio Building Block World Pharma And Biotech Index ETF,ETF,ETF,28.21470069885254,-2.734758470665112,0.024053021729739,47.88559099740962,US
PBQQ,PGIM Laddered Nasdaq-100 Buffer 12 ETF,ETF,ETF,31.934999465942383,-0.0313045201983714,0.0026933049955808,57.499335574256,US
PBSC,Pacer Barings Secured Credit Flex ETF,ETF,ETF,25.13999938964844,-0.4356459815903465,-0.0037578892771802,46.062003849379366,US
PBSE,PGIM S&P 500 Buffer 20 ETF - September,ETF,ETF,31.23200035095215,-0.5825260520197677,0.0006640076078558,49.7884631795425,US
PBT,Permian Basin Royalty Trust,Energy,Oil & Gas Midstream,35.45000076293945,3.052323228156368,0.0123584070020497,68.82244546272793,US
PBTP,Invesco 0-5 Yr US TIPS ETF,ETF,ETF,25.61000061035156,-0.5050472491164063,-0.0065048565781309,31.511708106797485,US
PBUS,Invesco MSCI USA ETF,ETF,ETF,76.66999816894531,-1.1729874202517836,0.0182945359931835,50.44112137763045,US
PBW,Invesco WilderHill Clean Energy ETF,ETF,ETF,31.100000381469727,-1.3950555525856123,0.0040890301917704,39.88892224468529,US
PBYI,"Puma Biotechnology, Inc.",Healthcare,Biotechnology,9.119999885559082,-3.0818274873063007,-0.0111880385200106,52.24287933842317,US
PCAR,PACCAR Inc,Industrials,Farm & Heavy Construction Machinery,122.7300033569336,-1.429603042934109,0.1186505832832989,39.527278784302815,US
PCB,PCB Bancorp,Financial Services,Banks - Regional,27.8799991607666,-0.6414836372119511,0.0027130668327346,51.09747255744418,US
PCEB,Polen Euro High Yield Bond ETF,EQUITY,EQUITY,24.15530014038086,-1.4069382025271049,-0.0075243698077732,33.85763330481717,US
PCEF,Invesco CEF Income Composite ETF,ETF,ETF,19.989999771118164,-1.332677466502543,-0.0053321370613769,40.54245403747069,US
PCFI,Polen Floating Rate Income ETF,ETF,ETF,22.47570037841797,0.0699078120451364,-0.0028390112332915,63.62404176834122,US
PCG,PG&E Corporation,Utilities,Utilities - Regulated Electric,13.800000190734863,-1.1461307089892208,0.0298469677580563,34.79651835810928,US
PCHI,Polen High Income ETF,ETF,ETF,23.98500061035156,-0.7859302283563854,-0.0035659736106408,38.35910586988909,US
PCI,PGIM Corporate Bond 5-10 Year ETF,ETF,ETF,48.262001037597656,-1.1429714475924508,-0.0148629788402022,28.98592882927538,US
PCL,PGIM Corporate Bond 10+ Year ETF,ETF,ETF,46.97330093383789,-1.2419019687588448,-0.0065480085278994,37.30566181906555,US
PCLG,Polen Focus Growth ETF,ETF,ETF,22.57200050354004,-2.849267324105697,-0.0009649752558831,43.756849400519,US
PCLN,Pictet Cleaner Planet ETF,EQUITY,EQUITY,30.051000595092773,0.9812151257056096,0.0311816022634444,43.89812854535831,US
PCLO,Virtus SEIX AAA Private Credit CLO ETF,ETF,ETF,24.94499969482422,0.1163883776972799,-0.0003175655706854,80.09666198035809,US
PCMM,BondBloxx Private Credit CLO ETF,ETF,ETF,49.810001373291016,0.1045097345773201,0.0013589317294263,67.9578952166365,US
PCN,PIMCO Corporate & Income Strategy Fund,Financial Services,Asset Management,11.220000267028809,-3.3994381495687427,-0.0133742104912752,28.082111355222708,US
PCOR,"Procore Technologies, Inc.",Technology,Software - Application,53.2599983215332,-12.097708883635994,-0.0327464440334426,38.83993565578713,US
PCPI,PIMCO Inflation Plus Active Exchange-Traded Fund,ETF,ETF,50.09000015258789,0.2602103092424557,-0.0014720185465041,76.88872250731569,US
PCPP,Porter & Company Porter Portfolio Index ETF,ETF,ETF,26.8799991607666,-2.4319422680515146,-0.0082837019133564,49.49935592757009,US
PCQ,PIMCO California Municipal Income Fund,Financial Services,Asset Management,8.329999923706055,-2.037678307786931,0.0001968409344097,26.765614315382507,US
PCR,Simplify VettaFi Private Credit Strategy ETF,EQUITY,EQUITY,18.690000534057617,-2.2796137673756616,-8.171825978686709e-05,34.045891725836384,US
PCRX,"Pacira BioSciences, Inc.",Healthcare,Drug Manufacturers - Specialty & Generic,25.36000061035156,-4.6616532080277,-0.0436385847346545,48.927541221944274,US
PCS,PGIM Corporate Bond 0-5 Year ETF,ETF,ETF,49.35499954223633,-0.4698751776744363,-0.0069795086835222,32.408885746071846,US
PCSG,Polen 5Perspectives Small-Mid Growth ETF,ETF,ETF,21.60400009155273,-1.7553418989681149,-0.0123448666464535,40.86880965371461,US
PCT,"PureCycle Technologies, Inc.",Industrials,Pollution & Treatment Controls,6.019999980926514,-4.746838332062899,-0.0010035011248541,38.57472778716266,US
PCTY,Paylocity Holding Corporation,Technology,Software - Application,141.66000366210938,-8.269111972621722,-0.1144831374206902,42.326967539104665,US
PCVX,"Vaxcyte, Inc.",Healthcare,Biotechnology,59.470001220703125,-2.779135195569189,-0.0089096440865448,49.34235357128276,US
PDBC,Invesco Optimum Yield Diversified Commodity Strategy No K-1 ETF,ETF,ETF,19.790000915527344,3.666845245386544,-0.0057242539991381,71.85641139702591,US
PDD,PDD Holdings Inc.,Consumer Cyclical,Internet Retail,77.80999755859375,-4.679651872295352,0.0345515590863518,30.27049811267105,US
PDDL,GraniteShares 2x Long PDD Daily ETF,ETF,ETF,10.840999603271484,-9.793643535924192,0.0117006249441646,29.38038706186218,US
PDEC,Innovator U.S. Equity Power Buffer ETF - December,ETF,ETF,46.86000061035156,-0.4122927713214933,-0.0025856443707458,53.23229875031741,US
PDI,PIMCO Dynamic Income Fund,Financial Services,Asset Management,14.43000030517578,-4.46895531095198,-0.0258733526680718,29.183291235217663,US
PDLB,"Ponce Financial Group, Inc.",Financial Services,Banks - Regional,20.540000915527344,0.1951264172065548,0.0093638555635818,54.05484380820755,US
PDM,"Piedmont Realty Trust, Inc.",Real Estate,REIT - Office,9.56999969482422,-1.2383889654857474,0.0046459352243027,49.35858841690388,US
PDO,Pimco Dynamic Income Opportunities Fund,Financial Services,Asset Management,12.020000457763672,-5.268642234009051,-0.0234325973452757,34.78750481543585,US
PEB,Pebblebrook Hotel Trust,Real Estate,REIT - Hotel & Motel,17.84000015258789,0.6204208301840027,0.0020592244550725,44.8141156237883,US
PEBO,Peoples Bancorp Inc.,Financial Services,Banks - Regional,39.810001373291016,0.3782186748765057,0.0241335114871703,49.5420255384204,US
PECO,"Phillips Edison & Company, Inc.",Real Estate,REIT - Retail,38.40999984741211,-1.9652895655081264,-0.0158281538897088,32.36902368055017,US
PEG,Public Service Enterprise Group Incorporated,Utilities,Utilities - Regulated Electric,72.38999938964844,-1.0306751333091482,-0.0173190978121369,37.59405220945709,US
PEGA,Pegasystems Inc.,Technology,Software - Application,36.2400016784668,-3.9236465915701264,-0.0211801441014141,58.85216109495952,US
PEO,"Adams Natural Resources Fund, Inc.",Financial Services,Asset Management,29.1200008392334,0.796128260450475,-0.0214273829014166,62.35052050451432,US
PEP,"PepsiCo, Inc.",Consumer Defensive,Beverages - Non-Alcoholic,136.32000732421875,-1.6024260746189325,-0.0290453823631444,42.35615241513352,US
PEPS,Parametric Equity Plus ETF,ETF,ETF,32.685001373291016,-1.1880940571194365,-0.0051647298906344,48.838383288533535,US
PEVC,PEVC,N/A,N/A,31.3700008392334,-2.3289096163318166,0.0048998544211003,49.42950068806345,US
PEX,ProShares Global Listed Private Equity ETF,ETF,ETF,23.540000915527344,-2.2831018413317143,-0.0031740633460536,44.56796960744134,US
PEXL,PEXL,N/A,N/A,70.89900207519531,-0.618158516026007,-0.0214687576372994,45.34464841787394,US
PEZ,Invesco Dorsey Wright Consumer Cyclicals Momentum ETF,ETF,ETF,95.09870147705078,-1.625423318151361,0.0621324307056994,37.31672235744193,US
PFBC,Preferred Bank,Financial Services,Banks - Regional,102.9800033569336,-1.2087437957190048,0.0236151627501207,46.11796988762485,US
PFDE,Pathfinder Disciplined US Equity ETF,ETF,ETF,27.981300354003903,-2.0879654960634983,-0.0154646382581377,43.60062768605755,US
PFE,Pfizer Inc.,Healthcare,Drug Manufacturers - General,27.71999931335449,-3.7834091384709314,-0.0176541818545968,53.41540820560337,US
PFEB,Innovator U.S. Equity Power Buffer ETF - February,ETF,ETF,44.0,-0.2041282655396135,0.0074989108065794,57.987404623261256,US
PFF,iShares Preferred and Income Securities ETF,ETF,ETF,30.149999618530277,-0.6917028577057638,0.0028511191760237,45.05061379689678,US
PFFL,ETRACS 2xMonthly Pay Leveraged Preferred Stock Index ETN,ETF,ETF,7.179999828338623,-1.373631574007319,0.0027400752540638,39.7848897460485,US
PFFR,InfraCap REIT Preferred ETF,ETF,ETF,17.219999313354492,-1.148110000364608,-0.0015984223565889,34.07089183526658,US
PFG,"Principal Financial Group, Inc.",Financial Services,Asset Management,116.16999816894533,-1.974520230448784,0.0389558588455162,59.511814746627984,US
PFI,Invesco Dorsey Wright Financial Momentum ETF,ETF,ETF,61.33449935913086,-2.380236238007959,-0.0201971648974278,42.56514873991828,US
PFIG,Invesco Fundamental Investment Grade Corporate Bond ETF,ETF,ETF,23.3799991607666,-0.9741696045705274,-0.0057856791048911,29.587877032786125,US
PFIS,Peoples Financial Services Corp.,Financial Services,Banks - Regional,71.9800033569336,1.5089545050975242,0.034042057899541,62.99836963924071,US
PFIX,Simplify Interest Rate Hedge ETF,ETF,ETF,53.369998931884766,2.971246471975556,0.0719098438572983,60.66821837107765,US
PFM,Invesco Dividend Achievers ETF,ETF,ETF,56.5099983215332,-1.5333700600700166,0.0178220061643538,43.00886681919231,US
PFN,PIMCO Income Strategy Fund II,Financial Services,Asset Management,6.5,-4.920752111236855,-0.0107845499445375,21.35599366879184,US
PFOE,Pathfinder Focused Opportunities ETF,ETF,ETF,22.608800888061523,-1.98638123110026,0.0192410531547448,41.75917618132026,US
PFRL,PGIM Floating Rate Income ETF,ETF,ETF,49.81999969482422,0.1205815420316253,0.0041884028898689,64.62816051675986,US
PFSI,"PennyMac Financial Services, Inc.",Financial Services,Mortgage Finance,70.36000061035156,-3.919162385659365,0.0032277724241907,35.39773111434435,US
PG,The Procter & Gamble Company,Consumer Defensive,Household & Personal Products,145.27000427246094,-1.123056028483627,0.0683961507892391,50.1424544321744,US
PGC,Peapack-Gladstone Financial Corporation,Financial Services,Banks - Regional,45.79999923706055,-0.3047440005081834,-0.0096518376889121,51.05833864483396,US
PGEN,"Precigen, Inc.",Healthcare,Biotechnology,6.849999904632568,-4.061624191538945,0.0057851452460578,52.07648918907568,US
PGF,Invesco Financial Preferred ETF,ETF,ETF,13.18000030517578,-0.9022547657005088,7.864200902215485e-05,32.552356148778046,US
PGHY,Invesco Global ex-US High Yield Corporate Bond ETF,ETF,ETF,19.530000686645508,-0.4079547231825429,-0.0028123983496036,42.64673714534494,US
PGJ,Invesco Golden Dragon China ETF,ETF,ETF,22.489999771118164,-2.9767063199889146,0.0091678668304383,31.306218975575064,US
PGNY,"Progyny, Inc.",Healthcare,Healthcare Plans,27.350000381469727,2.780908508623997,0.0182586891384638,52.85937049181452,US
PGR,The Progressive Corporation,Financial Services,Insurance - Property & Casualty,217.6199951171875,-2.7917988727021505,0.0270666500142395,51.08266289024761,US
PGRI,Putnam International Stock ETF,EQUITY,EQUITY,26.32699966430664,-0.0113948325412367,0.0092228983855632,43.944072204114114,US
PGRO,Putnam Focused Large Cap Growth ETF,ETF,ETF,46.15999984741211,-1.8707505335629289,-0.0255853000037569,43.911986812606735,US
PGX,Invesco Preferred ETF,ETF,ETF,10.43000030517578,-0.8555147212134508,9.796141515134445e-05,33.51904216849108,US
PGY,Pagaya Technologies Ltd.,Technology,Software - Infrastructure,19.96999931335449,-12.756662971404268,-0.0910602156441469,43.850572006855856,US
PH,Parker-Hannifin Corporation,Industrials,Specialty Industrial Machinery,950.22998046875,-1.4815699802109716,1.4658659185813434,40.08969341898849,US
PHAT,"Phathom Pharmaceuticals, Inc.",Healthcare,Biotechnology,8.359999656677246,-7.624315132766742,-0.0330172334117637,38.4336889562191,US
PHDG,Invesco S&P 500 Downside Hedged ETF,ETF,ETF,41.18000030517578,-1.1521832549073938,0.0151690626963323,47.941693321876045,US
PHEQ,Parametric Hedged Equity ETF,ETF,ETF,35.22460174560547,-0.5516556562421244,-0.0038910441966636,56.106484927717936,US
PHK,PIMCO High Income Fund,Financial Services,Asset Management,4.340000152587891,-2.4991081882777912,-0.0026514666608369,29.41032609976355,US
PHM,"PulteGroup, Inc.",Consumer Cyclical,Residential Construction,118.26000213623048,-4.866861508473287,0.0739859588614848,36.83885880925786,US
PHR,"Phreesia, Inc.",Healthcare,Health Information Services,10.3100004196167,-7.117116528859301,0.0130619490209795,37.00278209418661,US
PI,"Impinj, Inc.",Technology,Semiconductors,176.82000732421875,0.9765328695716428,0.3983866729733307,58.30134455401117,US
PICS,PicS N.V.,Technology,Software - Infrastructure,10.210000038146973,-12.8095644330789,-0.0402464704117601,41.44846346069995,US
PID,Invesco International Dividend Achievers ETF,ETF,ETF,22.40999984741211,-2.987015249623629,-0.0034868052357044,37.99893572528608,US
PIE,Invesco Dorsey Wright Emerging Markets Momentum ETF,ETF,ETF,33.59000015258789,-0.5035491036647424,-0.0195211905758075,53.73284363759124,US
PIFI,ClearShares Piton Intermediate Fixed Income ETF,ETF,ETF,92.08000183105467,-0.8506524089194331,-0.0072117207249259,28.265001743310904,US
PII,Polaris Inc.,Consumer Cyclical,Recreational Vehicles,58.5099983215332,-4.223280118858199,0.0052908749865794,32.01401774682341,US
PILL,Direxion Daily Pharmaceutical & Medical Bull 3X Shares ETF,ETF,ETF,18.049999237060547,-13.512225629006904,-0.0600684928755219,35.85959072888606,US
PINC,PGIM Securitized Income ETF,ETF,ETF,49.58000183105469,-0.4417618662173392,-0.0087325431341297,36.099580962928734,US
PIO,Invesco Global Water ETF,ETF,ETF,43.2599983215332,-2.4357280724809685,0.0012057198835111,34.59317816155314,US
PIPE,Invesco SteelPath MLP & Energy Infrastructure ETF,ETF,ETF,30.68099975585937,-1.16294073566318,-0.0261367726539469,48.831928179115536,US
PIPR,Piper Sandler Companies,Financial Services,Capital Markets,76.43000030517578,-1.6977488036324355,-0.0444969268280188,53.19574360651507,US
PIT,VanEck Commodity Strategy ETF,ETF,ETF,83.12999725341797,3.421249183836048,-0.0217779855544815,72.86267589804827,US
PIZ,Invesco Dorsey Wright Developed Markets Momentum ETF,ETF,ETF,54.0,0.2785543734991804,0.0090415013463087,52.53220729372666,US
PJFG,PGIM Jennison Focused Growth ETF,ETF,ETF,117.15799713134766,-0.8656235999230483,0.0358281618620385,50.09772822340042,US
PJFM,PGIM Jennison Focused Mid-Cap ETF,ETF,ETF,66.49199676513672,0.3895213952827779,0.0425391192074335,47.91851366521533,US
PJFV,PGIM Jennison Focused Value ETF,ETF,ETF,100.94000244140624,0.0793196813112815,0.080463669755624,54.8377543601688,US
PJIO,PGIM Jennison International Opportunities ETF,ETF,ETF,61.97100067138672,-0.4001937390408691,0.013170230918279,42.94484342231531,US
PJUL,Innovator U.S. Equity Power Buffer ETF - July,ETF,ETF,49.52000045776367,-0.6420539603622034,-0.0033021393714239,48.97393283107292,US
PJUN,Innovator U.S. Equity Power Buffer ETF - June,ETF,ETF,43.98899841308594,-0.5223943944828195,0.0079010094528415,52.744923878819655,US
PJUS,PGIM Jennison U.S. Core Equity ETF,ETF,ETF,52.59000015258789,-0.7548622630850987,0.0193174118188331,51.73546711008639,US
PKB,Invesco Building & Construction ETF,ETF,ETF,94.83999633789062,-1.4751774016483012,0.1022751156103938,37.60532896299098,US
PKG,Packaging Corporation of America,Consumer Cyclical,Packaging & Containers,234.3999938964844,-0.0724787579084589,0.4914371371522819,43.37051434281741,US
PKOH,Park-Ohio Holdings Corp.,Industrials,Specialty Industrial Machinery,46.45000076293945,3.383041280746604,0.0428880841528604,55.771049382473805,US
PLAB,"Photronics, Inc.",Technology,Semiconductor Equipment & Materials,28.989999771118164,2.874377065899504,0.0511920076196181,45.49515324288178,US
PLAY,"Dave & Buster's Entertainment, Inc.",Communication Services,Entertainment,8.140000343322754,-6.113030314963315,0.0047587858727311,35.50518555538547,US
PLBC,Plumas Bancorp,Financial Services,Banks - Regional,62.65999984741211,-0.9171439210321496,0.0024530532091481,56.79170922138375,US
PLD,"Prologis, Inc.",Real Estate,REIT - Industrial,135.75,-1.879295980348754,0.0492617420259102,38.70362131800817,US
PLGO,Pelagos Insurance Capital Limit,Financial Services,Insurance - Diversified,25.200000762939453,-1.408445659330364,-0.0066278475402381,57.037051817749365,US
PLNT,"Planet Fitness, Inc.",Consumer Cyclical,Leisure,50.75,-1.4563106796116505,0.064956840586095,45.91112112662172,US
PLOW,"Douglas Dynamics, Inc.",Consumer Cyclical,Auto Parts,40.2400016784668,-2.5665800924339037,-0.0479639438496228,38.371627462261856,US
PLPC,Preformed Line Products Company,Industrials,Electrical Equipment & Parts,423.5400085449219,7.872552601102154,1.7511953186651763,55.23009973816709,US
PLSE,"Pulse Biosciences, Inc.",Healthcare,Medical Instruments & Supplies,53.11000061035156,-2.924508318215622,-0.0587727696081299,63.01002521621242,US
PLTA,ProShares Ultra PLTR,EQUITY,EQUITY,17.344999313354492,-16.610577165551447,-0.0118659951331501,46.945502414384976,US
PLTG,Leverage Shares 2X Long PLTR Daily ETF,ETF,ETF,16.104999542236328,-16.89886357250351,-0.0138455507377175,46.84983719597312,US
PLTK,Playtika Holding Corp.,Communication Services,Electronic Gaming & Multimedia,2.309999942779541,3.1249970064631656,0.00788214372642,37.99293319048459,US
PLTM,GraniteShares Platinum Trust,ETF,ETF,17.229999542236328,-1.3172941254095991,-0.0167005116958736,51.15003193909886,US
PLTR,Palantir Technologies Inc.,Technology,Software - Infrastructure,167.22999572753906,-8.382185478594979,-0.0673114975222128,49.15742418800516,US
PLTW,Roundhill PLTR WeeklyPay ETF,ETF,ETF,22.34000015258789,-10.254242995921878,-0.0136482201874716,48.5715076381887,US
PLTZ,Defiance Daily Target 2X Short PLTR ETF,ETF,ETF,10.079999923706056,18.032786519109948,-0.0002978956716876,39.93223608489992,US
PLU,Defiance Daily Target 2X Long PL ETF,ETF,ETF,4.769999980926514,-20.76411966711697,0.0025970294698378,24.289039353594603,US
PLUL,Leverage Shares 2X Long PLUG Daily ETF,ETF,ETF,7.269000053405762,-1.9425340797371036,-0.0261589142148083,42.2514737889287,US
PLUS,ePlus inc.,Technology,Software - Application,91.83000183105467,1.0564532358933658,0.1630975065225092,59.34873277275955,US
PLWN,Pinelawn Cemetery,Consumer Cyclical,Personal Services,575.0,0.0,-0.2947938064023825,99.95335516773412,US
PLXS,Plexus Corp.,Technology,Electronic Components,255.33999633789065,5.48188070069275,0.6001626303412282,54.60346784879847,US
PLYY,GraniteShares YieldBoost PLTR ETF,ETF,ETF,8.02400016784668,-1.6335420159632918,0.0010627522207371,43.20245245641168,US
PM,Philip Morris International Inc.,Consumer Defensive,Tobacco,191.05999755859372,2.6266312712808144,0.3333530303308841,54.57543213330908,US
PMAP,PGIM S&P 500 Max Buffer ETF - April,ETF,ETF,27.575000762939453,0.0362787182589758,0.0010332623115796,67.66587077576955,US
PMAR,Innovator U.S. Equity Power Buffer ETF - March,ETF,ETF,48.744998931884766,-0.2761909436997365,0.0023224566854946,56.15698976732564,US
PMAU,PGIM S&P 500 Max Buffer ETF - August,ETF,ETF,26.915000915527344,-0.1854227212223781,0.0013768533125716,53.320818826696815,US
PMAY,Innovator U.S. Equity Power Buffer ETF - May,ETF,ETF,42.06999969482422,-0.4378212486441372,-0.000480311658442,52.21745211355584,US
PMDE,PGIM S&P 500 Max Buffer ETF - December,ETF,ETF,26.184999465942383,0.0190953426597677,0.0011397850085392,66.09648452366673,US
PMFB,PGIM S&P 500 Max Buffer ETF - February,ETF,ETF,27.625,-0.018093235318299,0.0012141979598419,64.60019628738993,US
PMJA,PGIM S&P 500 Max Buffer ETF - January,ETF,ETF,27.78499984741211,0.0,0.0009087870299683,67.12482781788506,US
PMJL,PGIM S&P 500 Max Buffer ETF - July,ETF,ETF,26.8799991607666,-0.170843917809894,9.322416821941348e-05,51.936133390085445,US
PMJN,PGIM S&P 500 Max Buffer ETF - June,ETF,ETF,26.940000534057617,-0.1852509725252045,0.0015383792718658,54.111652301649045,US
PML,PIMCO Municipal Income Fund II,Financial Services,Asset Management,6.920000076293945,-3.874491438265542,-0.005006089721018,21.39347987822524,US
PMMF,iShares Prime Money Market ETF,ETF,ETF,100.27999877929688,0.0787981864158444,-0.0008863271177757,94.15575180563792,US
PMMR,PGIM S&P 500 Max Buffer ETF - March,ETF,ETF,27.405000686645508,-0.0182384560176258,0.00127001361345,63.85432980789859,US
PMMY,PGIM S&P 500 Max Buffer ETF - May,ETF,ETF,27.065000534057617,-0.1291507266399942,0.0005063190948955,58.33912504322703,US
PMNV,PGIM S&P 500 Max Buffer ETF - November,ETF,ETF,26.34499931335449,0.01897934980122,0.0010412178951122,65.42133936690183,US
PMOC,PGIM S&P 500 Max Buffer ETF - October,ETF,ETF,26.44499969482422,0.0378295028706914,6.407320203202088e-05,74.68818879818929,US
PMSE,PGIM S&P 500 Max Buffer ETF - September,ETF,ETF,26.57999992370605,-0.3748140192124624,-0.0020940290426566,50.92121424475571,US
PMT,PennyMac Mortgage Investment Trust,Real Estate,REIT - Mortgage,9.170000076293944,-4.776739695539231,-0.0159165880559792,39.77842003888193,US
PNC,"The PNC Financial Services Group, Inc.",Financial Services,Banks - Regional,244.2400054931641,-0.383386577492968,0.1929238755468161,48.15992665342927,US
PNOV,Innovator U.S. Equity Power Buffer ETF - November,ETF,ETF,45.43999862670898,-0.3290228676833893,0.0071470886840633,56.24082476970953,US
PNQI,Invesco NASDAQ Internet ETF,ETF,ETF,51.09999847412109,-3.530305273716225,0.0233240630410805,48.99096464193437,US
PNTG,"The Pennant Group, Inc.",Healthcare,Medical Care Facilities,39.20000076293945,1.7125060501651486,0.0055810916837251,54.01174132416229,US
POCT,Innovator U.S. Equity Power Buffer ETF October,ETF,ETF,47.52999877929688,0.0,0.0044507705073797,64.1503551077456,US
POET,POET Technologies Inc.,Technology,Semiconductors,7.949999809265137,8.458388704124427,0.0157542355819741,49.06613331005981,US
PONX,Tradr 2X Long PONY Daily ETF,ETF,ETF,13.208999633789062,-16.514979082393136,-0.00468661110456,34.61782014668218,US
POOL,Pool Corporation,Industrials,Industrial Distribution,173.0399932861328,-5.992292931600638,-0.1671607680416484,32.65036969704309,US
POR,Portland General Electric Company,Utilities,Utilities - Regulated Electric,48.2400016784668,-1.891390126318697,-0.02693536645016,38.847672266880025,US
POST,"Post Holdings, Inc.",Consumer Defensive,Packaged Foods,80.19000244140625,-4.830286721621365,-0.1256454584171644,41.33492048229386,US
POW,VistaShares Electrification Supercycle ETF,EQUITY,EQUITY,26.149999618530277,2.629513690466655,0.0264677028063443,48.38593604487603,US
POWA,Invesco Bloomberg Pricing Power,ETF,ETF,88.19000244140625,-2.7780803312760347,0.052726565675328,35.99916272479025,US
POWI,"Power Integrations, Inc.",Technology,Semiconductors,52.27999877929688,3.44281328106378,0.2360951471997787,41.16109320349321,US
PPA,Invesco Aerospace & Defense ETF,ETF,ETF,161.80999755859375,-2.2709486013744984,0.192950209317869,30.784524819137943,US
PPC,Pilgrim's Pride Corporation,Consumer Defensive,Packaged Foods,30.239999771118164,-0.884957245946134,0.0015976894857012,51.54672237179822,US
PPG,"PPG Industries, Inc.",Basic Materials,Specialty Chemicals,105.5,-4.740406320541761,-0.0657614377316246,34.54306912369367,US
PPH,VanEck Pharmaceutical ETF,ETF,ETF,109.44000244140624,-5.467732905941366,-0.053869509010074,40.00831079945443,US
PPI,Astoria Real Asset ETF,ETF,ETF,21.086000442504883,-1.1485581504395683,-0.0015800452532532,42.24808374495752,US
PPL,PPL Corporation,Utilities,Utilities - Regulated Electric,34.08000183105469,-2.126281530340753,-0.0164885830341522,41.19493993662419,US
PPTY,Vident U.S. Diversified Real Estate ETF,ETF,ETF,32.63999938964844,-1.7607196729544208,0.0055203944106479,31.870998210657618,US
PQAP,PGIM Nasdaq-100 Buffer 12 ETF - April,ETF,ETF,32.584999084472656,-0.275440412209133,-0.0033858175240112,57.305535358820606,US
PQDI,Principal Spectrum Preferred and Income ETF,ETF,ETF,19.0,-0.7158861706403846,-0.0046420443115332,32.01097698247257,US
PQJA,PGIM Nasdaq-100 Buffer 12 ETF - January,ETF,ETF,32.22380065917969,-0.2976455338888407,-0.0029011980708018,56.428920346808816,US
PQJL,PGIM Nasdaq-100 Buffer 12 ETF - July,ETF,ETF,30.85140037536621,-0.7259365169654418,-0.0067981996614744,49.42726581374432,US
PQNT,Pictet AI Enhanced International Equity ETF,EQUITY,EQUITY,23.375,-1.5374885199544903,0.0042935538035165,47.975155599821456,US
PQOC,PGIM Nasdaq-100 Buffer 12 ETF - October,ETF,ETF,32.03929901123047,-0.0489823546898462,-0.0025228082624138,61.22286880024429,US
PQUS,Pictet AI Enhanced US Equity ETF,EQUITY,EQUITY,28.309999465942383,-0.9793658102522356,0.0005329476051912,47.61187486931338,US
PR,PR,N/A,N/A,23.780000686645508,0.1684958547304134,-0.0040298887463287,62.8885290149172,US
PRAB,State Street IG Public & Private ABS ETF,EQUITY,EQUITY,24.790000915527344,-0.0806068151774522,-0.001150074208576,37.06934122272283,US
PRAE,PlanRock Alternative Growth ETF,ETF,ETF,41.33520126342773,-0.4522735634939993,-0.0051099263946523,55.35051320287374,US
PRAY,FIS Christian Stock Fund ETF,ETF,ETF,35.051998138427734,-1.456287772956767,0.0029761551803055,43.44503477785055,US
PRCH,"Porch Group, Inc.",Financial Services,Insurance - Property & Casualty,16.450000762939453,-8.914721764189814,-0.0144542508115482,49.48729653286551,US
PRCS,Parnassus Core Select ETF,ETF,ETF,28.51259994506836,-2.25368573707974,0.0064201476137895,40.148697052506186,US
PRCT,PROCEPT BioRobotics Corporation,Healthcare,Medical Devices,20.3799991607666,-4.632670283518394,-0.0325830271939148,46.78264379896551,US
PRDO,Perdoceo Education Corporation,Consumer Defensive,Education & Training Services,33.02000045776367,-0.5121969749300017,-0.010283931975133,52.08144683588672,US
PRF,Invesco RAFI US 1000 ETF,ETF,ETF,55.959999084472656,-1.0258256485018982,0.0155818081983745,52.19661658383891,US
PRFD,PIMCO Preferred And Capital Securities Active Exchange-Traded Fund,ETF,ETF,49.81999969482422,-1.072281391943323,-0.0134517149867621,29.717666705782666,US
PRFZ,Invesco RAFI US 1500 Small-Mid ETF,ETF,ETF,53.61000061035156,-1.974763290321208,0.0113389659114956,39.11800151587046,US
PRG,"PROG Holdings, Inc.",Industrials,Rental & Leasing Services,36.959999084472656,-3.925141898404312,-0.0087775188942602,34.810557120238485,US
PRGO,Perrigo Company plc,Healthcare,Drug Manufacturers - Specialty & Generic,13.65999984741211,-4.274706312428241,-0.0432898831335983,52.72798021259824,US
PRGS,Progress Software Corporation,Technology,Software - Infrastructure,39.91999816894531,-10.513343145568024,-0.0820596480027016,39.74690428321733,US
PRIM,Primoris Services Corporation,Industrials,Engineering & Construction,75.27999877929688,2.296511109535261,0.1493574727599766,44.5681915867327,US
PRIV,State Street IG Public & Private Credit ETF,ETF,ETF,24.44499969482422,-0.9722494482906068,-0.0076788996395841,31.37908227212175,US
PRKS,United Parks & Resorts Inc.,Consumer Cyclical,Leisure,36.5,-10.120661286825776,-0.0962267236239506,26.754689932915863,US
PRLB,"Proto Labs, Inc.",Industrials,Metal Fabrication,81.9800033569336,3.0806043194288346,0.1577955780939246,52.41000502503846,US
PRM,"Perimeter Solutions, Inc.",Basic Materials,Specialty Chemicals,31.559999465942383,-1.528860476700293,0.0350780426874367,47.93267357146664,US
PRME,"Prime Medicine, Inc.",Healthcare,Biotechnology,3.130000114440918,-15.633420963406412,-0.0262722471753576,41.24808120907218,US
PRMR,PeakShares RMR Prime Equity ETF,ETF,ETF,28.486900329589844,-0.9013426484171814,3.126683979373657e-05,48.61503484310032,US
PRN,Invesco Dorsey Wright Industrials Momentum ETF,ETF,ETF,201.6699981689453,2.1734690343532246,0.4094839654235285,43.89966687547141,US
PRNT,The 3D Printing ETF,ETF,ETF,24.09000015258789,-4.138476095941841,0.0012404970740574,37.16344086022476,US
PROK,ProKidney Corp.,Healthcare,Biotechnology,1.7999999523162842,-6.250000388051082,-0.011342568055485,53.46430764831171,US
PRSD,State Street Short Duration Ig Public & Private Credit ETF,EQUITY,EQUITY,24.78499984741211,-0.4218543383331566,-0.0023056398197604,39.13941678937915,US
PRSU,"Pursuit Attractions and Hospitality, Inc.",Consumer Cyclical,Travel Services,48.54999923706055,1.1458317438761392,0.0377725814332332,49.110196040098735,US
PRTA,Prothena Corporation plc,Healthcare,Biotechnology,8.930000305175781,-6.979167184068076,-0.0300940732699179,44.14027762027976,US
PRTH,"Priority Technology Holdings, Inc.",Technology,Software - Infrastructure,5.940000057220459,9.594095453999996,0.0229461623600693,57.4437726982822,US
PRTO,RCN Pareto Strategic Allocation ETF,EQUITY,EQUITY,27.57550048828125,-2.145137723023742,-0.0088649613853782,41.02926387561509,US
PRU,"Prudential Financial, Inc.",Financial Services,Insurance - Life,119.23999786376952,-3.2142850507831584,0.0495679442799927,49.302274200634784,US
PRVS,Parnassus Value Select ETF,ETF,ETF,32.75630187988281,-1.700627044476943,-0.0006794906441474,42.29083941395207,US
PRXG,Praxis Impact Large Cap Growth ETF,ETF,ETF,39.7151985168457,-0.761624031563045,0.0011031826945664,50.18400680701187,US
PRXI,Praxis Impact International ETF,ETF,ETF,25.6299991607666,-1.4988519989848976,0.000145633441685,48.80245015843181,US
PRXV,Praxis Impact Large Cap Value ETF,ETF,ETF,35.717899322509766,-1.8469361868960588,-0.003610320174851,44.23064222096201,US
PSA,Public Storage,Real Estate,REIT - Industrial,296.5,-3.0190071810584795,0.3053292713549469,31.788362630645903,US
PSAI,Pacer S&P 500 3AI TOP 100 ETF,ETF,ETF,28.270000457763672,-0.4226802904705931,0.018631580637602,51.76620131073078,US
PSCD,Invesco S&P SmallCap Consumer Discretionary ETF,ETF,ETF,112.18090057373048,-4.053282303654345,0.082892885499227,36.539866194706825,US
PSCE,Invesco S&P SmallCap Energy ETF,ETF,ETF,64.3499984741211,1.6748262652239811,-0.0213917447823412,62.93100886394528,US
PSCF,Invesco S&P SmallCap Financials ETF,ETF,ETF,64.96510314941406,-2.557214738795936,0.0080228918379782,39.64488845186861,US
PSCH,Invesco S&P SmallCap Health Care ETF,ETF,ETF,52.95000076293945,-3.287669839379994,-0.0209155896832676,34.727150156160874,US
PSCI,Invesco S&P SmallCap Industrials ETF,ETF,ETF,166.66000366210938,-2.160380858809886,0.1127901978734646,35.22707691615568,US
PSCM,Invesco S&P SmallCap Materials ETF,ETF,ETF,94.42389678955078,-6.120605418007828,-0.2089490192321285,32.166808722001505,US
PSCT,Invesco S&P SmallCap Information Technology ETF,ETF,ETF,79.20999908447266,2.497412442626518,0.1205274084260628,50.88727302439707,US
PSCU,Invesco S&P SmallCap Utilities & Communication Services ETF,ETF,ETF,63.88999938964844,-1.813432166451417,0.0028412251493892,42.66704795321328,US
PSCW,Pacer Swan SOS Conservative (April) ETF,ETF,ETF,30.489999771118164,-0.39203148265478,-0.0045825833716012,51.93159959010747,US
PSDM,PGIM Short Duration Multi-Secto,ETF,ETF,50.470001220703125,-0.5125139441736759,-0.0061005921087847,36.36660189064139,US
PSEC,Prospect Capital Corporation,Financial Services,Asset Management,2.220000028610229,1.3698616715036245,0.0029278605318669,49.981546960052526,US
PSEP,Innovator U.S. Equity Power Buffer ETF - September,ETF,ETF,46.70000076293945,-0.6382962490649934,-0.0045817050881734,49.70052665583254,US
PSET,Principal Quality ETF,ETF,ETF,78.1436996459961,-1.6367511632704257,0.0539404007118062,42.13979351716872,US
PSFD,Pacer Swan SOS Flex (January) ETF,ETF,ETF,40.61000061035156,-0.6240084611316764,-0.0071931634002775,50.308703589635215,US
PSFF,Pacer Swan SOS Fund of Funds ETF,ETF,ETF,34.93000030517578,-0.455969925096479,-0.0033696398433723,52.21434847527915,US
PSFM,Pacer Swan SOS Flex (April) ETF,ETF,ETF,35.470001220703125,-0.5328060222153165,-0.0055939153019941,51.399988862969565,US
PSH,PGIM Short Duration High Yield ETF,ETF,ETF,49.47499847412109,-0.5127711048914422,-0.0078425965836617,40.43119557311817,US
PSI,Invesco Semiconductors ETF,ETF,ETF,139.6999969482422,7.710100412716725,0.2439155477308761,50.5188635814704,US
PSIX,"Power Solutions International, Inc.",Industrials,Specialty Industrial Machinery,42.11000061035156,15.623291398894176,0.0432008020342047,60.95625869612088,US
PSK,State Street SPDR ICE Preferred Securities ETF,ETF,ETF,29.06999969482422,-1.0551377630954777,-0.0035618553514928,30.006320507324304,US
PSL,Invesco Dorsey Wright Consumer Staples Momentum ETF,ETF,ETF,109.9499969482422,-3.704679756198817,-0.0187290778349982,31.03274707478896,US
PSMD,Pacer Swan SOS Moderate (January) ETF,ETF,ETF,34.91999816894531,-0.5666485810974845,-0.0063013170711399,50.52369531566611,US
PSMJ,Pacer Swan SOS Moderate (July) ETF,ETF,ETF,34.119998931884766,-1.256010626482923,-0.0161743307696675,42.88427096424965,US
PSMO,Pacer Swan SOS Moderate (October) ETF,ETF,ETF,33.35499954223633,0.0,0.0033428343089822,62.73716831924245,US
PSMR,Pacer Swan SOS Moderate (April) ETF,ETF,ETF,32.70000076293945,-0.4414688761596818,-0.0054107393417738,51.43875510910182,US
PSMT,"PriceSmart, Inc.",Consumer Defensive,Discount Stores,170.80999755859375,-1.6751114676843408,0.0274235392487023,42.098446675411246,US
PSN,Parsons Corporation,Technology,Information Technology Services,45.75,-1.294495132413208,-0.037786150677294,42.04309673376915,US
PSNL,"Personalis, Inc.",Healthcare,Diagnostics & Research,16.209999084472656,-3.683902804777144,-0.0303950897387799,53.78055891667521,US
PSP,Invesco Global Listed Private Equity ETF,ETF,ETF,60.220001220703125,-4.260731701370708,-0.0123017254603177,39.86106117056188,US
PSQ,ProShares Short QQQ,ETF,ETF,25.93000030517578,0.5428436784744288,-0.0040026690232585,50.19469916561419,US
PSQA,Palmer Square CLO Senior Debt ETF,ETF,ETF,20.77199935913086,0.3478192924529258,0.0047490380485283,62.05391659201396,US
PSQO,Palmer Square Credit Opportunities ETF,ETF,ETF,20.84499931335449,0.0,-0.0010545060996216,56.720145013645606,US
PSR,Invesco Active U.S. Real Estate Fund,ETF,ETF,100.3499984741211,-1.714005902207301,-0.0045047091992796,33.44637871686447,US
PST,ProShares UltraShort 7-10 Year Treasury,ETF,ETF,24.489999771118164,3.029025239750589,0.0178303201187558,73.29293493830824,US
PSTL,"Postal Realty Trust, Inc.",Real Estate,REIT - Office,23.200000762939453,-2.725365233265535,-0.026461720161577,47.37198529558268,US
PSTP,Innovator Power Buffer Step-Up Strategy ETF,ETF,ETF,37.31710052490234,-0.6202362633561392,-0.00212336572603,49.34549387862917,US
PSTR,PeakShares Sector Rotation ETF,ETF,ETF,31.79330062866211,-1.0448534715358109,0.0026661143992743,49.56037137830591,US
PSWD,Xtrackers Cybersecurity Select Equity ETF,ETF,ETF,43.698001861572266,-1.5034369247376125,-0.0124580108230529,45.891021899305805,US
PSX,Phillips 66,Energy,Oil & Gas Refining & Marketing,259.4700012207031,1.888791914483674,-0.2141204500036853,74.61431602448639,US
PTBD,Pacer Trendpilot US Bond ETF,ETF,ETF,18.86400032043457,-0.4643274874988753,0.0007194389456389,41.13920112582517,US
PTCT,"PTC Therapeutics, Inc.",Healthcare,Biotechnology,66.05999755859375,-7.478996993227898,-0.105003889513465,33.219399812429856,US
PTF,Invesco Dorsey Wright Technology Momentum ETF,ETF,ETF,102.13999938964844,7.323737895140035,0.0963599093944393,49.63511985955075,US
PTGX,"Protagonist Therapeutics, Inc.",Healthcare,Biotechnology,148.17999267578125,-0.4166736312235836,0.2907578788208749,53.3759264705817,US
PTH,Invesco Dorsey Wright Healthcare Momentum ETF,ETF,ETF,60.77000045776367,-0.9615387006504632,-0.006326083048966,48.74812549450161,US
PTIN,Pacer Trendpilot International ETF,ETF,ETF,37.516998291015625,-1.083640312119629,0.0080855123907998,50.37229260524307,US
PTIR,GraniteShares 2x Long PLTR Daily ETF,ETF,ETF,16.950000762939453,-16.58464066189504,-0.0136804153085572,46.97921420572385,US
PTL,Inspire 500 ETF,ETF,ETF,277.71600341796875,-1.0598864953271383,0.0645084727620661,40.51048346113004,US
PTLC,Pacer Trendpilot US Large Cap ETF,ETF,ETF,59.56999969482422,-1.161441442878374,0.0157842354423841,50.39675900483145,US
PTRB,PGIM Total Return Bond ETF,ETF,ETF,40.27999877929688,-1.0197835572907634,-0.0116361089871216,31.740811391782245,US
PTRN,Pattern Group Inc.,Consumer Cyclical,Internet Retail,20.049999237060547,-2.6226367728291287,0.0290089615867457,40.99619976233368,US
PUBM,"PubMatic, Inc.",Technology,Software - Application,16.489999771118164,-2.7712225160718877,0.0173554759360368,54.896443212910974,US
PUI,Invesco Dorsey Wright Utilities Momentum ETF,ETF,ETF,43.79999923706055,-0.9721915207463732,-0.0168165721535107,38.46732515900958,US
PULS,PGIM Ultra Short Bond ETF,ETF,ETF,49.56999969482422,0.0,-0.0006526244918978,80.40464176298445,US
PUMP,ProPetro Holding Corp.,Energy,Oil & Gas Equipment & Services,11.449999809265137,1.8683277795661528,-0.0262581841829461,48.091668934561966,US
PURR,Hyperliquid Strategies Inc.,Financial Services,Capital Markets,11.609999656677246,-9.083796080689956,-0.041733478330729,58.82974043164068,US
PUSH,PGIM Ultra Short Municipal Bond ETF,ETF,ETF,50.199501037597656,-0.1997976162767901,-0.0003031366460998,44.378645729114325,US
PVAL,Putnam Focused Large Cap Value ETF,ETF,ETF,53.88999938964844,-0.9921016213479512,0.0189717812688836,50.68949928226898,US
PVEX,TrueShares ConVequity ETF,ETF,ETF,30.832000732421875,-1.5989514178528268,0.0096919695383099,47.22013295321276,US
PVI,Invesco Floating Rate Municipal Income ETF,ETF,ETF,24.90999984741211,0.2818023123760972,0.0036734025086369,59.26993631671064,US
PVLA,"Palvella Therapeutics, Inc.",Healthcare,Biotechnology,150.1300048828125,-3.434743870819193,-0.141879168573759,49.95150987655428,US
PWER,Nomura Energy Transition ETF,ETF,ETF,46.20500183105469,-0.5745358287017717,-0.0256500434871619,57.51128909500772,US
PWP,Perella Weinberg Partners,Financial Services,Capital Markets,14.789999961853027,-12.640285320423295,-0.0655401668915114,35.755479726840136,US
PWR,"Quanta Services, Inc.",Industrials,Engineering & Construction,650.5800170898438,4.922107481762835,2.100969797703001,53.3754206843863,US
PWRL,Powerlaw Corp.,Financial Services,Asset Management,10.260000228881836,-0.0973732077516725,0.0189578767976288,37.97213550945856,US
PWS,Pacer WealthShield ETF,ETF,ETF,32.42850112915039,-1.8507862270959416,-0.0157439109428213,42.739688783833714,US
PXE,Invesco Energy Exploration & Production ETF,ETF,ETF,42.650001525878906,1.4027582817972828,-0.0134936297395367,70.74838888809002,US
PXED,"Phoenix Education Partners, Inc.",Consumer Defensive,Education & Training Services,26.84000015258789,-10.473647223458938,-0.0508774131143885,36.66577380063951,US
PXF,Invesco RAFI Developed Markets ex-U.S. ETF,ETF,ETF,79.6500015258789,-0.7847499539081166,0.0024858121103854,55.12085702892585,US
PXI,Invesco Dorsey Wright Energy Momentum ETF,ETF,ETF,65.79000091552734,0.8739645571231311,-0.0322014134214871,65.0307007254475,US
PXJ,Invesco Oil & Gas Services ETF,ETF,ETF,47.369998931884766,-0.2316777830920371,-0.0157245502081657,62.38977713228877,US
PY,Principal Value ETF,ETF,ETF,57.5,-1.6084850253219791,0.0289931336086832,50.94307004446805,US
PYLD,PIMCO ETF Trust - PIMCO Multisector Bond Active Exchange-Traded Fund,ETF,ETF,25.780000686645508,-0.9604302474270028,-0.0065615134873704,35.0294232473927,US
PYPG,Leverage Shares 2X Long PYPL Daily ETF,ETF,ETF,7.281000137329102,-10.69544650627439,0.0449888270006448,40.5738659491912,US
PYPL,"PayPal Holdings, Inc.",Financial Services,Credit Services,53.720001220703125,-5.222298991770403,0.145116688834032,42.890942976573854,US
PYPY,Yieldmax PYPL Option Income Strategy ETF,ETF,ETF,26.33799934387207,-3.3772116356290023,0.0764252934478734,41.99259894463378,US
PYZ,Invesco Dorsey Wright Basic Materials Momentum ETF,ETF,ETF,121.08999633789062,-3.2209129797205795,-0.1213676390643361,39.63975946206041,US
PZA,Invesco National AMT-Free Municipal Bond ETF,ETF,ETF,22.1200008392334,-1.2499945717197585,-0.0006228533106058,22.312060041639256,US
PZIV,Pzena International Value ETF,EQUITY,EQUITY,30.440399169921875,-1.0068319677337398,0.0169087045158599,54.107533560871936,US
PZLV,Pzena U.S. Large Cap Value ETF,EQUITY,EQUITY,31.33679962158203,-1.6730505290573214,0.0138794190047656,54.04678802084097,US
PZT,Invesco New York AMT-Free Municipal Bond ETF,ETF,ETF,21.15999984741211,-1.351985572086305,0.0107522085085927,24.688954045405723,US
PZZA,"Papa John's International, Inc.",Consumer Cyclical,Restaurants,20.559999465942383,-8.824832986458079,-0.0732581587260485,21.021128578518955,US
Q,"Qnity Electronics, Inc.",Technology,Semiconductor Equipment & Materials,126.4000015258789,6.693677912944919,0.3483664224551939,48.427775203531176,US
QABA,First Trust NASDAQ ABA Community Bank Index Fund,ETF,ETF,67.6500015258789,-0.675376714653478,0.0253481853478168,47.69059776258721,US
QAI,NYLI Hedge Multi-Strategy Tracker ETF,ETF,ETF,36.369998931884766,-0.2742042376505064,0.0025106325550335,48.23652597119155,US
QALT,SEI DBi Multi-Strategy Alternative ETF,ETF,ETF,26.34199905395508,-0.2196991114139428,0.0069212170579882,45.69547012583286,US
QARP,Xtrackers Russell 1000 US QARP ETF,ETF,ETF,67.9000015258789,-0.4982361496689587,0.0343289791370999,52.46468694883175,US
QAT,iShares MSCI Qatar ETF,ETF,ETF,17.323999404907227,0.6624074752997785,0.0022350844059517,46.68996194985413,US
QB,ProShares Nasdaq 100 Dynamic Daily Buffer ETF,ETF,ETF,48.75199890136719,-0.1801827414941975,0.0077214989254258,56.76220510990176,US
QBER,TrueShares Quarterly Bear Hedge,ETF,ETF,23.833999633789062,0.1218203244760139,-0.0011089709014235,48.96577170528863,US
QBF,Innovator Uncapped Bitcoin 20 Floor ETF - Quarterly,ETF,ETF,18.01499938964844,-0.6068999191810345,-0.0008956127417947,62.62390577810872,US
QBIF,AllianzIM International Equity Buffer15 ETF,ETF,ETF,26.475000381469727,-0.469924805290899,-0.0017722048856279,50.686840539721295,US
QBIG,Invesco Top QQQ ETF,ETF,ETF,41.53499984741211,-1.4707601704148523,0.0136162325808584,54.63152195036431,US
QBIV,AllianzIM International Equity Buffer5 ETF,ETF,ETF,27.32999992370605,-0.6904089058763664,0.0026913202216196,51.28029005166778,US
QBKF,Allianzim U.S. Small Cap Buffer15 ETF,ETF,ETF,26.020000457763672,-0.4209671126514592,0.0003107184920327,39.28252876350701,US
QBKV,Allianzim U.S. Small Cap Buffer5 ETF,ETF,ETF,27.15920066833496,-1.2033434177425888,0.0033977008562171,40.72248242567612,US
QBQF,AllianzIM Growth-100 Buffer15 ETF,ETF,ETF,25.940000534057617,-0.0770360212647338,0.0003705598806753,50.36382519173689,US
QBQV,AllianzIM Growth-100 Buffer5 ETF,ETF,ETF,26.81999969482422,-0.1117343993269084,0.0032634192451624,52.53411208787184,US
QBSV,AllianzIM U.S. Equity Buffer5 ETF,ETF,ETF,27.239999771118164,-0.656456253373249,0.0035771810026084,53.22526911541539,US
QBTX,Tradr 2X Long QBTS Daily ETF,ETF,ETF,6.0,-1.234564800327279,0.0230554969392235,40.33549208795573,US
QBTZ,Defiance Daily Target 2X Short QBTS ETF,ETF,ETF,17.420000076293945,-11.348598399632548,-0.0794637440125219,46.12124720625801,US
QBUF,Innovator Nasdaq-100 10 Buffer ETF - Quarterly,ETF,ETF,30.649999618530277,-0.373800661139809,-0.0015932407457735,48.79325451278033,US
QBUL,TrueShares Quarterly Bull Hedge,ETF,ETF,24.045000076293945,-0.2902744992270551,-0.0012143450886043,43.42718931293193,US
QBY,GraniteShares YieldBOOST QBTS ETF,ETF,ETF,5.78000020980835,0.8957103042643251,0.0049201392233695,38.01733487237622,US
QCAP,FT Vest NASDAQ-100 Conservative Buffer ETF - April,ETF,ETF,25.21500015258789,-0.0990476178960992,0.0013738580692832,57.579301041337935,US
QCJA,FT Vest Nasdaq-100 Conservative Buffer ETF - January,ETF,ETF,23.729999542236328,0.0421594821725216,0.0024002580528919,60.13092084654558,US
QCJL,FT Vest NASDAQ-100 Conservative Buffer ETF - July,ETF,ETF,25.670000076293945,-0.2913216566113206,1.9413878178817234e-05,54.82204752510203,US
QCLN,First Trust NASDAQ Clean Edge Green Energy Index Fund,ETF,ETF,49.4900016784668,0.7327510737328244,0.0361367017673819,45.9745089443578,US
QCLR,Global X NASDAQ 100 Collar 95-110 ETF,ETF,ETF,27.62299919128418,-0.5293527693781329,0.0019560529395985,43.461452103005705,US
QCML,GraniteShares 2x Long QCOM Daily ETF,ETF,ETF,18.299999237060547,16.242134291979056,0.047574651513194,65.43246600659518,US
QCOC,FT Vest Nasdaq-100 Conservative Buffer ETF – October,ETF,ETF,24.3799991607666,0.0615612139927762,0.0008688994758097,63.6323230457363,US
QCOM,QUALCOMM Incorporated,Technology,Semiconductors,181.97000122070312,7.949215942496536,0.2460494387757825,67.36592911663323,US
QCRH,"QCR Holdings, Inc.",Financial Services,Banks - Regional,102.56999969482422,-0.2528465735687151,0.0651298186794165,54.51814682730037,US
QDEC,FT Vest Nasdaq-100 Buffer ETF – December,ETF,ETF,36.22999954223633,-0.0965113690918737,0.0031180989083224,57.56043689793778,US
QDEF,Northern Trust Quality Dividend Defensive ETF,ETF,ETF,90.52999877929688,-1.49075378001625,0.0196287690008007,49.55682293382591,US
QDEL,QuidelOrtho Corporation,Healthcare,Medical Devices,11.779999732971191,-15.434318198871418,-0.0467272543390117,31.26360961867431,US
QDIV,Global X S&P 500 Quality Dividend ETF,ETF,ETF,39.58200073242188,-3.234318754080015,0.0022725851525517,42.03180663465018,US
QDTE,Roundhill Nasdaq-100 0DTE Covered Call ETF Strategy ETF,ETF,ETF,28.63500022888184,-0.0385650524586585,0.0066852314025559,51.82544431464146,US
QDVO,Amplify CWP Growth & Income ETF,ETF,ETF,29.61000061035156,-0.3365818822032747,0.0025930403853628,53.90268122107409,US
QEFA,State Street SPDR MSCI EAFE StrategicFactors ETF,ETF,ETF,99.97599792480467,-1.8996826575613817,-0.0012881897753143,45.626476965935474,US
QEMM,State Street SPDR MSCI Emerging Markets StrategicFactors ETF,ETF,ETF,82.01000213623047,-0.5818835494841026,-0.029809206139174,55.41019821363864,US
QETH,Invesco Galaxy Ethereum ETF,ETF,ETF,25.270000457763672,0.8379928024607082,0.0095711666106348,70.16243700786204,US
QEW,Invesco QQQ Equal Weight ETF,ETF,ETF,29.32999992370605,-2.135466814519601,0.0038229723305014,39.945599496343306,US
QFIN,"Qfin Holdings, Inc.",Financial Services,Credit Services,8.470000267028809,2.464920392003263,0.0356189587210193,30.415886066198468,US
QFLR,Innovator Nasdaq-100 Managed Floor ETF,ETF,ETF,35.33000183105469,0.0,0.0054309743978326,51.60328748549066,US
QGEN,Qiagen N.V.,Healthcare,Diagnostics & Research,42.5,-3.1007765422387696,0.0059313999102418,48.395567657586206,US
QGRW,QGRW,N/A,N/A,66.8499984741211,-1.0948334130248978,0.0109413276312907,49.61230116663158,US
QHY,WisdomTree U.S. High Yield Corporate Bond Fund,ETF,ETF,45.2599983215332,-0.7456143946602267,-0.0092362753222372,34.80576742125152,US
QID,ProShares UltraShort QQQ,ETF,ETF,14.329999923706056,0.9154937759653786,-0.0046243941258359,49.45701787905243,US
QIG,WisdomTree U.S. Corporate Bond Fund,ETF,ETF,42.86830139160156,-1.1909575888474548,-0.005281247445165,30.912278508674675,US
QINT,American Century Quality Diversified International ETF,ETF,ETF,71.58000183105469,-1.7165315628733897,0.0104017442216107,46.38807950010169,US
QJUN,FT Vest Nasdaq-100 Buffer ETF - June,ETF,ETF,33.435001373291016,-0.2535772175175175,0.002316964399788,51.98886686714198,US
QKIE,QKI Emulsion Inc.,Financial Services,Shell Companies,3.0,30.43478531287619,0.010820001394124,90.7909864715122,US
QLC,Northern Trust US Quality Large Cap ETF,ETF,ETF,92.2699966430664,-1.2310014433945793,0.0170090309584543,49.92606967731386,US
QLD,ProShares Ultra QQQ,ETF,ETF,89.55000305175781,-0.9183383789367928,0.0236855193133672,49.666854205270425,US
QLTY,GMO U.S. Quality ETF,ETF,ETF,42.59000015258789,-1.7305029934459208,0.0129759442871068,48.17150780182694,US
QLV,Northern Trust US Quality Low Volatility ETF,ETF,ETF,79.36399841308594,-1.480939962023975,0.0222536509453316,50.07216505971335,US
QLVE,Northern Trust Emerging Markets Quality Low Volatility ETF,ETF,ETF,34.52899932861328,0.97970135719953,-0.0100525985526535,58.81662243554292,US
QLYS,"Qualys, Inc.",Technology,Software - Infrastructure,150.27999877929688,-13.805567239227871,-0.8373372693326813,33.25794544579135,US
QMAG,QMAG,N/A,N/A,25.799999237060547,-0.462966199383423,-0.0007337016614946,55.220027416185765,US
QMAR,FT Vest Nasdaq-100 Buffer ETF – March,ETF,ETF,37.93000030517578,-0.1053487338460586,0.0017866820726587,59.526537348521,US
QMCO,Quantum Corporation,Technology,Computer Hardware,23.57999992370605,-2.962960230288415,-0.043583399174401,59.26227810488989,US
QMMY,FT Vest NASDAQ-100 Moderate Buffer ETF - May,ETF,ETF,26.51300048828125,-0.2895812856892615,0.0013969922198432,53.57506016847054,US
QMNV,FT Vest Nasdaq-100 Moderate Buffer ETF – November,ETF,ETF,25.600000381469727,0.0781878726478674,0.001727106181908,60.775810566236856,US
QMOM,Alpha Architect U.S. Quantitative Momentum ETF,ETF,ETF,73.4000015258789,0.0668069998508466,0.0469626236435131,45.31810600002838,US
QMY,Corgi Growth & Technology 10% Structured Buffer ETF May Series,ETF,ETF,25.872900009155277,-0.7940947667048599,-0.0067922902845643,49.91255594729617,US
QNDX,State Street SPDR Portfolio Nasdaq 100 ETF,EQUITY,EQUITY,24.209999084472656,-0.4523051469238827,0.0028559202364559,50.710717556684514,US
QNST,"QuinStreet, Inc.",Communication Services,Advertising Agencies,18.3799991607666,-2.0255920228092865,0.0485132938796521,47.50950350161894,US
QNT,Quantinuum Inc.,Technology,Software - Application,49.02999877929688,0.6776139860115759,0.1123537073163452,41.3359182275633,US
QNXT,iShares Nasdaq-100 ex Top 30 ETF,ETF,ETF,30.51499938964844,-3.0777534166010216,0.0044808309397534,34.98019193772231,US
QOWZ,Invesco Nasdaq Free Cash Flow Achievers ETF,ETF,ETF,36.41379928588867,-2.328743561637052,0.0329024630503232,46.28434284960523,US
QPX,AdvisorShares Q Dynamic Growth ETF,ETF,ETF,47.87730026245117,-1.8243854650540643,-0.0160701430051958,43.296064097942576,US
QQA,Invesco QQQ Income Advantage ETF,ETF,ETF,56.15999984741211,-0.0622828500795116,0.0073637166400935,53.75477185021349,US
QQH,HCM Defender 100 Index ETF,ETF,ETF,84.0,-0.6622487875614159,0.0215594317933494,51.79489521283834,US
QQHG,Invesco QQQ Hedged Advantage ETF,ETF,ETF,66.33599853515625,0.0090407114970935,0.0030905436911503,53.66490240955578,US
QQMG,Invesco ESG NASDAQ 100 ETF,ETF,ETF,49.8129997253418,-0.2782670161334233,0.0095731697792259,51.00201489568496,US
QQMY,Corgi Technology Leaders 15% Structured Buffer ETF - May Series,ETF,ETF,26.06170082092285,-0.3757608068143093,-0.0045579603615679,54.351275399300526,US
QQQA,ProShares Nasdaq-100 Dorsey Wright Momentum ETF,ETF,ETF,67.89199829101562,0.4765407690479403,0.0325760378409825,39.91814531794848,US
QQQG,Pacer Nasdaq 100 Top 50 Cash Cows Growth Leaders ETF,ETF,ETF,30.371000289916992,0.6395413767558424,-0.0063825746054827,46.756984980740654,US
QQQI,NEOS NASDAQ-100(R) High Income ETF,ETF,ETF,54.560001373291016,-0.164684629597443,0.0083291488476447,53.059135337953805,US
QQQP,Tradr 2X Long Innovation 100 Quarterly ETF,ETF,ETF,216.4980010986328,-0.8681539410993157,0.0805433534686729,49.85494511123455,US
QQQS,Invesco NASDAQ Future Gen 200 ETF,ETF,ETF,42.99599838256836,-2.998313271282073,-0.0168209607740878,42.60848616652658,US
QQQU,Direxion Daily Magnificent 7 Bull 2X Shares,ETF,ETF,59.321998596191406,-1.491203265208492,0.0344275701129219,59.65531611234381,US
QQQX,Nuveen Nasdaq 100 Dynamic Overwrite Fund,Financial Services,Asset Management,30.399999618530277,-0.7184886174831109,0.0030217738185607,48.49220400343562,US
QQQY,Defiance Nasdaq 100 Target 30 Weekly Distribution ETF,ETF,ETF,22.128999710083008,-0.3243119807541729,0.0019759811598347,51.700595333598926,US
QQUP,ProShares Ultra QQQ Mega,ETF,ETF,63.2509994506836,-3.188233071266304,0.0402943886823085,53.53863690659679,US
QQXL,ProShares Ultra QQQ TOP 30,ETF,ETF,54.9119987487793,0.8762696122982446,0.0221162292178084,53.65655093199577,US
QQXT,First Trust NASDAQ-100 Ex-Technology Sector Index Fund,ETF,ETF,98.5999984741211,-3.6827236214827694,0.0012214765458387,33.51440931692821,US
QRMI,Global X NASDAQ 100 Risk Managed Income ETF,ETF,ETF,15.25,0.2300351433526362,0.002039346530956,60.42773048354923,US
QRVO,"Qorvo, Inc.",Technology,Semiconductors,116.6500015258789,16.20841274919136,0.4933240599710862,83.74882914833009,US
QS,QuantumScape Corporation,Consumer Cyclical,Auto Parts,5.28000020980835,-3.119258814794516,0.0039572168380443,39.9272663443944,US
QSIG,QSIG,N/A,N/A,47.72999954223633,-0.5832093086562167,-0.0090348234446972,27.90692271421031,US
QSIX,Pacer Metarus Nasdaq 100 Dividend Multiplier 600 ETF,ETF,ETF,42.040000915527344,-0.4522698537739995,0.0077120010228836,50.18782567685941,US
QSML,Wisdomtree U.S. Smallcap Quality Growth Fund,ETF,ETF,33.69969940185547,-2.7425745517318063,0.0199642506000175,41.285875442785056,US
QSOL,Invesco Galaxy Solana ETF,ETF,ETF,10.3100004196167,-3.1015029422733966,-0.0183175976278807,62.75594645555074,US
QSPT,FT Vest Nasdaq-100 Buffer ETF – September,ETF,ETF,35.827999114990234,0.3585387936004127,0.0056254076822643,65.34203998630355,US
QSR,Restaurant Brands International Inc.,Consumer Cyclical,Restaurants,76.95999908447266,-4.11164087207038,-0.0398029441423597,47.864304781366485,US
QSU,Defiance Daily Target 2X Long QS ETF,EQUITY,EQUITY,5.360000133514404,-7.665800309792198,0.007815145747556,37.77619784090822,US
QTAC,Q3 All-Season Tactical Advantage ETF,ETF,ETF,23.894500732421875,-2.099802778882047,-0.0137315133268434,46.56199631657651,US
QTAP,Innovator Growth-100 Accelerated Plus ETF – April,ETF,ETF,52.56499862670898,-0.0475404559923279,0.0030354328111348,61.45880376605625,US
QTEC,First Trust NASDAQ-100-Technology Sector Index Fund,ETF,ETF,308.5299987792969,-0.4966647881268937,0.0664010507679898,46.4335629035525,US
QTJA,Innovator Growth Accelerated Plus ETF - January,ETF,ETF,33.904998779296875,-0.103122713106318,0.0026585952181394,60.1634741232117,US
QTJL,Innovator Growth Accelerated Plus ETF - July,ETF,ETF,41.81039810180664,-1.262494045306837,-0.0157871556745693,49.509478542130005,US
QTOC,Innovator Growth Accelerated Plus ETF - October,ETF,ETF,39.09000015258789,0.102435124990683,-0.0004602631372146,67.73040039601736,US
QTPI,North Square RCIM Tax-Advantaged Preferred and Income Securities ETF,ETF,ETF,25.13500022888184,-0.6718042847016847,-0.0076348712188177,37.8433283159875,US
QTR,Global X NASDAQ 100 Tail Risk ETF,ETF,ETF,33.742000579833984,-0.4073213811410516,0.0060384658031867,48.22785114209351,US
QTUM,Defiance Quantum ETF,ETF,ETF,147.41000366210938,0.8828419025659663,0.0937975687882892,47.81141180406911,US
QTUP,Defiance Pure Quantum ETF,ETF,ETF,15.59000015258789,-2.501561127303893,0.0031344699745569,41.18047345732095,US
QUAD,"Quad/Graphics, Inc.",Industrials,Specialty Business Services,10.100000381469728,-2.509645596753898,-0.0078677557776329,53.448893187221,US
QUBT,Quantum Computing Inc.,Technology,Computer Hardware,7.989999771118164,0.3768810656711393,0.0098258546166373,45.15348783843962,US
QUBX,Tradr 2X Long QUBT Daily ETF,ETF,ETF,6.429999828338623,0.312012190368276,0.0166139304191704,43.17360978538312,US
QUIZ,Zacks Quality International ETF,EQUITY,EQUITY,29.209999084472656,-2.078447337643741,-0.0142421372509279,43.67554089371775,US
QUSA,VistaShares Target 15 USA Quality Income ETF,ETF,ETF,17.780000686645508,-0.8365845843682091,0.0042857596259344,43.53781480771021,US
QVAL,Alpha Architect U.S. Quantitative Value ETF,ETF,ETF,61.07400131225586,-1.826069424425272,0.0063851387278419,51.38820388672017,US
QVMS,Invesco S&P SmallCap 600 QVM Multi-factor ETF,ETF,ETF,33.12519836425781,-2.935507279748648,-0.0066018742329778,35.32418363489455,US
QVMT,Invesco S&P S&P 500 Concentrated QVM ETF,EQUITY,EQUITY,65.18099975585938,-2.080644919122071,-0.0706011135304238,43.64611883232677,US
QVOL,Infrastructure Capital NASDAQ Option Income ETF,ETF,ETF,97.00499725341795,-1.6774846414555888,-0.0949872571148515,45.154015213519095,US
QVOY,Q3 All-Season Active Rotation ETF,ETF,ETF,29.101999282836918,-1.625936846470525,0.0049544400822503,41.00652483643932,US
QWLD,State Street SPDR MSCI World St,ETF,ETF,156.64100646972656,-1.6580600754595518,0.0437784173501664,46.37630696579092,US
QXQ,SGI Enhanced Nasdaq-100 ETF,ETF,ETF,31.5669002532959,-1.2886576724632872,-0.0125196034541075,47.533419746201446,US
QYLD,Global X NASDAQ 100 Covered Call ETF,ETF,ETF,18.3700008392334,0.218226490419189,0.0009067593776016,63.52067075100699,US
QYLG,Global X Nasdaq 100 Covered Call & Growth ETF,ETF,ETF,29.709999084472656,0.0168293579513258,0.0054034998164891,55.94513721550973,US
RAA,SMI 3Fourteen REAL Asset Allocation ETF,ETF,ETF,30.363000869750977,-0.7939620445984039,-0.0039926472019443,53.596460756737656,US
RAAR,Reckoner Yield Enhanced AAA CLO,EQUITY,EQUITY,51.4900016784668,0.0777471621655587,-0.003865102748299,64.46536728113762,US
RAAX,VanEck Real Assets ETF,ETF,ETF,41.47999954223633,-0.6229087824033341,-0.012628961570931,53.65893235759324,US
RAAY,Reckoner Yield Enhanced AAA CLO Annual ETF,EQUITY,EQUITY,102.97000122070312,0.2531419906027192,0.0067895259344934,92.9897626330878,US
RACK,Vaneck Data Center Supply Chain ETF,ETF,ETF,48.619998931884766,1.6729386076243211,-0.0076022528579674,51.21517604416125,US
RAFE,PIMCO RAFI ESG U.S. ETF PIMCO RAFI ESG U.S. ETF,ETF,ETF,50.05899810791016,-1.5284452939559152,0.0113478685391191,52.30805395613691,US
RAL,Ralliant Corporation,Technology,Electronic Components,67.25,7.272917123545906,0.1837184741316326,55.461061015396346,US
RAPP,"Rapport Therapeutics, Inc.",Healthcare,Biotechnology,43.619998931884766,-8.457507796312305,-0.011354409215023,39.291390823402,US
RAUS,RACWI US ETF,ETF,ETF,29.888399124145508,-1.1888391852453135,-0.0030984125898575,47.79629478426822,US
RBB,RBB Bancorp,Financial Services,Banks - Regional,26.549999237060547,-0.4499469024751263,0.0003049681490504,49.94803204953684,US
RBBN,RBBN,N/A,N/A,1.9900000095367432,0.0,0.0023629620603984,44.56310435063112,US
RBC,RBC,N/A,N/A,494.8299865722656,0.8252145162887994,1.1634028659558169,39.05660405705841,US
RBCAA,"Republic Bancorp, Inc.",Financial Services,Banks - Regional,96.2699966430664,0.785175906991032,-0.020618265193755,53.002730482282765,US
RBIL,F/m Ultrashort Treasury Inflation-Protected Security (TIPS) ETF,ETF,ETF,50.09999847412109,0.139915443798063,-0.0011772363723674,74.92772150685283,US
RBLU,T-Rex 2X Long RBLX Daily Target ETF,ETF,ETF,5.0,19.61722979274124,-0.0056685796044037,58.77554804323525,US
RBLX,Roblox Corporation,Communication Services,Electronic Gaming & Multimedia,45.5,9.61214608480722,-0.0232283118567118,63.88156553913932,US
RBUF,Innovator U.S. Small Cap 10 Buffer ETF - Quarterly,ETF,ETF,30.90999984741211,-0.789575968778645,0.000693189861664,40.12262193332156,US
RCAT,"Red Cat Holdings, Inc.",Industrials,Aerospace & Defense,7.960000038146973,-6.791568223616304,-0.0002741438485104,40.08903106862629,US
RCAX,Defiance Daily Target 2X Long RCAT ETF,ETF,ETF,13.3100004196167,-14.679486575995066,0.0023585008180588,38.11168430682728,US
RCBC,River City Bank,Financial Services,Banks - Regional,52.79999923706055,-0.4524918445024704,-0.0314391293842619,73.42195015805422,US
RCGE,RockCreek Global Equality ETF,ETF,ETF,30.379499435424805,-2.3920482609937284,0.0136559880644069,38.51577904930964,US
RCL,Royal Caribbean Cruises Ltd.,Consumer Cyclical,Travel Services,260.1400146484375,-2.037271095169109,0.4770017096398931,24.435299015215374,US
RCLO,Reckoner BBB-B CLO ETF,EQUITY,EQUITY,25.114999771118164,0.079698977130589,-0.0002784064308218,83.65553605342495,US
RCLR,Reckoner BBB-B CLO Reinvesting ETF,EQUITY,EQUITY,51.70000076293945,-0.0193353736418947,-0.0006298688438359,77.01843132811653,US
RCLY,Reckoner BBB-B CLO Annual ETF,EQUITY,EQUITY,103.45999908447266,0.1161242024720597,0.0001024606066689,82.78138434504226,US
RCTR,First Trust Bloomberg Nuclear Power ETF,ETF,ETF,33.792999267578125,-0.984506823902812,-0.0388016240387704,48.04812062602212,US
RDAG,RDAG,N/A,N/A,10.43000030517578,0.2884681514031392,-0.0002377402919692,81.33954828462878,US
RDDT,"Reddit, Inc.",Communication Services,Internet Content & Information,157.77000427246094,1.141097965648113,0.4141261533875227,50.49524451857842,US
RDFI,Rareview Dynamic Fixed Income ETF,ETF,ETF,22.69700050354004,-1.5741499167788868,-0.0082980253212015,31.25089756733749,US
RDN,Radian Group Inc.,Financial Services,Insurance - Specialty,35.619998931884766,-3.2328236810925643,-0.038837027214075,39.8127891882697,US
RDNT,"RadNet, Inc.",Healthcare,Diagnostics & Research,75.48999786376953,1.1659006769834916,0.2050316051607186,56.94726190239153,US
RDOG,ALPS REIT Dividend Dogs ETF,ETF,ETF,39.93000030517578,-1.4560714361365363,0.0043958189125983,37.129099242478375,US
RDTE,Roundhill Russell 2000 0DTE Covered Call Strategy ETF,ETF,ETF,27.209999084472656,-1.824905474854061,0.0010243355480658,41.72792129231642,US
RDTY,YieldMax Russell 2000 0DTE Covered Call Strategy ETF,ETF,ETF,35.81700134277344,-1.9157800564569591,0.0013623425011867,41.26466302607584,US
RDVI,FT Vest Rising Dividend Achievers Target Income ETF,ETF,ETF,28.780000686645508,-1.6404632210581198,0.0081354999112653,43.61522540402432,US
RDVT,"Red Violet, Inc.",Technology,Software - Application,75.0199966430664,-1.8448301144568893,-0.0042021999775785,58.17449072426,US
RDVY,First Trust Rising Dividend Achievers ETF,ETF,ETF,80.58999633789062,-1.8511804422874545,0.0220052281489903,42.992156420207465,US
RDWR,Radware Ltd.,Technology,Software - Infrastructure,27.899999618530277,-2.208205583430389,-0.0101910852577307,47.00540046369826,US
RDYY,YieldMax RDDT Option Income Str,EQUITY,EQUITY,15.8100004196167,2.3895610246400323,0.035074214006161,52.25045709812078,US
REAL,"The RealReal, Inc.",Consumer Cyclical,Luxury Goods,9.829999923706056,-2.2862871403280507,0.0348175441108603,35.91966759367716,US
REAX,Real REMAX Group Inc.,Real Estate,Real Estate Services,20.280000686645508,10.21739732114952,0.1446011752303322,47.54726862932012,US
RECS,Columbia Research Enhanced Core ETF,ETF,ETF,45.18999862670898,-1.5253884773364252,0.0036140680758158,51.58590198755386,US
REET,iShares Global REIT ETF,ETF,ETF,26.979999542236328,-1.9978246665136448,0.0033729632002842,32.091272840848404,US
REFA,Columbia Research Enhanced Inte,EQUITY,EQUITY,23.47599983215332,-1.6547293911705845,0.0052826257649833,48.258981725841416,US
REGN,"Regeneron Pharmaceuticals, Inc.",Healthcare,Biotechnology,781.489990234375,-7.348214236611514,-1.546222051736038,45.77777916921423,US
REGS,Columbia ETF Trust I - Columbia Large Cap Growth ETF,ETF,ETF,11.358099937438965,-1.5762567159043044,-0.0030257356364006,44.68089208625389,US
REIT,ALPS Active REIT ETF,ETF,ETF,29.6299991607666,-1.6921043105826843,0.0045359522029592,34.28643039780901,US
REK,ProShares Short Real Estate,ETF,ETF,16.020000457763672,1.9732681022530687,-0.0064538861086061,63.49067551253104,US
RELY,"Remitly Global, Inc.",Technology,Software - Infrastructure,21.989999771118164,-18.31352262705673,-0.1038677504877241,35.140855501973505,US
REM,iShares Mortgage Real Estate Capped ETF,ETF,ETF,20.790000915527344,-4.149375732458351,-0.0248286321709619,30.889561231122585,US
REMC,Columbia Research Enhanced Mid Cap ETF,EQUITY,EQUITY,23.0310001373291,-1.8788342810485343,0.0083577637877048,44.23447514354795,US
REMG,Russell Investments Emerging Markets Equity ETF,ETF,ETF,37.220001220703125,0.570137956419332,-0.0094160233287148,56.43851117664864,US
REMX,VanEck Rare Earth and Strategic Metals ETF,ETF,ETF,70.55999755859375,-7.194530196668395,-0.2534998946014059,34.98729738186775,US
REPL,"Replimune Group, Inc.",Healthcare,Biotechnology,12.920000076293944,-15.50032630132104,-0.0761943018683007,42.32678799825148,US
REPX,"Riley Exploration Permian, Inc.",Energy,Oil & Gas E&P,43.5099983215332,3.373718612015744,-0.0342936672146134,81.36523928485926,US
RERE,ATRenew Inc.,Consumer Cyclical,Internet Retail,3.9700000286102295,-5.023918860108178,-0.0020664023127375,41.02439985639575,US
RES,"RPC, Inc.",Energy,Oil & Gas Equipment & Services,6.449999809265137,-0.3091187260443673,-0.0076917277806309,56.12281022401941,US
RESM,Columbia Research Enhanced Small Cap ETF,EQUITY,EQUITY,23.71999931335449,-2.032052626815012,0.0007740588155568,38.9218000073505,US
REW,ProShares UltraShort Technology,ETF,ETF,11.359999656677246,-1.8998296068934677,-0.0067799732603305,44.32057221687718,US
REX,REX American Resources Corporation,Basic Materials,Chemicals,41.619998931884766,0.0,-0.0282610915409976,43.48783182336813,US
REXC,Sprott Rare Earths Ex-China ETF,ETF,ETF,16.84000015258789,-3.3849692613756983,-0.0288217163033675,39.95429970879884,US
REXR,"Rexford Industrial Realty, Inc.",Real Estate,REIT - Industrial,38.040000915527344,2.783038748193791,0.0657222341801533,60.55883991918681,US
REYN,Reynolds Consumer Products Inc.,Consumer Cyclical,Packaging & Containers,21.75,-0.3664678148678307,0.0588428696029705,22.855982764795183,US
REZ,iShares Residential and Multisector Real Estate ETF,ETF,ETF,92.08000183105467,-2.323109037866709,0.0059205585186662,34.90133656428577,US
REZI,"Resideo Technologies, Inc.",Industrials,Industrial Distribution,19.11000061035156,-2.150537949448915,0.0256014349986977,37.87870193860923,US
RF,Regions Financial Corporation,Financial Services,Banks - Regional,30.1299991607666,-1.0184013398559977,0.018048705370135,47.601400809987126,US
RFCI,ALPS Dynamic Core Income ETF,ETF,ETF,21.757999420166016,-0.9424117049117634,-0.0022386836360704,32.05732661001207,US
RFDA,ALPS Dynamic US Dividend Advantage ETF,ETF,ETF,72.8761978149414,-1.2450713148612276,-0.0132769931006399,46.24165000443156,US
RFDI,First Trust RiverFront Dynamic Developed International ETF,ETF,ETF,91.7509994506836,-1.2336283023039378,0.0142629571977171,50.19329561810292,US
RFEM,First Trust RiverFront Dynamic Emerging Markets ETF,ETF,ETF,99.61100006103516,0.1568530763746449,-0.00444234640785,60.93732096456767,US
RFFC,ALPS Active Equity Opportunity ETF,ETF,ETF,76.55400085449219,-1.3097832207414883,0.0022459773231413,50.75044689880095,US
RFIX,Simplify Bond Bull ETF,ETF,ETF,36.400001525878906,4.959634387449602,0.0583884292672892,54.97895133758949,US
RFLR,Innovator U.S. Small Cap Managed Floor ETF,ETF,ETF,32.04209899902344,-2.286840760119615,0.0047142168754713,37.34491052224047,US
RGEF,Rockefeller Global Equity ETF,ETF,ETF,34.666900634765625,-1.6178984727786698,-0.0095282177615019,45.117346604101776,US
RGEN,Repligen Corporation,Healthcare,Medical Instruments & Supplies,165.17999267578125,-2.611878968591869,0.0621688547339802,47.73133462595872,US
RGNX,REGENXBIO Inc.,Healthcare,Biotechnology,8.529999732971191,-7.282609675917619,0.006445427312927,38.5577715414595,US
RGR,"Sturm, Ruger & Company, Inc.",Industrials,Aerospace & Defense,37.720001220703125,1.343363738854156,-0.0114332012526766,48.17858736658723,US
RGTI,"Rigetti Computing, Inc.",Technology,Computer Hardware,15.270000457763672,0.5928863687651187,0.0270388445796066,44.25199796444614,US
RGTU,Tradr 2X Long RGTI Daily ETF,ETF,ETF,10.119999885559082,0.0,0.0400909250213514,42.09876513861049,US
RGTX,Defiance Daily Target 2X Long RGTI ETF,ETF,ETF,9.130000114440918,-0.4362045967309667,0.0350384680372198,41.30807306244874,US
RGTZ,Defiance Daily Target 2X Short RGTI ETF,ETF,ETF,17.424999237060547,-2.9247994627546365,-0.0496859959197756,48.47224116894116,US
RGYY,GraniteShares YieldBOOST RGTI ETF,ETF,ETF,5.804999828338623,1.731733843859666,0.0064843984680508,40.50084390315688,US
RHLD,"Resolute Holdings Management, Inc.",Industrials,Specialty Business Services,130.13999938964844,-6.042881704666021,-0.2252786075311305,47.44953844354367,US
RHTX,RH Tactical Outlook ETF,ETF,ETF,20.08300018310547,-1.640704753107732,0.0023662566864474,45.50839933738823,US
RIET,Hoya Capital High Dividend Yield ETF,ETF,ETF,9.109999656677246,-2.566852566852567,-0.0038752605170926,30.16608935206952,US
RIG,Transocean Ltd.,Energy,Oil & Gas Drilling,5.670000076293945,-5.813951922616141,-0.0089115763028944,48.21702809050768,US
RIGS,ALPS Strategic Income Fund,ETF,ETF,22.350000381469727,-0.7548848705078003,-0.0059565716027057,37.74129059514635,US
RINF,ProShares Inflation Expectations ETF,ETF,ETF,32.880001068115234,-0.0607916621156982,-0.0092948569047924,54.83830970806959,US
RINT,Russell Investments International Developed Equity ETF,ETF,ETF,32.819000244140625,-1.4710675541248643,0.0041092619685333,48.26300363580078,US
RIOX,Defiance Daily Target 2X Long RIOT ETF,ETF,ETF,27.34000015258789,2.205608047057535,-0.0483142752859675,50.03838616711784,US
RISE,Pictet Emerging Markets Rising Economies ETF,EQUITY,EQUITY,19.076000213623047,-1.9228819262004184,-0.0186060954583779,51.66059561973542,US
RISN,Inspire Capital Appreciation ETF,ETF,ETF,30.3700008392334,-2.441369553556029,-0.0007299541200715,35.64972483129962,US
RISR,FolioBeyond Alternative Income and Interest Rate Hedge ETF,ETF,ETF,36.70000076293945,0.0272612063364525,-0.000933319569024,59.60920194268586,US
RITA,ETFB Green SRI REITs ETF,ETF,ETF,20.819000244140625,-1.8480985818034568,0.0021786700803155,34.188612464094376,US
RITM,Rithm Capital Corp.,Real Estate,REIT - Mortgage,9.739999771118164,-3.0845812311773875,-0.0003901291668899,42.46693963403553,US
RIZE,Principal Inflation Protection ETF,ETF,ETF,24.450000762939453,-0.488396147233343,-0.0069646036159861,30.35219817556849,US
RJDI,RJ Eagle GCM Dividend Select Income ETF,ETF,ETF,28.99329948425293,-1.316200434171768,-0.0123212512167496,37.84868480585545,US
RJET,Republic Airways Holdings Inc.,Industrials,Airlines,17.6200008392334,2.3228893253712046,0.0381896472424893,42.473483913438045,US
RJF,"Raymond James Financial, Inc.",Financial Services,Asset Management,173.4600067138672,-4.218663242496779,-0.0908043060154613,45.89763957591357,US
RJVI,RJ Eagle Vertical Income ETF,ETF,ETF,24.59000015258789,-0.7587364850592819,0.0008352197834019,37.5598280951697,US
RKLB,Rocket Lab Corporation,Industrials,Aerospace & Defense,62.95000076293945,-1.3477520636937854,0.1108647901650989,37.76933334938586,US
RKLX,Defiance Daily Target 2X Long RKLB ETF,ETF,ETF,14.390000343322754,-3.6813872323176873,0.0472054644529027,35.670623462573545,US
RKLZ,Defiance Daily Target 2X Short RKLB ETF,ETF,ETF,20.540000915527344,-2.143872608374251,-0.0651930458109376,53.012645133802415,US
RKNG,Defiance Retail Kings ETF,ETF,ETF,22.24449920654297,-4.734480329191214,-0.0764303277930865,44.21141977754872,US
RKT,"Rocket Companies, Inc.",Financial Services,Mortgage Finance,13.18000030517578,-7.313642351079433,-0.0131338851390946,43.21914133683872,US
RL,Ralph Lauren Corporation,Consumer Cyclical,Apparel Manufacturing,339.0899963378906,-1.4846065333858924,0.4448127481228994,34.99455648899432,US
RLAY,"Relay Therapeutics, Inc.",Healthcare,Biotechnology,18.8700008392334,-0.7364512780790863,0.0191397513624406,46.54280599600044,US
RLGT,"Radiant Logistics, Inc.",Industrials,Integrated Freight & Logistics,8.130000114440918,-3.329366683132007,-0.0064602576450952,37.6055783060154,US
RLI,RLI Corp.,Financial Services,Insurance - Property & Casualty,60.47999954223633,-5.559027673948465,-0.0057097865268983,38.65882088268616,US
RLJ,RLJ Lodging Trust,Real Estate,REIT - Hotel & Motel,10.880000114440918,-0.0918294634211615,0.0074244925715269,40.07318615109766,US
RMCA,Rockefeller California Municipal Bond ETF,ETF,ETF,23.30500030517578,-1.1746264890292273,0.0033889721147329,24.851507919022907,US
RMD,ResMed Inc.,Healthcare,Medical Instruments & Supplies,218.2700042724609,-4.764604935914285,-0.1332287714737603,42.48077517221193,US
RMHY,Global X Adaptive Risk Managed High Yield ETF,EQUITY,EQUITY,24.690000534057617,-1.0024057523920438,-0.0055826496359862,35.29262809095279,US
RMIX,"Suncrete, Inc.",Basic Materials,Building Materials,13.359999656677246,-17.42892827756284,-0.0629002251084543,24.72197838160679,US
RMME,Rareview Government Money Market ETF,ETF,ETF,100.1449966430664,0.0699472365314404,-0.0006315320778547,98.62178847266678,US
RMNI,"Rimini Street, Inc.",Technology,Software - Application,4.539999961853027,-10.980391240220747,-0.0064803041944376,35.915122106209054,US
RMNY,Rockefeller New York Municipal Bond ETF,ETF,ETF,23.655000686645508,-1.0043932476267698,0.0039058739050083,25.85323803272574,US
RMR,The RMR Group Inc.,Real Estate,Real Estate Services,19.020000457763672,-1.9587585991684155,-0.0100927127679243,38.47390067006913,US
RMRC,ARMOR Core Risk-Managed ETF,EQUITY,EQUITY,25.54050064086914,-1.197291048484654,0.005071998743309,41.776522743955205,US
RND,First Trust Bloomberg R&D Leaders ETF,ETF,ETF,32.605098724365234,-1.435619952849053,0.002952973981322,47.90231220498053,US
RNEM,First Trust Emerging Markets Equity Select ETF,ETF,ETF,57.03229904174805,-1.3725679952666248,-0.0190461622268207,52.20298689749798,US
RNIN,Bushido Capital US SMID Cap Equity ETF,ETF,ETF,38.04999923706055,-0.2621291869425567,0.0625586592520015,57.46671077580046,US
RNP,"Cohen & Steers REIT and Preferred Income Fund, Inc.",Financial Services,Asset Management,19.51000022888184,-2.371902038030147,-0.0080151348283946,32.65200176882058,US
RNRG,Global X Renewable Energy Producers ETF,ETF,ETF,33.779998779296875,-1.0805572637485332,-0.0265038583959495,39.775135189827424,US
RNST,Renasant Corporation,Financial Services,Banks - Regional,40.77000045776367,-1.0436900417792674,0.0281294797115023,41.698642609035,US
RNTY,YieldMax Target 12 Real Estate Option Income ETF,ETF,ETF,47.45500183105469,-1.5558551426437952,0.0101256182614874,34.82927169887064,US
ROAD,"Construction Partners, Inc.",Industrials,Engineering & Construction,99.66999816894533,-2.931439547413737,0.2374082654727904,40.90682734649549,US
ROAM,Hartford Multifactor Emerging Markets ETF,ETF,ETF,36.555999755859375,0.0520048381935392,-0.0127618710411724,60.1859724879399,US
ROBN,T-REX 2X Long HOOD Daily Target ETF,ETF,ETF,33.130001068115234,-18.83880128417551,-0.2486758848468975,53.480351643241,US
ROBT,First Trust Nasdaq Artificial Intelligence and Robotics ETF,ETF,ETF,57.3849983215332,-3.034760213134713,0.0172655234246837,45.53173909362221,US
ROCK,"Gibraltar Industries, Inc.",Industrials,Building Products & Equipment,46.15999984741211,0.8520851775134392,0.06440425862164,50.6552537388186,US
ROCY,JPMorgan Equity Premium Yield ETF,ETF,ETF,54.970001220703125,-0.6685922133440095,0.0175981540697842,53.427070573429525,US
ROE,Astoria US Equal Weight Quality Kings ETF,ETF,ETF,43.31800079345703,-0.6923387111937405,0.0261884621861606,50.59209933160267,US
ROIV,Roivant Sciences Ltd.,Healthcare,Biotechnology,40.81999969482422,18.628305364244834,0.0247974921922773,67.62935690760472,US
ROK,"Rockwell Automation, Inc.",Industrials,Specialty Industrial Machinery,428.3900146484375,0.0256878372686553,0.3111969002570083,45.16691107179791,US
ROKT,State Street SPDR S&P Kensho Final Frontiers ETF,ETF,ETF,107.63999938964844,-0.801771937567353,0.1317628695188266,36.85769766366406,US
ROKU,ROKU,N/A,N/A,154.92999267578125,-2.135054598533167,0.0655706098946047,52.922654164106646,US
ROL,"Rollins, Inc.",Consumer Cyclical,Personal Services,34.72999954223633,-2.7443281079848845,0.0014595510382084,31.252694842711804,US
ROMA,ROMA,N/A,N/A,9.4399995803833,8.009151345499193,0.0375745901303363,58.04444472409591,US
ROMO,Strategy Shares Newfound/ReSolve Robust Momentum ETF,ETF,ETF,34.30889892578125,-1.851191017935712,-0.0089416629726227,45.03550354892159,US
RONB,Baron First Principles ETF,ETF,ETF,23.600000381469727,-3.8696492265332014,-0.0026206010098248,50.10589575728027,US
ROOT,"Root, Inc.",Financial Services,Insurance - Property & Casualty,53.48500061035156,-3.439246795971062,-0.0013287063243869,46.28058275543182,US
ROP,"Roper Technologies, Inc.",Technology,Software - Application,388.5199890136719,-8.009948289559679,-0.2713651979683309,41.50386956669944,US
ROPE,Coastal Compass 100 ETF,ETF,ETF,29.819700241088867,-1.210201197007412,0.012618035129195,40.37826167427586,US
ROSC,Hartford Multifactor Small Cap ETF,ETF,ETF,54.84700012207031,-1.0999523996885343,0.0129018908539785,42.04994960920631,US
ROST,"Ross Stores, Inc.",Consumer Cyclical,Apparel Retail,230.7400054931641,-0.2089360843394086,0.4327362769150569,45.78947869111355,US
ROUS,Hartford Multifactor US Equity ETF,ETF,ETF,67.5999984741211,-0.5589950927440511,0.0398398652403705,49.350797450299616,US
RPAR,RPAR Risk Parity ETF,ETF,ETF,22.124000549316406,-2.101864515712479,-0.0127679790119538,41.39563231109216,US
RPC,"Ridgepost Capital, Inc",Financial Services,Asset Management,8.109999656677246,-5.257018000936071,0.0061505327558597,41.51174148117343,US
RPD,"Rapid7, Inc.",Technology,Software - Infrastructure,10.3100004196167,-10.113337579830729,0.0029777071020731,41.31059358321544,US
RPRX,Royalty Pharma plc,Healthcare,Biotechnology,58.61000061035156,-8.249844035137494,-0.1347788177911987,41.99911702152063,US
RQI,"Cohen & Steers Quality Income Realty Fund, Inc.",Financial Services,Asset Management,11.6899995803833,-2.7454237713885474,-0.00409121606031,28.741876554454663,US
RR,Richtech Robotics Inc.,Industrials,Specialty Industrial Machinery,1.649999976158142,-4.069770423704462,-0.0022769946567697,45.60686860038446,US
RRBI,"Red River Bancshares, Inc.",Financial Services,Banks - Regional,103.4800033569336,0.2327844620583866,0.0398948425238834,60.45656534971645,US
RRR,"Red Rock Resorts, Inc.",Consumer Cyclical,Resorts & Casinos,55.900001525878906,-2.0844256849332687,0.106729315849678,35.39374708505484,US
RSBT,Return Stacked Bonds & Managed Futures ETF,ETF,ETF,19.3700008392334,1.0433007936540313,0.0026273255690312,68.1668479247146,US
RSBY,Return Stacked Bonds & Futures Yield ETF,ETF,ETF,18.184999465942383,0.3753319199210488,-0.011103900957947,53.11216001778489,US
RSDE,FT Vest U.S. Equity Equal Weight Buffer ETF - December,ETF,ETF,23.8700008392334,-0.7484341103419856,0.0039858771519335,47.04596789306057,US
RSEE,Rareview Systematic Equity ETF,ETF,ETF,39.06700134277344,-1.5175512237246118,0.0053756077100024,47.85720761143452,US
RSG,"Republic Services, Inc.",Industrials,Waste Management,222.7400054931641,-1.057209344191981,-0.0117959935973104,56.13894149956207,US
RSI,"Rush Street Interactive, Inc.",Consumer Cyclical,Gambling,26.43000030517578,-1.270078994299329,-0.0314249754894643,47.73797813753848,US
RSJN,FT Vest U.S. Equity Equal Weight Buffer ETF - June,ETF,ETF,37.66680145263672,-1.0096902797748857,0.0111944118260101,44.120144790434985,US
RSMC,Rockefeller U.S. Small-Mid Cap ETF,ETF,ETF,27.839500427246094,-2.6693011100804807,-0.008436223477701,37.93767336547338,US
RSMR,FT Vest U.S. Equity Equal Weight Buffer ETF - March,ETF,ETF,24.049999237060547,-0.9472876568387676,0.0023246604817447,45.599889439067226,US
RSPA,Invesco S&P 500 Equal Weight Income Advantage ETF,ETF,ETF,53.220001220703125,-2.2409945569089573,0.0111549415269879,41.789620137722906,US
RSPC,Invesco S&P 500 Equal Weight Communication Services ETF,ETF,ETF,36.900001525878906,-1.9920317917769117,0.023091744450352,50.20436457290237,US
RSPE,Invesco ESG S&P 500 Equal Weight ETF,ETF,ETF,34.31800079345703,-2.0381384774684923,0.0087625775287474,43.80498643334262,US
RSPG,Invesco S&P 500 Equal Weight Energy ETF,ETF,ETF,116.04000091552734,-0.1806443737399193,-0.0681219659993859,63.744658484970216,US
RSPH,Invesco S&P 500 Equal Weight Health Care ETF,ETF,ETF,36.08000183105469,-4.72668907134028,-0.0172787522405107,44.90949641005334,US
RSPM,Invesco S&P 500 Equal Weight Materials ETF,ETF,ETF,39.15999984741211,-3.332506862641607,-0.0165723689886976,39.13675238584629,US
RSPR,Invesco S&P 500 Equal Weight Real Estate ETF,ETF,ETF,35.23500061035156,-2.127715485736289,0.0158326020840325,36.655934328196736,US
RSPS,Invesco S&P 500 Equal Weight Consumer Staples ETF,ETF,ETF,30.059999465942383,-3.406173986842114,-0.0031622639188704,36.11861673339644,US
RSPT,Invesco S&P 500 Equal Weight Technology ETF,ETF,ETF,64.7699966430664,0.7936422189260981,0.0797430611977454,55.08186424835942,US
RSPU,Invesco S&P 500 Equal Weight Utilities ETF,ETF,ETF,75.0199966430664,-1.4062291317149005,-0.0344414277668927,37.19128516452084,US
RSSB,Return Stacked Global Stocks & Bonds ETF,ETF,ETF,30.440000534057617,-2.467153389947142,-0.0093609923856911,41.995618509746585,US
RSSX,Return Stacked U.S. Stocks & Gold/Bitcoin ETF,ETF,ETF,27.059999465942383,-4.969274439231137,-0.0145816400378964,51.79127364343503,US
RSSY,Return Stacked U.S. Stocks & Fu,ETF,ETF,26.200000762939453,0.3254872393883601,-0.0019306898649858,62.8582849572598,US
RSVR,"Reservoir Media, Inc.",Communication Services,Entertainment,9.470000267028809,-3.0706261686658363,0.0343772775524458,44.992258387860666,US
RTAI,Rareview Tax Advantaged Income ETF,ETF,ETF,20.048999786376957,-2.094935252790282,-0.0032175433856143,19.628361695914435,US
RTH,VanEck Retail ETF,ETF,ETF,257.3999938964844,-2.3224026154881114,0.0958211526940258,40.39885975779017,US
RTRE,Rareview Total Return Bond ETF,ETF,ETF,24.062000274658203,-1.26385126782328,-0.0056930687506814,29.27975173974798,US
RTX,RTX Corporation,Industrials,Aerospace & Defense,197.67999267578125,-2.2015594417123783,0.2223801982614279,32.526969510296894,US
RTXG,Leverage Shares 2X Long RTX Daily ETF,ETF,ETF,23.61199951171875,-4.555563256874654,0.0583745970894719,30.297597235992583,US
RTYY,GraniteShares YieldBOOST RIOT ETF,ETF,ETF,8.454999923706055,0.0123637645136043,0.0025801279972676,45.39311575225592,US
RULE,Adaptive Core ETF,ETF,ETF,29.73600006103516,-1.34040921298769,-0.0195721502918348,46.1272079106322,US
RUSC,Russell Investments U.S. Small Cap Equity ETF,ETF,ETF,37.45700073242188,-1.260051729445007,0.0075843070636077,41.5066599758741,US
RUSHA,"Rush Enterprises, Inc.",Consumer Cyclical,Auto & Truck Dealerships,48.310001373291016,-3.320302674067782,0.0018592734810558,37.31706645141707,US
RVER,Trenchless Fund ETF,ETF,ETF,37.34000015258789,1.575034794155163,0.0314298963458584,57.78772671797375,US
RVI,Robinhood Ventures Fund I,Financial Services,Asset Management,28.280000686645508,4.354244607253344,-0.0207066657431252,52.40472908258352,US
RVLV,"Revolve Group, Inc.",Consumer Cyclical,Internet Retail,21.1299991607666,-1.7666251235320798,0.0958183831060981,39.85952125508504,US
RVMD,"Revolution Medicines, Inc.",Healthcare,Biotechnology,203.7700042724609,-3.3669991033009987,-0.0939364044914041,48.41298642945222,US
RVNL,GraniteShares 2x Long RIVN Daily ETF,ETF,ETF,24.589000701904297,1.2768292840046045,0.0122456665680991,47.80122081749558,US
RVNU,Xtrackers Municipal Infrastructure Revenue Bond ETF,ETF,ETF,23.850000381469727,-1.323954049706752,0.0001549498067716,26.44667189991017,US
RVT,"Royce Small-Cap Trust, Inc.",Financial Services,Asset Management,17.549999237060547,-3.1974164807503787,-0.0075524565345566,37.40937262709932,US
RW,Rainwater Equity ETF,ETF,ETF,24.62299919128418,-1.7790938949018884,0.020427561744346,38.20742628432739,US
RWEM,Rayliant NxtGen Multifactor Emerging Markets Equity ETF,EQUITY,EQUITY,36.22629928588867,-3.138241155359558,-0.0628344432955868,49.87524099957921,US
RWL,Invesco S&P 500 Revenue ETF,ETF,ETF,133.63999938964844,-1.539819055241135,0.0363752564066104,50.52517938494595,US
RWLC,Rayliant NxtGen Multifactor US Equity ETF,EQUITY,EQUITY,38.60499954223633,-0.9747365965523004,0.0067137310614098,50.254966572592686,US
RWM,ProShares Short Russell2000,ETF,ETF,13.949999809265137,2.2727233001437432,0.0015798804596117,62.64070172084762,US
RWT,"Redwood Trust, Inc.",Real Estate,REIT - Mortgage,3.549999952316284,-20.758929973164072,-0.0278269910249994,17.443507655119774,US
RWWI,"Rand Worldwide, Inc.",Technology,Software - Application,11.869999885559082,-1.9008304847896835,-0.0095288819895533,33.479356490487234,US
RWX,State Street SPDR Dow Jones International Real Estate ETF,ETF,ETF,26.8700008392334,-2.3973840572124208,-0.0053001913269458,34.498837707403524,US
RXD,ProShares UltraShort Health Care,ETF,ETF,15.649999618530272,9.517142479410412,0.0148213235168123,58.678877271533,US
RXI,iShares Global Consumer Discretionary ETF,ETF,ETF,191.92999267578125,-2.839931558682189,0.1120095771461804,38.68204298250013,US
RXL,ProShares Ultra Health Care,ETF,ETF,56.43000030517578,-9.013221720942658,-0.0516038469566323,39.93633359329462,US
RXO,"RXO, Inc.",Industrials,Trucking,19.489999771118164,-2.55000114440918,0.0020296999790568,36.2864148078135,US
RXRX,"Recursion Pharmaceuticals, Inc.",Healthcare,Biotechnology,3.200000047683716,-6.976744347227267,-0.00635535760958,45.93288010455341,US
RXT,"Rackspace Technology, Inc.",Technology,Software - Infrastructure,3.220000028610229,-2.127657570043611,0.0083269702464136,41.14958721567967,US
RYAM,Rayonier Advanced Materials Inc.,Basic Materials,Chemicals,8.5,-0.7009394471429935,0.0050214144038484,49.846990657204266,US
RYLG,Global X Russell 2000 Covered Call & Growth ETF,ETF,ETF,24.229999542236328,-1.7118322152199796,-0.0008880450476444,40.495829299465015,US
RYN,Rayonier Inc.,Real Estate,REIT - Specialty,20.21999931335449,-0.492127868954634,0.0031871971288837,38.459391140071496,US
RYTM,"Rhythm Pharmaceuticals, Inc.",Healthcare,Biotechnology,104.70999908447266,-0.1716086435534343,0.3262806477954805,44.72796216238672,US
RYZ,Ryerson Holding Corporation,Industrials,Metal Fabrication,25.280000686645508,-1.9775114803302736,-0.0172422590793652,44.31922221817547,US
RZG,Invesco S&P SmallCap 600 Pure Growth ETF,ETF,ETF,64.7854995727539,-3.290787223935549,-0.0149370349189614,32.98215702932731,US
RZLT,"Rezolute, Inc.",Healthcare,Biotechnology,4.21999979019165,-7.048461990091449,0.0048232149266183,38.266637429188286,US
RZLV,Rezolve AI PLC,Technology,Software - Infrastructure,2.289999961853028,4.0909051008461805,0.0055832282317559,40.62269987025126,US
S,"SentinelOne, Inc.",Technology,Software - Infrastructure,19.75,-0.2525214090259208,0.0382489953580891,45.67461056624241,US
SAA,ProShares Ultra SmallCap600,ETF,ETF,34.279998779296875,-3.950686191276346,0.0099034290873695,36.92848650383783,US
SABR,Sabre Corporation,Technology,Software - Infrastructure,2.1700000762939453,5.339812454848033,0.0019431990445916,53.85209633504304,US
SAFE,Safehold Inc.,Real Estate,REIT - Diversified,14.029999732971191,-6.839313797786222,-0.0302179415134873,27.26539344542797,US
SAFT,"Safety Insurance Group, Inc.",Financial Services,Insurance - Property & Casualty,103.41999816894533,0.3103779821146565,0.0370155466341506,81.51280833379181,US
SAGP,Strategas Global Policy Opportunities ETF,ETF,ETF,36.00699996948242,-3.881366281011664,0.0026475007257595,34.48387461226601,US
SAIC,Science Applications International Corporation,Technology,Information Technology Services,129.89999389648438,2.687742210659585,0.1628876816851083,61.906223214454144,US
SAIL,"SailPoint, Inc.",Technology,Software - Infrastructure,17.239999771118164,-11.08818817022797,-0.0293766806304635,44.21302334757327,US
SAM,"The Boston Beer Company, Inc.",Consumer Defensive,Beverages - Brewers,172.5500030517578,0.4424063073098387,0.6467135653499438,44.702687984763095,US
SAMM,Strategas Macro Momentum ETF,ETF,ETF,33.00790023803711,-0.7549795283603064,-0.0700040748910271,52.009220091115765,US
SAMT,Strategas Macro Thematic Opportunities ETF,ETF,ETF,41.709999084472656,-2.7512248122357774,-0.0076991358551171,31.839267004624546,US
SANA,"Sana Biotechnology, Inc.",Healthcare,Biotechnology,3.130000114440918,-20.15305985911895,-0.0073052603634228,36.158606571164114,US
SASS,M.D. Sass Concentrated Equities ETF,EQUITY,EQUITY,23.9192008972168,-2.5694434193362428,-0.0085672924149099,40.37550216853654,US
SATL,Satellogic Inc.,Industrials,Aerospace & Defense,4.789999961853027,3.455720161065908,0.0035299216497183,46.84479901239716,US
SATO,Invesco Alerian Galaxy Crypto Economy ETF,ETF,ETF,18.437000274658203,-4.118777955815058,-0.0214106100299431,56.8023340532021,US
SAUG,FT Vest U.S. Small Cap Moderate Buffer ETF - August,ETF,ETF,27.575000762939453,-1.2533517768430045,-0.0039010964910709,34.812909590762786,US
SAWG,AAM Sawgrass U.S. Large Cap Quality Growth ETF,ETF,ETF,24.03619956970215,-1.369722027230551,0.0017266683240367,42.93523968271528,US
SAWS,AAM Sawgrass U.S. Small Cap Quality Growth ETF,ETF,ETF,23.0359001159668,-1.9748931235455447,-0.0089775495403203,36.49144644129608,US
SB,"Safe Bulkers, Inc.",Industrials,Marine Shipping,8.510000228881836,-5.549389426175978,-0.0137538114420497,54.50039234760839,US
SBB,ProShares Short SmallCap600,ETF,ETF,23.200000762939453,1.9332184957505765,-0.0042605137890674,63.20372129413828,US
SBET,"Sharplink, Inc.",Financial Services,Capital Markets,8.880000114440918,-1.1135794308794238,0.00255030564663,63.53838249607917,US
SBGI,"Sinclair, Inc.",Communication Services,Broadcasting,13.899999618530272,-0.2153674514591421,0.0144100459606137,49.87932759506575,US
SBH,"Sally Beauty Holdings, Inc.",Consumer Cyclical,Specialty Retail,15.960000038146973,-3.096534890526638,9.116973646400296e-05,47.04591712056138,US
SBIL,Simplify Government Money Market ETF,EQUITY,EQUITY,100.1999969482422,0.064907185924154,0.0013457432345723,94.36272129799993,US
SBIO,ALPS Medical Breakthroughs ETF,ETF,ETF,63.290000915527344,-5.972361891065255,-0.0896034262383401,36.287516073086,US
SBIT,ProShares UltraShort Bitcoin ETF,ETF,ETF,36.58000183105469,12.036753817793242,0.1989234617894517,36.48421516421669,US
SBNC,"Southern BancShares (N.C.), Inc.",Financial Services,Banks - Regional,13000.0,-1.8867924528301887,-14.264814595375071,40.643093352724186,US
SBND,Columbia Short Duration Bond ETF,ETF,ETF,18.489999771118164,-0.6981797113634644,-0.0049452276311041,35.626035349299826,US
SBR,Sabine Royalty Trust,Energy,Oil & Gas Midstream,74.8499984741211,-0.8346646194930618,-0.0192694604832759,57.48520194009552,US
SBRA,"Sabra Health Care REIT, Inc.",Real Estate,REIT - Healthcare Facilities,20.520000457763672,-1.958909896961256,-0.0229789113663222,48.23293877424939,US
SBSI,"Southside Bancshares, Inc.",Financial Services,Banks - Regional,32.06999969482422,-1.140563956683193,-0.0076859321421326,47.51634904901042,US
SBUX,Starbucks Corporation,Consumer Cyclical,Restaurants,98.73999786376952,-6.69060844025024,-0.086616415439049,32.10056763820528,US
SCAP,Infrastructure Capital Small Cap Income ETF,ETF,ETF,37.33000183105469,-3.061614361227641,-0.0273986949384723,36.855503548123046,US
SCC,ProShares UltraShort Consumer Discretionary,ETF,ETF,15.5600004196167,6.5024009942756695,-0.0137359900842104,59.017406579868776,US
SCCO,Southern Copper Corporation,Basic Materials,Copper,193.4900054931641,-3.0271103709140696,-0.4902304392728727,45.762791997856255,US
SCDS,JPMorgan Fundamental Data Science Small Core ETF,ETF,ETF,73.4906005859375,-2.406810862892681,0.0021323114715,37.28997503848027,US
SCDV,Bahl & Gaynor Small Cap Dividend ETF,ETF,ETF,26.020000457763672,-3.303727101928783,-0.015301528399373,31.211941342899426,US
SCEC,Sterling Capital Enhanced Core Bond ETF,ETF,ETF,24.17510032653809,-1.3261211161710778,-0.0034329828987894,34.58038808602933,US
SCEP,Sterling Capital Hedged Equity Premium Income ETF,ETF,ETF,24.479999542236328,-1.4889369559499182,-0.0012440957993194,40.1177419057376,US
SCHA,Schwab U.S. Small-Cap ETF,ETF,ETF,33.790000915527344,-1.2277058760166486,-0.0041145318497825,42.25510766536645,US
SCHC,Schwab International Small-Cap Equity ETF,ETF,ETF,50.720001220703125,-1.4762982290038074,-0.0126809122850709,49.90513637865567,US
SCHE,Schwab Emerging Markets Equity ETF,ETF,ETF,37.02000045776367,-0.750666983978578,-0.0122657707946322,52.039280800352856,US
SCHH,Schwab U.S. REIT ETF,ETF,ETF,23.200000762939453,-1.736551617166622,0.0063968229899437,35.54956188120529,US
SCHI,Schwab 5-10 Year Corporate Bond ETF,ETF,ETF,21.809999465942383,-1.1780708313412904,-0.006285977770322,29.61740801507584,US
SCHJ,Schwab 1-5 Year Corporate Bond ETF,ETF,ETF,24.25,-0.6147525445711814,-0.0041671641821603,30.087893972880792,US
SCHK,Schwab 1000 ETF,ETF,ETF,36.81999969482422,-1.20740745213947,0.0091369568494234,49.72873835693755,US
SCHL,Scholastic Corporation,Communication Services,Publishing,35.0099983215332,-8.63779070890256,0.0029991796848982,26.435181635980115,US
SCHM,Schwab U.S. Mid-Cap ETF,ETF,ETF,35.130001068115234,-1.403311773817045,1.2710353336151116e-05,42.9924692986807,US
SCHO,Schwab Short-Term U.S. Treasury ETF,ETF,ETF,23.920000076293945,-0.3748444470218233,-0.0028809566920009,32.55422023569436,US
SCHP,Schwab U.S. TIPS ETF,ETF,ETF,25.59000015258789,-1.0058035785106374,-0.0109498306596731,30.37444003381364,US
SCHQ,Schwab Long-Term U.S. Treasury ETF,ETF,ETF,29.459999084472656,-1.4715737112750014,-0.0144694505294984,36.19869536722872,US
SCHR,Schwab Intermediate-Term U.S. Treasury ETF,ETF,ETF,23.979999542236328,-1.113403949540915,-0.0073261738609741,27.727392724856852,US
SCHV,Schwab U.S. Large-Cap Value ETF,ETF,ETF,34.4900016784668,-0.7767452707244468,0.0086777365026144,46.65832547552121,US
SCHW,The Charles Schwab Corporation,Financial Services,Capital Markets,107.25,-2.835656216073195,0.0415162099522674,47.89238378316332,US
SCHZ,Schwab U.S. Aggregate Bond ETF,ETF,ETF,22.420000076293945,-1.0591340367796749,-0.0072882874381128,30.530024721558163,US
SCJ,iShares MSCI Japan Small-Cap ETF,ETF,ETF,110.3000030517578,-0.487182699363024,0.0653168082205709,57.6879406012672,US
SCL,Stepan Company,Basic Materials,Specialty Chemicals,61.56999969482422,-1.298495286023709,-0.0010987933683149,46.77929632544007,US
SCLZ,Swan Enhanced Dividend Income E,ETF,ETF,56.72499847412109,0.3698061399914818,0.0172500615163398,59.33101341497448,US
SCMB,Schwab Municipal Bond ETF,ETF,ETF,24.65999984741211,-0.8842416429877145,0.0002424107346785,25.21980584625419,US
SCMC,Sterling Capital Multi-Strategy Income ETF,ETF,ETF,24.709999084472656,-0.4030648271758362,-0.0024683479355106,37.97419695515057,US
SCMY,Corgi U.S. Small-Cap 15% Structured Buffer ETF - May Series,ETF,ETF,25.549999237060547,-1.1222945581070365,-0.0024658538545381,41.26927751566567,US
SCNM,Sterling Capital National Municipal Bond ETF,ETF,ETF,24.190000534057617,-0.7793217114409864,0.0017726358401906,25.51415655715905,US
SCO,ProShares UltraShort Bloomberg Crude Oil,ETF,ETF,20.61000061035156,-9.64488779964962,0.0115800427049337,30.53324779630651,US
SCSB,Sterling Capital Short Duration Bond ETF,ETF,ETF,24.670000076293945,-0.4439088268905669,-0.0032931743807656,37.39279026876503,US
SCSC,"ScanSource, Inc.",Technology,Electronics & Computer Distribution,58.18999862670898,0.5703387709580889,0.0579366014311238,57.6058015548498,US
SCUB,Sterling Capital Ultra Short Bond ETF,ETF,ETF,24.940000534057617,-0.2399978637695312,-0.0016012537226472,47.16045340504724,US
SCUS,Schwab Ultra-Short Income ETF,ETF,ETF,25.100000381469727,-0.0398256815561898,-0.0007705506820509,59.64372480515457,US
SCYB,Schwab High Yield Bond ETF,ETF,ETF,25.690000534057617,-0.7341523681230149,-0.0059614027457052,33.05576779173563,US
SCZ,iShares MSCI EAFE Small-Cap ETF,ETF,ETF,86.08999633789062,-1.5889425762496818,0.00075013254867,49.850186350137314,US
SD,"SandRidge Energy, Inc.",Energy,Oil & Gas E&P,14.630000114440918,2.23619626443582,-0.00544965313596,61.05235519502318,US
SDCI,USCF SummerHaven Dynamic Commodity Strategy No K-1 Fund,ETF,ETF,31.520000457763672,2.337666358889948,-0.0168161839962786,68.40778194349666,US
SDCP,Virtus Newfleet Short Duration Core Plus Bond ETF,ETF,ETF,25.310800552368164,-0.3903947093256212,-0.0025987943377431,30.80247047657096,US
SDFI,AB Short Duration Income ETF,ETF,ETF,35.03400039672852,-0.6268633234749571,-0.0061722519332802,30.928272166677388,US
SDG,iShares MSCI Global Sustainable Development Goals ETF,ETF,ETF,89.9260025024414,-2.782699997360642,-0.0245741676375943,38.80297340683375,US
SDGR,"Schrödinger, Inc.",Healthcare,Health Information Services,19.020000457763672,-8.160302759144313,-0.0368947600313326,50.84684150114876,US
SDMF,Simplify DBi CTA Managed Future,EQUITY,EQUITY,26.547700881958008,1.637442683700779,0.0084300243183383,61.39056137681227,US
SDOW,ProShares UltraPro Short Dow30,ETF,ETF,23.93000030517578,6.639927520753679,-0.0192105140947783,55.26484300306867,US
SDP,ProShares UltraShort Utilities,ETF,ETF,24.71999931335449,2.572609635149538,0.0254411493459674,61.91594900338728,US
SDSI,American Century Short Duration Strategic Income ETF,ETF,ETF,50.70000076293945,-0.607719209555215,-0.0049379964132467,33.477774390804626,US
SDVD,FT Vest SMID Rising Dividend Achievers Target Income ETF,ETF,ETF,22.709999084472656,-1.5177813945167116,0.013814397401415,42.52462681590953,US
SDVY,First Trust SMID Cap Rising Dividend Achievers ETF,ETF,ETF,42.66999816894531,-1.840356635133475,0.0194254588815052,39.34031611273976,US
SDY,State Street SPDR S&P Dividend ETF,ETF,ETF,153.0,-2.473230980398565,0.0154098244571651,36.49229484306562,US
SE,Sea Limited,Consumer Cyclical,Internet Retail,106.23999786376952,-6.065429445537286,-0.0812277733883608,39.03776098932951,US
SEA,U.S. Global Sea to Sky Cargo ETF,ETF,ETF,20.170000076293945,1.4485469633516994,0.0110078127998263,65.20121370566702,US
SEB,Seaboard Corporation,Industrials,Conglomerates,4296.0,-0.0176822923887504,-1.6259305859809243,51.08187953796795,US
SECR,NYLI MacKay Securitized Income ETF,ETF,ETF,24.6200008392334,-1.0847672038406293,-0.0024883856904552,31.691646343025383,US
SECT,Main Sector Rotation ETF,ETF,ETF,71.4800033569336,-0.8599100281673867,0.0132652885301812,48.36561196880749,US
SECU,iShares Securitized Income Active ETF,ETF,ETF,49.040000915527344,-0.6281612323783784,-0.0119297233023263,34.764526035037335,US
SEEM,SEI Select Emerging Markets Equity ETF,ETF,ETF,38.25,-4.463368395798602,-0.0969182638851463,43.04848730095268,US
SEF,ProShares Short Financials,ETF,ETF,29.649999618530277,2.347256890897878,-0.0055791545705433,52.83984189230126,US
SEI,"Solaris Energy Infrastructure, Inc.",Energy,Oil & Gas Equipment & Services,67.41999816894531,26.800828457283853,0.2124771803593128,62.73551369496664,US
SEIQ,SEI QiM U.S. Large Cap Quality Active ETF,ETF,ETF,41.43999862670898,-1.02698905217389,0.0391189709392085,47.77012350108454,US
SEIS,SEI Select Small Cap ETF,ETF,ETF,31.85029983520508,-2.6282460205744087,-0.0017910153961124,39.23493294349076,US
SEIX,Virtus Seix Senior Loan ETF,ETF,ETF,23.350000381469727,0.1716041031480417,-0.0010179820431266,77.3278646777554,US
SELV,SEI QiM U.S. Large Cap Low Volatility Active ETF,ETF,ETF,34.75899887084961,-2.225036239624801,0.0124479000010654,49.14410398100558,US
SEMG,Suncoast Select Growth ETF,ETF,ETF,27.309999465942383,-1.7272451737011842,0.0066809082116042,45.05486609573706,US
SEMUF,Siem Industries S.A.,Industrials,Marine Shipping,70.0,0.0,0.0016302216015877,97.563371979498,US
SEMY,GraniteShares YieldBOOST Semiconductors ETF,ETF,ETF,12.899999618530272,2.363924413445934,0.0111108983022426,53.22221560927501,US
SENEA,Seneca Foods Corporation,Consumer Defensive,Packaged Foods,190.6199951171875,-6.686902165526042,-0.1388838912471675,50.82179569423254,US
SEPI,Shelton Equity Premium Income ETF,ETF,ETF,28.899999618530277,0.3123920661445479,0.0090351447245777,62.50326646247977,US
SEPM,FT Vest U.S. Equity Max Buffer ,ETF,ETF,33.314998626708984,0.1202016498751209,1.8248280476432236e-05,80.02370326247888,US
SEPN,"Septerna, Inc.",Healthcare,Biotechnology,38.5099983215332,4.64673673892512,0.1383214945847713,49.04949397594125,US
SEPP,PGIM S&P 500 Buffer 12 ETF - Sep,ETF,ETF,33.04999923706055,-0.6761901682960668,-0.0018867713786055,50.181669746270586,US
SEPT,AllianzIM U.S. Equity Buffer10 Sep ETF,ETF,ETF,38.25899887084961,-0.6904676041365279,-0.0017963015432908,50.42212883069283,US
SEPU,AllianzIM U.S. Equity Buffer15 Uncapped Sep ETF,ETF,ETF,31.520299911499023,-0.9574260616994454,-0.0017250506544504,47.06587655469168,US
SEPW,AllianzIM U.S. Equity Buffer20 Sep ETF,ETF,ETF,33.880001068115234,-0.4700347917415168,0.0021294377167277,55.27109544005186,US
SEPZ,TrueShares Structured Outcome (September) ETF,ETF,ETF,46.15399932861328,-0.8911527268175781,0.0091159135280295,49.53955318996741,US
SERV,Serve Robotics Inc.,Industrials,Integrated Freight & Logistics,4.480000019073486,-7.246374951575853,-0.011082430879538,39.76274423968758,US
SETH,ProShares Short Ether ETF,ETF,ETF,32.150001525878906,-0.8939491772706593,0.0067842403709672,27.981245075765656,US
SETM,Sprott Critical Materials ETF,ETF,ETF,31.950000762939453,-6.824147244418072,-0.111190521910107,41.96535073008228,US
SEZL,Sezzle Inc.,Financial Services,Credit Services,118.87000274658205,-3.3262820171955485,0.0700797778521122,41.63420087732423,US
SFBS,"ServisFirst Bancshares, Inc.",Financial Services,Banks - Regional,42.130001068115234,-0.8705857220818014,0.0119772351618481,41.142819968439845,US
SFEB,FT Vest U.S. Small Cap Moderate Buffer ETF – February,ETF,ETF,26.21500015258789,-0.9932792579334913,-0.0021445241462455,42.01534077024308,US
SFIX,"Stitch Fix, Inc.",Consumer Cyclical,Apparel Retail,2.950000047683716,-3.908791145553148,0.0082896434145517,35.38698414010244,US
SFL,SFL Corporation Ltd.,Industrials,Marine Shipping,13.18000030517578,6.294816414936001,0.0349945153407727,71.3575121950735,US
SFLO,Victoryshares Small Cap Free Cash Flow ETF,ETF,ETF,38.91999816894531,-3.4444551069662293,0.0037399776996329,49.73410979957751,US
SFM,"Sprouts Farmers Market, Inc.",Consumer Defensive,Grocery Stores,72.76000213623047,-8.050038339805896,-0.023437019126991,35.78514149052053,US
SFST,"Southern First Bancshares, Inc.",Financial Services,Banks - Regional,63.119998931884766,0.3657171958474936,0.020147294022335,52.89542658029621,US
SFTX,Horizon International Managed Risk ETF,ETF,ETF,30.96489906311035,-2.6873055936985324,-0.0357358469716329,45.3504442618076,US
SFTY,Horizon Managed Risk ETF,ETF,ETF,31.61000061035156,-1.0021913303030805,0.0086830150131483,51.17692049637322,US
SFY,SoFi Select 500 ETF,ETF,ETF,151.52000427246094,-1.3381036735255956,-0.0014678997694457,50.25320893566028,US
SG,"Sweetgreen, Inc.",Consumer Cyclical,Restaurants,7.099999904632568,6.287426453398624,0.0125091687103613,57.45632461314161,US
SGDJ,Sprott Junior Gold Miners ETF,ETF,ETF,97.3499984741211,-5.485438374639714,-0.117404382737936,53.62877827335526,US
SGDM,Sprott Gold Miners ETF,ETF,ETF,80.81999969482422,-4.772007683151534,-0.0709670888775981,54.17440753398645,US
SGHC,Super Group (SGHC) Limited,Consumer Cyclical,Gambling,13.84000015258789,-2.3288632457958576,-0.0079566670039711,51.83673718891654,US
SGLC,SGI U.S. Large Cap Core ETF,ETF,ETF,45.08530044555664,-1.4744272306038768,-0.0119204779913044,47.446353504932354,US
SGML,Sigma Lithium Corporation,Basic Materials,Other Industrial Metals & Mining,9.5,-25.60689381789048,-0.0765829016653661,34.14848254218546,US
SGMT,Sagimet Biosciences Inc.,Healthcare,Biotechnology,10.880000114440918,-0.366300014409914,-0.010900470132068,63.37954496688182,US
SGOL,abrdn Physical Gold Shares ETF,ETF,ETF,41.38999938964844,-2.8175645894345878,0.0040732710980246,47.43330773318337,US
SGRT,SMART Earnings Growth 30 ETF,EQUITY,EQUITY,33.20600128173828,3.866130731718492,0.0086781952668476,55.86734511038846,US
SGRW,Harbor Active Small Cap Growth ETF,EQUITY,EQUITY,24.73730087280273,-3.3208231677522333,0.0004735746623319,38.03228391097612,US
SGRY,"Surgery Partners, Inc.",Healthcare,Medical Care Facilities,14.380000114440918,1.482004495527826,0.0203247315562021,49.08640348467712,US
SGU,"Star Group, L.P.",Energy,Oil & Gas Refining & Marketing,12.880000114440918,0.2334609500436463,0.0001694569493787,57.71100515026048,US
SGVA,F/M Accumulator Ultrashort U.S. Treasury Fund,ETF,ETF,100.8499984741211,0.0495986317952888,-9.732559946518116e-05,92.41013704162094,US
SGVT,Schwab Government Money Market ETF,ETF,ETF,100.5999984741211,0.0795879762499035,-0.000201457275017,99.10387125671272,US
SH,ProShares Short S&P500,ETF,ETF,32.619998931884766,1.3043421086769316,-0.0075733926426398,51.694183263169705,US
SHAZ,SharonAI Holdings Inc.,Technology,Information Technology Services,59.40999984741211,8.07713030400437,0.265848824858294,50.5946018700802,US
SHBI,"Shore Bancshares, Inc.",Financial Services,Banks - Regional,23.440000534057617,0.6008639552845428,0.0119248409721362,53.7022222182821,US
SHC,Sotera Health Company,Healthcare,Diagnostics & Research,18.3700008392334,-3.4682071655166617,0.0036852585367253,44.54660605259542,US
SHDG,Soundwatch Hedged Equity ETF,ETF,ETF,33.26430130004883,-1.1432642287625854,-0.0040006692146075,47.7605659942264,US
SHEN,Shenandoah Telecommunications Company,Communication Services,Telecom Services,11.90999984741211,-5.099604251761201,-0.0098726558793435,40.63078964661492,US
SHLD,Global X Defense Tech ETF,ETF,ETF,61.75,-3.1372549019607843,0.0564114440893614,32.62977856611653,US
SHLS,"Shoals Technologies Group, Inc.",Technology,Solar,7.300000190734863,3.8406824021115407,0.0172446287244623,45.14902496637113,US
SHM,State Street SPDR Nuveen ICE Short Term Municipal Bond ETF,ETF,ETF,47.310001373291016,-0.3999971088610197,-0.0040401455402325,30.29240984802604,US
SHMD,SCHMID Group N.V.,Industrials,Specialty Industrial Machinery,3.380000114440918,9.03226511039319,0.0253327649537739,41.00219677933728,US
SHO,"Sunstone Hotel Investors, Inc.",Real Estate,REIT - Hotel & Motel,10.979999542236328,-0.2724857949304026,0.0032633685920525,43.800119040224544,US
SHOC,Strive U.S. Semiconductor ETF,ETF,ETF,104.83899688720705,2.2829455168831214,0.0057469659274939,49.82142076552848,US
SHOE,Shoe Station Group Inc.,Consumer Cyclical,Apparel Retail,12.710000038146973,-6.886444004783882,0.0159306423356665,36.65147812131823,US
SHOP,Shopify Inc.,Technology,Software - Application,128.7899932861328,-11.715115865541916,0.0863125318214508,39.3207717437008,US
SHPU,Direxion Daily SHOP Bull 2X ETF,ETF,ETF,12.869999885559082,-22.984862995850992,0.0197616081697545,38.07590181754376,US
SHRD,Arimathea Catholic Bond Index ETF,EQUITY,EQUITY,24.322999954223636,-1.1661952418124293,-0.0033505363746495,31.66021468425015,US
SHRT,Gotham Short Strategies ETF,ETF,ETF,6.760000228881836,2.2692903530650854,0.0035501194921248,63.70547240866355,US
SHRY,First Trust Bloomberg Shareholder Yield ETF,ETF,ETF,47.61880111694336,-0.299819767897856,0.0476296965240317,54.87984720963191,US
SHUS,Stratified LargeCap Hedged ETF,ETF,ETF,51.23099899291992,-2.0083764132461157,0.0124762048140856,42.59158130896104,US
SHV,iShares 0–1 Year Treasury Bond ETF,ETF,ETF,110.1500015258789,0.0635898379904197,-0.0002974673879166,91.2031298250375,US
SHW,The Sherwin-Williams Company,Basic Materials,Specialty Chemicals,323.3099975585937,-2.6936772238538595,0.459784756389697,38.11633133417006,US
SHY,iShares 1-3 Year Treasury Bond ETF,ETF,ETF,81.37000274658203,-0.4161012626363307,-0.0098757065251668,32.847195488579544,US
SHYG,iShares 0-5 Year High Yield Corporate Bond ETF,ETF,ETF,41.790000915527344,-0.4999978201729911,-0.0052195287578633,38.95044162910489,US
SHYL,Xtrackers Short Duration High Yield Bond ETF,ETF,ETF,43.65999984741211,-0.6191372212588709,-0.0105880090476005,35.892027166268434,US
SHYM,BlackRock ETF Trust II - iShares Short Duration High Yield Muni Active ETF,ETF,ETF,21.770000457763672,-0.5936034841599048,0.0011105630585601,31.43131311833099,US
SI,"Shoulder Innovations, Inc.",EQUITY,EQUITY,18.530000686645508,-9.122112597743437,-0.0444024258222919,33.76914872684115,US
SIBN,SIBN,N/A,N/A,18.3799991607666,-1.3948510589878282,0.0092861651754048,45.68974027105912,US
SIFI,Harbor Ares Systematic Multi-Sector Income ETF,ETF,ETF,42.69400024414063,-1.0430204719900835,-0.0099294696971093,28.38253981453209,US
SIFY,Sify Technologies Limited,Communication Services,Telecom Services,13.779999732971191,-4.504508374621769,-0.0224092078711521,37.424905192989335,US
SIGI,"Selective Insurance Group, Inc.",Financial Services,Insurance - Property & Casualty,90.33999633789062,-3.0686702832617465,-0.0179203498440081,40.976824445254046,US
SIHY,Harbor Ares Systematic High-Yield ETF,ETF,ETF,44.96200180053711,-0.4274099966275558,-0.0079453850029348,44.53917585652734,US
SIJ,ProShares UltraShort Industrials,ETF,ETF,17.959999084472656,2.4529285851923817,-0.0295939577048635,63.60777813475687,US
SIL,Global X Silver Miners ETF,ETF,ETF,96.36000061035156,-4.932912361771796,-0.1590239015917509,53.53915322013541,US
SILJ,Amplify Junior Silver Miners ETF,ETF,ETF,30.489999771118164,-5.866006959967702,-0.0599728099145056,50.51991471393359,US
SIO,Touchstone Strategic Income ETF,ETF,ETF,25.1200008392334,-0.7702930701576534,-0.0041229847936788,37.85540136077401,US
SION,"Sionna Therapeutics, Inc.",Healthcare,Biotechnology,7.849999904632568,16.29629488344546,0.0279597691617512,31.659977127445146,US
SIOO,VistaShares Target 15TM S&P 100 Distribution ETF,EQUITY,EQUITY,19.690000534057617,-0.4499661134368612,-0.0019119904366294,52.93157520837167,US
SITE,"SiteOne Landscape Supply, Inc.",Industrials,Industrial Distribution,92.81999969482422,-5.737789637288036,-0.3206362544181185,38.28695597227141,US
SIVR,abrdn Physical Silver Shares ETF,ETF,ETF,61.150001525878906,-3.942818610665201,-0.0484507752382969,47.7289152080695,US
SIXA,ETC 6 Meridian Mega Cap Equity ETF,ETF,ETF,57.78799819946289,-0.8782179147477311,0.0125741022566348,51.99483727459221,US
SIXH,ETC 6 Meridian Hedged Equity-Index Option Strategy ETF,ETF,ETF,44.57379913330078,0.0826287930380424,0.0051373287705376,60.77877798977461,US
SIXJ,AllianzIM U.S. Equity 6 Month Buffer10 Jan/Jul ETF,ETF,ETF,37.15480041503906,-0.5412587653949341,-0.0014781347797537,50.74268375864036,US
SIXL,ETC 6 Meridian Low Beta Equity Strategy ETF,ETF,ETF,39.0629997253418,-2.449802777744436,-0.0092670091612651,36.38202152966237,US
SIXO,AllianzIM U.S. Equity 6 Month Buffer10 Apr/Oct ETF,ETF,ETF,36.505001068115234,0.0822552302926822,0.001100977912766,71.53532431161995,US
SIXS,ETC 6 Meridian Small Cap Equity ETF,ETF,ETF,57.65999984741211,-1.2552903420736736,0.0168883942315133,40.91238917509743,US
SIXZ,AllianzIM U.S. Equity 6 Month Buffer10 May/Nov ETF,ETF,ETF,32.220001220703125,-0.2785519924560852,0.0005632140956368,55.0826261071622,US
SJB,ProShares Short High Yield,ETF,ETF,15.31999969482422,0.855826978486576,0.003425765013522,70.49945235833202,US
SJCP,SanJac Alpha Core Plus Bond ETF,ETF,ETF,25.065000534057617,-0.4369362714458347,-0.002709505433364,39.683733962226015,US
SJLD,SanJac Alpha Low Duration ETF,ETF,ETF,25.2549991607666,-0.3354419546544801,-0.0029547246959889,42.0328469913408,US
SJNK,State Street SPDR Bloomberg Short Term High Yield Bond ETF,ETF,ETF,24.600000381469727,-0.4854325858331985,-0.0025565085956254,38.47086941659157,US
SKF,ProShares UltraShort Financials,ETF,ETF,23.100000381469727,4.857011627207293,-0.0071107676009957,52.55371023930286,US
SKOR,Northern Trust Credit-Scored US Corporate Bond ETF,ETF,ETF,47.27999877929688,-0.8014770246961276,-0.0106850169987526,29.04938685177937,US
SKRE,Tuttle Capital Daily 2X Inverse Regional Banks ETF,ETF,ETF,6.414999961853027,2.804490339003722,-0.0023172824005121,55.69070882881214,US
SKT,Tanger Inc.,Real Estate,REIT - Retail,36.369998931884766,-2.0996031277435785,-0.0094785466437146,27.521519661400745,US
SKY,"Champion Homes, Inc.",Consumer Cyclical,Residential Construction,83.16000366210938,-3.425847087832396,0.0877946132598439,39.92388319881042,US
SKYU,ProShares Ultra Cloud Computing,ETF,ETF,48.74599838256836,-6.989261360513964,0.028048998809995,50.1777526751876,US
SKYW,SKYW,N/A,N/A,96.13999938964844,-0.1039053162310377,0.1435619672068537,42.1564500838381,US
SKYY,SKYY,N/A,N/A,158.47000122070312,-3.3247907571503936,0.0439537797284481,51.41434948878489,US
SLAB,Silicon Laboratories Inc.,Technology,Semiconductors,220.3300018310547,-0.1721738350110903,0.017796750176151,60.00971735572601,US
SLB,SLB N.V.,Energy,Oil & Gas Equipment & Services,56.060001373291016,-2.3515040545361505,-0.1002975283185791,56.188719716615125,US
SLDB,Solid Biosciences Inc.,Healthcare,Biotechnology,8.699999809265137,-16.506720292084264,-0.0635144692877637,41.09063154676492,US
SLDE,"Slide Insurance Holdings, Inc.",Financial Services,Insurance - Property & Casualty,24.84000015258789,0.4448063582196701,-0.0091878466813281,69.40063880848265,US
SLDP,"Solid Power, Inc.",Consumer Cyclical,Auto Parts,2.5299999713897705,2.016127094021712,0.0003213798275912,58.93459603631052,US
SLG,SL Green Realty Corp.,Real Estate,REIT - Office,53.08000183105469,-3.3327226760931583,0.0899779921771947,42.97976277142736,US
SLGN,Silgan Holdings Inc.,Consumer Cyclical,Packaging & Containers,38.630001068115234,-6.938080871769098,-0.0092685339792653,33.124971091878095,US
SLJY,Amplify SILJ Junior Silver Miners Covered Call ETF,EQUITY,EQUITY,30.93000030517578,-3.851529306016547,-0.0342874324479678,52.07104323178445,US
SLM,SLM Corporation,Financial Services,Credit Services,26.040000915527344,-1.2139593604506784,0.0110664335555476,48.26142334489306,US
SLN,Silence Therapeutics plc,Healthcare,Biotechnology,13.020000457763672,-11.96754231679926,-0.0458503707293832,47.29781647683365,US
SLNZ,TCW Senior Loan ETF,ETF,ETF,45.65999984741211,0.4289006800170862,0.0027685052429906,60.515891813812,US
SLON,ProShares Ultra Solana ETF,EQUITY,EQUITY,32.0099983215332,-6.4582198139515805,-0.0907438023458389,59.99380169348852,US
SLRC,SLR Investment Corp.,Financial Services,Asset Management,12.079999923706056,-1.8859316496462468,0.0011001397007986,41.22711829751377,US
SLTY,YieldmaxTM Ultra Short Option Income Strategy ETF,EQUITY,EQUITY,20.701000213623047,2.4028802256596946,-0.0010779442132126,58.45762652619021,US
SLV,iShares Silver Trust,ETF,ETF,58.119998931884766,-4.013212775878059,-0.0469311500237563,47.61903402004159,US
SLVM,Sylvamo Corporation,Basic Materials,Paper & Paper Products,35.290000915527344,-0.6754795159446406,0.0264020965802774,41.0672588757494,US
SLVP,iShares MSCI Global Silver and Metals Miners ETF,ETF,ETF,39.11000061035156,-5.985572007457,-0.0762632986005578,52.80853900025468,US
SLVR,Sprott Silver Miners & Physical Silver ETF,ETF,ETF,60.2400016784668,-7.35157676313005,-0.1629649599598184,49.42228477363062,US
SLVX,Nicholas Silver Income ETF,EQUITY,EQUITY,15.550000190734863,-6.240572510533257,-0.0307829726045215,49.39726134472743,US
SLX,VanEck Steel ETF,ETF,ETF,108.97000122070312,-1.695983111679402,-0.0998685628523188,52.58497439553457,US
SLYG,State Street SPDR S&P 600 Small Cap Growth ETF,ETF,ETF,111.1500015258789,-2.1308428065934035,0.0246947617943357,34.62809566315809,US
SLYV,State Street SPDR S&P 600 Small Cap Value ETF,ETF,ETF,107.41000366210938,-1.5219547422384534,0.0091700134172703,40.738539562819966,US
SM,SM Energy Company,Energy,Oil & Gas E&P,38.09999847412109,1.926167131104562,-0.0195293708910035,64.35895613044009,US
SMA,"SmartStop Self Storage REIT, Inc.",Real Estate,REIT - Industrial,32.119998931884766,-2.9607238290434696,0.0172869348867806,37.521363995505546,US
SMAX,iShares Large Cap Max Buffer Sep ETF,ETF,ETF,28.332000732421875,0.0600395480968109,0.0015294132000394,66.79565952580062,US
SMAY,FT Vest U.S. Small Cap Moderate Buffer ETF - May,ETF,ETF,28.165000915527344,-1.0886723855642746,-0.0024765001791867,41.36821451985731,US
SMBC,"Southern Missouri Bancorp, Inc.",Financial Services,Banks - Regional,73.26000213623047,-0.2043339032774488,0.0323347141001804,41.30447681693732,US
SMBK,"SmartFinancial, Inc.",Financial Services,Banks - Regional,52.2400016784668,0.7716078794396721,0.0679904441278622,59.37906617161612,US
SMBS,Schwab Mortgage-Backed Securities ETF,ETF,ETF,24.51000022888184,-1.288762367327694,-0.0083568842464805,30.30462611476989,US
SMC,Summit Midstream Corporation,Energy,Oil & Gas Midstream,34.04999923706055,-1.0462092762218866,-0.0161721921358231,55.23913157404803,US
SMCF,Themes US Small Cap Cash Flow Champions ETF,ETF,ETF,39.67300033569336,-1.6899992919815925,0.0061300313669539,46.76827721830959,US
SMCI,SMCI,N/A,N/A,40.09999847412109,5.888565104655371,0.0787583771286688,60.49859041306441,US
SMCL,GraniteShares 2x Long SMCI Daily ETF,ETF,ETF,18.93000030517578,10.256856051007492,0.064847180584163,58.24623428911953,US
SMCO,Hilton Small-Midcap Opportunity ETF,ETF,ETF,28.229400634765625,-2.2764513978012832,0.0096296816035899,28.56841433878188,US
SMCP,SMART Mid Cap ETF,EQUITY,EQUITY,26.860200881958008,-1.4666153469076009,-0.0381864046720049,53.73874013516995,US
SMCX,Defiance Daily Target 2X Long SMCI ETF,ETF,ETF,13.56999969482422,10.325199060126838,0.0465909233890392,58.02515892998168,US
SMCY,YieldMax SMCI Option Income Str,ETF,ETF,5.429999828338623,3.7056239193474623,0.0080726391866838,61.960044054845845,US
SMDV,ProShares Russell 2000 Dividend Growers ETF,ETF,ETF,74.95500183105469,-1.8592447383899344,-0.0076268946723759,34.3726971497716,US
SMDX,Intech S&P Small-Mid Cap Diversified Alpha ETF,ETF,ETF,26.209999084472656,-1.4068633556593957,0.0091571263146528,41.01459838945622,US
SMG,The Scotts Miracle-Gro Company,Basic Materials,Agricultural Inputs,56.470001220703125,-4.756282090199284,-0.0063811911139772,33.75387677839143,US
SMHB,ETRACS 2xMonthly Pay Leveraged US Small Cap High Dividend ETN,ETF,ETF,3.9600000381469727,-5.035972045679398,0.0017290900654481,41.18007708761877,US
SMHC,VanEck China Semiconductor ETF,ETF,ETF,45.43999862670898,0.3533565629981094,0.0212660393572052,42.54752621130218,US
SMIN,iShares MSCI India Small-Cap ETF,ETF,ETF,71.36000061035156,-1.5724129512392242,-0.008356678682081,49.70423703902159,US
SMLF,iShares U.S. Small-Cap Equity Factor ETF,ETF,ETF,86.12000274658203,-2.102987891837962,0.0224362436433302,40.87961343276417,US
SMLL,Harbor Active Small Cap ETF,ETF,ETF,20.79199981689453,-4.663213341522803,-0.0047912197763599,33.14943160600505,US
SMLV,State Street SPDR US Small Cap Low Volatility Index ETF,ETF,ETF,155.8300018310547,-1.678341579856974,0.0166295394750805,38.44979644113938,US
SMMD,iShares Russell 2500 ETF,ETF,ETF,88.33999633789062,-2.569760536129269,0.006644822740475,36.96385252703509,US
SMN,ProShares UltraShort Materials,ETF,ETF,20.21999931335449,6.984125510404991,0.014401059025509,61.17431502671909,US
SMOG,VanEck Low Carbon Energy ETF,ETF,ETF,139.24000549316406,-0.3934386003174012,-0.0029706875137924,49.60240055462782,US
SMOM,Symmetry Panoramic Sector Momentum ETF,ETF,ETF,28.894500732421875,-1.2795052062884054,-0.0138289794941434,46.02591360492296,US
SMOX,Horizon Small/Mid Cap Core Equity ETF,ETF,ETF,29.281400680541992,-2.9131272258461425,-0.0080809937160307,36.577669883780565,US
SMP,"Standard Motor Products, Inc.",Consumer Cyclical,Auto Parts,38.04999923706055,-3.1560235417982656,-0.0855540372451924,46.9917192885396,US
SMPL,The Simply Good Foods Company,Consumer Defensive,Packaged Foods,9.84000015258789,-14.360310281970545,-0.0495222195685501,35.594245339276455,US
SMRF,"ALPS Nautilus SMR, Nuclear & Technology ETF",EQUITY,EQUITY,23.93000030517578,-4.394727731895829,-0.0831143726343974,41.92871781835813,US
SMRI,Bushido Capital US Equity ETF,ETF,ETF,47.64599990844727,-3.317705363643668,-0.0077303014953479,53.20947975803768,US
SMST,Defiance Daily Target 2X Short MSTR ETF,ETF,ETF,21.549999237060547,19.98886601108811,0.320588060555572,35.57884912619683,US
SMTH,ALPS Smith Core Plus Bond ETF,ETF,ETF,25.030000686645508,-0.9497418550478468,-0.0075514929364324,32.42919548317683,US
SMU,Tradr 2X Long SMR Daily ETF,ETF,ETF,4.960000038146973,-26.354863551297587,-0.1823051627061496,41.07564497993996,US
SMUP,T-REX 2X Long SMR Daily Target ETF,ETF,ETF,3.930000066757202,-26.54205351752974,-0.1464575600365751,41.05795238201424,US
SMWB,Similarweb Ltd.,Technology,Software - Application,8.069999694824219,-9.22385395760344,-0.0089408146795154,46.58430067569112,US
SMYY,SMYY,N/A,N/A,6.119999885559082,1.8508268286684728,0.0020699742491443,63.57455474831718,US
SN,"SharkNinja, Inc.",Consumer Cyclical,"Furnishings, Fixtures & Appliances",160.8000030517578,-8.22441818956273,-0.2615428925998748,34.35422321725618,US
SNA,Snap-on Incorporated,Industrials,Tools & Accessories,375.4400024414063,-2.277518921470239,0.1337854477386901,30.290122923348576,US
SNAP,Snap Inc.,Communication Services,Internet Content & Information,5.679999828338623,-0.3508768701010208,0.0130063723538372,57.232951814822734,US
SNAV,Mohr Sector Nav ETF,ETF,ETF,38.60089874267578,-1.2587925735717085,0.000577548839088,45.3890668509858,US
SNDA,"Sonida Senior Living, Inc.",Healthcare,Medical Care Facilities,39.52000045776367,4.329459723877557,0.0367500085497725,52.14918098154176,US
SNDG,Leverage Shares 2X Long SNDK Daily ETF,ETF,ETF,9.4399995803833,8.755751710680713,-0.0981251730430221,50.11567086125687,US
SNDK,Sandisk Corporation,Technology,Computer Hardware,1633.3499755859375,5.039259792260896,-7.856851600171602,53.57670459594423,US
SNDQ,Tradr 2X Short SNDK Daily ETF,ETF,ETF,13.149999618530272,-14.941787929604525,0.1046620225106647,39.57389790794416,US
SNDR,"Schneider National, Inc.",Industrials,Trucking,34.150001525878906,0.5893751127136503,0.0239874861101886,45.30119452320558,US
SNDX,"Syndax Pharmaceuticals, Inc.",Healthcare,Biotechnology,18.18000030517578,-12.088974676534706,-0.0950203632215273,35.21654512637585,US
SNK,GraniteShares 2x Short SpaceX Daily ETF,ETF,ETF,14.859999656677246,-2.9392602913509216,0.0185769448323358,37.87722206746927,US
SNOU,T-Rex 2X Long SNOW Daily Target ETF,ETF,ETF,63.81999969482422,-15.053903862720045,-0.0882950398188326,51.38859795904089,US
SNOV,FT Vest U.S. Small Cap Moderate Buffer ETF - November,ETF,ETF,27.429800033569336,-0.4543649799304425,5.582767011395873e-06,50.55587508604427,US
SNOW,Snowflake Inc.,Technology,Software - Application,328.989990234375,-7.708926667664885,-0.2443739881272222,53.72117903162164,US
SNPD,Xtrackers S&P Dividend Aristocrats Screened ETF,ETF,ETF,29.76300048828125,-2.830554019720229,-0.0013212477398481,32.378313239225704,US
SNPE,SNPE,N/A,N/A,69.95999908447266,-1.9206542989118196,-0.0021833031886466,46.47404394669356,US
SNPG,Xtrackers S&P 500 Growth Scored & Screened ETF,ETF,ETF,58.4900016784668,-1.435740940768824,0.0044236392130639,44.37799069088351,US
SNPS,"Synopsys, Inc.",Technology,Software - Infrastructure,397.3800048828125,-4.54709057836569,0.1266549634111138,44.500831924019,US
SNSR,Global X Internet of Things ETF,ETF,ETF,47.80500030517578,1.3891808231169838,0.058200808224799,52.71807931093712,US
SNTH,MRP SynthEquity ETF,ETF,ETF,29.59000015258789,-1.2349764458989074,0.0006917410675971,42.089361266692,US
SNX,TD SYNNEX Corporation,Technology,Electronics & Computer Distribution,269.2099914550781,2.544468330035293,0.6705590354965767,61.658404588780776,US
SNXX,Tradr 2X Long Sndk Daily ETF,ETF,ETF,15.270000457763672,8.528790255630813,-0.1563045754091033,50.37527178606573,US
SO,The Southern Company,Utilities,Utilities - Regulated Electric,87.16999816894531,-1.802409073591044,-0.0316725046296335,32.78436515791053,US
SOC,Sable Offshore Corp.,Energy,Oil & Gas Drilling,5.170000076293945,9.5339047903649,0.0122460370692497,57.14328367619033,US
SOCL,Global X Social Media ETF,ETF,ETF,44.15999984741211,-1.7575103495408315,0.0295439583879765,44.42679545657848,US
SOEZ,Franklin Solana ETF,ETF,ETF,17.68600082397461,-2.984085199790328,-0.0306743177173409,62.75168445130469,US
SOFA,Direxion Daily SOFI Bull 2X ETF,ETF,ETF,12.8100004196167,-12.916380785880795,-0.008133303413376,43.5946298232271,US
SOFI,"SoFi Technologies, Inc.",Financial Services,Credit Services,17.31999969482422,-6.428960126109645,-0.0051984544659231,45.25090632175692,US
SOFX,Defiance Daily Target 2X Long SOFI ETF,ETF,ETF,8.569999694824219,-12.99493032562216,-0.0028782981601892,43.559068529654176,US
SOLT,2x Solana ETF,ETF,ETF,57.630001068115234,-6.807889835195086,-0.1736368308460658,59.82335244992714,US
SOLZ,Solana ETF,ETF,ETF,10.15999984741211,-3.238096691313244,-0.0178624537394113,61.83246032588465,US
SON,Sonoco Products Company,Consumer Cyclical,Packaging & Containers,47.84000015258789,-9.204780035167037,0.0081013244451668,23.903328654922447,US
SONO,"Sonos, Inc.",Technology,Consumer Electronics,15.119999885559082,-6.4356433890658415,0.0323164128244536,48.21416129042372,US
SOPH,SOPHiA GENETICS SA,Healthcare,Health Information Services,7.869999885559082,-5.180726449329274,0.0034174337536847,51.62149514370456,US
SOUX,Defiance Daily Target 2X Long SOUN ETF,ETF,ETF,9.253000259399414,-14.70316534082957,-0.0143077930343523,34.860807903015754,US
SOVF,Sovereign's Capital Flourish Fund,ETF,ETF,31.54700088500977,-1.747230578406353,0.0260161068321174,49.21840601968807,US
SOXL,Direxion Daily Semiconductor Bull 3X Shares,ETF,ETF,121.81999969482422,14.127789144516417,0.2422373858725919,48.32283966760487,US
SOXQ,Invesco PHLX Semiconductor ETF,ETF,ETF,93.0999984741211,4.138698976611469,0.0662646588981706,50.57135913965982,US
SOXY,YieldMax Target 12 Semiconductor Option Income ETF,ETF,ETF,90.26000213623048,4.5995547081103,0.0561095869575554,51.50445337609741,US
SPAB,State Street SPDR Portfolio Aggregate Bond ETF,ETF,ETF,24.739999771118164,-1.0004001692266278,-0.0069515845070857,31.31562369342581,US
SPAL,GraniteShares 2x Long SpaceX Daily ETF,ETF,ETF,17.3799991607666,1.223058145250652,-0.0110284562615786,56.79206380086869,US
SPAM,Themes Cybersecurity ETF,ETF,ETF,42.733001708984375,-1.5912815051398357,-0.0136489100009772,45.77489415532455,US
SPAQ,Horizon Kinetics SPAC Active ETF,ETF,ETF,93.75499725341795,-0.0426471734188782,0.0075638940512362,50.405046098381305,US
SPAX,T-REX 2X Long SPCX Daily Target ETF,ETF,ETF,10.40999984741211,1.36318776444264,-0.0066574702877246,56.686236555895846,US
SPB,"Spectrum Brands Holdings, Inc.",Consumer Defensive,Household & Personal Products,86.22000122070312,-2.477098010057925,0.0031835732902092,45.66400137426338,US
SPBU,AllianzIM Buffer15 Uncapped Allocation ETF,ETF,ETF,30.445600509643555,-1.0671334776498893,-0.0022891011699841,45.709297704087454,US
SPBW,AllianzIM Buffer20 Allocation ETF,ETF,ETF,29.18510055541992,-0.4770680439208556,-0.0029247762859538,52.18954120495995,US
SPBX,AllianzIM 6 Month Buffer10 Allocation ETF,ETF,ETF,29.7460994720459,-0.414802021112631,-0.0007100201057139,52.80566196016002,US
SPCF,Proshares Ultra Spacex,EQUITY,EQUITY,17.1200008392334,1.122271297298978,-0.0125505131930577,56.46251988900632,US
SPCG,Tradr 2X Short SpaceX Daily ETF,ETF,ETF,15.380000114440918,-3.0875852214973216,0.0153000427257956,37.96162510767104,US
SPCI,Tuttle Capital Space Industry Income Blast ETF,ETF,ETF,19.850000381469727,-2.648352252785533,0.0049126462648888,34.62405534585923,US
SPCK,SPAC and New Issue ETF,ETF,ETF,22.049999237060547,-1.7116910846797666,-0.0040948992417396,46.05323883760271,US
SPCL,Tidal Trust II - Defiance Daily 2X Space ETF,ETF,ETF,20.86000061035156,-8.267366665299482,-0.0010196308278449,38.79501039747677,US
SPCM,Tradr 2X Long SpaceX Daily ETF,ETF,ETF,17.700000762939453,1.4326646938088012,-0.0088651215794495,56.98293969007771,US
SPCQ,Defiance Daily Target 2X Short SPCX ETF,ETF,ETF,11.140000343322754,-2.2806954728744064,0.0209585387007029,37.667241974878095,US
SPCT,Liberty One Spectrum ETF,ETF,ETF,27.4335994720459,-0.5452442130942141,0.0163786356687589,42.92231601355387,US
SPCX,Space Exploration Technologies Corp.,Industrials,Aerospace & Defense,151.2100067138672,0.9817023953363174,-0.0247031427928501,59.22498191316808,US
SPD,Simplify US Equity PLUS Downside Convexity ETF,ETF,ETF,41.992000579833984,-1.6811016624434965,0.0100203487098714,47.369893831197,US
SPDF,Defender Risk Adaptive 500 ETF,ETF,ETF,27.872499465942383,-1.1963829474777967,-0.0014317080145982,46.96576442826702,US
SPDG,State Street SPDR Portfolio S&P Sector Neutral Dividend ETF,ETF,ETF,46.50419998168945,-0.2740607048306001,0.0117084182209243,48.004959623266245,US
SPDN,Direxion Daily S&P 500 Bear 1X Shares,ETF,ETF,8.579999923706055,1.2986972043606897,-0.0018794859718348,52.10789724557733,US
SPDV,AAM S&P 500 High Dividend Value ETF,ETF,ETF,41.17399978637695,-1.9783389134801617,0.0076775232749896,50.4760399804217,US
SPEM,State Street SPDR Portfolio Emerging Markets ETF,ETF,ETF,52.5099983215332,-0.9245314688052771,-0.0243642972935391,51.5160226566008,US
SPEU,State Street SPDR Portfolio Europe ETF,ETF,ETF,55.66999816894531,-1.9376471374819704,0.0014311574432048,40.87258169854934,US
SPFF,Global X SuperIncome Preferred ETF,ETF,ETF,9.3100004196167,-1.1677245837191397,-8.31496255284496e-05,45.52581718654108,US
SPFI,"South Plains Financial, Inc.",Financial Services,Banks - Regional,44.7599983215332,-1.170241959108535,-0.01779266319306,53.15385613251885,US
SPG,"Simon Property Group, Inc.",Real Estate,REIT - Retail,204.8300018310547,-2.123446287045928,0.0830399729474624,32.43561901130835,US
SPGI,S&P Global Inc.,Financial Services,Financial Data & Stock Exchanges,410.7099914550781,-8.84859432406082,-0.7944358876399304,41.41529329941773,US
SPH,"Suburban Propane Partners, L.P.",Utilities,Utilities - Regulated Gas,17.06999969482422,-2.568497438252311,-0.0193414753838443,34.124093701939046,US
SPHB,Invesco S&P 500 High Beta ETF,ETF,ETF,148.16000366210938,1.3059854099893162,0.0930229255985344,52.23254854864895,US
SPHD,Invesco S&P 500 High Dividend Low Volatility ETF,ETF,ETF,51.310001373291016,-2.619087662527357,2.376743244283941e-05,37.04667159735233,US
SPHQ,Invesco S&P 500 Quality ETF,ETF,ETF,84.56999969482422,-0.6578146090228684,0.0344040090388994,43.39811984048392,US
SPHR,Sphere Entertainment Co.,Communication Services,Entertainment,143.5,0.3496503496503496,0.4196294110804506,44.62402005743384,US
SPHY,State Street SPDR Portfolio High Yield Bond ETF,ETF,ETF,23.0,-0.7337077070961189,-0.004595810172366,35.35745996584383,US
SPIB,State Street SPDR Portfolio Intermediate Term Corporate Bond ETF,ETF,ETF,32.630001068115234,-0.8508015211032971,-0.0077499087486985,29.109124431493072,US
SPIP,State Street SPDR Portfolio TIPS ETF,ETF,ETF,24.799999237060547,-1.1164301734341169,-0.0122326162575215,30.349642312206825,US
SPIR,"Spire Global, Inc.",Industrials,Specialty Business Services,11.420000076293944,-3.872054155856552,0.0154934273714027,35.17725824445391,US
SPIT,F/m Emerald Special Situations ETF,ETF,ETF,31.1476993560791,-1.9711109978571597,0.006283361583267,35.49120795636138,US
SPLV,Invesco S&P 500 Low Volatility ETF,ETF,ETF,73.79000091552734,-1.9271623995359088,-0.0008048929486715,36.02926083201829,US
SPMB,State Street SPDR Portfolio Mortgage Backed Bond ETF,ETF,ETF,21.56999969482422,-1.326628121821813,-0.0085512718963549,30.036795368243347,US
SPMD,State Street SPDR Portfolio S&P 400 Mid Cap ETF,ETF,ETF,65.23999786376953,-1.7025837517698366,0.0189264385348866,40.00140771980145,US
SPMO,Invesco S&P 500 Momentum ETF,ETF,ETF,148.30999755859375,0.6105378699720578,-0.0314849438008822,49.56922505062082,US
SPOG,Leverage Shares 2X Long SPOT Daily ETF,ETF,ETF,7.800000190734863,-11.704771178609368,-0.0078142696486711,49.09618520267241,US
SPOT,Spotify Technology S.A.,Communication Services,Internet Content & Information,525.75,-6.1345068379732375,-0.3429630567796806,50.23160265735614,US
SPRE,SP Funds S&P Global REIT Sharia ETF,ETF,ETF,20.2189998626709,-1.5148602706911318,0.0113166055353898,25.254845981927872,US
SPRX,Spear Alpha ETF,ETF,ETF,45.49300003051758,6.565944000885718,0.0506893673737655,49.62010546877428,US
SPRY,"ARS Pharmaceuticals, Inc.",Healthcare,Biotechnology,4.760000228881836,-16.04937980894893,-0.030116092594622,31.05996137473652,US
SPSB,State Street SPDR Portfolio Short Term Corporate Bond ETF,ETF,ETF,29.690000534057617,-0.4025459041750845,-0.0042097248309065,33.20023595072273,US
SPSC,"SPS Commerce, Inc.",Technology,Software - Application,82.68000030517578,-1.816884925698793,0.2413825006972025,59.018154332222856,US
SPSK,SP Funds Dow Jones Global Sukuk ETF,ETF,ETF,17.700000762939453,-0.784749935263476,-0.0066317399849204,27.704894932747948,US
SPSM,State Street SPDR Portfolio S&P 600 Small Cap ETF,ETF,ETF,55.310001373291016,-1.758433174396646,0.0094472937797427,37.62355140799989,US
SPT,"Sprout Social, Inc.",Technology,Software - Application,10.800000190734863,-5.013189978551973,0.0039696986512747,56.88041396912829,US
SPTE,SP Funds S&P Global Technology ETF,ETF,ETF,47.93999862670898,0.6719859344850964,-0.0029242098223143,55.19514874663437,US
SPTI,State Street SPDR Portfolio Intermediate Term Treasury ETF,ETF,ETF,27.61000061035156,-1.074880826587907,-0.0074311423831557,28.204276084290512,US
SPTL,State Street SPDR Portfolio Long Term Treasury ETF,ETF,ETF,24.690000534057617,-1.5157525544168775,-0.013274554356618,35.748366125570826,US
SPTM,State Street SPDR Portfolio S&P 1500 Composite Stock Market ETF,ETF,ETF,92.5500030517578,-1.1956817968197797,0.0213555194184774,49.26326377359637,US
SPTS,State Street SPDR Portfolio Short Term Treasury ETF,ETF,ETF,28.71999931335449,-0.4160916733650934,-0.0043636482025648,31.783982184610764,US
SPTU,State Street SPDR Portfolio Ultra Short T-Bill ETF,EQUITY,EQUITY,25.03499984741211,0.0399609551819176,-4.586526560775364e-05,84.33010628746965,US
SPTX,"Seaport Therapeutics, Inc.",Healthcare,Biotechnology,23.34000015258789,-3.911077509808436,0.0203448002934237,49.141067085468734,US
SPUC,Simplify US Equity Income ETF,ETF,ETF,49.2599983215332,-1.143896224314909,0.011260638285453,49.97190276321755,US
SPUS,SP Funds S&P 500 Sharia Industry Exclusions ETF,ETF,ETF,58.5099983215332,-1.0987179302829897,0.0061654038662994,51.14452519974873,US
SPUT,Innovator Equity Premium Income - Daily PutWrite ETF,ETF,ETF,28.5939998626709,-0.4040377063769888,0.0051623966657999,54.27784289942709,US
SPUU,Direxion Daily S&P 500 Bull 2X Shares,ETF,ETF,222.5399932861328,-2.351909062703246,0.0848915783440653,48.974376793119234,US
SPVM,Invesco S&P 500 Value with Momentum ETF,ETF,ETF,77.0999984741211,-1.482243330494814,0.0027845060033872,47.520440652928535,US
SPWO,SP Funds S&P World ETF,ETF,ETF,33.2400016784668,-0.3597090218503477,-0.0076617643041863,49.16347394322393,US
SPXD,Xtrackers S&P 500 Diversified Sector Weight ETF,ETF,ETF,29.41399955749512,-1.5595703358765711,0.0091374488406744,46.63952364817349,US
SPXE,ProShares S&P 500 ex-Energy ETF,ETF,ETF,82.08899688720703,-1.1797461797461797,0.0217903517056351,49.61987879346254,US
SPXL,Direxion Daily S&P500 Bull 3X Shares,ETF,ETF,282.92999267578125,-3.716186217769736,0.1822896626654166,48.53714370093409,US
SPXN,ProShares S&P 500 ex-Financials ETF,ETF,ETF,83.72100067138672,-0.9218926965837648,0.0226894224557889,51.19834806143969,US
SPXT,ProShares S&P 500 ex-Technology ETF,ETF,ETF,110.1969985961914,-1.7519337408166271,0.0360438151237669,45.04041339654034,US
SPYA,Twin Oak Endure ETF,ETF,ETF,30.558000564575195,-1.1771564258994276,0.0074824405042886,49.0681298368036,US
SPYC,Simplify US Equity PLUS Convexity ETF,ETF,ETF,46.11000061035156,-2.018701094808356,0.0136401459589436,46.80525293738856,US
SPYD,State Street SPDR Portfolio S&P 500 High Dividend ETF,ETF,ETF,48.4900016784668,-2.7671892580203306,0.0031339517452051,36.32733279966328,US
SPYH,NEOS S&P 500 Hedged Equity Income ETF,ETF,ETF,56.5,-0.737874529965212,0.0066425306171634,53.48439744297336,US
SPYI,Neos S&P 500(R) High Income ETF,ETF,ETF,53.57500076293945,-0.768662534961286,0.0095370790141943,53.37672423868854,US
SPYQ,Tradr 2X Long SPY Quarterly ETF,ETF,ETF,192.5800018310547,-2.31406625656023,0.0980121473853818,49.03563539500627,US
SPYT,Defiance S&P 500 Target Income ,ETF,ETF,17.125,-0.8969946787403597,0.003952924700816,51.62710182503475,US
SPYX,State Street SPDR S&P 500 Fossil Fuel Reserves Free ETF,ETF,ETF,62.56999969482422,-1.2624258332723837,0.0137490705743754,49.5217230099735,US
SQLT,Ishares MSCI USA Small-Cap Quality Factor ETF,ETF,ETF,28.38999938964844,-1.5944574895629684,0.010340746190741,41.2321632780142,US
SQLV,Royce Quant Small-Cap Quality Value ETF,ETF,ETF,53.02999877929688,-2.200174838827052,0.0086773719266888,41.90757339130304,US
SR,Spire Inc.,Utilities,Utilities - Regulated Gas,80.19999694824219,-2.7715810025632592,-0.0655060104984087,43.87131501739498,US
SRAD,Sportradar Group AG,Technology,Software - Application,12.90999984741211,-1.525551598037395,0.0092299720440183,47.17751104159679,US
SRCE,1st Source Corporation,Financial Services,Banks - Regional,87.16000366210938,0.5885771808995888,0.0641669215995003,54.95299914918016,US
SRE,Sempra,Utilities,Utilities - Diversified,83.33999633789062,-1.4544204344000622,-0.0719033236451185,42.61498619909452,US
SRET,Global X SuperDividend REIT ETF,ETF,ETF,21.32900047302246,-2.5182756347273805,-0.0129138484367115,27.27948934890752,US
SRHQ,SRH U.S. Quality GARP ETF,ETF,ETF,49.0629997253418,-1.3214028142214858,0.056558934385502,50.15859601947636,US
SRHR,SRHR,N/A,N/A,56.96500015258789,-1.747215283528039,0.0127507991244912,34.60561859690935,US
SRLN,State Street Blackstone Senior Loan ETF,ETF,ETF,40.52999877929688,0.0,-0.0015195471512788,67.46041357157571,US
SROI,Calamos Antetokounmpo Global Sustainable Equities ETF,ETF,ETF,37.32099914550781,-1.5251039381499436,0.0119386032222303,44.66278829724112,US
SRPT,"Sarepta Therapeutics, Inc.",Healthcare,Biotechnology,20.450000762939453,-11.04827765753028,-0.1073351419732966,52.829978556317904,US
SRRK,Scholar Rock Holding Corporation,Healthcare,Biotechnology,55.40999984741211,-0.947441530761538,-0.019951433725116,51.20939205736249,US
SRS,ProShares UltraShort Real Estate,ETF,ETF,41.790000915527344,4.084680765432516,-0.0305295200458404,62.9270046657148,US
SRTA,"Strata Critical Medical, Inc.",Healthcare,Medical Care Facilities,5.195000171661377,-3.258840179276568,0.009236990523948,38.312500388386574,US
SRTY,ProShares UltraPro Short Russell2000,ETF,ETF,24.200000762939453,6.937700664588389,0.0067806665486473,62.2006559856772,US
SSCP,SMART Small Cap ETF,EQUITY,EQUITY,26.57999992370605,0.1507121582475505,-0.0018025828677011,54.00110730087263,US
SSFI,Day Hagan Smart Sector Fixed Income ETF,ETF,ETF,20.799999237060547,-1.0466280490582398,-0.0059667935978747,30.27364195053872,US
SSII,"SS Innovations International, Inc.",Healthcare,Medical Devices,3.309999942779541,-2.3598867153101506,0.0059228149518477,39.653502367592544,US
SSK,REX-Osprey SOL + Staking ETF,ETF,ETF,13.779999732971191,-2.820878445669619,-0.0240341813143547,62.58535032348594,US
SSMG,Virtus Silvant Small/Mid Growth ETF,ETF,ETF,25.280000686645508,-0.7459702859487861,0.024028839648732,41.47771066819077,US
SSMR,Sunshine Silver Mining & Refining Company,Basic Materials,Other Industrial Metals & Mining,16.920000076293945,-5.210085631937714,-0.0275926041044908,49.35046439542269,US
SSO,ProShares Ultra S&P500,ETF,ETF,69.62999725341797,-2.4380067622281167,0.0313005198904117,49.01181379677555,US
SSPC,Leverage Shares 2X Short SPCX Daily ETF,ETF,ETF,9.020000457763672,-2.8017164082856625,0.0102358992619646,37.9195513689514,US
SSPY,Stratified LargeCap Index ETF,ETF,ETF,99.0146026611328,-1.342536873658649,0.0434126927269473,44.61357571889362,US
SSRM,SSR Mining Inc.,Basic Materials,Gold,36.2400016784668,-6.814085247548254,-0.0721924646792513,54.188024305567495,US
SSTK,"Shutterstock, Inc.",Communication Services,Internet Content & Information,5.039999961853027,-12.65164681952507,-0.0159230194225762,34.057682204970334,US
SSUS,Day Hagan Smart Sector ETF,ETF,ETF,56.040000915527344,-0.9981426221678626,0.0137104656225745,50.56179503939656,US
ST,Sensata Technologies Holding plc,Technology,Scientific & Technical Instruments,43.63999938964844,3.8553044127476976,0.1063843311551584,51.69648761224101,US
STAA,STAAR Surgical Company,Healthcare,Medical Instruments & Supplies,22.65999984741211,-3.901611871376756,-0.061407702190921,41.76816779627122,US
STAG,"STAG Industrial, Inc.",Real Estate,REIT - Industrial,37.13999938964844,-1.4854147532047757,-0.0149415488030879,45.183838848904166,US
STAX,Nomura Tax-Free USA Short Term ETF,ETF,ETF,25.049999237060547,-0.4292936836118289,-0.000908364321144,29.49497824129699,US
STBA,"S&T Bancorp, Inc.",Financial Services,Banks - Regional,49.9900016784668,-0.2394710245921981,0.0101484020965504,48.64716148070239,US
STBF,Performance Trust Short Term Bond ETF,ETF,ETF,25.15999984741211,-0.3564362478728341,-0.0018891097551055,41.48936234831619,US
STC,Stewart Information Services Corporation,Financial Services,Insurance - Property & Casualty,66.23999786376953,-4.86859043999464,-0.0361249746186457,40.24143524745286,US
STE,STERIS plc,Healthcare,Medical Devices,210.75999450683597,-6.801098843337364,-0.1343324658533542,27.104657881385197,US
STEP,StepStone Group Inc.,Financial Services,Asset Management,48.91999816894531,-3.908862079024253,-0.0832138100669364,49.91325850289612,US
STEW,"SRH Total Return Fund, Inc.",Financial Services,Asset Management,18.290000915527344,-0.8672078091915385,0.0069260563652251,46.34828476655855,US
STGW,Stagwell Inc.,Communication Services,Advertising Agencies,8.600000381469727,-3.370778088978032,0.0037161184944555,49.57996176954149,US
STHH,STMicroelectronics NV ADRhedged,ETF,ETF,10.380000114440918,0.6594243402982137,-0.0008767469338764,45.80950676319159,US
STIP,iShares 0-5 Year TIPS Bond ETF,ETF,ETF,100.3000030517578,-0.4960317310141993,-0.0260896852235126,31.051189286189185,US
STK,Columbia Seligman Premium Technology Growth Fund,Financial Services,Asset Management,51.43000030517578,-2.149925872508553,-0.0239967474835163,48.37793518055655,US
STLD,"Steel Dynamics, Inc.",Basic Materials,Steel,239.7899932861328,-2.536278309199891,0.0261107021799649,48.05243919114458,US
STLU,2x Stellar ETF,ETF,ETF,16.280000686645508,-9.151782269342531,-0.0494554331117919,48.59581680796609,US
STNC,Hennessy Sustainable ETF,ETF,ETF,36.637001037597656,0.4964882310064057,0.0305353455108211,49.71189761002418,US
STOK,"Stoke Therapeutics, Inc.",Healthcare,Biotechnology,29.030000686645508,-3.2010639939956995,-0.0077879099701035,36.05188299266325,US
STOT,STOT,N/A,N/A,46.525001525878906,-0.321366285235074,-0.0036161144322302,32.058998466604294,US
STOX,Horizon Core Equity ETF,ETF,ETF,31.75,-1.1519269744354703,-0.0025964670952298,47.96058440467444,US
STPZ,PIMCO 1-5 Year U.S. TIPS Index Exchange-Traded Fund,ETF,ETF,52.220001220703125,-0.6846721145204291,-0.0108055343406224,25.50062301480463,US
STRA,"Strategic Education, Inc.",Consumer Defensive,Education & Training Services,81.66000366210938,0.4428051621626339,0.0404579917402837,49.36938052346484,US
STRL,"Sterling Infrastructure, Inc.",Industrials,Engineering & Construction,511.0400085449219,11.088409430033163,1.871192382569532,47.55414625031082,US
STRN,SMART Trend 25 ETF,EQUITY,EQUITY,25.9414005279541,-1.0814102931949363,-0.0226127122873559,44.53742938468605,US
STRO,"Sutro Biopharma, Inc.",Healthcare,Biotechnology,16.860000610351562,-17.916261641419215,-0.0841899389784479,25.31173921725788,US
STRZ,Starz Entertainment Corp.,Communication Services,Entertainment,25.8700008392334,-3.900442920077062,0.022591360668569,46.33068538560086,US
STT,State Street Corporation,Financial Services,Asset Management,193.3999938964844,-0.2784410323419605,0.0789661613930143,57.99325186082222,US
STTK,"Shattuck Labs, Inc.",Healthcare,Biotechnology,6.199999809265137,-10.9195434585684,0.0041640540543938,35.235779810770296,US
STUB,"StubHub Holdings, Inc.",Communication Services,Internet Content & Information,6.03000020980835,-7.6569675947173454,0.0073068848015122,31.1572310753338,US
STVN,Stevanato Group S.p.A.,Healthcare,Medical Instruments & Supplies,20.899999618530277,1.7526713094291362,0.0417644503912406,50.24632643428944,US
STWD,"Starwood Property Trust, Inc.",Real Estate,REIT - Mortgage,15.619999885559082,-1.6372810264994744,-0.004718878696246,38.53544852455492,US
STX,Seagate Technology Holdings plc,Technology,Computer Hardware,830.1699829101562,3.9518661345939057,-2.4184259998535587,47.2872775510692,US
STXD,Strive 1000 Dividend Growth ETF,ETF,ETF,38.88309860229492,-2.6511008584453397,-0.0025998769713193,32.69828267272534,US
STXE,Strive Emerging Markets Ex-China ETF,ETF,ETF,51.321998596191406,1.6679854627387276,-0.0178035624930578,57.91043991163288,US
STXG,Strive 1000 Growth ETF,ETF,ETF,55.95199966430664,-1.1274085289997546,0.0183327462648519,49.8803497845086,US
STXK,Strive Small-Cap ETF,ETF,ETF,37.37099838256836,-1.9699995617130968,0.0056106225141703,37.34292683402452,US
STXT,Strive Total Return Bond ETF,ETF,ETF,19.309999465942383,-1.429304157552643,-0.0047143015214108,37.991928519266686,US
STXU,Leverage Shares 2X Long STX Daily ETF,ETF,ETF,11.479999542236328,7.591372634963685,-0.0663184572585134,45.55815032190754,US
STXV,Strive 1000 Value ETF,ETF,ETF,39.34159851074219,-1.114493749831606,0.0017885778760596,48.79419570641707,US
STXX,Tradr 2X Long STX Daily ETF,ETF,ETF,38.0,6.56197465676015,-0.231025824278104,45.63245238955683,US
STZ,"Constellation Brands, Inc.",Consumer Defensive,Beverages - Brewers,122.4499969482422,-5.143697868166612,0.0503033079800914,34.24859688495211,US
SUB,iShares Short-Term National Muni Bond ETF,ETF,ETF,105.51000213623048,-0.3588603792693159,-0.0038445905102036,28.99536821607603,US
SUIS,Canary Staked SUI ETF,ETF,ETF,18.850000381469727,-7.778865513915199,-0.0848531883381442,47.83035114392764,US
SUJA,"Suja Life, Inc.",Consumer Defensive,Beverages - Non-Alcoholic,8.850000381469727,-13.150139883157577,-0.0804567831096564,47.50061488239883,US
SUNB,"Sunbelt Rentals Holdings, Inc.",Industrials,Rental & Leasing Services,72.68000030517578,10.137903709615454,0.2040036121850157,47.46624586950758,US
SUPL,SUPL,N/A,N/A,46.10200119018555,-1.341776841230829,0.0083743926061449,38.50330187782483,US
SUPP,TCW Transform Supply Chain ETF,ETF,ETF,75.27749633789062,-5.156238209740574,-0.1434077513249084,35.20704211113386,US
SURE,AdvisorShares Insider Advantage ETF,ETF,ETF,148.02999877929688,-2.303329853983101,0.0412337434580382,41.69361665803507,US
SURI,Simplify Propel Opportunities ETF,ETF,ETF,19.209999084472656,-5.369459081544888,-0.0400549883930189,43.61234878306529,US
SUSA,iShares ESG Optimized MSCI USA ETF,ETF,ETF,156.16000366210938,-1.6438877244549357,0.0300281094554356,46.60195151310605,US
SVAL,iShares US Small Cap Value Factor ETF,ETF,ETF,43.08000183105469,-1.0110262455902426,0.0056273754885941,47.55014701435041,US
SVC,Service Properties Trust,Real Estate,REIT - Hotel & Motel,6.800000190734863,-10.643888680268285,-0.0134411013636057,24.063199963172792,US
SVCO,"Silvaco Group, Inc.",Technology,Software - Application,6.710000038146973,5.172412504493704,0.0076938503497004,43.70416243441202,US
SVIX,-1x Short VIX Futures ETF,ETF,ETF,28.1200008392334,-2.462709283217323,0.0127989341472191,58.1880533660056,US
SVOL,Simplify Volatility Premium ETF,ETF,ETF,16.770000457763672,0.6602677752644128,0.0052170748769912,70.87483025473159,US
SVRA,Savara Inc.,Healthcare,Biotechnology,5.300000190734863,-1.3035325198509,-0.0043152090989352,43.838688029536094,US
SVV,"Savers Value Village, Inc.",Consumer Cyclical,Specialty Retail,9.75,-5.063295370844646,0.0020608505077913,40.5943343219481,US
SVXY,ProShares Short VIX Short-Term Futures ETF,ETF,ETF,62.880001068115234,-1.287283649926254,0.0098346907238837,58.83294894885774,US
SW,Smurfit Westrock Plc,Consumer Cyclical,Packaging & Containers,43.220001220703125,-4.507284967926116,0.0774142108888226,38.00568717539124,US
SWAN,Amplify BlackSwan Growth & Treasury Core ETF,ETF,ETF,32.68000030517578,-2.0383701820580247,-0.0021060983237982,40.42697273923,US
SWBI,"Smith & Wesson Brands, Inc.",Industrials,Aerospace & Defense,13.149999618530272,7.171957032893135,0.0097700494336612,42.7037163260726,US
SWMR,"Swarmer, Inc",Technology,Software - Infrastructure,39.59000015258789,19.607256730059795,0.439531972279227,55.240748328660096,US
SWP,SWP Growth & Income ETF,ETF,ETF,28.246999740600582,-1.475411003026544,0.0102045653416918,41.12794097321719,US
SWX,"Southwest Gas Holdings, Inc.",Utilities,Utilities - Regulated Gas,86.11000061035156,-2.909010891908799,-0.069733542915722,35.00869816858069,US
SXI,Standex International Corporation,Industrials,Specialty Industrial Machinery,269.1700134277344,-2.6051965903173246,0.5703689687654361,28.22202862235035,US
SXQG,ETC 6 Meridian Quality Growth ETF,ETF,ETF,32.93280029296875,-1.428313548706354,0.0286265785854216,47.095408596940686,US
SXT,Sensient Technologies Corporation,Basic Materials,Specialty Chemicals,128.60000610351562,-5.649300642581961,-0.2627018164940957,42.67619284613587,US
SYF,Synchrony Financial,Financial Services,Credit Services,75.98999786376953,-4.834064726504115,-0.0492340111441279,43.34679115682821,US
SYFI,AB Short Duration High Yield ETF,ETF,ETF,35.31999969482422,-0.535056704279734,-0.0020015539628799,35.98943765568315,US
SYK,Stryker Corporation,Healthcare,Medical Devices,275.5599975585937,-10.529560603934756,0.4394012638999802,27.782583339747237,US
SYLD,Cambria Shareholder Yield ETF,ETF,ETF,85.61000061035156,-1.6485698073180133,0.0083026441665013,51.05360101460412,US
SYM,Symbotic Inc.,Industrials,Specialty Industrial Machinery,42.130001068115234,1.2740447438329825,-0.0017894106098442,51.96352181187348,US
SYNA,Synaptics Incorporated,Technology,Semiconductors,101.02999877929688,3.4295643567310545,0.4585409770552511,50.53017236849164,US
SYRE,"Spyre Therapeutics, Inc.",Healthcare,Biotechnology,90.5999984741211,3.839539798419592,0.3871119351813923,42.75300697974368,US
SYY,Sysco Corporation,Consumer Defensive,Food Distribution,83.20999908447266,2.627031580310291,0.1521344597818927,54.76298135213504,US
SYZ,Lazard US Systematic Small Cap Equity ETF,ETF,ETF,29.665000915527344,-1.9824830207209971,0.0018922847166713,40.26206419299521,US
SZK,ProShares UltraShort Consumer Staples,ETF,ETF,22.0,4.6622241717143655,-0.0067639662887651,60.93189846009297,US
T,AT&T Inc.,Communication Services,Telecom Services,26.059999465942383,-0.4963767295314877,0.0287935460777881,62.04636186605306,US
TABD,Transamerica Bond Active ETF,EQUITY,EQUITY,24.309999465942383,-1.1185667226807308,-0.0074431022827584,33.44790588424331,US
TACN,T. Rowe Price Active Core International Equity ETF,EQUITY,EQUITY,29.170000076293945,-1.2491942405935117,0.0103777614536603,49.45058582443063,US
TACO,Berto Acquisition Corp.,Financial Services,Shell Companies,10.484999656677246,-0.095285650222789,-0.0004611484460479,53.80478102988299,US
TACU,T. Rowe Price Active Core U.S. Equity ETF,ETF,ETF,27.979999542236328,-1.060824388702534,0.0080070948419059,50.46646772918187,US
TAFL,AB Tax-Aware Long Municipal ETF,ETF,ETF,24.01000022888184,-1.4974349584334936,-0.0014090529046579,26.07156241682453,US
TAFM,AB Tax-Aware Intermediate Municipal ETF,ETF,ETF,24.549999237060547,-0.8881760865457309,-8.985726618812584e-05,19.187307441566347,US
TAGS,Teucrium Agricultural Fund,ETF,ETF,28.0,-1.269395636825763,-0.0444571185835429,60.43916745734607,US
TAIL,Cambria Tail Risk ETF,ETF,ETF,10.100000381469728,-0.8832110168761053,-0.0042741620810874,24.84459741946506,US
TAL,TAL Education Group,Consumer Defensive,Education & Training Services,11.8100004196167,-1.5012456625316388,0.0094927215320408,51.95082850174524,US
TALO,Talos Energy Inc.,Energy,Oil & Gas E&P,17.68000030517578,2.255635448221389,0.0090750064761683,65.20683693773239,US
TALV,Transamerica Large Value Active ETF,EQUITY,EQUITY,28.82349967956543,-0.9637864592665332,0.0084789139939876,45.258542250306,US
TAOZ,Thornburg American Opportunities Fund ETF Class,ETF,ETF,89.77790069580078,-2.2346739565891367,0.0260697999329135,43.24012589187517,US
TAP,Molson Coors Beverage Company,Consumer Defensive,Beverages - Brewers,38.93000030517578,-4.0423943849762045,0.0389788331000379,39.751960023616654,US
TAPR,Innovator Equity Defined Protection ETF - 2 Yr to April 2027,ETF,ETF,26.790000915527344,-0.0186570656927312,0.0002449880970457,64.28792432015797,US
TARK,Tradr 2X Long Innovation ETF,ETF,ETF,49.20500183105469,-7.746967077254823,-0.0917644733951197,50.71552222836415,US
TASK,"TaskUs, Inc.",Technology,Information Technology Services,8.140000343322754,0.7425794577133958,0.0289404005172795,59.22354384986055,US
TATT,TAT Technologies Ltd.,Industrials,Aerospace & Defense,38.459999084472656,-1.40989300365325,-0.0226312516443809,48.31954994092802,US
TAX,Cambria Tax Aware ETF,ETF,ETF,30.812000274658203,-0.849529981818934,0.0202564492213691,44.31677357320487,US
TAXE,T. Rowe Price Intermediate Municipal Income ETF,ETF,ETF,49.46500015258789,-0.8121090594969633,0.0007320062403469,17.55240262968806,US
TAXF,American Century Diversified Municipal Bond ETF,ETF,ETF,48.56999969482422,-1.059279804740964,0.0044714037853314,23.583713144017796,US
TAXI,Northern Trust Intermediate Tax-Exempt Bond ETF,ETF,ETF,49.89500045776367,-0.6708830950020797,-0.0035485588798833,22.118617354031716,US
TAXS,Northern Trust Short-Term Tax-Exempt Bond ETF,ETF,ETF,49.790000915527344,-0.4896551066891576,-0.0023748688074703,25.574124942485952,US
TAXT,Northern Trust Tax-Exempt Bond ETF,ETF,ETF,49.8650016784668,-0.825372137838945,0.0026917367053563,26.088550299279177,US
TBBB,BBB Foods Inc.,Consumer Defensive,Discount Stores,50.459999084472656,1.5700458424023254,-0.0648285524669702,61.93299219171492,US
TBF,ProShares Short 20+ Year Treasury,ETF,ETF,25.850000381469727,1.4521226290450877,0.011887530087543,64.9281029361386,US
TBG,TBG Dividend Focus ETF,ETF,ETF,37.959999084472656,-2.9404282994936235,-0.0014315692569687,38.32505252787748,US
TBIL,F/m US Treasury 3 Month Bill Fund - ETF Class Shares,ETF,ETF,49.91999816894531,0.0601298449867277,-0.0002188498109734,91.67353237304032,US
TBJL,Innovator 20+ Year Treasury Bond Buffer ETF – July,ETF,ETF,18.8700008392334,-1.02281505041593,-0.0019965695347217,39.84451628324869,US
TBLA,Taboola.com Ltd.,Communication Services,Internet Content & Information,3.799999952316284,-1.8087838582115427,0.0020985157262804,41.54462169968061,US
TBLD,Thornburg Income Builder Opportunities Trust,Financial Services,Asset Management,21.1299991607666,-3.7922837593993584,-0.0149862358624742,27.406219670326397,US
TBLL,Invesco Short Term Treasury ETF,ETF,ETF,105.72000122070312,0.0473200081615101,-0.000800956294009,92.905343830063,US
TBLU,Tortoise Global Water Fund,ETF,ETF,49.65299987792969,-2.065090471902121,-0.0093466758743363,34.01550565067072,US
TBN,Tamboran Resources Corporation,Energy,Oil & Gas E&P,39.130001068115234,0.2048702499813661,-0.048908512255537,59.81881401410721,US
TBPH,"Theravance Biopharma, Inc.",Healthcare,Biotechnology,17.010000228881836,-0.4098342806609923,-0.00347612418128,52.09813635834538,US
TBX,ProShares Short 7-10 Year Treasury,ETF,ETF,29.440000534057617,1.587305034808126,0.0112006437844259,74.9671105414755,US
TBXU,Direxion Daily Biotech Top 5 Bull 2X ETF,ETF,ETF,38.36000061035156,-16.171324262700935,-0.1428839102866044,41.73549368184291,US
TCAF,T. Rowe Price Capital Appreciation Equity ETF,ETF,ETF,42.400001525878906,-1.3953452886537063,0.0021665763385975,49.70163159720817,US
TCAL,T. Rowe Price Capital Appreciation Premium Income ETF,ETF,ETF,22.350000381469727,-2.48690965500374,-0.0005972824738201,36.926558826644055,US
TCAN,21Shares Canton Network ETF,ETF,ETF,16.530000686645508,-12.585929032105792,-0.0745738135293615,40.17494471164509,US
TCBI,"Texas Capital Bancshares, Inc.",Financial Services,Banks - Regional,99.08999633789062,1.3086584308828788,0.0715671888833776,52.20868723320181,US
TCBK,TriCo Bancshares,Financial Services,Banks - Regional,53.52999877929688,-0.7706089236083415,0.0390263488933423,41.44985805945405,US
TCBX,"Third Coast Bancshares, Inc.",Financial Services,Banks - Regional,45.0,0.3120806681757652,-0.0029101066860254,52.986683703488005,US
TCGLF,TechCreate Group Ltd.,Technology,Software - Infrastructure,39.5,-4.819277108433735,-0.134674623379342,49.14169672299624,US
TCI,"Transcontinental Realty Investors, Inc.",Real Estate,Real Estate Services,39.09999847412109,0.8511684613388751,0.0085180079749196,52.39843808750065,US
TCMD,"Tactile Systems Technology, Inc.",Healthcare,Medical Devices,22.399999618530277,1.7719190622118883,0.0510070195070173,36.13786082581786,US
TCV,Towle Value ETF,EQUITY,EQUITY,32.8385009765625,-1.921920724430208,0.0234340076568936,46.94920828301935,US
TDAQ,TappAlpha Innovation 100 Growth & Daily Income ETF,ETF,ETF,26.8799991607666,-0.4444475527162905,0.0051186469535354,51.78834162207757,US
TDAY,"USA TODAY Co., Inc.",Communication Services,Publishing,6.360000133514404,-1.7001493082581345,0.0075752455752269,36.85730997387364,US
TDEC,FT Vest Emerging Markets Buffer ETF - December,ETF,ETF,27.026100158691406,-1.1987275417264762,-0.0197869910119361,53.28320618514485,US
TDG,TransDigm Group Incorporated,Industrials,Aerospace & Defense,1140.3199462890625,-1.5123127255482716,1.3341256719093764,35.67880770530961,US
TDIV,First Trust NASDAQ Technology Dividend Index Fund,ETF,ETF,116.87999725341795,0.8977908739687738,0.1065372488481893,57.84090850198132,US
TDOC,"Teladoc Health, Inc.",Healthcare,Health Information Services,6.159999847412109,-4.79134393867358,0.0011551987885541,37.80707190006268,US
TDOG,21Shares Dogecoin ETF,ETF,ETF,16.976999282836914,-5.525876841740474,-0.0431246476003412,54.681840220633966,US
TDOT,21shares Polkadot Staking ETF,ETF,ETF,12.207300186157228,16.038970104305857,-0.0894171796388494,57.009606280488576,US
TDS,"Telephone and Data Systems, Inc.",Communication Services,Telecom Services,37.459999084472656,-0.9518789351043534,-0.0638778840605213,63.83897301138744,US
TDSC,ETC Cabana Target Drawdown 10 ETF,ETF,ETF,28.24530029296875,-1.4813386194454956,-0.0098027966291627,43.98458723335342,US
TDTF,Northern Trust iBoxx 5-Year Target Duration TIPS ETF,ETF,ETF,23.020000457763672,-1.116839438200636,-0.0099350672193195,24.870692320473893,US
TDTT,TDTT,N/A,N/A,23.399999618530277,-0.6369410759649605,-0.0041420046254743,28.36364590368072,US
TDUP,ThredUp Inc.,Consumer Cyclical,Internet Retail,2.609999895095825,-2.2471977334698243,-0.0010034865099906,29.554530808021,US
TDVI,FT Vest Technology Dividend Target Income ETF,ETF,ETF,31.899999618530277,1.1734821561278248,0.0294633570000994,58.89477665388409,US
TDY,Teledyne Technologies Incorporated,Technology,Scientific & Technical Instruments,603.7899780273438,-0.6711989607345545,1.0059729186636552,35.52959393542895,US
TEAM,TEAM,N/A,N/A,179.6999969482422,-7.694676541562566,-0.2666364074374705,61.04189369028598,US
TEC,Harbor Transformative Technologies ETF,ETF,ETF,33.16999816894531,0.448182462257635,0.0158546249522632,51.72497539947285,US
TECL,Direxion Daily Technology Bull 3X Shares,ETF,ETF,206.00999450683597,2.344876237336679,0.1756656278652402,53.39864364382616,US
TECS,Direxion Daily Technology Bear 3X Shares,ETF,ETF,59.9900016784668,-2.4552818236312244,-0.0546336888198504,43.71506676611268,US
TECX,"Tectonic Therapeutic, Inc.",Healthcare,Biotechnology,29.049999237060547,-2.907756808205067,0.0399696583719163,40.14407012360495,US
TEKX,State Street Galaxy Transformative Tech Accelerators ETF,ETF,ETF,64.04299926757812,1.2505539428791714,-7.134753159221408e-05,51.41665817303343,US
TEKY,Lazard Next Gen Technologies ETF,ETF,ETF,43.01530075073242,-1.856528420840264,-0.0338210746923044,44.08030793986262,US
TEL,TE Connectivity plc,Technology,Electronic Components,211.9600067138672,1.2177083268057884,0.4441118431509918,56.62852445340255,US
TEMR,T. Rowe Price Emerging Markets Equity Research ETF,EQUITY,EQUITY,28.274999618530277,-2.9351169477130443,-0.0478499055180235,47.589204019737295,US
TEMT,Tradr 2X Long TEM Daily ETF,ETF,ETF,21.350000381469727,-17.23202047558531,-0.1103139646789752,45.944527392920456,US
TEMX,Touchstone Sands Capital Emerging Markets ex-China Growth ETF,ETF,ETF,37.87799835205078,0.9756805937552944,-0.0234326657523723,55.97112308717117,US
TEN,Tsakos Energy Navigation Limited,Energy,Oil & Gas Midstream,47.900001525878906,10.674683172107722,0.2059089655967962,78.07406161325974,US
TEND,Ishares Large Cap 10% Target Buffer Dec ETF,ETF,ETF,27.843799591064453,-0.6642921549044682,-0.0014367713732128,51.52294054548684,US
TENJ,ishares Large Cap 10% Target Buffer Jun ETF,ETF,ETF,28.116100311279297,-0.7690383473073628,-0.0016687746692209,49.122668650010425,US
TER,"Teradyne, Inc.",Technology,Semiconductor Equipment & Materials,379.7200012207031,12.190513149942335,0.9821187760720438,53.13233410641946,US
TERG,Leverage Shares 2X Long TER Daily ETF,ETF,ETF,40.6609992980957,24.39881990173473,0.1960050495277094,50.9959287742863,US
TESL,Simplify Volt TSLA Revolution ETF,ETF,ETF,13.968999862670898,-3.275173200973221,-0.0131033370957056,52.81570481464283,US
TEST,YieldMax TSLA Performance & Distribution Target 25 ETF,ETF,ETF,37.59799957275391,-2.9558132983783154,-0.034925633820354,52.35022781851448,US
TETH,21Shares Ethereum ETF,ETF,ETF,12.670000076293944,0.7955480023671153,0.0039885327828402,70.05858181310484,US
TEUP,T-Rex 2X Long TE Daily Target ETF,ETF,ETF,26.979999542236328,2.31322974436683,-0.1883120025326077,41.19678139136416,US
TEX,Terex Corporation,Industrials,Farm & Heavy Construction Machinery,60.81999969482422,-3.091138748554369,0.0249784677784932,41.38890639443135,US
TEXN,iShares Texas Equity ETF,ETF,ETF,33.98500061035156,0.2330041423208652,0.0066561130979782,59.7918496362645,US
TEXU,Direxion Daily Energy Top 5 Bull 2X ETF,EQUITY,EQUITY,45.28900146484375,0.1680937153469655,-0.0466189711168694,62.92013872029241,US
TEXX,Horizon Kinetics Texas ETF,ETF,ETF,30.4060001373291,-0.8866267800879464,-0.0190185087598949,51.325155242571256,US
TFC,Truist Financial Corporation,Financial Services,Banks - Regional,50.400001525878906,-2.3445050768512554,0.0026035646645964,46.523604993621,US
TFGZ,Thornburg Focus Growth Fund ETF Class,ETF,ETF,34.647499084472656,-2.866552108104269,0.004239625982466,36.52467345610119,US
TFI,State Street SPDR Nuveen ICE Municipal Bond ETF,ETF,ETF,43.790000915527344,-0.950007187611147,-0.0021142566465992,22.297544120025837,US
TFIN,"Triumph Financial, Inc.",Financial Services,Banks - Regional,66.04000091552734,-3.98371316138244,0.0116826533353038,28.648150799867366,US
TFJL,Innovator 20+ Year Treasury Bond 5 Floor ETF – Quarterly,ETF,ETF,18.638999938964844,-0.6184976112631103,0.001067552682695,37.63636702938424,US
TFLO,iShares Treasury Floating Rate Bond ETF,ETF,ETF,50.56999969482422,0.1187910815380805,0.0012605313740236,98.22661402450532,US
TFLR,T. Rowe Price Floating Rate ETF,ETF,ETF,50.810001373291016,0.1577012256585579,7.107178106925682e-05,72.07020692109714,US
TFNS,T. Rowe Price Financials ETF,ETF,ETF,29.28529930114746,-1.9082239150025893,0.0002277592462562,46.31714980726336,US
TFPN,Blueprint Chesapeake Multi-Asset Trend ETF,ETF,ETF,30.149999618530277,-0.3964348774980626,-0.0141877568417291,50.60166673861753,US
TFSL,TFS Financial Corporation,Financial Services,Banks - Regional,17.010000228881836,-0.9894571735561816,-0.0015411569360446,42.440760824217655,US
TFX,Teleflex Incorporated,Healthcare,Medical Instruments & Supplies,130.99000549316406,-6.408974557311435,-0.2673698704241398,38.52233126069799,US
TGLB,T. Rowe Price Global Equity ETF,ETF,ETF,30.02680015563965,-1.6643186321008994,-0.0113333184575924,46.49848466018212,US
TGLS,Tecnoglass Holdings Inc.,Basic Materials,Building Materials,38.31999969482422,-2.394291051697312,-0.0396757090679342,38.8366248517967,US
TGRW,T. Rowe Price Growth Stock ETF,ETF,ETF,47.117000579833984,-1.047968198679581,0.003808281163675,49.2418194856694,US
TGT,Target Corporation,Consumer Defensive,Discount Stores,155.8300018310547,-4.98749646347943,-0.2023048431880951,48.25302803576223,US
TH,Target Hospitality Corp.,Industrials,Specialty Business Services,19.25,3.82955258582554,-0.0337869811312676,58.802103289749816,US
THFF,First Financial Corporation,Financial Services,Banks - Regional,77.83999633789062,-1.0927581241421778,0.0368494245735684,44.08721842881503,US
THG,"The Hanover Insurance Group, Inc.",Financial Services,Insurance - Property & Casualty,225.83999633789065,-2.1055574549329985,0.1186475190585385,53.7585818944892,US
THIR,THOR Index Rotation ETF,ETF,ETF,33.88999938964844,-1.3449050551066717,0.0035709221187409,45.12565711592575,US
THLV,THOR Equal Weight Low Volatility ETF,ETF,ETF,31.73539924621582,-2.4666512928269784,-0.0048999969644085,31.52385417704933,US
THNR,Amplify Weight Loss Drug & Treatment ETF,ETF,ETF,25.59000015258789,-5.884517653707288,-0.0250642973682999,36.74460435794121,US
THO,"THOR Industries, Inc.",Consumer Cyclical,Recreational Vehicles,72.86000061035156,-3.853257081000452,0.054891031377966,39.45806071211599,US
THOR,Thornburg Premium Income Builder ETF,ETF,ETF,26.170000076293945,-1.2825354570064122,-0.0017650388962546,46.26110219402321,US
THRM,Gentherm Incorporated,Consumer Cyclical,Auto Parts,38.84999847412109,-2.923543154072113,0.0364952077999445,44.91330665610215,US
THRO,iShares U.S. Thematic Rotation Active ETF,ETF,ETF,43.91999816894531,-0.6784329341387618,0.0116123043136538,53.71271856937391,US
THRV,Prospera Income ETF,ETF,ETF,23.713699340820312,-0.945284829527732,-0.0055663138796246,24.951475171678297,US
THVB,"Thomasville Bancshares, Inc.",Financial Services,Banks - Regional,103.0,-0.9615384615384616,-0.0327974574770657,39.778160103612855,US
THW,Abrdn World Healthcare Fund,Financial Services,Asset Management,13.619999885559082,-3.949227133741992,0.004810475174085,46.32974578417875,US
THY,Toews Agility Shares Dynamic Tactical Income ETF,ETF,ETF,21.45499992370605,-0.809057992836023,-0.0017053781029824,30.249471864264308,US
THYF,T. Rowe Price U.S. High Yield ETF,ETF,ETF,50.73500061035156,-0.733711593664214,-0.0099547024469443,31.90034204056265,US
THYM,T. Rowe Price High Income Municipal ETF,ETF,ETF,48.720699310302734,-1.285179288454417,-0.0014388900531321,24.77485503071661,US
THYP,21shares Hyperliquid Staking ETF,EQUITY,EQUITY,46.81999969482422,-6.002813884823716,-0.2070912931627915,59.39029303743428,US
TIC,"TIC Solutions, Inc.",Industrials,Specialty Business Services,9.5600004196167,2.906355854384916,0.0195642920958591,56.554559464418624,US
TIER,T. Rowe Price International Equity Research ETF,ETF,ETF,32.44990158081055,-2.341696897349768,-0.0228730161847756,44.80844552679896,US
TIGR,UP Fintech Holding Limited,Financial Services,Capital Markets,4.829999923706055,-4.733732541012461,-0.0085467791017827,45.68523352201945,US
TIIV,AAM Todd International Intrinsic Value ETF,EQUITY,EQUITY,30.48450088500977,-1.5167654611295922,-0.0033418297234158,48.599136156473016,US
TILC,Thrivent International Large Cap ETF,ETF,ETF,25.51810073852539,-2.3791073666563345,-0.0084185180434543,42.92667761664269,US
TILE,"Interface, Inc.",Consumer Cyclical,"Furnishings, Fixtures & Appliances",34.130001068115234,-6.133111949402595,0.0003346775508759,37.23211876833143,US
TIME,Clockwise U.S. Core Equity ETF,ETF,ETF,27.274999618530277,0.8653498359910144,0.0084269982057544,60.5271425821562,US
TINS,Templeton International Insights ETF,EQUITY,EQUITY,29.184999465942383,-1.040964016871485,0.0031040458780823,46.73353623628096,US
TIP,iShares TIPS Bond ETF,ETF,ETF,105.83999633789062,-1.0841155720648363,-0.0486495348530534,29.71271492251934,US
TIPA,Northern Trust 2030 Inflation-Linked Distributing Ladder ETF,EQUITY,EQUITY,98.42230224609376,-0.39337196764354,-0.0114778453254121,32.82651781133761,US
TIPB,Northern Trust 2035 Inflation-Linked Distributing Ladder ETF,EQUITY,EQUITY,96.67359924316406,-0.8445412585695409,-0.0189871140772468,26.77126345631864,US
TIPC,Northern Trust 2045 Inflation-Linked Distributing Ladder ETF,EQUITY,EQUITY,94.90339660644533,-1.2482443413251327,-0.0247642123870402,31.346722245833178,US
TIPT,Tiptree Inc.,Financial Services,Asset Management,17.799999237060547,-4.249601447245651,-0.0111603572248309,42.96865746760789,US
TIPZ,PIMCO Broad U.S. TIPS Index Exchange-Traded Fund,ETF,ETF,50.5099983215332,-1.0771700684785208,-0.0218082471998046,29.84330844545653,US
TISC,Thrivent International Small Cap ETF,ETF,ETF,23.95190048217773,-1.957019308332779,-0.0052254820530571,49.76102876087492,US
TITN,Titan Machinery Inc.,Industrials,Industrial Distribution,23.21999931335449,1.7082759130606595,-0.1412084685746591,59.37211437631528,US
TJAN,Innovator Equity Defined Protec,ETF,ETF,28.545000076293945,-0.1049892767961616,-0.0014488622105147,59.45558657343252,US
TJUL,Innovator Equity Defined Protection ETF – 2 Yr to July 2027,ETF,ETF,30.600000381469727,-0.0326698094819838,0.0003405599322285,59.320525233042254,US
TJUN,FT Vest Emerging Markets Buffer ETF - June,ETF,ETF,23.22100067138672,0.0905168437787797,-0.0093752805180729,55.76414699508432,US
TJX,"The TJX Companies, Inc.",Consumer Cyclical,Apparel Retail,126.0199966430664,-4.667528318622071,0.1220553288524248,18.187435612812703,US
TK,Teekay Corporation Ltd.,Energy,Oil & Gas Midstream,14.380000114440918,6.755752259631066,0.0248070053310389,70.45593049330698,US
TKO,"TKO Group Holdings, Inc.",Communication Services,Entertainment,190.30999755859372,0.4698550302247599,0.0345074842542691,50.58874419603433,US
TLCI,Touchstone International Equity ETF,ETF,ETF,27.1200008392334,-1.4248266334983593,0.0267863568541827,42.32183129455157,US
TLDR,The Laddered T-Bill ETF,ETF,ETF,25.020000457763672,0.1080166782513294,0.0007647763355432,82.0380018954329,US
TLG,Touchstone Large Company Growth ETF,ETF,ETF,27.43000030517578,-0.9747308676067348,0.0173339429083212,50.13411245014423,US
TLH,iShares 10-20 Year Treasury Bond ETF,ETF,ETF,95.01000213623048,-1.5440392370668716,-0.0484610623885937,34.964993096721045,US
TLRY,"Tilray Brands, Inc.",Healthcare,Drug Manufacturers - Specialty & Generic,4.019999980926514,-11.258282676843685,-0.0103339841781196,33.293060654864234,US
TLTD,Northern Trust Morningstar Developed Markets ex-US Factor Tilt ETF,ETF,ETF,104.1500015258789,-1.1390573949908154,0.0310375607400704,52.72033767097621,US
TLTI,NEOS Enhanced Income 20+ Year Treasury Bond ETF,ETF,ETF,42.77399826049805,-1.3796101710090742,-0.0184610338700728,38.44117066373276,US
TLTP,Amplify TLT U.S. Treasury 12% Option Income ETF,ETF,ETF,19.6200008392334,-1.228350167464324,-0.0096542926449335,37.05162554352064,US
TLTX,Global X Treasury Bond Enhanced Income ETF,ETF,ETF,21.030000686645508,-1.728967002244165,-0.01537239633456,37.996815480053385,US
TMAT,Main Thematic Innovation ETF,ETF,ETF,28.030000686645508,0.2503633922210189,0.0097938780767992,44.36119286404613,US
TMB,Thornburg Multi Sector Bond ETF,ETF,ETF,24.934999465942383,-0.7562210310750933,-0.0022314431753145,29.16767167924668,US
TMC,TMC the metals company Inc.,Basic Materials,Other Industrial Metals & Mining,3.934999942779541,-10.56818505702918,-0.0180920099871187,39.75203155947135,US
TMDV,ProShares Russell US Dividend Growers ETF,ETF,ETF,51.560001373291016,-2.6343129251779085,-0.0018031923716563,33.254677880702715,US
TMED,T. Rowe Price Health Care ETF,ETF,ETF,33.79899978637695,-5.784135393784491,-0.0323225756146926,34.4002308246386,US
TMFE,Motley Fool Capital Efficiency 100 Index ETF,ETF,ETF,30.176000595092773,-2.5574780623806714,0.0098528746359936,43.01581529634867,US
TMFM,Motley Fool Mid-Cap Growth ETF,ETF,ETF,21.423999786376957,-6.367731739811012,-0.0004122987711187,32.320298251527646,US
TMFS,Motley Fool Small-Cap Growth ETF,ETF,ETF,34.62099838256836,-1.381532000981872,0.0389523345959333,37.68423625629831,US
TMFX,Motley Fool Next Index ETF,ETF,ETF,23.575000762939453,-4.1666650513646655,0.0008529593177911,41.49425729598455,US
TMNL,T. Rowe Price Long Municipal Income ETF,ETF,ETF,48.53089904785156,-0.6837258142619945,0.0097843744376315,34.9254858618297,US
TMNS,T. Rowe Price Short Municipal Income ETF,ETF,ETF,49.3849983215332,-0.4635762353171834,0.0017832021662379,32.39368599717841,US
TMO,Thermo Fisher Scientific Inc.,Healthcare,Diagnostics & Research,609.8200073242188,-1.3922328240112345,0.4525052237280551,54.842246463940775,US
TMP,Tompkins Financial Corporation,Financial Services,Banks - Regional,98.83000183105467,0.1418577223478713,0.0669239442693735,54.03477557285808,US
TMSF,T. Rowe Price Multi-Sector Income ETF,ETF,ETF,49.560001373291016,-0.9790167257519202,-0.0130956372146849,33.50720647326976,US
TMSL,T. Rowe Price Small-Mid Cap ETF,ETF,ETF,41.900001525878906,-1.804538730041006,0.0158421538018518,38.36677265295765,US
TMUS,"T-Mobile US, Inc.",Communication Services,Telecom Services,182.3300018310547,-3.026275030374338,0.1618913591523703,52.20227559818359,US
TMV,Direxion Daily 20+ Year Treasury Bear 3X Shares,ETF,ETF,44.650001525878906,4.861436368738047,0.0644942813067454,65.0753985322776,US
TNC,Tennant Company,Industrials,Specialty Industrial Machinery,68.73999786376953,-2.27466385758,-0.1698648305775076,40.22682945372794,US
TNDM,"Tandem Diabetes Care, Inc.",Healthcare,Medical Devices,17.110000610351562,-16.2506101088169,-0.082808655060269,28.44770777701818,US
TNGX,"Tango Therapeutics, Inc.",Healthcare,Biotechnology,23.780000686645508,4.481548539131025,0.0637033761513727,45.344793790794725,US
TNGY,Tortoise Energy Fund,ETF,ETF,11.534000396728516,1.086770823616888,-0.0030213449139337,69.09581454808018,US
TNL,Travel + Leisure Co.,Consumer Cyclical,Travel Services,66.73999786376953,0.5120426657793282,0.2085527311178845,38.418205825410816,US
TNXT,T. Rowe Price Innovation Leaders ETF,ETF,ETF,28.280000686645508,-1.5663030378029468,-0.0018188382617822,49.6032962123366,US
TOAK,Twin Oak Short Horizon Absolute Return ETF,ETF,ETF,29.045000076293945,-0.0688128587516654,-0.0008303633667723,61.90822168792077,US
TOCT,Innovator Equity Defined Protection ETF - 2 Yr To October 2027,ETF,ETF,27.280000686645508,-0.2559403796997575,-0.0006335675581531,51.47623553623416,US
TOGA,Tremblant Global ETF,ETF,ETF,30.315000534057617,-2.957840445913793,0.0225939414649906,43.30606169825103,US
TOK,iShares MSCI Kokusai ETF,ETF,ETF,153.57000732421875,-1.3806793473095165,0.0242414862102643,48.10644199973643,US
TOL,TOL,N/A,N/A,134.9199981689453,-4.851907429297627,0.1146406945423641,36.74239854364364,US
TOLZ,ProShares DJ Brookfield Global Infrastructure ETF,ETF,ETF,57.75,-1.8691563341413016,-0.0288466461805604,34.571052608240535,US
TOPC,iShares S&P 500 3% Capped ETF,ETF,ETF,34.75,-1.222286246292381,0.0042967902330594,47.43925028683735,US
TOPT,iShares Top 20 U.S. Stocks ETF,ETF,ETF,34.060001373291016,-0.3802201188636955,0.0059739958110425,58.32952578592158,US
TOPW,Roundhill ETF Trust - Roundhill Top WeeklyPay ETF,ETF,ETF,33.5099983215332,-0.3540857973197696,0.0090141601029299,56.87539397481213,US
TOS,Twin Oak Strategic Solutions ETF,ETF,ETF,29.350000381469727,-2.685674635412457,-0.065536534012367,44.39009754234362,US
TOST,TOST,N/A,N/A,32.119998931884766,-5.334516230507999,0.0098917986946663,39.14278625148889,US
TOT,Lionshares U.S. Equity Total Return ETF,EQUITY,EQUITY,24.04400062561035,-1.2769407615329398,0.0060284509610252,49.154089211046696,US
TOTL,State Street DoubleLine Total Return Tactical ETF,ETF,ETF,38.119998931884766,-0.9355525328331136,-0.0105507354446267,27.61254747352505,US
TOTR,T. Rowe Price Total Return ETF,ETF,ETF,38.97800064086914,-1.0685490449410842,-0.0107781174002877,33.00166545027473,US
TOV,JLens 500 Jewish Advocacy U.S. ETF,ETF,ETF,32.25,-1.0128969076365597,0.0089625181723952,50.95850363694291,US
TOXR,21shares XRP ETF,ETF,ETF,13.289999961853027,-7.257501517027645,-0.0419816582458346,56.44531141415607,US
TPB,"Turning Point Brands, Inc.",Consumer Defensive,Tobacco,71.51000213623047,-7.057447534279719,0.0436472829485099,30.009847113085243,US
TPC,Tutor Perini Corporation,Industrials,Engineering & Construction,89.12999725341797,2.072832758725989,0.1769420734438117,51.25513125798949,US
TPFG,Timothy Plan Free Cash Flow Growth ETF,EQUITY,EQUITY,25.225099563598636,-2.943055845539252,-0.0187580834007291,41.23627586694198,US
TPFI,Timothy Plan Fixed Income ETF,EQUITY,EQUITY,24.229999542236328,-1.2783421193433786,-0.0037232751718037,31.56957089337034,US
TPIF,Timothy Plan International ETF,ETF,ETF,38.369998931884766,-1.4019140946299855,0.0052672473771356,48.64021831655986,US
TPL,Texas Pacific Land Corporation,Energy,Oil & Gas E&P,369.1000061035156,0.7094150350656548,-0.1826812125265497,48.16566604245715,US
TPLS,Thornburg Core Plus Bond ETF,ETF,ETF,24.46759986877441,-0.8405243148888528,-0.0037888093612454,36.30517524064524,US
TPOR,Direxion Daily Transportation Bull 3X Shares,ETF,ETF,34.650001525878906,-5.508581248790677,0.0590659889928675,32.34233861951874,US
TPR,"Tapestry, Inc.",Consumer Cyclical,Luxury Goods,118.48999786376952,-2.985993714308952,0.3475347103102439,34.86343463489986,US
TPRY,VistaShares Target 15 TEPRTantrum Contrarian Distribution ETF,EQUITY,EQUITY,18.397899627685547,-3.0158128960299897,-0.0238898214417771,44.12737451651732,US
TPUT,T. Rowe Price Capital Appreciation Market Opportunities ETF,EQUITY,EQUITY,25.19499969482422,-0.019845507792957,0.00102605514853,64.2423378088852,US
TPYP,Tortoise North American Pipeline Fund,ETF,ETF,42.73500061035156,-1.6229236617055405,-0.0397166485929268,45.39759235876911,US
TPZ,Tortoise Electrification Infrastructure ETF,ETF,ETF,21.489999771118164,-0.4631791605510479,-0.0122247294361495,48.067248886218565,US
TQQY,GraniteShares YieldBOOST QQQ ETF,ETF,ETF,12.220000267028809,0.7828018605839373,0.0020784490957169,60.31464340006837,US
TRAX,"First Tracks Biotherapeutics, Inc.",Healthcare,Biotechnology,36.43999862670898,-14.27899302397642,-0.1311693401199454,38.90395895691517,US
TRBF,Angel Oak Total Return ETF,ETF,ETF,47.86000061035156,-1.1973534946337117,-0.0079208766135781,26.541670754318037,US
TRC,Tejon Ranch Co.,Industrials,Conglomerates,16.209999084472656,0.2473655410636116,-0.0076428880430048,42.5085555792425,US
TREE,"LendingTree, Inc.",Financial Services,Insurance Brokers,26.81999969482422,-4.248484556706918,0.0158666061886831,29.551136363525032,US
TREX,"Trex Company, Inc.",Industrials,Building Products & Equipment,44.95000076293945,2.883960118644161,0.0658228193324358,46.16320121428797,US
TRFK,Pacer Data and Digital Revolution ETF,ETF,ETF,96.41999816894533,3.844910881521705,-0.004893375718948,53.624473458285465,US
TRFM,AAM Transformers ETF,ETF,ETF,58.31600189208984,-0.70829626530268,0.0302055486253484,44.144188163848696,US
TRGP,Targa Resources Corp.,Energy,Oil & Gas Midstream,290.25,-1.1208041320263125,-0.20703541468073,53.66158708698168,US
TRIN,Trinity Capital Inc.,Financial Services,Asset Management,17.93000030517578,-1.360328432208392,0.0045222963050845,49.25208535249438,US
TRIO,MC Trio Equity Buffered ETF,ETF,ETF,65.71309661865234,-0.7325016503962796,-0.0040469763122766,48.61211436576499,US
TRIP,"Tripadvisor, Inc.",Consumer Cyclical,Travel Services,9.09000015258789,-2.152850485321679,0.0244553811504346,31.616939401064897,US
TRLV,Trulieve Cannabis Corp.,Healthcare,Drug Manufacturers - Specialty & Generic,11.3100004196167,-5.671387526957805,-0.0514920975347836,56.19697638385652,US
TRND,Pacer Trendpilot Fund of Funds ETF,ETF,ETF,36.7224006652832,-1.606553650557691,-0.0076917623552153,43.34213825069297,US
TRNO,Terreno Realty Corporation,Real Estate,REIT - Industrial,65.2699966430664,-0.8054808269150184,0.0365086526302997,33.34196743164597,US
TRNS,"Transcat, Inc.",Industrials,Specialty Business Services,84.30999755859375,-1.621936335059517,0.16603936110352,41.93154730598577,US
TROW,"T. Rowe Price Group, Inc.",Financial Services,Asset Management,106.29000091552734,-4.139607189383416,-0.0853139895223542,32.21058645955304,US
TROX,Tronox Holdings plc,Basic Materials,Chemicals,4.420000076293945,-9.426230068842385,-0.0047894366376279,25.57246721288591,US
TRPA,Hartford Funds Exchange-Traded Trust - Hartford AAA CLO ETF,ETF,ETF,38.99599838256836,0.2081394452921549,0.0036543458789605,72.06002446856793,US
TRS,TriMas Corporation,Consumer Cyclical,Packaging & Containers,38.34000015258789,-1.3127370439227304,-0.0034524653251842,41.06372941281828,US
TRST,TrustCo Bank Corp NY,Financial Services,Banks - Regional,58.45000076293945,2.1853146561667347,0.0287104735906823,63.02605085486104,US
TRSY,Xtrackers US 0-1 Year Treasury ETF,ETF,ETF,30.155000686645508,0.0165872908076612,0.0002688055821063,84.13167154841702,US
TRTX,"TPG RE Finance Trust, Inc.",Real Estate,REIT - Mortgage,7.420000076293945,-5.477704886147382,-0.011905225077873,28.54455851541601,US
TRTY,Cambria Trinity ETF,ETF,ETF,32.04999923706055,-0.465843237033554,-0.019618912692346,58.28961627551108,US
TRUD,VanEck Consumer Disc TruSector ETF,ETF,ETF,25.43199920654297,-2.3686152439398533,0.0156889262459676,44.34344782499023,US
TRUP,"Trupanion, Inc.",Financial Services,Insurance - Property & Casualty,24.88999938964844,-13.54637513670767,0.0071004518261685,34.69516058258924,US
TRUT,Vaneck Technology Trusector ETF,ETF,ETF,32.257999420166016,0.1396894644941141,0.0074863700897608,56.548098651734335,US
TRV,"The Travelers Companies, Inc.",Financial Services,Insurance - Property & Casualty,375.2000122070313,0.5724288046940192,0.6157801173663786,58.68437512465908,US
TSAT,Telesat Corporation,Technology,Communication Equipment,49.75,12.939843045772124,0.2445650610452533,58.48313794983624,US
TSCV,Thrivent Small Cap Value ETF,ETF,ETF,30.581300735473636,-2.364790741838765,0.0005424137208104,33.52904469644456,US
TSEC,Touchstone Securitized Income ETF,ETF,ETF,25.38999938964844,-0.1965453748408575,-0.0042685971190419,42.30667553272168,US
TSEG,TSEG,N/A,N/A,6.300000190734863,4.132231274684204,0.0098645284483519,42.79283995314552,US
TSEL,Touchstone Sands Capital US Select Growth ETF,ETF,ETF,28.69239997863769,-1.7417219659074417,-0.0138779589213816,49.30413048453764,US
TSEM,Tower Semiconductor Ltd.,Technology,Semiconductors,211.5200042724609,2.599922640250073,0.1482968530359523,45.13149452059109,US
TSEP,FT Vest Emerging Market Buffer ,ETF,ETF,26.82999992370605,-0.0558740548783542,-0.0042696651931306,66.31971128777894,US
TSES,Truth Social American Energy Security ETF,EQUITY,EQUITY,31.7549991607666,1.1627899911286108,0.0038343514153023,58.92446160295592,US
TSHA,"Taysha Gene Therapies, Inc.",Healthcare,Biotechnology,5.019999980926514,-9.87432987045696,-0.0100720227359301,30.194942080680107,US
TSIC,TSIC,N/A,N/A,24.49799919128418,-2.9436236814104277,0.0076633637343406,36.396054964714025,US
TSL,GraniteShares 1.25x Long Tsla Daily ETF,ETF,ETF,13.755999565124512,-3.804200128352557,-0.0170280208342257,53.81036236361729,US
TSLA,"Tesla, Inc.",Consumer Cyclical,Auto Manufacturers,365.4400024414063,-2.904055269437209,-0.3641105266185951,54.45103178947363,US
TSLI,ProShares Ultra TSLA,EQUITY,EQUITY,18.104999542236328,-6.578945684948312,-0.0364303806803213,52.44910082231389,US
TSLL,Direxion Daily TSLA Bull 2X Shares,ETF,ETF,9.710000038146973,-6.45472128041525,-0.0190462836144757,52.53827438845697,US
TSLP,Kurv Yield Premium Strategy Tesla ETF,ETF,ETF,14.973999977111816,-2.1946468536628223,-0.0149141503886051,54.94052869723154,US
TSLQ,Tradr 2X Short TSLA Daily ETF,ETF,ETF,18.40999984741211,4.602269593102941,0.0486144700995017,42.18349274588035,US
TSLR,Graniteshares 2x Long TSLA Daily ETF,ETF,ETF,16.760000228881836,-6.420991782958846,-0.0326732376114658,52.614714559965975,US
TSLS,Direxion Daily TSLA Bear 1X Shares,ETF,ETF,56.0099983215332,2.638810032549008,0.0659427120334091,43.69626496015439,US
TSLT,T-Rex 2X Long Tesla Daily Target ETF,ETF,ETF,13.520000457763672,-6.6298281410331565,-0.0261768289896104,52.404236414884245,US
TSLW,Roundhill ETF Trust - Roundhill TSLA WeeklyPay ETF,ETF,ETF,18.13999938964844,-3.9255178561290647,-0.0234443895811615,53.77576758670051,US
TSLX,"Sixth Street Specialty Lending, Inc.",Financial Services,Asset Management,17.889999389648438,-2.2938289925959245,0.0082614954776948,42.19876529752591,US
TSLY,YieldMax TSLA Option Income Strategy ETF,ETF,ETF,22.399999618530277,-1.0790373711396648,-0.020315870483444,54.95518103959328,US
TSME,Thrivent Small-Mid Cap Equity ETF,ETF,ETF,46.970001220703125,-1.2820525155033202,0.0360269518374242,42.38648145756617,US
TSMG,Leverage Shares 2X Long TSM Daily ETF,ETF,ETF,39.584999084472656,7.483235021675383,-0.0013405915971381,55.24967910927717,US
TSMU,GraniteShares 2x Long TSM Daily ETF,ETF,ETF,70.95600128173828,7.221540999996311,-0.0047399537970788,54.96788040705072,US
TSMX,Direxion Daily TSM Bull 2X Shares,ETF,ETF,82.05999755859375,7.502649393775326,0.0005121789035784,55.4173475922079,US
TSMY,YieldMax TSM Option Income Strategy ETF,ETF,ETF,15.220000267028809,2.223355665423964,-0.0057879603816167,56.11050637103421,US
TSMZ,Direxion Daily TSM Bear 1X Shares,ETF,ETF,7.650000095367432,-3.713027941096418,3.32521163561722e-05,42.79069913616062,US
TSN,"Tyson Foods, Inc.",Consumer Defensive,Farm Products,52.97999954223633,2.3570348923206588,0.1162064218984135,39.669078295900015,US
TSNF,Truth Social American Next Frontiers ETF,EQUITY,EQUITY,30.538000106811523,-1.0690680425677108,0.0044776626410879,47.4498652254744,US
TSOL,21shares Solana Staking ETF,ETF,ETF,9.944000244140623,-3.1271318893908773,-0.0176222437397056,62.53757000756396,US
TSPA,T. Rowe Price US Equity Research ETF,ETF,ETF,48.209999084472656,-1.1279722231197418,0.0099207814356145,50.52117301262878,US
TSPX,Twin Oak Active Opportunities ETF,ETF,ETF,30.395000457763672,-0.9418575066855728,0.0064073119625692,50.37055858722269,US
TSRS,Truth Social American Red State REITs ETF,EQUITY,EQUITY,26.125999450683597,-2.522202051855089,-0.0080686031301226,26.04036836400735,US
TSSD,Truth Social American Security & Defense ETF,EQUITY,EQUITY,28.690000534057617,-2.5640997405047137,0.0118332530050564,41.485064831908616,US
TSUI,21shares Sui Staking ETF,ETF,ETF,14.59000015258789,-7.599745485523809,-0.0637591255729612,48.15991247927086,US
TSXU,Direxion Daily Semiconductors Top 5 Bull 2X ETF,EQUITY,EQUITY,56.65999984741211,4.964802385888927,-0.0355363685846257,52.35112736431649,US
TSYW,TSYW,N/A,N/A,40.19499969482422,-1.8559655116174467,-0.021541674590006,35.75583239725043,US
TSYX,TSPY Lift ETF,ETF,ETF,23.051000595092773,-1.686691690184006,0.0024481764198044,48.66772675820807,US
TSYY,GraniteShares YieldBOOST TSLA ETF,ETF,ETF,20.31999969482422,0.8209498746259978,0.0022144176078067,62.28790178276044,US
TT,Trane Technologies plc,Industrials,Building Products & Equipment,442.5199890136719,-0.3647487672963468,0.2453345347129918,40.898798348553335,US
TTAN,"ServiceTitan, Inc.",Technology,Software - Application,54.68000030517578,-41.26745305976012,-0.5351549933608801,22.950723064592975,US
TTDU,T-REX 2X Long TTD Daily Target ETF,ETF,ETF,14.18000030517578,-10.479796915537932,0.0036319083563047,42.86383349916183,US
TTEK,"Tetra Tech, Inc.",Industrials,Engineering & Construction,36.4900016784668,0.5511180983571679,0.0648465657300717,60.45757050480815,US
TTI,"TETRA Technologies, Inc.",Energy,Oil & Gas Equipment & Services,6.809999942779541,-1.8732004808222484,-0.0007566543332787,37.77635190118563,US
TTMI,TTMI,N/A,N/A,126.44000244140624,9.576222471796894,0.1261909236256153,51.10271723730656,US
TTT,ProShares UltraPro Short 20+ Year Treasury,ETF,ETF,79.30999755859375,4.851927814065481,0.107021428987496,64.52450801456193,US
TTWO,"Take-Two Interactive Software, Inc.",Communication Services,Electronic Gaming & Multimedia,215.47000122070312,0.6257863481691734,0.446612584692903,36.22740614530817,US
TTXU,Direxion Daily Technology Top 5 Bull 2X ETF,EQUITY,EQUITY,33.16569900512695,-6.21090587896184,-0.1032802718262377,46.490512827924455,US
TUA,Simplify Short Term Treasury Futures Strategy ETF,ETF,ETF,19.549999237060547,-2.857146648146351,-0.0156053560339207,24.59124554255125,US
TUG,STF Tactical Growth ETF,ETF,ETF,45.98860168457031,-1.2887140919282336,-0.0082205928936236,46.584738404076425,US
TUR,iShares MSCI Turkey ETF,ETF,ETF,40.43999862670898,3.745508213489564,0.0128031745094315,55.54399852783373,US
TURF,T. Rowe Price Natural Resources ETF,ETF,ETF,35.40829849243164,-1.6026180579083438,-0.0475714258198008,52.87945169107258,US
TUSB,Thrivent Ultra Short Bond ETF,ETF,ETF,50.42499923706055,-0.0396480481408823,-0.0013952931993353,59.3041866526104,US
TUSI,Touchstone Ultra Short Income ETF,ETF,ETF,25.28499984741211,-0.0197748830928822,-0.0017455962748147,55.79070975053499,US
TUYA,Tuya Inc.,Technology,Software - Infrastructure,1.7999999523162842,-5.263159215615413,-0.0032942130823698,47.221157659036336,US
TVAL,T. Rowe Price Value ETF,ETF,ETF,43.08000183105469,-0.9882705287665096,0.0181919179559588,52.00192865711536,US
TVTX,"Travere Therapeutics, Inc.",Healthcare,Biotechnology,66.16999816894531,-0.556060627428831,-0.0498079683614698,57.20834156824221,US
TW,Tradeweb Markets Inc.,Financial Services,Capital Markets,101.44000244140624,-3.702291657553014,-0.0838283894329332,41.67582647715645,US
TWFG,"TWFG, Inc.",Financial Services,Insurance Brokers,26.690000534057617,-8.845628728995145,-0.0461270904715561,42.316478682158,US
TWI,"Titan International, Inc.",Industrials,Farm & Heavy Construction Machinery,7.190000057220459,-5.890049962424108,-0.0409507053167522,47.27047023073299,US
TWLO,Twilio Inc.,Technology,Software - Infrastructure,227.3500061035156,-5.459909288629379,-0.1464817088469283,50.729684263907465,US
TWN,"The Taiwan Fund, Inc.",Financial Services,Asset Management,98.12999725341795,-5.160919980946791,-0.35475709946392,48.493150563193154,US
TWOX,iShares Large Cap Accelerated Outcome ETF,ETF,ETF,30.08799934387207,-0.73243195639037,0.0087192251130322,54.95474751845212,US
TWST,Twist Bioscience Corporation,Healthcare,Biotechnology,127.22000122070312,-1.1576454163944423,0.1840056217120382,50.918429279799525,US
TXG,"10x Genomics, Inc.",Healthcare,Medical Devices,68.58999633789062,8.494139534165253,0.147338290204269,68.39534816418983,US
TXN,Texas Instruments Incorporated,Technology,Semiconductors,268.70001220703125,5.858255631213292,0.7536472642865641,51.823043806393365,US
TXNM,"TXNM Energy, Inc.",Utilities,Utilities - Regulated Electric,57.66999816894531,-0.808395640930823,-0.0255786683285063,50.61015444516714,US
TXNU,Direxion Daily Txn Bull 2X ETF,EQUITY,EQUITY,40.95000076293945,11.519606213551564,0.2230097648892814,50.001664018282,US
TXUE,Thornburg International Equity ETF,ETF,ETF,35.76300048828125,-1.2753568124230348,0.0142047832755546,44.97064549372799,US
TXUG,Thornburg International Growth ETF,ETF,ETF,26.49860000610352,-3.627437712019633,-0.0235057567145633,36.28791313834092,US
TXXD,21Shares 2x Long Dogecoin ETF,ETF,ETF,39.86899948120117,-12.759302372850174,-0.1954683578217668,52.00292896334816,US
TXXH,21Shares 2x Long HYPE ETF,ETF,ETF,62.060001373291016,-13.15420911224744,-0.5343447739456924,55.297059840052725,US
TXXI,BondBloxx IR+M Tax-Aware Intermediate Duration ETF,ETF,ETF,49.04199981689453,-0.7447885684153719,-0.0020227198783535,26.534910307679556,US
TY,Tri-Continental Corporation,Financial Services,Asset Management,34.58000183105469,-2.8378710795250224,-0.0191761103773389,36.01755767400828,US
TYA,Simplify Intermediate Term Treasury Futures Strategy ETF,ETF,ETF,11.585000038146973,-4.177006683766018,-0.0117002219839097,26.53713661327913,US
TYG,Tortoise Energy Infrastructure Corporation,Financial Services,Asset Management,44.119998931884766,3.909561665579876,0.0285347265179769,60.27387157655461,US
TYIDY,Toyota Industries Corporation,Industrials,Farm & Heavy Construction Machinery,123.93499755859376,-3.1379441073942105,-0.0522791994119582,44.40557625134006,US
TYLD,Cambria Tactical Yield ETF,ETF,ETF,25.475000381469727,0.0982303252685089,0.0001218380727349,69.67060408380223,US
TYLG,Global X Information Technology Covered Call & Growth ETF,ETF,ETF,42.257999420166016,1.032848477828543,0.0104490990345817,59.26754384773906,US
TYO,Direxion Daily 7-10 Year Treasury Bear 3X Shares,ETF,ETF,15.59000015258789,4.5606996119038,0.0168010930025685,74.37185201968798,US
TYRA,"Tyra Biosciences, Inc.",Healthcare,Biotechnology,22.030000686645508,-11.383748407985392,-0.1347255627443346,37.23374846248328,US
TZA,Direxion Daily Small Cap Bear 3X Shares,ETF,ETF,42.93000030517578,6.870804734973017,0.0114255898989947,62.13497996748583,US
UAL,"United Airlines Holdings, Inc.",Industrials,Airlines,109.81999969482422,1.0675464693724686,0.3014442181402716,43.63542867862724,US
UAMY,United States Antimony Corporation,Basic Materials,Other Industrial Metals & Mining,4.869999885559082,-5.252918053305757,-0.0163027635910979,42.936035896950976,US
UAN,"CVR Partners, LP",Basic Materials,Agricultural Inputs,135.8800048828125,3.322949249875763,0.0036104342335248,72.86729481141218,US
UAPR,Innovator U.S. Equity Ultra Buffer ETF - April,ETF,ETF,35.76499938964844,-0.2370964800291811,0.0006600630430256,59.38497212872829,US
UAUG,Innovator U.S. Equity Ultra Buffer ETF - August,ETF,ETF,42.93000030517578,-0.5328997753694825,0.0043859538171689,52.79010443139929,US
UBER,"Uber Technologies, Inc.",Technology,Software - Application,71.66999816894531,-5.647710594041177,-0.025052439852632,41.422013277515006,US
UBEW,Roundhill UBER WeeklyPay ETF,ETF,ETF,24.98200035095215,-6.897956949655179,-0.0116602045586057,41.19970514148454,US
UBOT,"Direxion Daily Robotics, Artificial Intelligence & Automation Index Bull 2X Shares",ETF,ETF,21.88999938964844,-3.141597255916136,0.0259469577679732,43.7238049986352,US
UBR,ProShares Ultra MSCI Brazil Capped,ETF,ETF,35.09000015258789,-0.3973868619572245,-0.1122216986626392,62.976438490516365,US
UBRL,GraniteShares 2x Long UBER Daily ETF,ETF,ETF,14.100000381469728,-11.487758246379151,-0.0107009437236559,40.4367496402563,US
UBSI,"United Bankshares, Inc.",Financial Services,Banks - Regional,47.220001220703125,0.0256075200292583,0.0376726270492522,50.22438716177536,US
UBT,ProShares Ultra 20+ Year Treasury,ETF,ETF,14.470000267028809,-2.8206854708521845,-0.0135000026631994,36.80748808918613,US
UCB,"United Community Banks, Inc.",Financial Services,Banks - Regional,35.290000915527344,-0.2825613897872608,0.0169333498170894,49.03927592283048,US
UCC,ProShares Ultra Consumer Discretionary,ETF,ETF,43.68000030517578,-6.003875279186251,0.0422977266052996,40.355010220062994,US
UCIB,UBS ETRACS UBS Bloomberg Constant Maturity Commodity Index (CMCI) Total Return ETN Series B,ETF,ETF,37.80419921875,-0.4654953236034663,-0.0536088929993975,56.43812114186297,US
UCON,First Trust Smith Unconstrained Plus Bond ETF,ETF,ETF,24.32999992370605,-0.7748798144800119,-0.0056754748194819,31.584278234237587,US
UCOP,ProShares Ultra Copper K-1 Free ETF,ETF,ETF,40.84999847412109,-4.242853679711899,-0.1135739200477816,43.84195781859041,US
UCRD,VictoryShares ESG Corporate Bond ETF,ETF,ETF,20.834999084472656,-0.8654491286473798,-0.0015923379500602,37.45716983467288,US
UCTT,"Ultra Clean Holdings, Inc.",Technology,Semiconductor Equipment & Materials,74.04000091552734,11.187873535589254,0.178385740676326,46.85031527431476,US
UCYB,ProShares Ultra Nasdaq Cybersecurity,ETF,ETF,81.29499816894531,-1.9147770840179643,0.0815963274233182,46.88273575791876,US
UDEC,Innovator U.S. Equity Ultra Buffer ETF - December,ETF,ETF,42.63999938964844,-0.2969553778429829,0.0046449012504161,56.87615216515714,US
UDI,USCF Dividend Income ETF,ETF,ETF,36.96760177612305,-1.3539605567921158,0.004983796142294,46.74028855250802,US
UDIV,Franklin U.S. Core Dividend Tilt Index ETF,ETF,ETF,61.604000091552734,-0.9183741898101352,0.0172283311136242,51.92067787682707,US
UDN,Invesco DB US Dollar Index Bearish Fund,ETF,ETF,18.299999237060547,-0.109172806205463,-0.0020274007604571,55.74206641502505,US
UDOW,ProShares UltraPro Dow30,ETF,ETF,69.72000122070312,-6.40353977696439,0.0521550475193988,43.720094507807794,US
UEC,Uranium Energy Corp.,Energy,Uranium,10.449999809265137,-9.209386607628897,-0.054765651378131,39.73184809850704,US
UEVM,VictoryShares Emerging Markets Value Momentum ETF,ETF,ETF,59.95880126953125,-1.571096100101674,-0.0259974997882381,49.52572183234353,US
UFCS,"United Fire Group, Inc.",Financial Services,Insurance - Property & Casualty,55.380001068115234,-0.9302265909796122,0.0266580079933679,59.05487311186226,US
UFEB,Innovator U.S. Equity Ultra Buffer ETF - February,ETF,ETF,39.34999847412109,-0.3747091508305258,-0.0027186004924292,52.58179859698523,US
UFIV,F/m US Treasury 5 Year Note ETF,ETF,ETF,47.09799957275391,-1.096176755227405,-0.0126629361809639,26.7848806397046,US
UFO,Procure Space ETF,ETF,ETF,43.27999877929688,-0.5743165793951308,0.0417568428525454,40.26701342033802,US
UFOD,Tuttle Capital UFO Disclosure ETF,ETF,ETF,23.559999465942383,0.170063806973727,0.0207806047059423,43.66685454366782,US
UFOX,Defiance Space and Connective Tech ETF,ETF,ETF,83.59100341796875,3.77529515952585,0.1247765508349322,52.17821840322871,US
UFPI,"UFP Industries, Inc.",Basic Materials,Lumber & Wood Production,80.55999755859375,-3.1730763058690403,0.015042047197026,35.388450418068985,US
UFPT,"UFP Technologies, Inc.",Healthcare,Medical Devices,277.8900146484375,-3.011997311232125,0.3213278950946279,38.55344299341593,US
UGA,"United States Gasoline Fund, LP",ETF,ETF,138.6999969482422,5.7083986366288375,-0.055386257359185,66.99244270742847,US
UGE,ProShares Ultra Consumer Staples,ETF,ETF,18.43000030517578,-4.655973213049659,0.0045491781329143,39.11145012082264,US
UGI,UGI Corporation,Utilities,Utilities - Regulated Gas,37.9900016784668,0.5026519715375137,-0.0251499200670018,55.85070325599098,US
UGL,ProShares Ultra Gold,ETF,ETF,50.310001373291016,-5.733553719008264,0.013365740397126,46.561891947909885,US
UGLD,Direxion Daily Gold Bull 2X ETF,EQUITY,EQUITY,21.989999771118164,-5.824413653675322,0.0123622456084075,46.73750232383642,US
UHT,Universal Health Realty Income Trust,Real Estate,REIT - Healthcare Facilities,40.400001525878906,-1.8464487957984947,-0.0327513776637333,39.93312978876492,US
UI,Ubiquiti Inc.,Technology,Communication Equipment,564.1500244140625,-5.337605944321757,1.0837105704675878,48.40393329795721,US
UITB,VictoryShares Core Intermediate Bond ETF,ETF,ETF,45.34999847412109,-1.0748745860378142,-0.013733440678021,30.08056245136561,US
UJB,ProShares Ultra High Yield,ETF,ETF,77.22000122070312,-1.7432181970047804,-0.0242325025132712,29.728881574497905,US
UJUL,Innovator U.S. Equity Ultra Buffer ETF - July,ETF,ETF,41.30799865722656,-0.596787708368981,0.0054157741297272,51.41157297417519,US
UJUN,Innovator U.S. Equity Ultra Buffer ETF - June,ETF,ETF,39.07400131225586,-0.5497571856408934,0.0060241789534822,50.96857921348297,US
ULCC,"Frontier Group Holdings, Inc.",Industrials,Airlines,5.619999885559082,-2.0905904241126096,0.0061880586137815,40.752463195149495,US
ULE,ProShares Ultra Euro,ETF,ETF,12.720000267028809,-0.5473001957231994,-0.0024277962027407,50.657133685263226,US
ULH,"Universal Logistics Holdings, Inc.",Industrials,Trucking,18.51000022888184,0.2165723714912193,0.0104434343706803,51.542876634951135,US
ULS,ULS,N/A,N/A,71.25,-4.529006268003271,-0.0555057038929729,28.197885259292264,US
ULST,State Street Ultra Short Term Bond ETF,ETF,ETF,40.2599983215332,-0.0496535709279904,-0.0017250464890309,63.43748399492669,US
ULTA,"Ulta Beauty, Inc.",Consumer Cyclical,Specialty Retail,546.780029296875,-1.854204075730004,-0.071338760790331,55.29826878641328,US
ULTY,YieldMax Ultra Option Income Strategy ETF,ETF,ETF,25.729999542236328,0.0020830786627583,0.001261800115607,51.42895372317479,US
ULVM,VictoryShares US Value Momentum ETF,ETF,ETF,106.98760223388672,-1.4357004587153708,0.0121785891625234,41.33235478884855,US
UMAC,"Unusual Machines, Inc.",Technology,Computer Hardware,22.950000762939453,-6.364746843633755,-0.0325036570458747,45.93212957333726,US
UMAR,Innovator U.S. Equity Ultra Buffer ETF - March,ETF,ETF,43.0255012512207,-0.3578023456765911,-0.0018057750924511,54.77705361319518,US
UMAY,Innovator U.S. Equity Ultra Buffer ETF - May,ETF,ETF,38.665000915527344,-0.4274944264417032,0.0036980082485724,54.33176172735861,US
UMDD,ProShares UltraPro MidCap400,ETF,ETF,32.849998474121094,-5.276821842419565,0.0308804604234256,38.654490617824464,US
UMH,"UMH Properties, Inc.",Real Estate,REIT - Residential,15.510000228881836,-2.758618091817851,-0.0042005860068106,37.1464561751728,US
UMI,USCF Midstream Energy Income Fund,ETF,ETF,60.55799865722656,-1.6436593188463644,-0.0604134640696247,46.98970615431496,US
UNF,UniFirst Corporation,Industrials,Specialty Business Services,274.67999267578125,-0.0200277322442157,0.3065931315286385,38.04108244854526,US
UNH,UnitedHealth Group Incorporated,Healthcare,Healthcare Plans,379.0899963378906,-5.449694710047996,-0.9256293771312132,35.478699381407495,US
UNHG,Leverage Shares 2X Long UNH Daily ETF,ETF,ETF,18.190000534057617,-11.120879084010388,-0.0922694302621407,34.39029658049567,US
UNHU,Direxion Daily Unh Bull 2X ETF,EQUITY,EQUITY,44.540000915527344,-11.097799856153168,-0.2221521986056909,34.64262107635149,US
UNHW,Roundhill UNH WeeklyPay ETF,ETF,ETF,44.900001525878906,-6.543335241330701,-0.1307253749306071,35.30996874449559,US
UNL,"United States 12 Month Natural Gas Fund, LP",ETF,ETF,5.820000171661377,-0.6825931901308381,-0.0005625535919163,42.5043312905156,US
UNOV,Innovator U.S. Equity Ultra Buffer ETF - November,ETF,ETF,41.165000915527344,-0.2423324260273197,0.005520621355461,58.34145778591584,US
UNP,Union Pacific Corporation,Industrials,Railroads,284.3999938964844,-1.6427460142712296,0.0858364106336146,36.08125520198446,US
UNPA,UNB Corp.,Financial Services,Banks - Regional,88.0,0.0,-0.001486405522768,23.0936863106688,US
UNTY,"Unity Bancorp, Inc.",Financial Services,Banks - Regional,60.130001068115234,2.0709577726415818,0.081926519143641,57.92219970985361,US
UNX,Tradr 2X Long U Daily ETF,ETF,ETF,102.49500274658205,9.464610987100194,0.7939274518871695,58.70347916971669,US
UOCT,Innovator U.S. Equity Ultra Buffer ETF October,ETF,ETF,42.15999984741211,0.16630956182098,0.0071760174461642,65.2180098263886,US
UPAL,ProShares Ultra Palladium K-1 Free ETF,ETF,ETF,23.71999931335449,-17.17877158220966,-0.0794815671244246,44.24432440290124,US
UPAR,UPAR Ultra Risk Parity ETF,ETF,ETF,15.9399995803833,-2.9587300444556432,-0.0142381162241231,38.59214953088849,US
UPBD,"Upbound Group, Inc.",Technology,Software - Application,18.309999465942383,-1.9282303635802869,0.0094891386751097,41.38648100641221,US
UPGD,Invesco Bloomberg Analyst Rating Improvers ETF,ETF,ETF,81.16000366210938,-1.8027802011630836,0.0423274188434826,39.98834880105345,US
UPGR,Xtrackers US Green Infrastructure Select Equity ETF,ETF,ETF,22.800899505615234,-3.463736794765923,-0.0269558619590069,37.98287447941728,US
UPLT,ProShares Ultra Platinum K-1 Free ETF,ETF,ETF,25.489999771118164,-4.638981639931675,-0.0576166028636804,48.95077592032739,US
UPRO,ProShares UltraPro S&P500,ETF,ETF,148.02000427246094,-3.714298844578216,0.0966136514434274,48.53153956820777,US
UPS,"United Parcel Service, Inc.",Industrials,Integrated Freight & Logistics,100.27999877929688,-3.1111122905344204,0.0188881646325306,39.29090761476254,US
UPSD,ETF Series Solutions - Aptus Large Cap Upside ETF,ETF,ETF,30.02899932861328,-2.233439103261116,0.0092757253551266,50.08182314881665,US
UPSX,Tradr 2X Long UPST Daily ETF,ETF,ETF,10.979999542236328,-20.029133952557167,0.0070658861508233,35.24945935458783,US
UPV,ProShares Ultra FTSE Europe,ETF,ETF,100.5999984741211,-3.805702129708459,0.0175840355852096,40.26166779333453,US
UPW,ProShares Ultra Utilities,ETF,ETF,20.59000015258789,-3.0145991683851974,-0.0213516033996784,37.6877938899756,US
UPWK,Upwork Inc.,Communication Services,Internet Content & Information,8.720000267028809,-5.114247386449709,0.0180582697765023,48.69495570886762,US
URA,Global X Uranium ETF,ETF,ETF,43.52999877929688,-4.748363123447358,-0.1639046504041978,44.7781788816166,US
URAN,Themes Uranium & Nuclear ETF,ETF,ETF,37.68000030517578,-5.124008157103093,-0.1391595325083754,40.85429912270444,US
URBN,"Urban Outfitters, Inc.",Consumer Cyclical,Apparel Retail,78.58000183105469,-2.482005404012315,0.0330645285278303,52.20622642171831,US
URE,ProShares Ultra Real Estate,ETF,ETF,65.8499984741211,-3.7843423069754336,0.0505728974214549,36.908815448827546,US
URGN,UroGen Pharma Ltd.,Healthcare,Biotechnology,42.310001373291016,-5.726380645409703,-0.0217927525279213,42.60620251773613,US
URI,"United Rentals, Inc.",Industrials,Rental & Leasing Services,989.1199951171876,-0.4779297114649211,0.496569443590424,36.5516790573662,US
URTH,iShares MSCI World ETF,ETF,ETF,207.69000244140625,-1.2598621007045274,0.0425985294910187,49.3623677913037,US
USA,Liberty All-Star Equity Fund,Financial Services,Asset Management,5.889999866485596,-1.3400322699757836,0.0016186625451099,45.35530122391992,US
USAF,Atlas America Fund,ETF,ETF,28.117000579833984,-0.7518508452018602,-0.0031128640061242,46.6323441834673,US
USAI,Pacer American Energy Infrastructure ETF,ETF,ETF,47.37900161743164,-1.3553969985646634,-0.0434607013594837,50.80728549007668,US
USAR,"USA Rare Earth, Inc.",Basic Materials,Other Industrial Metals & Mining,15.5600004196167,-12.040701244412864,-0.0664069879493579,37.55150130137831,US
USAX,Tradr 2X Long USAR Daily ETF,ETF,ETF,8.449999809265137,-23.460146390735744,-0.077411100820127,36.64902601849917,US
USB,U.S. Bancorp,Financial Services,Banks - Regional,62.84000015258789,-1.0860989138470452,0.0373157818737838,50.38691880048431,US
USCA,Xtrackers MSCI USA Climate Action Equity ETF,ETF,ETF,45.35900115966797,-1.2496408123537297,0.013999179921253,51.06366159491402,US
USD,ProShares Ultra Semiconductors,ETF,ETF,86.05999755859375,1.0449681915960745,-0.0881596915786236,49.24348225349873,US
USE,USCF Energy Commodity Strategy Absolute Return Fund,ETF,ETF,36.5629997253418,5.765114400090573,-0.0069976860318763,69.912903454186,US
USEP,Innovator U.S. Equity Ultra Buffer ETF - September,ETF,ETF,41.900001525878906,-0.6402576589752765,-0.002647827879027,49.6332436363634,US
USEW,Cambria US EW ETF,ETF,ETF,56.13600158691406,-1.3600391189128482,0.0116878269744332,45.46276196003572,US
USFD,US Foods Holding Corp.,Consumer Defensive,Food Distribution,95.33999633789062,-8.686914094525862,-0.1253309100152559,27.44888145553932,US
USFI,Brandywineglobal-U.S. Fixed Income ETF,ETF,ETF,24.059999465942383,-0.803956716434929,-0.005609676579517,34.532575358341106,US
USFR,WisdomTree Floating Rate Treasury Fund,ETF,ETF,50.459999084472656,0.1587892311658791,0.0022525370087165,96.31051486471638,US
USGG,Leverage Shares 2X Long USAR Daily ETF,ETF,ETF,5.070000171661377,-23.32123139085654,-0.0452073008064347,36.6294977814839,US
USHY,iShares Broad USD High Yield Corporate Bond ETF,ETF,ETF,36.36000061035156,-0.7099899757419832,-0.0063727910499805,35.77769836053177,US
USIG,iShares Broad USD Investment Grade Corporate Bond ETF,ETF,ETF,49.5,-1.0,-0.0146432859243123,32.08052569610291,US
USIN,Wisdomtree 7-10 Year Laddered Treasury Fund ETF,ETF,ETF,47.845001220703125,-1.4216516511347537,-0.0087281835670807,28.08444975286181,US
USLN,iShares Broad USD Floating Rate Loan ETF,ETF,ETF,50.57550048828125,0.1098575415967739,0.0043616335689757,60.14487521280407,US
USLV,Direxion Daily Silver Bull 2X ETF,EQUITY,EQUITY,15.760000228881836,-7.943928409366017,-0.0254897147444457,46.20414819986466,US
USMC,Principal U.S. Mega-Cap ETF,ETF,ETF,76.29000091552734,-1.0608507227878536,0.0134849755043192,54.00867358806113,US
USMV,iShares MSCI USA Min Vol Factor ETF,ETF,ETF,99.61000061035156,-2.16088498280932,0.0136769646530213,45.08111875454369,US
USNG,Amplify Samsung U.S. Natural Gas Infrastructure ETF,ETF,ETF,36.07500076293945,3.0272780001943573,0.0011087310133162,61.11409836728374,US
USOI,UBS ETRACS Crude Oil Shares Covered Call ETN,ETF,ETF,46.790000915527344,2.027911672041846,-0.0219953355480674,76.2152060452695,US
USOY,USOY,N/A,N/A,7.754000186920166,6.471307422655613,-0.002550999990803,68.47961508978861,US
USPH,"U.S. Physical Therapy, Inc.",Healthcare,Medical Care Facilities,78.72000122070312,0.1017317289872948,0.055144553324255,54.14762802245356,US
USRT,iShares Core U.S. REIT ETF,ETF,ETF,64.4800033569336,-1.871854732424904,0.0139217689670749,32.628567653052,US
USSG,Xtrackers MSCI USA Selection Equity ETF,ETF,ETF,71.05999755859375,-2.134696376158463,0.0044752279458676,47.19672492734495,US
USSH,Wisdomtree 1-3 Year Laddered Treasury Fund ETF,ETF,ETF,49.90499877929688,-0.4091036291313453,-0.0033143583611555,31.535074566826975,US
UST,ProShares Ultra 7-10 Year Treasury,ETF,ETF,39.68000030517578,-2.887910640111046,-0.0293995407780335,27.72193163588382,US
USVN,F/m US Treasury 7 Year Note ETF,ETF,ETF,46.14400100708008,-1.2687988335451117,-0.0151768768221152,27.99023639579501,US
UTHR,United Therapeutics Corporation,Healthcare,Drug Manufacturers - Specialty & Generic,497.1099853515625,1.4013534705528772,-0.0044496712333135,42.11814063699241,US
UTHY,F/m US Treasury 30 Year Bond ETF,ETF,ETF,38.20100021362305,-1.348034410790186,-0.0151300844825577,37.259730812902376,US
UTL,Unitil Corporation,Utilities,Utilities - Diversified,53.09000015258789,-1.15434545234242,-0.0258111421636307,44.2166424589665,US
UTRE,F/m US Treasury 3 Year Note ETF,ETF,ETF,48.38899993896485,-0.7099634083378393,-0.0098032376050837,27.786340819750592,US
UTWO,UTWO,N/A,N/A,47.59000015258789,-0.4289110246072126,-0.0057939640404289,32.12989699704636,US
UTZ,"Utz Brands, Inc.",Consumer Defensive,Packaged Foods,14.279999732971191,0.4219371646672927,0.0114875694110543,79.85679611130132,US
UUPP,Principal CLO ETF,ETF,ETF,25.1299991607666,0.1594221121381112,-0.0015308712057742,59.35509468928004,US
UUUG,Leverage Shares 2X Long UUUU Daily ETF,ETF,ETF,3.674000024795532,-19.4651427527386,-0.0435286768151176,37.98759576627228,US
UVE,"Universal Insurance Holdings, Inc.",Financial Services,Insurance - Property & Casualty,44.33000183105469,-0.9827979053162668,0.0105833322460457,57.70740179752945,US
UVSP,Univest Financial Corporation,Financial Services,Banks - Regional,42.880001068115234,1.2514819671552302,0.0238235965302381,56.63592959975328,US
UVV,Universal Corporation,Consumer Defensive,Tobacco,45.18000030517578,-1.7612553679689698,-0.0224998624323176,36.39457250524634,US
UVXY,ProShares Ultra VIX Short-Term Futures ETF,ETF,ETF,18.020000457763672,3.5037370229629,-0.0141119877459443,39.58000819381554,US
UX,Roundhill Uranium ETF,ETF,ETF,28.774999618530277,-3.8943267319233312,-0.0471113347594783,44.41703630168723,US
UXAP,FT Vest U.S. Equity Uncapped Ac,ETF,ETF,43.79600143432617,-1.327017932816462,0.0142195772476117,49.57189841025891,US
UXI,ProShares Ultra Industrials,ETF,ETF,54.09999847412109,-2.5576404393635253,0.095995367808598,35.794432742533616,US
UXJA,FT Vest U.S. Equity Uncapped Accelerator ETF - January,ETF,ETF,38.78799819946289,-1.3404564305086135,0.0127515301893226,49.59342303817171,US
UXJL,FT Vest U.S. Equity Uncapped Accelerator ETF - July,ETF,ETF,37.05899810791016,-1.270783245698074,0.0110390530925553,49.43939095757768,US
UXOC,FT Vest U.S. Equity Uncapped Accelerator ETF - October,ETF,ETF,39.76490020751953,-1.432958179974328,-0.0028679082768479,46.64014457822608,US
UXRP,ProShares Ultra XRP ETF,EQUITY,EQUITY,15.079999923706056,-15.707096488601966,-0.0917814652236335,53.32103239527903,US
UYG,ProShares Ultra Financials,ETF,ETF,95.88999938964844,-4.596560191412707,0.0255583345539081,46.80903540378227,US
V,Visa Inc.,Financial Services,Credit Services,370.4500122070313,-2.191415918935644,0.0970597004073012,50.663973515578725,US
VABS,Virtus Newfleet Securitized Income ETF,ETF,ETF,23.9950008392334,-0.5182421046879733,-0.0017820957654628,35.315576720174334,US
VAIE,Vegashares US Equity Autocallable Income ETF,EQUITY,EQUITY,24.11000061035156,-1.959554910738454,-0.0045229018409655,44.56041893384853,US
VAL,Valaris Limited,Energy,Oil & Gas Drilling,83.7300033569336,-6.697119066081831,-0.1643619332997721,46.80373259475371,US
VAMO,Cambria Value and Momentum ETF,ETF,ETF,36.645599365234375,-1.200831044730928,-0.0169873295651381,46.20504047319992,US
VAVX,VanEck Avalanche ETF,ETF,ETF,15.574000358581545,-0.8025442816199077,-0.0500568854500831,56.24800330324858,US
VAW,Vanguard Materials Index Fund ETF Shares,ETF,ETF,228.4499969482422,-3.2524489796973395,-0.1062775390075743,39.99931693270715,US
VBCG,Vanguard Target Maturity 2033 Corporate Bond ETF,ETF,ETF,72.87999725341797,-1.179664741128178,-0.0118950946011308,28.22753396490755,US
VBCH,Vanguard Target Maturity 2034 Corporate Bond ETF,ETF,ETF,72.85880279541016,-1.2351821731333812,-0.01104966954742,29.083629058913047,US
VBCI,Vanguard Target Maturity 2035 Corporate Bond ETF,ETF,ETF,72.51000213623047,-1.320088699494589,-0.0136873402883567,29.411061840635146,US
VBCJ,Vanguard Target Maturity 2036 Corporate Bond ETF,ETF,ETF,72.33999633789062,-1.3635124760476114,-0.0264088490676122,30.53826509256814,US
VBIL,Vanguard 0-3 Month Treasury Bill ETF,ETF,ETF,75.58999633789062,0.0926902779869833,0.0009162100842752,99.1199301140129,US
VBK,Vanguard Morningstar Small-Cap Growth ETF,ETF,ETF,340.69000244140625,-2.492842474879552,0.0683603189156802,38.13289600538654,US
VBND,Vident U.S. Bond Strategy ETF,ETF,ETF,42.3849983215332,-1.0851812582180689,-0.0090479613715044,31.53305118675124,US
VCLN,Virtus Duff & Phelps Clean Energy ETF,ETF,ETF,28.395000457763672,2.479429298824283,0.0075879658182059,53.407716319134735,US
VCLT,Vanguard Long-Term Corporate Bond Index Fund ETF Shares,ETF,ETF,70.6500015258789,-1.2440583984606413,-0.0306355854292904,35.88522762798395,US
VCOB,Voya Core Bond ETF,EQUITY,EQUITY,48.16400146484375,-1.0193143940068017,-0.0024736633475644,29.885446712062677,US
VCR,Vanguard Consumer Discretionary Index Fund ETF Shares,ETF,ETF,380.2099914550781,-2.7695419530453544,0.1796684586019679,40.92369313996099,US
VCRB,Vanguard Core Bond ETF,ETF,ETF,74.80000305175781,-1.0320174125430956,-0.0241969428235692,30.61120661025093,US
VCTR,"Victory Capital Holdings, Inc.",Financial Services,Asset Management,110.3000030517578,-2.3486324444327966,-0.0153691538889848,47.92225100438574,US
VCV,Invesco California Value Municipal Income Trust,Financial Services,Asset Management,9.869999885559082,-3.5190583850070087,-0.0017026690008332,16.800654438145898,US
VCYT,"Veracyte, Inc.",Healthcare,Diagnostics & Research,40.869998931884766,-8.506826489422862,-0.1399213659662348,37.93061824124199,US
VDC,Vanguard Consumer Staples Index Fund ETF Shares,ETF,ETF,225.2100067138672,-2.154925270250678,0.0620577880216594,39.83600759872073,US
VDE,Vanguard Energy Index Fund ETF Shares,ETF,ETF,183.6100006103516,0.7960018220749506,-0.0340317894874679,66.4967594490826,US
VDG,Vanguard Developed Markets ex US Growth Index ETF,ETF,ETF,81.12999725341797,-1.0851004950921002,0.0091466581784203,48.55967297721072,US
VDI,Virtus International Dividend ETF,ETF,ETF,37.005001068115234,-0.7003643544751194,0.0080898744132391,53.345940460466565,US
VDIG,Vanguard Wellington Dividend Growth Active ETF,ETF,ETF,62.41960144042969,-1.3768133237572624,0.0272912073685446,36.95853491131191,US
VDV,Vanguard Developed Markets ex US Value Index ETF,ETF,ETF,79.62999725341797,-0.6239860441011963,0.0047204467505875,54.972826728095285,US
VECO,Veeco Instruments Inc.,Technology,Semiconductor Equipment & Materials,44.83000183105469,5.358408072562985,0.0899713797858412,43.40571496067287,US
VEEV,Veeva Systems Inc.,Healthcare,Health Information Services,262.3999938964844,-7.729098603604589,-0.4505340943715055,56.91477983503049,US
VEFA,VanEck MSCI EAFE Analyst Sentiment ETF,ETF,ETF,83.75,-1.098252600170265,0.0161580774273079,50.6628980914108,US
VEGA,AdvisorShares STAR Global Buy-Write ETF,ETF,ETF,52.56999969482422,-1.4620408652405776,-0.0118808203717345,43.73584477159893,US
VEGI,iShares MSCI Agriculture Producers ETF,ETF,ETF,48.02000045776367,-2.3388199186632344,-0.0831248170638047,60.8526418895017,US
VEGN,US Vegan Climate ETF,ETF,ETF,77.29000091552734,0.496702291606009,0.0072061907632235,50.43087594138849,US
VELO,"Velo3D, Inc.",Technology,Computer Hardware,10.529999732971191,-9.067359219798872,-0.0012812346168494,38.61544841152257,US
VEM,Virtus Emerging Markets Dividend ETF,EQUITY,EQUITY,28.670000076293945,1.3074234954355055,-0.007971029370811,61.3026808795172,US
VEMY,Virtus Stone Harbor Emerging Markets High Yield Bond ETF,ETF,ETF,28.295000076293945,-0.8236964763255787,-0.0075349317653884,36.08631338554172,US
VERS,ProShares Metaverse ETF,ETF,ETF,72.66899871826172,3.821749430525904,0.1167867175797439,57.80226423594759,US
VERX,"Vertex, Inc.",Technology,Software - Application,12.260000228881836,-11.030475569984782,-0.0245414279991592,40.37871550262773,US
VETZ,Academy Veteran Bond ETF,ETF,ETF,19.145000457763672,-0.5712734759659699,-0.0031913571565588,39.16587228336011,US
VEXC,Vanguard Emerging Markets Ex-China ETF,ETF,ETF,97.36000061035156,-0.4193474959517855,-0.0414104118696374,56.73669047562197,US
VFC,V.F. Corporation,Consumer Cyclical,Apparel Manufacturing,13.170000076293944,0.9319383176843316,0.0347593222623195,40.07823210652537,US
VFDEF,Vanguard Funds Public Limited Company - Vanguard FTSE Developed Europe UCITS ETF,MUTUALFUND,MUTUALFUND,56.97999954223633,-3.521845212816633,-0.0902166456425002,50.36366877352594,US
VFH,Vanguard Financials Index Fund ETF Shares,ETF,ETF,139.67999267578125,-2.383118141995784,0.0170815787973083,47.200053488581695,US
VFLO,Victoryshares Free Cash Flow ETF,ETF,ETF,53.880001068115234,-3.7171144008308334,-0.0081077702629341,53.14503554810975,US
VFMF,Vanguard U.S. Multifactor ETF Shares,ETF,ETF,185.6199951171875,-1.276464791371651,0.0428201969297601,51.849062160849904,US
VFQY,VFQY,N/A,N/A,173.14700317382812,-2.078912196745123,0.0287712422709495,41.80347515419309,US
VFS,VinFast Auto Ltd.,Consumer Cyclical,Auto Manufacturers,3.2100000381469727,4.2207830409454505,0.0108971117881692,56.70094242866265,US
VFVA,Vanguard U.S. Value Factor ETF Shares,ETF,ETF,159.6750030517578,-2.422999482204498,0.0092078459273232,48.3340862655567,US
VG,"Venture Global, Inc.",Energy,Oil & Gas Midstream,15.800000190734863,9.116026866218194,0.0307812499489947,65.09394342251268,US
VGK,Vanguard FTSE Europe ETF,ETF,ETF,90.0199966430664,-1.874865119636544,0.00884309017283,41.82179518830389,US
VGLT,Vanguard Long-Term Treasury Index Fund ETF Shares,ETF,ETF,51.900001525878906,-1.5180250957854544,-0.0261365612399403,35.87802074407108,US
VGM,Invesco Trust for Investment Grade Municipals,Financial Services,Asset Management,9.770000457763672,-3.2673258538831256,-0.0029495075318865,24.255199285173333,US
VGMS,Vanguard Multi-Sector Income Bond ETF,ETF,ETF,50.310001373291016,-0.6908773690787385,-0.0103248646575607,33.76004463459519,US
VGRO,Virtus Silvant Growth Opportunities ETF,EQUITY,EQUITY,25.107999801635746,-1.2778703091452617,0.0102712874090258,45.22713088434914,US
VGSH,Vanguard Short-Term Treasury Index Fund ETF Shares,ETF,ETF,57.68999862670898,-0.3970986697296649,-0.0070762454158363,33.02888342730782,US
VGSR,Vert Global Sustainable Real Estate ETF,ETF,ETF,11.093999862670898,-1.66636883714789,0.0038375315088728,34.12139396182151,US
VGUS,Vanguard Ultra-Short Treasury ETF,ETF,ETF,75.51499938964844,0.0529988954435809,-0.0006305275318358,92.09079061528844,US
VHI,"Valhi, Inc.",Basic Materials,Chemicals,18.26000022888184,1.2195083269931264,-0.0155636505654406,62.27212968061984,US
VHT,Vanguard Health Care Index Fund ETF Shares,ETF,ETF,310.739990234375,-4.328817145016568,-0.1526330817005399,40.9363996530192,US
VIA,"Via Transportation, Inc.",Technology,Software - Application,25.76000022888184,-6.598983683317054,-0.0508724255323704,51.22301807608806,US
VICI,VICI Properties Inc.,Real Estate,REIT - Diversified,24.82999992370605,-3.196879949393169,-0.0025307917041486,31.634932097860016,US
VIGI,Vanguard International Dividend Appreciation Index Fund ETF Shares,ETF,ETF,96.98999786376952,-2.8351050287585067,0.0043925508886801,45.31337089997281,US
VIK,Viking Holdings Ltd,Consumer Cyclical,Travel Services,85.01000213623047,-0.6660430972524017,0.1381070884509285,34.9678059061889,US
VINP,Vinci Compass Investments Ltd.,Financial Services,Asset Management,9.4399995803833,-4.162444519877767,-0.0110834455499851,46.819033416262926,US
VIOG,Vanguard S&P Small-Cap 600 Growth Index Fund ETF Shares,ETF,ETF,143.22000122070312,-2.098566003366342,0.0311101262716237,34.77856123519737,US
VIOO,Vanguard S&P Small-Cap 600 Index Fund ETF Shares,ETF,ETF,131.80999755859375,-1.861365531563915,0.0181367858118987,37.67786961738373,US
VIPS,Vipshop Holdings Limited,Consumer Cyclical,Internet Retail,12.470000267028809,-4.663605965101644,0.0060411872065486,26.60242218822056,US
VIR,"Vir Biotechnology, Inc.",Healthcare,Biotechnology,10.619999885559082,-7.248907751373354,-0.0387130922341372,53.766322450759525,US
VIS,Vanguard Industrials Index Fund ETF Shares,ETF,ETF,331.1499938964844,-1.1138350847890726,0.2775891484478792,37.53002928829736,US
VITL,"Vital Farms, Inc.",Consumer Defensive,Farm Products,9.739999771118164,-3.5643623441049423,0.0054956918154338,32.636660717423624,US
VIXY,ProShares VIX Short-Term Futures ETF,ETF,ETF,17.299999237060547,2.0648876599837824,-0.0105648145187844,39.55145662526712,US
VKI,Invesco Advantage Municipal Income Trust II,Financial Services,Asset Management,8.479999542236328,-2.1914709617722896,-0.0028184539875708,27.87390743824008,US
VKQ,Invesco Municipal Trust,Financial Services,Asset Management,9.369999885559082,-2.1920672214967354,-0.0003708553086063,27.478137440998974,US
VKTX,"Viking Therapeutics, Inc.",Healthcare,Biotechnology,31.979999542236328,-5.885815264694303,-0.0581197519313598,41.50060657543051,US
VLGEA,"Village Super Market, Inc.",Consumer Defensive,Grocery Stores,43.22999954223633,-0.9168038415915304,0.0188783253658197,50.12216319662671,US
VLLU,Harbor AlphaEdge Large Cap Value ETF,ETF,ETF,27.01099967956543,0.0,-0.004204224156469,75.26601867474191,US
VLO,Valero Energy Corporation,Energy,Oil & Gas Refining & Marketing,390.4200134277344,5.322509605434202,-0.0093729783734879,78.66166944756077,US
VLTO,Veralto Corporation,Industrials,Pollution & Treatment Controls,94.0999984741211,-3.861870540831955,0.0058965108593813,40.58441088652935,US
VLU,State Street SPDR S&P 1500 Value Tilt ETF,ETF,ETF,247.16000366210935,-1.203179649385144,0.0688236027450622,50.74333919711508,US
VLUE,iShares MSCI USA Value Factor ETF,ETF,ETF,203.19000244140625,-0.3335423024807452,0.0191688289344709,55.8545431055847,US
VLY,Valley National Bancorp,Financial Services,Banks - Regional,13.800000190734863,-0.7194203635955471,0.0055562138617822,41.50474510844728,US
VMBS,Vanguard Mortgage-Backed Securities Index Fund ETF Shares,ETF,ETF,45.31999969482422,-1.3281093104691803,-0.0155120440250683,31.40626068176336,US
VMC,Vulcan Materials Company,Basic Materials,Building Materials,252.7400054931641,-2.8782250997013445,0.207240410324089,34.28728527264033,US
VMD,"Viemed Healthcare, Inc.",Healthcare,Medical Devices,8.789999961853027,-2.4417343112111243,0.0001118049522806,36.13198893215412,US
VMO,Invesco Municipal Opportunity Trust,Financial Services,Asset Management,9.380000114440918,-1.573972956277384,0.0036142807685467,35.879522225543866,US
VNET,"VNET Group, Inc.",Technology,Information Technology Services,6.329999923706055,2.926826431664778,-0.0011613625102713,43.010017582938175,US
VNGLF,Vanguard Funds Public Limited Company - Vanguard FTSE Developed Europe UCITS ETF,MUTUALFUND,MUTUALFUND,68.82150268554688,-2.4234762450304843,0.0015849912940676,39.20826728163347,US
VNIE,Vontobel International Equity Active ETF,ETF,ETF,24.851999282836918,-0.6317510779646478,0.0067499304242004,42.30756224235429,US
VNLA,Janus Henderson Short Duration Income ETF,ETF,ETF,48.77000045776367,-0.0614729093563034,-0.0014866984510263,58.06841967045869,US
VNM,VanEck Vietnam ETF,ETF,ETF,17.5,-2.234634788015244,-0.0357347085329823,44.5736127164128,US
VNO,Vornado Realty Trust,Real Estate,REIT - Office,35.439998626708984,-3.0104057505672457,0.0767572012270469,37.74738673315431,US
VNQI,Vanguard Global ex-U.S. Real Estate Index Fund ETF Shares,ETF,ETF,44.08000183105469,-2.456288624444098,-0.0147441757129689,35.085708790008496,US
VNSE,Natixis Vaughan Nelson Select ETF,ETF,ETF,41.49300003051758,-0.424761569967245,0.0318967602810569,47.66479961498705,US
VNT,Vontier Corporation,Technology,Scientific & Technical Instruments,32.16999816894531,-2.5742043520126803,0.0302357029358021,48.05058408200123,US
VOE,Vanguard Morningstar Mid-Cap Value ETF,ETF,ETF,205.3999938964844,-1.80236377370713,0.0370775719748044,45.35566477275874,US
VOLT,Tema Electrification ETF,ETF,ETF,36.540000915527344,2.152643130862884,0.0421611023531089,48.63321377306734,US
VONE,Vanguard Russell 1000 Index Fund ETF Shares,ETF,ETF,345.6300048828125,-1.228813729308649,0.082492686430043,49.622303926826525,US
VONV,Vanguard Russell 1000 Value Index Fund ETF Shares,ETF,ETF,112.08999633789062,-1.442017911400145,0.0422825340250478,50.08868090852575,US
VOOG,Vanguard S&P 500 Growth Index Fund ETF Shares,ETF,ETF,83.73999786376953,-1.028250490847522,0.0111384816272599,50.78384817028432,US
VOOV,Vanguard S&P 500 Value Index Fund ETF Shares,ETF,ETF,227.1999969482422,-1.3503541501972094,0.074643082611752,49.219172905355016,US
VOR,Vor Biopharma Inc.,Healthcare,Biotechnology,22.299999237060547,-8.003302608810738,-0.0772649919811286,46.93002809170663,US
VOT,Vanguard Morningstar Mid-Cap Growth ETF,ETF,ETF,294.989990234375,-1.6208156645702476,0.0853792419220809,41.1326960898987,US
VOTE,TCW Transform 500 ETF,ETF,ETF,90.14900207519533,-1.033037984988795,0.0248893019489767,50.57534091188272,US
VOX,Vanguard Communication Services Index Fund ETF Shares,ETF,ETF,190.88999938964844,0.2152476224830667,0.114239435029842,57.45319286170434,US
VOXP,Advisors Series Trust - Vox Populi ETF,ETF,ETF,39.88399887084961,-1.147548144397074,0.0098871551497058,52.15263504370895,US
VOYA,"Voya Financial, Inc.",Financial Services,Financial Conglomerates,103.41000366210938,-1.3827931907326796,-0.0051851257227852,59.700487359718565,US
VOYG,"Voyager Technologies, Inc.",Industrials,Aerospace & Defense,33.779998779296875,3.3659683716308857,0.0866982183855297,46.71194598327452,US
VPC,Virtus Private Credit ETF,ETF,ETF,15.460000038146973,-1.5913430897068797,-0.0031123330954556,44.95008772076686,US
VPG,"Vishay Precision Group, Inc.",Technology,Scientific & Technical Instruments,65.37000274658203,4.158706970763773,0.1747668923213918,43.66119118250575,US
VPL,Vanguard FTSE Pacific Index Fund ETF Shares,ETF,ETF,118.0999984741211,0.9919582764640948,0.0355683573045766,58.83821766984378,US
VPU,Vanguard Utilities Index Fund ETF Shares,ETF,ETF,183.19000244140625,-1.547807152925092,-0.1148907860530332,37.75067156827216,US
VRAI,Virtus Real Asset Income ETF,ETF,ETF,28.61989974975586,-0.5562923317230443,-0.0125447916031405,46.6258922858756,US
VRDN,"Viridian Therapeutics, Inc.",Healthcare,Biotechnology,21.239999771118164,-7.491286506704132,-0.0731992760259724,38.69467446514782,US
VREX,Varex Imaging Corporation,Healthcare,Medical Devices,18.459999084472656,-0.3239814892437692,-0.0014758169037136,85.84647388269269,US
VRNS,"Varonis Systems, Inc.",Technology,Software - Infrastructure,45.119998931884766,-2.988603396712864,-0.0883820954297054,54.32348522157766,US
VRP,Invesco Variable Rate Preferred ETF,ETF,ETF,24.040000915527344,-0.3729724341871821,-0.0038769905369075,40.91604175734236,US
VRRM,Verra Mobility Corporation,Technology,Information Technology Services,3.549999952316284,-15.47618777303186,-0.0065413808341706,23.69147636195736,US
VRSK,"Verisk Analytics, Inc.",Industrials,Consulting Services,176.1999969482422,-7.555093753487466,-0.0957484220049784,38.5223059215668,US
VRSN,"VeriSign, Inc.",Technology,Software - Infrastructure,292.7099914550781,-0.2181744111543176,0.283272220192674,56.155710309820165,US
VRT,Vertiv Holdings Co,Industrials,Electrical Equipment & Parts,257.0599975585937,-4.378227728143683,-0.4568754673010513,45.1431157341432,US
VRTL,GraniteShares 2x Long VRT Daily ETF,ETF,ETF,26.459999084472656,-10.577901493662177,-0.1111331402082829,43.20383722391611,US
VRTS,"Virtus Investment Partners, Inc.",Financial Services,Asset Management,147.41000366210938,-6.814589173098849,-0.2488427990248884,28.362819736624743,US
VRTX,Vertex Pharmaceuticals Incorporated,Healthcare,Biotechnology,515.4400024414062,-7.62062116581782,-0.6222202695737522,43.99425067117917,US
VSDA,VictoryShares Dividend Accelerator ETF,ETF,ETF,57.96599960327149,-2.677922610592665,0.0059629311143413,35.62761871747031,US
VSDB,Vanguard Short Duration Bond ETF Shares,ETF,ETF,75.22000122070312,-0.5421076921912947,-0.012359342072994,30.81326571969288,US
VSDM,Vanguard Short Duration Tax-Exe,ETF,ETF,75.375,-0.6065788752239094,-0.0011685343782188,24.59942772367145,US
VSEC,VSE Corporation,Industrials,Aerospace & Defense,194.97999572753903,-3.751607283454262,0.204650141698091,40.16502645837419,US
VSGX,Vanguard ESG International Stock ETF,ETF,ETF,82.87000274658203,-1.1923214108166382,-0.0078330461196824,50.401274382299256,US
VSH,"Vishay Intertechnology, Inc.",Technology,Semiconductors,33.209999084472656,9.409287006214328,0.1191909256635572,51.2399001643041,US
VSHY,Virtus Newfleet Short Duration High Yield Bond ETF,ETF,ETF,21.600000381469727,-0.3690033329333297,-0.0024401265942142,42.17121483964351,US
VSLU,Applied Finance Valuation Large Cap US ETF,ETF,ETF,48.5099983215332,-1.7419498257192505,0.0161491345274376,49.57056766134733,US
VSMV,VictoryShares US Multi-Factor Minimum Volatility ETF,ETF,ETF,61.1156005859375,-0.2424653306955629,0.031848244812788,54.558987621322,US
VSNT,"Versant Media Group, Inc.",Communication Services,Entertainment,37.18999862670898,-9.226269175906236,-0.0439912728896954,41.916735133139895,US
VSOL,VanEck Solana ETF,ETF,ETF,13.720000267028809,-2.9016266390053875,-0.0236189505515811,62.89859887081934,US
VSS,Vanguard FTSE All-World ex-US Small-Cap Index Fund ETF Shares,ETF,ETF,158.55999755859375,-1.3071119479943705,-0.0316319764254073,49.89190992080366,US
VST,Vistra Corp.,Utilities,Utilities - Independent Power Producers,148.3800048828125,2.884484556163072,-0.1410388571534284,54.4828880125874,US
VSTL,Defiance Daily Target 2X Long VST ETF,ETF,ETF,23.32999992370605,5.184849426092735,-0.0429284782357811,52.355332965774224,US
VSTS,Vestis Corporation,Industrials,Rental & Leasing Services,12.970000267028809,3.4290295572874974,-0.0078090236891672,46.24403659876384,US
VSXY,Victorias Secret & Co.,Consumer Cyclical,Apparel Retail,75.6500015258789,2.729497763294406,0.206242835698595,39.04320341848869,US
VTEC,Vanguard California Tax-Exempt Bond ETF,ETF,ETF,96.38999938964844,-0.8945123663100818,0.0016387691441969,22.4372976988812,US
VTEX,VTEX,Technology,Software - Application,3.5999999046325684,-0.2770080541232645,0.0053576243373879,42.14910582432493,US
VTG,Vanguard Total Treasury ETF,ETF,ETF,73.2020034790039,-0.9042902974699474,-0.0192071186668781,30.97077812401288,US
VTHR,Vanguard Russell 3000 Index Fund ETF Shares,ETF,ETF,337.1400146484375,-1.22175820807604,0.0852788455499325,49.37935522300793,US
VTIP,Vanguard Short-Term Inflation-Protected Securities Index Fund ETF Shares,ETF,ETF,49.5,-0.4624965701859429,-0.0117080438547218,32.72895238035784,US
VTOL,Bristow Group Inc.,Energy,Oil & Gas Equipment & Services,42.70000076293945,-2.2883294794998434,0.0045112261680118,38.66248504884252,US
VTP,Vanguard Total Inflation-Protected Securities ETF,ETF,ETF,74.42500305175781,-1.0568973092844112,-0.0330856967444953,28.840281811989087,US
VTR,"Ventas, Inc.",Real Estate,REIT - Healthcare Facilities,89.98999786376953,-2.3015988845230555,0.0135396328524213,43.00421663392461,US
VTS,"Vitesse Energy, Inc.",Energy,Oil & Gas E&P,18.76000022888184,7.754166532462066,0.0141031396916816,79.04717318127908,US
VTWO,Vanguard Russell 2000 Index Fund ETF Shares,ETF,ETF,116.76000213623048,-2.145489075713429,-0.0082625410117528,38.39084243726261,US
VUS,Virtus U.S. Dividend ETF,ETF,ETF,30.29199981689453,-0.5841795223866209,0.0067592924120367,51.82840773711973,US
VUSB,Vanguard Ultra-Short Bond ETF,ETF,ETF,49.54999923706055,-0.0605134991651983,-0.0017624899140112,54.17112177481696,US
VUSE,Vident U.S. Equity Strategy ETF,ETF,ETF,71.98999786376953,-1.5709841208577708,0.0162857959907399,43.038172131615084,US
VUSG,Vanguard Wellington U.S. Growth Active ETF,ETF,ETF,64.58000183105469,-2.092172942044245,-0.0329150019283298,46.71835496827347,US
VUSI,Voya Ultra Short Income ETF,EQUITY,EQUITY,50.10499954223633,-0.0099801797132711,0.0009808298488574,38.03289487204861,US
VUSV,Vanguard Wellington U.S. Value Active ETF,ETF,ETF,70.5250015258789,-2.206162083063031,0.0089073425763176,42.11685070057878,US
VVR,Invesco Senior Income Trust,Financial Services,Asset Management,2.900000095367432,-0.6849308357518121,-0.0027510942810809,41.912476228188666,US
VVV,Valvoline Inc.,Consumer Cyclical,Auto & Truck Dealerships,30.549999237060547,-3.597353353692429,0.031020159021583,27.81724452995425,US
VWOB,Vanguard Emerging Markets Government Bond Index Fund ETF Shares,ETF,ETF,64.87999725341797,-1.1277132919696615,-0.0210431604348812,33.553476096524875,US
VXX,iPath Series B S&P 500 VIX Short-Term Futures ETN,ETF,ETF,18.06999969482422,2.5539093879543686,-0.0072499861328394,40.20716109751863,US
VYLD,"Inverse VIX Short-Term Futures ETNs due March 22, 2045",ETF,ETF,30.8882999420166,-0.437404026224568,-0.0007274625359424,59.99142871611861,US
VYMI,Vanguard International High Dividend Yield Index Fund ETF Shares,ETF,ETF,105.5999984741211,-1.4281702777212202,-0.0055050322119274,55.579681615492646,US
VYX,NCR Voyix Corporation,Technology,Information Technology Services,8.550000190734863,-4.575891134671266,0.0030319915860834,51.81559306635237,US
VZ,Verizon Communications Inc.,Communication Services,Telecom Services,50.61000061035156,0.0395344093760568,0.0232693595241251,63.53044663156844,US
WAB,Westinghouse Air Brake Technologies Corporation,Industrials,Railroads,283.2200012207031,0.85105393395106,0.3916439921321364,44.83456693518154,US
WABC,Westamerica Bancorporation,Financial Services,Banks - Regional,59.09000015258789,0.0169233602290574,0.0195635254985294,53.07917687656752,US
WABF,Western Asset Bond ETF,ETF,ETF,24.09499931335449,-1.1892594332800694,-0.0047985556480208,30.951247361526228,US
WAGN,Pabrai Wagons ETF,ETF,ETF,15.539999961853027,-3.89610458545718,-0.0263858025674578,49.1701715573984,US
WAMA,Wisdomtree U.S. Adaptive Moving Average Fund,ETF,ETF,26.850000381469727,-1.1413824288806855,0.0077770784021162,51.160487001639375,US
WANT,Direxion Daily Cnsmr Discret Bull 3XShrs,ETF,ETF,36.68999862670898,-9.205645223335376,0.0485458571539398,39.27566279424647,US
WAT,Waters Corporation,Healthcare,Diagnostics & Research,408.3399963378906,-1.2622113481765238,0.3601744106896678,52.8822145204109,US
WBD,"Warner Bros. Discovery, Inc.",Communication Services,Entertainment,28.040000915527344,-1.1632002606418386,-0.0049567934818069,51.97980644831731,US
WBIF,WBI BullBear Value 3000 ETF,ETF,ETF,36.2224006652832,-1.9691477202512724,0.0133189800695301,44.16007610758807,US
WBIG,WBI BullBear Yield 3000 ETF,ETF,ETF,26.58989906311035,-1.2592438658015357,0.0145985064361455,47.31282621591838,US
WBIL,WBI BullBear Quality 3000 ETF,ETF,ETF,39.6432991027832,-2.2070628457710617,0.0089102272735874,41.54914615166304,US
WBIY,WBI Power Factor High Dividend ETF,ETF,ETF,37.584999084472656,-2.8961973857901997,0.0067541427922281,43.91234205057178,US
WBTN,WEBTOON Entertainment Inc.,Communication Services,Internet Content & Information,10.779999732971191,7.907907707235153,0.0174532316382467,62.12274312941051,US
WCAP,Warcap Unconstrained Equity ETF,EQUITY,EQUITY,9.260000228881836,-0.7502646880667233,0.003214128320504,47.249793171674426,US
WCBR,WisdomTree Cybersecurity Fund,ETF,ETF,39.119998931884766,-2.5653861889152028,-0.0184364530398366,47.28123899737639,US
WCCB,West Coast Community Bancorp,Financial Services,Banks - Regional,59.84999847412109,2.7467784963452253,-0.0366222316453741,84.62994236550651,US
WCEO,Hypatia Women Ceo ETF,ETF,ETF,38.29800033569336,-1.764735351830626,0.0182986962613299,42.891358049110224,US
WCLD,WisdomTree Cloud Computing Fund,ETF,ETF,38.77999877929688,-7.600672739157971,-0.0283553362475654,46.05947431897371,US
WCPB,Weitz Core Plus Bond ETF,EQUITY,EQUITY,24.725400924682617,-1.216938688001741,-0.0059015234231824,30.851683305631557,US
WD,"Walker & Dunlop, Inc.",Financial Services,Mortgage Finance,40.52999877929688,-2.8057601012861566,-0.0530462167447194,42.04721090903865,US
WDAF,WisdomTree Asia Defense Fund,ETF,ETF,31.06999969482422,0.9848197565782512,0.0353819029103314,50.61072058466745,US
WDAY,"Workday, Inc.",Technology,Software - Application,185.6999969482422,-10.255171761299502,-0.0937177128816362,49.42060503777503,US
WDC,Western Digital Corporation,Technology,Computer Hardware,447.1799926757813,1.302969991198587,-1.375057055637555,43.91793139510342,US
WDE,Principal Securitized Debt ETF,ETF,ETF,24.82999992370605,-0.1608400248392462,-0.0040627617940918,42.13878539089349,US
WDEF,WisdomTree Trust,EQUITY,EQUITY,28.770999908447266,-2.734956110025,0.0307407567464054,28.72873312452107,US
WDGF,WisdomTree Global Defense Fund,ETF,ETF,30.586000442504883,-2.573736001774538,0.0279952889724461,31.997937282017983,US
WDH,Waterdrop Inc.,Financial Services,Insurance - Diversified,1.0199999809265137,1.9999980926513672,-0.0012136774044151,47.34892088605064,US
WDIG,WisdomTree Efficient Rare Earth Plus Strategic Metals Fund,ETF,ETF,44.0099983215332,-5.618706168920812,-0.1461602277560759,43.68095271409325,US
WDIV,State Street SPDR S&P Global Dividend ETF,ETF,ETF,84.30000305175781,-1.2996142872711227,-0.0107591953850324,47.31492941410278,US
WDNA,WisdomTree BioRevolution Fund,ETF,ETF,22.138999938964844,-5.510031367459053,-0.0249229199867481,47.78483928244552,US
WDRN,"WisdomTree Physical AI, Humanoids, and Drones Fund",ETF,ETF,26.38999938964844,0.2659562904097756,0.0213318073696587,44.82325184108666,US
WDTE,Defiance S&P 500 Target 30 Weekly Distribution ETF,ETF,ETF,29.040000915527344,-0.5419417954433305,0.0110923358129616,54.3832943804158,US
WDTRF,WisdomTree Issuer ICAV - WisdomTree Japan Equity UCITS ETF,MUTUALFUND,MUTUALFUND,71.177001953125,-0.719173956665672,0.0634332894232668,50.6674073066208,US
WEAV,"Weave Communications, Inc.",Healthcare,Health Information Services,7.309999942779541,-0.2728510386723396,-0.0088537114540353,62.4856158429902,US
WEBL,Direxion Daily Dow Jones Internet Bull 3X Shares,ETF,ETF,28.71999931335449,-4.774537603922359,0.0305482797976381,51.92519196961182,US
WEBS,Direxion Daily Dow Jones Internet Bear 3X Shares,ETF,ETF,14.5600004196167,5.126353924848263,-0.0166111931511301,45.77033509902402,US
WEC,"WEC Energy Group, Inc.",Utilities,Utilities - Regulated Electric,105.33000183105467,-1.283969218717086,-0.0215008264074765,40.06001354938299,US
WEED,Roundhill Cannabis ETF,ETF,ETF,21.479999542236328,-3.1996438699114345,-0.0861430601777726,50.17721867406753,US
WEEI,Westwood Salient Enhanced Energy Income ETF,ETF,ETF,25.27899932861328,0.5329046268051922,-0.0040945021285869,68.11803570763078,US
WEEK,Roundhill Weekly T-Bill ETF,ETF,ETF,100.01499938964844,0.0530139167255625,-0.0015512399669357,77.7001994085272,US
WEEUF,WisdomTree Issuer ICAV - WisdomTree Europe Equity UCITS ETF,EQUITY,EQUITY,42.7599983215332,-0.9680927062050628,-0.0036923634164696,40.22422747572026,US
WELL,Welltower Inc.,Real Estate,REIT - Healthcare Facilities,235.6199951171875,-2.281021944002166,-0.0462700997637314,47.75462231497847,US
WEN,The Wendy's Company,Consumer Cyclical,Restaurants,7.630000114440918,-3.1725887864119326,0.0135776278190388,44.20595107451695,US
WENN,WENN,N/A,N/A,10.399999618530272,0.1347962583937758,0.0003788002567827,72.66115250823447,US
WEPN,Nicholas Defense and Rare Earth,EQUITY,EQUITY,42.776798248291016,-1.230270374632774,0.055436029321958,45.91903564976099,US
WEST,Westrock Coffee Company,Consumer Defensive,Packaged Foods,7.699999809265137,0.2604164241347407,0.0061926307025668,41.95686631196655,US
WEX,WEX Inc.,Technology,Software - Infrastructure,191.5200042724609,-1.7846131936097755,0.2881591046952447,52.92948576614027,US
WFC,Wells Fargo & Company,Financial Services,Banks - Diversified,90.29000091552734,1.2333203767358818,0.0226245472092121,61.71092502620176,US
WFHG,World Financial Holding Group,Financial Services,Shell Companies,11.0,0.0,0.0038914709708462,99.97754477330945,US
WFRD,Weatherford International plc,Energy,Oil & Gas Equipment & Services,88.8499984741211,-7.860626161014165,-0.282830661750941,44.117318898352174,US
WGO,"Winnebago Industries, Inc.",Consumer Cyclical,Recreational Vehicles,28.25,-4.837697110121325,-0.0088429479335851,38.0956654958866,US
WGS,GeneDx Holdings Corp.,Healthcare,Diagnostics & Research,85.26499938964844,-2.431628349744229,-0.0411199156704125,57.72906775850049,US
WH,"Wyndham Hotels & Resorts, Inc.",Consumer Cyclical,Lodging,69.30999755859375,-2.366530998352356,0.0367187216972033,35.2616717282648,US
WHD,"Cactus, Inc.",Energy,Oil & Gas Equipment & Services,69.54000091552734,-2.9313211781301765,0.0226287000369285,54.62125545004634,US
WIMA,Wisdomtree International Adaptive Moving Average Fund,ETF,ETF,43.28089904785156,-1.9907173971878185,-0.0081759379486692,45.43655913390387,US
WINA,Winmark Corporation,Consumer Cyclical,Specialty Retail,308.4700012207031,-2.813482308601948,0.2001702328484143,29.848445236743387,US
WING,Wingstop Inc.,Consumer Cyclical,Restaurants,117.0999984741211,6.184258043449084,0.4693127600499531,50.29490668683583,US
WIP,State Street SPDR FTSE International Government Inflation-Protected Bond ETF,ETF,ETF,39.4900016784668,-0.8038173418373962,-0.0072458292728177,50.88492618526996,US
WISE,Themes Generative Artificial Intelligence ETF,ETF,ETF,34.7130012512207,-2.0541198103985447,0.0177074872943191,41.78366649517368,US
WIW,Western Asset Inflation-Linked Opportunities & Income Fund,Financial Services,Asset Management,8.199999809265137,-0.9661826846140192,-0.0016379544726513,32.219268763293826,US
WKC,World Kinect Corporation,Energy,Oil & Gas Refining & Marketing,35.209999084472656,0.341974726027226,0.0064885783429079,42.9119646733424,US
WLDN,"Willdan Group, Inc.",Industrials,Engineering & Construction,82.19999694824219,-5.593204046917578,-0.1115135380978555,46.07100125984969,US
WLDR,Affinity World Leaders Equity ETF,ETF,ETF,48.66999816894531,1.100953024546238,0.0374240669464773,60.890956813736175,US
WLDU,Leverage Shares 2x Long World S,ETF,ETF,17.59000015258789,-2.548471489839062,0.0036523871763654,47.86947564121408,US
WLFC,Willis Lease Finance Corporation,Industrials,Rental & Leasing Services,56.16999816894531,1.1889747205344177,-0.0296358363835649,44.19701190663543,US
WLKP,Westlake Chemical Partners LP,Basic Materials,Chemicals,21.520000457763672,-1.8695843215074817,-0.0123341826819447,46.35426129738308,US
WLTG,WealthTrust DBS Long Term Growth ETF,ETF,ETF,38.43600082397461,-1.17755996103897,0.0070974964041289,48.51046910564527,US
WLTH,Wealthfront Corporation,Technology,Software - Application,10.380000114440918,11.254021428949628,0.0173063844909054,62.39968512928751,US
WM,"Waste Management, Inc.",Industrials,Waste Management,213.4600067138672,-3.299928815861745,-0.053972393604698,33.204681061849925,US
WMB,"The Williams Companies, Inc.",Energy,Oil & Gas Midstream,72.8499984741211,-0.9061108622156688,-0.0835198816742316,49.142233771850094,US
WMK,"Weis Markets, Inc.",Consumer Defensive,Grocery Stores,72.16000366210938,0.9795754080674496,0.0837624755755794,50.93609162019921,US
WMSB,Weitz Multisector Bond ETF,EQUITY,EQUITY,24.607999801635746,-0.9738453767366562,-0.0039011728661999,29.93074727805117,US
WMT,Walmart Inc.,Consumer Defensive,Discount Stores,107.1500015258789,-1.171367519382758,0.1002898915407328,47.28400763534096,US
WMTI,REX WMT Growth & Income ETF,ETF,ETF,19.030000686645508,-1.713095301306785,0.0222476921010124,42.69439353306024,US
WNC,Wabash National Corporation,Industrials,Farm & Heavy Construction Machinery,12.550000190734863,-11.991584927772882,-0.0571224211322719,46.02129928384456,US
WNTR,YieldMax MSTR Short Option Income Strategy ETF,ETF,ETF,18.440000534057617,7.238994961541308,0.077469074551234,39.42544802991991,US
WOMN,Impact Shares Women’s Empowerment ETF,ETF,ETF,44.91999816894531,-1.9856068639577296,0.0174098684607576,48.35105178896352,US
WOOD,iShares Global Timber & Forestry ETF,ETF,ETF,70.76000213623047,-0.6458846905199686,0.0098462680566442,44.58452345866731,US
WOOF,"Petco Health and Wellness Company, Inc.",Consumer Cyclical,Specialty Retail,2.450000047683716,-2.7777751497070007,0.0003417958666881,38.87534217887311,US
WPC,WPC,N/A,N/A,69.12000274658203,-1.6365361483162186,-0.0370672913330469,34.05971113041748,US
WR,Corgi U.S. War Machine ETF,ETF,ETF,27.03700065612793,-0.7816489683378727,-0.005381428036304,49.509115219168265,US
WRB,W. R. Berkley Corporation,Financial Services,Insurance - Property & Casualty,69.9000015258789,0.5755417638545414,0.0123415473407512,51.29109246697557,US
WRLD,World Acceptance Corporation,Financial Services,Credit Services,190.75,-0.4851798368723302,0.0180207749090442,51.931609575572935,US
WRND,NYLI Global Equity R&D Leaders ETF,ETF,ETF,42.70899963378906,-0.8220516308909427,0.0114026923462959,50.00327897028143,US
WS,"Worthington Steel, Inc.",Basic Materials,Steel,33.900001525878906,-5.807168811104447,-0.0411687847727586,41.58084112270788,US
WSC,WillScot Holdings Corporation,Industrials,Rental & Leasing Services,18.65999984741211,-4.1109931896084975,0.0020623457996009,26.303218665194564,US
WSDB,Weitz Short Duration Bond ETF,EQUITY,EQUITY,24.725000381469727,-0.5030181009301338,-0.0029467718918794,26.5706350885188,US
WSFS,WSFS Financial Corporation,Financial Services,Banks - Regional,79.7300033569336,1.2058956490951065,0.0417580737327556,53.31305748337946,US
WSGE,Warren Street Global Equity ETF,ETF,ETF,28.37070083618164,-1.8484685617417085,-0.0078680383192208,45.40749104865128,US
WSM,"Williams-Sonoma, Inc.",Consumer Cyclical,Specialty Retail,226.22999572753903,1.5577308790949174,0.2938013091486418,42.888864613983074,US
WSML,iShares MSCI World Small-Cap ETF,ETF,ETF,34.875999450683594,-2.143658675781981,-0.0020875834097911,42.34323867682158,US
WST,"West Pharmaceutical Services, Inc.",Healthcare,Medical Instruments & Supplies,346.2300109863281,1.0212120000601927,0.5062243930449104,51.85235045307626,US
WTAI,WisdomTree Artificial Intelligence and Innovation Fund,ETF,ETF,41.81999969482422,3.182829889909321,-0.0094965828494135,52.55466914214887,US
WTBA,"West Bancorporation, Inc.",Financial Services,Banks - Regional,29.3700008392334,1.2409534902145651,0.0222839803006087,61.43461415600611,US
WTBN,Wisdomtree Bianco Fixed Income Total Return Fund,ETF,ETF,24.395000457763672,-1.0224323768395387,-0.0070624542290629,32.800942340653805,US
WTI,"W&T Offshore, Inc.",Energy,Oil & Gas E&P,4.110000133514404,5.655527575253084,0.0002466347012159,61.532403462581655,US
WTIP,WisdomTree Inflation Plus Fund,ETF,ETF,37.05500030517578,0.365661275530679,-0.0334113108659804,56.82218525569328,US
WTLS,Wisdomtree Efficient Long/Short US Equity Fund,ETF,ETF,61.75,-1.778329245363102,-0.0142627736676524,47.73970078728484,US
WTM,"White Mountains Insurance Group, Ltd.",Financial Services,Insurance - Property & Casualty,2053.14990234375,-2.7970476070929,-0.4309089848142573,37.46152668498986,US
WTMF,WisdomTree Managed Futures Strategy Fund,ETF,ETF,42.119998931884766,0.2618438818055823,-0.0039138760332903,59.62397830742947,US
WTMU,Wisdomtree Core Laddered Municipal Fund,ETF,ETF,24.834999084472656,-0.9966115572025168,0.0002235560842432,22.833606793519664,US
WTMY,Wisdomtree High Income Laddered Municipal Fund,ETF,ETF,24.545000076293945,-1.1278979981483546,-0.0013933066187761,21.525440099288343,US
WTPI,WisdomTree Equity Premium Income Fund,ETF,ETF,32.93000030517578,-0.9624050972156954,0.0053330265826715,50.67180335236274,US
WTRE,WisdomTree New Economy Real Estate ETF,ETF,ETF,23.700000762939453,-0.4201616694398021,0.0038016429616187,45.9257589323796,US
WTV,WisdomTree U.S. Value Fund,ETF,ETF,107.55999755859376,-1.915015532906859,0.0067038801937483,49.80704320471153,US
WTW,Willis Towers Watson Public Limited Company,Financial Services,Insurance Brokers,315.6099853515625,-7.732565162782722,-0.0547155217140042,39.62295885671701,US
WULX,Tradr 2X Long WULF Daily ETF,ETF,ETF,16.729999542236328,3.52722586761348,-0.03252532640477,46.35686306100725,US
WVE,"Wave Life Sciences, Inc.",Healthcare,Biotechnology,4.590000152587891,-2.3404183221540378,-0.0050044232976819,33.88894014181446,US
WWD,"Woodward, Inc.",Industrials,Aerospace & Defense,337.260009765625,-1.547170665209444,0.1584967156067822,39.92283208948616,US
WWJD,Inspire International ETF,ETF,ETF,40.42900085449219,-1.7234664431272764,-0.0154745726310042,47.352258414666224,US
WWW,"Wolverine World Wide, Inc.",Consumer Cyclical,Footwear & Accessories,19.93000030517578,1.9437395547048095,0.0267752005687969,51.70816209587075,US
WXET,Teucrium 2x Daily Wheat ETF,ETF,ETF,24.018999099731445,-7.208812488509671,-0.107211854780433,50.635265182054255,US
WYFI,"WhiteFiber, Inc.",Technology,Information Technology Services,19.13999938964844,1.9169259309927789,0.0537522552589755,42.20494625335552,US
WYFL,Defiance Daily Target 2X Long Wyfi ETF,ETF,ETF,4.579999923706055,1.5520995847393508,0.0278911503314023,38.70907167380265,US
XA,Corgi AI Cybersecurity ETF,ETF,ETF,38.36000061035156,-2.9597728436006885,-0.0299485508619874,46.83235471176654,US
XAIX,Xtrackers Artificial Intelligence and Big Data ETF,ETF,ETF,57.297000885009766,0.559865633319209,0.0117802652564658,57.58166007488969,US
XAPR,FT Vest U.S. Equity Enhance & Moderate Buffer ETF - April,ETF,ETF,38.43000030517578,-0.2077331078788707,-0.001444927909146,56.54888860003994,US
XAR,State Street SPDR S&P Aerospace & Defense ETF,ETF,ETF,245.9600067138672,-3.138654822902378,0.2963307220338658,29.920165526430225,US
XAUG,FT Vest U.S. Equity Enhance & Moderate Buffer ETF - August,ETF,ETF,39.56999969482422,-0.4152533358319832,0.001480135800204,54.57846886292587,US
XB,BondBloxx B Rated USD High Yield Corporate Bond ETF,ETF,ETF,38.65510177612305,-0.7927803105859021,-0.0066701769746895,37.22487116067715,US
XBAP,Innovator U.S. Equity Accelerated 9 Buffer ETFTM – April,ETF,ETF,42.78620147705078,-0.1721864961498793,-0.0025882404726734,57.7452550739725,US
XBB,BondBloxx BB Rated USD High Yield Corporate Bond ETF,ETF,ETF,40.18999862670898,-1.0585926058167656,-0.01074806458452,34.809527397682544,US
XBCI,NEOS Boosted Bitcoin High Income ETF,ETF,ETF,36.86000061035156,-6.256355807643792,-0.0818565548452121,58.06346797166092,US
XBI,State Street SPDR S&P Biotech ETF,ETF,ETF,156.1999969482422,-4.976279165097902,-0.1918927734131728,42.20351029905473,US
XBIL,F/m US Treasury 6 Month Bill ETF,ETF,ETF,50.060001373291016,0.0299794283038122,-0.0010525427270946,85.6394202344703,US
XBJA,Innovator U.S. Equity Accelerated 9 Buffer ETF - January,ETF,ETF,34.53400039672852,-0.219590327312262,-0.0008384335093391,58.29037056399504,US
XBJL,Innovator U.S. Equity Accelerated 9 Buffer ETF - July,ETF,ETF,40.80509948730469,-0.4875053666709615,-0.0014815001393213,52.27268207936257,US
XBOC,Innovator U.S. Equity Accelerated 9 Buffer ETF - October,ETF,ETF,36.30500030517578,0.2070128729977445,0.0019849781213317,68.2935393188006,US
XBTY,GraniteShares YieldBOOST Bitcoin ETF,ETF,ETF,5.571000099182129,-0.0520133174624276,-0.0014080261133725,69.25860959778159,US
XC,WisdomTree True Emerging Markets Fund,ETF,ETF,32.266998291015625,-1.8345015529775817,-0.0139855395392952,46.533477890256535,US
XCHG,Ab US Equity ETF,ETF,ETF,27.42799949645996,-1.0498227484853335,0.0086078913857083,49.76441364643067,US
XCLR,Global X S&P 500 Collar 95-110 ETF,ETF,ETF,27.88800048828125,-1.183472582894174,0.0063283177506387,48.96034070518572,US
XCNY,State Street SPDR S&P Emerging Markets ex-China ETF,ETF,ETF,33.979000091552734,-0.2934313751279578,-0.0142449766938648,56.85783971003452,US
XCOR,Fundx ETF,ETF,ETF,88.59200286865234,-0.2465844861556092,0.0189557373658861,51.14829977819081,US
XDAT,Franklin Exponential Data ETF,ETF,ETF,26.201000213623047,-0.7537856355404946,0.0017778632965335,50.600843046218586,US
XDEC,FT Vest U.S. Equity Enhance & Moderate Buffer ETF - December,ETF,ETF,43.6525993347168,-0.0398416188642946,-0.0001427120855327,59.73139443540614,US
XDEF,Xtrackers Europe Defense Technologies ETF,ETF,ETF,21.770000457763672,-2.420434877208551,0.0244213749544956,31.017934255914295,US
XDIV,Roundhill S&P 500 No Dividend Target ETF,ETF,ETF,31.200000762939453,-1.012082699017908,0.0092986554974136,50.87109025667961,US
XDQQ,Innovator Growth-100 Accelerated ETF – Quarterly,ETF,ETF,39.20029830932617,-1.7930204687807612,-0.0189530408266202,44.810804605312256,US
XDSQ,Innovator U.S. Equity Accelerated ETF – Quarterly,ETF,ETF,44.31449890136719,-1.0351087092457467,-0.006157749263754,50.54492067058489,US
XE,"X-Energy, Inc.",Industrials,Specialty Industrial Machinery,14.93000030517578,-16.498875805676157,-0.1149300956840876,37.24779995476301,US
XEL,Xcel Energy Inc.,Utilities,Utilities - Regulated Electric,75.5,-1.1003358372886125,-0.000499300150071,40.46866568274089,US
XEMD,BondBloxx JP Morgan USD Emerging Markets 1-10 Year Bond ETF,ETF,ETF,43.93999862670898,-0.8126424752856265,-0.0128040442091712,37.375083734395794,US
XEML,Xtrackers Europe Market Leaders ETF,ETF,ETF,24.97800064086914,-3.3807777588328314,0.0010558330519287,29.885471107054656,US
XENE,Xenon Pharmaceuticals Inc.,Healthcare,Biotechnology,58.650001525878906,-2.897350920182009,0.0068408612801353,38.41402510222642,US
XERS,"Xeris Biopharma Holdings, Inc.",Healthcare,Drug Manufacturers - Specialty & Generic,7.449999809265137,-13.271249395488177,-0.0277540989788316,29.849033534259974,US
XES,State Street SPDR S&P Oil & Gas Equipment & Services ETF,ETF,ETF,121.88999938964844,-1.0231442311153285,-0.0757949355886089,54.44662873521656,US
XFEB,FT Vest U.S. Equity Enhance & Moderate Buffer ETF - February,ETF,ETF,38.09000015258789,-0.1834373561428772,0.0007643491515718,59.92537751138701,US
XHE,State Street SPDR S&P Health Care Equipment ETF,ETF,ETF,90.01000213623047,-4.529058865456904,-0.032963958228159,37.66569323329106,US
XHR,"Xenia Hotels & Resorts, Inc.",Real Estate,REIT - Hotel & Motel,17.639999389648438,-2.809918675486639,0.0170093628327612,28.30320128624409,US
XHS,State Street SPDR S&P Health Care Services ETF,ETF,ETF,135.94000244140625,-0.2714365224960517,0.040048238341494,53.93681634164427,US
XIDE,FT Vest U.S. Equity Buffer & Premium Income ETF - December,ETF,ETF,30.325000762939453,0.0494928975961428,8.562907213027077e-05,72.53890671997839,US
XIMR,FT Vest U.S. Equity Buffer & Premium Income ETF - March,ETF,ETF,31.31999969482422,-0.1275539373367867,-0.0015808972414165,61.730423750450456,US
XITK,State Street SPDR FactSet Innovative Technology ETF,ETF,ETF,193.58099365234372,-1.4644346427293489,0.1531729082813784,45.93489584584729,US
XJR,iShares ESG Select Screened S&P Small-Cap ETF,ETF,ETF,50.16999816894531,-1.760367484966497,0.0136368720228748,38.26414920710297,US
XJUN,FT Vest U.S. Equity Enhance & Moderate Buffer ETF - June,ETF,ETF,45.1515998840332,-0.4594372211511841,-0.0023269571787334,52.01809586604748,US
XLB,State Street Materials Select Sector SPDR ETF,ETF,ETF,50.95000076293945,-3.1736947982592745,-0.0155926940076238,39.138268415190645,US
XLBI,State Street Materials Select Sector SPDR Premium Income ETF,EQUITY,EQUITY,23.447200775146484,-3.5054900148936308,-0.0156866056535813,37.20292207886837,US
XLC,State Street Communication Services Select Sector SPDR ETF,ETF,ETF,112.5999984741211,-0.6879509597742216,0.0691955408514392,53.983059678275296,US
XLCI,State Street Communication Services Select Sector SPDR Premium Income ETF,EQUITY,EQUITY,24.20120048522949,2.175123040329398,0.0321780227094753,62.69940764308882,US
XLFI,State Street Financial Select Sector SPDR Premium Income ETF,EQUITY,EQUITY,24.18829917907715,-1.3447282596054158,8.138657819066475e-05,48.57044559909285,US
XLG,Invesco S&P 500 Top 50 ETF,ETF,ETF,62.900001525878906,-0.6162101185129806,0.0109264225100936,55.30130017658457,US
XLII,State Street Industrial Select Sector SPDR Premium Income ETF,EQUITY,EQUITY,24.38319969177246,-2.8170604085967983,-0.0005196356508501,33.70629309601368,US
XLKI,State Street Technology Select Sector SPDR Premium Income ETF,EQUITY,EQUITY,26.77899932861328,1.251510038424623,0.0108419285103959,59.29440220071705,US
XLP,State Street Consumer Staples Select Sector SPDR ETF,ETF,ETF,83.37999725341797,-2.2050256107296167,0.0146141330709174,40.41203334460908,US
XLRE,State Street Real Estate Select Sector SPDR ETF,ETF,ETF,43.41999816894531,-1.8757103526659609,0.0171435543998077,38.02314294008782,US
XLRI,State Street Real Estate Select Sector SPDR Premium Income ETF,EQUITY,EQUITY,22.807899475097656,-1.6646579502408485,0.0019284357704754,36.7339766822906,US
XLSI,State Street Consumer Staples Select Sector SPDR Premium Income ETF,EQUITY,EQUITY,23.171600341796875,-0.444250390668439,0.0200713811961049,47.05714392627659,US
XLSR,State Street US Sector Rotation ETF,ETF,ETF,65.83999633789062,-0.99248670993891,0.019830663829984,50.1136116050175,US
XLU,State Street Utilities Select Sector SPDR ETF,ETF,ETF,42.38999938964844,-1.4873330416090134,-0.0222185966963199,38.17626682942766,US
XLUI,State Street Utilities Select Sector SPDR Premium Income ETF,EQUITY,EQUITY,22.670000076293945,-2.056510127175804,-0.0186513280396648,34.92334460862031,US
XLVI,State Street Health Care Select Sector SPDR Premium Income ETF,EQUITY,EQUITY,25.709999084472656,-4.317088643581289,-0.0077784583756404,32.91903452272716,US
XLY,State Street Consumer Discretionary Select Sector SPDR ETF,ETF,ETF,112.95999908447266,-3.0053237399232016,0.0511140339531829,40.86320952595326,US
XMAG,Defiance Large Cap ex-Mag 7 ETF,ETF,ETF,25.709999084472656,-1.343055980976283,0.0046777130826893,44.186299998787554,US
XMAR,FT Vest U.S. Equity Enhance & Moderate Buffer ETF - March,ETF,ETF,43.415000915527344,-0.2068731189018442,-0.0023054730267158,58.36913508252911,US
XMAX,XMax Inc.,Consumer Cyclical,"Furnishings, Fixtures & Appliances",8.550000190734863,-1.3840817128386562,0.0057525995183555,42.009772634796384,US
XMAY,FT Vest U.S. Equity Enhance & Moderate Buffer ETF - May,ETF,ETF,36.709999084472656,-0.4609598121447835,-0.0035709248270022,51.57747730846916,US
XME,State Street SPDR S&P Metals & Mining ETF,ETF,ETF,113.62999725341795,-4.012502204938896,-0.2508123616164988,46.107405315785286,US
XMHQ,Invesco S&P MidCap Quality ETF,ETF,ETF,114.75,-3.0663941017393124,-0.0041126956652598,40.167543983488194,US
XMLV,Invesco S&P MidCap Low Volatility ETF,ETF,ETF,66.60040283203125,-1.4932669267950516,0.0027230266264621,36.16162878030566,US
XMMO,Invesco S&P MidCap Momentum ETF,ETF,ETF,152.1699981689453,-0.38622437752459,0.0407530047420714,41.43595190641878,US
XMPT,VanEck CEF Municipal Income ETF,ETF,ETF,20.56999969482422,-2.3730422745227826,-0.0016585732662167,22.31143658335989,US
XMTR,"Xometry, Inc.",Industrials,Industrial Distribution,86.11000061035156,-7.448409541039935,-0.1300887694806918,43.80754871916533,US
XMVM,Invesco S&P MidCap Value with Momentum ETF,ETF,ETF,74.55000305175781,-1.349737524395234,-0.0064864046249478,49.95100717840595,US
XNAV,FundX Aggressive ETF,ETF,ETF,91.39700317382812,0.5600328787214367,0.0278773143085832,50.25869900568606,US
XNCR,"Xencor, Inc.",Healthcare,Biotechnology,24.40999984741211,-8.302032014079128,-0.0276803268106398,48.34920888112592,US
XOCT,FT Vest U.S. Equity Enhance & Moderate Buffer ETF - October,ETF,ETF,40.22499847412109,-0.0496967531233456,-0.0010213216928305,65.85454053397592,US
XOEF,iShares S&P 500 ex S&P 100 ETF,ETF,ETF,29.607999801635746,-1.339554895635108,0.0095156120664801,42.00236919385174,US
XOEX,DBX ETF Trust - Xtrackers S&P 100 Ex Top 20 ETF,ETF,ETF,40.90299987792969,-2.063927988305918,0.0047865437694935,43.17772211243627,US
XOM,ExxonMobil Holdings Corporation,Energy,Oil & Gas Integrated,165.99000549316406,2.33031170879899,0.1576721358401234,61.95933192320064,US
XOMO,Yieldmax XOM Option Income Strategy ETF,ETF,ETF,11.119999885559082,2.4165123999520777,0.0147134195874951,58.89867949754342,US
XOMX,Direxion Daily XOM Bull 2X Shares,ETF,ETF,50.29800033569336,4.251038650463619,0.0881143753226687,60.66053689163678,US
XONE,Bondbloxx Bloomberg One Year Target Duration US Treasury ETF,ETF,ETF,49.15999984741211,-0.1016038162787189,-0.0029449172118747,50.1896641111819,US
XOP,State Street SPDR S&P Oil & Gas Exploration & Production ETF,ETF,ETF,195.72000122070312,1.762595204790909,-0.0483366275795669,70.17918803981965,US
XOVL,Defiance Daily Target 2X Long XOVR ETF,ETF,ETF,20.5,-4.250349621193966,-0.0059286187596336,51.57304349534151,US
XPAY,Roundhill S&P 500 Target 20 Managed Distribution ETF,ETF,ETF,51.93000030517578,-1.1779256968326588,0.0083044044368265,49.983208694584064,US
XPEL,"XPEL, Inc.",Consumer Cyclical,Auto Parts,47.20000076293945,-7.269156487270978,-0.1096902331926533,42.90872575699753,US
XPER,XPER,N/A,N/A,5.880000114440918,0.8576362159380408,0.01495456017012,35.40586179258629,US
XPO,"XPO, Inc.",Industrials,Trucking,182.17999267578125,-1.4177545090422774,-0.0346031899824996,36.53826098789014,US
XPRO,Expro Ltd,Energy,Oil & Gas Equipment & Services,17.579999923706055,-1.7877078304121952,-0.0156101511869194,49.33493762793559,US
XQQI,NEOS Boosted Nasdaq-100 High Income ETF,ETF,ETF,48.59999847412109,-0.12330738487293,0.0146862157530038,52.97113771095074,US
XRAY,DENTSPLY SIRONA Inc.,Healthcare,Medical Instruments & Supplies,10.460000038146973,-8.486441304726554,-0.0169615556388644,35.529882750246216,US
XRN,Chiron Real Estate Inc.,Real Estate,REIT - Healthcare Facilities,35.9900016784668,-1.4512562230382016,-0.0573256803940588,43.303258780975874,US
XRPC,Canary XRP ETF,ETF,ETF,14.460000038146973,-7.485605039842291,-0.0464553767931621,56.198830282948926,US
XRPI,XRP ETF,ETF,ETF,7.389999866485596,-7.728804739674532,-0.0236718859524212,55.71715278337692,US
XRPM,Amplify XRP 3% Monthly Option Income ETF,ETF,ETF,10.130000114440918,-6.377075784145949,-0.01423010677236,48.40040513472568,US
XRPZ,Franklin XRP ETF,EQUITY,EQUITY,14.779999732971191,-7.567229865334505,-0.0489830327869185,56.1149582368393,US
XRT,State Street SPDR S&P Retail ETF,ETF,ETF,84.79000091552734,-2.236829662535874,0.0435526595901946,41.02121560585459,US
XRX,Xerox Holdings Corporation,Industrials,Business Equipment & Supplies,3.430000066757202,3.939397464223305,0.0121126393554087,63.484455066615695,US
XSD,State Street SPDR S&P Semiconductor ETF,ETF,ETF,505.5700073242188,5.652850232296989,1.1308339377122092,51.66451167786735,US
XSEP,FT Vest U.S. Equity Enhance & Moderate Buffer ETF - September,ETF,ETF,45.13999938964844,-0.0110777894883692,0.000105417098841,67.80263854452403,US
XSHD,Invesco S&P SmallCap High Dividend Low Volatility ETF,ETF,ETF,13.765999794006348,-2.988018315117526,-0.0057805136673699,31.71207073602717,US
XSHQ,Invesco S&P SmallCap Quality ETF,ETF,ETF,46.95600128173828,-2.6213187618546736,0.007754960557073,38.18050220447692,US
XSLV,Invesco S&P SmallCap Low Volatility ETF,ETF,ETF,51.880001068115234,-1.5559766279944198,-0.000995028515897,37.3456495412996,US
XSMO,Invesco S&P SmallCap Momentum ETF,ETF,ETF,83.75,-0.7936486418827922,0.014153322771907,39.27024017506714,US
XSPI,NEOS Boosted S&P 500 High Income ETF,ETF,ETF,49.40999984741211,-1.0414589517031674,0.0150693175869591,53.04967859223228,US
XSVM,Invesco S&P SmallCap Value with Momentum ETF,ETF,ETF,69.12000274658203,-1.3276235041540718,-0.0015716076433467,43.0157972231666,US
XT,iShares Future Exponential Technologies ETF,ETF,ETF,81.20999908447266,-1.7898213970695156,0.0175140046203807,46.12066129783922,US
XTAP,Innovator U.S. Equity Accelerated Plus ETF – April,ETF,ETF,46.54499816894531,-0.2892076592713732,0.0016453589830524,60.273637460220165,US
XTEN,Bondbloxx Bloomberg Ten Year Target Duration US Treasury ETF,ETF,ETF,43.45000076293945,-1.5230516746988971,-0.0205103725074716,32.63245720622331,US
XTJA,Innovator U.S. Equity Accelerated Plus ETF - January,ETF,ETF,34.983001708984375,-0.302086097636201,-0.0005534577554408,56.919420715527785,US
XTJL,Innovator U.S. Equity Accelerated Plus ETF - July,ETF,ETF,42.28400039672852,-0.6718329813154209,0.0068808362571841,55.11441803852686,US
XTL,State Street SPDR S&P Telecom ETF,ETF,ETF,210.1699981689453,0.8783727864172314,0.2472161882529766,48.08935794589542,US
XTOC,Innovator U.S. Equity Accelerated Plus ETF - October,ETF,ETF,37.130001068115234,0.0404132802643513,0.0015602552208154,68.99748461223834,US
XTR,Global X S&P 500 Tail Risk ETF,ETF,ETF,28.854999542236328,-1.235624541132363,0.007442575538623,49.720523152390975,US
XTRE,Bondbloxx Bloomberg Three Year Target Duration US Treasury ETF,ETF,ETF,48.15999984741211,-0.7214976009713284,-0.0097981499764192,25.862788998286703,US
XTWO,Bondbloxx Bloomberg Two Year Target Duration US Treasury ETF,ETF,ETF,48.45500183105469,-0.4212865125364859,-0.0064312315248192,31.40610958801101,US
XTWY,Bondbloxx Bloomberg Twenty Year Target Duration US Treasury ETF,ETF,ETF,34.64899826049805,-1.6240379318733054,-0.0185541013120727,38.5210163915692,US
XUDV,Franklin U.S. Dividend Booster Index ETF,ETF,ETF,33.27149963378906,-1.6799660645254235,0.0084555743154731,48.09209060391079,US
XV,Simplify Target 15 Distribution ETF,ETF,ETF,24.6200008392334,-0.4850401495349006,0.0005784006530093,51.91282594213884,US
XVV,iShares ESG Select Screened S&P 500 ETF,ETF,ETF,58.505001068115234,-1.3323165953714875,0.0161240241651689,50.3162562027366,US
XXRP,Teucrium 2x Long Daily XRP ETF,ETF,ETF,30.959999084472656,-15.869565961040951,-0.19115887668567,53.0879358265428,US
XYL,Xylem Inc.,Industrials,Specialty Industrial Machinery,106.95999908447266,-0.8619893506691506,0.1120816956269266,37.12791388812585,US
XYLD,Global X S&P 500 Covered Call ETF,ETF,ETF,41.619998931884766,-0.1918509102901228,0.0080206956178363,61.56207816524714,US
XYLG,Global X S&P 500 Covered Call & Growth ETF,ETF,ETF,29.549999237060547,-0.3002824052349091,0.0083345489832325,55.9430533403312,US
XYZ,"Block, Inc.",Technology,Software - Infrastructure,79.20999908447266,-4.989808714237958,-0.032534212079588,45.77566808910446,US
XYZG,Leverage Shares 2X Long XYZ Daily ETF,ETF,ETF,16.783000946044922,-9.914107879356866,-0.0116274249644871,44.27896526802997,US
XZO,"Exzeo Group, Inc.",Financial Services,Insurance - Diversified,16.020000457763672,-4.415273037066863,-0.0003745445412082,47.00923879145362,US
YALA,Yalla Group Limited,Technology,Software - Application,5.5,0.3649631543230379,0.0035675133324208,51.49677194233137,US
YALL,Truth Social God Bless America ETF,ETF,ETF,43.650001525878906,-2.9784398812975463,-0.0059267014526954,46.83359194676472,US
YANG,Direxion Daily FTSE China Bear 3X Shares,ETF,ETF,31.09000015258789,7.615094528966083,0.0221331085500322,59.62998475430685,US
YB,Yuanbao Inc.,Technology,Software - Application,13.90999984741211,2.129221470556005,0.0225358507870488,53.47146139280181,US
YBTC,Roundhill Bitcoin Covered Call Strategy ETF,ETF,ETF,17.850000381469727,-4.118663455780389,-0.0162587635065278,52.05162597719831,US
YBTY,GraniteShares YieldBOOST TopYielders ETF,ETF,ETF,10.520000457763672,0.0904723316265085,-2.911598027524609e-06,45.39925368035598,US
YCL,ProShares Ultra Yen,ETF,ETF,19.190000534057617,2.2921124729720264,-0.0016110773524164,70.31028936015244,US
YCS,ProShares UltraShort Yen,ETF,ETF,51.16999816894531,-2.477612009745617,-0.0010725802885447,30.45319795488305,US
YDEC,FT Vest International Equity Moderate Buffer ETF – December,ETF,ETF,28.144500732421875,-0.8018434028573523,-0.0020463673430703,49.60033875073423,US
YELP,Yelp Inc.,Communication Services,Internet Content & Information,21.280000686645508,-3.927760482473963,0.0522369396725187,37.27816063694857,US
YEXT,"Yext, Inc.",Technology,Software - Infrastructure,6.400000095367432,-0.621117414559334,0.0066285395170488,55.621945863665374,US
YFFI,Indexperts Yield Focused Fixed Income ETF,ETF,ETF,9.6899995803833,-1.2232500927669396,-0.0023308482274452,32.87388187574423,US
YFYA,Yields for You Strategy A ETF,ETF,ETF,9.734999656677246,-0.2561533977284963,-0.0004957471387716,47.25655788771625,US
YINN,Direxion Daily FTSE China Bull 3X Shares,ETF,ETF,26.780000686645508,-7.7188137001524435,-0.0212007396761834,38.917710926692266,US
YJUN,FT Vest International Equity Moderate Buffer ETF – June,ETF,ETF,27.229999542236328,-1.4833569336678785,-0.009298328623052,43.08647028501389,US
YLD,Principal Active High Yield ETF,ETF,ETF,18.81999969482422,-0.4232800281520627,-0.0020918733299337,47.970382521185066,US
YLDE,Franklin ClearBridge Enhanced Income ETF,ETF,ETF,56.20100021362305,-1.917973888430156,0.0103765435848838,41.748214140083086,US
YLDW,Westwood Enhanced Income Opport,EQUITY,EQUITY,25.53350067138672,-0.9945724506981088,-0.0024689729737005,47.43261693749624,US
YMAR,FT Vest International Equity Moderate Buffer ETF - March,ETF,ETF,29.22520065307617,-0.7464732349332736,-0.002122192894968,49.58230680111901,US
YMM,Full Truck Alliance Co. Ltd.,Technology,Software - Application,8.170000076293945,-4.778553042632354,-0.0023506110109357,35.00354638969175,US
YNOT,Horizon Digital Frontier ETF,ETF,ETF,32.18000030517578,-2.9465909042536,-0.0597491254283923,46.63018369121311,US
YOKE,Yoke Core ETF,ETF,ETF,30.839399337768555,-2.539583225964728,-0.0071883384059951,36.53716298662671,US
YOLO,AdvisorShares Pure Cannabis ETF,ETF,ETF,2.944999933242798,-2.805281813517169,-0.010131516503363,49.08839682133301,US
YORW,The York Water Company,Utilities,Utilities - Regulated Water,33.16999816894531,-3.407111177762781,-0.0382845245281301,48.19446241605161,US
YOU,"Clear Secure, Inc.",Technology,Software - Application,42.22999954223633,-4.9624471579152685,-0.0445038954868048,33.50700631850873,US
YQQQ,YieldMax Short N100 Option Income Strategy ETF,ETF,ETF,9.744999885559082,0.7533349043627618,0.0006374048213715,56.507456217676136,US
YSEP,FT Vest International Equity Moderate Buffer ETF - September,ETF,ETF,28.399999618530277,-0.2108203368675356,0.0005621585812842,59.66943902352091,US
YSPY,GraniteShares YieldBOOST SPY ETF,ETF,ETF,15.0600004196167,0.5207851612575918,0.0032708850599922,66.96828564494007,US
YSWY,"Yesway, Inc.",Consumer Defensive,Grocery Stores,22.950000762939453,-4.494381576552582,-0.0021255015913629,46.4919645274519,US
YUM,"Yum! Brands, Inc.",Consumer Cyclical,Restaurants,140.8699951171875,-7.184855941857375,-0.3244541601010152,34.9323012498154,US
YXI,ProShares Short FTSE China 50,ETF,ETF,22.489999771118164,2.6003635622276406,0.0053025091693419,59.92057974765599,US
YYY,Amplify CEF High Income ETF,ETF,ETF,10.970000267028809,-1.7025052238451397,-0.003454681149758,26.61232315872472,US
Z,"Zillow Group, Inc.",Communication Services,Internet Content & Information,32.5,-8.036219978284075,0.0456352768415422,43.93211419708478,US
ZALT,Innovator U.S. Equity 10 Buffer ETF - Quarterly,ETF,ETF,34.41999816894531,-0.4770881014752516,-0.0038641669533896,50.31856440224882,US
ZAP,Global X U.S. Electrification ETF,ETF,ETF,31.81999969482422,0.4736331486230503,0.0050913686470241,46.17226833186721,US
ZAPR,Innovator Equity Defined Protec,ETF,ETF,26.93910026550293,-0.1515910949863876,-0.0013536985414559,58.32505154333796,US
ZAUG,Innovator Equity Defined Protection ETF - 1 Yr August,ETF,ETF,27.834999084472656,-0.3044448122815763,-0.0008067688640194,49.68315324660342,US
ZBIO,"Zenas BioPharma, Inc.",Healthcare,Biotechnology,31.1200008392334,-5.467792921719905,-0.0617650049886876,47.22951264406328,US
ZD,"Ziff Davis, Inc.",Communication Services,Advertising Agencies,56.220001220703125,-0.159829782264185,0.0445204552999433,57.69956888480407,US
ZDEK,Innovator Equity Defined Protection ETF - 1 Yr December,ETF,ETF,26.770700454711918,-0.0533858233401366,-9.954549359023068e-06,59.92355837267003,US
ZETA,Zeta Global Holdings Corp.,Technology,Software - Infrastructure,30.18000030517578,-7.649938729052142,-0.0681343618228531,56.81674739412769,US
ZFEB,Innovator Equity Defined Protection ETF - 1 Yr February,ETF,ETF,26.30430030822754,-0.0976058319520811,-0.0002307390191693,60.19935444099554,US
ZGN,Ermenegildo Zegna N.V.,Consumer Cyclical,Apparel Manufacturing,11.609999656677246,-8.221343819881147,0.0076272753978062,23.345618865688397,US
ZIG,The Acquirers Fund ETF,ETF,ETF,39.685001373291016,-3.1931456419870186,-0.0157380441939308,36.72952701234734,US
ZJAN,Innovator Equity Defined Protec,ETF,ETF,28.34499931335449,-0.0881266307342902,0.0003189072117694,59.50012724470567,US
ZJUL,Innovator Equity Defined Protection ETF - 1 Yr July,ETF,ETF,30.190200805664062,-0.2965649899111464,-0.0011595151676385,48.53606852273038,US
ZJUN,Innovator Equity Defined Protection ETF - 1 Yr June,ETF,ETF,27.649999618530277,-0.2884959431182268,0.0008702858243418,51.275478811803744,US
ZKP,ZKP,N/A,N/A,10.050000190734863,0.2993985189686003,0.0010795927191497,79.50790931183954,US
ZM,"Zoom Communications, Inc.",Technology,Software - Application,95.56999969482422,-2.6187076735352983,0.0580438241994488,44.83969419379999,US
ZMAR,Innovator Equity Defined Protection ETF - 1 Yr March,ETF,ETF,28.58699989318848,-0.0803939764851452,0.0002680018350686,62.65310058031219,US
ZMAY,Innovator Equity Defined Protection ETF - 1 Yr May,ETF,ETF,26.2455997467041,-0.2333959086583929,-0.0012232475594466,52.82787639835124,US
ZMUN,F/m Ultrashort Tax Free Municipal ETF,ETF,ETF,49.8650016784668,-0.1301795039289166,-0.000986011795852,45.807680759030845,US
ZNOG,"Zion Oil & Gas, Inc.",Energy,Oil & Gas E&P,0.4851000010967254,-1.0000017029898176,-0.0033103404677513,58.473528229410846,US
ZNOV,Innovator Equity Defined Protection ETF - 1 Yr November,ETF,ETF,27.849300384521484,-0.0742750415808148,-0.0001784590439992,59.95265768365517,US
ZOCT,Innovator Equity Defined Protection ETF - 1 Yr October,ETF,ETF,28.01449966430664,0.1054102315944439,0.0008004430704134,69.69412258897998,US
ZS,"Zscaler, Inc.",Technology,Software - Infrastructure,164.5399932861328,-7.457823137249887,0.1107502072645205,45.782789673933,US
ZSC,USCF Sustainable Commodity Strategy Fund,ETF,ETF,31.280000686645508,-1.5268336607019763,-0.0304729966896077,56.02422472429192,US
ZSEP,Innovator Equity Defined Protection ETF - 1 Yr September,ETF,ETF,27.81999969482422,-0.2867380817199773,-0.0020641067731607,51.65446595193722,US
ZSL,ProShares UltraShort Silver,ETF,ETF,24.520000457763672,7.543865255518638,0.032358358907967,50.089529414246726,US
ZSQR,Z Squared Inc.,Technology,Software - Infrastructure,3.069999933242798,0.9868411765204126,0.0066934677349264,36.60358123544528,US
ZTAX,X-Square Municipal Income Tax Free ETF,ETF,ETF,24.46299934387207,-2.296512343184413,-0.0242666824884024,34.011914786625624,US
ZTEN,F/M 10-Year Investment Grade Corporate Bond ETF,ETF,ETF,48.51530075073242,-1.2109546980819788,-0.0057247725113394,30.83429364734225,US
ZTOP,F/m High Yield 100 ETF,ETF,ETF,51.024200439453125,-0.6731526175232359,-0.0048694714680289,38.0897556768488,US
ZTS,Zoetis Inc.,Healthcare,Drug Manufacturers - Specialty & Generic,72.97000122070312,-4.3518149888349225,-0.0315456751557425,41.21704488884305,US
ZTWO,F/M 2-Year Investment Grade Corporate Bond ETF,ETF,ETF,50.02560043334961,-0.4267540564376241,-0.0039691003715092,33.11354952752869,US
ZURA,Zura Bio Limited,Healthcare,Biotechnology,5.210000038146973,-11.394558898875978,-0.0301823533704923,40.452528105461255,US
ZVOL,Volatility Shares Trust - Volatility Premium Plus ETF,ETF,ETF,7.96999979019165,0.1256250250848692,-0.001211932034858,68.95759906912653,US
ZVRA,"Zevra Therapeutics, Inc.",Healthcare,Biotechnology,12.010000228881836,-4.226473162547552,-0.0257684365745256,51.579877409494046,US
ZYME,Zymeworks Inc.,Healthcare,Biotechnology,26.239999771118164,-12.24080232142831,-0.1060452176433317,45.57256481385581,US
